wall_time,ros_time,tf_map__odom_stamp,tf_map__odom_x,tf_map__odom_y,tf_map__odom_z,tf_map__odom_yaw,tf_odom__base_footprint_stamp,tf_odom__base_footprint_x,tf_odom__base_footprint_y,tf_odom__base_footprint_z,tf_odom__base_footprint_yaw,tf_map__base_footprint_stamp,tf_map__base_footprint_x,tf_map__base_footprint_y,tf_map__base_footprint_z,tf_map__base_footprint_yaw,tf_map_ground__base_footprint_stamp,tf_map_ground__base_footprint_x,tf_map_ground__base_footprint_y,tf_map_ground__base_footprint_z,tf_map_ground__base_footprint_yaw,tf_odom_ground__base_footprint_stamp,tf_odom_ground__base_footprint_x,tf_odom_ground__base_footprint_y,tf_odom_ground__base_footprint_z,tf_odom_ground__base_footprint_yaw,status_stamp,status_converged,status_error,status_inlier,status_rel_x,status_rel_y,status_rel_yaw,hdl_odom_stamp,hdl_odom_x,hdl_odom_y,hdl_odom_z,hdl_odom_yaw,hdl_odom_vx,hdl_odom_vy,hdl_odom_wz,fastlio_odom_stamp,fastlio_odom_x,fastlio_odom_y,fastlio_odom_z,fastlio_odom_yaw,fastlio_odom_vx,fastlio_odom_vy,fastlio_odom_wz,robot_realpose_stamp,robot_realpose_x,robot_realpose_y,robot_realpose_z,robot_realpose_yaw,cmd_vx,cmd_vy,cmd_wz,plan_n,plan_len,local_plan_n,local_plan_len,goal_x,goal_y,goal_yaw,topic_fast_lio_cloud_registered_count,topic_fast_lio_cloud_registered_hz,topic_fast_lio_cloud_registered_stamp,topic_fast_lio_cloud_registered_age,topic_airy_points_filtered_count,topic_airy_points_filtered_hz,topic_airy_points_filtered_stamp,topic_airy_points_filtered_age,topic_airy_points_count,topic_airy_points_hz,topic_airy_points_stamp,topic_airy_points_age,topic_imu_standard_count,topic_imu_standard_hz,topic_imu_standard_stamp,topic_imu_standard_age,topic_airy_imu_count,topic_airy_imu_hz,topic_airy_imu_stamp,topic_airy_imu_age
0.233457,1778660051.961630,,,,,,,,,,,,,,,,,,,,,,,,,,,,,,,,,,,,,,,,,,,,,,,,,,,,,,,,,,,,,,,,0,,nan,,0,,nan,,0,,nan,,0,,nan,,0,,nan,
0.433456,1778660052.161630,,,,,,,,,,,,,,,,,,,,,,,,,,,,,,,,,,,,,,,,,,,,,,,,,,,,,,,,,,,,,,,,0,,nan,,0,,nan,,0,,nan,,0,,nan,,0,,nan,
0.633694,1778660052.361875,,,,,,,,,,,,,,,,,,,,,,,,,,,,,,,,,,,,,,,,,,,,,,,,,,,,,,,,,,,,,,,,0,,nan,,0,,nan,,0,,nan,,0,,nan,,0,,nan,
0.833470,1778660052.561641,,,,,,,,,,,,,,,,,,,,,,,,,,,,,,,,,,,,,,,,,,,,,,,,,,,,,,,,,,,,,,,,0,,nan,,0,,nan,,0,,nan,,0,,nan,,0,,nan,
1.033479,1778660052.761653,,,,,,,,,,,,,,,,,,,,,,,,,,,,,,,,,,,,,,,,,,,,,,,,,,,,,,,,,,,,,,,,0,,nan,,0,,nan,,0,,nan,,0,,nan,,0,,nan,
1.233458,1778660052.961629,,,,,,,,,,,,,,,,,,,,,,,,,,,,,,,,,,,,,,,,,,,,,,,,,,,,,,,,,,,,,,,,0,,nan,,0,,nan,,0,,nan,,0,,nan,,0,,nan,
1.433461,1778660053.161633,,,,,,,,,,,,,,,,,,,,,,,,,,,,,,,,,,,,,,,,,,,,,,,,,,,,,,,,,,,,,,,,0,,nan,,0,,nan,,0,,nan,,0,,nan,,0,,nan,
1.633451,1778660053.361623,,,,,,,,,,,,,,,,,,,,,,,,,,,,,,,,,,,,,,,,,,,,,,,,,,,,,,,,,,,,,,,,0,,nan,,0,,nan,,0,,nan,,0,,nan,,0,,nan,
1.833452,1778660053.561624,,,,,,,,,,,,,,,,,,,,,,,,,,,,,,,,,,,,,,,,,,,,,,,,,,,,,,,,,,,,,,,,0,,nan,,0,,nan,,0,,nan,,0,,nan,,0,,nan,
2.033512,1778660053.761683,,,,,,,,,,,,,,,,,,,,,,,,,,,,,,,,,,,,,,,,,,,,,,,,,,,,,,,,,,,,,,,,0,,nan,,0,,nan,,0,,nan,,0,,nan,,0,,nan,
2.233442,1778660053.961614,,,,,,,,,,,,,,,,,,,,,,,,,,,,,,,,,,,,,,,,,,,,,,,,,,,,,,,,,,,,,,,,0,,nan,,0,,nan,,0,,nan,,0,,nan,,0,,nan,
2.433435,1778660054.161607,,,,,,,,,,,,,,,,,,,,,,,,,,,,,,,,,,,,,,,,,,,,,,,,,,,,,,,,,,,,,,,,0,,nan,,0,,nan,,0,,nan,,0,,nan,,0,,nan,
2.633505,1778660054.361677,,,,,,,,,,,,,,,,,,,,,,,,,,,,,,,,,,,,,,,,,,,,,,,,,,,,,,,,,,,,,,,,0,,nan,,0,,nan,,0,,nan,,0,,nan,,0,,nan,
2.833544,1778660054.561716,,,,,,,,,,,,,,,,,,,,,,,,,,,,,,,,,,,,,,,,,,,,,,,,,,,,,,,,,,,,,,,,0,,nan,,0,,nan,,0,,nan,,0,,nan,,0,,nan,
3.033459,1778660054.761630,,,,,,,,,,,,,,,,,,,,,,,,,,,,,,,,,,,,,,,,,,,,,,,,,,,,,,,,,,,,,,,,0,,nan,,0,,nan,,0,,nan,,0,,nan,,0,,nan,
3.233462,1778660054.961634,,,,,,,,,,,,,,,,,,,,,,,,,,,,,,,,,,,,,,,,,,,,,,,,,,,,,,,,,,,,,,,,0,,nan,,0,,nan,,0,,nan,,0,,nan,,0,,nan,
3.433505,1778660055.161677,,,,,,,,,,,,,,,,,,,,,,,,,,,,,,,,,,,,,,,,,,,,,,,,,,,,,,,,,,,,,,,,0,,nan,,0,,nan,,0,,nan,,0,,nan,,0,,nan,
3.633461,1778660055.361633,,,,,,,,,,,,,,,,,,,,,,,,,,,,,,,,,,,,,,,,,,,,,,,,,,,,,,,,,,,,,,,,0,,nan,,0,,nan,,0,,nan,,0,,nan,,0,,nan,
3.833444,1778660055.561615,,,,,,,,,,,,,,,,,,,,,,,,,,,,,,,,,,,,,,,,,,,,,,,,,,,,,,,,,,,,,,,,0,,nan,,0,,nan,,0,,nan,,0,,nan,,0,,nan,
4.033498,1778660055.761669,,,,,,,,,,,,,,,,,,,,,,,,,,,,,,,,,,,,,,,,,,,,,,,,,,,,,,,,,,,,,,,,0,,nan,,0,,nan,,0,,nan,,0,,nan,,0,,nan,
4.233444,1778660055.961617,,,,,,,,,,,,,,,,,,,,,,,,,,,,,,,,,,,,,,,,,,,,,,,,,,,,,,,,,,,,,,,,0,,nan,,0,,nan,,0,,nan,,0,,nan,,0,,nan,
4.433519,1778660056.161690,,,,,,,,,,,,,,,,,,,,,,,,,,,,,,,,,,,,,,,,,,,,,,,,,,,,,,,,,,,,,,,,0,,nan,,0,,nan,,0,,nan,,0,,nan,,0,,nan,
4.633435,1778660056.361607,,,,,,,,,,,,,,,,,,,,,,,,,,,,,,,,,,,,,,,,,,,,,,,,,,,,,,,,,,,,,,,,0,,nan,,0,,nan,,0,,nan,,0,,nan,,0,,nan,
4.833465,1778660056.561636,,,,,,,,,,,,,,,,,,,,,,,,,,,,,,,,,,,,,,,,,,,,,,,,,,,,,,,,,,,,,,,,0,,nan,,0,,nan,,0,,nan,,0,,nan,,0,,nan,
5.033457,1778660056.761630,,,,,,,,,,,,,,,,,,,,,,,,,,,,,,,,,,,,,,,,,,,,,,,,,,,,,,,,,,,,,,,,0,,nan,,0,,nan,,0,,nan,,0,,nan,,0,,nan,
5.233477,1778660056.961648,,,,,,,,,,,,,,,,,,,,,,,,,,,,,,,,,,,,,,,,,,,,,,,,,,,,,,,,,,,,,,,,0,,nan,,0,,nan,,0,,nan,,0,,nan,,0,,nan,
5.433471,1778660057.161642,,,,,,,,,,,,,,,,,,,,,,,,,,,,,,,,,,,,,,,,,,,,,,,,,,,,,,,,,,,,,,,,0,,nan,,0,,nan,,0,,nan,,0,,nan,,0,,nan,
5.633468,1778660057.361639,,,,,,,,,,,,,,,,,,,,,,,,,,,,,,,,,,,,,,,,,,,,,,,,,,,,,,,,,,,,,,,,0,,nan,,0,,nan,,0,,nan,,0,,nan,,0,,nan,
5.833445,1778660057.561617,,,,,,,,,,,,,,,,,,,,,,,,,,,,,,,,,,,,,,,,,,,,,,,,,,,,,,,,,,,,,,,,0,,nan,,0,,nan,,0,,nan,,0,,nan,,0,,nan,
6.033638,1778660057.761833,,,,,,,,,,,,,,,,,,,,,,,,,,,,,,,,,,,,,,,,,,,,,,,,,,,,,,,,,,,,,,,,0,,nan,,0,,nan,,0,,nan,,0,,nan,,0,,nan,
6.233489,1778660057.961660,,,,,,,,,,,,,,,,,,,,,,,,,,,,,,,,,,,,,,,,,,,,,,,,,,,,,,,,,,,,,,,,0,,nan,,0,,nan,,0,,nan,,0,,nan,,0,,nan,
6.433443,1778660058.161616,,,,,,,,,,,,,,,,,,,,,,,,,,,,,,,,,,,,,,,,,,,,,,,,,,,,,,,,,,,,,,,,0,,nan,,0,,nan,,0,,nan,,0,,nan,,0,,nan,
6.633458,1778660058.361631,,,,,,,,,,,,,,,,,,,,,,,,,,,,,,,,,,,,,,,,,,,,,,,,,,,,,,,,,,,,,,,,0,,nan,,0,,nan,,0,,nan,,0,,nan,,0,,nan,
6.833444,1778660058.561616,,,,,,,,,,,,,,,,,,,,,,,,,,,,,,,,,,,,,,,,,,,,,,,,,,,,,,,,,,,,,,,,0,,nan,,0,,nan,,0,,nan,,0,,nan,,0,,nan,
7.033440,1778660058.761611,,,,,,,,,,,,,,,,,,,,,,,,,,,,,,,,,,,,,,,,,,,,,,,,,,,,,,,,,,,,,,,,0,,nan,,0,,nan,,0,,nan,,0,,nan,,0,,nan,
7.233459,1778660058.961632,,,,,,,,,,,,,,,,,,,,,,,,,,,,,,,,,,,,,,,,,,,,,,,,,,,,,,,,,,,,,,,,0,,nan,,0,,nan,,0,,nan,,0,,nan,,0,,nan,
7.433479,1778660059.161652,,,,,,,,,,,,,,,,,,,,,,,,,,,,,,,,,,,,,,,,,,,,,,,,,,,,,,,,,,,,,,,,0,,nan,,0,,nan,,0,,nan,,0,,nan,,0,,nan,
7.633532,1778660059.361704,,,,,,,,,,,,,,,,,,,,,,,,,,,,,,,,,,,,,,,,,,,,,,,,,,,,,,,,,,,,,,,,0,,nan,,0,,nan,,0,,nan,,0,,nan,,0,,nan,
7.833432,1778660059.561604,,,,,,,,,,,,,,,,,,,,,,,,,,,,,,,,,,,,,,,,,,,,,,,,,,,,,,,,,,,,,,,,0,,nan,,0,,nan,,0,,nan,,0,,nan,,0,,nan,
8.033465,1778660059.761637,,,,,,,,,,,,,,,,,,,,,,,,,,,,,,,,,,,,,,,,,,,,,,,,,,,,,,,,,,,,,,,,0,,nan,,0,,nan,,0,,nan,,0,,nan,,0,,nan,
8.233443,1778660059.961614,,,,,,,,,,,,,,,,,,,,,,,,,,,,,,,,,,,,,,,,,,,,,,,,,,,,,,,,,,,,,,,,0,,nan,,0,,nan,,0,,nan,,0,,nan,,0,,nan,
8.433478,1778660060.161652,,,,,,,,,,,,,,,,,,,,,,,,,,,,,,,,,,,,,,,,,,,,,,,,,,,,,,,,,,,,,,,,0,,nan,,0,,nan,,0,,nan,,0,,nan,,0,,nan,
8.633486,1778660060.361658,,,,,,,,,,,,,,,,,,,,,,,,,,,,,,,,,,,,,,,,,,,,,,,,,,,,,,,,,,,,,,,,0,,nan,,0,,nan,,0,,nan,,0,,nan,,0,,nan,
8.833439,1778660060.561611,,,,,,,,,,,,,,,,,,,,,,,,,,,,,,,,,,,,,,,,,,,,,,,,,,,,,,,,,,,,,,,,0,,nan,,0,,nan,,0,,nan,,0,,nan,,0,,nan,
9.033478,1778660060.761650,,,,,,,,,,,,,,,,,,,,,,,,,,,,,,,,,,,,,,,,,,,,,,,,,,,,,,,,,,,,,,,,0,,nan,,0,,nan,,0,,nan,,0,,nan,,0,,nan,
9.233456,1778660060.961627,,,,,,,,,,,,,,,,,,,,,,,,,,,,,,,,,,,,,,,,,,,,,,,,,,,,,,,,,,,,,,,,0,,nan,,0,,nan,,0,,nan,,0,,nan,,0,,nan,
9.433397,1778660061.161569,,,,,,,,,,,,,,,,,,,,,,,,,,,,,,,,,,,,,,,,,,,,,,,,,,,,,,,,,,,,,,,,0,,nan,,0,,nan,,0,,nan,,0,,nan,,0,,nan,
9.633531,1778660061.361702,,,,,,,,,,,,,,,,,,,,,,,,,,,,,,,,,,,,,,,,,,,,,,,,,,,,,,,,,,,,,,,,0,,nan,,0,,nan,,0,,nan,,0,,nan,,0,,nan,
9.833467,1778660061.561639,,,,,,,,,,,,,,,,,,,,,,,,,,,,,,,,,,,,,,,,,,,,,,,,,,,,,,,,,,,,,,,,0,,nan,,0,,nan,,0,,nan,,0,,nan,,0,,nan,
10.033506,1778660061.761680,,,,,,,,,,,,,,,,,,,,,,,,,,,,,,,,,,,,,,,,,,,,,,,,,,,,,,,,,,,,,,,,0,,nan,,0,,nan,,0,,nan,,0,,nan,,0,,nan,
10.233444,1778660061.961616,,,,,,,,,,,,,,,,,,,,,,,,,,,,,,,,,,,,,,,,,,,,,,,,,,,,,,,,,,,,,,,,0,,nan,,0,,nan,,0,,nan,,0,,nan,,0,,nan,
10.433441,1778660062.161612,,,,,,,,,,,,,,,,,,,,,,,,,,,,,,,,,,,,,,,,,,,,,,,,,,,,,,,,,,,,,,,,0,,nan,,0,,nan,,0,,nan,,0,,nan,,0,,nan,
10.633486,1778660062.361658,,,,,,,,,,,,,,,,,,,,,,,,,,,,,,,,,,,,,,,,,,,,,,,,,,,,,,,,,,,,,,,,0,,nan,,0,,nan,,0,,nan,,0,,nan,,0,,nan,
10.833472,1778660062.561644,,,,,,,,,,,,,,,,,,,,,,,,,,,,,,,,,,,,,,,,,,,,,,,,,,,,,,,,,,,,,,,,0,,nan,,0,,nan,,0,,nan,,0,,nan,,0,,nan,
11.033435,1778660062.761607,,,,,,,,,,,,,,,,,,,,,,,,,,,,,,,,,,,,,,,,,,,,,,,,,,,,,,,,,,,,,,,,0,,nan,,0,,nan,,0,,nan,,0,,nan,,0,,nan,
11.233479,1778660062.961653,,,,,,,,,,,,,,,,,,,,,,,,,,,,,,,,,,,,,,,,,,,,,,,,,,,,,,,,,,,,,,,,0,,nan,,0,,nan,,0,,nan,,0,,nan,,0,,nan,
11.433463,1778660063.161636,,,,,,,,,,,,,,,,,,,,,,,,,,,,,,,,,,,,,,,,,,,,,,,,,,,,,,,,,,,,,,,,0,,nan,,0,,nan,,0,,nan,,0,,nan,,0,,nan,
11.633500,1778660063.361672,,,,,,,,,,,,,,,,,,,,,,,,,,,,,,,,,,,,,,,,,,,,,,,,,,,,,,,,,,,,,,,,0,,nan,,0,,nan,,0,,nan,,0,,nan,,0,,nan,
11.833441,1778660063.561614,,,,,,,,,,,,,,,,,,,,,,,,,,,,,,,,,,,,,,,,,,,,,,,,,,,,,,,,,,,,,,,,0,,nan,,0,,nan,,0,,nan,,0,,nan,,0,,nan,
12.033476,1778660063.761650,,,,,,,,,,,,,,,,,,,,,,,,,,,,,,,,,,,,,,,,,,,,,,,,,,,,,,,,,,,,,,,,0,,nan,,0,,nan,,0,,nan,,0,,nan,,0,,nan,
12.233584,1778660063.961766,,,,,,,,,,,,,,,,,,,,,,,,,,,,,,,,,,,,,,,,,,,,,,,,,,,,,,,,,,,,,,,,0,,nan,,0,,nan,,0,,nan,,0,,nan,,0,,nan,
12.433496,1778660064.161668,,,,,,,,,,,,,,,,,,,,,,,,,,,,,,,,,,,,,,,,,,,,,,,,,,,,,,,,,,,,,,,,0,,nan,,0,,nan,,0,,nan,,0,,nan,,0,,nan,
12.633446,1778660064.361619,,,,,,,,,,,,,,,,,,,,,,,,,,,,,,,,,,,,,,,,,,,,,,,,,,,,,,,,,,,,,,,,0,,nan,,0,,nan,,0,,nan,,0,,nan,,0,,nan,
12.833443,1778660064.561615,,,,,,,,,,,,,,,,,,,,,,,,,,,,,,,,,,,,,,,,,,,,,,,,,,,,,,,,,,,,,,,,0,,nan,,0,,nan,,0,,nan,,0,,nan,,0,,nan,
13.033461,1778660064.761633,,,,,,,,,,,,,,,,,,,,,,,,,,,,,,,,,,,,,,,,,,,,,,,,,,,,,,,,,,,,,,,,0,,nan,,0,,nan,,0,,nan,,0,,nan,,0,,nan,
13.233464,1778660064.961635,,,,,,,,,,,,,,,,,,,,,,,,,,,,,,,,,,,,,,,,,,,,,,,,,,,,,,,,,,,,,,,,0,,nan,,0,,nan,,0,,nan,,0,,nan,,0,,nan,
13.433463,1778660065.161635,,,,,,,,,,,,,,,,,,,,,,,,,,,,,,,,,,,,,,,,,,,,,,,,,,,,,,,,,,,,,,,,0,,nan,,0,,nan,,0,,nan,,0,,nan,,0,,nan,
13.633440,1778660065.361612,,,,,,,,,,,,,,,,,,,,,,,,,,,,,,,,,,,,,,,,,,,,,,,,,,,,,,,,,,,,,,,,0,,nan,,0,,nan,,0,,nan,,0,,nan,,0,,nan,
13.833488,1778660065.561661,,,,,,,,,,,,,,,,,,,,,,,,,,,,,,,,,,,,,,,,,,,,,,,,,,,,,,,,,,,,,,,,0,,nan,,0,,nan,,0,,nan,,0,,nan,,0,,nan,
14.033439,1778660065.761612,,,,,,,,,,,,,,,,,,,,,,,,,,,,,,,,,,,,,,,,,,,,,,,,,,,,,,,,,,,,,,,,0,,nan,,0,,nan,,0,,nan,,0,,nan,,0,,nan,
14.233469,1778660065.961640,,,,,,,,,,,,,,,,,,,,,,,,,,,,,,,,,,,,,,,,,,,,,,,,,,,,,,,,,,,,,,,,0,,nan,,0,,nan,,0,,nan,,0,,nan,,0,,nan,
14.433436,1778660066.161608,,,,,,,,,,,,,,,,,,,,,,,,,,,,,,,,,,,,,,,,,,,,,,,,,,,,,,,,,,,,,,,,0,,nan,,0,,nan,,0,,nan,,0,,nan,,0,,nan,
14.633535,1778660066.361708,,,,,,,,,,,,,,,,,,,,,,,,,,,,,,,,,,,,,,,,,,,,,,,,,,,,,,,,,,,,,,,,0,,nan,,0,,nan,,0,,nan,,0,,nan,,0,,nan,
14.833469,1778660066.561641,,,,,,,,,,,,,,,,,,,,,,,,,,,,,,,,,,,,,,,,,,,,,,,,,,,,,,,,,,,,,,,,0,,nan,,0,,nan,,0,,nan,,0,,nan,,0,,nan,
15.033522,1778660066.761703,,,,,,,,,,,,,,,,,,,,,,,,,,,,,,,,,,,,,,,,,,,,,,,,,,,,,,,,,,,,,,,,0,,nan,,0,,nan,,0,,nan,,0,,nan,,0,,nan,
15.233538,1778660066.961711,,,,,,,,,,,,,,,,,,,,,,,,,,,,,,,,,,,,,,,,,,,,,,,,,,,,,,,,,,,,,,,,0,,nan,,0,,nan,,0,,nan,,0,,nan,,0,,nan,
15.433452,1778660067.161624,,,,,,,,,,,,,,,,,,,,,,,,,,,,,,,,,,,,,,,,,,,,,,,,,,,,,,,,,,,,,,,,0,,nan,,0,,nan,,0,,nan,,0,,nan,,0,,nan,
15.633453,1778660067.361625,,,,,,,,,,,,,,,,,,,,,,,,,,,,,,,,,,,,,,,,,,,,,,,,,,,,,,,,,,,,,,,,0,,nan,,0,,nan,,0,,nan,,0,,nan,,0,,nan,
15.833454,1778660067.561625,,,,,,,,,,,,,,,,,,,,,,,,,,,,,,,,,,,,,,,,,,,,,,,,,,,,,,,,,,,,,,,,0,,nan,,0,,nan,,0,,nan,,0,,nan,,0,,nan,
16.033499,1778660067.761670,,,,,,,,,,,,,,,,,,,,,,,,,,,,,,,,,,,,,,,,,,,,,,,,,,,,,,,,,,,,,,,,0,,nan,,0,,nan,,0,,nan,,0,,nan,,0,,nan,
16.233441,1778660067.961613,,,,,,,,,,,,,,,,,,,,,,,,,,,,,,,,,,,,,,,,,,,,,,,,,,,,,,,,,,,,,,,,0,,nan,,0,,nan,,0,,nan,,0,,nan,,0,,nan,
16.433435,1778660068.161606,,,,,,,,,,,,,,,,,,,,,,,,,,,,,,,,,,,,,,,,,,,,,,,,,,,,,,,,,,,,,,,,0,,nan,,0,,nan,,0,,nan,,0,,nan,,0,,nan,
16.633459,1778660068.361633,,,,,,,,,,,,,,,,,,,,,,,,,,,,,,,,,,,,,,,,,,,,,,,,,,,,,,,,,,,,,,,,0,,nan,,0,,nan,,0,,nan,,0,,nan,,0,,nan,
16.833494,1778660068.561666,,,,,,,,,,,,,,,,,,,,,,,,,,,,,,,,,,,,,,,,,,,,,,,,,,,,,,,,,,,,,,,,0,,nan,,0,,nan,,0,,nan,,0,,nan,,0,,nan,
17.033407,1778660068.761578,,,,,,,,,,,,,,,,,,,,,,,,,,,,,,,,,,,,,,,,,,,,,,,,,,,,,,,,,,,,,,,,0,,nan,,0,,nan,,0,,nan,,0,,nan,,0,,nan,
17.233455,1778660068.961626,,,,,,,,,,,,,,,,,,,,,,,,,,,,,,,,,,,,,,,,,,,,,,,,,,,,,,,,,,,,,,,,0,,nan,,0,,nan,,0,,nan,,0,,nan,,0,,nan,
17.433467,1778660069.161640,,,,,,,,,,,,,,,,,,,,,,,,,,,,,,,,,,,,,,,,,,,,,,,,,,,,,,,,,,,,,,,,0,,nan,,0,,nan,,0,,nan,,0,,nan,,0,,nan,
17.633481,1778660069.361655,,,,,,,,,,,,,,,,,,,,,,,,,,,,,,,,,,,,,,,,,,,,,,,,,,,,,,,,,,,,,,,,0,,nan,,0,,nan,,0,,nan,,0,,nan,,0,,nan,
17.833443,1778660069.561614,,,,,,,,,,,,,,,,,,,,,,,,,,,,,,,,,,,,,,,,,,,,,,,,,,,,,,,,,,,,,,,,0,,nan,,0,,nan,,0,,nan,,0,,nan,,0,,nan,
18.033497,1778660069.761669,,,,,,,,,,,,,,,,,,,,,,,,,,,,,,,,,,,,,,,,,,,,,,,,,,,,,,,,,,,,,,,,0,,nan,,0,,nan,,0,,nan,,0,,nan,,0,,nan,
18.233492,1778660069.961664,,,,,,,,,,,,,,,,,,,,,,,,,,,,,,,,,,,,,,,,,,,,,,,,,,,,,,,,,,,,,,,,0,,nan,,0,,nan,,0,,nan,,0,,nan,,0,,nan,
18.433525,1778660070.161697,,,,,,,,,,,,,,,,,,,,,,,,,,,,,,,,,,,,,,,,,,,,,,,,,,,,,,,,,,,,,,,,0,,nan,,0,,nan,,0,,nan,,0,,nan,,0,,nan,
18.633456,1778660070.361628,,,,,,,,,,,,,,,,,,,,,,,,,,,,,,,,,,,,,,,,,,,,,,,,,,,,,,,,,,,,,,,,0,,nan,,0,,nan,,0,,nan,,0,,nan,,0,,nan,
18.833472,1778660070.561643,,,,,,,,,,,,,,,,,,,,,,,,,,,,,,,,,,,,,,,,,,,,,,,,,,,,,,,,,,,,,,,,0,,nan,,0,,nan,,0,,nan,,0,,nan,,0,,nan,
19.033495,1778660070.761667,,,,,,,,,,,,,,,,,,,,,,,,,,,,,,,,,,,,,,,,,,,,,,,,,,,,,,,,,,,,,,,,0,,nan,,0,,nan,,0,,nan,,0,,nan,,0,,nan,
19.233460,1778660070.961631,,,,,,,,,,,,,,,,,,,,,,,,,,,,,,,,,,,,,,,,,,,,,,,,,,,,,,,,,,,,,,,,0,,nan,,0,,nan,,0,,nan,,0,,nan,,0,,nan,
19.433459,1778660071.161632,,,,,,,,,,,,,,,,,,,,,,,,,,,,,,,,,,,,,,,,,,,,,,,,,,,,,,,,,,,,,,,,0,,nan,,0,,nan,,0,,nan,,0,,nan,,0,,nan,
19.633441,1778660071.361614,,,,,,,,,,,,,,,,,,,,,,,,,,,,,,,,,,,,,,,,,,,,,,,,,,,,,,,,,,,,,,,,0,,nan,,0,,nan,,0,,nan,,0,,nan,,0,,nan,
19.833448,1778660071.561620,,,,,,,,,,,,,,,,,,,,,,,,,,,,,,,,,,,,,,,,,,,,,,,,,,,,,,,,,,,,,,,,0,,nan,,0,,nan,,0,,nan,,0,,nan,,0,,nan,
20.033607,1778660071.761787,,,,,,,,,,,,,,,,,,,,,,,,,,,,,,,,,,,,,,,,,,,,,,,,,,,,,,,,,,,,,,,,0,,nan,,0,,nan,,0,,nan,,0,,nan,,0,,nan,
20.233455,1778660071.961628,,,,,,,,,,,,,,,,,,,,,,,,,,,,,,,,,,,,,,,,,,,,,,,,,,,,,,,,,,,,,,,,0,,nan,,0,,nan,,0,,nan,,0,,nan,,0,,nan,
20.433455,1778660072.161626,,,,,,,,,,,,,,,,,,,,,,,,,,,,,,,,,,,,,,,,,,,,,,,,,,,,,,,,,,,,,,,,0,,nan,,0,,nan,,0,,nan,,0,,nan,,0,,nan,
20.633438,1778660072.361610,,,,,,,,,,,,,,,,,,,,,,,,,,,,,,,,,,,,,,,,,,,,,,,,,,,,,,,,,,,,,,,,0,,nan,,0,,nan,,0,,nan,,0,,nan,,0,,nan,
20.833461,1778660072.561633,,,,,,,,,,,,,,,,,,,,,,,,,,,,,,,,,,,,,,,,,,,,,,,,,,,,,,,,,,,,,,,,0,,nan,,0,,nan,,0,,nan,,0,,nan,,0,,nan,
21.033460,1778660072.761631,,,,,,,,,,,,,,,,,,,,,,,,,,,,,,,,,,,,,,,,,,,,,,,,,,,,,,,,,,,,,,,,0,,nan,,0,,nan,,0,,nan,,0,,nan,,0,,nan,
21.233444,1778660072.961616,,,,,,,,,,,,,,,,,,,,,,,,,,,,,,,,,,,,,,,,,,,,,,,,,,,,,,,,,,,,,,,,0,,nan,,0,,nan,,0,,nan,,0,,nan,,0,,nan,
21.433520,1778660073.161692,,,,,,,,,,,,,,,,,,,,,,,,,,,,,,,,,,,,,,,,,,,,,,,,,,,,,,,,,,,,,,,,0,,nan,,0,,nan,,0,,nan,,0,,nan,,0,,nan,
21.633452,1778660073.361623,,,,,,,,,,,,,,,,,,,,,,,,,,,,,,,,,,,,,,,,,,,,,,,,,,,,,,,,,,,,,,,,0,,nan,,0,,nan,,0,,nan,,0,,nan,,0,,nan,
21.833440,1778660073.561612,,,,,,,,,,,,,,,,,,,,,,,,,,,,,,,,,,,,,,,,,,,,,,,,,,,,,,,,,,,,,,,,0,,nan,,0,,nan,,0,,nan,,0,,nan,,0,,nan,
22.033442,1778660073.761614,,,,,,,,,,,,,,,,,,,,,,,,,,,,,,,,,,,,,,,,,,,,,,,,,,,,,,,,,,,,,,,,0,,nan,,0,,nan,,0,,nan,,0,,nan,,0,,nan,
22.233471,1778660073.961643,,,,,,,,,,,,,,,,,,,,,,,,,,,,,,,,,,,,,,,,,,,,,,,,,,,,,,,,,,,,,,,,0,,nan,,0,,nan,,0,,nan,,0,,nan,,0,,nan,
22.433506,1778660074.161678,,,,,,,,,,,,,,,,,,,,,,,,,,,,,,,,,,,,,,,,,,,,,,,,,,,,,,,,,,,,,,,,0,,nan,,0,,nan,,0,,nan,,0,,nan,,0,,nan,
22.633549,1778660074.361723,,,,,,,,,,,,,,,,,,,,,,,,,,,,,,,,,,,,,,,,,,,,,,,,,,,,,,,,,,,,,,,,0,,nan,,0,,nan,,0,,nan,,0,,nan,,0,,nan,
22.833462,1778660074.561634,,,,,,,,,,,,,,,,,,,,,,,,,,,,,,,,,,,,,,,,,,,,,,,,,,,,,,,,,,,,,,,,0,,nan,,0,,nan,,0,,nan,,0,,nan,,0,,nan,
23.033491,1778660074.761663,,,,,,,,,,,,,,,,,,,,,,,,,,,,,,,,,,,,,,,,,,,,,,,,,,,,,,,,,,,,,,,,0,,nan,,0,,nan,,0,,nan,,0,,nan,,0,,nan,
23.233468,1778660074.961640,,,,,,,,,,,,,,,,,,,,,,,,,,,,,,,,,,,,,,,,,,,,,,,,,,,,,,,,,,,,,,,,0,,nan,,0,,nan,,0,,nan,,0,,nan,,0,,nan,
23.433435,1778660075.161608,,,,,,,,,,,,,,,,,,,,,,,,,,,,,,,,,,,,,,,,,,,,,,,,,,,,,,,,,,,,,,,,0,,nan,,0,,nan,,0,,nan,,0,,nan,,0,,nan,
23.633516,1778660075.361688,,,,,,,,,,,,,,,,,,,,,,,,,,,,,,,,,,,,,,,,,,,,,,,,,,,,,,,,,,,,,,,,0,,nan,,0,,nan,,0,,nan,,0,,nan,,0,,nan,
23.833515,1778660075.561688,,,,,,,,,,,,,,,,,,,,,,,,,,,,,,,,,,,,,,,,,,,,,,,,,,,,,,,,,,,,,,,,0,,nan,,0,,nan,,0,,nan,,0,,nan,,0,,nan,
24.033512,1778660075.761684,,,,,,,,,,,,,,,,,,,,,,,,,,,,,,,,,,,,,,,,,,,,,,,,,,,,,,,,,,,,,,,,0,,nan,,0,,nan,,0,,nan,,0,,nan,,0,,nan,
24.233437,1778660075.961611,,,,,,,,,,,,,,,,,,,,,,,,,,,,,,,,,,,,,,,,,,,,,,,,,,,,,,,,,,,,,,,,0,,nan,,0,,nan,,0,,nan,,0,,nan,,0,,nan,
24.433457,1778660076.161629,,,,,,,,,,,,,,,,,,,,,,,,,,,,,,,,,,,,,,,,,,,,,,,,,,,,,,,,,,,,,,,,0,,nan,,0,,nan,,0,,nan,,0,,nan,,0,,nan,
24.633561,1778660076.361733,,,,,,,,,,,,,,,,,,,,,,,,,,,,,,,,,,,,,,,,,,,,,,,,,,,,,,,,,,,,,,,,0,,nan,,0,,nan,,0,,nan,,0,,nan,,0,,nan,
24.833447,1778660076.561618,,,,,,,,,,,,,,,,,,,,,,,,,,,,,,,,,,,,,,,,,,,,,,,,,,,,,,,,,,,,,,,,0,,nan,,0,,nan,,0,,nan,,0,,nan,,0,,nan,
25.033438,1778660076.761610,,,,,,,,,,,,,,,,,,,,,,,,,,,,,,,,,,,,,,,,,,,,,,,,,,,,,,,,,,,,,,,,0,,nan,,0,,nan,,0,,nan,,0,,nan,,0,,nan,
25.233475,1778660076.961647,,,,,,,,,,,,,,,,,,,,,,,,,,,,,,,,,,,,,,,,,,,,,,,,,,,,,,,,,,,,,,,,0,,nan,,0,,nan,,0,,nan,,0,,nan,,0,,nan,
25.433445,1778660077.161617,,,,,,,,,,,,,,,,,,,,,,,,,,,,,,,,,,,,,,,,,,,,,,,,,,,,,,,,,,,,,,,,0,,nan,,0,,nan,,0,,nan,,0,,nan,,0,,nan,
25.633470,1778660077.361642,,,,,,,,,,,,,,,,,,,,,,,,,,,,,,,,,,,,,,,,,,,,,,,,,,,,,,,,,,,,,,,,0,,nan,,0,,nan,,0,,nan,,0,,nan,,0,,nan,
25.833452,1778660077.561631,,,,,,,,,,,,,,,,,,,,,,,,,,,,,,,,,,,,,,,,,,,,,,,,,,,,,,,,,,,,,,,,0,,nan,,0,,nan,,0,,nan,,0,,nan,,0,,nan,
26.033521,1778660077.761693,,,,,,,,,,,,,,,,,,,,,,,,,,,,,,,,,,,,,,,,,,,,,,,,,,,,,,,,,,,,,,,,0,,nan,,0,,nan,,0,,nan,,0,,nan,,0,,nan,
26.233458,1778660077.961630,,,,,,,,,,,,,,,,,,,,,,,,,,,,,,,,,,,,,,,,,,,,,,,,,,,,,,,,,,,,,,,,0,,nan,,0,,nan,,0,,nan,,0,,nan,,0,,nan,
26.433475,1778660078.161648,,,,,,,,,,,,,,,,,,,,,,,,,,,,,,,,,,,,,,,,,,,,,,,,,,,,,,,,,,,,,,,,0,,nan,,0,,nan,,0,,nan,,0,,nan,,0,,nan,
26.633533,1778660078.361706,,,,,,,,,,,,,,,,,,,,,,,,,,,,,,,,,,,,,,,,,,,,,,,,,,,,,,,,,,,,,,,,0,,nan,,0,,nan,,0,,nan,,0,,nan,,0,,nan,
26.833476,1778660078.561649,,,,,,,,,,,,,,,,,,,,,,,,,,,,,,,,,,,,,,,,,,,,,,,,,,,,,,,,,,,,,,,,0,,nan,,0,,nan,,0,,nan,,0,,nan,,0,,nan,
27.033480,1778660078.761652,,,,,,,,,,,,,,,,,,,,,,,,,,,,,,,,,,,,,,,,,,,,,,,,,,,,,,,,,,,,,,,,0,,nan,,0,,nan,,0,,nan,,0,,nan,,0,,nan,
27.233443,1778660078.961615,,,,,,,,,,,,,,,,,,,,,,,,,,,,,,,,,,,,,,,,,,,,,,,,,,,,,,,,,,,,,,,,0,,nan,,0,,nan,,0,,nan,,0,,nan,,0,,nan,
27.433474,1778660079.161647,,,,,,,,,,,,,,,,,,,,,,,,,,,,,,,,,,,,,,,,,,,,,,,,,,,,,,,,,,,,,,,,0,,nan,,0,,nan,,0,,nan,,0,,nan,,0,,nan,
27.633452,1778660079.361624,,,,,,,,,,,,,,,,,,,,,,,,,,,,,,,,,,,,,,,,,,,,,,,,,,,,,,,,,,,,,,,,0,,nan,,0,,nan,,0,,nan,,0,,nan,,0,,nan,
27.833438,1778660079.561610,,,,,,,,,,,,,,,,,,,,,,,,,,,,,,,,,,,,,,,,,,,,,,,,,,,,,,,,,,,,,,,,0,,nan,,0,,nan,,0,,nan,,0,,nan,,0,,nan,
28.033451,1778660079.761624,,,,,,,,,,,,,,,,,,,,,,,,,,,,,,,,,,,,,,,,,,,,,,,,,,,,,,,,,,,,,,,,0,,nan,,0,,nan,,0,,nan,,0,,nan,,0,,nan,
28.233842,1778660079.962015,,,,,,,,,,,,,,,,,,,,,,,,,,,,,,,,,,,,,,,,,,,,,,,,,,,,,,,,,,,,,,,,0,,nan,,0,,nan,,0,,nan,,0,,nan,,0,,nan,
28.433552,1778660080.161724,,,,,,,,,,,,,,,,,,,,,,,,,,,,,,,,,,,,,,,,,,,,,,,,,,,,,,,,,,,,,,,,0,,nan,,0,,nan,,0,,nan,,0,,nan,,0,,nan,
28.633501,1778660080.361672,,,,,,,,,,,,,,,,,,,,,,,,,,,,,,,,,,,,,,,,,,,,,,,,,,,,,,,,,,,,,,,,0,,nan,,0,,nan,,0,,nan,,0,,nan,,0,,nan,
28.833453,1778660080.561627,,,,,,,,,,,,,,,,,,,,,,,,,,,,,,,,,,,,,,,,,,,,,,,,,,,,,,,,,,,,,,,,0,,nan,,0,,nan,,0,,nan,,0,,nan,,0,,nan,
29.033470,1778660080.761642,,,,,,,,,,,,,,,,,,,,,,,,,,,,,,,,,,,,,,,,,,,,,,,,,,,,,,,,,,,,,,,,0,,nan,,0,,nan,,0,,nan,,0,,nan,,0,,nan,
29.233541,1778660080.961714,,,,,,,,,,,,,,,,,,,,,,,,,,,,,,,,,,,,,,,,,,,,,,,,,,,,,,,,,,,,,,,,0,,nan,,0,,nan,,0,,nan,,0,,nan,,0,,nan,
29.433537,1778660081.161709,,,,,,,,,,,,,,,,,,,,,,,,,,,,,,,,,,,,,,,,,,,,,,,,,,,,,,,,,,,,,,,,0,,nan,,0,,nan,,0,,nan,,0,,nan,,0,,nan,
29.633466,1778660081.361639,,,,,,,,,,,,,,,,,,,,,,,,,,,,,,,,,,,,,,,,,,,,,,,,,,,,,,,,,,,,,,,,0,,nan,,0,,nan,,0,,nan,,0,,nan,,0,,nan,
29.833525,1778660081.561697,,,,,,,,,,,,,,,,,,,,,,,,,,,,,,,,,,,,,,,,,,,,,,,,,,,,,,,,,,,,,,,,0,,nan,,0,,nan,,0,,nan,,0,,nan,,0,,nan,
30.033435,1778660081.761606,,,,,,,,,,,,,,,,,,,,,,,,,,,,,,,,,,,,,,,,,,,,,,,,,,,,,,,,,,,,,,,,0,,nan,,0,,nan,,0,,nan,,0,,nan,,0,,nan,
30.233518,1778660081.961690,,,,,,,,,,,,,,,,,,,,,,,,,,,,,,,,,,,,,,,,,,,,,,,,,,,,,,,,,,,,,,,,0,,nan,,0,,nan,,0,,nan,,0,,nan,,0,,nan,
30.433448,1778660082.161619,,,,,,,,,,,,,,,,,,,,,,,,,,,,,,,,,,,,,,,,,,,,,,,,,,,,,,,,,,,,,,,,0,,nan,,0,,nan,,0,,nan,,0,,nan,,0,,nan,
30.633511,1778660082.361685,,,,,,,,,,,,,,,,,,,,,,,,,,,,,,,,,,,,,,,,,,,,,,,,,,,,,,,,,,,,,,,,0,,nan,,0,,nan,,0,,nan,,0,,nan,,0,,nan,
30.833483,1778660082.561655,,,,,,,,,,,,,,,,,,,,,,,,,,,,,,,,,,,,,,,,,,,,,,,,,,,,,,,,,,,,,,,,0,,nan,,0,,nan,,0,,nan,,0,,nan,,0,,nan,
31.033455,1778660082.761626,,,,,,,,,,,,,,,,,,,,,,,,,,,,,,,,,,,,,,,,,,,,,,,,,,,,,,,,,,,,,,,,0,,nan,,0,,nan,,0,,nan,,0,,nan,,0,,nan,
31.233480,1778660082.961653,,,,,,,,,,,,,,,,,,,,,,,,,,,,,,,,,,,,,,,,,,,,,,,,,,,,,,,,,,,,,,,,0,,nan,,0,,nan,,0,,nan,,0,,nan,,0,,nan,
31.433434,1778660083.161606,,,,,,,,,,,,,,,,,,,,,,,,,,,,,,,,,,,,,,,,,,,,,,,,,,,,,,,,,,,,,,,,0,,nan,,0,,nan,,0,,nan,,0,,nan,,0,,nan,
31.633452,1778660083.361624,,,,,,,,,,,,,,,,,,,,,,,,,,,,,,,,,,,,,,,,,,,,,,,,,,,,,,,,,,,,,,,,0,,nan,,0,,nan,,0,,nan,,0,,nan,,0,,nan,
31.833511,1778660083.561683,,,,,,,,,,,,,,,,,,,,,,,,,,,,,,,,,,,,,,,,,,,,,,,,,,,,,,,,,,,,,,,,0,,nan,,0,,nan,,0,,nan,,0,,nan,,0,,nan,
32.033530,1778660083.761702,,,,,,,,,,,,,,,,,,,,,,,,,,,,,,,,,,,,,,,,,,,,,,,,,,,,,,,,,,,,,,,,0,,nan,,0,,nan,,0,,nan,,0,,nan,,0,,nan,
32.233531,1778660083.961710,,,,,,,,,,,,,,,,,,,,,,,,,,,,,,,,,,,,,,,,,,,,,,,,,,,,,,,,,,,,,,,,0,,nan,,0,,nan,,0,,nan,,0,,nan,,0,,nan,
32.433465,1778660084.161637,,,,,,,,,,,,,,,,,,,,,,,,,,,,,,,,,,,,,,,,,,,,,,,,,,,,,,,,,,,,,,,,0,,nan,,0,,nan,,0,,nan,,0,,nan,,0,,nan,
32.633459,1778660084.361630,,,,,,,,,,,,,,,,,,,,,,,,,,,,,,,,,,,,,,,,,,,,,,,,,,,,,,,,,,,,,,,,0,,nan,,0,,nan,,0,,nan,,0,,nan,,0,,nan,
32.833442,1778660084.561615,,,,,,,,,,,,,,,,,,,,,,,,,,,,,,,,,,,,,,,,,,,,,,,,,,,,,,,,,,,,,,,,0,,nan,,0,,nan,,0,,nan,,0,,nan,,0,,nan,
33.033473,1778660084.761645,,,,,,,,,,,,,,,,,,,,,,,,,,,,,,,,,,,,,,,,,,,,,,,,,,,,,,,,,,,,,,,,0,,nan,,0,,nan,,0,,nan,,0,,nan,,0,,nan,
33.233714,1778660084.961885,,,,,,,,,,,,,,,,,,,,,,,,,,,,,,,,,,,,,,,,,,,,,,,,,,,,,,,,,,,,,,,,0,,nan,,0,,nan,,0,,nan,,0,,nan,,0,,nan,
33.433586,1778660085.161757,,,,,,,,,,,,,,,,,,,,,,,,,,,,,,,,,,,,,,,,,,,,,,,,,,,,,,,,,,,,,,,,0,,nan,,0,,nan,,0,,nan,,0,,nan,,0,,nan,
33.633437,1778660085.361608,,,,,,,,,,,,,,,,,,,,,,,,,,,,,,,,,,,,,,,,,,,,,,,,,,,,,,,,,,,,,,,,0,,nan,,0,,nan,,0,,nan,,0,,nan,,0,,nan,
33.833529,1778660085.561702,,,,,,,,,,,,,,,,,,,,,,,,,,,,,,,,,,,,,,,,,,,,,,,,,,,,,,,,,,,,,,,,0,,nan,,0,,nan,,0,,nan,,0,,nan,,0,,nan,
34.033519,1778660085.761692,,,,,,,,,,,,,,,,,,,,,,,,,,,,,,,,,,,,,,,,,,,,,,,,,,,,,,,,,,,,,,,,0,,nan,,0,,nan,,0,,nan,,0,,nan,,0,,nan,
34.233470,1778660085.961643,,,,,,,,,,,,,,,,,,,,,,,,,,,,,,,,,,,,,,,,,,,,,,,,,,,,,,,,,,,,,,,,0,,nan,,0,,nan,,0,,nan,,0,,nan,,0,,nan,
34.433477,1778660086.161650,,,,,,,,,,,,,,,,,,,,,,,,,,,,,,,,,,,,,,,,,,,,,,,,,,,,,,,,,,,,,,,,0,,nan,,0,,nan,,0,,nan,,0,,nan,,0,,nan,
34.633482,1778660086.361654,,,,,,,,,,,,,,,,,,,,,,,,,,,,,,,,,,,,,,,,,,,,,,,,,,,,,,,,,,,,,,,,0,,nan,,0,,nan,,0,,nan,,0,,nan,,0,,nan,
34.833506,1778660086.561678,,,,,,,,,,,,,,,,,,,,,,,,,,,,,,,,,,,,,,,,,,,,,,,,,,,,,,,,,,,,,,,,0,,nan,,0,,nan,,0,,nan,,0,,nan,,0,,nan,
35.033454,1778660086.761626,,,,,,,,,,,,,,,,,,,,,,,,,,,,,,,,,,,,,,,,,,,,,,,,,,,,,,,,,,,,,,,,0,,nan,,0,,nan,,0,,nan,,0,,nan,,0,,nan,
35.233500,1778660086.961672,,,,,,,,,,,,,,,,,,,,,,,,,,,,,,,,,,,,,,,,,,,,,,,,,,,,,,,,,,,,,,,,0,,nan,,0,,nan,,0,,nan,,0,,nan,,0,,nan,
35.433548,1778660087.161721,,,,,,,,,,,,,,,,,,,,,,,,,,,,,,,,,,,,,,,,,,,,,,,,,,,,,,,,,,,,,,,,0,,nan,,0,,nan,,0,,nan,,0,,nan,,0,,nan,
35.633482,1778660087.361654,,,,,,,,,,,,,,,,,,,,,,,,,,,,,,,,,,,,,,,,,,,,,,,,,,,,,,,,,,,,,,,,0,,nan,,0,,nan,,0,,nan,,0,,nan,,0,,nan,
35.833443,1778660087.561616,,,,,,,,,,,,,,,,,,,,,,,,,,,,,,,,,,,,,,,,,,,,,,,,,,,,,,,,,,,,,,,,0,,nan,,0,,nan,,0,,nan,,0,,nan,,0,,nan,
36.033483,1778660087.761656,,,,,,,,,,,,,,,,,,,,,,,,,,,,,,,,,,,,,,,,,,,,,,,,,,,,,,,,,,,,,,,,0,,nan,,0,,nan,,0,,nan,,0,,nan,,0,,nan,
36.233460,1778660087.961632,,,,,,,,,,,,,,,,,,,,,,,,,,,,,,,,,,,,,,,,,,,,,,,,,,,,,,,,,,,,,,,,0,,nan,,0,,nan,,0,,nan,,0,,nan,,0,,nan,
36.433462,1778660088.161635,,,,,,,,,,,,,,,,,,,,,,,,,,,,,,,,,,,,,,,,,,,,,,,,,,,,,,,,,,,,,,,,0,,nan,,0,,nan,,0,,nan,,0,,nan,,0,,nan,
36.633459,1778660088.361631,,,,,,,,,,,,,,,,,,,,,,,,,,,,,,,,,,,,,,,,,,,,,,,,,,,,,,,,,,,,,,,,0,,nan,,0,,nan,,0,,nan,,0,,nan,,0,,nan,
36.833452,1778660088.561624,,,,,,,,,,,,,,,,,,,,,,,,,,,,,,,,,,,,,,,,,,,,,,,,,,,,,,,,,,,,,,,,0,,nan,,0,,nan,,0,,nan,,0,,nan,,0,,nan,
37.033519,1778660088.761691,,,,,,,,,,,,,,,,,,,,,,,,,,,,,,,,,,,,,,,,,,,,,,,,,,,,,,,,,,,,,,,,0,,nan,,0,,nan,,0,,nan,,0,,nan,,0,,nan,
37.233452,1778660088.961624,,,,,,,,,,,,,,,,,,,,,,,,,,,,,,,,,,,,,,,,,,,,,,,,,,,,,,,,,,,,,,,,0,,nan,,0,,nan,,0,,nan,,0,,nan,,0,,nan,
37.433439,1778660089.161611,,,,,,,,,,,,,,,,,,,,,,,,,,,,,,,,,,,,,,,,,,,,,,,,,,,,,,,,,,,,,,,,0,,nan,,0,,nan,,0,,nan,,0,,nan,,0,,nan,
37.633439,1778660089.361610,,,,,,,,,,,,,,,,,,,,,,,,,,,,,,,,,,,,,,,,,,,,,,,,,,,,,,,,,,,,,,,,0,,nan,,0,,nan,,0,,nan,,0,,nan,,0,,nan,
37.833467,1778660089.561643,,,,,,,,,,,,,,,,,,,,,,,,,,,,,,,,,,,,,,,,,,,,,,,,,,,,,,,,,,,,,,,,0,,nan,,0,,nan,,0,,nan,,0,,nan,,0,,nan,
38.033451,1778660089.761624,,,,,,,,,,,,,,,,,,,,,,,,,,,,,,,,,,,,,,,,,,,,,,,,,,,,,,,,,,,,,,,,0,,nan,,0,,nan,,0,,nan,,0,,nan,,0,,nan,
38.233436,1778660089.961607,,,,,,,,,,,,,,,,,,,,,,,,,,,,,,,,,,,,,,,,,,,,,,,,,,,,,,,,,,,,,,,,0,,nan,,0,,nan,,0,,nan,,0,,nan,,0,,nan,
38.433560,1778660090.161732,,,,,,,,,,,,,,,,,,,,,,,,,,,,,,,,,,,,,,,,,,,,,,,,,,,,,,,,,,,,,,,,0,,nan,,0,,nan,,0,,nan,,0,,nan,,0,,nan,
38.633466,1778660090.361638,,,,,,,,,,,,,,,,,,,,,,,,,,,,,,,,,,,,,,,,,,,,,,,,,,,,,,,,,,,,,,,,0,,nan,,0,,nan,,0,,nan,,0,,nan,,0,,nan,
38.833509,1778660090.561681,,,,,,,,,,,,,,,,,,,,,,,,,,,,,,,,,,,,,,,,,,,,,,,,,,,,,,,,,,,,,,,,0,,nan,,0,,nan,,0,,nan,,0,,nan,,0,,nan,
39.033493,1778660090.761666,,,,,,,,,,,,,,,,,,,,,,,,,,,,,,,,,,,,,,,,,,,,,,,,,,,,,,,,,,,,,,,,0,,nan,,0,,nan,,0,,nan,,0,,nan,,0,,nan,
39.233440,1778660090.961611,,,,,,,,,,,,,,,,,,,,,,,,,,,,,,,,,,,,,,,,,,,,,,,,,,,,,,,,,,,,,,,,0,,nan,,0,,nan,,0,,nan,,0,,nan,,0,,nan,
39.433474,1778660091.161646,,,,,,,,,,,,,,,,,,,,,,,,,,,,,,,,,,,,,,,,,,,,,,,,,,,,,,,,,,,,,,,,0,,nan,,0,,nan,,0,,nan,,0,,nan,,0,,nan,
39.633466,1778660091.361637,,,,,,,,,,,,,,,,,,,,,,,,,,,,,,,,,,,,,,,,,,,,,,,,,,,,,,,,,,,,,,,,0,,nan,,0,,nan,,0,,nan,,0,,nan,,0,,nan,
39.833477,1778660091.561650,,,,,,,,,,,,,,,,,,,,,,,,,,,,,,,,,,,,,,,,,,,,,,,,,,,,,,,,,,,,,,,,0,,nan,,0,,nan,,0,,nan,,0,,nan,,0,,nan,
40.033519,1778660091.761691,,,,,,,,,,,,,,,,,,,,,,,,,,,,,,,,,,,,,,,,,,,,,,,,,,,,,,,,,,,,,,,,0,,nan,,0,,nan,,0,,nan,,0,,nan,,0,,nan,
40.233456,1778660091.961629,,,,,,,,,,,,,,,,,,,,,,,,,,,,,,,,,,,,,,,,,,,,,,,,,,,,,,,,,,,,,,,,0,,nan,,0,,nan,,0,,nan,,0,,nan,,0,,nan,
40.433463,1778660092.161636,,,,,,,,,,,,,,,,,,,,,,,,,,,,,,,,,,,,,,,,,,,,,,,,,,,,,,,,,,,,,,,,0,,nan,,0,,nan,,0,,nan,,0,,nan,,0,,nan,
40.633432,1778660092.361603,,,,,,,,,,,,,,,,,,,,,,,,,,,,,,,,,,,,,,,,,,,,,,,,,,,,,,,,,,,,,,,,0,,nan,,0,,nan,,0,,nan,,0,,nan,,0,,nan,
40.833440,1778660092.561612,,,,,,,,,,,,,,,,,,,,,,,,,,,,,,,,,,,,,,,,,,,,,,,,,,,,,,,,,,,,,,,,0,,nan,,0,,nan,,0,,nan,,0,,nan,,0,,nan,
41.033493,1778660092.761666,,,,,,,,,,,,,,,,,,,,,,,,,,,,,,,,,,,,,,,,,,,,,,,,,,,,,,,,,,,,,,,,0,,nan,,0,,nan,,0,,nan,,0,,nan,,0,,nan,
41.233442,1778660092.961614,,,,,,,,,,,,,,,,,,,,,,,,,,,,,,,,,,,,,,,,,,,,,,,,,,,,,,,,,,,,,,,,0,,nan,,0,,nan,,0,,nan,,0,,nan,,0,,nan,
41.433496,1778660093.161668,,,,,,,,,,,,,,,,,,,,,,,,,,,,,,,,,,,,,,,,,,,,,,,,,,,,,,,,,,,,,,,,0,,nan,,0,,nan,,0,,nan,,0,,nan,,0,,nan,
41.633467,1778660093.361640,,,,,,,,,,,,,,,,,,,,,,,,,,,,,,,,,,,,,,,,,,,,,,,,,,,,,,,,,,,,,,,,0,,nan,,0,,nan,,0,,nan,,0,,nan,,0,,nan,
41.833481,1778660093.561653,,,,,,,,,,,,,,,,,,,,,,,,,,,,,,,,,,,,,,,,,,,,,,,,,,,,,,,,,,,,,,,,0,,nan,,0,,nan,,0,,nan,,0,,nan,,0,,nan,
42.033475,1778660093.761648,,,,,,,,,,,,,,,,,,,,,,,,,,,,,,,,,,,,,,,,,,,,,,,,,,,,,,,,,,,,,,,,0,,nan,,0,,nan,,0,,nan,,0,,nan,,0,,nan,
42.233486,1778660093.961658,,,,,,,,,,,,,,,,,,,,,,,,,,,,,,,,,,,,,,,,,,,,,,,,,,,,,,,,,,,,,,,,0,,nan,,0,,nan,,0,,nan,,0,,nan,,0,,nan,
42.433475,1778660094.161649,,,,,,,,,,,,,,,,,,,,,,,,,,,,,,,,,,,,,,,,,,,,,,,,,,,,,,,,,,,,,,,,0,,nan,,0,,nan,,0,,nan,,0,,nan,,0,,nan,
42.633471,1778660094.361643,,,,,,,,,,,,,,,,,,,,,,,,,,,,,,,,,,,,,,,,,,,,,,,,,,,,,,,,,,,,,,,,0,,nan,,0,,nan,,0,,nan,,0,,nan,,0,,nan,
42.833431,1778660094.561604,,,,,,,,,,,,,,,,,,,,,,,,,,,,,,,,,,,,,,,,,,,,,,,,,,,,,,,,,,,,,,,,0,,nan,,0,,nan,,0,,nan,,0,,nan,,0,,nan,
43.033525,1778660094.761697,,,,,,,,,,,,,,,,,,,,,,,,,,,,,,,,,,,,,,,,,,,,,,,,,,,,,,,,,,,,,,,,0,,nan,,0,,nan,,0,,nan,,0,,nan,,0,,nan,
43.233445,1778660094.961617,,,,,,,,,,,,,,,,,,,,,,,,,,,,,,,,,,,,,,,,,,,,,,,,,,,,,,,,,,,,,,,,0,,nan,,0,,nan,,0,,nan,,0,,nan,,0,,nan,
43.433464,1778660095.161636,,,,,,,,,,,,,,,,,,,,,,,,,,,,,,,,,,,,,,,,,,,,,,,,,,,,,,,,,,,,,,,,0,,nan,,0,,nan,,0,,nan,,0,,nan,,0,,nan,
43.633491,1778660095.361663,,,,,,,,,,,,,,,,,,,,,,,,,,,,,,,,,,,,,,,,,,,,,,,,,,,,,,,,,,,,,,,,0,,nan,,0,,nan,,0,,nan,,0,,nan,,0,,nan,
43.833456,1778660095.561630,,,,,,,,,,,,,,,,,,,,,,,,,,,,,,,,,,,,,,,,,,,,,,,,,,,,,,,,,,,,,,,,0,,nan,,0,,nan,,0,,nan,,0,,nan,,0,,nan,
44.033467,1778660095.761637,,,,,,,,,,,,,,,,,,,,,,,,,,,,,,,,,,,,,,,,,,,,,,,,,,,,,,,,,,,,,,,,0,,nan,,0,,nan,,0,,nan,,0,,nan,,0,,nan,
44.233477,1778660095.961649,,,,,,,,,,,,,,,,,,,,,,,,,,,,,,,,,,,,,,,,,,,,,,,,,,,,,,,,,,,,,,,,0,,nan,,0,,nan,,0,,nan,,0,,nan,,0,,nan,
44.433583,1778660096.161756,,,,,,,,,,,,,,,,,,,,,,,,,,,,,,,,,,,,,,,,,,,,,,,,,,,,,,,,,,,,,,,,0,,nan,,0,,nan,,0,,nan,,0,,nan,,0,,nan,
44.633449,1778660096.361622,,,,,,,,,,,,,,,,,,,,,,,,,,,,,,,,,,,,,,,,,,,,,,,,,,,,,,,,,,,,,,,,0,,nan,,0,,nan,,0,,nan,,0,,nan,,0,,nan,
44.833442,1778660096.561615,,,,,,,,,,,,,,,,,,,,,,,,,,,,,,,,,,,,,,,,,,,,,,,,,,,,,,,,,,,,,,,,0,,nan,,0,,nan,,0,,nan,,0,,nan,,0,,nan,
45.033506,1778660096.761678,,,,,,,,,,,,,,,,,,,,,,,,,,,,,,,,,,,,,,,,,,,,,,,,,,,,,,,,,,,,,,,,0,,nan,,0,,nan,,0,,nan,,0,,nan,,0,,nan,
45.233437,1778660096.961609,,,,,,,,,,,,,,,,,,,,,,,,,,,,,,,,,,,,,,,,,,,,,,,,,,,,,,,,,,,,,,,,0,,nan,,0,,nan,,0,,nan,,0,,nan,,0,,nan,
45.433505,1778660097.161677,,,,,,,,,,,,,,,,,,,,,,,,,,,,,,,,,,,,,,,,,,,,,,,,,,,,,,,,,,,,,,,,0,,nan,,0,,nan,,0,,nan,,0,,nan,,0,,nan,
45.633459,1778660097.361631,,,,,,,,,,,,,,,,,,,,,,,,,,,,,,,,,,,,,,,,,,,,,,,,,,,,,,,,,,,,,,,,0,,nan,,0,,nan,,0,,nan,,0,,nan,,0,,nan,
45.833575,1778660097.561746,,,,,,,,,,,,,,,,,,,,,,,,,,,,,,,,,,,,,,,,,,,,,,,,,,,,,,,,,,,,,,,,0,,nan,,0,,nan,,0,,nan,,0,,nan,,0,,nan,
46.033459,1778660097.761631,,,,,,,,,,,,,,,,,,,,,,,,,,,,,,,,,,,,,,,,,,,,,,,,,,,,,,,,,,,,,,,,0,,nan,,0,,nan,,0,,nan,,0,,nan,,0,,nan,
46.233462,1778660097.961635,,,,,,,,,,,,,,,,,,,,,,,,,,,,,,,,,,,,,,,,,,,,,,,,,,,,,,,,,,,,,,,,0,,nan,,0,,nan,,0,,nan,,0,,nan,,0,,nan,
46.433483,1778660098.161655,,,,,,,,,,,,,,,,,,,,,,,,,,,,,,,,,,,,,,,,,,,,,,,,,,,,,,,,,,,,,,,,0,,nan,,0,,nan,,0,,nan,,0,,nan,,0,,nan,
46.633449,1778660098.361622,,,,,,,,,,,,,,,,,,,,,,,,,,,,,,,,,,,,,,,,,,,,,,,,,,,,,,,,,,,,,,,,0,,nan,,0,,nan,,0,,nan,,0,,nan,,0,,nan,
46.833526,1778660098.561699,,,,,,,,,,,,,,,,,,,,,,,,,,,,,,,,,,,,,,,,,,,,,,,,,,,,,,,,,,,,,,,,0,,nan,,0,,nan,,0,,nan,,0,,nan,,0,,nan,
47.033475,1778660098.761647,,,,,,,,,,,,,,,,,,,,,,,,,,,,,,,,,,,,,,,,,,,,,,,,,,,,,,,,,,,,,,,,0,,nan,,0,,nan,,0,,nan,,0,,nan,,0,,nan,
47.233457,1778660098.961627,,,,,,,,,,,,,,,,,,,,,,,,,,,,,,,,,,,,,,,,,,,,,,,,,,,,,,,,,,,,,,,,0,,nan,,0,,nan,,0,,nan,,0,,nan,,0,,nan,
47.433503,1778660099.161674,,,,,,,,,,,,,,,,,,,,,,,,,,,,,,,,,,,,,,,,,,,,,,,,,,,,,,,,,,,,,,,,0,,nan,,0,,nan,,0,,nan,,0,,nan,,0,,nan,
47.633495,1778660099.361669,,,,,,,,,,,,,,,,,,,,,,,,,,,,,,,,,,,,,,,,,,,,,,,,,,,,,,,,,,,,,,,,0,,nan,,0,,nan,,0,,nan,,0,,nan,,0,,nan,
47.833631,1778660099.561805,,,,,,,,,,,,,,,,,,,,,,,,,,,,,,,,,,,,,,,,,,,,,,,,,,,,,,,,,,,,,,,,0,,nan,,0,,nan,,0,,nan,,0,,nan,,0,,nan,
48.033471,1778660099.761643,,,,,,,,,,,,,,,,,,,,,,,,,,,,,,,,,,,,,,,,,,,,,,,,,,,,,,,,,,,,,,,,0,,nan,,0,,nan,,0,,nan,,0,,nan,,0,,nan,
48.233510,1778660099.961683,,,,,,,,,,,,,,,,,,,,,,,,,,,,,,,,,,,,,,,,,,,,,,,,,,,,,,,,,,,,,,,,0,,nan,,0,,nan,,0,,nan,,0,,nan,,0,,nan,
48.433444,1778660100.161616,,,,,,,,,,,,,,,,,,,,,,,,,,,,,,,,,,,,,,,,,,,,,,,,,,,,,,,,,,,,,,,,0,,nan,,0,,nan,,0,,nan,,0,,nan,,0,,nan,
48.633441,1778660100.361613,,,,,,,,,,,,,,,,,,,,,,,,,,,,,,,,,,,,,,,,,,,,,,,,,,,,,,,,,,,,,,,,0,,nan,,0,,nan,,0,,nan,,0,,nan,,0,,nan,
48.833523,1778660100.561697,,,,,,,,,,,,,,,,,,,,,,,,,,,,,,,,,,,,,,,,,,,,,,,,,,,,,,,,,,,,,,,,0,,nan,,0,,nan,,0,,nan,,0,,nan,,0,,nan,
49.033472,1778660100.761643,,,,,,,,,,,,,,,,,,,,,,,,,,,,,,,,,,,,,,,,,,,,,,,,,,,,,,,,,,,,,,,,0,,nan,,0,,nan,,0,,nan,,0,,nan,,0,,nan,
49.233514,1778660100.961686,,,,,,,,,,,,,,,,,,,,,,,,,,,,,,,,,,,,,,,,,,,,,,,,,,,,,,,,,,,,,,,,0,,nan,,0,,nan,,0,,nan,,0,,nan,,0,,nan,
49.433474,1778660101.161647,,,,,,,,,,,,,,,,,,,,,,,,,,,,,,,,,,,,,,,,,,,,,,,,,,,,,,,,,,,,,,,,0,,nan,,0,,nan,,0,,nan,,0,,nan,,0,,nan,
49.633508,1778660101.361679,,,,,,,,,,,,,,,,,,,,,,,,,,,,,,,,,,,,,,,,,,,,,,,,,,,,,,,,,,,,,,,,0,,nan,,0,,nan,,0,,nan,,0,,nan,,0,,nan,
49.833457,1778660101.561629,,,,,,,,,,,,,,,,,,,,,,,,,,,,,,,,,,,,,,,,,,,,,,,,,,,,,,,,,,,,,,,,0,,nan,,0,,nan,,0,,nan,,0,,nan,,0,,nan,
50.033442,1778660101.761615,,,,,,,,,,,,,,,,,,,,,,,,,,,,,,,,,,,,,,,,,,,,,,,,,,,,,,,,,,,,,,,,0,,nan,,0,,nan,,0,,nan,,0,,nan,,0,,nan,
50.233486,1778660101.961658,,,,,,,,,,,,,,,,,,,,,,,,,,,,,,,,,,,,,,,,,,,,,,,,,,,,,,,,,,,,,,,,0,,nan,,0,,nan,,0,,nan,,0,,nan,,0,,nan,
50.433449,1778660102.161620,,,,,,,,,,,,,,,,,,,,,,,,,,,,,,,,,,,,,,,,,,,,,,,,,,,,,,,,,,,,,,,,0,,nan,,0,,nan,,0,,nan,,0,,nan,,0,,nan,
50.633465,1778660102.361637,,,,,,,,,,,,,,,,,,,,,,,,,,,,,,,,,,,,,,,,,,,,,,,,,,,,,,,,,,,,,,,,0,,nan,,0,,nan,,0,,nan,,0,,nan,,0,,nan,
50.833453,1778660102.561625,,,,,,,,,,,,,,,,,,,,,,,,,,,,,,,,,,,,,,,,,,,,,,,,,,,,,,,,,,,,,,,,0,,nan,,0,,nan,,0,,nan,,0,,nan,,0,,nan,
51.033435,1778660102.761607,,,,,,,,,,,,,,,,,,,,,,,,,,,,,,,,,,,,,,,,,,,,,,,,,,,,,,,,,,,,,,,,0,,nan,,0,,nan,,0,,nan,,0,,nan,,0,,nan,
51.233442,1778660102.961614,,,,,,,,,,,,,,,,,,,,,,,,,,,,,,,,,,,,,,,,,,,,,,,,,,,,,,,,,,,,,,,,0,,nan,,0,,nan,,0,,nan,,0,,nan,,0,,nan,
51.433452,1778660103.161623,,,,,,,,,,,,,,,,,,,,,,,,,,,,,,,,,,,,,,,,,,,,,,,,,,,,,,,,,,,,,,,,0,,nan,,0,,nan,,0,,nan,,0,,nan,,0,,nan,
51.633482,1778660103.361655,,,,,,,,,,,,,,,,,,,,,,,,,,,,,,,,,,,,,,,,,,,,,,,,,,,,,,,,,,,,,,,,0,,nan,,0,,nan,,0,,nan,,0,,nan,,0,,nan,
51.833463,1778660103.561634,,,,,,,,,,,,,,,,,,,,,,,,,,,,,,,,,,,,,,,,,,,,,,,,,,,,,,,,,,,,,,,,0,,nan,,0,,nan,,0,,nan,,0,,nan,,0,,nan,
52.033465,1778660103.761637,,,,,,,,,,,,,,,,,,,,,,,,,,,,,,,,,,,,,,,,,,,,,,,,,,,,,,,,,,,,,,,,0,,nan,,0,,nan,,0,,nan,,0,,nan,,0,,nan,
52.233452,1778660103.961624,,,,,,,,,,,,,,,,,,,,,,,,,,,,,,,,,,,,,,,,,,,,,,,,,,,,,,,,,,,,,,,,0,,nan,,0,,nan,,0,,nan,,0,,nan,,0,,nan,
52.433449,1778660104.161621,,,,,,,,,,,,,,,,,,,,,,,,,,,,,,,,,,,,,,,,,,,,,,,,,,,,,,,,,,,,,,,,0,,nan,,0,,nan,,0,,nan,,0,,nan,,0,,nan,
52.633508,1778660104.361680,,,,,,,,,,,,,,,,,,,,,,,,,,,,,,,,,,,,,,,,,,,,,,,,,,,,,,,,,,,,,,,,0,,nan,,0,,nan,,0,,nan,,0,,nan,,0,,nan,
52.833438,1778660104.561609,,,,,,,,,,,,,,,,,,,,,,,,,,,,,,,,,,,,,,,,,,,,,,,,,,,,,,,,,,,,,,,,0,,nan,,0,,nan,,0,,nan,,0,,nan,,0,,nan,
53.033439,1778660104.761611,,,,,,,,,,,,,,,,,,,,,,,,,,,,,,,,,,,,,,,,,,,,,,,,,,,,,,,,,,,,,,,,0,,nan,,0,,nan,,0,,nan,,0,,nan,,0,,nan,
53.233441,1778660104.961613,,,,,,,,,,,,,,,,,,,,,,,,,,,,,,,,,,,,,,,,,,,,,,,,,,,,,,,,,,,,,,,,0,,nan,,0,,nan,,0,,nan,,0,,nan,,0,,nan,
53.433481,1778660105.161652,,,,,,,,,,,,,,,,,,,,,,,,,,,,,,,,,,,,,,,,,,,,,,,,,,,,,,,,,,,,,,,,0,,nan,,0,,nan,,0,,nan,,0,,nan,,0,,nan,
53.633465,1778660105.361637,,,,,,,,,,,,,,,,,,,,,,,,,,,,,,,,,,,,,,,,,,,,,,,,,,,,,,,,,,,,,,,,0,,nan,,0,,nan,,0,,nan,,0,,nan,,0,,nan,
53.833453,1778660105.561625,,,,,,,,,,,,,,,,,,,,,,,,,,,,,,,,,,,,,,,,,,,,,,,,,,,,,,,,,,,,,,,,0,,nan,,0,,nan,,0,,nan,,0,,nan,,0,,nan,
54.033508,1778660105.761679,,,,,,,,,,,,,,,,,,,,,,,,,,,,,,,,,,,,,,,,,,,,,,,,,,,,,,,,,,,,,,,,0,,nan,,0,,nan,,0,,nan,,0,,nan,,0,,nan,
54.233504,1778660105.961676,,,,,,,,,,,,,,,,,,,,,,,,,,,,,,,,,,,,,,,,,,,,,,,,,,,,,,,,,,,,,,,,0,,nan,,0,,nan,,0,,nan,,0,,nan,,0,,nan,
54.433522,1778660106.161695,,,,,,,,,,,,,,,,,,,,,,,,,,,,,,,,,,,,,,,,,,,,,,,,,,,,,,,,,,,,,,,,0,,nan,,0,,nan,,0,,nan,,0,,nan,,0,,nan,
54.633450,1778660106.361622,,,,,,,,,,,,,,,,,,,,,,,,,,,,,,,,,,,,,,,,,,,,,,,,,,,,,,,,,,,,,,,,0,,nan,,0,,nan,,0,,nan,,0,,nan,,0,,nan,
54.833533,1778660106.561706,,,,,,,,,,,,,,,,,,,,,,,,,,,,,,,,,,,,,,,,,,,,,,,,,,,,,,,,,,,,,,,,0,,nan,,0,,nan,,0,,nan,,0,,nan,,0,,nan,
55.033508,1778660106.761680,,,,,,,,,,,,,,,,,,,,,,,,,,,,,,,,,,,,,,,,,,,,,,,,,,,,,,,,,,,,,,,,0,,nan,,0,,nan,,0,,nan,,0,,nan,,0,,nan,
55.233460,1778660106.961632,,,,,,,,,,,,,,,,,,,,,,,,,,,,,,,,,,,,,,,,,,,,,,,,,,,,,,,,,,,,,,,,0,,nan,,0,,nan,,0,,nan,,0,,nan,,0,,nan,
55.433501,1778660107.161674,,,,,,,,,,,,,,,,,,,,,,,,,,,,,,,,,,,,,,,,,,,,,,,,,,,,,,,,,,,,,,,,0,,nan,,0,,nan,,0,,nan,,0,,nan,,0,,nan,
55.633517,1778660107.361690,,,,,,,,,,,,,,,,,,,,,,,,,,,,,,,,,,,,,,,,,,,,,,,,,,,,,,,,,,,,,,,,0,,nan,,0,,nan,,0,,nan,,0,,nan,,0,,nan,
55.833438,1778660107.561610,,,,,,,,,,,,,,,,,,,,,,,,,,,,,,,,,,,,,,,,,,,,,,,,,,,,,,,,,,,,,,,,0,,nan,,0,,nan,,0,,nan,,0,,nan,,0,,nan,
56.033453,1778660107.761626,,,,,,,,,,,,,,,,,,,,,,,,,,,,,,,,,,,,,,,,,,,,,,,,,,,,,,,,,,,,,,,,0,,nan,,0,,nan,,0,,nan,,0,,nan,,0,,nan,
56.233429,1778660107.961601,,,,,,,,,,,,,,,,,,,,,,,,,,,,,,,,,,,,,,,,,,,,,,,,,,,,,,,,,,,,,,,,0,,nan,,0,,nan,,0,,nan,,0,,nan,,0,,nan,
56.433535,1778660108.161708,,,,,,,,,,,,,,,,,,,,,,,,,,,,,,,,,,,,,,,,,,,,,,,,,,,,,,,,,,,,,,,,0,,nan,,0,,nan,,0,,nan,,0,,nan,,0,,nan,
56.633514,1778660108.361686,,,,,,,,,,,,,,,,,,,,,,,,,,,,,,,,,,,,,,,,,,,,,,,,,,,,,,,,,,,,,,,,0,,nan,,0,,nan,,0,,nan,,0,,nan,,0,,nan,
56.833504,1778660108.561676,,,,,,,,,,,,,,,,,,,,,,,,,,,,,,,,,,,,,,,,,,,,,,,,,,,,,,,,,,,,,,,,0,,nan,,0,,nan,,0,,nan,,0,,nan,,0,,nan,
57.033482,1778660108.761653,,,,,,,,,,,,,,,,,,,,,,,,,,,,,,,,,,,,,,,,,,,,,,,,,,,,,,,,,,,,,,,,0,,nan,,0,,nan,,0,,nan,,0,,nan,,0,,nan,
57.233465,1778660108.961637,,,,,,,,,,,,,,,,,,,,,,,,,,,,,,,,,,,,,,,,,,,,,,,,,,,,,,,,,,,,,,,,0,,nan,,0,,nan,,0,,nan,,0,,nan,,0,,nan,
57.433472,1778660109.161645,,,,,,,,,,,,,,,,,,,,,,,,,,,,,,,,,,,,,,,,,,,,,,,,,,,,,,,,,,,,,,,,0,,nan,,0,,nan,,0,,nan,,0,,nan,,0,,nan,
57.633463,1778660109.361635,,,,,,,,,,,,,,,,,,,,,,,,,,,,,,,,,,,,,,,,,,,,,,,,,,,,,,,,,,,,,,,,0,,nan,,0,,nan,,0,,nan,,0,,nan,,0,,nan,
57.833465,1778660109.561637,,,,,,,,,,,,,,,,,,,,,,,,,,,,,,,,,,,,,,,,,,,,,,,,,,,,,,,,,,,,,,,,0,,nan,,0,,nan,,0,,nan,,0,,nan,,0,,nan,
58.033440,1778660109.761613,,,,,,,,,,,,,,,,,,,,,,,,,,,,,,,,,,,,,,,,,,,,,,,,,,,,,,,,,,,,,,,,0,,nan,,0,,nan,,0,,nan,,0,,nan,,0,,nan,
58.233444,1778660109.961616,,,,,,,,,,,,,,,,,,,,,,,,,,,,,,,,,,,,,,,,,,,,,,,,,,,,,,,,,,,,,,,,0,,nan,,0,,nan,,0,,nan,,0,,nan,,0,,nan,
58.433441,1778660110.161613,,,,,,,,,,,,,,,,,,,,,,,,,,,,,,,,,,,,,,,,,,,,,,,,,,,,,,,,,,,,,,,,0,,nan,,0,,nan,,0,,nan,,0,,nan,,0,,nan,
58.633935,1778660110.362121,,,,,,,,,,,,,,,,,,,,,,,,,,,,,,,,,,,,,,,,,,,,,,,,,,,,,,,,,,,,,,,,0,,nan,,0,,nan,,0,,nan,,0,,nan,,0,,nan,
58.833901,1778660110.562086,,,,,,,,,,,,,,,,,,,,,,,,,,,,,,,,,,,,,,,,,,,,,,,,,,,,,,,,,,,,,,,,0,,nan,,0,,nan,,0,,nan,,0,,nan,,0,,nan,
59.033925,1778660110.762109,,,,,,,,,,,,,,,,,,,,,,,,,,,,,,,,,,,,,,,,,,,,,,,,,,,,,,,,,,,,,,,,0,,nan,,0,,nan,,0,,nan,,0,,nan,,0,,nan,
59.234143,1778660110.962336,,,,,,,,,,,,,,,,,,,,,,,,,,,,,,,,,,,,,,,,,,,,,,,,,,,,,,,,,,,,,,,,0,,nan,,0,,nan,,0,,nan,,0,,nan,,0,,nan,
59.434132,1778660111.162320,,,,,,,,,,,,,,,,,,,,,,,,,,,,,,,,,,,,,,,,,,,,,,,,,,,,,,,,,,,,,,,,0,,nan,,0,,nan,,0,,nan,,0,,nan,,0,,nan,
59.633916,1778660111.362100,,,,,,,,,,,,,,,,,,,,,,,,,,,,,,,,,,,,,,,,,,,,,,,,,,,,,,,,,,,,,,,,0,,nan,,0,,nan,,0,,nan,,0,,nan,,0,,nan,
59.833922,1778660111.562106,,,,,,,,,,,,,,,,,,,,,,,,,,,,,,,,,,,,,,,,,,,,,,,,,,,,,,,,,,,,,,,,0,,nan,,0,,nan,,0,,nan,,0,,nan,,0,,nan,
60.033970,1778660111.762156,,,,,,,,,,,,,,,,,,,,,,,,,,,,,,,,,,,,,,,,,,,,,,,,,,,,,,,,,,,,,,,,0,,nan,,0,,nan,,0,,nan,,0,,nan,,0,,nan,
60.233819,1778660111.962001,,,,,,,,,,,,,,,,,,,,,,,,,,,,,,,,,,,,,,,,,,,,,,,,,,,,,,,,,,,,,,,,0,,nan,,0,,nan,,0,,nan,,0,,nan,,0,,nan,
60.434219,1778660112.162401,,,,,,,,,,,,,,,,,,,,,,,,,,,,,,,,,,,,,,,,,,,,,,,,,,,,,,,,,,,,,,,,0,,nan,,0,,nan,,0,,nan,,0,,nan,,0,,nan,
60.633864,1778660112.362048,,,,,,,,,,,,,,,,,,,,,,,,,,,,,,,,,,,,,,,,,,,,,,,,,,,,,,,,,,,,,,,,0,,nan,,0,,nan,,0,,nan,,0,,nan,,0,,nan,
60.833982,1778660112.562169,,,,,,,,,,,,,,,,,,,,,,,,,,,,,,,,,,,,,,,,,,,,,,,,,,,,,,,,,,,,,,,,0,,nan,,0,,nan,,0,,nan,,0,,nan,,0,,nan,
61.033900,1778660112.762084,,,,,,,,,,,,,,,,,,,,,,,,,,,,,,,,,,,,,,,,,,,,,,,,,,,,,,,,,,,,,,,,0,,nan,,0,,nan,,0,,nan,,0,,nan,,0,,nan,
61.233996,1778660112.962184,,,,,,,,,,,,,,,,,,,,,,,,,,,,,,,,,,,,,,,,,,,,,,,,,,,,,,,,,,,,,,,,0,,nan,,0,,nan,,0,,nan,,0,,nan,,0,,nan,
61.433853,1778660113.162037,,,,,,,,,,,,,,,,,,,,,,,,,,,,,,,,,,,,,,,,,,,,,,,,,,,,,,,,,,,,,,,,0,,nan,,0,,nan,,0,,nan,,0,,nan,,0,,nan,
61.633856,1778660113.362040,,,,,,,,,,,,,,,,,,,,,,,,,,,,,,,,,,,,,,,,,,,,,,,,,,,,,,,,,,,,,,,,0,,nan,,0,,nan,,0,,nan,,0,,nan,,0,,nan,
61.833944,1778660113.562132,,,,,,,,,,,,,,,,,,,,,,,,,,,,,,,,,,,,,,,,,,,,,,,,,,,,,,,,,,,,,,,,0,,nan,,0,,nan,,0,,nan,,0,,nan,,0,,nan,
62.033865,1778660113.762050,,,,,,,,,,,,,,,,,,,,,,,,,,,,,,,,,,,,,,,,,,,,,,,,,,,,,,,,,,,,,,,,0,,nan,,0,,nan,,0,,nan,,0,,nan,,0,,nan,
62.233852,1778660113.962036,,,,,,,,,,,,,,,,,,,,,,,,,,,,,,,,,,,,,,,,,,,,,,,,,,,,,,,,,,,,,,,,0,,nan,,0,,nan,,0,,nan,,0,,nan,,0,,nan,
62.433890,1778660114.162075,,,,,,,,,,,,,,,,,,,,,,,,,,,,,,,,,,,,,,,,,,,,,,,,,,,,,,,,,,,,,,,,0,,nan,,0,,nan,,0,,nan,,0,,nan,,0,,nan,
62.633870,1778660114.362055,,,,,,,,,,,,,,,,,,,,,,,,,,,,,,,,,,,,,,,,,,,,,,,,,,,,,,,,,,,,,,,,0,,nan,,0,,nan,,0,,nan,,0,,nan,,0,,nan,
62.833884,1778660114.562069,,,,,,,,,,,,,,,,,,,,,,,,,,,,,,,,,,,,,,,,,,,,,,,,,,,,,,,,,,,,,,,,0,,nan,,0,,nan,,0,,nan,,0,,nan,,0,,nan,
63.033624,1778660114.761798,,,,,,,,,,,,,,,,,,,,,,,,,,,,,,,,,,,,,,,,,,,,,,,,,,,,,,,,,,,,,,,,0,,nan,,0,,nan,,0,,nan,,0,,nan,,0,,nan,
63.233549,1778660114.961723,,,,,,,,,,,,,,,,,,,,,,,,,,,,,,,,,,,,,,,,,,,,,,,,,,,,,,,,,,,,,,,,0,,nan,,0,,nan,,0,,nan,,0,,nan,,0,,nan,
63.433552,1778660115.161725,,,,,,,,,,,,,,,,,,,,,,,,,,,,,,,,,,,,,,,,,,,,,,,,,,,,,,,,,,,,,,,,0,,nan,,0,,nan,,0,,nan,,0,,nan,,0,,nan,
63.633734,1778660115.361917,,,,,,,,,,,,,,,,,,,,,,,,,,,,,,,,,,,,,,,,,,,,,,,,,,,,,,,,,,,,,,,,0,,nan,,0,,nan,,0,,nan,,0,,nan,,0,,nan,
63.833520,1778660115.561692,,,,,,,,,,,,,,,,,,,,,,,,,,,,,,,,,,,,,,,,,,,,,,,,,,,,,,,,,,,,,,,,0,,nan,,0,,nan,,0,,nan,,0,,nan,,0,,nan,
64.033532,1778660115.761703,,,,,,,,,,,,,,,,,,,,,,,,,,,,,,,,,,,,,,,,,,,,,,,,,,,,,,,,,,,,,,,,0,,nan,,0,,nan,,0,,nan,,0,,nan,,0,,nan,
64.233570,1778660115.961742,,,,,,,,,,,,,,,,,,,,,,,,,,,,,,,,,,,,,,,,,,,,,,,,,,,,,,,,,,,,,,,,0,,nan,,0,,nan,,0,,nan,,0,,nan,,0,,nan,
64.433521,1778660116.161693,,,,,,,,,,,,,,,,,,,,,,,,,,,,,,,,,,,,,,,,,,,,,,,,,,,,,,,,,,,,,,,,0,,nan,,0,,nan,,0,,nan,,0,,nan,,0,,nan,
64.633586,1778660116.361761,,,,,,,,,,,,,,,,,,,,,,,,,,,,,,,,,,,,,,,,,,,,,,,,,,,,,,,,,,,,,,,,0,,nan,,0,,nan,,0,,nan,,0,,nan,,0,,nan,
64.833606,1778660116.561780,,,,,,,,,,,,,,,,,,,,,,,,,,,,,,,,,,,,,,,,,,,,,,,,,,,,,,,,,,,,,,,,0,,nan,,0,,nan,,0,,nan,,0,,nan,,0,,nan,
65.033578,1778660116.761753,,,,,,,,,,,,,,,,,,,,,,,,,,,,,,,,,,,,,,,,,,,,,,,,,,,,,,,,,,,,,,,,0,,nan,,0,,nan,,0,,nan,,0,,nan,,0,,nan,
65.233574,1778660116.961747,,,,,,,,,,,,,,,,,,,,,,,,,,,,,,,,,,,,,,,,,,,,,,,,,,,,,,,,,,,,,,,,0,,nan,,0,,nan,,0,,nan,,0,,nan,,0,,nan,
65.433539,1778660117.161713,,,,,,,,,,,,,,,,,,,,,,,,,,,,,,,,,,,,,,,,,,,,,,,,,,,,,,,,,,,,,,,,0,,nan,,0,,nan,,0,,nan,,0,,nan,,0,,nan,
65.633525,1778660117.361697,,,,,,,,,,,,,,,,,,,,,,,,,,,,,,,,,,,,,,,,,,,,,,,,,,,,,,,,,,,,,,,,0,,nan,,0,,nan,,0,,nan,,0,,nan,,0,,nan,
65.833551,1778660117.561726,,,,,,,,,,,,,,,,,,,,,,,,,,,,,,,,,,,,,,,,,,,,,,,,,,,,,,,,,,,,,,,,0,,nan,,0,,nan,,0,,nan,,0,,nan,,0,,nan,
66.033539,1778660117.761711,,,,,,,,,,,,,,,,,,,,,,,,,,,,,,,,,,,,,,,,,,,,,,,,,,,,,,,,,,,,,,,,0,,nan,,0,,nan,,0,,nan,,0,,nan,,0,,nan,
66.233721,1778660117.961903,,,,,,,,,,,,,,,,,,,,,,,,,,,,,,,,,,,,,,,,,,,,,,,,,,,,,,,,,,,,,,,,0,,nan,,0,,nan,,0,,nan,,0,,nan,,0,,nan,
66.433550,1778660118.161723,,,,,,,,,,,,,,,,,,,,,,,,,,,,,,,,,,,,,,,,,,,,,,,,,,,,,,,,,,,,,,,,0,,nan,,0,,nan,,0,,nan,,0,,nan,,0,,nan,
66.633542,1778660118.361715,,,,,,,,,,,,,,,,,,,,,,,,,,,,,,,,,,,,,,,,,,,,,,,,,,,,,,,,,,,,,,,,0,,nan,,0,,nan,,0,,nan,,0,,nan,,0,,nan,
66.833561,1778660118.561733,,,,,,,,,,,,,,,,,,,,,,,,,,,,,,,,,,,,,,,,,,,,,,,,,,,,,,,,,,,,,,,,0,,nan,,0,,nan,,0,,nan,,0,,nan,,0,,nan,
67.033556,1778660118.761730,,,,,,,,,,,,,,,,,,,,,,,,,,,,,,,,,,,,,,,,,,,,,,,,,,,,,,,,,,,,,,,,0,,nan,,0,,nan,,0,,nan,,0,,nan,,0,,nan,
67.233566,1778660118.961739,,,,,,,,,,,,,,,,,,,,,,,,,,,,,,,,,,,,,,,,,,,,,,,,,,,,,,,,,,,,,,,,0,,nan,,0,,nan,,0,,nan,,0,,nan,,0,,nan,
67.433618,1778660119.161790,,,,,,,,,,,,,,,,,,,,,,,,,,,,,,,,,,,,,,,,,,,,,,,,,,,,,,,,,,,,,,,,0,,nan,,0,,nan,,0,,nan,,0,,nan,,0,,nan,
67.633585,1778660119.361758,,,,,,,,,,,,,,,,,,,,,,,,,,,,,,,,,,,,,,,,,,,,,,,,,,,,,,,,,,,,,,,,0,,nan,,0,,nan,,0,,nan,,0,,nan,,0,,nan,
67.833539,1778660119.561712,,,,,,,,,,,,,,,,,,,,,,,,,,,,,,,,,,,,,,,,,,,,,,,,,,,,,,,,,,,,,,,,0,,nan,,0,,nan,,0,,nan,,0,,nan,,0,,nan,
68.033525,1778660119.761697,,,,,,,,,,,,,,,,,,,,,,,,,,,,,,,,,,,,,,,,,,,,,,,,,,,,,,,,,,,,,,,,0,,nan,,0,,nan,,0,,nan,,0,,nan,,0,,nan,
68.233560,1778660119.961735,,,,,,,,,,,,,,,,,,,,,,,,,,,,,,,,,,,,,,,,,,,,,,,,,,,,,,,,,,,,,,,,0,,nan,,0,,nan,,0,,nan,,0,,nan,,0,,nan,
68.433556,1778660120.161731,,,,,,,,,,,,,,,,,,,,,,,,,,,,,,,,,,,,,,,,,,,,,,,,,,,,,,,,,,,,,,,,0,,nan,,0,,nan,,0,,nan,,0,,nan,,0,,nan,
68.633602,1778660120.361776,,,,,,,,,,,,,,,,,,,,,,,,,,,,,,,,,,,,,,,,,,,,,,,,,,,,,,,,,,,,,,,,0,,nan,,0,,nan,,0,,nan,,0,,nan,,0,,nan,
68.833572,1778660120.561747,,,,,,,,,,,,,,,,,,,,,,,,,,,,,,,,,,,,,,,,,,,,,,,,,,,,,,,,,,,,,,,,0,,nan,,0,,nan,,0,,nan,,0,,nan,,0,,nan,
69.033523,1778660120.761696,,,,,,,,,,,,,,,,,,,,,,,,,,,,,,,,,,,,,,,,,,,,,,,,,,,,,,,,,,,,,,,,0,,nan,,0,,nan,,0,,nan,,0,,nan,,0,,nan,
69.233519,1778660120.961692,,,,,,,,,,,,,,,,,,,,,,,,,,,,,,,,,,,,,,,,,,,,,,,,,,,,,,,,,,,,,,,,0,,nan,,0,,nan,,0,,nan,,0,,nan,,0,,nan,
69.433519,1778660121.161692,,,,,,,,,,,,,,,,,,,,,,,,,,,,,,,,,,,,,,,,,,,,,,,,,,,,,,,,,,,,,,,,0,,nan,,0,,nan,,0,,nan,,0,,nan,,0,,nan,
69.633494,1778660121.361667,,,,,,,,,,,,,,,,,,,,,,,,,,,,,,,,,,,,,,,,,,,,,,,,,,,,,,,,,,,,,,,,0,,nan,,0,,nan,,0,,nan,,0,,nan,,0,,nan,
69.833552,1778660121.561724,,,,,,,,,,,,,,,,,,,,,,,,,,,,,,,,,,,,,,,,,,,,,,,,,,,,,,,,,,,,,,,,0,,nan,,0,,nan,,0,,nan,,0,,nan,,0,,nan,
70.033529,1778660121.761701,,,,,,,,,,,,,,,,,,,,,,,,,,,,,,,,,,,,,,,,,,,,,,,,,,,,,,,,,,,,,,,,0,,nan,,0,,nan,,0,,nan,,0,,nan,,0,,nan,
70.233716,1778660121.961890,,,,,,,,,,,,,,,,,,,,,,,,,,,,,,,,,,,,,,,,,,,,,,,,,,,,,,,,,,,,,,,,0,,nan,,0,,nan,,0,,nan,,0,,nan,,0,,nan,
70.433571,1778660122.161747,,,,,,,,,,,,,,,,,,,,,,,,,,,,,,,,,,,,,,,,,,,,,,,,,,,,,,,,,,,,,,,,0,,nan,,0,,nan,,0,,nan,,0,,nan,,0,,nan,
70.633537,1778660122.361712,,,,,,,,,,,,,,,,,,,,,,,,,,,,,,,,,,,,,,,,,,,,,,,,,,,,,,,,,,,,,,,,0,,nan,,0,,nan,,0,,nan,,0,,nan,,0,,nan,
70.833519,1778660122.561691,,,,,,,,,,,,,,,,,,,,,,,,,,,,,,,,,,,,,,,,,,,,,,,,,,,,,,,,,,,,,,,,0,,nan,,0,,nan,,0,,nan,,0,,nan,,0,,nan,
71.033525,1778660122.761698,,,,,,,,,,,,,,,,,,,,,,,,,,,,,,,,,,,,,,,,,,,,,,,,,,,,,,,,,,,,,,,,0,,nan,,0,,nan,,0,,nan,,0,,nan,,0,,nan,
71.233567,1778660122.961742,,,,,,,,,,,,,,,,,,,,,,,,,,,,,,,,,,,,,,,,,,,,,,,,,,,,,,,,,,,,,,,,0,,nan,,0,,nan,,0,,nan,,0,,nan,,0,,nan,
71.433532,1778660123.161706,,,,,,,,,,,,,,,,,,,,,,,,,,,,,,,,,,,,,,,,,,,,,,,,,,,,,,,,,,,,,,,,0,,nan,,0,,nan,,0,,nan,,0,,nan,,0,,nan,
71.633511,1778660123.361684,,,,,,,,,,,,,,,,,,,,,,,,,,,,,,,,,,,,,,,,,,,,,,,,,,,,,,,,,,,,,,,,0,,nan,,0,,nan,,0,,nan,,0,,nan,,0,,nan,
71.833549,1778660123.561728,,,,,,,,,,,,,,,,,,,,,,,,,,,,,,,,,,,,,,,,,,,,,,,,,,,,,,,,,,,,,,,,0,,nan,,0,,nan,,0,,nan,,0,,nan,,0,,nan,
72.033567,1778660123.761740,,,,,,,,,,,,,,,,,,,,,,,,,,,,,,,,,,,,,,,,,,,,,,,,,,,,,,,,,,,,,,,,0,,nan,,0,,nan,,0,,nan,,0,,nan,,0,,nan,
72.233688,1778660123.961862,,,,,,,,,,,,,,,,,,,,,,,,,,,,,,,,,,,,,,,,,,,,,,,,,,,,,,,,,,,,,,,,0,,nan,,0,,nan,,0,,nan,,0,,nan,,0,,nan,
72.433545,1778660124.161719,,,,,,,,,,,,,,,,,,,,,,,,,,,,,,,,,,,,,,,,,,,,,,,,,,,,,,,,,,,,,,,,0,,nan,,0,,nan,,0,,nan,,0,,nan,,0,,nan,
72.633552,1778660124.361725,,,,,,,,,,,,,,,,,,,,,,,,,,,,,,,,,,,,,,,,,,,,,,,,,,,,,,,,,,,,,,,,0,,nan,,0,,nan,,0,,nan,,0,,nan,,0,,nan,
72.833526,1778660124.561698,,,,,,,,,,,,,,,,,,,,,,,,,,,,,,,,,,,,,,,,,,,,,,,,,,,,,,,,,,,,,,,,0,,nan,,0,,nan,,0,,nan,,0,,nan,,0,,nan,
73.033535,1778660124.761708,,,,,,,,,,,,,,,,,,,,,,,,,,,,,,,,,,,,,,,,,,,,,,,,,,,,,,,,,,,,,,,,0,,nan,,0,,nan,,0,,nan,,0,,nan,,0,,nan,
73.233530,1778660124.961702,,,,,,,,,,,,,,,,,,,,,,,,,,,,,,,,,,,,,,,,,,,,,,,,,,,,,,,,,,,,,,,,0,,nan,,0,,nan,,0,,nan,,0,,nan,,0,,nan,
73.433557,1778660125.161731,,,,,,,,,,,,,,,,,,,,,,,,,,,,,,,,,,,,,,,,,,,,,,,,,,,,,,,,,,,,,,,,0,,nan,,0,,nan,,0,,nan,,0,,nan,,0,,nan,
73.633563,1778660125.361736,,,,,,,,,,,,,,,,,,,,,,,,,,,,,,,,,,,,,,,,,,,,,,,,,,,,,,,,,,,,,,,,0,,nan,,0,,nan,,0,,nan,,0,,nan,,0,,nan,
73.833573,1778660125.561748,,,,,,,,,,,,,,,,,,,,,,,,,,,,,,,,,,,,,,,,,,,,,,,,,,,,,,,,,,,,,,,,0,,nan,,0,,nan,,0,,nan,,0,,nan,,0,,nan,
74.033535,1778660125.761708,,,,,,,,,,,,,,,,,,,,,,,,,,,,,,,,,,,,,,,,,,,,,,,,,,,,,,,,,,,,,,,,0,,nan,,0,,nan,,0,,nan,,0,,nan,,0,,nan,
74.233553,1778660125.961727,,,,,,,,,,,,,,,,,,,,,,,,,,,,,,,,,,,,,,,,,,,,,,,,,,,,,,,,,,,,,,,,0,,nan,,0,,nan,,0,,nan,,0,,nan,,0,,nan,
74.433521,1778660126.161693,,,,,,,,,,,,,,,,,,,,,,,,,,,,,,,,,,,,,,,,,,,,,,,,,,,,,,,,,,,,,,,,0,,nan,,0,,nan,,0,,nan,,0,,nan,,0,,nan,
74.633524,1778660126.361698,,,,,,,,,,,,,,,,,,,,,,,,,,,,,,,,,,,,,,,,,,,,,,,,,,,,,,,,,,,,,,,,0,,nan,,0,,nan,,0,,nan,,0,,nan,,0,,nan,
74.833459,1778660126.561631,,,,,,,,,,,,,,,,,,,,,,,,,,,,,,,,,,,,,,,,,,,,,,,,,,,,,,,,,,,,,,,,0,,nan,,0,,nan,,0,,nan,,0,,nan,,0,,nan,
75.033502,1778660126.761673,,,,,,,,,,,,,,,,,,,,,,,,,,,,,,,,,,,,,,,,,,,,,,,,,,,,,,,,,,,,,,,,0,,nan,,0,,nan,,0,,nan,,0,,nan,,0,,nan,
75.233436,1778660126.961607,,,,,,,,,,,,,,,,,,,,,,,,,,,,,,,,,,,,,,,,,,,,,,,,,,,,,,,,,,,,,,,,0,,nan,,0,,nan,,0,,nan,,0,,nan,,0,,nan,
75.433471,1778660127.161644,,,,,,,,,,,,,,,,,,,,,,,,,,,,,,,,,,,,,,,,,,,,,,,,,,,,,,,,,,,,,,,,0,,nan,,0,,nan,,0,,nan,,0,,nan,,0,,nan,
75.633459,1778660127.361631,,,,,,,,,,,,,,,,,,,,,,,,,,,,,,,,,,,,,,,,,,,,,,,,,,,,,,,,,,,,,,,,0,,nan,,0,,nan,,0,,nan,,0,,nan,,0,,nan,
75.833466,1778660127.561639,,,,,,,,,,,,,,,,,,,,,,,,,,,,,,,,,,,,,,,,,,,,,,,,,,,,,,,,,,,,,,,,0,,nan,,0,,nan,,0,,nan,,0,,nan,,0,,nan,
76.033452,1778660127.761624,,,,,,,,,,,,,,,,,,,,,,,,,,,,,,,,,,,,,,,,,,,,,,,,,,,,,,,,,,,,,,,,0,,nan,,0,,nan,,0,,nan,,0,,nan,,0,,nan,
76.233440,1778660127.961612,,,,,,,,,,,,,,,,,,,,,,,,,,,,,,,,,,,,,,,,,,,,,,,,,,,,,,,,,,,,,,,,0,,nan,,0,,nan,,0,,nan,,0,,nan,,0,,nan,
76.433444,1778660128.161616,,,,,,,,,,,,,,,,,,,,,,,,,,,,,,,,,,,,,,,,,,,,,,,,,,,,,,,,,,,,,,,,0,,nan,,0,,nan,,0,,nan,,0,,nan,,0,,nan,
76.633449,1778660128.361621,,,,,,,,,,,,,,,,,,,,,,,,,,,,,,,,,,,,,,,,,,,,,,,,,,,,,,,,,,,,,,,,0,,nan,,0,,nan,,0,,nan,,0,,nan,,0,,nan,
76.833619,1778660128.561801,,,,,,,,,,,,,,,,,,,,,,,,,,,,,,,,,,,,,,,,,,,,,,,,,,,,,,,,,,,,,,,,0,,nan,,0,,nan,,0,,nan,,0,,nan,,0,,nan,
77.033461,1778660128.761633,,,,,,,,,,,,,,,,,,,,,,,,,,,,,,,,,,,,,,,,,,,,,,,,,,,,,,,,,,,,,,,,0,,nan,,0,,nan,,0,,nan,,0,,nan,,0,,nan,
77.233459,1778660128.961632,,,,,,,,,,,,,,,,,,,,,,,,,,,,,,,,,,,,,,,,,,,,,,,,,,,,,,,,,,,,,,,,0,,nan,,0,,nan,,0,,nan,,0,,nan,,0,,nan,
77.433460,1778660129.161632,,,,,,,,,,,,,,,,,,,,,,,,,,,,,,,,,,,,,,,,,,,,,,,,,,,,,,,,,,,,,,,,0,,nan,,0,,nan,,0,,nan,,0,,nan,,0,,nan,
77.633447,1778660129.361619,,,,,,,,,,,,,,,,,,,,,,,,,,,,,,,,,,,,,,,,,,,,,,,,,,,,,,,,,,,,,,,,0,,nan,,0,,nan,,0,,nan,,0,,nan,,0,,nan,
77.833464,1778660129.561635,,,,,,,,,,,,,,,,,,,,,,,,,,,,,,,,,,,,,,,,,,,,,,,,,,,,,,,,,,,,,,,,0,,nan,,0,,nan,,0,,nan,,0,,nan,,0,,nan,
78.033485,1778660129.761657,,,,,,,,,,,,,,,,,,,,,,,,,,,,,,,,,,,,,,,,,,,,,,,,,,,,,,,,,,,,,,,,0,,nan,,0,,nan,,0,,nan,,0,,nan,,0,,nan,
78.233452,1778660129.961623,,,,,,,,,,,,,,,,,,,,,,,,,,,,,,,,,,,,,,,,,,,,,,,,,,,,,,,,,,,,,,,,0,,nan,,0,,nan,,0,,nan,,0,,nan,,0,,nan,
78.433494,1778660130.161667,,,,,,,,,,,,,,,,,,,,,,,,,,,,,,,,,,,,,,,,,,,,,,,,,,,,,,,,,,,,,,,,0,,nan,,0,,nan,,0,,nan,,0,,nan,,0,,nan,
78.633464,1778660130.361637,,,,,,,,,,,,,,,,,,,,,,,,,,,,,,,,,,,,,,,,,,,,,,,,,,,,,,,,,,,,,,,,0,,nan,,0,,nan,,0,,nan,,0,,nan,,0,,nan,
78.833505,1778660130.561677,,,,,,,,,,,,,,,,,,,,,,,,,,,,,,,,,,,,,,,,,,,,,,,,,,,,,,,,,,,,,,,,0,,nan,,0,,nan,,0,,nan,,0,,nan,,0,,nan,
79.033467,1778660130.761637,,,,,,,,,,,,,,,,,,,,,,,,,,,,,,,,,,,,,,,,,,,,,,,,,,,,,,,,,,,,,,,,0,,nan,,0,,nan,,0,,nan,,0,,nan,,0,,nan,
79.233436,1778660130.961608,,,,,,,,,,,,,,,,,,,,,,,,,,,,,,,,,,,,,,,,,,,,,,,,,,,,,,,,,,,,,,,,0,,nan,,0,,nan,,0,,nan,,0,,nan,,0,,nan,
79.433446,1778660131.161619,,,,,,,,,,,,,,,,,,,,,,,,,,,,,,,,,,,,,,,,,,,,,,,,,,,,,,,,,,,,,,,,0,,nan,,0,,nan,,0,,nan,,0,,nan,,0,,nan,
79.633448,1778660131.361619,,,,,,,,,,,,,,,,,,,,,,,,,,,,,,,,,,,,,,,,,,,,,,,,,,,,,,,,,,,,,,,,0,,nan,,0,,nan,,0,,nan,,0,,nan,,0,,nan,
79.833449,1778660131.561622,,,,,,,,,,,,,,,,,,,,,,,,,,,,,,,,,,,,,,,,,,,,,,,,,,,,,,,,,,,,,,,,0,,nan,,0,,nan,,0,,nan,,0,,nan,,0,,nan,
80.033485,1778660131.761657,,,,,,,,,,,,,,,,,,,,,,,,,,,,,,,,,,,,,,,,,,,,,,,,,,,,,,,,,,,,,,,,0,,nan,,0,,nan,,0,,nan,,0,,nan,,0,,nan,
80.233469,1778660131.961641,,,,,,,,,,,,,,,,,,,,,,,,,,,,,,,,,,,,,,,,,,,,,,,,,,,,,,,,,,,,,,,,0,,nan,,0,,nan,,0,,nan,,0,,nan,,0,,nan,
80.433466,1778660132.161637,,,,,,,,,,,,,,,,,,,,,,,,,,,,,,,,,,,,,,,,,,,,,,,,,,,,,,,,,,,,,,,,0,,nan,,0,,nan,,0,,nan,,0,,nan,,0,,nan,
80.633465,1778660132.361637,,,,,,,,,,,,,,,,,,,,,,,,,,,,,,,,,,,,,,,,,,,,,,,,,,,,,,,,,,,,,,,,0,,nan,,0,,nan,,0,,nan,,0,,nan,,0,,nan,
80.833454,1778660132.561626,,,,,,,,,,,,,,,,,,,,,,,,,,,,,,,,,,,,,,,,,,,,,,,,,,,,,,,,,,,,,,,,0,,nan,,0,,nan,,0,,nan,,0,,nan,,0,,nan,
81.033443,1778660132.761614,,,,,,,,,,,,,,,,,,,,,,,,,,,,,,,,,,,,,,,,,,,,,,,,,,,,,,,,,,,,,,,,0,,nan,,0,,nan,,0,,nan,,0,,nan,,0,,nan,
81.233437,1778660132.961608,,,,,,,,,,,,,,,,,,,,,,,,,,,,,,,,,,,,,,,,,,,,,,,,,,,,,,,,,,,,,,,,0,,nan,,0,,nan,,0,,nan,,0,,nan,,0,,nan,
81.433505,1778660133.161676,,,,,,,,,,,,,,,,,,,,,,,,,,,,,,,,,,,,,,,,,,,,,,,,,,,,,,,,,,,,,,,,0,,nan,,0,,nan,,0,,nan,,0,,nan,,0,,nan,
81.633537,1778660133.361708,,,,,,,,,,,,,,,,,,,,,,,,,,,,,,,,,,,,,,,,,,,,,,,,,,,,,,,,,,,,,,,,0,,nan,,0,,nan,,0,,nan,,0,,nan,,0,,nan,
81.833447,1778660133.561620,,,,,,,,,,,,,,,,,,,,,,,,,,,,,,,,,,,,,,,,,,,,,,,,,,,,,,,,,,,,,,,,0,,nan,,0,,nan,,0,,nan,,0,,nan,,0,,nan,
82.033455,1778660133.761626,,,,,,,,,,,,,,,,,,,,,,,,,,,,,,,,,,,,,,,,,,,,,,,,,,,,,,,,,,,,,,,,0,,nan,,0,,nan,,0,,nan,,0,,nan,,0,,nan,
82.233485,1778660133.961656,,,,,,,,,,,,,,,,,,,,,,,,,,,,,,,,,,,,,,,,,,,,,,,,,,,,,,,,,,,,,,,,0,,nan,,0,,nan,,0,,nan,,0,,nan,,0,,nan,
82.433467,1778660134.161638,,,,,,,,,,,,,,,,,,,,,,,,,,,,,,,,,,,,,,,,,,,,,,,,,,,,,,,,,,,,,,,,0,,nan,,0,,nan,,0,,nan,,0,,nan,,0,,nan,
82.633668,1778660134.361840,,,,,,,,,,,,,,,,,,,,,,,,,,,,,,,,,,,,,,,,,,,,,,,,,,,,,,,,,,,,,,,,0,,nan,,0,,nan,,0,,nan,,0,,nan,,0,,nan,
82.833493,1778660134.561665,,,,,,,,,,,,,,,,,,,,,,,,,,,,,,,,,,,,,,,,,,,,,,,,,,,,,,,,,,,,,,,,0,,nan,,0,,nan,,0,,nan,,0,,nan,,0,,nan,
83.033478,1778660134.761650,,,,,,,,,,,,,,,,,,,,,,,,,,,,,,,,,,,,,,,,,,,,,,,,,,,,,,,,,,,,,,,,0,,nan,,0,,nan,,0,,nan,,0,,nan,,0,,nan,
83.233436,1778660134.961608,,,,,,,,,,,,,,,,,,,,,,,,,,,,,,,,,,,,,,,,,,,,,,,,,,,,,,,,,,,,,,,,0,,nan,,0,,nan,,0,,nan,,0,,nan,,0,,nan,
83.433545,1778660135.161716,,,,,,,,,,,,,,,,,,,,,,,,,,,,,,,,,,,,,,,,,,,,,,,,,,,,,,,,,,,,,,,,0,,nan,,0,,nan,,0,,nan,,0,,nan,,0,,nan,
83.633604,1778660135.361774,,,,,,,,,,,,,,,,,,,,,,,,,,,,,,,,,,,,,,,,,,,,,,,,,,,,,,,,,,,,,,,,0,,nan,,0,,nan,,0,,nan,,0,,nan,,0,,nan,
83.833462,1778660135.561634,,,,,,,,,,,,,,,,,,,,,,,,,,,,,,,,,,,,,,,,,,,,,,,,,,,,,,,,,,,,,,,,0,,nan,,0,,nan,,0,,nan,,0,,nan,,0,,nan,
84.033461,1778660135.761633,,,,,,,,,,,,,,,,,,,,,,,,,,,,,,,,,,,,,,,,,,,,,,,,,,,,,,,,,,,,,,,,0,,nan,,0,,nan,,0,,nan,,0,,nan,,0,,nan,
84.233480,1778660135.961652,,,,,,,,,,,,,,,,,,,,,,,,,,,,,,,,,,,,,,,,,,,,,,,,,,,,,,,,,,,,,,,,0,,nan,,0,,nan,,0,,nan,,0,,nan,,0,,nan,
84.433516,1778660136.161687,,,,,,,,,,,,,,,,,,,,,,,,,,,,,,,,,,,,,,,,,,,,,,,,,,,,,,,,,,,,,,,,0,,nan,,0,,nan,,0,,nan,,0,,nan,,0,,nan,
84.633443,1778660136.361615,,,,,,,,,,,,,,,,,,,,,,,,,,,,,,,,,,,,,,,,,,,,,,,,,,,,,,,,,,,,,,,,0,,nan,,0,,nan,,0,,nan,,0,,nan,,0,,nan,
84.833439,1778660136.561610,,,,,,,,,,,,,,,,,,,,,,,,,,,,,,,,,,,,,,,,,,,,,,,,,,,,,,,,,,,,,,,,0,,nan,,0,,nan,,0,,nan,,0,,nan,,0,,nan,
85.033437,1778660136.761609,,,,,,,,,,,,,,,,,,,,,,,,,,,,,,,,,,,,,,,,,,,,,,,,,,,,,,,,,,,,,,,,0,,nan,,0,,nan,,0,,nan,,0,,nan,,0,,nan,
85.233530,1778660136.961703,,,,,,,,,,,,,,,,,,,,,,,,,,,,,,,,,,,,,,,,,,,,,,,,,,,,,,,,,,,,,,,,0,,nan,,0,,nan,,0,,nan,,0,,nan,,0,,nan,
85.433465,1778660137.161637,,,,,,,,,,,,,,,,,,,,,,,,,,,,,,,,,,,,,,,,,,,,,,,,,,,,,,,,,,,,,,,,0,,nan,,0,,nan,,0,,nan,,0,,nan,,0,,nan,
85.633449,1778660137.361621,,,,,,,,,,,,,,,,,,,,,,,,,,,,,,,,,,,,,,,,,,,,,,,,,,,,,,,,,,,,,,,,0,,nan,,0,,nan,,0,,nan,,0,,nan,,0,,nan,
85.833463,1778660137.561635,,,,,,,,,,,,,,,,,,,,,,,,,,,,,,,,,,,,,,,,,,,,,,,,,,,,,,,,,,,,,,,,0,,nan,,0,,nan,,0,,nan,,0,,nan,,0,,nan,
86.033461,1778660137.761633,,,,,,,,,,,,,,,,,,,,,,,,,,,,,,,,,,,,,,,,,,,,,,,,,,,,,,,,,,,,,,,,0,,nan,,0,,nan,,0,,nan,,0,,nan,,0,,nan,
86.233459,1778660137.961631,,,,,,,,,,,,,,,,,,,,,,,,,,,,,,,,,,,,,,,,,,,,,,,,,,,,,,,,,,,,,,,,0,,nan,,0,,nan,,0,,nan,,0,,nan,,0,,nan,
86.433458,1778660138.161630,,,,,,,,,,,,,,,,,,,,,,,,,,,,,,,,,,,,,,,,,,,,,,,,,,,,,,,,,,,,,,,,0,,nan,,0,,nan,,0,,nan,,0,,nan,,0,,nan,
86.633513,1778660138.361692,,,,,,,,,,,,,,,,,,,,,,,,,,,,,,,,,,,,,,,,,,,,,,,,,,,,,,,,,,,,,,,,0,,nan,,0,,nan,,0,,nan,,0,,nan,,0,,nan,
86.833631,1778660138.561803,,,,,,,,,,,,,,,,,,,,,,,,,,,,,,,,,,,,,,,,,,,,,,,,,,,,,,,,,,,,,,,,0,,nan,,0,,nan,,0,,nan,,0,,nan,,0,,nan,
87.033502,1778660138.761674,,,,,,,,,,,,,,,,,,,,,,,,,,,,,,,,,,,,,,,,,,,,,,,,,,,,,,,,,,,,,,,,0,,nan,,0,,nan,,0,,nan,,0,,nan,,0,,nan,
87.233433,1778660138.961605,,,,,,,,,,,,,,,,,,,,,,,,,,,,,,,,,,,,,,,,,,,,,,,,,,,,,,,,,,,,,,,,0,,nan,,0,,nan,,0,,nan,,0,,nan,,0,,nan,
87.433458,1778660139.161629,,,,,,,,,,,,,,,,,,,,,,,,,,,,,,,,,,,,,,,,,,,,,,,,,,,,,,,,,,,,,,,,0,,nan,,0,,nan,,0,,nan,,0,,nan,,0,,nan,
87.633512,1778660139.361683,,,,,,,,,,,,,,,,,,,,,,,,,,,,,,,,,,,,,,,,,,,,,,,,,,,,,,,,,,,,,,,,0,,nan,,0,,nan,,0,,nan,,0,,nan,,0,,nan,
87.833642,1778660139.561834,,,,,,,,,,,,,,,,,,,,,,,,,,,,,,,,,,,,,,,,,,,,,,,,,,,,,,,,,,,,,,,,0,,nan,,0,,nan,,0,,nan,,0,,nan,,0,,nan,
88.033479,1778660139.761651,,,,,,,,,,,,,,,,,,,,,,,,,,,,,,,,,,,,,,,,,,,,,,,,,,,,,,,,,,,,,,,,0,,nan,,0,,nan,,0,,nan,,0,,nan,,0,,nan,
88.233433,1778660139.961605,,,,,,,,,,,,,,,,,,,,,,,,,,,,,,,,,,,,,,,,,,,,,,,,,,,,,,,,,,,,,,,,0,,nan,,0,,nan,,0,,nan,,0,,nan,,0,,nan,
88.433555,1778660140.161726,,,,,,,,,,,,,,,,,,,,,,,,,,,,,,,,,,,,,,,,,,,,,,,,,,,,,,,,,,,,,,,,0,,nan,,0,,nan,,0,,nan,,0,,nan,,0,,nan,
88.633438,1778660140.361610,,,,,,,,,,,,,,,,,,,,,,,,,,,,,,,,,,,,,,,,,,,,,,,,,,,,,,,,,,,,,,,,0,,nan,,0,,nan,,0,,nan,,0,,nan,,0,,nan,
88.833476,1778660140.561648,,,,,,,,,,,,,,,,,,,,,,,,,,,,,,,,,,,,,,,,,,,,,,,,,,,,,,,,,,,,,,,,0,,nan,,0,,nan,,0,,nan,,0,,nan,,0,,nan,
89.033453,1778660140.761626,,,,,,,,,,,,,,,,,,,,,,,,,,,,,,,,,,,,,,,,,,,,,,,,,,,,,,,,,,,,,,,,0,,nan,,0,,nan,,0,,nan,,0,,nan,,0,,nan,
89.233466,1778660140.961639,,,,,,,,,,,,,,,,,,,,,,,,,,,,,,,,,,,,,,,,,,,,,,,,,,,,,,,,,,,,,,,,0,,nan,,0,,nan,,0,,nan,,0,,nan,,0,,nan,
89.433446,1778660141.161618,,,,,,,,,,,,,,,,,,,,,,,,,,,,,,,,,,,,,,,,,,,,,,,,,,,,,,,,,,,,,,,,0,,nan,,0,,nan,,0,,nan,,0,,nan,,0,,nan,
89.633465,1778660141.361636,,,,,,,,,,,,,,,,,,,,,,,,,,,,,,,,,,,,,,,,,,,,,,,,,,,,,,,,,,,,,,,,0,,nan,,0,,nan,,0,,nan,,0,,nan,,0,,nan,
89.833467,1778660141.561639,,,,,,,,,,,,,,,,,,,,,,,,,,,,,,,,,,,,,,,,,,,,,,,,,,,,,,,,,,,,,,,,0,,nan,,0,,nan,,0,,nan,,0,,nan,,0,,nan,
90.033444,1778660141.761616,,,,,,,,,,,,,,,,,,,,,,,,,,,,,,,,,,,,,,,,,,,,,,,,,,,,,,,,,,,,,,,,0,,nan,,0,,nan,,0,,nan,,0,,nan,,0,,nan,
90.233543,1778660141.961715,,,,,,,,,,,,,,,,,,,,,,,,,,,,,,,,,,,,,,,,,,,,,,,,,,,,,,,,,,,,,,,,0,,nan,,0,,nan,,0,,nan,,0,,nan,,0,,nan,
90.433528,1778660142.161699,,,,,,,,,,,,,,,,,,,,,,,,,,,,,,,,,,,,,,,,,,,,,,,,,,,,,,,,,,,,,,,,0,,nan,,0,,nan,,0,,nan,,0,,nan,,0,,nan,
90.633440,1778660142.361613,,,,,,,,,,,,,,,,,,,,,,,,,,,,,,,,,,,,,,,,,,,,,,,,,,,,,,,,,,,,,,,,0,,nan,,0,,nan,,0,,nan,,0,,nan,,0,,nan,
90.833538,1778660142.561710,,,,,,,,,,,,,,,,,,,,,,,,,,,,,,,,,,,,,,,,,,,,,,,,,,,,,,,,,,,,,,,,0,,nan,,0,,nan,,0,,nan,,0,,nan,,0,,nan,
91.033495,1778660142.761666,,,,,,,,,,,,,,,,,,,,,,,,,,,,,,,,,,,,,,,,,,,,,,,,,,,,,,,,,,,,,,,,0,,nan,,0,,nan,,0,,nan,,0,,nan,,0,,nan,
91.233454,1778660142.961626,,,,,,,,,,,,,,,,,,,,,,,,,,,,,,,,,,,,,,,,,,,,,,,,,,,,,,,,,,,,,,,,0,,nan,,0,,nan,,0,,nan,,0,,nan,,0,,nan,
91.433463,1778660143.161635,,,,,,,,,,,,,,,,,,,,,,,,,,,,,,,,,,,,,,,,,,,,,,,,,,,,,,,,,,,,,,,,0,,nan,,0,,nan,,0,,nan,,0,,nan,,0,,nan,
91.633454,1778660143.361627,,,,,,,,,,,,,,,,,,,,,,,,,,,,,,,,,,,,,,,,,,,,,,,,,,,,,,,,,,,,,,,,0,,nan,,0,,nan,,0,,nan,,0,,nan,,0,,nan,
91.833436,1778660143.561609,,,,,,,,,,,,,,,,,,,,,,,,,,,,,,,,,,,,,,,,,,,,,,,,,,,,,,,,,,,,,,,,0,,nan,,0,,nan,,0,,nan,,0,,nan,,0,,nan,
92.033465,1778660143.761637,,,,,,,,,,,,,,,,,,,,,,,,,,,,,,,,,,,,,,,,,,,,,,,,,,,,,,,,,,,,,,,,0,,nan,,0,,nan,,0,,nan,,0,,nan,,0,,nan,
92.233456,1778660143.961628,,,,,,,,,,,,,,,,,,,,,,,,,,,,,,,,,,,,,,,,,,,,,,,,,,,,,,,,,,,,,,,,0,,nan,,0,,nan,,0,,nan,,0,,nan,,0,,nan,
92.433441,1778660144.161613,,,,,,,,,,,,,,,,,,,,,,,,,,,,,,,,,,,,,,,,,,,,,,,,,,,,,,,,,,,,,,,,0,,nan,,0,,nan,,0,,nan,,0,,nan,,0,,nan,
92.633471,1778660144.361644,,,,,,,,,,,,,,,,,,,,,,,,,,,,,,,,,,,,,,,,,,,,,,,,,,,,,,,,,,,,,,,,0,,nan,,0,,nan,,0,,nan,,0,,nan,,0,,nan,
92.833470,1778660144.561641,,,,,,,,,,,,,,,,,,,,,,,,,,,,,,,,,,,,,,,,,,,,,,,,,,,,,,,,,,,,,,,,0,,nan,,0,,nan,,0,,nan,,0,,nan,,0,,nan,
93.033461,1778660144.761633,,,,,,,,,,,,,,,,,,,,,,,,,,,,,,,,,,,,,,,,,,,,,,,,,,,,,,,,,,,,,,,,0,,nan,,0,,nan,,0,,nan,,0,,nan,,0,,nan,
93.233455,1778660144.961627,,,,,,,,,,,,,,,,,,,,,,,,,,,,,,,,,,,,,,,,,,,,,,,,,,,,,,,,,,,,,,,,0,,nan,,0,,nan,,0,,nan,,0,,nan,,0,,nan,
93.433780,1778660145.161954,,,,,,,,,,,,,,,,,,,,,,,,,,,,,,,,,,,,,,,,,,,,,,,,,,,,,,,,,,,,,,,,0,,nan,,0,,nan,,0,,nan,,0,,nan,,0,,nan,
93.633519,1778660145.361691,,,,,,,,,,,,,,,,,,,,,,,,,,,,,,,,,,,,,,,,,,,,,,,,,,,,,,,,,,,,,,,,0,,nan,,0,,nan,,0,,nan,,0,,nan,,0,,nan,
93.833435,1778660145.561606,,,,,,,,,,,,,,,,,,,,,,,,,,,,,,,,,,,,,,,,,,,,,,,,,,,,,,,,,,,,,,,,0,,nan,,0,,nan,,0,,nan,,0,,nan,,0,,nan,
94.033463,1778660145.761635,,,,,,,,,,,,,,,,,,,,,,,,,,,,,,,,,,,,,,,,,,,,,,,,,,,,,,,,,,,,,,,,0,,nan,,0,,nan,,0,,nan,,0,,nan,,0,,nan,
94.233496,1778660145.961667,,,,,,,,,,,,,,,,,,,,,,,,,,,,,,,,,,,,,,,,,,,,,,,,,,,,,,,,,,,,,,,,0,,nan,,0,,nan,,0,,nan,,0,,nan,,0,,nan,
94.433459,1778660146.161630,,,,,,,,,,,,,,,,,,,,,,,,,,,,,,,,,,,,,,,,,,,,,,,,,,,,,,,,,,,,,,,,0,,nan,,0,,nan,,0,,nan,,0,,nan,,0,,nan,
94.633460,1778660146.361632,,,,,,,,,,,,,,,,,,,,,,,,,,,,,,,,,,,,,,,,,,,,,,,,,,,,,,,,,,,,,,,,0,,nan,,0,,nan,,0,,nan,,0,,nan,,0,,nan,
94.833442,1778660146.561614,,,,,,,,,,,,,,,,,,,,,,,,,,,,,,,,,,,,,,,,,,,,,,,,,,,,,,,,,,,,,,,,0,,nan,,0,,nan,,0,,nan,,0,,nan,,0,,nan,
95.033433,1778660146.761605,,,,,,,,,,,,,,,,,,,,,,,,,,,,,,,,,,,,,,,,,,,,,,,,,,,,,,,,,,,,,,,,0,,nan,,0,,nan,,0,,nan,,0,,nan,,0,,nan,
95.233519,1778660146.961690,,,,,,,,,,,,,,,,,,,,,,,,,,,,,,,,,,,,,,,,,,,,,,,,,,,,,,,,,,,,,,,,0,,nan,,0,,nan,,0,,nan,,0,,nan,,0,,nan,
95.433446,1778660147.161619,,,,,,,,,,,,,,,,,,,,,,,,,,,,,,,,,,,,,,,,,,,,,,,,,,,,,,,,,,,,,,,,0,,nan,,0,,nan,,0,,nan,,0,,nan,,0,,nan,
95.633475,1778660147.361647,,,,,,,,,,,,,,,,,,,,,,,,,,,,,,,,,,,,,,,,,,,,,,,,,,,,,,,,,,,,,,,,0,,nan,,0,,nan,,0,,nan,,0,,nan,,0,,nan,
95.833466,1778660147.561639,,,,,,,,,,,,,,,,,,,,,,,,,,,,,,,,,,,,,,,,,,,,,,,,,,,,,,,,,,,,,,,,0,,nan,,0,,nan,,0,,nan,,0,,nan,,0,,nan,
96.033546,1778660147.761717,,,,,,,,,,,,,,,,,,,,,,,,,,,,,,,,,,,,,,,,,,,,,,,,,,,,,,,,,,,,,,,,0,,nan,,0,,nan,,0,,nan,,0,,nan,,0,,nan,
96.233607,1778660147.961788,,,,,,,,,,,,,,,,,,,,,,,,,,,,,,,,,,,,,,,,,,,,,,,,,,,,,,,,,,,,,,,,0,,nan,,0,,nan,,0,,nan,,0,,nan,,0,,nan,
96.433529,1778660148.161701,,,,,,,,,,,,,,,,,,,,,,,,,,,,,,,,,,,,,,,,,,,,,,,,,,,,,,,,,,,,,,,,0,,nan,,0,,nan,,0,,nan,,0,,nan,,0,,nan,
96.633661,1778660148.361842,,,,,,,,,,,,,,,,,,,,,,,,,,,,,,,,,,,,,,,,,,,,,,,,,,,,,,,,,,,,,,,,0,,nan,,0,,nan,,0,,nan,,0,,nan,,0,,nan,
96.833434,1778660148.561605,,,,,,,,,,,,,,,,,,,,,,,,,,,,,,,,,,,,,,,,,,,,,,,,,,,,,,,,,,,,,,,,0,,nan,,0,,nan,,0,,nan,,0,,nan,,0,,nan,
97.033479,1778660148.761652,,,,,,,,,,,,,,,,,,,,,,,,,,,,,,,,,,,,,,,,,,,,,,,,,,,,,,,,,,,,,,,,0,,nan,,0,,nan,,0,,nan,,0,,nan,,0,,nan,
97.233461,1778660148.961633,,,,,,,,,,,,,,,,,,,,,,,,,,,,,,,,,,,,,,,,,,,,,,,,,,,,,,,,,,,,,,,,0,,nan,,0,,nan,,0,,nan,,0,,nan,,0,,nan,
97.433440,1778660149.161613,,,,,,,,,,,,,,,,,,,,,,,,,,,,,,,,,,,,,,,,,,,,,,,,,,,,,,,,,,,,,,,,0,,nan,,0,,nan,,0,,nan,,0,,nan,,0,,nan,
97.633460,1778660149.361631,,,,,,,,,,,,,,,,,,,,,,,,,,,,,,,,,,,,,,,,,,,,,,,,,,,,,,,,,,,,,,,,0,,nan,,0,,nan,,0,,nan,,0,,nan,,0,,nan,
97.833459,1778660149.561631,,,,,,,,,,,,,,,,,,,,,,,,,,,,,,,,,,,,,,,,,,,,,,,,,,,,,,,,,,,,,,,,0,,nan,,0,,nan,,0,,nan,,0,,nan,,0,,nan,
98.033554,1778660149.761726,,,,,,,,,,,,,,,,,,,,,,,,,,,,,,,,,,,,,,,,,,,,,,,,,,,,,,,,,,,,,,,,0,,nan,,0,,nan,,0,,nan,,0,,nan,,0,,nan,
98.233492,1778660149.961663,,,,,,,,,,,,,,,,,,,,,,,,,,,,,,,,,,,,,,,,,,,,,,,,,,,,,,,,,,,,,,,,0,,nan,,0,,nan,,0,,nan,,0,,nan,,0,,nan,
98.433433,1778660150.161605,,,,,,,,,,,,,,,,,,,,,,,,,,,,,,,,,,,,,,,,,,,,,,,,,,,,,,,,,,,,,,,,0,,nan,,0,,nan,,0,,nan,,0,,nan,,0,,nan,
98.633537,1778660150.361708,,,,,,,,,,,,,,,,,,,,,,,,,,,,,,,,,,,,,,,,,,,,,,,,,,,,,,,,,,,,,,,,0,,nan,,0,,nan,,0,,nan,,0,,nan,,0,,nan,
98.833533,1778660150.561704,,,,,,,,,,,,,,,,,,,,,,,,,,,,,,,,,,,,,,,,,,,,,,,,,,,,,,,,,,,,,,,,0,,nan,,0,,nan,,0,,nan,,0,,nan,,0,,nan,
99.033480,1778660150.761652,,,,,,,,,,,,,,,,,,,,,,,,,,,,,,,,,,,,,,,,,,,,,,,,,,,,,,,,,,,,,,,,0,,nan,,0,,nan,,0,,nan,,0,,nan,,0,,nan,
99.233443,1778660150.961615,,,,,,,,,,,,,,,,,,,,,,,,,,,,,,,,,,,,,,,,,,,,,,,,,,,,,,,,,,,,,,,,0,,nan,,0,,nan,,0,,nan,,0,,nan,,0,,nan,
99.433442,1778660151.161613,,,,,,,,,,,,,,,,,,,,,,,,,,,,,,,,,,,,,,,,,,,,,,,,,,,,,,,,,,,,,,,,0,,nan,,0,,nan,,0,,nan,,0,,nan,,0,,nan,
99.633481,1778660151.361653,,,,,,,,,,,,,,,,,,,,,,,,,,,,,,,,,,,,,,,,,,,,,,,,,,,,,,,,,,,,,,,,0,,nan,,0,,nan,,0,,nan,,0,,nan,,0,,nan,
99.833490,1778660151.561662,,,,,,,,,,,,,,,,,,,,,,,,,,,,,,,,,,,,,,,,,,,,,,,,,,,,,,,,,,,,,,,,0,,nan,,0,,nan,,0,,nan,,0,,nan,,0,,nan,
100.033528,1778660151.761700,,,,,,,,,,,,,,,,,,,,,,,,,,,,,,,,,,,,,,,,,,,,,,,,,,,,,,,,,,,,,,,,0,,nan,,0,,nan,,0,,nan,,0,,nan,,0,,nan,
100.233438,1778660151.961609,,,,,,,,,,,,,,,,,,,,,,,,,,,,,,,,,,,,,,,,,,,,,,,,,,,,,,,,,,,,,,,,0,,nan,,0,,nan,,0,,nan,,0,,nan,,0,,nan,
100.433475,1778660152.161648,,,,,,,,,,,,,,,,,,,,,,,,,,,,,,,,,,,,,,,,,,,,,,,,,,,,,,,,,,,,,,,,0,,nan,,0,,nan,,0,,nan,,0,,nan,,0,,nan,
100.633465,1778660152.361641,,,,,,,,,,,,,,,,,,,,,,,,,,,,,,,,,,,,,,,,,,,,,,,,,,,,,,,,,,,,,,,,0,,nan,,0,,nan,,0,,nan,,0,,nan,,0,,nan,
100.833461,1778660152.561635,,,,,,,,,,,,,,,,,,,,,,,,,,,,,,,,,,,,,,,,,,,,,,,,,,,,,,,,,,,,,,,,0,,nan,,0,,nan,,0,,nan,,0,,nan,,0,,nan,
101.033446,1778660152.761618,,,,,,,,,,,,,,,,,,,,,,,,,,,,,,,,,,,,,,,,,,,,,,,,,,,,,,,,,,,,,,,,0,,nan,,0,,nan,,0,,nan,,0,,nan,,0,,nan,
101.233452,1778660152.961624,,,,,,,,,,,,,,,,,,,,,,,,,,,,,,,,,,,,,,,,,,,,,,,,,,,,,,,,,,,,,,,,0,,nan,,0,,nan,,0,,nan,,0,,nan,,0,,nan,
101.433503,1778660153.161675,,,,,,,,,,,,,,,,,,,,,,,,,,,,,,,,,,,,,,,,,,,,,,,,,,,,,,,,,,,,,,,,0,,nan,,0,,nan,,0,,nan,,0,,nan,,0,,nan,
101.633439,1778660153.361613,,,,,,,,,,,,,,,,,,,,,,,,,,,,,,,,,,,,,,,,,,,,,,,,,,,,,,,,,,,,,,,,0,,nan,,0,,nan,,0,,nan,,0,,nan,,0,,nan,
101.833515,1778660153.561687,,,,,,,,,,,,,,,,,,,,,,,,,,,,,,,,,,,,,,,,,,,,,,,,,,,,,,,,,,,,,,,,0,,nan,,0,,nan,,0,,nan,,0,,nan,,0,,nan,
102.033423,1778660153.761596,,,,,,,,,,,,,,,,,,,,,,,,,,,,,,,,,,,,,,,,,,,,,,,,,,,,,,,,,,,,,,,,0,,nan,,0,,nan,,0,,nan,,0,,nan,,0,,nan,
102.233463,1778660153.961636,,,,,,,,,,,,,,,,,,,,,,,,,,,,,,,,,,,,,,,,,,,,,,,,,,,,,,,,,,,,,,,,0,,nan,,0,,nan,,0,,nan,,0,,nan,,0,,nan,
102.433535,1778660154.161708,,,,,,,,,,,,,,,,,,,,,,,,,,,,,,,,,,,,,,,,,,,,,,,,,,,,,,,,,,,,,,,,0,,nan,,0,,nan,,0,,nan,,0,,nan,,0,,nan,
102.633415,1778660154.361588,,,,,,,,,,,,,,,,,,,,,,,,,,,,,,,,,,,,,,,,,,,,,,,,,,,,,,,,,,,,,,,,0,,nan,,0,,nan,,0,,nan,,0,,nan,,0,,nan,
102.833473,1778660154.561646,,,,,,,,,,,,,,,,,,,,,,,,,,,,,,,,,,,,,,,,,,,,,,,,,,,,,,,,,,,,,,,,0,,nan,,0,,nan,,0,,nan,,0,,nan,,0,,nan,
103.033454,1778660154.761627,,,,,,,,,,,,,,,,,,,,,,,,,,,,,,,,,,,,,,,,,,,,,,,,,,,,,,,,,,,,,,,,0,,nan,,0,,nan,,0,,nan,,0,,nan,,0,,nan,
103.233535,1778660154.961707,,,,,,,,,,,,,,,,,,,,,,,,,,,,,,,,,,,,,,,,,,,,,,,,,,,,,,,,,,,,,,,,0,,nan,,0,,nan,,0,,nan,,0,,nan,,0,,nan,
103.433515,1778660155.161688,,,,,,,,,,,,,,,,,,,,,,,,,,,,,,,,,,,,,,,,,,,,,,,,,,,,,,,,,,,,,,,,0,,nan,,0,,nan,,0,,nan,,0,,nan,,0,,nan,
103.633558,1778660155.361732,,,,,,,,,,,,,,,,,,,,,,,,,,,,,,,,,,,,,,,,,,,,,,,,,,,,,,,,,,,,,,,,0,,nan,,0,,nan,,0,,nan,,0,,nan,,0,,nan,
103.833476,1778660155.561648,,,,,,,,,,,,,,,,,,,,,,,,,,,,,,,,,,,,,,,,,,,,,,,,,,,,,,,,,,,,,,,,0,,nan,,0,,nan,,0,,nan,,0,,nan,,0,,nan,
104.033477,1778660155.761648,,,,,,,,,,,,,,,,,,,,,,,,,,,,,,,,,,,,,,,,,,,,,,,,,,,,,,,,,,,,,,,,0,,nan,,0,,nan,,0,,nan,,0,,nan,,0,,nan,
104.233532,1778660155.961704,,,,,,,,,,,,,,,,,,,,,,,,,,,,,,,,,,,,,,,,,,,,,,,,,,,,,,,,,,,,,,,,0,,nan,,0,,nan,,0,,nan,,0,,nan,,0,,nan,
104.433517,1778660156.161689,,,,,,,,,,,,,,,,,,,,,,,,,,,,,,,,,,,,,,,,,,,,,,,,,,,,,,,,,,,,,,,,0,,nan,,0,,nan,,0,,nan,,0,,nan,,0,,nan,
104.633455,1778660156.361627,,,,,,,,,,,,,,,,,,,,,,,,,,,,,,,,,,,,,,,,,,,,,,,,,,,,,,,,,,,,,,,,0,,nan,,0,,nan,,0,,nan,,0,,nan,,0,,nan,
104.833505,1778660156.561677,,,,,,,,,,,,,,,,,,,,,,,,,,,,,,,,,,,,,,,,,,,,,,,,,,,,,,,,,,,,,,,,0,,nan,,0,,nan,,0,,nan,,0,,nan,,0,,nan,
105.033468,1778660156.761639,,,,,,,,,,,,,,,,,,,,,,,,,,,,,,,,,,,,,,,,,,,,,,,,,,,,,,,,,,,,,,,,0,,nan,,0,,nan,,0,,nan,,0,,nan,,0,,nan,
105.233517,1778660156.961690,,,,,,,,,,,,,,,,,,,,,,,,,,,,,,,,,,,,,,,,,,,,,,,,,,,,,,,,,,,,,,,,0,,nan,,0,,nan,,0,,nan,,0,,nan,,0,,nan,
105.433461,1778660157.161633,,,,,,,,,,,,,,,,,,,,,,,,,,,,,,,,,,,,,,,,,,,,,,,,,,,,,,,,,,,,,,,,0,,nan,,0,,nan,,0,,nan,,0,,nan,,0,,nan,
105.633922,1778660157.362113,,,,,,,,,,,,,,,,,,,,,,,,,,,,,,,,,,,,,,,,,,,,,,,,,,,,,,,,,,,,,,,,0,,nan,,0,,nan,,0,,nan,,0,,nan,,0,,nan,
105.833904,1778660157.562092,,,,,,,,,,,,,,,,,,,,,,,,,,,,,,,,,,,,,,,,,,,,,,,,,,,,,,,,,,,,,,,,0,,nan,,0,,nan,,0,,nan,,0,,nan,,0,,nan,
106.034000,1778660157.762185,,,,,,,,,,,,,,,,,,,,,,,,,,,,,,,,,,,,,,,,,,,,,,,,,,,,,,,,,,,,,,,,0,,nan,,0,,nan,,0,,nan,,0,,nan,,0,,nan,
106.233883,1778660157.962065,,,,,,,,,,,,,,,,,,,,,,,,,,,,,,,,,,,,,,,,,,,,,,,,,,,,,,,,,,,,,,,,0,,nan,,0,,nan,,0,,nan,,0,,nan,,0,,nan,
106.433934,1778660158.162119,,,,,,,,,,,,,,,,,,,,,,,,,,,,,,,,,,,,,,,,,,,,,,,,,,,,,,,,,,,,,,,,0,,nan,,0,,nan,,0,,nan,,0,,nan,,0,,nan,
106.633952,1778660158.362138,,,,,,,,,,,,,,,,,,,,,,,,,,,,,,,,,,,,,,,,,,,,,,,,,,,,,,,,,,,,,,,,0,,nan,,0,,nan,,0,,nan,,0,,nan,,0,,nan,
106.833980,1778660158.562165,,,,,,,,,,,,,,,,,,,,,,,,,,,,,,,,,,,,,,,,,,,,,,,,,,,,,,,,,,,,,,,,0,,nan,,0,,nan,,0,,nan,,0,,nan,,0,,nan,
107.033887,1778660158.762073,,,,,,,,,,,,,,,,,,,,,,,,,,,,,,,,,,,,,,,,,,,,,,,,,,,,,,,,,,,,,,,,0,,nan,,0,,nan,,0,,nan,,0,,nan,,0,,nan,
107.233847,1778660158.962031,,,,,,,,,,,,,,,,,,,,,,,,,,,,,,,,,,,,,,,,,,,,,,,,,,,,,,,,,,,,,,,,0,,nan,,0,,nan,,0,,nan,,0,,nan,,0,,nan,
107.433711,1778660159.161892,,,,,,,,,,,,,,,,,,,,,,,,,,,,,,,,,,,,,,,,,,,,,,,,,,,,,,,,,,,,,,,,0,,nan,,0,,nan,,0,,nan,,0,,nan,,0,,nan,
107.633906,1778660159.362098,,,,,,,,,,,,,,,,,,,,,,,,,,,,,,,,,,,,,,,,,,,,,,,,,,,,,,,,,,,,,,,,0,,nan,,0,,nan,,0,,nan,,0,,nan,,0,,nan,
107.833891,1778660159.562074,,,,,,,,,,,,,,,,,,,,,,,,,,,,,,,,,,,,,,,,,,,,,,,,,,,,,,,,,,,,,,,,0,,nan,,0,,nan,,0,,nan,,0,,nan,,0,,nan,
108.033844,1778660159.762027,,,,,,,,,,,,,,,,,,,,,,,,,,,,,,,,,,,,,,,,,,,,,,,,,,,,,,,,,,,,,,,,0,,nan,,0,,nan,,0,,nan,,0,,nan,,0,,nan,
108.233863,1778660159.962048,,,,,,,,,,,,,,,,,,,,,,,,,,,,,,,,,,,,,,,,,,,,,,,,,,,,,,,,,,,,,,,,0,,nan,,0,,nan,,0,,nan,,0,,nan,,0,,nan,
108.433863,1778660160.162048,,,,,,,,,,,,,,,,,,,,,,,,,,,,,,,,,,,,,,,,,,,,,,,,,,,,,,,,,,,,,,,,0,,nan,,0,,nan,,0,,nan,,0,,nan,,0,,nan,
108.634138,1778660160.362338,,,,,,,,,,,,,,,,,,,,,,,,,,,,,,,,,,,,,,,,,,,,,,,,,,,,,,,,,,,,,,,,0,,nan,,0,,nan,,0,,nan,,0,,nan,,0,,nan,
108.833930,1778660160.562116,,,,,,,,,,,,,,,,,,,,,,,,,,,,,,,,,,,,,,,,,,,,,,,,,,,,,,,,,,,,,,,,0,,nan,,0,,nan,,0,,nan,,0,,nan,,0,,nan,
109.033897,1778660160.762081,,,,,,,,,,,,,,,,,,,,,,,,,,,,,,,,,,,,,,,,,,,,,,,,,,,,,,,,,,,,,,,,0,,nan,,0,,nan,,0,,nan,,0,,nan,,0,,nan,
109.233915,1778660160.962102,,,,,,,,,,,,,,,,,,,,,,,,,,,,,,,,,,,,,,,,,,,,,,,,,,,,,,,,,,,,,,,,0,,nan,,0,,nan,,0,,nan,,0,,nan,,0,,nan,
109.433884,1778660161.162071,,,,,,,,,,,,,,,,,,,,,,,,,,,,,,,,,,,,,,,,,,,,,,,,,,,,,,,,,,,,,,,,0,,nan,,0,,nan,,0,,nan,,0,,nan,,0,,nan,
109.633882,1778660161.362067,,,,,,,,,,,,,,,,,,,,,,,,,,,,,,,,,,,,,,,,,,,,,,,,,,,,,,,,,,,,,,,,0,,nan,,0,,nan,,0,,nan,,0,,nan,,0,,nan,
109.833858,1778660161.562042,,,,,,,,,,,,,,,,,,,,,,,,,,,,,,,,,,,,,,,,,,,,,,,,,,,,,,,,,,,,,,,,0,,nan,,0,,nan,,0,,nan,,0,,nan,,0,,nan,
110.033865,1778660161.762053,,,,,,,,,,,,,,,,,,,,,,,,,,,,,,,,,,,,,,,,,,,,,,,,,,,,,,,,,,,,,,,,0,,nan,,0,,nan,,0,,nan,,0,,nan,,0,,nan,
110.233907,1778660161.962094,,,,,,,,,,,,,,,,,,,,,,,,,,,,,,,,,,,,,,,,,,,,,,,,,,,,,,,,,,,,,,,,0,,nan,,0,,nan,,0,,nan,,0,,nan,,0,,nan,
110.433860,1778660162.162045,,,,,,,,,,,,,,,,,,,,,,,,,,,,,,,,,,,,,,,,,,,,,,,,,,,,,,,,,,,,,,,,0,,nan,,0,,nan,,0,,nan,,0,,nan,,0,,nan,
110.633572,1778660162.361744,,,,,,,,,,,,,,,,,,,,,,,,,,,,,,,,,,,,,,,,,,,,,,,,,,,,,,,,,,,,,,,,0,,nan,,0,,nan,,0,,nan,,0,,nan,,0,,nan,
110.833528,1778660162.561702,,,,,,,,,,,,,,,,,,,,,,,,,,,,,,,,,,,,,,,,,,,,,,,,,,,,,,,,,,,,,,,,0,,nan,,0,,nan,,0,,nan,,0,,nan,,0,,nan,
111.033606,1778660162.761777,,,,,,,,,,,,,,,,,,,,,,,,,,,,,,,,,,,,,,,,,,,,,,,,,,,,,,,,,,,,,,,,0,,nan,,0,,nan,,0,,nan,,0,,nan,,0,,nan,
111.233537,1778660162.961709,,,,,,,,,,,,,,,,,,,,,,,,,,,,,,,,,,,,,,,,,,,,,,,,,,,,,,,,,,,,,,,,0,,nan,,0,,nan,,0,,nan,,0,,nan,,0,,nan,
111.433557,1778660163.161732,,,,,,,,,,,,,,,,,,,,,,,,,,,,,,,,,,,,,,,,,,,,,,,,,,,,,,,,,,,,,,,,0,,nan,,0,,nan,,0,,nan,,0,,nan,,0,,nan,
111.633590,1778660163.361763,,,,,,,,,,,,,,,,,,,,,,,,,,,,,,,,,,,,,,,,,,,,,,,,,,,,,,,,,,,,,,,,0,,nan,,0,,nan,,0,,nan,,0,,nan,,0,,nan,
111.833545,1778660163.561718,,,,,,,,,,,,,,,,,,,,,,,,,,,,,,,,,,,,,,,,,,,,,,,,,,,,,,,,,,,,,,,,0,,nan,,0,,nan,,0,,nan,,0,,nan,,0,,nan,
112.033710,1778660163.761885,,,,,,,,,,,,,,,,,,,,,,,,,,,,,,,,,,,,,,,,,,,,,,,,,,,,,,,,,,,,,,,,0,,nan,,0,,nan,,0,,nan,,0,,nan,,0,,nan,
112.233573,1778660163.961747,,,,,,,,,,,,,,,,,,,,,,,,,,,,,,,,,,,,,,,,,,,,,,,,,,,,,,,,,,,,,,,,0,,nan,,0,,nan,,0,,nan,,0,,nan,,0,,nan,
112.433571,1778660164.161745,,,,,,,,,,,,,,,,,,,,,,,,,,,,,,,,,,,,,,,,,,,,,,,,,,,,,,,,,,,,,,,,0,,nan,,0,,nan,,0,,nan,,0,,nan,,0,,nan,
112.633562,1778660164.361734,,,,,,,,,,,,,,,,,,,,,,,,,,,,,,,,,,,,,,,,,,,,,,,,,,,,,,,,,,,,,,,,0,,nan,,0,,nan,,0,,nan,,0,,nan,,0,,nan,
112.833545,1778660164.561718,,,,,,,,,,,,,,,,,,,,,,,,,,,,,,,,,,,,,,,,,,,,,,,,,,,,,,,,,,,,,,,,0,,nan,,0,,nan,,0,,nan,,0,,nan,,0,,nan,
113.033535,1778660164.761707,,,,,,,,,,,,,,,,,,,,,,,,,,,,,,,,,,,,,,,,,,,,,,,,,,,,,,,,,,,,,,,,0,,nan,,0,,nan,,0,,nan,,0,,nan,,0,,nan,
113.233558,1778660164.961730,,,,,,,,,,,,,,,,,,,,,,,,,,,,,,,,,,,,,,,,,,,,,,,,,,,,,,,,,,,,,,,,0,,nan,,0,,nan,,0,,nan,,0,,nan,,0,,nan,
113.433577,1778660165.161752,,,,,,,,,,,,,,,,,,,,,,,,,,,,,,,,,,,,,,,,,,,,,,,,,,,,,,,,,,,,,,,,0,,nan,,0,,nan,,0,,nan,,0,,nan,,0,,nan,
113.633584,1778660165.361755,,,,,,,,,,,,,,,,,,,,,,,,,,,,,,,,,,,,,,,,,,,,,,,,,,,,,,,,,,,,,,,,0,,nan,,0,,nan,,0,,nan,,0,,nan,,0,,nan,
113.833498,1778660165.561669,,,,,,,,,,,,,,,,,,,,,,,,,,,,,,,,,,,,,,,,,,,,,,,,,,,,,,,,,,,,,,,,0,,nan,,0,,nan,,0,,nan,,0,,nan,,0,,nan,
114.033474,1778660165.761646,,,,,,,,,,,,,,,,,,,,,,,,,,,,,,,,,,,,,,,,,,,,,,,,,,,,,,,,,,,,,,,,0,,nan,,0,,nan,,0,,nan,,0,,nan,,0,,nan,
114.233478,1778660165.961649,,,,,,,,,,,,,,,,,,,,,,,,,,,,,,,,,,,,,,,,,,,,,,,,,,,,,,,,,,,,,,,,0,,nan,,0,,nan,,0,,nan,,0,,nan,,0,,nan,
114.433427,1778660166.161598,,,,,,,,,,,,,,,,,,,,,,,,,,,,,,,,,,,,,,,,,,,,,,,,,,,,,,,,,,,,,,,,0,,nan,,0,,nan,,0,,nan,,0,,nan,,0,,nan,
114.633509,1778660166.361680,,,,,,,,,,,,,,,,,,,,,,,,,,,,,,,,,,,,,,,,,,,,,,,,,,,,,,,,,,,,,,,,0,,nan,,0,,nan,,0,,nan,,0,,nan,,0,,nan,
114.833635,1778660166.561812,,,,,,,,,,,,,,,,,,,,,,,,,,,,,,,,,,,,,,,,,,,,,,,,,,,,,,,,,,,,,,,,0,,nan,,0,,nan,,0,,nan,,0,,nan,,0,,nan,
115.033414,1778660166.761584,,,,,,,,,,,,,,,,,,,,,,,,,,,,,,,,,,,,,,,,,,,,,,,,,,,,,,,,,,,,,,,,0,,nan,,0,,nan,,0,,nan,,0,,nan,,0,,nan,
115.233448,1778660166.961620,,,,,,,,,,,,,,,,,,,,,,,,,,,,,,,,,,,,,,,,,,,,,,,,,,,,,,,,,,,,,,,,0,,nan,,0,,nan,,0,,nan,,0,,nan,,0,,nan,
115.433459,1778660167.161630,,,,,,,,,,,,,,,,,,,,,,,,,,,,,,,,,,,,,,,,,,,,,,,,,,,,,,,,,,,,,,,,0,,nan,,0,,nan,,0,,nan,,0,,nan,,0,,nan,
115.633451,1778660167.361622,,,,,,,,,,,,,,,,,,,,,,,,,,,,,,,,,,,,,,,,,,,,,,,,,,,,,,,,,,,,,,,,0,,nan,,0,,nan,,0,,nan,,0,,nan,,0,,nan,
115.833444,1778660167.561616,,,,,,,,,,,,,,,,,,,,,,,,,,,,,,,,,,,,,,,,,,,,,,,,,,,,,,,,,,,,,,,,0,,nan,,0,,nan,,0,,nan,,0,,nan,,0,,nan,
116.033442,1778660167.761612,,,,,,,,,,,,,,,,,,,,,,,,,,,,,,,,,,,,,,,,,,,,,,,,,,,,,,,,,,,,,,,,0,,nan,,0,,nan,,0,,nan,,0,,nan,,0,,nan,
116.233438,1778660167.961610,,,,,,,,,,,,,,,,,,,,,,,,,,,,,,,,,,,,,,,,,,,,,,,,,,,,,,,,,,,,,,,,0,,nan,,0,,nan,,0,,nan,,0,,nan,,0,,nan,
116.433476,1778660168.161648,,,,,,,,,,,,,,,,,,,,,,,,,,,,,,,,,,,,,,,,,,,,,,,,,,,,,,,,,,,,,,,,0,,nan,,0,,nan,,0,,nan,,0,,nan,,0,,nan,
116.633456,1778660168.361627,,,,,,,,,,,,,,,,,,,,,,,,,,,,,,,,,,,,,,,,,,,,,,,,,,,,,,,,,,,,,,,,0,,nan,,0,,nan,,0,,nan,,0,,nan,,0,,nan,
116.833431,1778660168.561604,,,,,,,,,,,,,,,,,,,,,,,,,,,,,,,,,,,,,,,,,,,,,,,,,,,,,,,,,,,,,,,,0,,nan,,0,,nan,,0,,nan,,0,,nan,,0,,nan,
117.033453,1778660168.761626,,,,,,,,,,,,,,,,,,,,,,,,,,,,,,,,,,,,,,,,,,,,,,,,,,,,,,,,,,,,,,,,0,,nan,,0,,nan,,0,,nan,,0,,nan,,0,,nan,
117.233460,1778660168.961632,,,,,,,,,,,,,,,,,,,,,,,,,,,,,,,,,,,,,,,,,,,,,,,,,,,,,,,,,,,,,,,,0,,nan,,0,,nan,,0,,nan,,0,,nan,,0,,nan,
117.433452,1778660169.161624,,,,,,,,,,,,,,,,,,,,,,,,,,,,,,,,,,,,,,,,,,,,,,,,,,,,,,,,,,,,,,,,0,,nan,,0,,nan,,0,,nan,,0,,nan,,0,,nan,
117.633453,1778660169.361625,,,,,,,,,,,,,,,,,,,,,,,,,,,,,,,,,,,,,,,,,,,,,,,,,,,,,,,,,,,,,,,,0,,nan,,0,,nan,,0,,nan,,0,,nan,,0,,nan,
117.833443,1778660169.561616,,,,,,,,,,,,,,,,,,,,,,,,,,,,,,,,,,,,,,,,,,,,,,,,,,,,,,,,,,,,,,,,0,,nan,,0,,nan,,0,,nan,,0,,nan,,0,,nan,
118.033449,1778660169.761621,,,,,,,,,,,,,,,,,,,,,,,,,,,,,,,,,,,,,,,,,,,,,,,,,,,,,,,,,,,,,,,,0,,nan,,0,,nan,,0,,nan,,0,,nan,,0,,nan,
118.233509,1778660169.961681,,,,,,,,,,,,,,,,,,,,,,,,,,,,,,,,,,,,,,,,,,,,,,,,,,,,,,,,,,,,,,,,0,,nan,,0,,nan,,0,,nan,,0,,nan,,0,,nan,
118.433519,1778660170.161690,,,,,,,,,,,,,,,,,,,,,,,,,,,,,,,,,,,,,,,,,,,,,,,,,,,,,,,,,,,,,,,,0,,nan,,0,,nan,,0,,nan,,0,,nan,,0,,nan,
118.633437,1778660170.361609,,,,,,,,,,,,,,,,,,,,,,,,,,,,,,,,,,,,,,,,,,,,,,,,,,,,,,,,,,,,,,,,0,,nan,,0,,nan,,0,,nan,,0,,nan,,0,,nan,
118.833460,1778660170.561632,,,,,,,,,,,,,,,,,,,,,,,,,,,,,,,,,,,,,,,,,,,,,,,,,,,,,,,,,,,,,,,,0,,nan,,0,,nan,,0,,nan,,0,,nan,,0,,nan,
119.033459,1778660170.761631,,,,,,,,,,,,,,,,,,,,,,,,,,,,,,,,,,,,,,,,,,,,,,,,,,,,,,,,,,,,,,,,0,,nan,,0,,nan,,0,,nan,,0,,nan,,0,,nan,
119.233549,1778660170.961721,,,,,,,,,,,,,,,,,,,,,,,,,,,,,,,,,,,,,,,,,,,,,,,,,,,,,,,,,,,,,,,,0,,nan,,0,,nan,,0,,nan,,0,,nan,,0,,nan,
119.433461,1778660171.161633,,,,,,,,,,,,,,,,,,,,,,,,,,,,,,,,,,,,,,,,,,,,,,,,,,,,,,,,,,,,,,,,0,,nan,,0,,nan,,0,,nan,,0,,nan,,0,,nan,
119.633463,1778660171.361635,,,,,,,,,,,,,,,,,,,,,,,,,,,,,,,,,,,,,,,,,,,,,,,,,,,,,,,,,,,,,,,,0,,nan,,0,,nan,,0,,nan,,0,,nan,,0,,nan,
119.833456,1778660171.561628,,,,,,,,,,,,,,,,,,,,,,,,,,,,,,,,,,,,,,,,,,,,,,,,,,,,,,,,,,,,,,,,0,,nan,,0,,nan,,0,,nan,,0,,nan,,0,,nan,
120.033497,1778660171.761669,,,,,,,,,,,,,,,,,,,,,,,,,,,,,,,,,,,,,,,,,,,,,,,,,,,,,,,,,,,,,,,,0,,nan,,0,,nan,,0,,nan,,0,,nan,,0,,nan,
120.233583,1778660171.961765,,,,,,,,,,,,,,,,,,,,,,,,,,,,,,,,,,,,,,,,,,,,,,,,,,,,,,,,,,,,,,,,0,,nan,,0,,nan,,0,,nan,,0,,nan,,0,,nan,
120.433679,1778660172.161850,,,,,,,,,,,,,,,,,,,,,,,,,,,,,,,,,,,,,,,,,,,,,,,,,,,,,,,,,,,,,,,,0,,nan,,0,,nan,,0,,nan,,0,,nan,,0,,nan,
120.633487,1778660172.361660,,,,,,,,,,,,,,,,,,,,,,,,,,,,,,,,,,,,,,,,,,,,,,,,,,,,,,,,,,,,,,,,0,,nan,,0,,nan,,0,,nan,,0,,nan,,0,,nan,
120.833491,1778660172.561663,,,,,,,,,,,,,,,,,,,,,,,,,,,,,,,,,,,,,,,,,,,,,,,,,,,,,,,,,,,,,,,,0,,nan,,0,,nan,,0,,nan,,0,,nan,,0,,nan,
121.033464,1778660172.761636,,,,,,,,,,,,,,,,,,,,,,,,,,,,,,,,,,,,,,,,,,,,,,,,,,,,,,,,,,,,,,,,0,,nan,,0,,nan,,0,,nan,,0,,nan,,0,,nan,
121.233452,1778660172.961625,,,,,,,,,,,,,,,,,,,,,,,,,,,,,,,,,,,,,,,,,,,,,,,,,,,,,,,,,,,,,,,,0,,nan,,0,,nan,,0,,nan,,0,,nan,,0,,nan,
121.433457,1778660173.161629,,,,,,,,,,,,,,,,,,,,,,,,,,,,,,,,,,,,,,,,,,,,,,,,,,,,,,,,,,,,,,,,0,,nan,,0,,nan,,0,,nan,,0,,nan,,0,,nan,
121.633467,1778660173.361640,,,,,,,,,,,,,,,,,,,,,,,,,,,,,,,,,,,,,,,,,,,,,,,,,,,,,,,,,,,,,,,,0,,nan,,0,,nan,,0,,nan,,0,,nan,,0,,nan,
121.833395,1778660173.561567,,,,,,,,,,,,,,,,,,,,,,,,,,,,,,,,,,,,,,,,,,,,,,,,,,,,,,,,,,,,,,,,0,,nan,,0,,nan,,0,,nan,,0,,nan,,0,,nan,
122.033441,1778660173.761613,,,,,,,,,,,,,,,,,,,,,,,,,,,,,,,,,,,,,,,,,,,,,,,,,,,,,,,,,,,,,,,,0,,nan,,0,,nan,,0,,nan,,0,,nan,,0,,nan,
122.233497,1778660173.961668,,,,,,,,,,,,,,,,,,,,,,,,,,,,,,,,,,,,,,,,,,,,,,,,,,,,,,,,,,,,,,,,0,,nan,,0,,nan,,0,,nan,,0,,nan,,0,,nan,
122.433392,1778660174.161564,,,,,,,,,,,,,,,,,,,,,,,,,,,,,,,,,,,,,,,,,,,,,,,,,,,,,,,,,,,,,,,,0,,nan,,0,,nan,,0,,nan,,0,,nan,,0,,nan,
122.633602,1778660174.361783,,,,,,,,,,,,,,,,,,,,,,,,,,,,,,,,,,,,,,,,,,,,,,,,,,,,,,,,,,,,,,,,0,,nan,,0,,nan,,0,,nan,,0,,nan,,0,,nan,
122.833519,1778660174.561691,,,,,,,,,,,,,,,,,,,,,,,,,,,,,,,,,,,,,,,,,,,,,,,,,,,,,,,,,,,,,,,,0,,nan,,0,,nan,,0,,nan,,0,,nan,,0,,nan,
123.033464,1778660174.761636,,,,,,,,,,,,,,,,,,,,,,,,,,,,,,,,,,,,,,,,,,,,,,,,,,,,,,,,,,,,,,,,0,,nan,,0,,nan,,0,,nan,,0,,nan,,0,,nan,
123.233472,1778660174.961644,,,,,,,,,,,,,,,,,,,,,,,,,,,,,,,,,,,,,,,,,,,,,,,,,,,,,,,,,,,,,,,,0,,nan,,0,,nan,,0,,nan,,0,,nan,,0,,nan,
123.433455,1778660175.161627,,,,,,,,,,,,,,,,,,,,,,,,,,,,,,,,,,,,,,,,,,,,,,,,,,,,,,,,,,,,,,,,0,,nan,,0,,nan,,0,,nan,,0,,nan,,0,,nan,
123.633517,1778660175.361688,,,,,,,,,,,,,,,,,,,,,,,,,,,,,,,,,,,,,,,,,,,,,,,,,,,,,,,,,,,,,,,,0,,nan,,0,,nan,,0,,nan,,0,,nan,,0,,nan,
123.833434,1778660175.561606,,,,,,,,,,,,,,,,,,,,,,,,,,,,,,,,,,,,,,,,,,,,,,,,,,,,,,,,,,,,,,,,0,,nan,,0,,nan,,0,,nan,,0,,nan,,0,,nan,
124.033440,1778660175.761612,,,,,,,,,,,,,,,,,,,,,,,,,,,,,,,,,,,,,,,,,,,,,,,,,,,,,,,,,,,,,,,,0,,nan,,0,,nan,,0,,nan,,0,,nan,,0,,nan,
124.233510,1778660175.961687,,,,,,,,,,,,,,,,,,,,,,,,,,,,,,,,,,,,,,,,,,,,,,,,,,,,,,,,,,,,,,,,0,,nan,,0,,nan,,0,,nan,,0,,nan,,0,,nan,
124.433451,1778660176.161623,,,,,,,,,,,,,,,,,,,,,,,,,,,,,,,,,,,,,,,,,,,,,,,,,,,,,,,,,,,,,,,,0,,nan,,0,,nan,,0,,nan,,0,,nan,,0,,nan,
124.633543,1778660176.361725,,,,,,,,,,,,,,,,,,,,,,,,,,,,,,,,,,,,,,,,,,,,,,,,,,,,,,,,,,,,,,,,0,,nan,,0,,nan,,0,,nan,,0,,nan,,0,,nan,
124.833468,1778660176.561640,,,,,,,,,,,,,,,,,,,,,,,,,,,,,,,,,,,,,,,,,,,,,,,,,,,,,,,,,,,,,,,,0,,nan,,0,,nan,,0,,nan,,0,,nan,,0,,nan,
125.033466,1778660176.761638,,,,,,,,,,,,,,,,,,,,,,,,,,,,,,,,,,,,,,,,,,,,,,,,,,,,,,,,,,,,,,,,0,,nan,,0,,nan,,0,,nan,,0,,nan,,0,,nan,
125.233448,1778660176.961619,,,,,,,,,,,,,,,,,,,,,,,,,,,,,,,,,,,,,,,,,,,,,,,,,,,,,,,,,,,,,,,,0,,nan,,0,,nan,,0,,nan,,0,,nan,,0,,nan,
125.433435,1778660177.161607,,,,,,,,,,,,,,,,,,,,,,,,,,,,,,,,,,,,,,,,,,,,,,,,,,,,,,,,,,,,,,,,0,,nan,,0,,nan,,0,,nan,,0,,nan,,0,,nan,
125.633451,1778660177.361623,,,,,,,,,,,,,,,,,,,,,,,,,,,,,,,,,,,,,,,,,,,,,,,,,,,,,,,,,,,,,,,,0,,nan,,0,,nan,,0,,nan,,0,,nan,,0,,nan,
125.833470,1778660177.561642,,,,,,,,,,,,,,,,,,,,,,,,,,,,,,,,,,,,,,,,,,,,,,,,,,,,,,,,,,,,,,,,0,,nan,,0,,nan,,0,,nan,,0,,nan,,0,,nan,
126.033473,1778660177.761646,,,,,,,,,,,,,,,,,,,,,,,,,,,,,,,,,,,,,,,,,,,,,,,,,,,,,,,,,,,,,,,,0,,nan,,0,,nan,,0,,nan,,0,,nan,,0,,nan,
126.233629,1778660177.961810,,,,,,,,,,,,,,,,,,,,,,,,,,,,,,,,,,,,,,,,,,,,,,,,,,,,,,,,,,,,,,,,0,,nan,,0,,nan,,0,,nan,,0,,nan,,0,,nan,
126.433466,1778660178.161637,,,,,,,,,,,,,,,,,,,,,,,,,,,,,,,,,,,,,,,,,,,,,,,,,,,,,,,,,,,,,,,,0,,nan,,0,,nan,,0,,nan,,0,,nan,,0,,nan,
126.633409,1778660178.361580,,,,,,,,,,,,,,,,,,,,,,,,,,,,,,,,,,,,,,,,,,,,,,,,,,,,,,,,,,,,,,,,0,,nan,,0,,nan,,0,,nan,,0,,nan,,0,,nan,
126.833431,1778660178.561603,,,,,,,,,,,,,,,,,,,,,,,,,,,,,,,,,,,,,,,,,,,,,,,,,,,,,,,,,,,,,,,,0,,nan,,0,,nan,,0,,nan,,0,,nan,,0,,nan,
127.033512,1778660178.761683,,,,,,,,,,,,,,,,,,,,,,,,,,,,,,,,,,,,,,,,,,,,,,,,,,,,,,,,,,,,,,,,0,,nan,,0,,nan,,0,,nan,,0,,nan,,0,,nan,
127.233525,1778660178.961697,,,,,,,,,,,,,,,,,,,,,,,,,,,,,,,,,,,,,,,,,,,,,,,,,,,,,,,,,,,,,,,,0,,nan,,0,,nan,,0,,nan,,0,,nan,,0,,nan,
127.433493,1778660179.161665,,,,,,,,,,,,,,,,,,,,,,,,,,,,,,,,,,,,,,,,,,,,,,,,,,,,,,,,,,,,,,,,0,,nan,,0,,nan,,0,,nan,,0,,nan,,0,,nan,
127.633463,1778660179.361634,,,,,,,,,,,,,,,,,,,,,,,,,,,,,,,,,,,,,,,,,,,,,,,,,,,,,,,,,,,,,,,,0,,nan,,0,,nan,,0,,nan,,0,,nan,,0,,nan,
127.833461,1778660179.561633,,,,,,,,,,,,,,,,,,,,,,,,,,,,,,,,,,,,,,,,,,,,,,,,,,,,,,,,,,,,,,,,0,,nan,,0,,nan,,0,,nan,,0,,nan,,0,,nan,
128.033471,1778660179.761643,,,,,,,,,,,,,,,,,,,,,,,,,,,,,,,,,,,,,,,,,,,,,,,,,,,,,,,,,,,,,,,,0,,nan,,0,,nan,,0,,nan,,0,,nan,,0,,nan,
128.233461,1778660179.961633,,,,,,,,,,,,,,,,,,,,,,,,,,,,,,,,,,,,,,,,,,,,,,,,,,,,,,,,,,,,,,,,0,,nan,,0,,nan,,0,,nan,,0,,nan,,0,,nan,
128.433617,1778660180.161799,,,,,,,,,,,,,,,,,,,,,,,,,,,,,,,,,,,,,,,,,,,,,,,,,,,,,,,,,,,,,,,,0,,nan,,0,,nan,,0,,nan,,0,,nan,,0,,nan,
128.633545,1778660180.361716,,,,,,,,,,,,,,,,,,,,,,,,,,,,,,,,,,,,,,,,,,,,,,,,,,,,,,,,,,,,,,,,0,,nan,,0,,nan,,0,,nan,,0,,nan,,0,,nan,
128.833431,1778660180.561603,,,,,,,,,,,,,,,,,,,,,,,,,,,,,,,,,,,,,,,,,,,,,,,,,,,,,,,,,,,,,,,,0,,nan,,0,,nan,,0,,nan,,0,,nan,,0,,nan,
129.033446,1778660180.761618,,,,,,,,,,,,,,,,,,,,,,,,,,,,,,,,,,,,,,,,,,,,,,,,,,,,,,,,,,,,,,,,0,,nan,,0,,nan,,0,,nan,,0,,nan,,0,,nan,
129.233436,1778660180.961607,,,,,,,,,,,,,,,,,,,,,,,,,,,,,,,,,,,,,,,,,,,,,,,,,,,,,,,,,,,,,,,,0,,nan,,0,,nan,,0,,nan,,0,,nan,,0,,nan,
129.433480,1778660181.161652,,,,,,,,,,,,,,,,,,,,,,,,,,,,,,,,,,,,,,,,,,,,,,,,,,,,,,,,,,,,,,,,0,,nan,,0,,nan,,0,,nan,,0,,nan,,0,,nan,
129.633457,1778660181.361629,,,,,,,,,,,,,,,,,,,,,,,,,,,,,,,,,,,,,,,,,,,,,,,,,,,,,,,,,,,,,,,,0,,nan,,0,,nan,,0,,nan,,0,,nan,,0,,nan,
129.833479,1778660181.561651,,,,,,,,,,,,,,,,,,,,,,,,,,,,,,,,,,,,,,,,,,,,,,,,,,,,,,,,,,,,,,,,0,,nan,,0,,nan,,0,,nan,,0,,nan,,0,,nan,
130.033629,1778660181.761811,,,,,,,,,,,,,,,,,,,,,,,,,,,,,,,,,,,,,,,,,,,,,,,,,,,,,,,,,,,,,,,,0,,nan,,0,,nan,,0,,nan,,0,,nan,,0,,nan,
130.233481,1778660181.961652,,,,,,,,,,,,,,,,,,,,,,,,,,,,,,,,,,,,,,,,,,,,,,,,,,,,,,,,,,,,,,,,0,,nan,,0,,nan,,0,,nan,,0,,nan,,0,,nan,
130.433603,1778660182.161774,,,,,,,,,,,,,,,,,,,,,,,,,,,,,,,,,,,,,,,,,,,,,,,,,,,,,,,,,,,,,,,,0,,nan,,0,,nan,,0,,nan,,0,,nan,,0,,nan,
130.633531,1778660182.361703,,,,,,,,,,,,,,,,,,,,,,,,,,,,,,,,,,,,,,,,,,,,,,,,,,,,,,,,,,,,,,,,0,,nan,,0,,nan,,0,,nan,,0,,nan,,0,,nan,
130.833617,1778660182.561789,,,,,,,,,,,,,,,,,,,,,,,,,,,,,,,,,,,,,,,,,,,,,,,,,,,,,,,,,,,,,,,,0,,nan,,0,,nan,,0,,nan,,0,,nan,,0,,nan,
131.033442,1778660182.761614,,,,,,,,,,,,,,,,,,,,,,,,,,,,,,,,,,,,,,,,,,,,,,,,,,,,,,,,,,,,,,,,0,,nan,,0,,nan,,0,,nan,,0,,nan,,0,,nan,
131.233455,1778660182.961627,,,,,,,,,,,,,,,,,,,,,,,,,,,,,,,,,,,,,,,,,,,,,,,,,,,,,,,,,,,,,,,,0,,nan,,0,,nan,,0,,nan,,0,,nan,,0,,nan,
131.433447,1778660183.161619,,,,,,,,,,,,,,,,,,,,,,,,,,,,,,,,,,,,,,,,,,,,,,,,,,,,,,,,,,,,,,,,0,,nan,,0,,nan,,0,,nan,,0,,nan,,0,,nan,
131.633460,1778660183.361632,,,,,,,,,,,,,,,,,,,,,,,,,,,,,,,,,,,,,,,,,,,,,,,,,,,,,,,,,,,,,,,,0,,nan,,0,,nan,,0,,nan,,0,,nan,,0,,nan,
131.833468,1778660183.561640,,,,,,,,,,,,,,,,,,,,,,,,,,,,,,,,,,,,,,,,,,,,,,,,,,,,,,,,,,,,,,,,0,,nan,,0,,nan,,0,,nan,,0,,nan,,0,,nan,
132.033492,1778660183.761664,,,,,,,,,,,,,,,,,,,,,,,,,,,,,,,,,,,,,,,,,,,,,,,,,,,,,,,,,,,,,,,,0,,nan,,0,,nan,,0,,nan,,0,,nan,,0,,nan,
132.233452,1778660183.961624,,,,,,,,,,,,,,,,,,,,,,,,,,,,,,,,,,,,,,,,,,,,,,,,,,,,,,,,,,,,,,,,0,,nan,,0,,nan,,0,,nan,,0,,nan,,0,,nan,
132.433631,1778660184.161812,,,,,,,,,,,,,,,,,,,,,,,,,,,,,,,,,,,,,,,,,,,,,,,,,,,,,,,,,,,,,,,,0,,nan,,0,,nan,,0,,nan,,0,,nan,,0,,nan,
132.633538,1778660184.361709,,,,,,,,,,,,,,,,,,,,,,,,,,,,,,,,,,,,,,,,,,,,,,,,,,,,,,,,,,,,,,,,0,,nan,,0,,nan,,0,,nan,,0,,nan,,0,,nan,
132.833463,1778660184.561635,,,,,,,,,,,,,,,,,,,,,,,,,,,,,,,,,,,,,,,,,,,,,,,,,,,,,,,,,,,,,,,,0,,nan,,0,,nan,,0,,nan,,0,,nan,,0,,nan,
133.033632,1778660184.761813,,,,,,,,,,,,,,,,,,,,,,,,,,,,,,,,,,,,,,,,,,,,,,,,,,,,,,,,,,,,,,,,0,,nan,,0,,nan,,0,,nan,,0,,nan,,0,,nan,
133.233467,1778660184.961639,,,,,,,,,,,,,,,,,,,,,,,,,,,,,,,,,,,,,,,,,,,,,,,,,,,,,,,,,,,,,,,,0,,nan,,0,,nan,,0,,nan,,0,,nan,,0,,nan,
133.433486,1778660185.161658,,,,,,,,,,,,,,,,,,,,,,,,,,,,,,,,,,,,,,,,,,,,,,,,,,,,,,,,,,,,,,,,0,,nan,,0,,nan,,0,,nan,,0,,nan,,0,,nan,
133.633440,1778660185.361612,,,,,,,,,,,,,,,,,,,,,,,,,,,,,,,,,,,,,,,,,,,,,,,,,,,,,,,,,,,,,,,,0,,nan,,0,,nan,,0,,nan,,0,,nan,,0,,nan,
133.833451,1778660185.561623,,,,,,,,,,,,,,,,,,,,,,,,,,,,,,,,,,,,,,,,,,,,,,,,,,,,,,,,,,,,,,,,0,,nan,,0,,nan,,0,,nan,,0,,nan,,0,,nan,
134.033458,1778660185.761630,,,,,,,,,,,,,,,,,,,,,,,,,,,,,,,,,,,,,,,,,,,,,,,,,,,,,,,,,,,,,,,,0,,nan,,0,,nan,,0,,nan,,0,,nan,,0,,nan,
134.233511,1778660185.961683,,,,,,,,,,,,,,,,,,,,,,,,,,,,,,,,,,,,,,,,,,,,,,,,,,,,,,,,,,,,,,,,0,,nan,,0,,nan,,0,,nan,,0,,nan,,0,,nan,
134.433498,1778660186.161670,,,,,,,,,,,,,,,,,,,,,,,,,,,,,,,,,,,,,,,,,,,,,,,,,,,,,,,,,,,,,,,,0,,nan,,0,,nan,,0,,nan,,0,,nan,,0,,nan,
134.633465,1778660186.361637,,,,,,,,,,,,,,,,,,,,,,,,,,,,,,,,,,,,,,,,,,,,,,,,,,,,,,,,,,,,,,,,0,,nan,,0,,nan,,0,,nan,,0,,nan,,0,,nan,
134.833458,1778660186.561630,,,,,,,,,,,,,,,,,,,,,,,,,,,,,,,,,,,,,,,,,,,,,,,,,,,,,,,,,,,,,,,,0,,nan,,0,,nan,,0,,nan,,0,,nan,,0,,nan,
135.033440,1778660186.761612,,,,,,,,,,,,,,,,,,,,,,,,,,,,,,,,,,,,,,,,,,,,,,,,,,,,,,,,,,,,,,,,0,,nan,,0,,nan,,0,,nan,,0,,nan,,0,,nan,
135.233438,1778660186.961611,,,,,,,,,,,,,,,,,,,,,,,,,,,,,,,,,,,,,,,,,,,,,,,,,,,,,,,,,,,,,,,,0,,nan,,0,,nan,,0,,nan,,0,,nan,,0,,nan,
135.433445,1778660187.161618,,,,,,,,,,,,,,,,,,,,,,,,,,,,,,,,,,,,,,,,,,,,,,,,,,,,,,,,,,,,,,,,0,,nan,,0,,nan,,0,,nan,,0,,nan,,0,,nan,
135.633473,1778660187.361645,,,,,,,,,,,,,,,,,,,,,,,,,,,,,,,,,,,,,,,,,,,,,,,,,,,,,,,,,,,,,,,,0,,nan,,0,,nan,,0,,nan,,0,,nan,,0,,nan,
135.833461,1778660187.561634,,,,,,,,,,,,,,,,,,,,,,,,,,,,,,,,,,,,,,,,,,,,,,,,,,,,,,,,,,,,,,,,0,,nan,,0,,nan,,0,,nan,,0,,nan,,0,,nan,
136.033455,1778660187.761626,,,,,,,,,,,,,,,,,,,,,,,,,,,,,,,,,,,,,,,,,,,,,,,,,,,,,,,,,,,,,,,,0,,nan,,0,,nan,,0,,nan,,0,,nan,,0,,nan,
136.233470,1778660187.961641,,,,,,,,,,,,,,,,,,,,,,,,,,,,,,,,,,,,,,,,,,,,,,,,,,,,,,,,,,,,,,,,0,,nan,,0,,nan,,0,,nan,,0,,nan,,0,,nan,
136.433455,1778660188.161627,,,,,,,,,,,,,,,,,,,,,,,,,,,,,,,,,,,,,,,,,,,,,,,,,,,,,,,,,,,,,,,,0,,nan,,0,,nan,,0,,nan,,0,,nan,,0,,nan,
136.633470,1778660188.361642,,,,,,,,,,,,,,,,,,,,,,,,,,,,,,,,,,,,,,,,,,,,,,,,,,,,,,,,,,,,,,,,0,,nan,,0,,nan,,0,,nan,,0,,nan,,0,,nan,
136.833431,1778660188.561602,,,,,,,,,,,,,,,,,,,,,,,,,,,,,,,,,,,,,,,,,,,,,,,,,,,,,,,,,,,,,,,,0,,nan,,0,,nan,,0,,nan,,0,,nan,,0,,nan,
137.033474,1778660188.761645,,,,,,,,,,,,,,,,,,,,,,,,,,,,,,,,,,,,,,,,,,,,,,,,,,,,,,,,,,,,,,,,0,,nan,,0,,nan,,0,,nan,,0,,nan,,0,,nan,
137.233481,1778660188.961653,,,,,,,,,,,,,,,,,,,,,,,,,,,,,,,,,,,,,,,,,,,,,,,,,,,,,,,,,,,,,,,,0,,nan,,0,,nan,,0,,nan,,0,,nan,,0,,nan,
137.433456,1778660189.161628,,,,,,,,,,,,,,,,,,,,,,,,,,,,,,,,,,,,,,,,,,,,,,,,,,,,,,,,,,,,,,,,0,,nan,,0,,nan,,0,,nan,,0,,nan,,0,,nan,
137.633454,1778660189.361625,,,,,,,,,,,,,,,,,,,,,,,,,,,,,,,,,,,,,,,,,,,,,,,,,,,,,,,,,,,,,,,,0,,nan,,0,,nan,,0,,nan,,0,,nan,,0,,nan,
137.833521,1778660189.561693,,,,,,,,,,,,,,,,,,,,,,,,,,,,,,,,,,,,,,,,,,,,,,,,,,,,,,,,,,,,,,,,0,,nan,,0,,nan,,0,,nan,,0,,nan,,0,,nan,
138.033503,1778660189.761674,,,,,,,,,,,,,,,,,,,,,,,,,,,,,,,,,,,,,,,,,,,,,,,,,,,,,,,,,,,,,,,,0,,nan,,0,,nan,,0,,nan,,0,,nan,,0,,nan,
138.233511,1778660189.961683,,,,,,,,,,,,,,,,,,,,,,,,,,,,,,,,,,,,,,,,,,,,,,,,,,,,,,,,,,,,,,,,0,,nan,,0,,nan,,0,,nan,,0,,nan,,0,,nan,
138.433714,1778660190.161885,,,,,,,,,,,,,,,,,,,,,,,,,,,,,,,,,,,,,,,,,,,,,,,,,,,,,,,,,,,,,,,,0,,nan,,0,,nan,,0,,nan,,0,,nan,,0,,nan,
138.633525,1778660190.361697,,,,,,,,,,,,,,,,,,,,,,,,,,,,,,,,,,,,,,,,,,,,,,,,,,,,,,,,,,,,,,,,0,,nan,,0,,nan,,0,,nan,,0,,nan,,0,,nan,
138.833438,1778660190.561610,,,,,,,,,,,,,,,,,,,,,,,,,,,,,,,,,,,,,,,,,,,,,,,,,,,,,,,,,,,,,,,,0,,nan,,0,,nan,,0,,nan,,0,,nan,,0,,nan,
139.033526,1778660190.761698,,,,,,,,,,,,,,,,,,,,,,,,,,,,,,,,,,,,,,,,,,,,,,,,,,,,,,,,,,,,,,,,0,,nan,,0,,nan,,0,,nan,,0,,nan,,0,,nan,
139.233459,1778660190.961630,,,,,,,,,,,,,,,,,,,,,,,,,,,,,,,,,,,,,,,,,,,,,,,,,,,,,,,,,,,,,,,,0,,nan,,0,,nan,,0,,nan,,0,,nan,,0,,nan,
139.433461,1778660191.161633,,,,,,,,,,,,,,,,,,,,,,,,,,,,,,,,,,,,,,,,,,,,,,,,,,,,,,,,,,,,,,,,0,,nan,,0,,nan,,0,,nan,,0,,nan,,0,,nan,
139.633451,1778660191.361623,,,,,,,,,,,,,,,,,,,,,,,,,,,,,,,,,,,,,,,,,,,,,,,,,,,,,,,,,,,,,,,,0,,nan,,0,,nan,,0,,nan,,0,,nan,,0,,nan,
139.833534,1778660191.561706,,,,,,,,,,,,,,,,,,,,,,,,,,,,,,,,,,,,,,,,,,,,,,,,,,,,,,,,,,,,,,,,0,,nan,,0,,nan,,0,,nan,,0,,nan,,0,,nan,
140.033550,1778660191.761721,,,,,,,,,,,,,,,,,,,,,,,,,,,,,,,,,,,,,,,,,,,,,,,,,,,,,,,,,,,,,,,,0,,nan,,0,,nan,,0,,nan,,0,,nan,,0,,nan,
140.233436,1778660191.961608,,,,,,,,,,,,,,,,,,,,,,,,,,,,,,,,,,,,,,,,,,,,,,,,,,,,,,,,,,,,,,,,0,,nan,,0,,nan,,0,,nan,,0,,nan,,0,,nan,
140.433463,1778660192.161634,,,,,,,,,,,,,,,,,,,,,,,,,,,,,,,,,,,,,,,,,,,,,,,,,,,,,,,,,,,,,,,,0,,nan,,0,,nan,,0,,nan,,0,,nan,,0,,nan,
140.633445,1778660192.361617,,,,,,,,,,,,,,,,,,,,,,,,,,,,,,,,,,,,,,,,,,,,,,,,,,,,,,,,,,,,,,,,0,,nan,,0,,nan,,0,,nan,,0,,nan,,0,,nan,
140.833472,1778660192.561644,,,,,,,,,,,,,,,,,,,,,,,,,,,,,,,,,,,,,,,,,,,,,,,,,,,,,,,,,,,,,,,,0,,nan,,0,,nan,,0,,nan,,0,,nan,,0,,nan,
141.033468,1778660192.761641,,,,,,,,,,,,,,,,,,,,,,,,,,,,,,,,,,,,,,,,,,,,,,,,,,,,,,,,,,,,,,,,0,,nan,,0,,nan,,0,,nan,,0,,nan,,0,,nan,
141.233460,1778660192.961632,,,,,,,,,,,,,,,,,,,,,,,,,,,,,,,,,,,,,,,,,,,,,,,,,,,,,,,,,,,,,,,,0,,nan,,0,,nan,,0,,nan,,0,,nan,,0,,nan,
141.433462,1778660193.161633,,,,,,,,,,,,,,,,,,,,,,,,,,,,,,,,,,,,,,,,,,,,,,,,,,,,,,,,,,,,,,,,0,,nan,,0,,nan,,0,,nan,,0,,nan,,0,,nan,
141.633476,1778660193.361648,,,,,,,,,,,,,,,,,,,,,,,,,,,,,,,,,,,,,,,,,,,,,,,,,,,,,,,,,,,,,,,,0,,nan,,0,,nan,,0,,nan,,0,,nan,,0,,nan,
141.833432,1778660193.561604,,,,,,,,,,,,,,,,,,,,,,,,,,,,,,,,,,,,,,,,,,,,,,,,,,,,,,,,,,,,,,,,0,,nan,,0,,nan,,0,,nan,,0,,nan,,0,,nan,
142.033530,1778660193.761701,,,,,,,,,,,,,,,,,,,,,,,,,,,,,,,,,,,,,,,,,,,,,,,,,,,,,,,,,,,,,,,,0,,nan,,0,,nan,,0,,nan,,0,,nan,,0,,nan,
142.233441,1778660193.961612,,,,,,,,,,,,,,,,,,,,,,,,,,,,,,,,,,,,,,,,,,,,,,,,,,,,,,,,,,,,,,,,0,,nan,,0,,nan,,0,,nan,,0,,nan,,0,,nan,
142.433465,1778660194.161636,,,,,,,,,,,,,,,,,,,,,,,,,,,,,,,,,,,,,,,,,,,,,,,,,,,,,,,,,,,,,,,,0,,nan,,0,,nan,,0,,nan,,0,,nan,,0,,nan,
142.633444,1778660194.361615,,,,,,,,,,,,,,,,,,,,,,,,,,,,,,,,,,,,,,,,,,,,,,,,,,,,,,,,,,,,,,,,0,,nan,,0,,nan,,0,,nan,,0,,nan,,0,,nan,
142.833479,1778660194.561651,,,,,,,,,,,,,,,,,,,,,,,,,,,,,,,,,,,,,,,,,,,,,,,,,,,,,,,,,,,,,,,,0,,nan,,0,,nan,,0,,nan,,0,,nan,,0,,nan,
143.033567,1778660194.761739,,,,,,,,,,,,,,,,,,,,,,,,,,,,,,,,,,,,,,,,,,,,,,,,,,,,,,,,,,,,,,,,0,,nan,,0,,nan,,0,,nan,,0,,nan,,0,,nan,
143.233469,1778660194.961640,,,,,,,,,,,,,,,,,,,,,,,,,,,,,,,,,,,,,,,,,,,,,,,,,,,,,,,,,,,,,,,,0,,nan,,0,,nan,,0,,nan,,0,,nan,,0,,nan,
143.433487,1778660195.161658,,,,,,,,,,,,,,,,,,,,,,,,,,,,,,,,,,,,,,,,,,,,,,,,,,,,,,,,,,,,,,,,0,,nan,,0,,nan,,0,,nan,,0,,nan,,0,,nan,
143.633441,1778660195.361613,,,,,,,,,,,,,,,,,,,,,,,,,,,,,,,,,,,,,,,,,,,,,,,,,,,,,,,,,,,,,,,,0,,nan,,0,,nan,,0,,nan,,0,,nan,,0,,nan,
143.833438,1778660195.561609,,,,,,,,,,,,,,,,,,,,,,,,,,,,,,,,,,,,,,,,,,,,,,,,,,,,,,,,,,,,,,,,0,,nan,,0,,nan,,0,,nan,,0,,nan,,0,,nan,
144.033511,1778660195.761682,,,,,,,,,,,,,,,,,,,,,,,,,,,,,,,,,,,,,,,,,,,,,,,,,,,,,,,,,,,,,,,,0,,nan,,0,,nan,,0,,nan,,0,,nan,,0,,nan,
144.233490,1778660195.961661,,,,,,,,,,,,,,,,,,,,,,,,,,,,,,,,,,,,,,,,,,,,,,,,,,,,,,,,,,,,,,,,0,,nan,,0,,nan,,0,,nan,,0,,nan,,0,,nan,
144.433459,1778660196.161630,,,,,,,,,,,,,,,,,,,,,,,,,,,,,,,,,,,,,,,,,,,,,,,,,,,,,,,,,,,,,,,,0,,nan,,0,,nan,,0,,nan,,0,,nan,,0,,nan,
144.633524,1778660196.361695,,,,,,,,,,,,,,,,,,,,,,,,,,,,,,,,,,,,,,,,,,,,,,,,,,,,,,,,,,,,,,,,0,,nan,,0,,nan,,0,,nan,,0,,nan,,0,,nan,
144.833451,1778660196.561622,,,,,,,,,,,,,,,,,,,,,,,,,,,,,,,,,,,,,,,,,,,,,,,,,,,,,,,,,,,,,,,,0,,nan,,0,,nan,,0,,nan,,0,,nan,,0,,nan,
145.033462,1778660196.761634,,,,,,,,,,,,,,,,,,,,,,,,,,,,,,,,,,,,,,,,,,,,,,,,,,,,,,,,,,,,,,,,0,,nan,,0,,nan,,0,,nan,,0,,nan,,0,,nan,
145.233458,1778660196.961629,,,,,,,,,,,,,,,,,,,,,,,,,,,,,,,,,,,,,,,,,,,,,,,,,,,,,,,,,,,,,,,,0,,nan,,0,,nan,,0,,nan,,0,,nan,,0,,nan,
145.433446,1778660197.161618,,,,,,,,,,,,,,,,,,,,,,,,,,,,,,,,,,,,,,,,,,,,,,,,,,,,,,,,,,,,,,,,0,,nan,,0,,nan,,0,,nan,,0,,nan,,0,,nan,
145.633428,1778660197.361599,,,,,,,,,,,,,,,,,,,,,,,,,,,,,,,,,,,,,,,,,,,,,,,,,,,,,,,,,,,,,,,,0,,nan,,0,,nan,,0,,nan,,0,,nan,,0,,nan,
145.833455,1778660197.561626,,,,,,,,,,,,,,,,,,,,,,,,,,,,,,,,,,,,,,,,,,,,,,,,,,,,,,,,,,,,,,,,0,,nan,,0,,nan,,0,,nan,,0,,nan,,0,,nan,
146.033484,1778660197.761656,,,,,,,,,,,,,,,,,,,,,,,,,,,,,,,,,,,,,,,,,,,,,,,,,,,,,,,,,,,,,,,,0,,nan,,0,,nan,,0,,nan,,0,,nan,,0,,nan,
146.233437,1778660197.961609,,,,,,,,,,,,,,,,,,,,,,,,,,,,,,,,,,,,,,,,,,,,,,,,,,,,,,,,,,,,,,,,0,,nan,,0,,nan,,0,,nan,,0,,nan,,0,,nan,
146.433456,1778660198.161628,,,,,,,,,,,,,,,,,,,,,,,,,,,,,,,,,,,,,,,,,,,,,,,,,,,,,,,,,,,,,,,,0,,nan,,0,,nan,,0,,nan,,0,,nan,,0,,nan,
146.633445,1778660198.361617,,,,,,,,,,,,,,,,,,,,,,,,,,,,,,,,,,,,,,,,,,,,,,,,,,,,,,,,,,,,,,,,0,,nan,,0,,nan,,0,,nan,,0,,nan,,0,,nan,
146.833457,1778660198.561630,,,,,,,,,,,,,,,,,,,,,,,,,,,,,,,,,,,,,,,,,,,,,,,,,,,,,,,,,,,,,,,,0,,nan,,0,,nan,,0,,nan,,0,,nan,,0,,nan,
147.033463,1778660198.761635,,,,,,,,,,,,,,,,,,,,,,,,,,,,,,,,,,,,,,,,,,,,,,,,,,,,,,,,,,,,,,,,0,,nan,,0,,nan,,0,,nan,,0,,nan,,0,,nan,
147.233436,1778660198.961608,,,,,,,,,,,,,,,,,,,,,,,,,,,,,,,,,,,,,,,,,,,,,,,,,,,,,,,,,,,,,,,,0,,nan,,0,,nan,,0,,nan,,0,,nan,,0,,nan,
147.433430,1778660199.161602,,,,,,,,,,,,,,,,,,,,,,,,,,,,,,,,,,,,,,,,,,,,,,,,,,,,,,,,,,,,,,,,0,,nan,,0,,nan,,0,,nan,,0,,nan,,0,,nan,
147.633578,1778660199.361761,,,,,,,,,,,,,,,,,,,,,,,,,,,,,,,,,,,,,,,,,,,,,,,,,,,,,,,,,,,,,,,,0,,nan,,0,,nan,,0,,nan,,0,,nan,,0,,nan,
147.833457,1778660199.561629,,,,,,,,,,,,,,,,,,,,,,,,,,,,,,,,,,,,,,,,,,,,,,,,,,,,,,,,,,,,,,,,0,,nan,,0,,nan,,0,,nan,,0,,nan,,0,,nan,
148.033443,1778660199.761616,,,,,,,,,,,,,,,,,,,,,,,,,,,,,,,,,,,,,,,,,,,,,,,,,,,,,,,,,,,,,,,,0,,nan,,0,,nan,,0,,nan,,0,,nan,,0,,nan,
148.233432,1778660199.961604,,,,,,,,,,,,,,,,,,,,,,,,,,,,,,,,,,,,,,,,,,,,,,,,,,,,,,,,,,,,,,,,0,,nan,,0,,nan,,0,,nan,,0,,nan,,0,,nan,
148.433473,1778660200.161645,,,,,,,,,,,,,,,,,,,,,,,,,,,,,,,,,,,,,,,,,,,,,,,,,,,,,,,,,,,,,,,,0,,nan,,0,,nan,,0,,nan,,0,,nan,,0,,nan,
148.633527,1778660200.361699,,,,,,,,,,,,,,,,,,,,,,,,,,,,,,,,,,,,,,,,,,,,,,,,,,,,,,,,,,,,,,,,0,,nan,,0,,nan,,0,,nan,,0,,nan,,0,,nan,
148.833496,1778660200.561668,,,,,,,,,,,,,,,,,,,,,,,,,,,,,,,,,,,,,,,,,,,,,,,,,,,,,,,,,,,,,,,,0,,nan,,0,,nan,,0,,nan,,0,,nan,,0,,nan,
149.033455,1778660200.761627,,,,,,,,,,,,,,,,,,,,,,,,,,,,,,,,,,,,,,,,,,,,,,,,,,,,,,,,,,,,,,,,0,,nan,,0,,nan,,0,,nan,,0,,nan,,0,,nan,
149.233464,1778660200.961636,,,,,,,,,,,,,,,,,,,,,,,,,,,,,,,,,,,,,,,,,,,,,,,,,,,,,,,,,,,,,,,,0,,nan,,0,,nan,,0,,nan,,0,,nan,,0,,nan,
149.433444,1778660201.161616,,,,,,,,,,,,,,,,,,,,,,,,,,,,,,,,,,,,,,,,,,,,,,,,,,,,,,,,,,,,,,,,0,,nan,,0,,nan,,0,,nan,,0,,nan,,0,,nan,
149.633477,1778660201.361650,,,,,,,,,,,,,,,,,,,,,,,,,,,,,,,,,,,,,,,,,,,,,,,,,,,,,,,,,,,,,,,,0,,nan,,0,,nan,,0,,nan,,0,,nan,,0,,nan,
149.833515,1778660201.561687,,,,,,,,,,,,,,,,,,,,,,,,,,,,,,,,,,,,,,,,,,,,,,,,,,,,,,,,,,,,,,,,0,,nan,,0,,nan,,0,,nan,,0,,nan,,0,,nan,
150.033451,1778660201.761622,,,,,,,,,,,,,,,,,,,,,,,,,,,,,,,,,,,,,,,,,,,,,,,,,,,,,,,,,,,,,,,,0,,nan,,0,,nan,,0,,nan,,0,,nan,,0,,nan,
150.233609,1778660201.961792,,,,,,,,,,,,,,,,,,,,,,,,,,,,,,,,,,,,,,,,,,,,,,,,,,,,,,,,,,,,,,,,0,,nan,,0,,nan,,0,,nan,,0,,nan,,0,,nan,
150.433614,1778660202.161795,,,,,,,,,,,,,,,,,,,,,,,,,,,,,,,,,,,,,,,,,,,,,,,,,,,,,,,,,,,,,,,,0,,nan,,0,,nan,,0,,nan,,0,,nan,,0,,nan,
150.633473,1778660202.361646,,,,,,,,,,,,,,,,,,,,,,,,,,,,,,,,,,,,,,,,,,,,,,,,,,,,,,,,,,,,,,,,0,,nan,,0,,nan,,0,,nan,,0,,nan,,0,,nan,
150.833466,1778660202.561638,,,,,,,,,,,,,,,,,,,,,,,,,,,,,,,,,,,,,,,,,,,,,,,,,,,,,,,,,,,,,,,,0,,nan,,0,,nan,,0,,nan,,0,,nan,,0,,nan,
151.033463,1778660202.761634,,,,,,,,,,,,,,,,,,,,,,,,,,,,,,,,,,,,,,,,,,,,,,,,,,,,,,,,,,,,,,,,0,,nan,,0,,nan,,0,,nan,,0,,nan,,0,,nan,
151.233449,1778660202.961620,,,,,,,,,,,,,,,,,,,,,,,,,,,,,,,,,,,,,,,,,,,,,,,,,,,,,,,,,,,,,,,,0,,nan,,0,,nan,,0,,nan,,0,,nan,,0,,nan,
151.433460,1778660203.161632,,,,,,,,,,,,,,,,,,,,,,,,,,,,,,,,,,,,,,,,,,,,,,,,,,,,,,,,,,,,,,,,0,,nan,,0,,nan,,0,,nan,,0,,nan,,0,,nan,
151.633441,1778660203.361614,,,,,,,,,,,,,,,,,,,,,,,,,,,,,,,,,,,,,,,,,,,,,,,,,,,,,,,,,,,,,,,,0,,nan,,0,,nan,,0,,nan,,0,,nan,,0,,nan,
151.833419,1778660203.561591,,,,,,,,,,,,,,,,,,,,,,,,,,,,,,,,,,,,,,,,,,,,,,,,,,,,,,,,,,,,,,,,0,,nan,,0,,nan,,0,,nan,,0,,nan,,0,,nan,
152.033471,1778660203.761643,,,,,,,,,,,,,,,,,,,,,,,,,,,,,,,,,,,,,,,,,,,,,,,,,,,,,,,,,,,,,,,,0,,nan,,0,,nan,,0,,nan,,0,,nan,,0,,nan,
152.233459,1778660203.961631,,,,,,,,,,,,,,,,,,,,,,,,,,,,,,,,,,,,,,,,,,,,,,,,,,,,,,,,,,,,,,,,0,,nan,,0,,nan,,0,,nan,,0,,nan,,0,,nan,
152.433447,1778660204.161620,,,,,,,,,,,,,,,,,,,,,,,,,,,,,,,,,,,,,,,,,,,,,,,,,,,,,,,,,,,,,,,,0,,nan,,0,,nan,,0,,nan,,0,,nan,,0,,nan,
152.633501,1778660204.361672,,,,,,,,,,,,,,,,,,,,,,,,,,,,,,,,,,,,,,,,,,,,,,,,,,,,,,,,,,,,,,,,0,,nan,,0,,nan,,0,,nan,,0,,nan,,0,,nan,
152.833447,1778660204.561620,,,,,,,,,,,,,,,,,,,,,,,,,,,,,,,,,,,,,,,,,,,,,,,,,,,,,,,,,,,,,,,,0,,nan,,0,,nan,,0,,nan,,0,,nan,,0,,nan,
153.033440,1778660204.761612,,,,,,,,,,,,,,,,,,,,,,,,,,,,,,,,,,,,,,,,,,,,,,,,,,,,,,,,,,,,,,,,0,,nan,,0,,nan,,0,,nan,,0,,nan,,0,,nan,
153.233856,1778660204.962028,,,,,,,,,,,,,,,,,,,,,,,,,,,,,,,,,,,,,,,,,,,,,,,,,,,,,,,,,,,,,,,,0,,nan,,0,,nan,,0,,nan,,0,,nan,,0,,nan,
153.433435,1778660205.161607,,,,,,,,,,,,,,,,,,,,,,,,,,,,,,,,,,,,,,,,,,,,,,,,,,,,,,,,,,,,,,,,0,,nan,,0,,nan,,0,,nan,,0,,nan,,0,,nan,
153.633442,1778660205.361614,,,,,,,,,,,,,,,,,,,,,,,,,,,,,,,,,,,,,,,,,,,,,,,,,,,,,,,,,,,,,,,,0,,nan,,0,,nan,,0,,nan,,0,,nan,,0,,nan,
153.833544,1778660205.561717,,,,,,,,,,,,,,,,,,,,,,,,,,,,,,,,,,,,,,,,,,,,,,,,,,,,,,,,,,,,,,,,0,,nan,,0,,nan,,0,,nan,,0,,nan,,0,,nan,
154.033459,1778660205.761630,,,,,,,,,,,,,,,,,,,,,,,,,,,,,,,,,,,,,,,,,,,,,,,,,,,,,,,,,,,,,,,,0,,nan,,0,,nan,,0,,nan,,0,,nan,,0,,nan,
154.233457,1778660205.961629,,,,,,,,,,,,,,,,,,,,,,,,,,,,,,,,,,,,,,,,,,,,,,,,,,,,,,,,,,,,,,,,0,,nan,,0,,nan,,0,,nan,,0,,nan,,0,,nan,
154.433530,1778660206.161702,,,,,,,,,,,,,,,,,,,,,,,,,,,,,,,,,,,,,,,,,,,,,,,,,,,,,,,,,,,,,,,,0,,nan,,0,,nan,,0,,nan,,0,,nan,,0,,nan,
154.633527,1778660206.361698,,,,,,,,,,,,,,,,,,,,,,,,,,,,,,,,,,,,,,,,,,,,,,,,,,,,,,,,,,,,,,,,0,,nan,,0,,nan,,0,,nan,,0,,nan,,0,,nan,
154.833446,1778660206.561617,,,,,,,,,,,,,,,,,,,,,,,,,,,,,,,,,,,,,,,,,,,,,,,,,,,,,,,,,,,,,,,,0,,nan,,0,,nan,,0,,nan,,0,,nan,,0,,nan,
155.033634,1778660206.761826,,,,,,,,,,,,,,,,,,,,,,,,,,,,,,,,,,,,,,,,,,,,,,,,,,,,,,,,,,,,,,,,0,,nan,,0,,nan,,0,,nan,,0,,nan,,0,,nan,
155.233447,1778660206.961619,,,,,,,,,,,,,,,,,,,,,,,,,,,,,,,,,,,,,,,,,,,,,,,,,,,,,,,,,,,,,,,,0,,nan,,0,,nan,,0,,nan,,0,,nan,,0,,nan,
155.433443,1778660207.161616,,,,,,,,,,,,,,,,,,,,,,,,,,,,,,,,,,,,,,,,,,,,,,,,,,,,,,,,,,,,,,,,0,,nan,,0,,nan,,0,,nan,,0,,nan,,0,,nan,
155.633456,1778660207.361628,,,,,,,,,,,,,,,,,,,,,,,,,,,,,,,,,,,,,,,,,,,,,,,,,,,,,,,,,,,,,,,,0,,nan,,0,,nan,,0,,nan,,0,,nan,,0,,nan,
155.833460,1778660207.561632,,,,,,,,,,,,,,,,,,,,,,,,,,,,,,,,,,,,,,,,,,,,,,,,,,,,,,,,,,,,,,,,0,,nan,,0,,nan,,0,,nan,,0,,nan,,0,,nan,
156.033485,1778660207.761657,,,,,,,,,,,,,,,,,,,,,,,,,,,,,,,,,,,,,,,,,,,,,,,,,,,,,,,,,,,,,,,,0,,nan,,0,,nan,,0,,nan,,0,,nan,,0,,nan,
156.233453,1778660207.961625,,,,,,,,,,,,,,,,,,,,,,,,,,,,,,,,,,,,,,,,,,,,,,,,,,,,,,,,,,,,,,,,0,,nan,,0,,nan,,0,,nan,,0,,nan,,0,,nan,
156.433428,1778660208.161600,,,,,,,,,,,,,,,,,,,,,,,,,,,,,,,,,,,,,,,,,,,,,,,,,,,,,,,,,,,,,,,,0,,nan,,0,,nan,,0,,nan,,0,,nan,,0,,nan,
156.633522,1778660208.361695,,,,,,,,,,,,,,,,,,,,,,,,,,,,,,,,,,,,,,,,,,,,,,,,,,,,,,,,,,,,,,,,0,,nan,,0,,nan,,0,,nan,,0,,nan,,0,,nan,
156.833514,1778660208.561685,,,,,,,,,,,,,,,,,,,,,,,,,,,,,,,,,,,,,,,,,,,,,,,,,,,,,,,,,,,,,,,,0,,nan,,0,,nan,,0,,nan,,0,,nan,,0,,nan,
157.033445,1778660208.761616,,,,,,,,,,,,,,,,,,,,,,,,,,,,,,,,,,,,,,,,,,,,,,,,,,,,,,,,,,,,,,,,0,,nan,,0,,nan,,0,,nan,,0,,nan,,0,,nan,
157.233457,1778660208.961628,,,,,,,,,,,,,,,,,,,,,,,,,,,,,,,,,,,,,,,,,,,,,,,,,,,,,,,,,,,,,,,,0,,nan,,0,,nan,,0,,nan,,0,,nan,,0,,nan,
157.433476,1778660209.161648,,,,,,,,,,,,,,,,,,,,,,,,,,,,,,,,,,,,,,,,,,,,,,,,,,,,,,,,,,,,,,,,0,,nan,,0,,nan,,0,,nan,,0,,nan,,0,,nan,
157.633441,1778660209.361613,,,,,,,,,,,,,,,,,,,,,,,,,,,,,,,,,,,,,,,,,,,,,,,,,,,,,,,,,,,,,,,,0,,nan,,0,,nan,,0,,nan,,0,,nan,,0,,nan,
157.833433,1778660209.561605,,,,,,,,,,,,,,,,,,,,,,,,,,,,,,,,,,,,,,,,,,,,,,,,,,,,,,,,,,,,,,,,0,,nan,,0,,nan,,0,,nan,,0,,nan,,0,,nan,
158.033460,1778660209.761637,,,,,,,,,,,,,,,,,,,,,,,,,,,,,,,,,,,,,,,,,,,,,,,,,,,,,,,,,,,,,,,,0,,nan,,0,,nan,,0,,nan,,0,,nan,,0,,nan,
158.233438,1778660209.961609,,,,,,,,,,,,,,,,,,,,,,,,,,,,,,,,,,,,,,,,,,,,,,,,,,,,,,,,,,,,,,,,0,,nan,,0,,nan,,0,,nan,,0,,nan,,0,,nan,
158.433532,1778660210.161704,,,,,,,,,,,,,,,,,,,,,,,,,,,,,,,,,,,,,,,,,,,,,,,,,,,,,,,,,,,,,,,,0,,nan,,0,,nan,,0,,nan,,0,,nan,,0,,nan,
158.633455,1778660210.361627,,,,,,,,,,,,,,,,,,,,,,,,,,,,,,,,,,,,,,,,,,,,,,,,,,,,,,,,,,,,,,,,0,,nan,,0,,nan,,0,,nan,,0,,nan,,0,,nan,
158.833491,1778660210.561663,,,,,,,,,,,,,,,,,,,,,,,,,,,,,,,,,,,,,,,,,,,,,,,,,,,,,,,,,,,,,,,,0,,nan,,0,,nan,,0,,nan,,0,,nan,,0,,nan,
159.033447,1778660210.761618,,,,,,,,,,,,,,,,,,,,,,,,,,,,,,,,,,,,,,,,,,,,,,,,,,,,,,,,,,,,,,,,0,,nan,,0,,nan,,0,,nan,,0,,nan,,0,,nan,
159.233464,1778660210.961636,,,,,,,,,,,,,,,,,,,,,,,,,,,,,,,,,,,,,,,,,,,,,,,,,,,,,,,,,,,,,,,,0,,nan,,0,,nan,,0,,nan,,0,,nan,,0,,nan,
159.433520,1778660211.161692,,,,,,,,,,,,,,,,,,,,,,,,,,,,,,,,,,,,,,,,,,,,,,,,,,,,,,,,,,,,,,,,0,,nan,,0,,nan,,0,,nan,,0,,nan,,0,,nan,
159.633453,1778660211.361626,,,,,,,,,,,,,,,,,,,,,,,,,,,,,,,,,,,,,,,,,,,,,,,,,,,,,,,,,,,,,,,,0,,nan,,0,,nan,,0,,nan,,0,,nan,,0,,nan,
159.833447,1778660211.561619,,,,,,,,,,,,,,,,,,,,,,,,,,,,,,,,,,,,,,,,,,,,,,,,,,,,,,,,,,,,,,,,0,,nan,,0,,nan,,0,,nan,,0,,nan,,0,,nan,
160.033511,1778660211.761683,,,,,,,,,,,,,,,,,,,,,,,,,,,,,,,,,,,,,,,,,,,,,,,,,,,,,,,,,,,,,,,,0,,nan,,0,,nan,,0,,nan,,0,,nan,,0,,nan,
160.233492,1778660211.961663,,,,,,,,,,,,,,,,,,,,,,,,,,,,,,,,,,,,,,,,,,,,,,,,,,,,,,,,,,,,,,,,0,,nan,,0,,nan,,0,,nan,,0,,nan,,0,,nan,
160.433449,1778660212.161621,,,,,,,,,,,,,,,,,,,,,,,,,,,,,,,,,,,,,,,,,,,,,,,,,,,,,,,,,,,,,,,,0,,nan,,0,,nan,,0,,nan,,0,,nan,,0,,nan,
160.633518,1778660212.361690,,,,,,,,,,,,,,,,,,,,,,,,,,,,,,,,,,,,,,,,,,,,,,,,,,,,,,,,,,,,,,,,0,,nan,,0,,nan,,0,,nan,,0,,nan,,0,,nan,
160.833474,1778660212.561646,,,,,,,,,,,,,,,,,,,,,,,,,,,,,,,,,,,,,,,,,,,,,,,,,,,,,,,,,,,,,,,,0,,nan,,0,,nan,,0,,nan,,0,,nan,,0,,nan,
161.033472,1778660212.761643,,,,,,,,,,,,,,,,,,,,,,,,,,,,,,,,,,,,,,,,,,,,,,,,,,,,,,,,,,,,,,,,0,,nan,,0,,nan,,0,,nan,,0,,nan,,0,,nan,
161.233475,1778660212.961648,,,,,,,,,,,,,,,,,,,,,,,,,,,,,,,,,,,,,,,,,,,,,,,,,,,,,,,,,,,,,,,,0,,nan,,0,,nan,,0,,nan,,0,,nan,,0,,nan,
161.433449,1778660213.161621,,,,,,,,,,,,,,,,,,,,,,,,,,,,,,,,,,,,,,,,,,,,,,,,,,,,,,,,,,,,,,,,0,,nan,,0,,nan,,0,,nan,,0,,nan,,0,,nan,
161.633438,1778660213.361609,,,,,,,,,,,,,,,,,,,,,,,,,,,,,,,,,,,,,,,,,,,,,,,,,,,,,,,,,,,,,,,,0,,nan,,0,,nan,,0,,nan,,0,,nan,,0,,nan,
161.833492,1778660213.561664,,,,,,,,,,,,,,,,,,,,,,,,,,,,,,,,,,,,,,,,,,,,,,,,,,,,,,,,,,,,,,,,0,,nan,,0,,nan,,0,,nan,,0,,nan,,0,,nan,
162.033463,1778660213.761635,,,,,,,,,,,,,,,,,,,,,,,,,,,,,,,,,,,,,,,,,,,,,,,,,,,,,,,,,,,,,,,,0,,nan,,0,,nan,,0,,nan,,0,,nan,,0,,nan,
162.233451,1778660213.961622,,,,,,,,,,,,,,,,,,,,,,,,,,,,,,,,,,,,,,,,,,,,,,,,,,,,,,,,,,,,,,,,0,,nan,,0,,nan,,0,,nan,,0,,nan,,0,,nan,
162.433461,1778660214.161633,,,,,,,,,,,,,,,,,,,,,,,,,,,,,,,,,,,,,,,,,,,,,,,,,,,,,,,,,,,,,,,,0,,nan,,0,,nan,,0,,nan,,0,,nan,,0,,nan,
162.633533,1778660214.361709,,,,,,,,,,,,,,,,,,,,,,,,,,,,,,,,,,,,,,,,,,,,,,,,,,,,,,,,,,,,,,,,0,,nan,,0,,nan,,0,,nan,,0,,nan,,0,,nan,
162.833454,1778660214.561627,,,,,,,,,,,,,,,,,,,,,,,,,,,,,,,,,,,,,,,,,,,,,,,,,,,,,,,,,,,,,,,,0,,nan,,0,,nan,,0,,nan,,0,,nan,,0,,nan,
163.033448,1778660214.761620,,,,,,,,,,,,,,,,,,,,,,,,,,,,,,,,,,,,,,,,,,,,,,,,,,,,,,,,,,,,,,,,0,,nan,,0,,nan,,0,,nan,,0,,nan,,0,,nan,
163.233445,1778660214.961617,,,,,,,,,,,,,,,,,,,,,,,,,,,,,,,,,,,,,,,,,,,,,,,,,,,,,,,,,,,,,,,,0,,nan,,0,,nan,,0,,nan,,0,,nan,,0,,nan,
163.433434,1778660215.161607,,,,,,,,,,,,,,,,,,,,,,,,,,,,,,,,,,,,,,,,,,,,,,,,,,,,,,,,,,,,,,,,0,,nan,,0,,nan,,0,,nan,,0,,nan,,0,,nan,
163.633457,1778660215.361630,,,,,,,,,,,,,,,,,,,,,,,,,,,,,,,,,,,,,,,,,,,,,,,,,,,,,,,,,,,,,,,,0,,nan,,0,,nan,,0,,nan,,0,,nan,,0,,nan,
163.833457,1778660215.561629,,,,,,,,,,,,,,,,,,,,,,,,,,,,,,,,,,,,,,,,,,,,,,,,,,,,,,,,,,,,,,,,0,,nan,,0,,nan,,0,,nan,,0,,nan,,0,,nan,
164.033439,1778660215.761611,,,,,,,,,,,,,,,,,,,,,,,,,,,,,,,,,,,,,,,,,,,,,,,,,,,,,,,,,,,,,,,,0,,nan,,0,,nan,,0,,nan,,0,,nan,,0,,nan,
164.233461,1778660215.961632,,,,,,,,,,,,,,,,,,,,,,,,,,,,,,,,,,,,,,,,,,,,,,,,,,,,,,,,,,,,,,,,0,,nan,,0,,nan,,0,,nan,,0,,nan,,0,,nan,
164.433465,1778660216.161638,,,,,,,,,,,,,,,,,,,,,,,,,,,,,,,,,,,,,,,,,,,,,,,,,,,,,,,,,,,,,,,,0,,nan,,0,,nan,,0,,nan,,0,,nan,,0,,nan,
164.633495,1778660216.361668,,,,,,,,,,,,,,,,,,,,,,,,,,,,,,,,,,,,,,,,,,,,,,,,,,,,,,,,,,,,,,,,0,,nan,,0,,nan,,0,,nan,,0,,nan,,0,,nan,
164.833534,1778660216.561706,,,,,,,,,,,,,,,,,,,,,,,,,,,,,,,,,,,,,,,,,,,,,,,,,,,,,,,,,,,,,,,,0,,nan,,0,,nan,,0,,nan,,0,,nan,,0,,nan,
165.033474,1778660216.761646,,,,,,,,,,,,,,,,,,,,,,,,,,,,,,,,,,,,,,,,,,,,,,,,,,,,,,,,,,,,,,,,0,,nan,,0,,nan,,0,,nan,,0,,nan,,0,,nan,
165.233426,1778660216.961598,,,,,,,,,,,,,,,,,,,,,,,,,,,,,,,,,,,,,,,,,,,,,,,,,,,,,,,,,,,,,,,,0,,nan,,0,,nan,,0,,nan,,0,,nan,,0,,nan,
165.433440,1778660217.161614,,,,,,,,,,,,,,,,,,,,,,,,,,,,,,,,,,,,,,,,,,,,,,,,,,,,,,,,,,,,,,,,0,,nan,,0,,nan,,0,,nan,,0,,nan,,0,,nan,
165.633511,1778660217.361683,,,,,,,,,,,,,,,,,,,,,,,,,,,,,,,,,,,,,,,,,,,,,,,,,,,,,,,,,,,,,,,,0,,nan,,0,,nan,,0,,nan,,0,,nan,,0,,nan,
165.833495,1778660217.561667,,,,,,,,,,,,,,,,,,,,,,,,,,,,,,,,,,,,,,,,,,,,,,,,,,,,,,,,,,,,,,,,0,,nan,,0,,nan,,0,,nan,,0,,nan,,0,,nan,
166.033439,1778660217.761610,,,,,,,,,,,,,,,,,,,,,,,,,,,,,,,,,,,,,,,,,,,,,,,,,,,,,,,,,,,,,,,,0,,nan,,0,,nan,,0,,nan,,0,,nan,,0,,nan,
166.233438,1778660217.961611,,,,,,,,,,,,,,,,,,,,,,,,,,,,,,,,,,,,,,,,,,,,,,,,,,,,,,,,,,,,,,,,0,,nan,,0,,nan,,0,,nan,,0,,nan,,0,,nan,
166.433461,1778660218.161633,,,,,,,,,,,,,,,,,,,,,,,,,,,,,,,,,,,,,,,,,,,,,,,,,,,,,,,,,,,,,,,,0,,nan,,0,,nan,,0,,nan,,0,,nan,,0,,nan,
166.633438,1778660218.361610,,,,,,,,,,,,,,,,,,,,,,,,,,,,,,,,,,,,,,,,,,,,,,,,,,,,,,,,,,,,,,,,0,,nan,,0,,nan,,0,,nan,,0,,nan,,0,,nan,
166.833471,1778660218.561642,,,,,,,,,,,,,,,,,,,,,,,,,,,,,,,,,,,,,,,,,,,,,,,,,,,,,,,,,,,,,,,,0,,nan,,0,,nan,,0,,nan,,0,,nan,,0,,nan,
167.033459,1778660218.761631,,,,,,,,,,,,,,,,,,,,,,,,,,,,,,,,,,,,,,,,,,,,,,,,,,,,,,,,,,,,,,,,0,,nan,,0,,nan,,0,,nan,,0,,nan,,0,,nan,
167.233475,1778660218.961647,,,,,,,,,,,,,,,,,,,,,,,,,,,,,,,,,,,,,,,,,,,,,,,,,,,,,,,,,,,,,,,,0,,nan,,0,,nan,,0,,nan,,0,,nan,,0,,nan,
167.433455,1778660219.161628,,,,,,,,,,,,,,,,,,,,,,,,,,,,,,,,,,,,,,,,,,,,,,,,,,,,,,,,,,,,,,,,0,,nan,,0,,nan,,0,,nan,,0,,nan,,0,,nan,
167.633478,1778660219.361649,,,,,,,,,,,,,,,,,,,,,,,,,,,,,,,,,,,,,,,,,,,,,,,,,,,,,,,,,,,,,,,,0,,nan,,0,,nan,,0,,nan,,0,,nan,,0,,nan,
167.833443,1778660219.561615,,,,,,,,,,,,,,,,,,,,,,,,,,,,,,,,,,,,,,,,,,,,,,,,,,,,,,,,,,,,,,,,0,,nan,,0,,nan,,0,,nan,,0,,nan,,0,,nan,
168.033463,1778660219.761635,,,,,,,,,,,,,,,,,,,,,,,,,,,,,,,,,,,,,,,,,,,,,,,,,,,,,,,,,,,,,,,,0,,nan,,0,,nan,,0,,nan,,0,,nan,,0,,nan,
168.233442,1778660219.961613,,,,,,,,,,,,,,,,,,,,,,,,,,,,,,,,,,,,,,,,,,,,,,,,,,,,,,,,,,,,,,,,0,,nan,,0,,nan,,0,,nan,,0,,nan,,0,,nan,
168.433472,1778660220.161643,,,,,,,,,,,,,,,,,,,,,,,,,,,,,,,,,,,,,,,,,,,,,,,,,,,,,,,,,,,,,,,,0,,nan,,0,,nan,,0,,nan,,0,,nan,,0,,nan,
168.633485,1778660220.361658,,,,,,,,,,,,,,,,,,,,,,,,,,,,,,,,,,,,,,,,,,,,,,,,,,,,,,,,,,,,,,,,0,,nan,,0,,nan,,0,,nan,,0,,nan,,0,,nan,
168.833447,1778660220.561626,,,,,,,,,,,,,,,,,,,,,,,,,,,,,,,,,,,,,,,,,,,,,,,,,,,,,,,,,,,,,,,,0,,nan,,0,,nan,,0,,nan,,0,,nan,,0,,nan,
169.033464,1778660220.761636,,,,,,,,,,,,,,,,,,,,,,,,,,,,,,,,,,,,,,,,,,,,,,,,,,,,,,,,,,,,,,,,0,,nan,,0,,nan,,0,,nan,,0,,nan,,0,,nan,
169.233512,1778660220.961684,,,,,,,,,,,,,,,,,,,,,,,,,,,,,,,,,,,,,,,,,,,,,,,,,,,,,,,,,,,,,,,,0,,nan,,0,,nan,,0,,nan,,0,,nan,,0,,nan,
169.433438,1778660221.161610,,,,,,,,,,,,,,,,,,,,,,,,,,,,,,,,,,,,,,,,,,,,,,,,,,,,,,,,,,,,,,,,0,,nan,,0,,nan,,0,,nan,,0,,nan,,0,,nan,
169.633442,1778660221.361614,,,,,,,,,,,,,,,,,,,,,,,,,,,,,,,,,,,,,,,,,,,,,,,,,,,,,,,,,,,,,,,,0,,nan,,0,,nan,,0,,nan,,0,,nan,,0,,nan,
169.833442,1778660221.561614,,,,,,,,,,,,,,,,,,,,,,,,,,,,,,,,,,,,,,,,,,,,,,,,,,,,,,,,,,,,,,,,0,,nan,,0,,nan,,0,,nan,,0,,nan,,0,,nan,
170.033515,1778660221.761694,,,,,,,,,,,,,,,,,,,,,,,,,,,,,,,,,,,,,,,,,,,,,,,,,,,,,,,,,,,,,,,,0,,nan,,0,,nan,,0,,nan,,0,,nan,,0,,nan,
170.233464,1778660221.961636,,,,,,,,,,,,,,,,,,,,,,,,,,,,,,,,,,,,,,,,,,,,,,,,,,,,,,,,,,,,,,,,0,,nan,,0,,nan,,0,,nan,,0,,nan,,0,,nan,
170.433608,1778660222.161790,,,,,,,,,,,,,,,,,,,,,,,,,,,,,,,,,,,,,,,,,,,,,,,,,,,,,,,,,,,,,,,,0,,nan,,0,,nan,,0,,nan,,0,,nan,,0,,nan,
170.633461,1778660222.361633,,,,,,,,,,,,,,,,,,,,,,,,,,,,,,,,,,,,,,,,,,,,,,,,,,,,,,,,,,,,,,,,0,,nan,,0,,nan,,0,,nan,,0,,nan,,0,,nan,
170.833450,1778660222.561622,,,,,,,,,,,,,,,,,,,,,,,,,,,,,,,,,,,,,,,,,,,,,,,,,,,,,,,,,,,,,,,,0,,nan,,0,,nan,,0,,nan,,0,,nan,,0,,nan,
171.033484,1778660222.761655,,,,,,,,,,,,,,,,,,,,,,,,,,,,,,,,,,,,,,,,,,,,,,,,,,,,,,,,,,,,,,,,0,,nan,,0,,nan,,0,,nan,,0,,nan,,0,,nan,
171.233432,1778660222.961604,,,,,,,,,,,,,,,,,,,,,,,,,,,,,,,,,,,,,,,,,,,,,,,,,,,,,,,,,,,,,,,,0,,nan,,0,,nan,,0,,nan,,0,,nan,,0,,nan,
171.433591,1778660223.161774,,,,,,,,,,,,,,,,,,,,,,,,,,,,,,,,,,,,,,,,,,,,,,,,,,,,,,,,,,,,,,,,0,,nan,,0,,nan,,0,,nan,,0,,nan,,0,,nan,
171.633448,1778660223.361620,,,,,,,,,,,,,,,,,,,,,,,,,,,,,,,,,,,,,,,,,,,,,,,,,,,,,,,,,,,,,,,,0,,nan,,0,,nan,,0,,nan,,0,,nan,,0,,nan,
171.833435,1778660223.561607,,,,,,,,,,,,,,,,,,,,,,,,,,,,,,,,,,,,,,,,,,,,,,,,,,,,,,,,,,,,,,,,0,,nan,,0,,nan,,0,,nan,,0,,nan,,0,,nan,
172.033494,1778660223.761666,,,,,,,,,,,,,,,,,,,,,,,,,,,,,,,,,,,,,,,,,,,,,,,,,,,,,,,,,,,,,,,,0,,nan,,0,,nan,,0,,nan,,0,,nan,,0,,nan,
172.233480,1778660223.961652,,,,,,,,,,,,,,,,,,,,,,,,,,,,,,,,,,,,,,,,,,,,,,,,,,,,,,,,,,,,,,,,0,,nan,,0,,nan,,0,,nan,,0,,nan,,0,,nan,
172.433465,1778660224.161637,,,,,,,,,,,,,,,,,,,,,,,,,,,,,,,,,,,,,,,,,,,,,,,,,,,,,,,,,,,,,,,,0,,nan,,0,,nan,,0,,nan,,0,,nan,,0,,nan,
172.633556,1778660224.361727,,,,,,,,,,,,,,,,,,,,,,,,,,,,,,,,,,,,,,,,,,,,,,,,,,,,,,,,,,,,,,,,0,,nan,,0,,nan,,0,,nan,,0,,nan,,0,,nan,
172.833458,1778660224.561629,,,,,,,,,,,,,,,,,,,,,,,,,,,,,,,,,,,,,,,,,,,,,,,,,,,,,,,,,,,,,,,,0,,nan,,0,,nan,,0,,nan,,0,,nan,,0,,nan,
173.033438,1778660224.761610,,,,,,,,,,,,,,,,,,,,,,,,,,,,,,,,,,,,,,,,,,,,,,,,,,,,,,,,,,,,,,,,0,,nan,,0,,nan,,0,,nan,,0,,nan,,0,,nan,
173.233459,1778660224.961631,,,,,,,,,,,,,,,,,,,,,,,,,,,,,,,,,,,,,,,,,,,,,,,,,,,,,,,,,,,,,,,,0,,nan,,0,,nan,,0,,nan,,0,,nan,,0,,nan,
173.433585,1778660225.161757,,,,,,,,,,,,,,,,,,,,,,,,,,,,,,,,,,,,,,,,,,,,,,,,,,,,,,,,,,,,,,,,0,,nan,,0,,nan,,0,,nan,,0,,nan,,0,,nan,
173.633446,1778660225.361618,,,,,,,,,,,,,,,,,,,,,,,,,,,,,,,,,,,,,,,,,,,,,,,,,,,,,,,,,,,,,,,,0,,nan,,0,,nan,,0,,nan,,0,,nan,,0,,nan,
173.833479,1778660225.561651,,,,,,,,,,,,,,,,,,,,,,,,,,,,,,,,,,,,,,,,,,,,,,,,,,,,,,,,,,,,,,,,0,,nan,,0,,nan,,0,,nan,,0,,nan,,0,,nan,
174.033465,1778660225.761637,,,,,,,,,,,,,,,,,,,,,,,,,,,,,,,,,,,,,,,,,,,,,,,,,,,,,,,,,,,,,,,,0,,nan,,0,,nan,,0,,nan,,0,,nan,,0,,nan,
174.233454,1778660225.961627,,,,,,,,,,,,,,,,,,,,,,,,,,,,,,,,,,,,,,,,,,,,,,,,,,,,,,,,,,,,,,,,0,,nan,,0,,nan,,0,,nan,,0,,nan,,0,,nan,
174.433455,1778660226.161626,,,,,,,,,,,,,,,,,,,,,,,,,,,,,,,,,,,,,,,,,,,,,,,,,,,,,,,,,,,,,,,,0,,nan,,0,,nan,,0,,nan,,0,,nan,,0,,nan,
174.633448,1778660226.361620,,,,,,,,,,,,,,,,,,,,,,,,,,,,,,,,,,,,,,,,,,,,,,,,,,,,,,,,,,,,,,,,0,,nan,,0,,nan,,0,,nan,,0,,nan,,0,,nan,
174.833495,1778660226.561666,,,,,,,,,,,,,,,,,,,,,,,,,,,,,,,,,,,,,,,,,,,,,,,,,,,,,,,,,,,,,,,,0,,nan,,0,,nan,,0,,nan,,0,,nan,,0,,nan,
175.033435,1778660226.761606,,,,,,,,,,,,,,,,,,,,,,,,,,,,,,,,,,,,,,,,,,,,,,,,,,,,,,,,,,,,,,,,0,,nan,,0,,nan,,0,,nan,,0,,nan,,0,,nan,
175.233506,1778660226.961677,,,,,,,,,,,,,,,,,,,,,,,,,,,,,,,,,,,,,,,,,,,,,,,,,,,,,,,,,,,,,,,,0,,nan,,0,,nan,,0,,nan,,0,,nan,,0,,nan,
175.433436,1778660227.161608,,,,,,,,,,,,,,,,,,,,,,,,,,,,,,,,,,,,,,,,,,,,,,,,,,,,,,,,,,,,,,,,0,,nan,,0,,nan,,0,,nan,,0,,nan,,0,,nan,
175.633465,1778660227.361638,,,,,,,,,,,,,,,,,,,,,,,,,,,,,,,,,,,,,,,,,,,,,,,,,,,,,,,,,,,,,,,,0,,nan,,0,,nan,,0,,nan,,0,,nan,,0,,nan,
175.833457,1778660227.561629,,,,,,,,,,,,,,,,,,,,,,,,,,,,,,,,,,,,,,,,,,,,,,,,,,,,,,,,,,,,,,,,0,,nan,,0,,nan,,0,,nan,,0,,nan,,0,,nan,
176.033446,1778660227.761617,,,,,,,,,,,,,,,,,,,,,,,,,,,,,,,,,,,,,,,,,,,,,,,,,,,,,,,,,,,,,,,,0,,nan,,0,,nan,,0,,nan,,0,,nan,,0,,nan,
176.233458,1778660227.961630,,,,,,,,,,,,,,,,,,,,,,,,,,,,,,,,,,,,,,,,,,,,,,,,,,,,,,,,,,,,,,,,0,,nan,,0,,nan,,0,,nan,,0,,nan,,0,,nan,
176.433446,1778660228.161618,,,,,,,,,,,,,,,,,,,,,,,,,,,,,,,,,,,,,,,,,,,,,,,,,,,,,,,,,,,,,,,,0,,nan,,0,,nan,,0,,nan,,0,,nan,,0,,nan,
176.633436,1778660228.361607,,,,,,,,,,,,,,,,,,,,,,,,,,,,,,,,,,,,,,,,,,,,,,,,,,,,,,,,,,,,,,,,0,,nan,,0,,nan,,0,,nan,,0,,nan,,0,,nan,
176.833437,1778660228.561608,,,,,,,,,,,,,,,,,,,,,,,,,,,,,,,,,,,,,,,,,,,,,,,,,,,,,,,,,,,,,,,,0,,nan,,0,,nan,,0,,nan,,0,,nan,,0,,nan,
177.033445,1778660228.761616,,,,,,,,,,,,,,,,,,,,,,,,,,,,,,,,,,,,,,,,,,,,,,,,,,,,,,,,,,,,,,,,0,,nan,,0,,nan,,0,,nan,,0,,nan,,0,,nan,
177.233431,1778660228.961603,,,,,,,,,,,,,,,,,,,,,,,,,,,,,,,,,,,,,,,,,,,,,,,,,,,,,,,,,,,,,,,,0,,nan,,0,,nan,,0,,nan,,0,,nan,,0,,nan,
177.433455,1778660229.161626,,,,,,,,,,,,,,,,,,,,,,,,,,,,,,,,,,,,,,,,,,,,,,,,,,,,,,,,,,,,,,,,0,,nan,,0,,nan,,0,,nan,,0,,nan,,0,,nan,
177.633470,1778660229.361642,,,,,,,,,,,,,,,,,,,,,,,,,,,,,,,,,,,,,,,,,,,,,,,,,,,,,,,,,,,,,,,,0,,nan,,0,,nan,,0,,nan,,0,,nan,,0,,nan,
177.833442,1778660229.561614,,,,,,,,,,,,,,,,,,,,,,,,,,,,,,,,,,,,,,,,,,,,,,,,,,,,,,,,,,,,,,,,0,,nan,,0,,nan,,0,,nan,,0,,nan,,0,,nan,
178.033624,1778660229.761807,,,,,,,,,,,,,,,,,,,,,,,,,,,,,,,,,,,,,,,,,,,,,,,,,,,,,,,,,,,,,,,,0,,nan,,0,,nan,,0,,nan,,0,,nan,,0,,nan,
178.233477,1778660229.961649,,,,,,,,,,,,,,,,,,,,,,,,,,,,,,,,,,,,,,,,,,,,,,,,,,,,,,,,,,,,,,,,0,,nan,,0,,nan,,0,,nan,,0,,nan,,0,,nan,
178.433437,1778660230.161609,,,,,,,,,,,,,,,,,,,,,,,,,,,,,,,,,,,,,,,,,,,,,,,,,,,,,,,,,,,,,,,,0,,nan,,0,,nan,,0,,nan,,0,,nan,,0,,nan,
178.633440,1778660230.361613,,,,,,,,,,,,,,,,,,,,,,,,,,,,,,,,,,,,,,,,,,,,,,,,,,,,,,,,,,,,,,,,0,,nan,,0,,nan,,0,,nan,,0,,nan,,0,,nan,
178.833438,1778660230.561610,,,,,,,,,,,,,,,,,,,,,,,,,,,,,,,,,,,,,,,,,,,,,,,,,,,,,,,,,,,,,,,,0,,nan,,0,,nan,,0,,nan,,0,,nan,,0,,nan,
179.033474,1778660230.761646,,,,,,,,,,,,,,,,,,,,,,,,,,,,,,,,,,,,,,,,,,,,,,,,,,,,,,,,,,,,,,,,0,,nan,,0,,nan,,0,,nan,,0,,nan,,0,,nan,
179.233464,1778660230.961636,,,,,,,,,,,,,,,,,,,,,,,,,,,,,,,,,,,,,,,,,,,,,,,,,,,,,,,,,,,,,,,,0,,nan,,0,,nan,,0,,nan,,0,,nan,,0,,nan,
179.433455,1778660231.161627,,,,,,,,,,,,,,,,,,,,,,,,,,,,,,,,,,,,,,,,,,,,,,,,,,,,,,,,,,,,,,,,0,,nan,,0,,nan,,0,,nan,,0,,nan,,0,,nan,
179.633470,1778660231.361641,,,,,,,,,,,,,,,,,,,,,,,,,,,,,,,,,,,,,,,,,,,,,,,,,,,,,,,,,,,,,,,,0,,nan,,0,,nan,,0,,nan,,0,,nan,,0,,nan,
179.833439,1778660231.561611,,,,,,,,,,,,,,,,,,,,,,,,,,,,,,,,,,,,,,,,,,,,,,,,,,,,,,,,,,,,,,,,0,,nan,,0,,nan,,0,,nan,,0,,nan,,0,,nan,
180.033641,1778660231.761830,,,,,,,,,,,,,,,,,,,,,,,,,,,,,,,,,,,,,,,,,,,,,,,,,,,,,,,,,,,,,,,,0,,nan,,0,,nan,,0,,nan,,0,,nan,,0,,nan,
180.233448,1778660231.961620,,,,,,,,,,,,,,,,,,,,,,,,,,,,,,,,,,,,,,,,,,,,,,,,,,,,,,,,,,,,,,,,0,,nan,,0,,nan,,0,,nan,,0,,nan,,0,,nan,
180.433503,1778660232.161674,,,,,,,,,,,,,,,,,,,,,,,,,,,,,,,,,,,,,,,,,,,,,,,,,,,,,,,,,,,,,,,,0,,nan,,0,,nan,,0,,nan,,0,,nan,,0,,nan,
180.633495,1778660232.361667,,,,,,,,,,,,,,,,,,,,,,,,,,,,,,,,,,,,,,,,,,,,,,,,,,,,,,,,,,,,,,,,0,,nan,,0,,nan,,0,,nan,,0,,nan,,0,,nan,
180.833504,1778660232.561676,,,,,,,,,,,,,,,,,,,,,,,,,,,,,,,,,,,,,,,,,,,,,,,,,,,,,,,,,,,,,,,,0,,nan,,0,,nan,,0,,nan,,0,,nan,,0,,nan,
181.033459,1778660232.761631,,,,,,,,,,,,,,,,,,,,,,,,,,,,,,,,,,,,,,,,,,,,,,,,,,,,,,,,,,,,,,,,0,,nan,,0,,nan,,0,,nan,,0,,nan,,0,,nan,
181.233456,1778660232.961628,,,,,,,,,,,,,,,,,,,,,,,,,,,,,,,,,,,,,,,,,,,,,,,,,,,,,,,,,,,,,,,,0,,nan,,0,,nan,,0,,nan,,0,,nan,,0,,nan,
181.433538,1778660233.161710,,,,,,,,,,,,,,,,,,,,,,,,,,,,,,,,,,,,,,,,,,,,,,,,,,,,,,,,,,,,,,,,0,,nan,,0,,nan,,0,,nan,,0,,nan,,0,,nan,
181.633456,1778660233.361627,,,,,,,,,,,,,,,,,,,,,,,,,,,,,,,,,,,,,,,,,,,,,,,,,,,,,,,,,,,,,,,,0,,nan,,0,,nan,,0,,nan,,0,,nan,,0,,nan,
181.833472,1778660233.561644,,,,,,,,,,,,,,,,,,,,,,,,,,,,,,,,,,,,,,,,,,,,,,,,,,,,,,,,,,,,,,,,0,,nan,,0,,nan,,0,,nan,,0,,nan,,0,,nan,
182.033446,1778660233.761618,,,,,,,,,,,,,,,,,,,,,,,,,,,,,,,,,,,,,,,,,,,,,,,,,,,,,,,,,,,,,,,,0,,nan,,0,,nan,,0,,nan,,0,,nan,,0,,nan,
182.233459,1778660233.961631,,,,,,,,,,,,,,,,,,,,,,,,,,,,,,,,,,,,,,,,,,,,,,,,,,,,,,,,,,,,,,,,0,,nan,,0,,nan,,0,,nan,,0,,nan,,0,,nan,
182.433479,1778660234.161651,,,,,,,,,,,,,,,,,,,,,,,,,,,,,,,,,,,,,,,,,,,,,,,,,,,,,,,,,,,,,,,,0,,nan,,0,,nan,,0,,nan,,0,,nan,,0,,nan,
182.633452,1778660234.361624,,,,,,,,,,,,,,,,,,,,,,,,,,,,,,,,,,,,,,,,,,,,,,,,,,,,,,,,,,,,,,,,0,,nan,,0,,nan,,0,,nan,,0,,nan,,0,,nan,
182.833529,1778660234.561702,,,,,,,,,,,,,,,,,,,,,,,,,,,,,,,,,,,,,,,,,,,,,,,,,,,,,,,,,,,,,,,,0,,nan,,0,,nan,,0,,nan,,0,,nan,,0,,nan,
183.033480,1778660234.761652,,,,,,,,,,,,,,,,,,,,,,,,,,,,,,,,,,,,,,,,,,,,,,,,,,,,,,,,,,,,,,,,0,,nan,,0,,nan,,0,,nan,,0,,nan,,0,,nan,
183.233466,1778660234.961638,,,,,,,,,,,,,,,,,,,,,,,,,,,,,,,,,,,,,,,,,,,,,,,,,,,,,,,,,,,,,,,,0,,nan,,0,,nan,,0,,nan,,0,,nan,,0,,nan,
183.433467,1778660235.161639,,,,,,,,,,,,,,,,,,,,,,,,,,,,,,,,,,,,,,,,,,,,,,,,,,,,,,,,,,,,,,,,0,,nan,,0,,nan,,0,,nan,,0,,nan,,0,,nan,
183.633509,1778660235.361681,,,,,,,,,,,,,,,,,,,,,,,,,,,,,,,,,,,,,,,,,,,,,,,,,,,,,,,,,,,,,,,,0,,nan,,0,,nan,,0,,nan,,0,,nan,,0,,nan,
183.833441,1778660235.561613,,,,,,,,,,,,,,,,,,,,,,,,,,,,,,,,,,,,,,,,,,,,,,,,,,,,,,,,,,,,,,,,0,,nan,,0,,nan,,0,,nan,,0,,nan,,0,,nan,
184.033439,1778660235.761611,,,,,,,,,,,,,,,,,,,,,,,,,,,,,,,,,,,,,,,,,,,,,,,,,,,,,,,,,,,,,,,,0,,nan,,0,,nan,,0,,nan,,0,,nan,,0,,nan,
184.233467,1778660235.961638,,,,,,,,,,,,,,,,,,,,,,,,,,,,,,,,,,,,,,,,,,,,,,,,,,,,,,,,,,,,,,,,0,,nan,,0,,nan,,0,,nan,,0,,nan,,0,,nan,
184.433456,1778660236.161628,,,,,,,,,,,,,,,,,,,,,,,,,,,,,,,,,,,,,,,,,,,,,,,,,,,,,,,,,,,,,,,,0,,nan,,0,,nan,,0,,nan,,0,,nan,,0,,nan,
184.633474,1778660236.361646,,,,,,,,,,,,,,,,,,,,,,,,,,,,,,,,,,,,,,,,,,,,,,,,,,,,,,,,,,,,,,,,0,,nan,,0,,nan,,0,,nan,,0,,nan,,0,,nan,
184.833451,1778660236.561622,,,,,,,,,,,,,,,,,,,,,,,,,,,,,,,,,,,,,,,,,,,,,,,,,,,,,,,,,,,,,,,,0,,nan,,0,,nan,,0,,nan,,0,,nan,,0,,nan,
185.033455,1778660236.761626,,,,,,,,,,,,,,,,,,,,,,,,,,,,,,,,,,,,,,,,,,,,,,,,,,,,,,,,,,,,,,,,0,,nan,,0,,nan,,0,,nan,,0,,nan,,0,,nan,
185.233434,1778660236.961606,,,,,,,,,,,,,,,,,,,,,,,,,,,,,,,,,,,,,,,,,,,,,,,,,,,,,,,,,,,,,,,,0,,nan,,0,,nan,,0,,nan,,0,,nan,,0,,nan,
185.433431,1778660237.161603,,,,,,,,,,,,,,,,,,,,,,,,,,,,,,,,,,,,,,,,,,,,,,,,,,,,,,,,,,,,,,,,0,,nan,,0,,nan,,0,,nan,,0,,nan,,0,,nan,
185.633448,1778660237.361620,,,,,,,,,,,,,,,,,,,,,,,,,,,,,,,,,,,,,,,,,,,,,,,,,,,,,,,,,,,,,,,,0,,nan,,0,,nan,,0,,nan,,0,,nan,,0,,nan,
185.833463,1778660237.561635,,,,,,,,,,,,,,,,,,,,,,,,,,,,,,,,,,,,,,,,,,,,,,,,,,,,,,,,,,,,,,,,0,,nan,,0,,nan,,0,,nan,,0,,nan,,0,,nan,
186.033475,1778660237.761646,,,,,,,,,,,,,,,,,,,,,,,,,,,,,,,,,,,,,,,,,,,,,,,,,,,,,,,,,,,,,,,,0,,nan,,0,,nan,,0,,nan,,0,,nan,,0,,nan,
186.233511,1778660237.961683,,,,,,,,,,,,,,,,,,,,,,,,,,,,,,,,,,,,,,,,,,,,,,,,,,,,,,,,,,,,,,,,0,,nan,,0,,nan,,0,,nan,,0,,nan,,0,,nan,
186.433454,1778660238.161625,,,,,,,,,,,,,,,,,,,,,,,,,,,,,,,,,,,,,,,,,,,,,,,,,,,,,,,,,,,,,,,,0,,nan,,0,,nan,,0,,nan,,0,,nan,,0,,nan,
186.633475,1778660238.361647,,,,,,,,,,,,,,,,,,,,,,,,,,,,,,,,,,,,,,,,,,,,,,,,,,,,,,,,,,,,,,,,0,,nan,,0,,nan,,0,,nan,,0,,nan,,0,,nan,
186.833461,1778660238.561633,,,,,,,,,,,,,,,,,,,,,,,,,,,,,,,,,,,,,,,,,,,,,,,,,,,,,,,,,,,,,,,,0,,nan,,0,,nan,,0,,nan,,0,,nan,,0,,nan,
187.033481,1778660238.761653,,,,,,,,,,,,,,,,,,,,,,,,,,,,,,,,,,,,,,,,,,,,,,,,,,,,,,,,,,,,,,,,0,,nan,,0,,nan,,0,,nan,,0,,nan,,0,,nan,
187.233456,1778660238.961627,,,,,,,,,,,,,,,,,,,,,,,,,,,,,,,,,,,,,,,,,,,,,,,,,,,,,,,,,,,,,,,,0,,nan,,0,,nan,,0,,nan,,0,,nan,,0,,nan,
187.433436,1778660239.161607,,,,,,,,,,,,,,,,,,,,,,,,,,,,,,,,,,,,,,,,,,,,,,,,,,,,,,,,,,,,,,,,0,,nan,,0,,nan,,0,,nan,,0,,nan,,0,,nan,
187.633463,1778660239.361635,,,,,,,,,,,,,,,,,,,,,,,,,,,,,,,,,,,,,,,,,,,,,,,,,,,,,,,,,,,,,,,,0,,nan,,0,,nan,,0,,nan,,0,,nan,,0,,nan,
187.833636,1778660239.561825,,,,,,,,,,,,,,,,,,,,,,,,,,,,,,,,,,,,,,,,,,,,,,,,,,,,,,,,,,,,,,,,0,,nan,,0,,nan,,0,,nan,,0,,nan,,0,,nan,
188.033478,1778660239.761650,,,,,,,,,,,,,,,,,,,,,,,,,,,,,,,,,,,,,,,,,,,,,,,,,,,,,,,,,,,,,,,,0,,nan,,0,,nan,,0,,nan,,0,,nan,,0,,nan,
188.233475,1778660239.961646,,,,,,,,,,,,,,,,,,,,,,,,,,,,,,,,,,,,,,,,,,,,,,,,,,,,,,,,,,,,,,,,0,,nan,,0,,nan,,0,,nan,,0,,nan,,0,,nan,
188.433463,1778660240.161634,,,,,,,,,,,,,,,,,,,,,,,,,,,,,,,,,,,,,,,,,,,,,,,,,,,,,,,,,,,,,,,,0,,nan,,0,,nan,,0,,nan,,0,,nan,,0,,nan,
188.633521,1778660240.361693,,,,,,,,,,,,,,,,,,,,,,,,,,,,,,,,,,,,,,,,,,,,,,,,,,,,,,,,,,,,,,,,0,,nan,,0,,nan,,0,,nan,,0,,nan,,0,,nan,
188.833485,1778660240.561658,,,,,,,,,,,,,,,,,,,,,,,,,,,,,,,,,,,,,,,,,,,,,,,,,,,,,,,,,,,,,,,,0,,nan,,0,,nan,,0,,nan,,0,,nan,,0,,nan,
189.033440,1778660240.761612,,,,,,,,,,,,,,,,,,,,,,,,,,,,,,,,,,,,,,,,,,,,,,,,,,,,,,,,,,,,,,,,0,,nan,,0,,nan,,0,,nan,,0,,nan,,0,,nan,
189.233438,1778660240.961610,,,,,,,,,,,,,,,,,,,,,,,,,,,,,,,,,,,,,,,,,,,,,,,,,,,,,,,,,,,,,,,,0,,nan,,0,,nan,,0,,nan,,0,,nan,,0,,nan,
189.433462,1778660241.161634,,,,,,,,,,,,,,,,,,,,,,,,,,,,,,,,,,,,,,,,,,,,,,,,,,,,,,,,,,,,,,,,0,,nan,,0,,nan,,0,,nan,,0,,nan,,0,,nan,
189.633454,1778660241.361626,,,,,,,,,,,,,,,,,,,,,,,,,,,,,,,,,,,,,,,,,,,,,,,,,,,,,,,,,,,,,,,,0,,nan,,0,,nan,,0,,nan,,0,,nan,,0,,nan,
189.833460,1778660241.561633,,,,,,,,,,,,,,,,,,,,,,,,,,,,,,,,,,,,,,,,,,,,,,,,,,,,,,,,,,,,,,,,0,,nan,,0,,nan,,0,,nan,,0,,nan,,0,,nan,
190.033445,1778660241.761616,,,,,,,,,,,,,,,,,,,,,,,,,,,,,,,,,,,,,,,,,,,,,,,,,,,,,,,,,,,,,,,,0,,nan,,0,,nan,,0,,nan,,0,,nan,,0,,nan,
190.233454,1778660241.961626,,,,,,,,,,,,,,,,,,,,,,,,,,,,,,,,,,,,,,,,,,,,,,,,,,,,,,,,,,,,,,,,0,,nan,,0,,nan,,0,,nan,,0,,nan,,0,,nan,
190.433468,1778660242.161639,,,,,,,,,,,,,,,,,,,,,,,,,,,,,,,,,,,,,,,,,,,,,,,,,,,,,,,,,,,,,,,,0,,nan,,0,,nan,,0,,nan,,0,,nan,,0,,nan,
190.633507,1778660242.361679,,,,,,,,,,,,,,,,,,,,,,,,,,,,,,,,,,,,,,,,,,,,,,,,,,,,,,,,,,,,,,,,0,,nan,,0,,nan,,0,,nan,,0,,nan,,0,,nan,
190.833457,1778660242.561629,,,,,,,,,,,,,,,,,,,,,,,,,,,,,,,,,,,,,,,,,,,,,,,,,,,,,,,,,,,,,,,,0,,nan,,0,,nan,,0,,nan,,0,,nan,,0,,nan,
191.033425,1778660242.761596,,,,,,,,,,,,,,,,,,,,,,,,,,,,,,,,,,,,,,,,,,,,,,,,,,,,,,,,,,,,,,,,0,,nan,,0,,nan,,0,,nan,,0,,nan,,0,,nan,
191.233494,1778660242.961666,,,,,,,,,,,,,,,,,,,,,,,,,,,,,,,,,,,,,,,,,,,,,,,,,,,,,,,,,,,,,,,,0,,nan,,0,,nan,,0,,nan,,0,,nan,,0,,nan,
191.433447,1778660243.161619,,,,,,,,,,,,,,,,,,,,,,,,,,,,,,,,,,,,,,,,,,,,,,,,,,,,,,,,,,,,,,,,0,,nan,,0,,nan,,0,,nan,,0,,nan,,0,,nan,
191.633473,1778660243.361645,,,,,,,,,,,,,,,,,,,,,,,,,,,,,,,,,,,,,,,,,,,,,,,,,,,,,,,,,,,,,,,,0,,nan,,0,,nan,,0,,nan,,0,,nan,,0,,nan,
191.833457,1778660243.561628,,,,,,,,,,,,,,,,,,,,,,,,,,,,,,,,,,,,,,,,,,,,,,,,,,,,,,,,,,,,,,,,0,,nan,,0,,nan,,0,,nan,,0,,nan,,0,,nan,
192.033460,1778660243.761632,,,,,,,,,,,,,,,,,,,,,,,,,,,,,,,,,,,,,,,,,,,,,,,,,,,,,,,,,,,,,,,,0,,nan,,0,,nan,,0,,nan,,0,,nan,,0,,nan,
192.233621,1778660243.961802,,,,,,,,,,,,,,,,,,,,,,,,,,,,,,,,,,,,,,,,,,,,,,,,,,,,,,,,,,,,,,,,0,,nan,,0,,nan,,0,,nan,,0,,nan,,0,,nan,
192.433498,1778660244.161670,,,,,,,,,,,,,,,,,,,,,,,,,,,,,,,,,,,,,,,,,,,,,,,,,,,,,,,,,,,,,,,,0,,nan,,0,,nan,,0,,nan,,0,,nan,,0,,nan,
192.633678,1778660244.361863,,,,,,,,,,,,,,,,,,,,,,,,,,,,,,,,,,,,,,,,,,,,,,,,,,,,,,,,,,,,,,,,0,,nan,,0,,nan,,0,,nan,,0,,nan,,0,,nan,
192.833442,1778660244.561614,,,,,,,,,,,,,,,,,,,,,,,,,,,,,,,,,,,,,,,,,,,,,,,,,,,,,,,,,,,,,,,,0,,nan,,0,,nan,,0,,nan,,0,,nan,,0,,nan,
193.033434,1778660244.761605,,,,,,,,,,,,,,,,,,,,,,,,,,,,,,,,,,,,,,,,,,,,,,,,,,,,,,,,,,,,,,,,0,,nan,,0,,nan,,0,,nan,,0,,nan,,0,,nan,
193.233463,1778660244.961634,,,,,,,,,,,,,,,,,,,,,,,,,,,,,,,,,,,,,,,,,,,,,,,,,,,,,,,,,,,,,,,,0,,nan,,0,,nan,,0,,nan,,0,,nan,,0,,nan,
193.433444,1778660245.161616,,,,,,,,,,,,,,,,,,,,,,,,,,,,,,,,,,,,,,,,,,,,,,,,,,,,,,,,,,,,,,,,0,,nan,,0,,nan,,0,,nan,,0,,nan,,0,,nan,
193.633461,1778660245.361632,,,,,,,,,,,,,,,,,,,,,,,,,,,,,,,,,,,,,,,,,,,,,,,,,,,,,,,,,,,,,,,,0,,nan,,0,,nan,,0,,nan,,0,,nan,,0,,nan,
193.833467,1778660245.561638,,,,,,,,,,,,,,,,,,,,,,,,,,,,,,,,,,,,,,,,,,,,,,,,,,,,,,,,,,,,,,,,0,,nan,,0,,nan,,0,,nan,,0,,nan,,0,,nan,
194.033457,1778660245.761628,,,,,,,,,,,,,,,,,,,,,,,,,,,,,,,,,,,,,,,,,,,,,,,,,,,,,,,,,,,,,,,,0,,nan,,0,,nan,,0,,nan,,0,,nan,,0,,nan,
194.233476,1778660245.961648,,,,,,,,,,,,,,,,,,,,,,,,,,,,,,,,,,,,,,,,,,,,,,,,,,,,,,,,,,,,,,,,0,,nan,,0,,nan,,0,,nan,,0,,nan,,0,,nan,
194.433503,1778660246.161675,,,,,,,,,,,,,,,,,,,,,,,,,,,,,,,,,,,,,,,,,,,,,,,,,,,,,,,,,,,,,,,,0,,nan,,0,,nan,,0,,nan,,0,,nan,,0,,nan,
194.633498,1778660246.361670,,,,,,,,,,,,,,,,,,,,,,,,,,,,,,,,,,,,,,,,,,,,,,,,,,,,,,,,,,,,,,,,0,,nan,,0,,nan,,0,,nan,,0,,nan,,0,,nan,
194.833479,1778660246.561651,,,,,,,,,,,,,,,,,,,,,,,,,,,,,,,,,,,,,,,,,,,,,,,,,,,,,,,,,,,,,,,,0,,nan,,0,,nan,,0,,nan,,0,,nan,,0,,nan,
195.033481,1778660246.761653,,,,,,,,,,,,,,,,,,,,,,,,,,,,,,,,,,,,,,,,,,,,,,,,,,,,,,,,,,,,,,,,0,,nan,,0,,nan,,0,,nan,,0,,nan,,0,,nan,
195.233473,1778660246.961646,,,,,,,,,,,,,,,,,,,,,,,,,,,,,,,,,,,,,,,,,,,,,,,,,,,,,,,,,,,,,,,,0,,nan,,0,,nan,,0,,nan,,0,,nan,,0,,nan,
195.433465,1778660247.161637,,,,,,,,,,,,,,,,,,,,,,,,,,,,,,,,,,,,,,,,,,,,,,,,,,,,,,,,,,,,,,,,0,,nan,,0,,nan,,0,,nan,,0,,nan,,0,,nan,
195.633527,1778660247.361699,,,,,,,,,,,,,,,,,,,,,,,,,,,,,,,,,,,,,,,,,,,,,,,,,,,,,,,,,,,,,,,,0,,nan,,0,,nan,,0,,nan,,0,,nan,,0,,nan,
195.833485,1778660247.561657,,,,,,,,,,,,,,,,,,,,,,,,,,,,,,,,,,,,,,,,,,,,,,,,,,,,,,,,,,,,,,,,0,,nan,,0,,nan,,0,,nan,,0,,nan,,0,,nan,
196.033441,1778660247.761612,,,,,,,,,,,,,,,,,,,,,,,,,,,,,,,,,,,,,,,,,,,,,,,,,,,,,,,,,,,,,,,,0,,nan,,0,,nan,,0,,nan,,0,,nan,,0,,nan,
196.233463,1778660247.961634,,,,,,,,,,,,,,,,,,,,,,,,,,,,,,,,,,,,,,,,,,,,,,,,,,,,,,,,,,,,,,,,0,,nan,,0,,nan,,0,,nan,,0,,nan,,0,,nan,
196.433464,1778660248.161637,,,,,,,,,,,,,,,,,,,,,,,,,,,,,,,,,,,,,,,,,,,,,,,,,,,,,,,,,,,,,,,,0,,nan,,0,,nan,,0,,nan,,0,,nan,,0,,nan,
196.633458,1778660248.361630,,,,,,,,,,,,,,,,,,,,,,,,,,,,,,,,,,,,,,,,,,,,,,,,,,,,,,,,,,,,,,,,0,,nan,,0,,nan,,0,,nan,,0,,nan,,0,,nan,
196.833473,1778660248.561646,,,,,,,,,,,,,,,,,,,,,,,,,,,,,,,,,,,,,,,,,,,,,,,,,,,,,,,,,,,,,,,,0,,nan,,0,,nan,,0,,nan,,0,,nan,,0,,nan,
197.033461,1778660248.761634,,,,,,,,,,,,,,,,,,,,,,,,,,,,,,,,,,,,,,,,,,,,,,,,,,,,,,,,,,,,,,,,0,,nan,,0,,nan,,0,,nan,,0,,nan,,0,,nan,
197.233436,1778660248.961608,,,,,,,,,,,,,,,,,,,,,,,,,,,,,,,,,,,,,,,,,,,,,,,,,,,,,,,,,,,,,,,,0,,nan,,0,,nan,,0,,nan,,0,,nan,,0,,nan,
197.433453,1778660249.161625,,,,,,,,,,,,,,,,,,,,,,,,,,,,,,,,,,,,,,,,,,,,,,,,,,,,,,,,,,,,,,,,0,,nan,,0,,nan,,0,,nan,,0,,nan,,0,,nan,
197.633457,1778660249.361631,,,,,,,,,,,,,,,,,,,,,,,,,,,,,,,,,,,,,,,,,,,,,,,,,,,,,,,,,,,,,,,,0,,nan,,0,,nan,,0,,nan,,0,,nan,,0,,nan,
197.833444,1778660249.561616,,,,,,,,,,,,,,,,,,,,,,,,,,,,,,,,,,,,,,,,,,,,,,,,,,,,,,,,,,,,,,,,0,,nan,,0,,nan,,0,,nan,,0,,nan,,0,,nan,
198.033462,1778660249.761634,,,,,,,,,,,,,,,,,,,,,,,,,,,,,,,,,,,,,,,,,,,,,,,,,,,,,,,,,,,,,,,,0,,nan,,0,,nan,,0,,nan,,0,,nan,,0,,nan,
198.233506,1778660249.961678,,,,,,,,,,,,,,,,,,,,,,,,,,,,,,,,,,,,,,,,,,,,,,,,,,,,,,,,,,,,,,,,0,,nan,,0,,nan,,0,,nan,,0,,nan,,0,,nan,
198.433463,1778660250.161634,,,,,,,,,,,,,,,,,,,,,,,,,,,,,,,,,,,,,,,,,,,,,,,,,,,,,,,,,,,,,,,,0,,nan,,0,,nan,,0,,nan,,0,,nan,,0,,nan,
198.633637,1778660250.361829,,,,,,,,,,,,,,,,,,,,,,,,,,,,,,,,,,,,,,,,,,,,,,,,,,,,,,,,,,,,,,,,0,,nan,,0,,nan,,0,,nan,,0,,nan,,0,,nan,
198.833447,1778660250.561619,,,,,,,,,,,,,,,,,,,,,,,,,,,,,,,,,,,,,,,,,,,,,,,,,,,,,,,,,,,,,,,,0,,nan,,0,,nan,,0,,nan,,0,,nan,,0,,nan,
199.033449,1778660250.761622,,,,,,,,,,,,,,,,,,,,,,,,,,,,,,,,,,,,,,,,,,,,,,,,,,,,,,,,,,,,,,,,0,,nan,,0,,nan,,0,,nan,,0,,nan,,0,,nan,
199.233444,1778660250.961616,,,,,,,,,,,,,,,,,,,,,,,,,,,,,,,,,,,,,,,,,,,,,,,,,,,,,,,,,,,,,,,,0,,nan,,0,,nan,,0,,nan,,0,,nan,,0,,nan,
199.433456,1778660251.161628,,,,,,,,,,,,,,,,,,,,,,,,,,,,,,,,,,,,,,,,,,,,,,,,,,,,,,,,,,,,,,,,0,,nan,,0,,nan,,0,,nan,,0,,nan,,0,,nan,
199.633443,1778660251.361616,,,,,,,,,,,,,,,,,,,,,,,,,,,,,,,,,,,,,,,,,,,,,,,,,,,,,,,,,,,,,,,,0,,nan,,0,,nan,,0,,nan,,0,,nan,,0,,nan,
199.833451,1778660251.561624,,,,,,,,,,,,,,,,,,,,,,,,,,,,,,,,,,,,,,,,,,,,,,,,,,,,,,,,,,,,,,,,0,,nan,,0,,nan,,0,,nan,,0,,nan,,0,,nan,
200.033435,1778660251.761607,,,,,,,,,,,,,,,,,,,,,,,,,,,,,,,,,,,,,,,,,,,,,,,,,,,,,,,,,,,,,,,,0,,nan,,0,,nan,,0,,nan,,0,,nan,,0,,nan,
200.233450,1778660251.961622,,,,,,,,,,,,,,,,,,,,,,,,,,,,,,,,,,,,,,,,,,,,,,,,,,,,,,,,,,,,,,,,0,,nan,,0,,nan,,0,,nan,,0,,nan,,0,,nan,
200.433451,1778660252.161622,,,,,,,,,,,,,,,,,,,,,,,,,,,,,,,,,,,,,,,,,,,,,,,,,,,,,,,,,,,,,,,,0,,nan,,0,,nan,,0,,nan,,0,,nan,,0,,nan,
200.633762,1778660252.361934,,,,,,,,,,,,,,,,,,,,,,,,,,,,,,,,,,,,,,,,,,,,,,,,,,,,,,,,,,,,,,,,0,,nan,,0,,nan,,0,,nan,,0,,nan,,0,,nan,
200.833458,1778660252.561630,,,,,,,,,,,,,,,,,,,,,,,,,,,,,,,,,,,,,,,,,,,,,,,,,,,,,,,,,,,,,,,,0,,nan,,0,,nan,,0,,nan,,0,,nan,,0,,nan,
201.033447,1778660252.761619,,,,,,,,,,,,,,,,,,,,,,,,,,,,,,,,,,,,,,,,,,,,,,,,,,,,,,,,,,,,,,,,0,,nan,,0,,nan,,0,,nan,,0,,nan,,0,,nan,
201.233407,1778660252.961579,,,,,,,,,,,,,,,,,,,,,,,,,,,,,,,,,,,,,,,,,,,,,,,,,,,,,,,,,,,,,,,,0,,nan,,0,,nan,,0,,nan,,0,,nan,,0,,nan,
201.433621,1778660253.161804,,,,,,,,,,,,,,,,,,,,,,,,,,,,,,,,,,,,,,,,,,,,,,,,,,,,,,,,,,,,,,,,0,,nan,,0,,nan,,0,,nan,,0,,nan,,0,,nan,
201.633444,1778660253.361616,,,,,,,,,,,,,,,,,,,,,,,,,,,,,,,,,,,,,,,,,,,,,,,,,,,,,,,,,,,,,,,,0,,nan,,0,,nan,,0,,nan,,0,,nan,,0,,nan,
201.833482,1778660253.561654,,,,,,,,,,,,,,,,,,,,,,,,,,,,,,,,,,,,,,,,,,,,,,,,,,,,,,,,,,,,,,,,0,,nan,,0,,nan,,0,,nan,,0,,nan,,0,,nan,
202.033463,1778660253.761634,,,,,,,,,,,,,,,,,,,,,,,,,,,,,,,,,,,,,,,,,,,,,,,,,,,,,,,,,,,,,,,,0,,nan,,0,,nan,,0,,nan,,0,,nan,,0,,nan,
202.233466,1778660253.961639,,,,,,,,,,,,,,,,,,,,,,,,,,,,,,,,,,,,,,,,,,,,,,,,,,,,,,,,,,,,,,,,0,,nan,,0,,nan,,0,,nan,,0,,nan,,0,,nan,
202.433510,1778660254.161682,,,,,,,,,,,,,,,,,,,,,,,,,,,,,,,,,,,,,,,,,,,,,,,,,,,,,,,,,,,,,,,,0,,nan,,0,,nan,,0,,nan,,0,,nan,,0,,nan,
202.633447,1778660254.361619,,,,,,,,,,,,,,,,,,,,,,,,,,,,,,,,,,,,,,,,,,,,,,,,,,,,,,,,,,,,,,,,0,,nan,,0,,nan,,0,,nan,,0,,nan,,0,,nan,
202.833589,1778660254.561766,,,,,,,,,,,,,,,,,,,,,,,,,,,,,,,,,,,,,,,,,,,,,,,,,,,,,,,,,,,,,,,,0,,nan,,0,,nan,,0,,nan,,0,,nan,,0,,nan,
203.033510,1778660254.761682,,,,,,,,,,,,,,,,,,,,,,,,,,,,,,,,,,,,,,,,,,,,,,,,,,,,,,,,,,,,,,,,0,,nan,,0,,nan,,0,,nan,,0,,nan,,0,,nan,
203.233458,1778660254.961630,,,,,,,,,,,,,,,,,,,,,,,,,,,,,,,,,,,,,,,,,,,,,,,,,,,,,,,,,,,,,,,,0,,nan,,0,,nan,,0,,nan,,0,,nan,,0,,nan,
203.433461,1778660255.161632,,,,,,,,,,,,,,,,,,,,,,,,,,,,,,,,,,,,,,,,,,,,,,,,,,,,,,,,,,,,,,,,0,,nan,,0,,nan,,0,,nan,,0,,nan,,0,,nan,
203.633493,1778660255.361665,,,,,,,,,,,,,,,,,,,,,,,,,,,,,,,,,,,,,,,,,,,,,,,,,,,,,,,,,,,,,,,,0,,nan,,0,,nan,,0,,nan,,0,,nan,,0,,nan,
203.833459,1778660255.561632,,,,,,,,,,,,,,,,,,,,,,,,,,,,,,,,,,,,,,,,,,,,,,,,,,,,,,,,,,,,,,,,0,,nan,,0,,nan,,0,,nan,,0,,nan,,0,,nan,
204.033492,1778660255.761664,,,,,,,,,,,,,,,,,,,,,,,,,,,,,,,,,,,,,,,,,,,,,,,,,,,,,,,,,,,,,,,,0,,nan,,0,,nan,,0,,nan,,0,,nan,,0,,nan,
204.233430,1778660255.961603,,,,,,,,,,,,,,,,,,,,,,,,,,,,,,,,,,,,,,,,,,,,,,,,,,,,,,,,,,,,,,,,0,,nan,,0,,nan,,0,,nan,,0,,nan,,0,,nan,
204.433434,1778660256.161606,,,,,,,,,,,,,,,,,,,,,,,,,,,,,,,,,,,,,,,,,,,,,,,,,,,,,,,,,,,,,,,,0,,nan,,0,,nan,,0,,nan,,0,,nan,,0,,nan,
204.633444,1778660256.361615,,,,,,,,,,,,,,,,,,,,,,,,,,,,,,,,,,,,,,,,,,,,,,,,,,,,,,,,,,,,,,,,0,,nan,,0,,nan,,0,,nan,,0,,nan,,0,,nan,
204.833458,1778660256.561630,,,,,,,,,,,,,,,,,,,,,,,,,,,,,,,,,,,,,,,,,,,,,,,,,,,,,,,,,,,,,,,,0,,nan,,0,,nan,,0,,nan,,0,,nan,,0,,nan,
205.033461,1778660256.761634,,,,,,,,,,,,,,,,,,,,,,,,,,,,,,,,,,,,,,,,,,,,,,,,,,,,,,,,,,,,,,,,0,,nan,,0,,nan,,0,,nan,,0,,nan,,0,,nan,
205.233507,1778660256.961679,,,,,,,,,,,,,,,,,,,,,,,,,,,,,,,,,,,,,,,,,,,,,,,,,,,,,,,,,,,,,,,,0,,nan,,0,,nan,,0,,nan,,0,,nan,,0,,nan,
205.433455,1778660257.161627,,,,,,,,,,,,,,,,,,,,,,,,,,,,,,,,,,,,,,,,,,,,,,,,,,,,,,,,,,,,,,,,0,,nan,,0,,nan,,0,,nan,,0,,nan,,0,,nan,
205.633449,1778660257.361621,,,,,,,,,,,,,,,,,,,,,,,,,,,,,,,,,,,,,,,,,,,,,,,,,,,,,,,,,,,,,,,,0,,nan,,0,,nan,,0,,nan,,0,,nan,,0,,nan,
205.833446,1778660257.561618,,,,,,,,,,,,,,,,,,,,,,,,,,,,,,,,,,,,,,,,,,,,,,,,,,,,,,,,,,,,,,,,0,,nan,,0,,nan,,0,,nan,,0,,nan,,0,,nan,
206.033423,1778660257.761595,,,,,,,,,,,,,,,,,,,,,,,,,,,,,,,,,,,,,,,,,,,,,,,,,,,,,,,,,,,,,,,,0,,nan,,0,,nan,,0,,nan,,0,,nan,,0,,nan,
206.233435,1778660257.961606,,,,,,,,,,,,,,,,,,,,,,,,,,,,,,,,,,,,,,,,,,,,,,,,,,,,,,,,,,,,,,,,0,,nan,,0,,nan,,0,,nan,,0,,nan,,0,,nan,
206.433470,1778660258.161642,,,,,,,,,,,,,,,,,,,,,,,,,,,,,,,,,,,,,,,,,,,,,,,,,,,,,,,,,,,,,,,,0,,nan,,0,,nan,,0,,nan,,0,,nan,,0,,nan,
206.633466,1778660258.361638,,,,,,,,,,,,,,,,,,,,,,,,,,,,,,,,,,,,,,,,,,,,,,,,,,,,,,,,,,,,,,,,0,,nan,,0,,nan,,0,,nan,,0,,nan,,0,,nan,
206.833619,1778660258.561800,,,,,,,,,,,,,,,,,,,,,,,,,,,,,,,,,,,,,,,,,,,,,,,,,,,,,,,,,,,,,,,,0,,nan,,0,,nan,,0,,nan,,0,,nan,,0,,nan,
207.033453,1778660258.761624,,,,,,,,,,,,,,,,,,,,,,,,,,,,,,,,,,,,,,,,,,,,,,,,,,,,,,,,,,,,,,,,0,,nan,,0,,nan,,0,,nan,,0,,nan,,0,,nan,
207.233458,1778660258.961629,,,,,,,,,,,,,,,,,,,,,,,,,,,,,,,,,,,,,,,,,,,,,,,,,,,,,,,,,,,,,,,,0,,nan,,0,,nan,,0,,nan,,0,,nan,,0,,nan,
207.433498,1778660259.161669,,,,,,,,,,,,,,,,,,,,,,,,,,,,,,,,,,,,,,,,,,,,,,,,,,,,,,,,,,,,,,,,0,,nan,,0,,nan,,0,,nan,,0,,nan,,0,,nan,
207.633478,1778660259.361649,,,,,,,,,,,,,,,,,,,,,,,,,,,,,,,,,,,,,,,,,,,,,,,,,,,,,,,,,,,,,,,,0,,nan,,0,,nan,,0,,nan,,0,,nan,,0,,nan,
207.833489,1778660259.561660,,,,,,,,,,,,,,,,,,,,,,,,,,,,,,,,,,,,,,,,,,,,,,,,,,,,,,,,,,,,,,,,0,,nan,,0,,nan,,0,,nan,,0,,nan,,0,,nan,
208.033468,1778660259.761640,,,,,,,,,,,,,,,,,,,,,,,,,,,,,,,,,,,,,,,,,,,,,,,,,,,,,,,,,,,,,,,,0,,nan,,0,,nan,,0,,nan,,0,,nan,,0,,nan,
208.233462,1778660259.961633,,,,,,,,,,,,,,,,,,,,,,,,,,,,,,,,,,,,,,,,,,,,,,,,,,,,,,,,,,,,,,,,0,,nan,,0,,nan,,0,,nan,,0,,nan,,0,,nan,
208.433453,1778660260.161624,,,,,,,,,,,,,,,,,,,,,,,,,,,,,,,,,,,,,,,,,,,,,,,,,,,,,,,,,,,,,,,,0,,nan,,0,,nan,,0,,nan,,0,,nan,,0,,nan,
208.633506,1778660260.361677,,,,,,,,,,,,,,,,,,,,,,,,,,,,,,,,,,,,,,,,,,,,,,,,,,,,,,,,,,,,,,,,0,,nan,,0,,nan,,0,,nan,,0,,nan,,0,,nan,
208.833470,1778660260.561642,,,,,,,,,,,,,,,,,,,,,,,,,,,,,,,,,,,,,,,,,,,,,,,,,,,,,,,,,,,,,,,,0,,nan,,0,,nan,,0,,nan,,0,,nan,,0,,nan,
209.033456,1778660260.761628,,,,,,,,,,,,,,,,,,,,,,,,,,,,,,,,,,,,,,,,,,,,,,,,,,,,,,,,,,,,,,,,0,,nan,,0,,nan,,0,,nan,,0,,nan,,0,,nan,
209.233449,1778660260.961619,,,,,,,,,,,,,,,,,,,,,,,,,,,,,,,,,,,,,,,,,,,,,,,,,,,,,,,,,,,,,,,,0,,nan,,0,,nan,,0,,nan,,0,,nan,,0,,nan,
209.433560,1778660261.161732,,,,,,,,,,,,,,,,,,,,,,,,,,,,,,,,,,,,,,,,,,,,,,,,,,,,,,,,,,,,,,,,0,,nan,,0,,nan,,0,,nan,,0,,nan,,0,,nan,
209.633446,1778660261.361617,,,,,,,,,,,,,,,,,,,,,,,,,,,,,,,,,,,,,,,,,,,,,,,,,,,,,,,,,,,,,,,,0,,nan,,0,,nan,,0,,nan,,0,,nan,,0,,nan,
209.833438,1778660261.561610,,,,,,,,,,,,,,,,,,,,,,,,,,,,,,,,,,,,,,,,,,,,,,,,,,,,,,,,,,,,,,,,0,,nan,,0,,nan,,0,,nan,,0,,nan,,0,,nan,
210.033440,1778660261.761612,,,,,,,,,,,,,,,,,,,,,,,,,,,,,,,,,,,,,,,,,,,,,,,,,,,,,,,,,,,,,,,,0,,nan,,0,,nan,,0,,nan,,0,,nan,,0,,nan,
210.233460,1778660261.961632,,,,,,,,,,,,,,,,,,,,,,,,,,,,,,,,,,,,,,,,,,,,,,,,,,,,,,,,,,,,,,,,0,,nan,,0,,nan,,0,,nan,,0,,nan,,0,,nan,
210.433886,1778660262.162072,,,,,,,,,,,,,,,,,,,,,,,,,,,,,,,,,,,,,,,,,,,,,,,,,,,,,,,,,,,,,,,,0,,nan,,0,,nan,,0,,nan,,0,,nan,,0,,nan,
210.633884,1778660262.362068,,,,,,,,,,,,,,,,,,,,,,,,,,,,,,,,,,,,,,,,,,,,,,,,,,,,,,,,,,,,,,,,0,,nan,,0,,nan,,0,,nan,,0,,nan,,0,,nan,
210.833879,1778660262.562067,,,,,,,,,,,,,,,,,,,,,,,,,,,,,,,,,,,,,,,,,,,,,,,,,,,,,,,,,,,,,,,,0,,nan,,0,,nan,,0,,nan,,0,,nan,,0,,nan,
211.033884,1778660262.762070,,,,,,,,,,,,,,,,,,,,,,,,,,,,,,,,,,,,,,,,,,,,,,,,,,,,,,,,,,,,,,,,0,,nan,,0,,nan,,0,,nan,,0,,nan,,0,,nan,
211.234230,1778660262.962418,,,,,,,,,,,,,,,,,,,,,,,,,,,,,,,,,,,,,,,,,,,,,,,,,,,,,,,,,,,,,,,,0,,nan,,0,,nan,,0,,nan,,0,,nan,,0,,nan,
211.433926,1778660263.162114,,,,,,,,,,,,,,,,,,,,,,,,,,,,,,,,,,,,,,,,,,,,,,,,,,,,,,,,,,,,,,,,0,,nan,,0,,nan,,0,,nan,,0,,nan,,0,,nan,
211.633892,1778660263.362077,,,,,,,,,,,,,,,,,,,,,,,,,,,,,,,,,,,,,,,,,,,,,,,,,,,,,,,,,,,,,,,,0,,nan,,0,,nan,,0,,nan,,0,,nan,,0,,nan,
211.833950,1778660263.562135,,,,,,,,,,,,,,,,,,,,,,,,,,,,,,,,,,,,,,,,,,,,,,,,,,,,,,,,,,,,,,,,0,,nan,,0,,nan,,0,,nan,,0,,nan,,0,,nan,
212.033941,1778660263.762129,,,,,,,,,,,,,,,,,,,,,,,,,,,,,,,,,,,,,,,,,,,,,,,,,,,,,,,,,,,,,,,,0,,nan,,0,,nan,,0,,nan,,0,,nan,,0,,nan,
212.233897,1778660263.962084,,,,,,,,,,,,,,,,,,,,,,,,,,,,,,,,,,,,,,,,,,,,,,,,,,,,,,,,,,,,,,,,0,,nan,,0,,nan,,0,,nan,,0,,nan,,0,,nan,
212.434191,1778660264.162393,,,,,,,,,,,,,,,,,,,,,,,,,,,,,,,,,,,,,,,,,,,,,,,,,,,,,,,,,,,,,,,,0,,nan,,0,,nan,,0,,nan,,0,,nan,,0,,nan,
212.633882,1778660264.362068,,,,,,,,,,,,,,,,,,,,,,,,,,,,,,,,,,,,,,,,,,,,,,,,,,,,,,,,,,,,,,,,0,,nan,,0,,nan,,0,,nan,,0,,nan,,0,,nan,
212.833849,1778660264.562033,,,,,,,,,,,,,,,,,,,,,,,,,,,,,,,,,,,,,,,,,,,,,,,,,,,,,,,,,,,,,,,,0,,nan,,0,,nan,,0,,nan,,0,,nan,,0,,nan,
213.034158,1778660264.762352,,,,,,,,,,,,,,,,,,,,,,,,,,,,,,,,,,,,,,,,,,,,,,,,,,,,,,,,,,,,,,,,0,,nan,,0,,nan,,0,,nan,,0,,nan,,0,,nan,
213.233843,1778660264.962027,,,,,,,,,,,,,,,,,,,,,,,,,,,,,,,,,,,,,,,,,,,,,,,,,,,,,,,,,,,,,,,,0,,nan,,0,,nan,,0,,nan,,0,,nan,,0,,nan,
213.433860,1778660265.162043,,,,,,,,,,,,,,,,,,,,,,,,,,,,,,,,,,,,,,,,,,,,,,,,,,,,,,,,,,,,,,,,0,,nan,,0,,nan,,0,,nan,,0,,nan,,0,,nan,
213.633944,1778660265.362129,,,,,,,,,,,,,,,,,,,,,,,,,,,,,,,,,,,,,,,,,,,,,,,,,,,,,,,,,,,,,,,,0,,nan,,0,,nan,,0,,nan,,0,,nan,,0,,nan,
213.833903,1778660265.562089,,,,,,,,,,,,,,,,,,,,,,,,,,,,,,,,,,,,,,,,,,,,,,,,,,,,,,,,,,,,,,,,0,,nan,,0,,nan,,0,,nan,,0,,nan,,0,,nan,
214.033863,1778660265.762049,,,,,,,,,,,,,,,,,,,,,,,,,,,,,,,,,,,,,,,,,,,,,,,,,,,,,,,,,,,,,,,,0,,nan,,0,,nan,,0,,nan,,0,,nan,,0,,nan,
214.233887,1778660265.962071,,,,,,,,,,,,,,,,,,,,,,,,,,,,,,,,,,,,,,,,,,,,,,,,,,,,,,,,,,,,,,,,0,,nan,,0,,nan,,0,,nan,,0,,nan,,0,,nan,
214.433558,1778660266.161731,,,,,,,,,,,,,,,,,,,,,,,,,,,,,,,,,,,,,,,,,,,,,,,,,,,,,,,,,,,,,,,,0,,nan,,0,,nan,,0,,nan,,0,,nan,,0,,nan,
214.633527,1778660266.361699,,,,,,,,,,,,,,,,,,,,,,,,,,,,,,,,,,,,,,,,,,,,,,,,,,,,,,,,,,,,,,,,0,,nan,,0,,nan,,0,,nan,,0,,nan,,0,,nan,
214.833495,1778660266.561668,,,,,,,,,,,,,,,,,,,,,,,,,,,,,,,,,,,,,,,,,,,,,,,,,,,,,,,,,,,,,,,,0,,nan,,0,,nan,,0,,nan,,0,,nan,,0,,nan,
215.033714,1778660266.761895,,,,,,,,,,,,,,,,,,,,,,,,,,,,,,,,,,,,,,,,,,,,,,,,,,,,,,,,,,,,,,,,0,,nan,,0,,nan,,0,,nan,,0,,nan,,0,,nan,
215.233754,1778660266.961928,,,,,,,,,,,,,,,,,,,,,,,,,,,,,,,,,,,,,,,,,,,,,,,,,,,,,,,,,,,,,,,,0,,nan,,0,,nan,,0,,nan,,0,,nan,,0,,nan,
215.433555,1778660267.161729,,,,,,,,,,,,,,,,,,,,,,,,,,,,,,,,,,,,,,,,,,,,,,,,,,,,,,,,,,,,,,,,0,,nan,,0,,nan,,0,,nan,,0,,nan,,0,,nan,
215.633512,1778660267.361685,,,,,,,,,,,,,,,,,,,,,,,,,,,,,,,,,,,,,,,,,,,,,,,,,,,,,,,,,,,,,,,,0,,nan,,0,,nan,,0,,nan,,0,,nan,,0,,nan,
215.833665,1778660267.561844,,,,,,,,,,,,,,,,,,,,,,,,,,,,,,,,,,,,,,,,,,,,,,,,,,,,,,,,,,,,,,,,0,,nan,,0,,nan,,0,,nan,,0,,nan,,0,,nan,
216.033534,1778660267.761708,,,,,,,,,,,,,,,,,,,,,,,,,,,,,,,,,,,,,,,,,,,,,,,,,,,,,,,,,,,,,,,,0,,nan,,0,,nan,,0,,nan,,0,,nan,,0,,nan,
216.233526,1778660267.961698,,,,,,,,,,,,,,,,,,,,,,,,,,,,,,,,,,,,,,,,,,,,,,,,,,,,,,,,,,,,,,,,0,,nan,,0,,nan,,0,,nan,,0,,nan,,0,,nan,
216.433517,1778660268.161690,,,,,,,,,,,,,,,,,,,,,,,,,,,,,,,,,,,,,,,,,,,,,,,,,,,,,,,,,,,,,,,,0,,nan,,0,,nan,,0,,nan,,0,,nan,,0,,nan,
216.633524,1778660268.361698,,,,,,,,,,,,,,,,,,,,,,,,,,,,,,,,,,,,,,,,,,,,,,,,,,,,,,,,,,,,,,,,0,,nan,,0,,nan,,0,,nan,,0,,nan,,0,,nan,
216.833589,1778660268.561761,,,,,,,,,,,,,,,,,,,,,,,,,,,,,,,,,,,,,,,,,,,,,,,,,,,,,,,,,,,,,,,,0,,nan,,0,,nan,,0,,nan,,0,,nan,,0,,nan,
217.033538,1778660268.761712,,,,,,,,,,,,,,,,,,,,,,,,,,,,,,,,,,,,,,,,,,,,,,,,,,,,,,,,,,,,,,,,0,,nan,,0,,nan,,0,,nan,,0,,nan,,0,,nan,
217.233558,1778660268.961731,,,,,,,,,,,,,,,,,,,,,,,,,,,,,,,,,,,,,,,,,,,,,,,,,,,,,,,,,,,,,,,,0,,nan,,0,,nan,,0,,nan,,0,,nan,,0,,nan,
217.433452,1778660269.161624,,,,,,,,,,,,,,,,,,,,,,,,,,,,,,,,,,,,,,,,,,,,,,,,,,,,,,,,,,,,,,,,0,,nan,,0,,nan,,0,,nan,,0,,nan,,0,,nan,
217.633445,1778660269.361617,,,,,,,,,,,,,,,,,,,,,,,,,,,,,,,,,,,,,,,,,,,,,,,,,,,,,,,,,,,,,,,,0,,nan,,0,,nan,,0,,nan,,0,,nan,,0,,nan,
217.833530,1778660269.561702,,,,,,,,,,,,,,,,,,,,,,,,,,,,,,,,,,,,,,,,,,,,,,,,,,,,,,,,,,,,,,,,0,,nan,,0,,nan,,0,,nan,,0,,nan,,0,,nan,
218.033460,1778660269.761632,,,,,,,,,,,,,,,,,,,,,,,,,,,,,,,,,,,,,,,,,,,,,,,,,,,,,,,,,,,,,,,,0,,nan,,0,,nan,,0,,nan,,0,,nan,,0,,nan,
218.233458,1778660269.961630,,,,,,,,,,,,,,,,,,,,,,,,,,,,,,,,,,,,,,,,,,,,,,,,,,,,,,,,,,,,,,,,0,,nan,,0,,nan,,0,,nan,,0,,nan,,0,,nan,
218.433450,1778660270.161622,,,,,,,,,,,,,,,,,,,,,,,,,,,,,,,,,,,,,,,,,,,,,,,,,,,,,,,,,,,,,,,,0,,nan,,0,,nan,,0,,nan,,0,,nan,,0,,nan,
218.633450,1778660270.361621,,,,,,,,,,,,,,,,,,,,,,,,,,,,,,,,,,,,,,,,,,,,,,,,,,,,,,,,,,,,,,,,0,,nan,,0,,nan,,0,,nan,,0,,nan,,0,,nan,
218.833445,1778660270.561616,,,,,,,,,,,,,,,,,,,,,,,,,,,,,,,,,,,,,,,,,,,,,,,,,,,,,,,,,,,,,,,,0,,nan,,0,,nan,,0,,nan,,0,,nan,,0,,nan,
219.033449,1778660270.761621,,,,,,,,,,,,,,,,,,,,,,,,,,,,,,,,,,,,,,,,,,,,,,,,,,,,,,,,,,,,,,,,0,,nan,,0,,nan,,0,,nan,,0,,nan,,0,,nan,
219.233436,1778660270.961608,,,,,,,,,,,,,,,,,,,,,,,,,,,,,,,,,,,,,,,,,,,,,,,,,,,,,,,,,,,,,,,,0,,nan,,0,,nan,,0,,nan,,0,,nan,,0,,nan,
219.433647,1778660271.161857,,,,,,,,,,,,,,,,,,,,,,,,,,,,,,,,,,,,,,,,,,,,,,,,,,,,,,,,,,,,,,,,0,,nan,,0,,nan,,0,,nan,,0,,nan,,0,,nan,
219.633445,1778660271.361617,,,,,,,,,,,,,,,,,,,,,,,,,,,,,,,,,,,,,,,,,,,,,,,,,,,,,,,,,,,,,,,,0,,nan,,0,,nan,,0,,nan,,0,,nan,,0,,nan,
219.833452,1778660271.561625,,,,,,,,,,,,,,,,,,,,,,,,,,,,,,,,,,,,,,,,,,,,,,,,,,,,,,,,,,,,,,,,0,,nan,,0,,nan,,0,,nan,,0,,nan,,0,,nan,
220.033470,1778660271.761642,,,,,,,,,,,,,,,,,,,,,,,,,,,,,,,,,,,,,,,,,,,,,,,,,,,,,,,,,,,,,,,,0,,nan,,0,,nan,,0,,nan,,0,,nan,,0,,nan,
220.233436,1778660271.961608,,,,,,,,,,,,,,,,,,,,,,,,,,,,,,,,,,,,,,,,,,,,,,,,,,,,,,,,,,,,,,,,0,,nan,,0,,nan,,0,,nan,,0,,nan,,0,,nan,
220.433438,1778660272.161609,,,,,,,,,,,,,,,,,,,,,,,,,,,,,,,,,,,,,,,,,,,,,,,,,,,,,,,,,,,,,,,,0,,nan,,0,,nan,,0,,nan,,0,,nan,,0,,nan,
220.633443,1778660272.361615,,,,,,,,,,,,,,,,,,,,,,,,,,,,,,,,,,,,,,,,,,,,,,,,,,,,,,,,,,,,,,,,0,,nan,,0,,nan,,0,,nan,,0,,nan,,0,,nan,
220.833469,1778660272.561641,,,,,,,,,,,,,,,,,,,,,,,,,,,,,,,,,,,,,,,,,,,,,,,,,,,,,,,,,,,,,,,,0,,nan,,0,,nan,,0,,nan,,0,,nan,,0,,nan,
221.033435,1778660272.761606,,,,,,,,,,,,,,,,,,,,,,,,,,,,,,,,,,,,,,,,,,,,,,,,,,,,,,,,,,,,,,,,0,,nan,,0,,nan,,0,,nan,,0,,nan,,0,,nan,
221.233472,1778660272.961643,,,,,,,,,,,,,,,,,,,,,,,,,,,,,,,,,,,,,,,,,,,,,,,,,,,,,,,,,,,,,,,,0,,nan,,0,,nan,,0,,nan,,0,,nan,,0,,nan,
221.433465,1778660273.161637,,,,,,,,,,,,,,,,,,,,,,,,,,,,,,,,,,,,,,,,,,,,,,,,,,,,,,,,,,,,,,,,0,,nan,,0,,nan,,0,,nan,,0,,nan,,0,,nan,
221.633466,1778660273.361639,,,,,,,,,,,,,,,,,,,,,,,,,,,,,,,,,,,,,,,,,,,,,,,,,,,,,,,,,,,,,,,,0,,nan,,0,,nan,,0,,nan,,0,,nan,,0,,nan,
221.833456,1778660273.561627,,,,,,,,,,,,,,,,,,,,,,,,,,,,,,,,,,,,,,,,,,,,,,,,,,,,,,,,,,,,,,,,0,,nan,,0,,nan,,0,,nan,,0,,nan,,0,,nan,
222.033465,1778660273.761637,,,,,,,,,,,,,,,,,,,,,,,,,,,,,,,,,,,,,,,,,,,,,,,,,,,,,,,,,,,,,,,,0,,nan,,0,,nan,,0,,nan,,0,,nan,,0,,nan,
222.233478,1778660273.961650,,,,,,,,,,,,,,,,,,,,,,,,,,,,,,,,,,,,,,,,,,,,,,,,,,,,,,,,,,,,,,,,0,,nan,,0,,nan,,0,,nan,,0,,nan,,0,,nan,
222.433592,1778660274.161772,,,,,,,,,,,,,,,,,,,,,,,,,,,,,,,,,,,,,,,,,,,,,,,,,,,,,,,,,,,,,,,,0,,nan,,0,,nan,,0,,nan,,0,,nan,,0,,nan,
222.633621,1778660274.361803,,,,,,,,,,,,,,,,,,,,,,,,,,,,,,,,,,,,,,,,,,,,,,,,,,,,,,,,,,,,,,,,0,,nan,,0,,nan,,0,,nan,,0,,nan,,0,,nan,
222.833473,1778660274.561645,,,,,,,,,,,,,,,,,,,,,,,,,,,,,,,,,,,,,,,,,,,,,,,,,,,,,,,,,,,,,,,,0,,nan,,0,,nan,,0,,nan,,0,,nan,,0,,nan,
223.033465,1778660274.761636,,,,,,,,,,,,,,,,,,,,,,,,,,,,,,,,,,,,,,,,,,,,,,,,,,,,,,,,,,,,,,,,0,,nan,,0,,nan,,0,,nan,,0,,nan,,0,,nan,
223.233457,1778660274.961628,,,,,,,,,,,,,,,,,,,,,,,,,,,,,,,,,,,,,,,,,,,,,,,,,,,,,,,,,,,,,,,,0,,nan,,0,,nan,,0,,nan,,0,,nan,,0,,nan,
223.433471,1778660275.161643,,,,,,,,,,,,,,,,,,,,,,,,,,,,,,,,,,,,,,,,,,,,,,,,,,,,,,,,,,,,,,,,0,,nan,,0,,nan,,0,,nan,,0,,nan,,0,,nan,
223.633476,1778660275.361648,,,,,,,,,,,,,,,,,,,,,,,,,,,,,,,,,,,,,,,,,,,,,,,,,,,,,,,,,,,,,,,,0,,nan,,0,,nan,,0,,nan,,0,,nan,,0,,nan,
223.833643,1778660275.561836,,,,,,,,,,,,,,,,,,,,,,,,,,,,,,,,,,,,,,,,,,,,,,,,,,,,,,,,,,,,,,,,0,,nan,,0,,nan,,0,,nan,,0,,nan,,0,,nan,
224.033435,1778660275.761607,,,,,,,,,,,,,,,,,,,,,,,,,,,,,,,,,,,,,,,,,,,,,,,,,,,,,,,,,,,,,,,,0,,nan,,0,,nan,,0,,nan,,0,,nan,,0,,nan,
224.233438,1778660275.961608,,,,,,,,,,,,,,,,,,,,,,,,,,,,,,,,,,,,,,,,,,,,,,,,,,,,,,,,,,,,,,,,0,,nan,,0,,nan,,0,,nan,,0,,nan,,0,,nan,
224.433452,1778660276.161624,,,,,,,,,,,,,,,,,,,,,,,,,,,,,,,,,,,,,,,,,,,,,,,,,,,,,,,,,,,,,,,,0,,nan,,0,,nan,,0,,nan,,0,,nan,,0,,nan,
224.633458,1778660276.361629,,,,,,,,,,,,,,,,,,,,,,,,,,,,,,,,,,,,,,,,,,,,,,,,,,,,,,,,,,,,,,,,0,,nan,,0,,nan,,0,,nan,,0,,nan,,0,,nan,
224.833622,1778660276.561804,,,,,,,,,,,,,,,,,,,,,,,,,,,,,,,,,,,,,,,,,,,,,,,,,,,,,,,,,,,,,,,,0,,nan,,0,,nan,,0,,nan,,0,,nan,,0,,nan,
225.033496,1778660276.761667,,,,,,,,,,,,,,,,,,,,,,,,,,,,,,,,,,,,,,,,,,,,,,,,,,,,,,,,,,,,,,,,0,,nan,,0,,nan,,0,,nan,,0,,nan,,0,,nan,
225.233438,1778660276.961609,,,,,,,,,,,,,,,,,,,,,,,,,,,,,,,,,,,,,,,,,,,,,,,,,,,,,,,,,,,,,,,,0,,nan,,0,,nan,,0,,nan,,0,,nan,,0,,nan,
225.433507,1778660277.161679,,,,,,,,,,,,,,,,,,,,,,,,,,,,,,,,,,,,,,,,,,,,,,,,,,,,,,,,,,,,,,,,0,,nan,,0,,nan,,0,,nan,,0,,nan,,0,,nan,
225.633447,1778660277.361618,,,,,,,,,,,,,,,,,,,,,,,,,,,,,,,,,,,,,,,,,,,,,,,,,,,,,,,,,,,,,,,,0,,nan,,0,,nan,,0,,nan,,0,,nan,,0,,nan,
225.833511,1778660277.561683,,,,,,,,,,,,,,,,,,,,,,,,,,,,,,,,,,,,,,,,,,,,,,,,,,,,,,,,,,,,,,,,0,,nan,,0,,nan,,0,,nan,,0,,nan,,0,,nan,
226.033439,1778660277.761611,,,,,,,,,,,,,,,,,,,,,,,,,,,,,,,,,,,,,,,,,,,,,,,,,,,,,,,,,,,,,,,,0,,nan,,0,,nan,,0,,nan,,0,,nan,,0,,nan,
226.233476,1778660277.961649,,,,,,,,,,,,,,,,,,,,,,,,,,,,,,,,,,,,,,,,,,,,,,,,,,,,,,,,,,,,,,,,0,,nan,,0,,nan,,0,,nan,,0,,nan,,0,,nan,
226.433451,1778660278.161623,,,,,,,,,,,,,,,,,,,,,,,,,,,,,,,,,,,,,,,,,,,,,,,,,,,,,,,,,,,,,,,,0,,nan,,0,,nan,,0,,nan,,0,,nan,,0,,nan,
226.633493,1778660278.361666,,,,,,,,,,,,,,,,,,,,,,,,,,,,,,,,,,,,,,,,,,,,,,,,,,,,,,,,,,,,,,,,0,,nan,,0,,nan,,0,,nan,,0,,nan,,0,,nan,
226.833469,1778660278.561641,,,,,,,,,,,,,,,,,,,,,,,,,,,,,,,,,,,,,,,,,,,,,,,,,,,,,,,,,,,,,,,,0,,nan,,0,,nan,,0,,nan,,0,,nan,,0,,nan,
227.033460,1778660278.761633,,,,,,,,,,,,,,,,,,,,,,,,,,,,,,,,,,,,,,,,,,,,,,,,,,,,,,,,,,,,,,,,0,,nan,,0,,nan,,0,,nan,,0,,nan,,0,,nan,
227.233451,1778660278.961622,,,,,,,,,,,,,,,,,,,,,,,,,,,,,,,,,,,,,,,,,,,,,,,,,,,,,,,,,,,,,,,,0,,nan,,0,,nan,,0,,nan,,0,,nan,,0,,nan,
227.433509,1778660279.161680,,,,,,,,,,,,,,,,,,,,,,,,,,,,,,,,,,,,,,,,,,,,,,,,,,,,,,,,,,,,,,,,0,,nan,,0,,nan,,0,,nan,,0,,nan,,0,,nan,
227.633460,1778660279.361631,,,,,,,,,,,,,,,,,,,,,,,,,,,,,,,,,,,,,,,,,,,,,,,,,,,,,,,,,,,,,,,,0,,nan,,0,,nan,,0,,nan,,0,,nan,,0,,nan,
227.833462,1778660279.561634,,,,,,,,,,,,,,,,,,,,,,,,,,,,,,,,,,,,,,,,,,,,,,,,,,,,,,,,,,,,,,,,0,,nan,,0,,nan,,0,,nan,,0,,nan,,0,,nan,
228.033461,1778660279.761633,,,,,,,,,,,,,,,,,,,,,,,,,,,,,,,,,,,,,,,,,,,,,,,,,,,,,,,,,,,,,,,,0,,nan,,0,,nan,,0,,nan,,0,,nan,,0,,nan,
228.233460,1778660279.961632,,,,,,,,,,,,,,,,,,,,,,,,,,,,,,,,,,,,,,,,,,,,,,,,,,,,,,,,,,,,,,,,0,,nan,,0,,nan,,0,,nan,,0,,nan,,0,,nan,
228.433449,1778660280.161621,,,,,,,,,,,,,,,,,,,,,,,,,,,,,,,,,,,,,,,,,,,,,,,,,,,,,,,,,,,,,,,,0,,nan,,0,,nan,,0,,nan,,0,,nan,,0,,nan,
228.633432,1778660280.361604,,,,,,,,,,,,,,,,,,,,,,,,,,,,,,,,,,,,,,,,,,,,,,,,,,,,,,,,,,,,,,,,0,,nan,,0,,nan,,0,,nan,,0,,nan,,0,,nan,
228.833426,1778660280.561599,,,,,,,,,,,,,,,,,,,,,,,,,,,,,,,,,,,,,,,,,,,,,,,,,,,,,,,,,,,,,,,,0,,nan,,0,,nan,,0,,nan,,0,,nan,,0,,nan,
229.033490,1778660280.761662,,,,,,,,,,,,,,,,,,,,,,,,,,,,,,,,,,,,,,,,,,,,,,,,,,,,,,,,,,,,,,,,0,,nan,,0,,nan,,0,,nan,,0,,nan,,0,,nan,
229.233462,1778660280.961634,,,,,,,,,,,,,,,,,,,,,,,,,,,,,,,,,,,,,,,,,,,,,,,,,,,,,,,,,,,,,,,,0,,nan,,0,,nan,,0,,nan,,0,,nan,,0,,nan,
229.433471,1778660281.161643,,,,,,,,,,,,,,,,,,,,,,,,,,,,,,,,,,,,,,,,,,,,,,,,,,,,,,,,,,,,,,,,0,,nan,,0,,nan,,0,,nan,,0,,nan,,0,,nan,
229.633465,1778660281.361637,,,,,,,,,,,,,,,,,,,,,,,,,,,,,,,,,,,,,,,,,,,,,,,,,,,,,,,,,,,,,,,,0,,nan,,0,,nan,,0,,nan,,0,,nan,,0,,nan,
229.834084,1778660281.562282,,,,,,,,,,,,,,,,,,,,,,,,,,,,,,,,,,,,,,,,,,,,,,,,,,,,,,,,,,,,,,,,0,,nan,,0,,nan,,0,,nan,,0,,nan,,0,,nan,
230.033920,1778660281.762109,,,,,,,,,,,,,,,,,,,,,,,,,,,,,,,,,,,,,,,,,,,,,,,,,,,,,,,,,,,,,,,,0,,nan,,0,,nan,,0,,nan,,0,,nan,,0,,nan,
230.233876,1778660281.962062,,,,,,,,,,,,,,,,,,,,,,,,,,,,,,,,,,,,,,,,,,,,,,,,,,,,,,,,,,,,,,,,0,,nan,,0,,nan,,0,,nan,,0,,nan,,0,,nan,
230.433831,1778660282.162017,,,,,,,,,,,,,,,,,,,,,,,,,,,,,,,,,,,,,,,,,,,,,,,,,,,,,,,,,,,,,,,,0,,nan,,0,,nan,,0,,nan,,0,,nan,,0,,nan,
230.633851,1778660282.362034,,,,,,,,,,,,,,,,,,,,,,,,,,,,,,,,,,,,,,,,,,,,,,,,,,,,,,,,,,,,,,,,0,,nan,,0,,nan,,0,,nan,,0,,nan,,0,,nan,
230.833861,1778660282.562047,,,,,,,,,,,,,,,,,,,,,,,,,,,,,,,,,,,,,,,,,,,,,,,,,,,,,,,,,,,,,,,,0,,nan,,0,,nan,,0,,nan,,0,,nan,,0,,nan,
231.033932,1778660282.762119,,,,,,,,,,,,,,,,,,,,,,,,,,,,,,,,,,,,,,,,,,,,,,,,,,,,,,,,,,,,,,,,0,,nan,,0,,nan,,0,,nan,,0,,nan,,0,,nan,
231.233880,1778660282.962063,,,,,,,,,,,,,,,,,,,,,,,,,,,,,,,,,,,,,,,,,,,,,,,,,,,,,,,,,,,,,,,,0,,nan,,0,,nan,,0,,nan,,0,,nan,,0,,nan,
231.433894,1778660283.162079,,,,,,,,,,,,,,,,,,,,,,,,,,,,,,,,,,,,,,,,,,,,,,,,,,,,,,,,,,,,,,,,0,,nan,,0,,nan,,0,,nan,,0,,nan,,0,,nan,
231.633857,1778660283.362042,,,,,,,,,,,,,,,,,,,,,,,,,,,,,,,,,,,,,,,,,,,,,,,,,,,,,,,,,,,,,,,,0,,nan,,0,,nan,,0,,nan,,0,,nan,,0,,nan,
231.833847,1778660283.562031,,,,,,,,,,,,,,,,,,,,,,,,,,,,,,,,,,,,,,,,,,,,,,,,,,,,,,,,,,,,,,,,0,,nan,,0,,nan,,0,,nan,,0,,nan,,0,,nan,
232.033915,1778660283.762100,,,,,,,,,,,,,,,,,,,,,,,,,,,,,,,,,,,,,,,,,,,,,,,,,,,,,,,,,,,,,,,,0,,nan,,0,,nan,,0,,nan,,0,,nan,,0,,nan,
232.233873,1778660283.962058,,,,,,,,,,,,,,,,,,,,,,,,,,,,,,,,,,,,,,,,,,,,,,,,,,,,,,,,,,,,,,,,0,,nan,,0,,nan,,0,,nan,,0,,nan,,0,,nan,
232.433982,1778660284.162169,,,,,,,,,,,,,,,,,,,,,,,,,,,,,,,,,,,,,,,,,,,,,,,,,,,,,,,,,,,,,,,,0,,nan,,0,,nan,,0,,nan,,0,,nan,,0,,nan,
232.633645,1778660284.361825,,,,,,,,,,,,,,,,,,,,,,,,,,,,,,,,,,,,,,,,,,,,,,,,,,,,,,,,,,,,,,,,0,,nan,,0,,nan,,0,,nan,,0,,nan,,0,,nan,
232.833536,1778660284.561709,,,,,,,,,,,,,,,,,,,,,,,,,,,,,,,,,,,,,,,,,,,,,,,,,,,,,,,,,,,,,,,,0,,nan,,0,,nan,,0,,nan,,0,,nan,,0,,nan,
233.033583,1778660284.761756,,,,,,,,,,,,,,,,,,,,,,,,,,,,,,,,,,,,,,,,,,,,,,,,,,,,,,,,,,,,,,,,0,,nan,,0,,nan,,0,,nan,,0,,nan,,0,,nan,
233.233794,1778660284.961967,,,,,,,,,,,,,,,,,,,,,,,,,,,,,,,,,,,,,,,,,,,,,,,,,,,,,,,,,,,,,,,,0,,nan,,0,,nan,,0,,nan,,0,,nan,,0,,nan,
233.433535,1778660285.161706,,,,,,,,,,,,,,,,,,,,,,,,,,,,,,,,,,,,,,,,,,,,,,,,,,,,,,,,,,,,,,,,0,,nan,,0,,nan,,0,,nan,,0,,nan,,0,,nan,
233.633537,1778660285.361711,,,,,,,,,,,,,,,,,,,,,,,,,,,,,,,,,,,,,,,,,,,,,,,,,,,,,,,,,,,,,,,,0,,nan,,0,,nan,,0,,nan,,0,,nan,,0,,nan,
233.833513,1778660285.561686,,,,,,,,,,,,,,,,,,,,,,,,,,,,,,,,,,,,,,,,,,,,,,,,,,,,,,,,,,,,,,,,0,,nan,,0,,nan,,0,,nan,,0,,nan,,0,,nan,
234.033548,1778660285.761722,,,,,,,,,,,,,,,,,,,,,,,,,,,,,,,,,,,,,,,,,,,,,,,,,,,,,,,,,,,,,,,,0,,nan,,0,,nan,,0,,nan,,0,,nan,,0,,nan,
234.233613,1778660285.961786,,,,,,,,,,,,,,,,,,,,,,,,,,,,,,,,,,,,,,,,,,,,,,,,,,,,,,,,,,,,,,,,0,,nan,,0,,nan,,0,,nan,,0,,nan,,0,,nan,
234.433503,1778660286.161675,,,,,,,,,,,,,,,,,,,,,,,,,,,,,,,,,,,,,,,,,,,,,,,,,,,,,,,,,,,,,,,,0,,nan,,0,,nan,,0,,nan,,0,,nan,,0,,nan,
234.633508,1778660286.361682,,,,,,,,,,,,,,,,,,,,,,,,,,,,,,,,,,,,,,,,,,,,,,,,,,,,,,,,,,,,,,,,0,,nan,,0,,nan,,0,,nan,,0,,nan,,0,,nan,
234.833617,1778660286.561831,,,,,,,,,,,,,,,,,,,,,,,,,,,,,,,,,,,,,,,,,,,,,,,,,,,,,,,,,,,,,,,,0,,nan,,0,,nan,,0,,nan,,0,,nan,,0,,nan,
235.033557,1778660286.761732,,,,,,,,,,,,,,,,,,,,,,,,,,,,,,,,,,,,,,,,,,,,,,,,,,,,,,,,,,,,,,,,0,,nan,,0,,nan,,0,,nan,,0,,nan,,0,,nan,
235.233562,1778660286.961736,,,,,,,,,,,,,,,,,,,,,,,,,,,,,,,,,,,,,,,,,,,,,,,,,,,,,,,,,,,,,,,,0,,nan,,0,,nan,,0,,nan,,0,,nan,,0,,nan,
235.433517,1778660287.161690,,,,,,,,,,,,,,,,,,,,,,,,,,,,,,,,,,,,,,,,,,,,,,,,,,,,,,,,,,,,,,,,0,,nan,,0,,nan,,0,,nan,,0,,nan,,0,,nan,
235.633508,1778660287.361681,,,,,,,,,,,,,,,,,,,,,,,,,,,,,,,,,,,,,,,,,,,,,,,,,,,,,,,,,,,,,,,,0,,nan,,0,,nan,,0,,nan,,0,,nan,,0,,nan,
235.833512,1778660287.561685,,,,,,,,,,,,,,,,,,,,,,,,,,,,,,,,,,,,,,,,,,,,,,,,,,,,,,,,,,,,,,,,0,,nan,,0,,nan,,0,,nan,,0,,nan,,0,,nan,
236.033536,1778660287.761710,,,,,,,,,,,,,,,,,,,,,,,,,,,,,,,,,,,,,,,,,,,,,,,,,,,,,,,,,,,,,,,,0,,nan,,0,,nan,,0,,nan,,0,,nan,,0,,nan,
236.233546,1778660287.961720,,,,,,,,,,,,,,,,,,,,,,,,,,,,,,,,,,,,,,,,,,,,,,,,,,,,,,,,,,,,,,,,0,,nan,,0,,nan,,0,,nan,,0,,nan,,0,,nan,
236.433628,1778660288.161802,,,,,,,,,,,,,,,,,,,,,,,,,,,,,,,,,,,,,,,,,,,,,,,,,,,,,,,,,,,,,,,,0,,nan,,0,,nan,,0,,nan,,0,,nan,,0,,nan,
236.633548,1778660288.361720,,,,,,,,,,,,,,,,,,,,,,,,,,,,,,,,,,,,,,,,,,,,,,,,,,,,,,,,,,,,,,,,0,,nan,,0,,nan,,0,,nan,,0,,nan,,0,,nan,
236.833709,1778660288.561889,,,,,,,,,,,,,,,,,,,,,,,,,,,,,,,,,,,,,,,,,,,,,,,,,,,,,,,,,,,,,,,,0,,nan,,0,,nan,,0,,nan,,0,,nan,,0,,nan,
237.033717,1778660288.761890,,,,,,,,,,,,,,,,,,,,,,,,,,,,,,,,,,,,,,,,,,,,,,,,,,,,,,,,,,,,,,,,0,,nan,,0,,nan,,0,,nan,,0,,nan,,0,,nan,
237.233534,1778660288.961707,,,,,,,,,,,,,,,,,,,,,,,,,,,,,,,,,,,,,,,,,,,,,,,,,,,,,,,,,,,,,,,,0,,nan,,0,,nan,,0,,nan,,0,,nan,,0,,nan,
237.433508,1778660289.161681,,,,,,,,,,,,,,,,,,,,,,,,,,,,,,,,,,,,,,,,,,,,,,,,,,,,,,,,,,,,,,,,0,,nan,,0,,nan,,0,,nan,,0,,nan,,0,,nan,
237.633523,1778660289.361696,,,,,,,,,,,,,,,,,,,,,,,,,,,,,,,,,,,,,,,,,,,,,,,,,,,,,,,,,,,,,,,,0,,nan,,0,,nan,,0,,nan,,0,,nan,,0,,nan,
237.833549,1778660289.561722,,,,,,,,,,,,,,,,,,,,,,,,,,,,,,,,,,,,,,,,,,,,,,,,,,,,,,,,,,,,,,,,0,,nan,,0,,nan,,0,,nan,,0,,nan,,0,,nan,
238.033948,1778660289.762121,,,,,,,,,,,,,,,,,,,,,,,,,,,,,,,,,,,,,,,,,,,,,,,,,,,,,,,,,,,,,,,,0,,nan,,0,,nan,,0,,nan,,0,,nan,,0,,nan,
238.233723,1778660289.961896,,,,,,,,,,,,,,,,,,,,,,,,,,,,,,,,,,,,,,,,,,,,,,,,,,,,,,,,,,,,,,,,0,,nan,,0,,nan,,0,,nan,,0,,nan,,0,,nan,
238.433559,1778660290.161732,,,,,,,,,,,,,,,,,,,,,,,,,,,,,,,,,,,,,,,,,,,,,,,,,,,,,,,,,,,,,,,,0,,nan,,0,,nan,,0,,nan,,0,,nan,,0,,nan,
238.633559,1778660290.361733,,,,,,,,,,,,,,,,,,,,,,,,,,,,,,,,,,,,,,,,,,,,,,,,,,,,,,,,,,,,,,,,0,,nan,,0,,nan,,0,,nan,,0,,nan,,0,,nan,
238.833559,1778660290.561733,,,,,,,,,,,,,,,,,,,,,,,,,,,,,,,,,,,,,,,,,,,,,,,,,,,,,,,,,,,,,,,,0,,nan,,0,,nan,,0,,nan,,0,,nan,,0,,nan,
239.033613,1778660290.761784,,,,,,,,,,,,,,,,,,,,,,,,,,,,,,,,,,,,,,,,,,,,,,,,,,,,,,,,,,,,,,,,0,,nan,,0,,nan,,0,,nan,,0,,nan,,0,,nan,
239.233577,1778660290.961752,,,,,,,,,,,,,,,,,,,,,,,,,,,,,,,,,,,,,,,,,,,,,,,,,,,,,,,,,,,,,,,,0,,nan,,0,,nan,,0,,nan,,0,,nan,,0,,nan,
239.433533,1778660291.161706,,,,,,,,,,,,,,,,,,,,,,,,,,,,,,,,,,,,,,,,,,,,,,,,,,,,,,,,,,,,,,,,0,,nan,,0,,nan,,0,,nan,,0,,nan,,0,,nan,
239.633542,1778660291.361715,,,,,,,,,,,,,,,,,,,,,,,,,,,,,,,,,,,,,,,,,,,,,,,,,,,,,,,,,,,,,,,,0,,nan,,0,,nan,,0,,nan,,0,,nan,,0,,nan,
239.833515,1778660291.561688,,,,,,,,,,,,,,,,,,,,,,,,,,,,,,,,,,,,,,,,,,,,,,,,,,,,,,,,,,,,,,,,0,,nan,,0,,nan,,0,,nan,,0,,nan,,0,,nan,
240.033999,1778660291.762174,,,,,,,,,,,,,,,,,,,,,,,,,,,,,,,,,,,,,,,,,,,,,,,,,,,,,,,,,,,,,,,,0,,nan,,0,,nan,,0,,nan,,0,,nan,,0,,nan,
240.233548,1778660291.961722,,,,,,,,,,,,,,,,,,,,,,,,,,,,,,,,,,,,,,,,,,,,,,,,,,,,,,,,,,,,,,,,0,,nan,,0,,nan,,0,,nan,,0,,nan,,0,,nan,
240.433568,1778660292.161743,,,,,,,,,,,,,,,,,,,,,,,,,,,,,,,,,,,,,,,,,,,,,,,,,,,,,,,,,,,,,,,,0,,nan,,0,,nan,,0,,nan,,0,,nan,,0,,nan,
240.633554,1778660292.361727,,,,,,,,,,,,,,,,,,,,,,,,,,,,,,,,,,,,,,,,,,,,,,,,,,,,,,,,,,,,,,,,0,,nan,,0,,nan,,0,,nan,,0,,nan,,0,,nan,
240.833530,1778660292.561703,,,,,,,,,,,,,,,,,,,,,,,,,,,,,,,,,,,,,,,,,,,,,,,,,,,,,,,,,,,,,,,,0,,nan,,0,,nan,,0,,nan,,0,,nan,,0,,nan,
241.033514,1778660292.761686,,,,,,,,,,,,,,,,,,,,,,,,,,,,,,,,,,,,,,,,,,,,,,,,,,,,,,,,,,,,,,,,0,,nan,,0,,nan,,0,,nan,,0,,nan,,0,,nan,
241.233557,1778660292.961731,,,,,,,,,,,,,,,,,,,,,,,,,,,,,,,,,,,,,,,,,,,,,,,,,,,,,,,,,,,,,,,,0,,nan,,0,,nan,,0,,nan,,0,,nan,,0,,nan,
241.433567,1778660293.161741,,,,,,,,,,,,,,,,,,,,,,,,,,,,,,,,,,,,,,,,,,,,,,,,,,,,,,,,,,,,,,,,0,,nan,,0,,nan,,0,,nan,,0,,nan,,0,,nan,
241.633615,1778660293.361787,,,,,,,,,,,,,,,,,,,,,,,,,,,,,,,,,,,,,,,,,,,,,,,,,,,,,,,,,,,,,,,,0,,nan,,0,,nan,,0,,nan,,0,,nan,,0,,nan,
241.833554,1778660293.561728,,,,,,,,,,,,,,,,,,,,,,,,,,,,,,,,,,,,,,,,,,,,,,,,,,,,,,,,,,,,,,,,0,,nan,,0,,nan,,0,,nan,,0,,nan,,0,,nan,
242.033643,1778660293.761829,,,,,,,,,,,,,,,,,,,,,,,,,,,,,,,,,,,,,,,,,,,,,,,,,,,,,,,,,,,,,,,,0,,nan,,0,,nan,,0,,nan,,0,,nan,,0,,nan,
242.233534,1778660293.961708,,,,,,,,,,,,,,,,,,,,,,,,,,,,,,,,,,,,,,,,,,,,,,,,,,,,,,,,,,,,,,,,0,,nan,,0,,nan,,0,,nan,,0,,nan,,0,,nan,
242.433559,1778660294.161734,,,,,,,,,,,,,,,,,,,,,,,,,,,,,,,,,,,,,,,,,,,,,,,,,,,,,,,,,,,,,,,,0,,nan,,0,,nan,,0,,nan,,0,,nan,,0,,nan,
242.633518,1778660294.361691,,,,,,,,,,,,,,,,,,,,,,,,,,,,,,,,,,,,,,,,,,,,,,,,,,,,,,,,,,,,,,,,0,,nan,,0,,nan,,0,,nan,,0,,nan,,0,,nan,
242.833546,1778660294.561719,,,,,,,,,,,,,,,,,,,,,,,,,,,,,,,,,,,,,,,,,,,,,,,,,,,,,,,,,,,,,,,,0,,nan,,0,,nan,,0,,nan,,0,,nan,,0,,nan,
243.033541,1778660294.761715,,,,,,,,,,,,,,,,,,,,,,,,,,,,,,,,,,,,,,,,,,,,,,,,,,,,,,,,,,,,,,,,0,,nan,,0,,nan,,0,,nan,,0,,nan,,0,,nan,
243.233540,1778660294.961712,,,,,,,,,,,,,,,,,,,,,,,,,,,,,,,,,,,,,,,,,,,,,,,,,,,,,,,,,,,,,,,,0,,nan,,0,,nan,,0,,nan,,0,,nan,,0,,nan,
243.433563,1778660295.161738,,,,,,,,,,,,,,,,,,,,,,,,,,,,,,,,,,,,,,,,,,,,,,,,,,,,,,,,,,,,,,,,0,,nan,,0,,nan,,0,,nan,,0,,nan,,0,,nan,
243.633552,1778660295.361724,,,,,,,,,,,,,,,,,,,,,,,,,,,,,,,,,,,,,,,,,,,,,,,,,,,,,,,,,,,,,,,,0,,nan,,0,,nan,,0,,nan,,0,,nan,,0,,nan,
243.833532,1778660295.561705,,,,,,,,,,,,,,,,,,,,,,,,,,,,,,,,,,,,,,,,,,,,,,,,,,,,,,,,,,,,,,,,0,,nan,,0,,nan,,0,,nan,,0,,nan,,0,,nan,
244.033681,1778660295.761855,,,,,,,,,,,,,,,,,,,,,,,,,,,,,,,,,,,,,,,,,,,,,,,,,,,,,,,,,,,,,,,,0,,nan,,0,,nan,,0,,nan,,0,,nan,,0,,nan,
244.233538,1778660295.961712,,,,,,,,,,,,,,,,,,,,,,,,,,,,,,,,,,,,,,,,,,,,,,,,,,,,,,,,,,,,,,,,0,,nan,,0,,nan,,0,,nan,,0,,nan,,0,,nan,
244.433539,1778660296.161714,,,,,,,,,,,,,,,,,,,,,,,,,,,,,,,,,,,,,,,,,,,,,,,,,,,,,,,,,,,,,,,,0,,nan,,0,,nan,,0,,nan,,0,,nan,,0,,nan,
244.633574,1778660296.361747,,,,,,,,,,,,,,,,,,,,,,,,,,,,,,,,,,,,,,,,,,,,,,,,,,,,,,,,,,,,,,,,0,,nan,,0,,nan,,0,,nan,,0,,nan,,0,,nan,
244.833513,1778660296.561686,,,,,,,,,,,,,,,,,,,,,,,,,,,,,,,,,,,,,,,,,,,,,,,,,,,,,,,,,,,,,,,,0,,nan,,0,,nan,,0,,nan,,0,,nan,,0,,nan,
245.033532,1778660296.761704,,,,,,,,,,,,,,,,,,,,,,,,,,,,,,,,,,,,,,,,,,,,,,,,,,,,,,,,,,,,,,,,0,,nan,,0,,nan,,0,,nan,,0,,nan,,0,,nan,
245.233534,1778660296.961707,,,,,,,,,,,,,,,,,,,,,,,,,,,,,,,,,,,,,,,,,,,,,,,,,,,,,,,,,,,,,,,,0,,nan,,0,,nan,,0,,nan,,0,,nan,,0,,nan,
245.433542,1778660297.161715,,,,,,,,,,,,,,,,,,,,,,,,,,,,,,,,,,,,,,,,,,,,,,,,,,,,,,,,,,,,,,,,0,,nan,,0,,nan,,0,,nan,,0,,nan,,0,,nan,
245.633710,1778660297.361884,,,,,,,,,,,,,,,,,,,,,,,,,,,,,,,,,,,,,,,,,,,,,,,,,,,,,,,,,,,,,,,,0,,nan,,0,,nan,,0,,nan,,0,,nan,,0,,nan,
245.833794,1778660297.561967,,,,,,,,,,,,,,,,,,,,,,,,,,,,,,,,,,,,,,,,,,,,,,,,,,,,,,,,,,,,,,,,0,,nan,,0,,nan,,0,,nan,,0,,nan,,0,,nan,
246.033544,1778660297.761717,,,,,,,,,,,,,,,,,,,,,,,,,,,,,,,,,,,,,,,,,,,,,,,,,,,,,,,,,,,,,,,,0,,nan,,0,,nan,,0,,nan,,0,,nan,,0,,nan,
246.233564,1778660297.961738,,,,,,,,,,,,,,,,,,,,,,,,,,,,,,,,,,,,,,,,,,,,,,,,,,,,,,,,,,,,,,,,0,,nan,,0,,nan,,0,,nan,,0,,nan,,0,,nan,
246.433526,1778660298.161699,,,,,,,,,,,,,,,,,,,,,,,,,,,,,,,,,,,,,,,,,,,,,,,,,,,,,,,,,,,,,,,,0,,nan,,0,,nan,,0,,nan,,0,,nan,,0,,nan,
246.633493,1778660298.361666,,,,,,,,,,,,,,,,,,,,,,,,,,,,,,,,,,,,,,,,,,,,,,,,,,,,,,,,,,,,,,,,0,,nan,,0,,nan,,0,,nan,,0,,nan,,0,,nan,
246.833453,1778660298.561626,,,,,,,,,,,,,,,,,,,,,,,,,,,,,,,,,,,,,,,,,,,,,,,,,,,,,,,,,,,,,,,,0,,nan,,0,,nan,,0,,nan,,0,,nan,,0,,nan,
247.033518,1778660298.761690,,,,,,,,,,,,,,,,,,,,,,,,,,,,,,,,,,,,,,,,,,,,,,,,,,,,,,,,,,,,,,,,0,,nan,,0,,nan,,0,,nan,,0,,nan,,0,,nan,
247.233509,1778660298.961681,,,,,,,,,,,,,,,,,,,,,,,,,,,,,,,,,,,,,,,,,,,,,,,,,,,,,,,,,,,,,,,,0,,nan,,0,,nan,,0,,nan,,0,,nan,,0,,nan,
247.433460,1778660299.161632,,,,,,,,,,,,,,,,,,,,,,,,,,,,,,,,,,,,,,,,,,,,,,,,,,,,,,,,,,,,,,,,0,,nan,,0,,nan,,0,,nan,,0,,nan,,0,,nan,
247.633459,1778660299.361631,,,,,,,,,,,,,,,,,,,,,,,,,,,,,,,,,,,,,,,,,,,,,,,,,,,,,,,,,,,,,,,,0,,nan,,0,,nan,,0,,nan,,0,,nan,,0,,nan,
247.833458,1778660299.561629,,,,,,,,,,,,,,,,,,,,,,,,,,,,,,,,,,,,,,,,,,,,,,,,,,,,,,,,,,,,,,,,0,,nan,,0,,nan,,0,,nan,,0,,nan,,0,,nan,
248.033458,1778660299.761630,,,,,,,,,,,,,,,,,,,,,,,,,,,,,,,,,,,,,,,,,,,,,,,,,,,,,,,,,,,,,,,,0,,nan,,0,,nan,,0,,nan,,0,,nan,,0,,nan,
248.233500,1778660299.961672,,,,,,,,,,,,,,,,,,,,,,,,,,,,,,,,,,,,,,,,,,,,,,,,,,,,,,,,,,,,,,,,0,,nan,,0,,nan,,0,,nan,,0,,nan,,0,,nan,
248.433440,1778660300.161611,,,,,,,,,,,,,,,,,,,,,,,,,,,,,,,,,,,,,,,,,,,,,,,,,,,,,,,,,,,,,,,,0,,nan,,0,,nan,,0,,nan,,0,,nan,,0,,nan,
248.633463,1778660300.361634,,,,,,,,,,,,,,,,,,,,,,,,,,,,,,,,,,,,,,,,,,,,,,,,,,,,,,,,,,,,,,,,0,,nan,,0,,nan,,0,,nan,,0,,nan,,0,,nan,
248.833448,1778660300.561620,,,,,,,,,,,,,,,,,,,,,,,,,,,,,,,,,,,,,,,,,,,,,,,,,,,,,,,,,,,,,,,,0,,nan,,0,,nan,,0,,nan,,0,,nan,,0,,nan,
249.033459,1778660300.761631,,,,,,,,,,,,,,,,,,,,,,,,,,,,,,,,,,,,,,,,,,,,,,,,,,,,,,,,,,,,,,,,0,,nan,,0,,nan,,0,,nan,,0,,nan,,0,,nan,
249.233432,1778660300.961604,,,,,,,,,,,,,,,,,,,,,,,,,,,,,,,,,,,,,,,,,,,,,,,,,,,,,,,,,,,,,,,,0,,nan,,0,,nan,,0,,nan,,0,,nan,,0,,nan,
249.433461,1778660301.161633,,,,,,,,,,,,,,,,,,,,,,,,,,,,,,,,,,,,,,,,,,,,,,,,,,,,,,,,,,,,,,,,0,,nan,,0,,nan,,0,,nan,,0,,nan,,0,,nan,
249.633456,1778660301.361628,,,,,,,,,,,,,,,,,,,,,,,,,,,,,,,,,,,,,,,,,,,,,,,,,,,,,,,,,,,,,,,,0,,nan,,0,,nan,,0,,nan,,0,,nan,,0,,nan,
249.833458,1778660301.561630,,,,,,,,,,,,,,,,,,,,,,,,,,,,,,,,,,,,,,,,,,,,,,,,,,,,,,,,,,,,,,,,0,,nan,,0,,nan,,0,,nan,,0,,nan,,0,,nan,
250.033470,1778660301.761642,,,,,,,,,,,,,,,,,,,,,,,,,,,,,,,,,,,,,,,,,,,,,,,,,,,,,,,,,,,,,,,,0,,nan,,0,,nan,,0,,nan,,0,,nan,,0,,nan,
250.233500,1778660301.961672,,,,,,,,,,,,,,,,,,,,,,,,,,,,,,,,,,,,,,,,,,,,,,,,,,,,,,,,,,,,,,,,0,,nan,,0,,nan,,0,,nan,,0,,nan,,0,,nan,
250.433500,1778660302.161672,,,,,,,,,,,,,,,,,,,,,,,,,,,,,,,,,,,,,,,,,,,,,,,,,,,,,,,,,,,,,,,,0,,nan,,0,,nan,,0,,nan,,0,,nan,,0,,nan,
250.633526,1778660302.361698,,,,,,,,,,,,,,,,,,,,,,,,,,,,,,,,,,,,,,,,,,,,,,,,,,,,,,,,,,,,,,,,0,,nan,,0,,nan,,0,,nan,,0,,nan,,0,,nan,
250.833521,1778660302.561693,,,,,,,,,,,,,,,,,,,,,,,,,,,,,,,,,,,,,,,,,,,,,,,,,,,,,,,,,,,,,,,,0,,nan,,0,,nan,,0,,nan,,0,,nan,,0,,nan,
251.033474,1778660302.761646,,,,,,,,,,,,,,,,,,,,,,,,,,,,,,,,,,,,,,,,,,,,,,,,,,,,,,,,,,,,,,,,0,,nan,,0,,nan,,0,,nan,,0,,nan,,0,,nan,
251.233531,1778660302.961705,,,,,,,,,,,,,,,,,,,,,,,,,,,,,,,,,,,,,,,,,,,,,,,,,,,,,,,,,,,,,,,,0,,nan,,0,,nan,,0,,nan,,0,,nan,,0,,nan,
251.433633,1778660303.161825,,,,,,,,,,,,,,,,,,,,,,,,,,,,,,,,,,,,,,,,,,,,,,,,,,,,,,,,,,,,,,,,0,,nan,,0,,nan,,0,,nan,,0,,nan,,0,,nan,
251.633486,1778660303.361657,,,,,,,,,,,,,,,,,,,,,,,,,,,,,,,,,,,,,,,,,,,,,,,,,,,,,,,,,,,,,,,,0,,nan,,0,,nan,,0,,nan,,0,,nan,,0,,nan,
251.833475,1778660303.561648,,,,,,,,,,,,,,,,,,,,,,,,,,,,,,,,,,,,,,,,,,,,,,,,,,,,,,,,,,,,,,,,0,,nan,,0,,nan,,0,,nan,,0,,nan,,0,,nan,
252.033447,1778660303.761619,,,,,,,,,,,,,,,,,,,,,,,,,,,,,,,,,,,,,,,,,,,,,,,,,,,,,,,,,,,,,,,,0,,nan,,0,,nan,,0,,nan,,0,,nan,,0,,nan,
252.233516,1778660303.961688,,,,,,,,,,,,,,,,,,,,,,,,,,,,,,,,,,,,,,,,,,,,,,,,,,,,,,,,,,,,,,,,0,,nan,,0,,nan,,0,,nan,,0,,nan,,0,,nan,
252.433508,1778660304.161680,,,,,,,,,,,,,,,,,,,,,,,,,,,,,,,,,,,,,,,,,,,,,,,,,,,,,,,,,,,,,,,,0,,nan,,0,,nan,,0,,nan,,0,,nan,,0,,nan,
252.633519,1778660304.361691,,,,,,,,,,,,,,,,,,,,,,,,,,,,,,,,,,,,,,,,,,,,,,,,,,,,,,,,,,,,,,,,0,,nan,,0,,nan,,0,,nan,,0,,nan,,0,,nan,
252.833460,1778660304.561632,,,,,,,,,,,,,,,,,,,,,,,,,,,,,,,,,,,,,,,,,,,,,,,,,,,,,,,,,,,,,,,,0,,nan,,0,,nan,,0,,nan,,0,,nan,,0,,nan,
253.033462,1778660304.761633,,,,,,,,,,,,,,,,,,,,,,,,,,,,,,,,,,,,,,,,,,,,,,,,,,,,,,,,,,,,,,,,0,,nan,,0,,nan,,0,,nan,,0,,nan,,0,,nan,
253.233454,1778660304.961626,,,,,,,,,,,,,,,,,,,,,,,,,,,,,,,,,,,,,,,,,,,,,,,,,,,,,,,,,,,,,,,,0,,nan,,0,,nan,,0,,nan,,0,,nan,,0,,nan,
253.433438,1778660305.161611,,,,,,,,,,,,,,,,,,,,,,,,,,,,,,,,,,,,,,,,,,,,,,,,,,,,,,,,,,,,,,,,0,,nan,,0,,nan,,0,,nan,,0,,nan,,0,,nan,
253.633451,1778660305.361622,,,,,,,,,,,,,,,,,,,,,,,,,,,,,,,,,,,,,,,,,,,,,,,,,,,,,,,,,,,,,,,,0,,nan,,0,,nan,,0,,nan,,0,,nan,,0,,nan,
253.833437,1778660305.561609,,,,,,,,,,,,,,,,,,,,,,,,,,,,,,,,,,,,,,,,,,,,,,,,,,,,,,,,,,,,,,,,0,,nan,,0,,nan,,0,,nan,,0,,nan,,0,,nan,
254.033441,1778660305.761612,,,,,,,,,,,,,,,,,,,,,,,,,,,,,,,,,,,,,,,,,,,,,,,,,,,,,,,,,,,,,,,,0,,nan,,0,,nan,,0,,nan,,0,,nan,,0,,nan,
254.233449,1778660305.961620,,,,,,,,,,,,,,,,,,,,,,,,,,,,,,,,,,,,,,,,,,,,,,,,,,,,,,,,,,,,,,,,0,,nan,,0,,nan,,0,,nan,,0,,nan,,0,,nan,
254.433464,1778660306.161635,,,,,,,,,,,,,,,,,,,,,,,,,,,,,,,,,,,,,,,,,,,,,,,,,,,,,,,,,,,,,,,,0,,nan,,0,,nan,,0,,nan,,0,,nan,,0,,nan,
254.633465,1778660306.361637,,,,,,,,,,,,,,,,,,,,,,,,,,,,,,,,,,,,,,,,,,,,,,,,,,,,,,,,,,,,,,,,0,,nan,,0,,nan,,0,,nan,,0,,nan,,0,,nan,
254.833457,1778660306.561628,,,,,,,,,,,,,,,,,,,,,,,,,,,,,,,,,,,,,,,,,,,,,,,,,,,,,,,,,,,,,,,,0,,nan,,0,,nan,,0,,nan,,0,,nan,,0,,nan,
255.033611,1778660306.761783,,,,,,,,,,,,,,,,,,,,,,,,,,,,,,,,,,,,,,,,,,,,,,,,,,,,,,,,,,,,,,,,0,,nan,,0,,nan,,0,,nan,,0,,nan,,0,,nan,
255.233434,1778660306.961605,,,,,,,,,,,,,,,,,,,,,,,,,,,,,,,,,,,,,,,,,,,,,,,,,,,,,,,,,,,,,,,,0,,nan,,0,,nan,,0,,nan,,0,,nan,,0,,nan,
255.433437,1778660307.161608,,,,,,,,,,,,,,,,,,,,,,,,,,,,,,,,,,,,,,,,,,,,,,,,,,,,,,,,,,,,,,,,0,,nan,,0,,nan,,0,,nan,,0,,nan,,0,,nan,
255.633441,1778660307.361612,,,,,,,,,,,,,,,,,,,,,,,,,,,,,,,,,,,,,,,,,,,,,,,,,,,,,,,,,,,,,,,,0,,nan,,0,,nan,,0,,nan,,0,,nan,,0,,nan,
255.833519,1778660307.561690,,,,,,,,,,,,,,,,,,,,,,,,,,,,,,,,,,,,,,,,,,,,,,,,,,,,,,,,,,,,,,,,0,,nan,,0,,nan,,0,,nan,,0,,nan,,0,,nan,
256.033522,1778660307.761694,,,,,,,,,,,,,,,,,,,,,,,,,,,,,,,,,,,,,,,,,,,,,,,,,,,,,,,,,,,,,,,,0,,nan,,0,,nan,,0,,nan,,0,,nan,,0,,nan,
256.233436,1778660307.961607,,,,,,,,,,,,,,,,,,,,,,,,,,,,,,,,,,,,,,,,,,,,,,,,,,,,,,,,,,,,,,,,0,,nan,,0,,nan,,0,,nan,,0,,nan,,0,,nan,
256.433464,1778660308.161635,,,,,,,,,,,,,,,,,,,,,,,,,,,,,,,,,,,,,,,,,,,,,,,,,,,,,,,,,,,,,,,,0,,nan,,0,,nan,,0,,nan,,0,,nan,,0,,nan,
256.633455,1778660308.361627,,,,,,,,,,,,,,,,,,,,,,,,,,,,,,,,,,,,,,,,,,,,,,,,,,,,,,,,,,,,,,,,0,,nan,,0,,nan,,0,,nan,,0,,nan,,0,,nan,
256.833529,1778660308.561700,,,,,,,,,,,,,,,,,,,,,,,,,,,,,,,,,,,,,,,,,,,,,,,,,,,,,,,,,,,,,,,,0,,nan,,0,,nan,,0,,nan,,0,,nan,,0,,nan,
257.033439,1778660308.761610,,,,,,,,,,,,,,,,,,,,,,,,,,,,,,,,,,,,,,,,,,,,,,,,,,,,,,,,,,,,,,,,0,,nan,,0,,nan,,0,,nan,,0,,nan,,0,,nan,
257.233438,1778660308.961610,,,,,,,,,,,,,,,,,,,,,,,,,,,,,,,,,,,,,,,,,,,,,,,,,,,,,,,,,,,,,,,,0,,nan,,0,,nan,,0,,nan,,0,,nan,,0,,nan,
257.433471,1778660309.161643,,,,,,,,,,,,,,,,,,,,,,,,,,,,,,,,,,,,,,,,,,,,,,,,,,,,,,,,,,,,,,,,0,,nan,,0,,nan,,0,,nan,,0,,nan,,0,,nan,
257.633470,1778660309.361642,,,,,,,,,,,,,,,,,,,,,,,,,,,,,,,,,,,,,,,,,,,,,,,,,,,,,,,,,,,,,,,,0,,nan,,0,,nan,,0,,nan,,0,,nan,,0,,nan,
257.833458,1778660309.561630,,,,,,,,,,,,,,,,,,,,,,,,,,,,,,,,,,,,,,,,,,,,,,,,,,,,,,,,,,,,,,,,0,,nan,,0,,nan,,0,,nan,,0,,nan,,0,,nan,
258.033458,1778660309.761630,,,,,,,,,,,,,,,,,,,,,,,,,,,,,,,,,,,,,,,,,,,,,,,,,,,,,,,,,,,,,,,,0,,nan,,0,,nan,,0,,nan,,0,,nan,,0,,nan,
258.233457,1778660309.961629,,,,,,,,,,,,,,,,,,,,,,,,,,,,,,,,,,,,,,,,,,,,,,,,,,,,,,,,,,,,,,,,0,,nan,,0,,nan,,0,,nan,,0,,nan,,0,,nan,
258.433402,1778660310.161573,,,,,,,,,,,,,,,,,,,,,,,,,,,,,,,,,,,,,,,,,,,,,,,,,,,,,,,,,,,,,,,,0,,nan,,0,,nan,,0,,nan,,0,,nan,,0,,nan,
258.633436,1778660310.361608,,,,,,,,,,,,,,,,,,,,,,,,,,,,,,,,,,,,,,,,,,,,,,,,,,,,,,,,,,,,,,,,0,,nan,,0,,nan,,0,,nan,,0,,nan,,0,,nan,
258.833645,1778660310.561837,,,,,,,,,,,,,,,,,,,,,,,,,,,,,,,,,,,,,,,,,,,,,,,,,,,,,,,,,,,,,,,,0,,nan,,0,,nan,,0,,nan,,0,,nan,,0,,nan,
259.033496,1778660310.761669,,,,,,,,,,,,,,,,,,,,,,,,,,,,,,,,,,,,,,,,,,,,,,,,,,,,,,,,,,,,,,,,0,,nan,,0,,nan,,0,,nan,,0,,nan,,0,,nan,
259.233549,1778660310.961722,,,,,,,,,,,,,,,,,,,,,,,,,,,,,,,,,,,,,,,,,,,,,,,,,,,,,,,,,,,,,,,,0,,nan,,0,,nan,,0,,nan,,0,,nan,,0,,nan,
259.433459,1778660311.161630,,,,,,,,,,,,,,,,,,,,,,,,,,,,,,,,,,,,,,,,,,,,,,,,,,,,,,,,,,,,,,,,0,,nan,,0,,nan,,0,,nan,,0,,nan,,0,,nan,
259.633609,1778660311.361781,,,,,,,,,,,,,,,,,,,,,,,,,,,,,,,,,,,,,,,,,,,,,,,,,,,,,,,,,,,,,,,,0,,nan,,0,,nan,,0,,nan,,0,,nan,,0,,nan,
259.833472,1778660311.561644,,,,,,,,,,,,,,,,,,,,,,,,,,,,,,,,,,,,,,,,,,,,,,,,,,,,,,,,,,,,,,,,0,,nan,,0,,nan,,0,,nan,,0,,nan,,0,,nan,
260.033500,1778660311.761672,,,,,,,,,,,,,,,,,,,,,,,,,,,,,,,,,,,,,,,,,,,,,,,,,,,,,,,,,,,,,,,,0,,nan,,0,,nan,,0,,nan,,0,,nan,,0,,nan,
260.233449,1778660311.961620,,,,,,,,,,,,,,,,,,,,,,,,,,,,,,,,,,,,,,,,,,,,,,,,,,,,,,,,,,,,,,,,0,,nan,,0,,nan,,0,,nan,,0,,nan,,0,,nan,
260.433435,1778660312.161607,,,,,,,,,,,,,,,,,,,,,,,,,,,,,,,,,,,,,,,,,,,,,,,,,,,,,,,,,,,,,,,,0,,nan,,0,,nan,,0,,nan,,0,,nan,,0,,nan,
260.633495,1778660312.361668,,,,,,,,,,,,,,,,,,,,,,,,,,,,,,,,,,,,,,,,,,,,,,,,,,,,,,,,,,,,,,,,0,,nan,,0,,nan,,0,,nan,,0,,nan,,0,,nan,
260.833465,1778660312.561638,,,,,,,,,,,,,,,,,,,,,,,,,,,,,,,,,,,,,,,,,,,,,,,,,,,,,,,,,,,,,,,,0,,nan,,0,,nan,,0,,nan,,0,,nan,,0,,nan,
261.033439,1778660312.761610,,,,,,,,,,,,,,,,,,,,,,,,,,,,,,,,,,,,,,,,,,,,,,,,,,,,,,,,,,,,,,,,0,,nan,,0,,nan,,0,,nan,,0,,nan,,0,,nan,
261.233454,1778660312.961625,,,,,,,,,,,,,,,,,,,,,,,,,,,,,,,,,,,,,,,,,,,,,,,,,,,,,,,,,,,,,,,,0,,nan,,0,,nan,,0,,nan,,0,,nan,,0,,nan,
261.433448,1778660313.161620,,,,,,,,,,,,,,,,,,,,,,,,,,,,,,,,,,,,,,,,,,,,,,,,,,,,,,,,,,,,,,,,0,,nan,,0,,nan,,0,,nan,,0,,nan,,0,,nan,
261.633502,1778660313.361675,,,,,,,,,,,,,,,,,,,,,,,,,,,,,,,,,,,,,,,,,,,,,,,,,,,,,,,,,,,,,,,,0,,nan,,0,,nan,,0,,nan,,0,,nan,,0,,nan,
261.833461,1778660313.561633,,,,,,,,,,,,,,,,,,,,,,,,,,,,,,,,,,,,,,,,,,,,,,,,,,,,,,,,,,,,,,,,0,,nan,,0,,nan,,0,,nan,,0,,nan,,0,,nan,
262.033473,1778660313.761646,,,,,,,,,,,,,,,,,,,,,,,,,,,,,,,,,,,,,,,,,,,,,,,,,,,,,,,,,,,,,,,,0,,nan,,0,,nan,,0,,nan,,0,,nan,,0,,nan,
262.233455,1778660313.961627,,,,,,,,,,,,,,,,,,,,,,,,,,,,,,,,,,,,,,,,,,,,,,,,,,,,,,,,,,,,,,,,0,,nan,,0,,nan,,0,,nan,,0,,nan,,0,,nan,
262.433438,1778660314.161610,,,,,,,,,,,,,,,,,,,,,,,,,,,,,,,,,,,,,,,,,,,,,,,,,,,,,,,,,,,,,,,,0,,nan,,0,,nan,,0,,nan,,0,,nan,,0,,nan,
262.633564,1778660314.361736,,,,,,,,,,,,,,,,,,,,,,,,,,,,,,,,,,,,,,,,,,,,,,,,,,,,,,,,,,,,,,,,0,,nan,,0,,nan,,0,,nan,,0,,nan,,0,,nan,
262.833466,1778660314.561637,,,,,,,,,,,,,,,,,,,,,,,,,,,,,,,,,,,,,,,,,,,,,,,,,,,,,,,,,,,,,,,,0,,nan,,0,,nan,,0,,nan,,0,,nan,,0,,nan,
263.033462,1778660314.761633,,,,,,,,,,,,,,,,,,,,,,,,,,,,,,,,,,,,,,,,,,,,,,,,,,,,,,,,,,,,,,,,0,,nan,,0,,nan,,0,,nan,,0,,nan,,0,,nan,
263.233508,1778660314.961680,,,,,,,,,,,,,,,,,,,,,,,,,,,,,,,,,,,,,,,,,,,,,,,,,,,,,,,,,,,,,,,,0,,nan,,0,,nan,,0,,nan,,0,,nan,,0,,nan,
263.433621,1778660315.161801,,,,,,,,,,,,,,,,,,,,,,,,,,,,,,,,,,,,,,,,,,,,,,,,,,,,,,,,,,,,,,,,0,,nan,,0,,nan,,0,,nan,,0,,nan,,0,,nan,
263.633529,1778660315.361701,,,,,,,,,,,,,,,,,,,,,,,,,,,,,,,,,,,,,,,,,,,,,,,,,,,,,,,,,,,,,,,,0,,nan,,0,,nan,,0,,nan,,0,,nan,,0,,nan,
263.833472,1778660315.561644,,,,,,,,,,,,,,,,,,,,,,,,,,,,,,,,,,,,,,,,,,,,,,,,,,,,,,,,,,,,,,,,0,,nan,,0,,nan,,0,,nan,,0,,nan,,0,,nan,
264.033455,1778660315.761626,,,,,,,,,,,,,,,,,,,,,,,,,,,,,,,,,,,,,,,,,,,,,,,,,,,,,,,,,,,,,,,,0,,nan,,0,,nan,,0,,nan,,0,,nan,,0,,nan,
264.233476,1778660315.961648,,,,,,,,,,,,,,,,,,,,,,,,,,,,,,,,,,,,,,,,,,,,,,,,,,,,,,,,,,,,,,,,0,,nan,,0,,nan,,0,,nan,,0,,nan,,0,,nan,
264.433607,1778660316.161789,,,,,,,,,,,,,,,,,,,,,,,,,,,,,,,,,,,,,,,,,,,,,,,,,,,,,,,,,,,,,,,,0,,nan,,0,,nan,,0,,nan,,0,,nan,,0,,nan,
264.633449,1778660316.361621,,,,,,,,,,,,,,,,,,,,,,,,,,,,,,,,,,,,,,,,,,,,,,,,,,,,,,,,,,,,,,,,0,,nan,,0,,nan,,0,,nan,,0,,nan,,0,,nan,
264.833412,1778660316.561584,,,,,,,,,,,,,,,,,,,,,,,,,,,,,,,,,,,,,,,,,,,,,,,,,,,,,,,,,,,,,,,,0,,nan,,0,,nan,,0,,nan,,0,,nan,,0,,nan,
265.033464,1778660316.761637,,,,,,,,,,,,,,,,,,,,,,,,,,,,,,,,,,,,,,,,,,,,,,,,,,,,,,,,,,,,,,,,0,,nan,,0,,nan,,0,,nan,,0,,nan,,0,,nan,
265.233445,1778660316.961617,,,,,,,,,,,,,,,,,,,,,,,,,,,,,,,,,,,,,,,,,,,,,,,,,,,,,,,,,,,,,,,,0,,nan,,0,,nan,,0,,nan,,0,,nan,,0,,nan,
265.433438,1778660317.161610,,,,,,,,,,,,,,,,,,,,,,,,,,,,,,,,,,,,,,,,,,,,,,,,,,,,,,,,,,,,,,,,0,,nan,,0,,nan,,0,,nan,,0,,nan,,0,,nan,
265.633527,1778660317.361703,,,,,,,,,,,,,,,,,,,,,,,,,,,,,,,,,,,,,,,,,,,,,,,,,,,,,,,,,,,,,,,,0,,nan,,0,,nan,,0,,nan,,0,,nan,,0,,nan,
265.833470,1778660317.561642,,,,,,,,,,,,,,,,,,,,,,,,,,,,,,,,,,,,,,,,,,,,,,,,,,,,,,,,,,,,,,,,0,,nan,,0,,nan,,0,,nan,,0,,nan,,0,,nan,
266.033471,1778660317.761643,,,,,,,,,,,,,,,,,,,,,,,,,,,,,,,,,,,,,,,,,,,,,,,,,,,,,,,,,,,,,,,,0,,nan,,0,,nan,,0,,nan,,0,,nan,,0,,nan,
266.233513,1778660317.961685,,,,,,,,,,,,,,,,,,,,,,,,,,,,,,,,,,,,,,,,,,,,,,,,,,,,,,,,,,,,,,,,0,,nan,,0,,nan,,0,,nan,,0,,nan,,0,,nan,
266.433435,1778660318.161607,,,,,,,,,,,,,,,,,,,,,,,,,,,,,,,,,,,,,,,,,,,,,,,,,,,,,,,,,,,,,,,,0,,nan,,0,,nan,,0,,nan,,0,,nan,,0,,nan,
266.633516,1778660318.361688,,,,,,,,,,,,,,,,,,,,,,,,,,,,,,,,,,,,,,,,,,,,,,,,,,,,,,,,,,,,,,,,0,,nan,,0,,nan,,0,,nan,,0,,nan,,0,,nan,
266.833435,1778660318.561606,,,,,,,,,,,,,,,,,,,,,,,,,,,,,,,,,,,,,,,,,,,,,,,,,,,,,,,,,,,,,,,,0,,nan,,0,,nan,,0,,nan,,0,,nan,,0,,nan,
267.033458,1778660318.761630,,,,,,,,,,,,,,,,,,,,,,,,,,,,,,,,,,,,,,,,,,,,,,,,,,,,,,,,,,,,,,,,0,,nan,,0,,nan,,0,,nan,,0,,nan,,0,,nan,
267.233433,1778660318.961605,,,,,,,,,,,,,,,,,,,,,,,,,,,,,,,,,,,,,,,,,,,,,,,,,,,,,,,,,,,,,,,,0,,nan,,0,,nan,,0,,nan,,0,,nan,,0,,nan,
267.433452,1778660319.161624,,,,,,,,,,,,,,,,,,,,,,,,,,,,,,,,,,,,,,,,,,,,,,,,,,,,,,,,,,,,,,,,0,,nan,,0,,nan,,0,,nan,,0,,nan,,0,,nan,
267.633467,1778660319.361639,,,,,,,,,,,,,,,,,,,,,,,,,,,,,,,,,,,,,,,,,,,,,,,,,,,,,,,,,,,,,,,,0,,nan,,0,,nan,,0,,nan,,0,,nan,,0,,nan,
267.833462,1778660319.561634,,,,,,,,,,,,,,,,,,,,,,,,,,,,,,,,,,,,,,,,,,,,,,,,,,,,,,,,,,,,,,,,0,,nan,,0,,nan,,0,,nan,,0,,nan,,0,,nan,
268.033460,1778660319.761632,,,,,,,,,,,,,,,,,,,,,,,,,,,,,,,,,,,,,,,,,,,,,,,,,,,,,,,,,,,,,,,,0,,nan,,0,,nan,,0,,nan,,0,,nan,,0,,nan,
268.233611,1778660319.961792,,,,,,,,,,,,,,,,,,,,,,,,,,,,,,,,,,,,,,,,,,,,,,,,,,,,,,,,,,,,,,,,0,,nan,,0,,nan,,0,,nan,,0,,nan,,0,,nan,
268.433430,1778660320.161602,,,,,,,,,,,,,,,,,,,,,,,,,,,,,,,,,,,,,,,,,,,,,,,,,,,,,,,,,,,,,,,,0,,nan,,0,,nan,,0,,nan,,0,,nan,,0,,nan,
268.633446,1778660320.361617,,,,,,,,,,,,,,,,,,,,,,,,,,,,,,,,,,,,,,,,,,,,,,,,,,,,,,,,,,,,,,,,0,,nan,,0,,nan,,0,,nan,,0,,nan,,0,,nan,
268.833495,1778660320.561667,,,,,,,,,,,,,,,,,,,,,,,,,,,,,,,,,,,,,,,,,,,,,,,,,,,,,,,,,,,,,,,,0,,nan,,0,,nan,,0,,nan,,0,,nan,,0,,nan,
269.033468,1778660320.761640,,,,,,,,,,,,,,,,,,,,,,,,,,,,,,,,,,,,,,,,,,,,,,,,,,,,,,,,,,,,,,,,0,,nan,,0,,nan,,0,,nan,,0,,nan,,0,,nan,
269.233461,1778660320.961633,,,,,,,,,,,,,,,,,,,,,,,,,,,,,,,,,,,,,,,,,,,,,,,,,,,,,,,,,,,,,,,,0,,nan,,0,,nan,,0,,nan,,0,,nan,,0,,nan,
269.433472,1778660321.161645,,,,,,,,,,,,,,,,,,,,,,,,,,,,,,,,,,,,,,,,,,,,,,,,,,,,,,,,,,,,,,,,0,,nan,,0,,nan,,0,,nan,,0,,nan,,0,,nan,
269.633470,1778660321.361642,,,,,,,,,,,,,,,,,,,,,,,,,,,,,,,,,,,,,,,,,,,,,,,,,,,,,,,,,,,,,,,,0,,nan,,0,,nan,,0,,nan,,0,,nan,,0,,nan,
269.833434,1778660321.561606,,,,,,,,,,,,,,,,,,,,,,,,,,,,,,,,,,,,,,,,,,,,,,,,,,,,,,,,,,,,,,,,0,,nan,,0,,nan,,0,,nan,,0,,nan,,0,,nan,
270.033437,1778660321.761609,,,,,,,,,,,,,,,,,,,,,,,,,,,,,,,,,,,,,,,,,,,,,,,,,,,,,,,,,,,,,,,,0,,nan,,0,,nan,,0,,nan,,0,,nan,,0,,nan,
270.233468,1778660321.961639,,,,,,,,,,,,,,,,,,,,,,,,,,,,,,,,,,,,,,,,,,,,,,,,,,,,,,,,,,,,,,,,0,,nan,,0,,nan,,0,,nan,,0,,nan,,0,,nan,
270.433461,1778660322.161632,,,,,,,,,,,,,,,,,,,,,,,,,,,,,,,,,,,,,,,,,,,,,,,,,,,,,,,,,,,,,,,,0,,nan,,0,,nan,,0,,nan,,0,,nan,,0,,nan,
270.633466,1778660322.361637,,,,,,,,,,,,,,,,,,,,,,,,,,,,,,,,,,,,,,,,,,,,,,,,,,,,,,,,,,,,,,,,0,,nan,,0,,nan,,0,,nan,,0,,nan,,0,,nan,
270.833465,1778660322.561637,,,,,,,,,,,,,,,,,,,,,,,,,,,,,,,,,,,,,,,,,,,,,,,,,,,,,,,,,,,,,,,,0,,nan,,0,,nan,,0,,nan,,0,,nan,,0,,nan,
271.033471,1778660322.761642,,,,,,,,,,,,,,,,,,,,,,,,,,,,,,,,,,,,,,,,,,,,,,,,,,,,,,,,,,,,,,,,0,,nan,,0,,nan,,0,,nan,,0,,nan,,0,,nan,
271.233600,1778660322.961781,,,,,,,,,,,,,,,,,,,,,,,,,,,,,,,,,,,,,,,,,,,,,,,,,,,,,,,,,,,,,,,,0,,nan,,0,,nan,,0,,nan,,0,,nan,,0,,nan,
271.433446,1778660323.161617,,,,,,,,,,,,,,,,,,,,,,,,,,,,,,,,,,,,,,,,,,,,,,,,,,,,,,,,,,,,,,,,0,,nan,,0,,nan,,0,,nan,,0,,nan,,0,,nan,
271.633432,1778660323.361603,,,,,,,,,,,,,,,,,,,,,,,,,,,,,,,,,,,,,,,,,,,,,,,,,,,,,,,,,,,,,,,,0,,nan,,0,,nan,,0,,nan,,0,,nan,,0,,nan,
271.833433,1778660323.561604,,,,,,,,,,,,,,,,,,,,,,,,,,,,,,,,,,,,,,,,,,,,,,,,,,,,,,,,,,,,,,,,0,,nan,,0,,nan,,0,,nan,,0,,nan,,0,,nan,
272.033468,1778660323.761639,,,,,,,,,,,,,,,,,,,,,,,,,,,,,,,,,,,,,,,,,,,,,,,,,,,,,,,,,,,,,,,,0,,nan,,0,,nan,,0,,nan,,0,,nan,,0,,nan,
272.233460,1778660323.961632,,,,,,,,,,,,,,,,,,,,,,,,,,,,,,,,,,,,,,,,,,,,,,,,,,,,,,,,,,,,,,,,0,,nan,,0,,nan,,0,,nan,,0,,nan,,0,,nan,
272.433570,1778660324.161752,,,,,,,,,,,,,,,,,,,,,,,,,,,,,,,,,,,,,,,,,,,,,,,,,,,,,,,,,,,,,,,,0,,nan,,0,,nan,,0,,nan,,0,,nan,,0,,nan,
272.633455,1778660324.361626,,,,,,,,,,,,,,,,,,,,,,,,,,,,,,,,,,,,,,,,,,,,,,,,,,,,,,,,,,,,,,,,0,,nan,,0,,nan,,0,,nan,,0,,nan,,0,,nan,
272.833858,1778660324.562043,,,,,,,,,,,,,,,,,,,,,,,,,,,,,,,,,,,,,,,,,,,,,,,,,,,,,,,,,,,,,,,,0,,nan,,0,,nan,,0,,nan,,0,,nan,,0,,nan,
273.033942,1778660324.762126,,,,,,,,,,,,,,,,,,,,,,,,,,,,,,,,,,,,,,,,,,,,,,,,,,,,,,,,,,,,,,,,0,,nan,,0,,nan,,0,,nan,,0,,nan,,0,,nan,
273.233856,1778660324.962041,,,,,,,,,,,,,,,,,,,,,,,,,,,,,,,,,,,,,,,,,,,,,,,,,,,,,,,,,,,,,,,,0,,nan,,0,,nan,,0,,nan,,0,,nan,,0,,nan,
273.434026,1778660325.162223,,,,,,,,,,,,,,,,,,,,,,,,,,,,,,,,,,,,,,,,,,,,,,,,,,,,,,,,,,,,,,,,0,,nan,,0,,nan,,0,,nan,,0,,nan,,0,,nan,
273.633973,1778660325.362159,,,,,,,,,,,,,,,,,,,,,,,,,,,,,,,,,,,,,,,,,,,,,,,,,,,,,,,,,,,,,,,,0,,nan,,0,,nan,,0,,nan,,0,,nan,,0,,nan,
273.833897,1778660325.562080,,,,,,,,,,,,,,,,,,,,,,,,,,,,,,,,,,,,,,,,,,,,,,,,,,,,,,,,,,,,,,,,0,,nan,,0,,nan,,0,,nan,,0,,nan,,0,,nan,
274.033854,1778660325.762039,,,,,,,,,,,,,,,,,,,,,,,,,,,,,,,,,,,,,,,,,,,,,,,,,,,,,,,,,,,,,,,,0,,nan,,0,,nan,,0,,nan,,0,,nan,,0,,nan,
274.233825,1778660325.962010,,,,,,,,,,,,,,,,,,,,,,,,,,,,,,,,,,,,,,,,,,,,,,,,,,,,,,,,,,,,,,,,0,,nan,,0,,nan,,0,,nan,,0,,nan,,0,,nan,
274.433847,1778660326.162029,,,,,,,,,,,,,,,,,,,,,,,,,,,,,,,,,,,,,,,,,,,,,,,,,,,,,,,,,,,,,,,,0,,nan,,0,,nan,,0,,nan,,0,,nan,,0,,nan,
274.633857,1778660326.362043,,,,,,,,,,,,,,,,,,,,,,,,,,,,,,,,,,,,,,,,,,,,,,,,,,,,,,,,,,,,,,,,0,,nan,,0,,nan,,0,,nan,,0,,nan,,0,,nan,
274.833853,1778660326.562036,,,,,,,,,,,,,,,,,,,,,,,,,,,,,,,,,,,,,,,,,,,,,,,,,,,,,,,,,,,,,,,,0,,nan,,0,,nan,,0,,nan,,0,,nan,,0,,nan,
275.033844,1778660326.762029,,,,,,,,,,,,,,,,,,,,,,,,,,,,,,,,,,,,,,,,,,,,,,,,,,,,,,,,,,,,,,,,0,,nan,,0,,nan,,0,,nan,,0,,nan,,0,,nan,
275.234338,1778660326.962530,,,,,,,,,,,,,,,,,,,,,,,,,,,,,,,,,,,,,,,,,,,,,,,,,,,,,,,,,,,,,,,,0,,nan,,0,,nan,,0,,nan,,0,,nan,,0,,nan,
275.433913,1778660327.162101,,,,,,,,,,,,,,,,,,,,,,,,,,,,,,,,,,,,,,,,,,,,,,,,,,,,,,,,,,,,,,,,0,,nan,,0,,nan,,0,,nan,,0,,nan,,0,,nan,
275.633868,1778660327.362055,,,,,,,,,,,,,,,,,,,,,,,,,,,,,,,,,,,,,,,,,,,,,,,,,,,,,,,,,,,,,,,,0,,nan,,0,,nan,,0,,nan,,0,,nan,,0,,nan,
275.833857,1778660327.562042,,,,,,,,,,,,,,,,,,,,,,,,,,,,,,,,,,,,,,,,,,,,,,,,,,,,,,,,,,,,,,,,0,,nan,,0,,nan,,0,,nan,,0,,nan,,0,,nan,
276.034130,1778660327.762309,,,,,,,,,,,,,,,,,,,,,,,,,,,,,,,,,,,,,,,,,,,,,,,,,,,,,,,,,,,,,,,,0,,nan,,0,,nan,,0,,nan,,0,,nan,,0,,nan,
276.233833,1778660327.962016,,,,,,,,,,,,,,,,,,,,,,,,,,,,,,,,,,,,,,,,,,,,,,,,,,,,,,,,,,,,,,,,0,,nan,,0,,nan,,0,,nan,,0,,nan,,0,,nan,
276.433848,1778660328.162033,,,,,,,,,,,,,,,,,,,,,,,,,,,,,,,,,,,,,,,,,,,,,,,,,,,,,,,,,,,,,,,,0,,nan,,0,,nan,,0,,nan,,0,,nan,,0,,nan,
276.633931,1778660328.362115,,,,,,,,,,,,,,,,,,,,,,,,,,,,,,,,,,,,,,,,,,,,,,,,,,,,,,,,,,,,,,,,0,,nan,,0,,nan,,0,,nan,,0,,nan,,0,,nan,
276.833849,1778660328.562034,,,,,,,,,,,,,,,,,,,,,,,,,,,,,,,,,,,,,,,,,,,,,,,,,,,,,,,,,,,,,,,,0,,nan,,0,,nan,,0,,nan,,0,,nan,,0,,nan,
277.033922,1778660328.762110,,,,,,,,,,,,,,,,,,,,,,,,,,,,,,,,,,,,,,,,,,,,,,,,,,,,,,,,,,,,,,,,0,,nan,,0,,nan,,0,,nan,,0,,nan,,0,,nan,
277.233844,1778660328.962030,,,,,,,,,,,,,,,,,,,,,,,,,,,,,,,,,,,,,,,,,,,,,,,,,,,,,,,,,,,,,,,,0,,nan,,0,,nan,,0,,nan,,0,,nan,,0,,nan,
277.433918,1778660329.162105,,,,,,,,,,,,,,,,,,,,,,,,,,,,,,,,,,,,,,,,,,,,,,,,,,,,,,,,,,,,,,,,0,,nan,,0,,nan,,0,,nan,,0,,nan,,0,,nan,
277.633842,1778660329.362026,,,,,,,,,,,,,,,,,,,,,,,,,,,,,,,,,,,,,,,,,,,,,,,,,,,,,,,,,,,,,,,,0,,nan,,0,,nan,,0,,nan,,0,,nan,,0,,nan,
277.833849,1778660329.562034,,,,,,,,,,,,,,,,,,,,,,,,,,,,,,,,,,,,,,,,,,,,,,,,,,,,,,,,,,,,,,,,0,,nan,,0,,nan,,0,,nan,,0,,nan,,0,,nan,
278.033833,1778660329.762019,,,,,,,,,,,,,,,,,,,,,,,,,,,,,,,,,,,,,,,,,,,,,,,,,,,,,,,,,,,,,,,,0,,nan,,0,,nan,,0,,nan,,0,,nan,,0,,nan,
278.233852,1778660329.962035,,,,,,,,,,,,,,,,,,,,,,,,,,,,,,,,,,,,,,,,,,,,,,,,,,,,,,,,,,,,,,,,0,,nan,,0,,nan,,0,,nan,,0,,nan,,0,,nan,
278.433878,1778660330.162061,,,,,,,,,,,,,,,,,,,,,,,,,,,,,,,,,,,,,,,,,,,,,,,,,,,,,,,,,,,,,,,,0,,nan,,0,,nan,,0,,nan,,0,,nan,,0,,nan,
278.633911,1778660330.362097,,,,,,,,,,,,,,,,,,,,,,,,,,,,,,,,,,,,,,,,,,,,,,,,,,,,,,,,,,,,,,,,0,,nan,,0,,nan,,0,,nan,,0,,nan,,0,,nan,
278.833863,1778660330.562048,,,,,,,,,,,,,,,,,,,,,,,,,,,,,,,,,,,,,,,,,,,,,,,,,,,,,,,,,,,,,,,,0,,nan,,0,,nan,,0,,nan,,0,,nan,,0,,nan,
279.033902,1778660330.762088,,,,,,,,,,,,,,,,,,,,,,,,,,,,,,,,,,,,,,,,,,,,,,,,,,,,,,,,,,,,,,,,0,,nan,,0,,nan,,0,,nan,,0,,nan,,0,,nan,
279.233841,1778660330.962025,,,,,,,,,,,,,,,,,,,,,,,,,,,,,,,,,,,,,,,,,,,,,,,,,,,,,,,,,,,,,,,,0,,nan,,0,,nan,,0,,nan,,0,,nan,,0,,nan,
279.433592,1778660331.161767,,,,,,,,,,,,,,,,,,,,,,,,,,,,,,,,,,,,,,,,,,,,,,,,,,,,,,,,,,,,,,,,0,,nan,,0,,nan,,0,,nan,,0,,nan,,0,,nan,
279.633535,1778660331.361709,,,,,,,,,,,,,,,,,,,,,,,,,,,,,,,,,,,,,,,,,,,,,,,,,,,,,,,,,,,,,,,,0,,nan,,0,,nan,,0,,nan,,0,,nan,,0,,nan,
279.833547,1778660331.561722,,,,,,,,,,,,,,,,,,,,,,,,,,,,,,,,,,,,,,,,,,,,,,,,,,,,,,,,,,,,,,,,0,,nan,,0,,nan,,0,,nan,,0,,nan,,0,,nan,
280.033520,1778660331.761693,,,,,,,,,,,,,,,,,,,,,,,,,,,,,,,,,,,,,,,,,,,,,,,,,,,,,,,,,,,,,,,,0,,nan,,0,,nan,,0,,nan,,0,,nan,,0,,nan,
280.233558,1778660331.961733,,,,,,,,,,,,,,,,,,,,,,,,,,,,,,,,,,,,,,,,,,,,,,,,,,,,,,,,,,,,,,,,0,,nan,,0,,nan,,0,,nan,,0,,nan,,0,,nan,
280.433586,1778660332.161762,,,,,,,,,,,,,,,,,,,,,,,,,,,,,,,,,,,,,,,,,,,,,,,,,,,,,,,,,,,,,,,,0,,nan,,0,,nan,,0,,nan,,0,,nan,,0,,nan,
280.633579,1778660332.361756,,,,,,,,,,,,,,,,,,,,,,,,,,,,,,,,,,,,,,,,,,,,,,,,,,,,,,,,,,,,,,,,0,,nan,,0,,nan,,0,,nan,,0,,nan,,0,,nan,
280.833531,1778660332.561706,,,,,,,,,,,,,,,,,,,,,,,,,,,,,,,,,,,,,,,,,,,,,,,,,,,,,,,,,,,,,,,,0,,nan,,0,,nan,,0,,nan,,0,,nan,,0,,nan,
281.033526,1778660332.761700,,,,,,,,,,,,,,,,,,,,,,,,,,,,,,,,,,,,,,,,,,,,,,,,,,,,,,,,,,,,,,,,0,,nan,,0,,nan,,0,,nan,,0,,nan,,0,,nan,
281.233518,1778660332.961690,,,,,,,,,,,,,,,,,,,,,,,,,,,,,,,,,,,,,,,,,,,,,,,,,,,,,,,,,,,,,,,,0,,nan,,0,,nan,,0,,nan,,0,,nan,,0,,nan,
281.433524,1778660333.161696,,,,,,,,,,,,,,,,,,,,,,,,,,,,,,,,,,,,,,,,,,,,,,,,,,,,,,,,,,,,,,,,0,,nan,,0,,nan,,0,,nan,,0,,nan,,0,,nan,
281.633518,1778660333.361691,,,,,,,,,,,,,,,,,,,,,,,,,,,,,,,,,,,,,,,,,,,,,,,,,,,,,,,,,,,,,,,,0,,nan,,0,,nan,,0,,nan,,0,,nan,,0,,nan,
281.833523,1778660333.561696,,,,,,,,,,,,,,,,,,,,,,,,,,,,,,,,,,,,,,,,,,,,,,,,,,,,,,,,,,,,,,,,0,,nan,,0,,nan,,0,,nan,,0,,nan,,0,,nan,
282.033632,1778660333.761806,,,,,,,,,,,,,,,,,,,,,,,,,,,,,,,,,,,,,,,,,,,,,,,,,,,,,,,,,,,,,,,,0,,nan,,0,,nan,,0,,nan,,0,,nan,,0,,nan,
282.233686,1778660333.961866,,,,,,,,,,,,,,,,,,,,,,,,,,,,,,,,,,,,,,,,,,,,,,,,,,,,,,,,,,,,,,,,0,,nan,,0,,nan,,0,,nan,,0,,nan,,0,,nan,
282.433534,1778660334.161707,,,,,,,,,,,,,,,,,,,,,,,,,,,,,,,,,,,,,,,,,,,,,,,,,,,,,,,,,,,,,,,,0,,nan,,0,,nan,,0,,nan,,0,,nan,,0,,nan,
282.633507,1778660334.361679,,,,,,,,,,,,,,,,,,,,,,,,,,,,,,,,,,,,,,,,,,,,,,,,,,,,,,,,,,,,,,,,0,,nan,,0,,nan,,0,,nan,,0,,nan,,0,,nan,
282.833528,1778660334.561700,,,,,,,,,,,,,,,,,,,,,,,,,,,,,,,,,,,,,,,,,,,,,,,,,,,,,,,,,,,,,,,,0,,nan,,0,,nan,,0,,nan,,0,,nan,,0,,nan,
283.033496,1778660334.761668,,,,,,,,,,,,,,,,,,,,,,,,,,,,,,,,,,,,,,,,,,,,,,,,,,,,,,,,,,,,,,,,0,,nan,,0,,nan,,0,,nan,,0,,nan,,0,,nan,
283.233490,1778660334.961662,,,,,,,,,,,,,,,,,,,,,,,,,,,,,,,,,,,,,,,,,,,,,,,,,,,,,,,,,,,,,,,,0,,nan,,0,,nan,,0,,nan,,0,,nan,,0,,nan,
283.433467,1778660335.161638,,,,,,,,,,,,,,,,,,,,,,,,,,,,,,,,,,,,,,,,,,,,,,,,,,,,,,,,,,,,,,,,0,,nan,,0,,nan,,0,,nan,,0,,nan,,0,,nan,
283.633476,1778660335.361650,,,,,,,,,,,,,,,,,,,,,,,,,,,,,,,,,,,,,,,,,,,,,,,,,,,,,,,,,,,,,,,,0,,nan,,0,,nan,,0,,nan,,0,,nan,,0,,nan,
283.833457,1778660335.561630,,,,,,,,,,,,,,,,,,,,,,,,,,,,,,,,,,,,,,,,,,,,,,,,,,,,,,,,,,,,,,,,0,,nan,,0,,nan,,0,,nan,,0,,nan,,0,,nan,
284.033509,1778660335.761681,,,,,,,,,,,,,,,,,,,,,,,,,,,,,,,,,,,,,,,,,,,,,,,,,,,,,,,,,,,,,,,,0,,nan,,0,,nan,,0,,nan,,0,,nan,,0,,nan,
284.233433,1778660335.961605,,,,,,,,,,,,,,,,,,,,,,,,,,,,,,,,,,,,,,,,,,,,,,,,,,,,,,,,,,,,,,,,0,,nan,,0,,nan,,0,,nan,,0,,nan,,0,,nan,
284.433524,1778660336.161696,,,,,,,,,,,,,,,,,,,,,,,,,,,,,,,,,,,,,,,,,,,,,,,,,,,,,,,,,,,,,,,,0,,nan,,0,,nan,,0,,nan,,0,,nan,,0,,nan,
284.633435,1778660336.361607,,,,,,,,,,,,,,,,,,,,,,,,,,,,,,,,,,,,,,,,,,,,,,,,,,,,,,,,,,,,,,,,0,,nan,,0,,nan,,0,,nan,,0,,nan,,0,,nan,
284.833458,1778660336.561629,,,,,,,,,,,,,,,,,,,,,,,,,,,,,,,,,,,,,,,,,,,,,,,,,,,,,,,,,,,,,,,,0,,nan,,0,,nan,,0,,nan,,0,,nan,,0,,nan,
285.033464,1778660336.761636,,,,,,,,,,,,,,,,,,,,,,,,,,,,,,,,,,,,,,,,,,,,,,,,,,,,,,,,,,,,,,,,0,,nan,,0,,nan,,0,,nan,,0,,nan,,0,,nan,
285.233614,1778660336.961795,,,,,,,,,,,,,,,,,,,,,,,,,,,,,,,,,,,,,,,,,,,,,,,,,,,,,,,,,,,,,,,,0,,nan,,0,,nan,,0,,nan,,0,,nan,,0,,nan,
285.433469,1778660337.161641,,,,,,,,,,,,,,,,,,,,,,,,,,,,,,,,,,,,,,,,,,,,,,,,,,,,,,,,,,,,,,,,0,,nan,,0,,nan,,0,,nan,,0,,nan,,0,,nan,
285.633462,1778660337.361633,,,,,,,,,,,,,,,,,,,,,,,,,,,,,,,,,,,,,,,,,,,,,,,,,,,,,,,,,,,,,,,,0,,nan,,0,,nan,,0,,nan,,0,,nan,,0,,nan,
285.833436,1778660337.561608,,,,,,,,,,,,,,,,,,,,,,,,,,,,,,,,,,,,,,,,,,,,,,,,,,,,,,,,,,,,,,,,0,,nan,,0,,nan,,0,,nan,,0,,nan,,0,,nan,
286.033457,1778660337.761629,,,,,,,,,,,,,,,,,,,,,,,,,,,,,,,,,,,,,,,,,,,,,,,,,,,,,,,,,,,,,,,,0,,nan,,0,,nan,,0,,nan,,0,,nan,,0,,nan,
286.233512,1778660337.961683,,,,,,,,,,,,,,,,,,,,,,,,,,,,,,,,,,,,,,,,,,,,,,,,,,,,,,,,,,,,,,,,0,,nan,,0,,nan,,0,,nan,,0,,nan,,0,,nan,
286.433444,1778660338.161615,,,,,,,,,,,,,,,,,,,,,,,,,,,,,,,,,,,,,,,,,,,,,,,,,,,,,,,,,,,,,,,,0,,nan,,0,,nan,,0,,nan,,0,,nan,,0,,nan,
286.633456,1778660338.361628,,,,,,,,,,,,,,,,,,,,,,,,,,,,,,,,,,,,,,,,,,,,,,,,,,,,,,,,,,,,,,,,0,,nan,,0,,nan,,0,,nan,,0,,nan,,0,,nan,
286.833501,1778660338.561672,,,,,,,,,,,,,,,,,,,,,,,,,,,,,,,,,,,,,,,,,,,,,,,,,,,,,,,,,,,,,,,,0,,nan,,0,,nan,,0,,nan,,0,,nan,,0,,nan,
287.033464,1778660338.761636,,,,,,,,,,,,,,,,,,,,,,,,,,,,,,,,,,,,,,,,,,,,,,,,,,,,,,,,,,,,,,,,0,,nan,,0,,nan,,0,,nan,,0,,nan,,0,,nan,
287.233503,1778660338.961675,,,,,,,,,,,,,,,,,,,,,,,,,,,,,,,,,,,,,,,,,,,,,,,,,,,,,,,,,,,,,,,,0,,nan,,0,,nan,,0,,nan,,0,,nan,,0,,nan,
287.433507,1778660339.161680,,,,,,,,,,,,,,,,,,,,,,,,,,,,,,,,,,,,,,,,,,,,,,,,,,,,,,,,,,,,,,,,0,,nan,,0,,nan,,0,,nan,,0,,nan,,0,,nan,
287.633432,1778660339.361605,,,,,,,,,,,,,,,,,,,,,,,,,,,,,,,,,,,,,,,,,,,,,,,,,,,,,,,,,,,,,,,,0,,nan,,0,,nan,,0,,nan,,0,,nan,,0,,nan,
287.833470,1778660339.561641,,,,,,,,,,,,,,,,,,,,,,,,,,,,,,,,,,,,,,,,,,,,,,,,,,,,,,,,,,,,,,,,0,,nan,,0,,nan,,0,,nan,,0,,nan,,0,,nan,
288.033465,1778660339.761637,,,,,,,,,,,,,,,,,,,,,,,,,,,,,,,,,,,,,,,,,,,,,,,,,,,,,,,,,,,,,,,,0,,nan,,0,,nan,,0,,nan,,0,,nan,,0,,nan,
288.233457,1778660339.961628,,,,,,,,,,,,,,,,,,,,,,,,,,,,,,,,,,,,,,,,,,,,,,,,,,,,,,,,,,,,,,,,0,,nan,,0,,nan,,0,,nan,,0,,nan,,0,,nan,
288.433461,1778660340.161632,,,,,,,,,,,,,,,,,,,,,,,,,,,,,,,,,,,,,,,,,,,,,,,,,,,,,,,,,,,,,,,,0,,nan,,0,,nan,,0,,nan,,0,,nan,,0,,nan,
288.633462,1778660340.361633,,,,,,,,,,,,,,,,,,,,,,,,,,,,,,,,,,,,,,,,,,,,,,,,,,,,,,,,,,,,,,,,0,,nan,,0,,nan,,0,,nan,,0,,nan,,0,,nan,
288.833600,1778660340.561780,,,,,,,,,,,,,,,,,,,,,,,,,,,,,,,,,,,,,,,,,,,,,,,,,,,,,,,,,,,,,,,,0,,nan,,0,,nan,,0,,nan,,0,,nan,,0,,nan,
289.033533,1778660340.761704,,,,,,,,,,,,,,,,,,,,,,,,,,,,,,,,,,,,,,,,,,,,,,,,,,,,,,,,,,,,,,,,0,,nan,,0,,nan,,0,,nan,,0,,nan,,0,,nan,
289.233458,1778660340.961629,,,,,,,,,,,,,,,,,,,,,,,,,,,,,,,,,,,,,,,,,,,,,,,,,,,,,,,,,,,,,,,,0,,nan,,0,,nan,,0,,nan,,0,,nan,,0,,nan,
289.433459,1778660341.161632,,,,,,,,,,,,,,,,,,,,,,,,,,,,,,,,,,,,,,,,,,,,,,,,,,,,,,,,,,,,,,,,0,,nan,,0,,nan,,0,,nan,,0,,nan,,0,,nan,
289.633455,1778660341.361628,,,,,,,,,,,,,,,,,,,,,,,,,,,,,,,,,,,,,,,,,,,,,,,,,,,,,,,,,,,,,,,,0,,nan,,0,,nan,,0,,nan,,0,,nan,,0,,nan,
289.833452,1778660341.561624,,,,,,,,,,,,,,,,,,,,,,,,,,,,,,,,,,,,,,,,,,,,,,,,,,,,,,,,,,,,,,,,0,,nan,,0,,nan,,0,,nan,,0,,nan,,0,,nan,
290.033436,1778660341.761609,,,,,,,,,,,,,,,,,,,,,,,,,,,,,,,,,,,,,,,,,,,,,,,,,,,,,,,,,,,,,,,,0,,nan,,0,,nan,,0,,nan,,0,,nan,,0,,nan,
290.233470,1778660341.961642,,,,,,,,,,,,,,,,,,,,,,,,,,,,,,,,,,,,,,,,,,,,,,,,,,,,,,,,,,,,,,,,0,,nan,,0,,nan,,0,,nan,,0,,nan,,0,,nan,
290.433439,1778660342.161611,,,,,,,,,,,,,,,,,,,,,,,,,,,,,,,,,,,,,,,,,,,,,,,,,,,,,,,,,,,,,,,,0,,nan,,0,,nan,,0,,nan,,0,,nan,,0,,nan,
290.633501,1778660342.361674,,,,,,,,,,,,,,,,,,,,,,,,,,,,,,,,,,,,,,,,,,,,,,,,,,,,,,,,,,,,,,,,0,,nan,,0,,nan,,0,,nan,,0,,nan,,0,,nan,
290.833440,1778660342.561611,,,,,,,,,,,,,,,,,,,,,,,,,,,,,,,,,,,,,,,,,,,,,,,,,,,,,,,,,,,,,,,,0,,nan,,0,,nan,,0,,nan,,0,,nan,,0,,nan,
291.033466,1778660342.761637,,,,,,,,,,,,,,,,,,,,,,,,,,,,,,,,,,,,,,,,,,,,,,,,,,,,,,,,,,,,,,,,0,,nan,,0,,nan,,0,,nan,,0,,nan,,0,,nan,
291.233436,1778660342.961608,,,,,,,,,,,,,,,,,,,,,,,,,,,,,,,,,,,,,,,,,,,,,,,,,,,,,,,,,,,,,,,,0,,nan,,0,,nan,,0,,nan,,0,,nan,,0,,nan,
291.433483,1778660343.161657,,,,,,,,,,,,,,,,,,,,,,,,,,,,,,,,,,,,,,,,,,,,,,,,,,,,,,,,,,,,,,,,0,,nan,,0,,nan,,0,,nan,,0,,nan,,0,,nan,
291.633467,1778660343.361640,,,,,,,,,,,,,,,,,,,,,,,,,,,,,,,,,,,,,,,,,,,,,,,,,,,,,,,,,,,,,,,,0,,nan,,0,,nan,,0,,nan,,0,,nan,,0,,nan,
291.833477,1778660343.561649,,,,,,,,,,,,,,,,,,,,,,,,,,,,,,,,,,,,,,,,,,,,,,,,,,,,,,,,,,,,,,,,0,,nan,,0,,nan,,0,,nan,,0,,nan,,0,,nan,
292.033465,1778660343.761638,,,,,,,,,,,,,,,,,,,,,,,,,,,,,,,,,,,,,,,,,,,,,,,,,,,,,,,,,,,,,,,,0,,nan,,0,,nan,,0,,nan,,0,,nan,,0,,nan,
292.233445,1778660343.961618,,,,,,,,,,,,,,,,,,,,,,,,,,,,,,,,,,,,,,,,,,,,,,,,,,,,,,,,,,,,,,,,0,,nan,,0,,nan,,0,,nan,,0,,nan,,0,,nan,
292.433440,1778660344.161612,,,,,,,,,,,,,,,,,,,,,,,,,,,,,,,,,,,,,,,,,,,,,,,,,,,,,,,,,,,,,,,,0,,nan,,0,,nan,,0,,nan,,0,,nan,,0,,nan,
292.633442,1778660344.361615,,,,,,,,,,,,,,,,,,,,,,,,,,,,,,,,,,,,,,,,,,,,,,,,,,,,,,,,,,,,,,,,0,,nan,,0,,nan,,0,,nan,,0,,nan,,0,,nan,
292.833480,1778660344.561655,,,,,,,,,,,,,,,,,,,,,,,,,,,,,,,,,,,,,,,,,,,,,,,,,,,,,,,,,,,,,,,,0,,nan,,0,,nan,,0,,nan,,0,,nan,,0,,nan,
293.033449,1778660344.761621,,,,,,,,,,,,,,,,,,,,,,,,,,,,,,,,,,,,,,,,,,,,,,,,,,,,,,,,,,,,,,,,0,,nan,,0,,nan,,0,,nan,,0,,nan,,0,,nan,
293.233464,1778660344.961637,,,,,,,,,,,,,,,,,,,,,,,,,,,,,,,,,,,,,,,,,,,,,,,,,,,,,,,,,,,,,,,,0,,nan,,0,,nan,,0,,nan,,0,,nan,,0,,nan,
293.433459,1778660345.161631,,,,,,,,,,,,,,,,,,,,,,,,,,,,,,,,,,,,,,,,,,,,,,,,,,,,,,,,,,,,,,,,0,,nan,,0,,nan,,0,,nan,,0,,nan,,0,,nan,
293.633456,1778660345.361628,,,,,,,,,,,,,,,,,,,,,,,,,,,,,,,,,,,,,,,,,,,,,,,,,,,,,,,,,,,,,,,,0,,nan,,0,,nan,,0,,nan,,0,,nan,,0,,nan,
293.833458,1778660345.561630,,,,,,,,,,,,,,,,,,,,,,,,,,,,,,,,,,,,,,,,,,,,,,,,,,,,,,,,,,,,,,,,0,,nan,,0,,nan,,0,,nan,,0,,nan,,0,,nan,
294.033555,1778660345.761727,,,,,,,,,,,,,,,,,,,,,,,,,,,,,,,,,,,,,,,,,,,,,,,,,,,,,,,,,,,,,,,,0,,nan,,0,,nan,,0,,nan,,0,,nan,,0,,nan,
294.233444,1778660345.961616,,,,,,,,,,,,,,,,,,,,,,,,,,,,,,,,,,,,,,,,,,,,,,,,,,,,,,,,,,,,,,,,0,,nan,,0,,nan,,0,,nan,,0,,nan,,0,,nan,
294.433518,1778660346.161690,,,,,,,,,,,,,,,,,,,,,,,,,,,,,,,,,,,,,,,,,,,,,,,,,,,,,,,,,,,,,,,,0,,nan,,0,,nan,,0,,nan,,0,,nan,,0,,nan,
294.633602,1778660346.361784,,,,,,,,,,,,,,,,,,,,,,,,,,,,,,,,,,,,,,,,,,,,,,,,,,,,,,,,,,,,,,,,0,,nan,,0,,nan,,0,,nan,,0,,nan,,0,,nan,
294.833463,1778660346.561635,,,,,,,,,,,,,,,,,,,,,,,,,,,,,,,,,,,,,,,,,,,,,,,,,,,,,,,,,,,,,,,,0,,nan,,0,,nan,,0,,nan,,0,,nan,,0,,nan,
295.033463,1778660346.761635,,,,,,,,,,,,,,,,,,,,,,,,,,,,,,,,,,,,,,,,,,,,,,,,,,,,,,,,,,,,,,,,0,,nan,,0,,nan,,0,,nan,,0,,nan,,0,,nan,
295.233462,1778660346.961634,,,,,,,,,,,,,,,,,,,,,,,,,,,,,,,,,,,,,,,,,,,,,,,,,,,,,,,,,,,,,,,,0,,nan,,0,,nan,,0,,nan,,0,,nan,,0,,nan,
295.433463,1778660347.161634,,,,,,,,,,,,,,,,,,,,,,,,,,,,,,,,,,,,,,,,,,,,,,,,,,,,,,,,,,,,,,,,0,,nan,,0,,nan,,0,,nan,,0,,nan,,0,,nan,
295.633517,1778660347.361690,,,,,,,,,,,,,,,,,,,,,,,,,,,,,,,,,,,,,,,,,,,,,,,,,,,,,,,,,,,,,,,,0,,nan,,0,,nan,,0,,nan,,0,,nan,,0,,nan,
295.833490,1778660347.561662,,,,,,,,,,,,,,,,,,,,,,,,,,,,,,,,,,,,,,,,,,,,,,,,,,,,,,,,,,,,,,,,0,,nan,,0,,nan,,0,,nan,,0,,nan,,0,,nan,
296.033468,1778660347.761640,,,,,,,,,,,,,,,,,,,,,,,,,,,,,,,,,,,,,,,,,,,,,,,,,,,,,,,,,,,,,,,,0,,nan,,0,,nan,,0,,nan,,0,,nan,,0,,nan,
296.233464,1778660347.961636,,,,,,,,,,,,,,,,,,,,,,,,,,,,,,,,,,,,,,,,,,,,,,,,,,,,,,,,,,,,,,,,0,,nan,,0,,nan,,0,,nan,,0,,nan,,0,,nan,
296.433528,1778660348.161701,,,,,,,,,,,,,,,,,,,,,,,,,,,,,,,,,,,,,,,,,,,,,,,,,,,,,,,,,,,,,,,,0,,nan,,0,,nan,,0,,nan,,0,,nan,,0,,nan,
296.633463,1778660348.361634,,,,,,,,,,,,,,,,,,,,,,,,,,,,,,,,,,,,,,,,,,,,,,,,,,,,,,,,,,,,,,,,0,,nan,,0,,nan,,0,,nan,,0,,nan,,0,,nan,
296.833460,1778660348.561631,,,,,,,,,,,,,,,,,,,,,,,,,,,,,,,,,,,,,,,,,,,,,,,,,,,,,,,,,,,,,,,,0,,nan,,0,,nan,,0,,nan,,0,,nan,,0,,nan,
297.033454,1778660348.761626,,,,,,,,,,,,,,,,,,,,,,,,,,,,,,,,,,,,,,,,,,,,,,,,,,,,,,,,,,,,,,,,0,,nan,,0,,nan,,0,,nan,,0,,nan,,0,,nan,
297.233434,1778660348.961606,,,,,,,,,,,,,,,,,,,,,,,,,,,,,,,,,,,,,,,,,,,,,,,,,,,,,,,,,,,,,,,,0,,nan,,0,,nan,,0,,nan,,0,,nan,,0,,nan,
297.433448,1778660349.161621,,,,,,,,,,,,,,,,,,,,,,,,,,,,,,,,,,,,,,,,,,,,,,,,,,,,,,,,,,,,,,,,0,,nan,,0,,nan,,0,,nan,,0,,nan,,0,,nan,
297.633803,1778660349.361987,,,,,,,,,,,,,,,,,,,,,,,,,,,,,,,,,,,,,,,,,,,,,,,,,,,,,,,,,,,,,,,,0,,nan,,0,,nan,,0,,nan,,0,,nan,,0,,nan,
297.833943,1778660349.562129,,,,,,,,,,,,,,,,,,,,,,,,,,,,,,,,,,,,,,,,,,,,,,,,,,,,,,,,,,,,,,,,0,,nan,,0,,nan,,0,,nan,,0,,nan,,0,,nan,
298.033839,1778660349.762020,,,,,,,,,,,,,,,,,,,,,,,,,,,,,,,,,,,,,,,,,,,,,,,,,,,,,,,,,,,,,,,,0,,nan,,0,,nan,,0,,nan,,0,,nan,,0,,nan,
298.233870,1778660349.962053,,,,,,,,,,,,,,,,,,,,,,,,,,,,,,,,,,,,,,,,,,,,,,,,,,,,,,,,,,,,,,,,0,,nan,,0,,nan,,0,,nan,,0,,nan,,0,,nan,
298.433836,1778660350.162020,,,,,,,,,,,,,,,,,,,,,,,,,,,,,,,,,,,,,,,,,,,,,,,,,,,,,,,,,,,,,,,,0,,nan,,0,,nan,,0,,nan,,0,,nan,,0,,nan,
298.633589,1778660350.361762,,,,,,,,,,,,,,,,,,,,,,,,,,,,,,,,,,,,,,,,,,,,,,,,,,,,,,,,,,,,,,,,0,,nan,,0,,nan,,0,,nan,,0,,nan,,0,,nan,
298.833531,1778660350.561704,,,,,,,,,,,,,,,,,,,,,,,,,,,,,,,,,,,,,,,,,,,,,,,,,,,,,,,,,,,,,,,,0,,nan,,0,,nan,,0,,nan,,0,,nan,,0,,nan,
299.033542,1778660350.761715,,,,,,,,,,,,,,,,,,,,,,,,,,,,,,,,,,,,,,,,,,,,,,,,,,,,,,,,,,,,,,,,0,,nan,,0,,nan,,0,,nan,,0,,nan,,0,,nan,
299.233520,1778660350.961693,,,,,,,,,,,,,,,,,,,,,,,,,,,,,,,,,,,,,,,,,,,,,,,,,,,,,,,,,,,,,,,,0,,nan,,0,,nan,,0,,nan,,0,,nan,,0,,nan,
299.433562,1778660351.161737,,,,,,,,,,,,,,,,,,,,,,,,,,,,,,,,,,,,,,,,,,,,,,,,,,,,,,,,,,,,,,,,0,,nan,,0,,nan,,0,,nan,,0,,nan,,0,,nan,
299.633545,1778660351.361719,,,,,,,,,,,,,,,,,,,,,,,,,,,,,,,,,,,,,,,,,,,,,,,,,,,,,,,,,,,,,,,,0,,nan,,0,,nan,,0,,nan,,0,,nan,,0,,nan,
299.833561,1778660351.561735,,,,,,,,,,,,,,,,,,,,,,,,,,,,,,,,,,,,,,,,,,,,,,,,,,,,,,,,,,,,,,,,0,,nan,,0,,nan,,0,,nan,,0,,nan,,0,,nan,
300.033543,1778660351.761716,,,,,,,,,,,,,,,,,,,,,,,,,,,,,,,,,,,,,,,,,,,,,,,,,,,,,,,,,,,,,,,,0,,nan,,0,,nan,,0,,nan,,0,,nan,,0,,nan,
300.233541,1778660351.961714,,,,,,,,,,,,,,,,,,,,,,,,,,,,,,,,,,,,,,,,,,,,,,,,,,,,,,,,,,,,,,,,0,,nan,,0,,nan,,0,,nan,,0,,nan,,0,,nan,
300.433460,1778660352.161632,,,,,,,,,,,,,,,,,,,,,,,,,,,,,,,,,,,,,,,,,,,,,,,,,,,,,,,,,,,,,,,,0,,nan,,0,,nan,,0,,nan,,0,,nan,,0,,nan,
300.633458,1778660352.361629,,,,,,,,,,,,,,,,,,,,,,,,,,,,,,,,,,,,,,,,,,,,,,,,,,,,,,,,,,,,,,,,0,,nan,,0,,nan,,0,,nan,,0,,nan,,0,,nan,
300.833529,1778660352.561705,,,,,,,,,,,,,,,,,,,,,,,,,,,,,,,,,,,,,,,,,,,,,,,,,,,,,,,,,,,,,,,,0,,nan,,0,,nan,,0,,nan,,0,,nan,,0,,nan,
301.033687,1778660352.761874,,,,,,,,,,,,,,,,,,,,,,,,,,,,,,,,,,,,,,,,,,,,,,,,,,,,,,,,,,,,,,,,0,,nan,,0,,nan,,0,,nan,,0,,nan,,0,,nan,
301.233443,1778660352.961614,,,,,,,,,,,,,,,,,,,,,,,,,,,,,,,,,,,,,,,,,,,,,,,,,,,,,,,,,,,,,,,,0,,nan,,0,,nan,,0,,nan,,0,,nan,,0,,nan,
301.433441,1778660353.161612,,,,,,,,,,,,,,,,,,,,,,,,,,,,,,,,,,,,,,,,,,,,,,,,,,,,,,,,,,,,,,,,0,,nan,,0,,nan,,0,,nan,,0,,nan,,0,,nan,
301.633471,1778660353.361642,,,,,,,,,,,,,,,,,,,,,,,,,,,,,,,,,,,,,,,,,,,,,,,,,,,,,,,,,,,,,,,,0,,nan,,0,,nan,,0,,nan,,0,,nan,,0,,nan,
301.833486,1778660353.561658,,,,,,,,,,,,,,,,,,,,,,,,,,,,,,,,,,,,,,,,,,,,,,,,,,,,,,,,,,,,,,,,0,,nan,,0,,nan,,0,,nan,,0,,nan,,0,,nan,
302.033530,1778660353.761701,,,,,,,,,,,,,,,,,,,,,,,,,,,,,,,,,,,,,,,,,,,,,,,,,,,,,,,,,,,,,,,,0,,nan,,0,,nan,,0,,nan,,0,,nan,,0,,nan,
302.233477,1778660353.961648,,,,,,,,,,,,,,,,,,,,,,,,,,,,,,,,,,,,,,,,,,,,,,,,,,,,,,,,,,,,,,,,0,,nan,,0,,nan,,0,,nan,,0,,nan,,0,,nan,
302.433446,1778660354.161617,,,,,,,,,,,,,,,,,,,,,,,,,,,,,,,,,,,,,,,,,,,,,,,,,,,,,,,,,,,,,,,,0,,nan,,0,,nan,,0,,nan,,0,,nan,,0,,nan,
302.633425,1778660354.361597,,,,,,,,,,,,,,,,,,,,,,,,,,,,,,,,,,,,,,,,,,,,,,,,,,,,,,,,,,,,,,,,0,,nan,,0,,nan,,0,,nan,,0,,nan,,0,,nan,
302.833495,1778660354.561666,,,,,,,,,,,,,,,,,,,,,,,,,,,,,,,,,,,,,,,,,,,,,,,,,,,,,,,,,,,,,,,,0,,nan,,0,,nan,,0,,nan,,0,,nan,,0,,nan,
303.033466,1778660354.761638,,,,,,,,,,,,,,,,,,,,,,,,,,,,,,,,,,,,,,,,,,,,,,,,,,,,,,,,,,,,,,,,0,,nan,,0,,nan,,0,,nan,,0,,nan,,0,,nan,
303.233511,1778660354.961682,,,,,,,,,,,,,,,,,,,,,,,,,,,,,,,,,,,,,,,,,,,,,,,,,,,,,,,,,,,,,,,,0,,nan,,0,,nan,,0,,nan,,0,,nan,,0,,nan,
303.433463,1778660355.161634,,,,,,,,,,,,,,,,,,,,,,,,,,,,,,,,,,,,,,,,,,,,,,,,,,,,,,,,,,,,,,,,0,,nan,,0,,nan,,0,,nan,,0,,nan,,0,,nan,
303.633463,1778660355.361634,,,,,,,,,,,,,,,,,,,,,,,,,,,,,,,,,,,,,,,,,,,,,,,,,,,,,,,,,,,,,,,,0,,nan,,0,,nan,,0,,nan,,0,,nan,,0,,nan,
303.833447,1778660355.561618,,,,,,,,,,,,,,,,,,,,,,,,,,,,,,,,,,,,,,,,,,,,,,,,,,,,,,,,,,,,,,,,0,,nan,,0,,nan,,0,,nan,,0,,nan,,0,,nan,
304.033439,1778660355.761612,,,,,,,,,,,,,,,,,,,,,,,,,,,,,,,,,,,,,,,,,,,,,,,,,,,,,,,,,,,,,,,,0,,nan,,0,,nan,,0,,nan,,0,,nan,,0,,nan,
304.233500,1778660355.961674,,,,,,,,,,,,,,,,,,,,,,,,,,,,,,,,,,,,,,,,,,,,,,,,,,,,,,,,,,,,,,,,0,,nan,,0,,nan,,0,,nan,,0,,nan,,0,,nan,
304.433441,1778660356.161619,,,,,,,,,,,,,,,,,,,,,,,,,,,,,,,,,,,,,,,,,,,,,,,,,,,,,,,,,,,,,,,,0,,nan,,0,,nan,,0,,nan,,0,,nan,,0,,nan,
304.633463,1778660356.361635,,,,,,,,,,,,,,,,,,,,,,,,,,,,,,,,,,,,,,,,,,,,,,,,,,,,,,,,,,,,,,,,0,,nan,,0,,nan,,0,,nan,,0,,nan,,0,,nan,
304.833465,1778660356.561636,,,,,,,,,,,,,,,,,,,,,,,,,,,,,,,,,,,,,,,,,,,,,,,,,,,,,,,,,,,,,,,,0,,nan,,0,,nan,,0,,nan,,0,,nan,,0,,nan,
305.033465,1778660356.761637,,,,,,,,,,,,,,,,,,,,,,,,,,,,,,,,,,,,,,,,,,,,,,,,,,,,,,,,,,,,,,,,0,,nan,,0,,nan,,0,,nan,,0,,nan,,0,,nan,
305.233459,1778660356.961631,,,,,,,,,,,,,,,,,,,,,,,,,,,,,,,,,,,,,,,,,,,,,,,,,,,,,,,,,,,,,,,,0,,nan,,0,,nan,,0,,nan,,0,,nan,,0,,nan,
305.433461,1778660357.161633,,,,,,,,,,,,,,,,,,,,,,,,,,,,,,,,,,,,,,,,,,,,,,,,,,,,,,,,,,,,,,,,0,,nan,,0,,nan,,0,,nan,,0,,nan,,0,,nan,
305.633541,1778660357.361712,,,,,,,,,,,,,,,,,,,,,,,,,,,,,,,,,,,,,,,,,,,,,,,,,,,,,,,,,,,,,,,,0,,nan,,0,,nan,,0,,nan,,0,,nan,,0,,nan,
305.833445,1778660357.561618,,,,,,,,,,,,,,,,,,,,,,,,,,,,,,,,,,,,,,,,,,,,,,,,,,,,,,,,,,,,,,,,0,,nan,,0,,nan,,0,,nan,,0,,nan,,0,,nan,
306.033455,1778660357.761628,,,,,,,,,,,,,,,,,,,,,,,,,,,,,,,,,,,,,,,,,,,,,,,,,,,,,,,,,,,,,,,,0,,nan,,0,,nan,,0,,nan,,0,,nan,,0,,nan,
306.233515,1778660357.961686,,,,,,,,,,,,,,,,,,,,,,,,,,,,,,,,,,,,,,,,,,,,,,,,,,,,,,,,,,,,,,,,0,,nan,,0,,nan,,0,,nan,,0,,nan,,0,,nan,
306.433463,1778660358.161635,,,,,,,,,,,,,,,,,,,,,,,,,,,,,,,,,,,,,,,,,,,,,,,,,,,,,,,,,,,,,,,,0,,nan,,0,,nan,,0,,nan,,0,,nan,,0,,nan,
306.633439,1778660358.361610,,,,,,,,,,,,,,,,,,,,,,,,,,,,,,,,,,,,,,,,,,,,,,,,,,,,,,,,,,,,,,,,0,,nan,,0,,nan,,0,,nan,,0,,nan,,0,,nan,
306.833452,1778660358.561624,,,,,,,,,,,,,,,,,,,,,,,,,,,,,,,,,,,,,,,,,,,,,,,,,,,,,,,,,,,,,,,,0,,nan,,0,,nan,,0,,nan,,0,,nan,,0,,nan,
307.033453,1778660358.761625,,,,,,,,,,,,,,,,,,,,,,,,,,,,,,,,,,,,,,,,,,,,,,,,,,,,,,,,,,,,,,,,0,,nan,,0,,nan,,0,,nan,,0,,nan,,0,,nan,
307.233519,1778660358.961691,,,,,,,,,,,,,,,,,,,,,,,,,,,,,,,,,,,,,,,,,,,,,,,,,,,,,,,,,,,,,,,,0,,nan,,0,,nan,,0,,nan,,0,,nan,,0,,nan,
307.433477,1778660359.161650,,,,,,,,,,,,,,,,,,,,,,,,,,,,,,,,,,,,,,,,,,,,,,,,,,,,,,,,,,,,,,,,0,,nan,,0,,nan,,0,,nan,,0,,nan,,0,,nan,
307.633451,1778660359.361623,,,,,,,,,,,,,,,,,,,,,,,,,,,,,,,,,,,,,,,,,,,,,,,,,,,,,,,,,,,,,,,,0,,nan,,0,,nan,,0,,nan,,0,,nan,,0,,nan,
307.833443,1778660359.561615,,,,,,,,,,,,,,,,,,,,,,,,,,,,,,,,,,,,,,,,,,,,,,,,,,,,,,,,,,,,,,,,0,,nan,,0,,nan,,0,,nan,,0,,nan,,0,,nan,
308.033607,1778660359.761788,,,,,,,,,,,,,,,,,,,,,,,,,,,,,,,,,,,,,,,,,,,,,,,,,,,,,,,,,,,,,,,,0,,nan,,0,,nan,,0,,nan,,0,,nan,,0,,nan,
308.233437,1778660359.961608,,,,,,,,,,,,,,,,,,,,,,,,,,,,,,,,,,,,,,,,,,,,,,,,,,,,,,,,,,,,,,,,0,,nan,,0,,nan,,0,,nan,,0,,nan,,0,,nan,
308.433457,1778660360.161629,,,,,,,,,,,,,,,,,,,,,,,,,,,,,,,,,,,,,,,,,,,,,,,,,,,,,,,,,,,,,,,,0,,nan,,0,,nan,,0,,nan,,0,,nan,,0,,nan,
308.633528,1778660360.361700,,,,,,,,,,,,,,,,,,,,,,,,,,,,,,,,,,,,,,,,,,,,,,,,,,,,,,,,,,,,,,,,0,,nan,,0,,nan,,0,,nan,,0,,nan,,0,,nan,
308.833486,1778660360.561658,,,,,,,,,,,,,,,,,,,,,,,,,,,,,,,,,,,,,,,,,,,,,,,,,,,,,,,,,,,,,,,,0,,nan,,0,,nan,,0,,nan,,0,,nan,,0,,nan,
309.033538,1778660360.761710,,,,,,,,,,,,,,,,,,,,,,,,,,,,,,,,,,,,,,,,,,,,,,,,,,,,,,,,,,,,,,,,0,,nan,,0,,nan,,0,,nan,,0,,nan,,0,,nan,
309.233435,1778660360.961607,,,,,,,,,,,,,,,,,,,,,,,,,,,,,,,,,,,,,,,,,,,,,,,,,,,,,,,,,,,,,,,,0,,nan,,0,,nan,,0,,nan,,0,,nan,,0,,nan,
309.433492,1778660361.161664,,,,,,,,,,,,,,,,,,,,,,,,,,,,,,,,,,,,,,,,,,,,,,,,,,,,,,,,,,,,,,,,0,,nan,,0,,nan,,0,,nan,,0,,nan,,0,,nan,
309.633439,1778660361.361610,,,,,,,,,,,,,,,,,,,,,,,,,,,,,,,,,,,,,,,,,,,,,,,,,,,,,,,,,,,,,,,,0,,nan,,0,,nan,,0,,nan,,0,,nan,,0,,nan,
309.833445,1778660361.561617,,,,,,,,,,,,,,,,,,,,,,,,,,,,,,,,,,,,,,,,,,,,,,,,,,,,,,,,,,,,,,,,0,,nan,,0,,nan,,0,,nan,,0,,nan,,0,,nan,
310.033465,1778660361.761637,,,,,,,,,,,,,,,,,,,,,,,,,,,,,,,,,,,,,,,,,,,,,,,,,,,,,,,,,,,,,,,,0,,nan,,0,,nan,,0,,nan,,0,,nan,,0,,nan,
310.233546,1778660361.961718,,,,,,,,,,,,,,,,,,,,,,,,,,,,,,,,,,,,,,,,,,,,,,,,,,,,,,,,,,,,,,,,0,,nan,,0,,nan,,0,,nan,,0,,nan,,0,,nan,
310.433454,1778660362.161625,,,,,,,,,,,,,,,,,,,,,,,,,,,,,,,,,,,,,,,,,,,,,,,,,,,,,,,,,,,,,,,,0,,nan,,0,,nan,,0,,nan,,0,,nan,,0,,nan,
310.633463,1778660362.361635,,,,,,,,,,,,,,,,,,,,,,,,,,,,,,,,,,,,,,,,,,,,,,,,,,,,,,,,,,,,,,,,0,,nan,,0,,nan,,0,,nan,,0,,nan,,0,,nan,
310.833467,1778660362.561639,,,,,,,,,,,,,,,,,,,,,,,,,,,,,,,,,,,,,,,,,,,,,,,,,,,,,,,,,,,,,,,,0,,nan,,0,,nan,,0,,nan,,0,,nan,,0,,nan,
311.033469,1778660362.761641,,,,,,,,,,,,,,,,,,,,,,,,,,,,,,,,,,,,,,,,,,,,,,,,,,,,,,,,,,,,,,,,0,,nan,,0,,nan,,0,,nan,,0,,nan,,0,,nan,
311.233457,1778660362.961629,,,,,,,,,,,,,,,,,,,,,,,,,,,,,,,,,,,,,,,,,,,,,,,,,,,,,,,,,,,,,,,,0,,nan,,0,,nan,,0,,nan,,0,,nan,,0,,nan,
311.433438,1778660363.161609,,,,,,,,,,,,,,,,,,,,,,,,,,,,,,,,,,,,,,,,,,,,,,,,,,,,,,,,,,,,,,,,0,,nan,,0,,nan,,0,,nan,,0,,nan,,0,,nan,
311.633439,1778660363.361610,,,,,,,,,,,,,,,,,,,,,,,,,,,,,,,,,,,,,,,,,,,,,,,,,,,,,,,,,,,,,,,,0,,nan,,0,,nan,,0,,nan,,0,,nan,,0,,nan,
311.833536,1778660363.561707,,,,,,,,,,,,,,,,,,,,,,,,,,,,,,,,,,,,,,,,,,,,,,,,,,,,,,,,,,,,,,,,0,,nan,,0,,nan,,0,,nan,,0,,nan,,0,,nan,
312.033466,1778660363.761638,,,,,,,,,,,,,,,,,,,,,,,,,,,,,,,,,,,,,,,,,,,,,,,,,,,,,,,,,,,,,,,,0,,nan,,0,,nan,,0,,nan,,0,,nan,,0,,nan,
312.233483,1778660363.961655,,,,,,,,,,,,,,,,,,,,,,,,,,,,,,,,,,,,,,,,,,,,,,,,,,,,,,,,,,,,,,,,0,,nan,,0,,nan,,0,,nan,,0,,nan,,0,,nan,
312.433480,1778660364.161652,,,,,,,,,,,,,,,,,,,,,,,,,,,,,,,,,,,,,,,,,,,,,,,,,,,,,,,,,,,,,,,,0,,nan,,0,,nan,,0,,nan,,0,,nan,,0,,nan,
312.633460,1778660364.361632,,,,,,,,,,,,,,,,,,,,,,,,,,,,,,,,,,,,,,,,,,,,,,,,,,,,,,,,,,,,,,,,0,,nan,,0,,nan,,0,,nan,,0,,nan,,0,,nan,
312.833619,1778660364.561800,,,,,,,,,,,,,,,,,,,,,,,,,,,,,,,,,,,,,,,,,,,,,,,,,,,,,,,,,,,,,,,,0,,nan,,0,,nan,,0,,nan,,0,,nan,,0,,nan,
313.033452,1778660364.761624,,,,,,,,,,,,,,,,,,,,,,,,,,,,,,,,,,,,,,,,,,,,,,,,,,,,,,,,,,,,,,,,0,,nan,,0,,nan,,0,,nan,,0,,nan,,0,,nan,
313.233438,1778660364.961610,,,,,,,,,,,,,,,,,,,,,,,,,,,,,,,,,,,,,,,,,,,,,,,,,,,,,,,,,,,,,,,,0,,nan,,0,,nan,,0,,nan,,0,,nan,,0,,nan,
313.433442,1778660365.161614,,,,,,,,,,,,,,,,,,,,,,,,,,,,,,,,,,,,,,,,,,,,,,,,,,,,,,,,,,,,,,,,0,,nan,,0,,nan,,0,,nan,,0,,nan,,0,,nan,
313.633445,1778660365.361616,,,,,,,,,,,,,,,,,,,,,,,,,,,,,,,,,,,,,,,,,,,,,,,,,,,,,,,,,,,,,,,,0,,nan,,0,,nan,,0,,nan,,0,,nan,,0,,nan,
313.833455,1778660365.561627,,,,,,,,,,,,,,,,,,,,,,,,,,,,,,,,,,,,,,,,,,,,,,,,,,,,,,,,,,,,,,,,0,,nan,,0,,nan,,0,,nan,,0,,nan,,0,,nan,
314.033484,1778660365.761656,,,,,,,,,,,,,,,,,,,,,,,,,,,,,,,,,,,,,,,,,,,,,,,,,,,,,,,,,,,,,,,,0,,nan,,0,,nan,,0,,nan,,0,,nan,,0,,nan,
314.233442,1778660365.961613,,,,,,,,,,,,,,,,,,,,,,,,,,,,,,,,,,,,,,,,,,,,,,,,,,,,,,,,,,,,,,,,0,,nan,,0,,nan,,0,,nan,,0,,nan,,0,,nan,
314.433438,1778660366.161611,,,,,,,,,,,,,,,,,,,,,,,,,,,,,,,,,,,,,,,,,,,,,,,,,,,,,,,,,,,,,,,,0,,nan,,0,,nan,,0,,nan,,0,,nan,,0,,nan,
314.633453,1778660366.361624,,,,,,,,,,,,,,,,,,,,,,,,,,,,,,,,,,,,,,,,,,,,,,,,,,,,,,,,,,,,,,,,0,,nan,,0,,nan,,0,,nan,,0,,nan,,0,,nan,
314.833439,1778660366.561611,,,,,,,,,,,,,,,,,,,,,,,,,,,,,,,,,,,,,,,,,,,,,,,,,,,,,,,,,,,,,,,,0,,nan,,0,,nan,,0,,nan,,0,,nan,,0,,nan,
315.033442,1778660366.761614,,,,,,,,,,,,,,,,,,,,,,,,,,,,,,,,,,,,,,,,,,,,,,,,,,,,,,,,,,,,,,,,0,,nan,,0,,nan,,0,,nan,,0,,nan,,0,,nan,
315.233463,1778660366.961637,,,,,,,,,,,,,,,,,,,,,,,,,,,,,,,,,,,,,,,,,,,,,,,,,,,,,,,,,,,,,,,,0,,nan,,0,,nan,,0,,nan,,0,,nan,,0,,nan,
315.433469,1778660367.161641,,,,,,,,,,,,,,,,,,,,,,,,,,,,,,,,,,,,,,,,,,,,,,,,,,,,,,,,,,,,,,,,0,,nan,,0,,nan,,0,,nan,,0,,nan,,0,,nan,
315.633462,1778660367.361634,,,,,,,,,,,,,,,,,,,,,,,,,,,,,,,,,,,,,,,,,,,,,,,,,,,,,,,,,,,,,,,,0,,nan,,0,,nan,,0,,nan,,0,,nan,,0,,nan,
315.833459,1778660367.561630,,,,,,,,,,,,,,,,,,,,,,,,,,,,,,,,,,,,,,,,,,,,,,,,,,,,,,,,,,,,,,,,0,,nan,,0,,nan,,0,,nan,,0,,nan,,0,,nan,
316.033449,1778660367.761620,,,,,,,,,,,,,,,,,,,,,,,,,,,,,,,,,,,,,,,,,,,,,,,,,,,,,,,,,,,,,,,,0,,nan,,0,,nan,,0,,nan,,0,,nan,,0,,nan,
316.233433,1778660367.961604,,,,,,,,,,,,,,,,,,,,,,,,,,,,,,,,,,,,,,,,,,,,,,,,,,,,,,,,,,,,,,,,0,,nan,,0,,nan,,0,,nan,,0,,nan,,0,,nan,
316.433443,1778660368.161615,,,,,,,,,,,,,,,,,,,,,,,,,,,,,,,,,,,,,,,,,,,,,,,,,,,,,,,,,,,,,,,,0,,nan,,0,,nan,,0,,nan,,0,,nan,,0,,nan,
316.633451,1778660368.361623,,,,,,,,,,,,,,,,,,,,,,,,,,,,,,,,,,,,,,,,,,,,,,,,,,,,,,,,,,,,,,,,0,,nan,,0,,nan,,0,,nan,,0,,nan,,0,,nan,
316.833442,1778660368.561614,,,,,,,,,,,,,,,,,,,,,,,,,,,,,,,,,,,,,,,,,,,,,,,,,,,,,,,,,,,,,,,,0,,nan,,0,,nan,,0,,nan,,0,,nan,,0,,nan,
317.033557,1778660368.761729,,,,,,,,,,,,,,,,,,,,,,,,,,,,,,,,,,,,,,,,,,,,,,,,,,,,,,,,,,,,,,,,0,,nan,,0,,nan,,0,,nan,,0,,nan,,0,,nan,
317.233480,1778660368.961652,,,,,,,,,,,,,,,,,,,,,,,,,,,,,,,,,,,,,,,,,,,,,,,,,,,,,,,,,,,,,,,,0,,nan,,0,,nan,,0,,nan,,0,,nan,,0,,nan,
317.433468,1778660369.161640,,,,,,,,,,,,,,,,,,,,,,,,,,,,,,,,,,,,,,,,,,,,,,,,,,,,,,,,,,,,,,,,0,,nan,,0,,nan,,0,,nan,,0,,nan,,0,,nan,
317.633448,1778660369.361619,,,,,,,,,,,,,,,,,,,,,,,,,,,,,,,,,,,,,,,,,,,,,,,,,,,,,,,,,,,,,,,,0,,nan,,0,,nan,,0,,nan,,0,,nan,,0,,nan,
317.833436,1778660369.561608,,,,,,,,,,,,,,,,,,,,,,,,,,,,,,,,,,,,,,,,,,,,,,,,,,,,,,,,,,,,,,,,0,,nan,,0,,nan,,0,,nan,,0,,nan,,0,,nan,
318.033444,1778660369.761616,,,,,,,,,,,,,,,,,,,,,,,,,,,,,,,,,,,,,,,,,,,,,,,,,,,,,,,,,,,,,,,,0,,nan,,0,,nan,,0,,nan,,0,,nan,,0,,nan,
318.233485,1778660369.961657,,,,,,,,,,,,,,,,,,,,,,,,,,,,,,,,,,,,,,,,,,,,,,,,,,,,,,,,,,,,,,,,0,,nan,,0,,nan,,0,,nan,,0,,nan,,0,,nan,
318.433455,1778660370.161627,,,,,,,,,,,,,,,,,,,,,,,,,,,,,,,,,,,,,,,,,,,,,,,,,,,,,,,,,,,,,,,,0,,nan,,0,,nan,,0,,nan,,0,,nan,,0,,nan,
318.633451,1778660370.361623,,,,,,,,,,,,,,,,,,,,,,,,,,,,,,,,,,,,,,,,,,,,,,,,,,,,,,,,,,,,,,,,0,,nan,,0,,nan,,0,,nan,,0,,nan,,0,,nan,
318.833517,1778660370.561689,,,,,,,,,,,,,,,,,,,,,,,,,,,,,,,,,,,,,,,,,,,,,,,,,,,,,,,,,,,,,,,,0,,nan,,0,,nan,,0,,nan,,0,,nan,,0,,nan,
319.033462,1778660370.761633,,,,,,,,,,,,,,,,,,,,,,,,,,,,,,,,,,,,,,,,,,,,,,,,,,,,,,,,,,,,,,,,0,,nan,,0,,nan,,0,,nan,,0,,nan,,0,,nan,
319.233443,1778660370.961615,,,,,,,,,,,,,,,,,,,,,,,,,,,,,,,,,,,,,,,,,,,,,,,,,,,,,,,,,,,,,,,,0,,nan,,0,,nan,,0,,nan,,0,,nan,,0,,nan,
319.433517,1778660371.161690,,,,,,,,,,,,,,,,,,,,,,,,,,,,,,,,,,,,,,,,,,,,,,,,,,,,,,,,,,,,,,,,0,,nan,,0,,nan,,0,,nan,,0,,nan,,0,,nan,
319.633503,1778660371.361674,,,,,,,,,,,,,,,,,,,,,,,,,,,,,,,,,,,,,,,,,,,,,,,,,,,,,,,,,,,,,,,,0,,nan,,0,,nan,,0,,nan,,0,,nan,,0,,nan,
319.833441,1778660371.561612,,,,,,,,,,,,,,,,,,,,,,,,,,,,,,,,,,,,,,,,,,,,,,,,,,,,,,,,,,,,,,,,0,,nan,,0,,nan,,0,,nan,,0,,nan,,0,,nan,
320.033477,1778660371.761649,,,,,,,,,,,,,,,,,,,,,,,,,,,,,,,,,,,,,,,,,,,,,,,,,,,,,,,,,,,,,,,,0,,nan,,0,,nan,,0,,nan,,0,,nan,,0,,nan,
320.233463,1778660371.961634,,,,,,,,,,,,,,,,,,,,,,,,,,,,,,,,,,,,,,,,,,,,,,,,,,,,,,,,,,,,,,,,0,,nan,,0,,nan,,0,,nan,,0,,nan,,0,,nan,
320.433507,1778660372.161678,,,,,,,,,,,,,,,,,,,,,,,,,,,,,,,,,,,,,,,,,,,,,,,,,,,,,,,,,,,,,,,,0,,nan,,0,,nan,,0,,nan,,0,,nan,,0,,nan,
320.633460,1778660372.361631,,,,,,,,,,,,,,,,,,,,,,,,,,,,,,,,,,,,,,,,,,,,,,,,,,,,,,,,,,,,,,,,0,,nan,,0,,nan,,0,,nan,,0,,nan,,0,,nan,
320.833456,1778660372.561628,,,,,,,,,,,,,,,,,,,,,,,,,,,,,,,,,,,,,,,,,,,,,,,,,,,,,,,,,,,,,,,,0,,nan,,0,,nan,,0,,nan,,0,,nan,,0,,nan,
321.033462,1778660372.761635,,,,,,,,,,,,,,,,,,,,,,,,,,,,,,,,,,,,,,,,,,,,,,,,,,,,,,,,,,,,,,,,0,,nan,,0,,nan,,0,,nan,,0,,nan,,0,,nan,
321.233433,1778660372.961604,,,,,,,,,,,,,,,,,,,,,,,,,,,,,,,,,,,,,,,,,,,,,,,,,,,,,,,,,,,,,,,,0,,nan,,0,,nan,,0,,nan,,0,,nan,,0,,nan,
321.433433,1778660373.161605,,,,,,,,,,,,,,,,,,,,,,,,,,,,,,,,,,,,,,,,,,,,,,,,,,,,,,,,,,,,,,,,0,,nan,,0,,nan,,0,,nan,,0,,nan,,0,,nan,
321.633505,1778660373.361677,,,,,,,,,,,,,,,,,,,,,,,,,,,,,,,,,,,,,,,,,,,,,,,,,,,,,,,,,,,,,,,,0,,nan,,0,,nan,,0,,nan,,0,,nan,,0,,nan,
321.833463,1778660373.561634,,,,,,,,,,,,,,,,,,,,,,,,,,,,,,,,,,,,,,,,,,,,,,,,,,,,,,,,,,,,,,,,0,,nan,,0,,nan,,0,,nan,,0,,nan,,0,,nan,
322.033473,1778660373.761645,,,,,,,,,,,,,,,,,,,,,,,,,,,,,,,,,,,,,,,,,,,,,,,,,,,,,,,,,,,,,,,,0,,nan,,0,,nan,,0,,nan,,0,,nan,,0,,nan,
322.233476,1778660373.961648,,,,,,,,,,,,,,,,,,,,,,,,,,,,,,,,,,,,,,,,,,,,,,,,,,,,,,,,,,,,,,,,0,,nan,,0,,nan,,0,,nan,,0,,nan,,0,,nan,
322.433460,1778660374.161631,,,,,,,,,,,,,,,,,,,,,,,,,,,,,,,,,,,,,,,,,,,,,,,,,,,,,,,,,,,,,,,,0,,nan,,0,,nan,,0,,nan,,0,,nan,,0,,nan,
322.633613,1778660374.361796,,,,,,,,,,,,,,,,,,,,,,,,,,,,,,,,,,,,,,,,,,,,,,,,,,,,,,,,,,,,,,,,0,,nan,,0,,nan,,0,,nan,,0,,nan,,0,,nan,
322.833453,1778660374.561624,,,,,,,,,,,,,,,,,,,,,,,,,,,,,,,,,,,,,,,,,,,,,,,,,,,,,,,,,,,,,,,,0,,nan,,0,,nan,,0,,nan,,0,,nan,,0,,nan,
323.033442,1778660374.761616,,,,,,,,,,,,,,,,,,,,,,,,,,,,,,,,,,,,,,,,,,,,,,,,,,,,,,,,,,,,,,,,0,,nan,,0,,nan,,0,,nan,,0,,nan,,0,,nan,
323.233437,1778660374.961608,,,,,,,,,,,,,,,,,,,,,,,,,,,,,,,,,,,,,,,,,,,,,,,,,,,,,,,,,,,,,,,,0,,nan,,0,,nan,,0,,nan,,0,,nan,,0,,nan,
323.433484,1778660375.161655,,,,,,,,,,,,,,,,,,,,,,,,,,,,,,,,,,,,,,,,,,,,,,,,,,,,,,,,,,,,,,,,0,,nan,,0,,nan,,0,,nan,,0,,nan,,0,,nan,
323.633452,1778660375.361624,,,,,,,,,,,,,,,,,,,,,,,,,,,,,,,,,,,,,,,,,,,,,,,,,,,,,,,,,,,,,,,,0,,nan,,0,,nan,,0,,nan,,0,,nan,,0,,nan,
323.833459,1778660375.561631,,,,,,,,,,,,,,,,,,,,,,,,,,,,,,,,,,,,,,,,,,,,,,,,,,,,,,,,,,,,,,,,0,,nan,,0,,nan,,0,,nan,,0,,nan,,0,,nan,
324.033463,1778660375.761635,,,,,,,,,,,,,,,,,,,,,,,,,,,,,,,,,,,,,,,,,,,,,,,,,,,,,,,,,,,,,,,,0,,nan,,0,,nan,,0,,nan,,0,,nan,,0,,nan,
324.233429,1778660375.961601,,,,,,,,,,,,,,,,,,,,,,,,,,,,,,,,,,,,,,,,,,,,,,,,,,,,,,,,,,,,,,,,0,,nan,,0,,nan,,0,,nan,,0,,nan,,0,,nan,
324.433499,1778660376.161670,,,,,,,,,,,,,,,,,,,,,,,,,,,,,,,,,,,,,,,,,,,,,,,,,,,,,,,,,,,,,,,,0,,nan,,0,,nan,,0,,nan,,0,,nan,,0,,nan,
324.633482,1778660376.361654,,,,,,,,,,,,,,,,,,,,,,,,,,,,,,,,,,,,,,,,,,,,,,,,,,,,,,,,,,,,,,,,0,,nan,,0,,nan,,0,,nan,,0,,nan,,0,,nan,
324.833557,1778660376.561729,,,,,,,,,,,,,,,,,,,,,,,,,,,,,,,,,,,,,,,,,,,,,,,,,,,,,,,,,,,,,,,,0,,nan,,0,,nan,,0,,nan,,0,,nan,,0,,nan,
325.033463,1778660376.761652,,,,,,,,,,,,,,,,,,,,,,,,,,,,,,,,,,,,,,,,,,,,,,,,,,,,,,,,,,,,,,,,0,,nan,,0,,nan,,0,,nan,,0,,nan,,0,,nan,
325.233513,1778660376.961684,,,,,,,,,,,,,,,,,,,,,,,,,,,,,,,,,,,,,,,,,,,,,,,,,,,,,,,,,,,,,,,,0,,nan,,0,,nan,,0,,nan,,0,,nan,,0,,nan,
325.433444,1778660377.161616,,,,,,,,,,,,,,,,,,,,,,,,,,,,,,,,,,,,,,,,,,,,,,,,,,,,,,,,,,,,,,,,0,,nan,,0,,nan,,0,,nan,,0,,nan,,0,,nan,
325.633518,1778660377.361690,,,,,,,,,,,,,,,,,,,,,,,,,,,,,,,,,,,,,,,,,,,,,,,,,,,,,,,,,,,,,,,,0,,nan,,0,,nan,,0,,nan,,0,,nan,,0,,nan,
325.833431,1778660377.561604,,,,,,,,,,,,,,,,,,,,,,,,,,,,,,,,,,,,,,,,,,,,,,,,,,,,,,,,,,,,,,,,0,,nan,,0,,nan,,0,,nan,,0,,nan,,0,,nan,
326.033531,1778660377.761703,,,,,,,,,,,,,,,,,,,,,,,,,,,,,,,,,,,,,,,,,,,,,,,,,,,,,,,,,,,,,,,,0,,nan,,0,,nan,,0,,nan,,0,,nan,,0,,nan,
326.233446,1778660377.961617,,,,,,,,,,,,,,,,,,,,,,,,,,,,,,,,,,,,,,,,,,,,,,,,,,,,,,,,,,,,,,,,0,,nan,,0,,nan,,0,,nan,,0,,nan,,0,,nan,
326.433444,1778660378.161616,,,,,,,,,,,,,,,,,,,,,,,,,,,,,,,,,,,,,,,,,,,,,,,,,,,,,,,,,,,,,,,,0,,nan,,0,,nan,,0,,nan,,0,,nan,,0,,nan,
326.633462,1778660378.361635,,,,,,,,,,,,,,,,,,,,,,,,,,,,,,,,,,,,,,,,,,,,,,,,,,,,,,,,,,,,,,,,0,,nan,,0,,nan,,0,,nan,,0,,nan,,0,,nan,
326.833441,1778660378.561613,,,,,,,,,,,,,,,,,,,,,,,,,,,,,,,,,,,,,,,,,,,,,,,,,,,,,,,,,,,,,,,,0,,nan,,0,,nan,,0,,nan,,0,,nan,,0,,nan,
327.033465,1778660378.761637,,,,,,,,,,,,,,,,,,,,,,,,,,,,,,,,,,,,,,,,,,,,,,,,,,,,,,,,,,,,,,,,0,,nan,,0,,nan,,0,,nan,,0,,nan,,0,,nan,
327.233509,1778660378.961680,,,,,,,,,,,,,,,,,,,,,,,,,,,,,,,,,,,,,,,,,,,,,,,,,,,,,,,,,,,,,,,,0,,nan,,0,,nan,,0,,nan,,0,,nan,,0,,nan,
327.433492,1778660379.161664,,,,,,,,,,,,,,,,,,,,,,,,,,,,,,,,,,,,,,,,,,,,,,,,,,,,,,,,,,,,,,,,0,,nan,,0,,nan,,0,,nan,,0,,nan,,0,,nan,
327.633434,1778660379.361606,,,,,,,,,,,,,,,,,,,,,,,,,,,,,,,,,,,,,,,,,,,,,,,,,,,,,,,,,,,,,,,,0,,nan,,0,,nan,,0,,nan,,0,,nan,,0,,nan,
327.833519,1778660379.561690,,,,,,,,,,,,,,,,,,,,,,,,,,,,,,,,,,,,,,,,,,,,,,,,,,,,,,,,,,,,,,,,0,,nan,,0,,nan,,0,,nan,,0,,nan,,0,,nan,
328.033499,1778660379.761672,,,,,,,,,,,,,,,,,,,,,,,,,,,,,,,,,,,,,,,,,,,,,,,,,,,,,,,,,,,,,,,,0,,nan,,0,,nan,,0,,nan,,0,,nan,,0,,nan,
328.233469,1778660379.961641,,,,,,,,,,,,,,,,,,,,,,,,,,,,,,,,,,,,,,,,,,,,,,,,,,,,,,,,,,,,,,,,0,,nan,,0,,nan,,0,,nan,,0,,nan,,0,,nan,
328.433486,1778660380.161658,,,,,,,,,,,,,,,,,,,,,,,,,,,,,,,,,,,,,,,,,,,,,,,,,,,,,,,,,,,,,,,,0,,nan,,0,,nan,,0,,nan,,0,,nan,,0,,nan,
328.633457,1778660380.361630,,,,,,,,,,,,,,,,,,,,,,,,,,,,,,,,,,,,,,,,,,,,,,,,,,,,,,,,,,,,,,,,0,,nan,,0,,nan,,0,,nan,,0,,nan,,0,,nan,
328.833473,1778660380.561645,,,,,,,,,,,,,,,,,,,,,,,,,,,,,,,,,,,,,,,,,,,,,,,,,,,,,,,,,,,,,,,,0,,nan,,0,,nan,,0,,nan,,0,,nan,,0,,nan,
329.033433,1778660380.761605,,,,,,,,,,,,,,,,,,,,,,,,,,,,,,,,,,,,,,,,,,,,,,,,,,,,,,,,,,,,,,,,0,,nan,,0,,nan,,0,,nan,,0,,nan,,0,,nan,
329.233463,1778660380.961635,,,,,,,,,,,,,,,,,,,,,,,,,,,,,,,,,,,,,,,,,,,,,,,,,,,,,,,,,,,,,,,,0,,nan,,0,,nan,,0,,nan,,0,,nan,,0,,nan,
329.433458,1778660381.161629,,,,,,,,,,,,,,,,,,,,,,,,,,,,,,,,,,,,,,,,,,,,,,,,,,,,,,,,,,,,,,,,0,,nan,,0,,nan,,0,,nan,,0,,nan,,0,,nan,
329.633471,1778660381.361643,,,,,,,,,,,,,,,,,,,,,,,,,,,,,,,,,,,,,,,,,,,,,,,,,,,,,,,,,,,,,,,,0,,nan,,0,,nan,,0,,nan,,0,,nan,,0,,nan,
329.833464,1778660381.561636,,,,,,,,,,,,,,,,,,,,,,,,,,,,,,,,,,,,,,,,,,,,,,,,,,,,,,,,,,,,,,,,0,,nan,,0,,nan,,0,,nan,,0,,nan,,0,,nan,
330.033468,1778660381.761641,,,,,,,,,,,,,,,,,,,,,,,,,,,,,,,,,,,,,,,,,,,,,,,,,,,,,,,,,,,,,,,,0,,nan,,0,,nan,,0,,nan,,0,,nan,,0,,nan,
330.233464,1778660381.961636,,,,,,,,,,,,,,,,,,,,,,,,,,,,,,,,,,,,,,,,,,,,,,,,,,,,,,,,,,,,,,,,0,,nan,,0,,nan,,0,,nan,,0,,nan,,0,,nan,
330.433474,1778660382.161646,,,,,,,,,,,,,,,,,,,,,,,,,,,,,,,,,,,,,,,,,,,,,,,,,,,,,,,,,,,,,,,,0,,nan,,0,,nan,,0,,nan,,0,,nan,,0,,nan,
330.633439,1778660382.361612,,,,,,,,,,,,,,,,,,,,,,,,,,,,,,,,,,,,,,,,,,,,,,,,,,,,,,,,,,,,,,,,0,,nan,,0,,nan,,0,,nan,,0,,nan,,0,,nan,
330.833449,1778660382.561622,,,,,,,,,,,,,,,,,,,,,,,,,,,,,,,,,,,,,,,,,,,,,,,,,,,,,,,,,,,,,,,,0,,nan,,0,,nan,,0,,nan,,0,,nan,,0,,nan,
331.033443,1778660382.761614,,,,,,,,,,,,,,,,,,,,,,,,,,,,,,,,,,,,,,,,,,,,,,,,,,,,,,,,,,,,,,,,0,,nan,,0,,nan,,0,,nan,,0,,nan,,0,,nan,
331.233475,1778660382.961647,,,,,,,,,,,,,,,,,,,,,,,,,,,,,,,,,,,,,,,,,,,,,,,,,,,,,,,,,,,,,,,,0,,nan,,0,,nan,,0,,nan,,0,,nan,,0,,nan,
331.433454,1778660383.161625,,,,,,,,,,,,,,,,,,,,,,,,,,,,,,,,,,,,,,,,,,,,,,,,,,,,,,,,,,,,,,,,0,,nan,,0,,nan,,0,,nan,,0,,nan,,0,,nan,
331.633459,1778660383.361631,,,,,,,,,,,,,,,,,,,,,,,,,,,,,,,,,,,,,,,,,,,,,,,,,,,,,,,,,,,,,,,,0,,nan,,0,,nan,,0,,nan,,0,,nan,,0,,nan,
331.833447,1778660383.561618,,,,,,,,,,,,,,,,,,,,,,,,,,,,,,,,,,,,,,,,,,,,,,,,,,,,,,,,,,,,,,,,0,,nan,,0,,nan,,0,,nan,,0,,nan,,0,,nan,
332.033440,1778660383.761611,,,,,,,,,,,,,,,,,,,,,,,,,,,,,,,,,,,,,,,,,,,,,,,,,,,,,,,,,,,,,,,,0,,nan,,0,,nan,,0,,nan,,0,,nan,,0,,nan,
332.233524,1778660383.961695,,,,,,,,,,,,,,,,,,,,,,,,,,,,,,,,,,,,,,,,,,,,,,,,,,,,,,,,,,,,,,,,0,,nan,,0,,nan,,0,,nan,,0,,nan,,0,,nan,
332.433437,1778660384.161608,,,,,,,,,,,,,,,,,,,,,,,,,,,,,,,,,,,,,,,,,,,,,,,,,,,,,,,,,,,,,,,,0,,nan,,0,,nan,,0,,nan,,0,,nan,,0,,nan,
332.633465,1778660384.361637,,,,,,,,,,,,,,,,,,,,,,,,,,,,,,,,,,,,,,,,,,,,,,,,,,,,,,,,,,,,,,,,0,,nan,,0,,nan,,0,,nan,,0,,nan,,0,,nan,
332.833472,1778660384.561644,,,,,,,,,,,,,,,,,,,,,,,,,,,,,,,,,,,,,,,,,,,,,,,,,,,,,,,,,,,,,,,,0,,nan,,0,,nan,,0,,nan,,0,,nan,,0,,nan,
333.033455,1778660384.761626,,,,,,,,,,,,,,,,,,,,,,,,,,,,,,,,,,,,,,,,,,,,,,,,,,,,,,,,,,,,,,,,0,,nan,,0,,nan,,0,,nan,,0,,nan,,0,,nan,
333.233464,1778660384.961636,,,,,,,,,,,,,,,,,,,,,,,,,,,,,,,,,,,,,,,,,,,,,,,,,,,,,,,,,,,,,,,,0,,nan,,0,,nan,,0,,nan,,0,,nan,,0,,nan,
333.433454,1778660385.161626,,,,,,,,,,,,,,,,,,,,,,,,,,,,,,,,,,,,,,,,,,,,,,,,,,,,,,,,,,,,,,,,0,,nan,,0,,nan,,0,,nan,,0,,nan,,0,,nan,
333.633435,1778660385.361606,,,,,,,,,,,,,,,,,,,,,,,,,,,,,,,,,,,,,,,,,,,,,,,,,,,,,,,,,,,,,,,,0,,nan,,0,,nan,,0,,nan,,0,,nan,,0,,nan,
333.833512,1778660385.561683,,,,,,,,,,,,,,,,,,,,,,,,,,,,,,,,,,,,,,,,,,,,,,,,,,,,,,,,,,,,,,,,0,,nan,,0,,nan,,0,,nan,,0,,nan,,0,,nan,
334.033465,1778660385.761636,,,,,,,,,,,,,,,,,,,,,,,,,,,,,,,,,,,,,,,,,,,,,,,,,,,,,,,,,,,,,,,,0,,nan,,0,,nan,,0,,nan,,0,,nan,,0,,nan,
334.233499,1778660385.961670,,,,,,,,,,,,,,,,,,,,,,,,,,,,,,,,,,,,,,,,,,,,,,,,,,,,,,,,,,,,,,,,0,,nan,,0,,nan,,0,,nan,,0,,nan,,0,,nan,
334.433600,1778660386.161781,,,,,,,,,,,,,,,,,,,,,,,,,,,,,,,,,,,,,,,,,,,,,,,,,,,,,,,,,,,,,,,,0,,nan,,0,,nan,,0,,nan,,0,,nan,,0,,nan,
334.633463,1778660386.361634,,,,,,,,,,,,,,,,,,,,,,,,,,,,,,,,,,,,,,,,,,,,,,,,,,,,,,,,,,,,,,,,0,,nan,,0,,nan,,0,,nan,,0,,nan,,0,,nan,
334.833468,1778660386.561640,,,,,,,,,,,,,,,,,,,,,,,,,,,,,,,,,,,,,,,,,,,,,,,,,,,,,,,,,,,,,,,,0,,nan,,0,,nan,,0,,nan,,0,,nan,,0,,nan,
335.033450,1778660386.761623,,,,,,,,,,,,,,,,,,,,,,,,,,,,,,,,,,,,,,,,,,,,,,,,,,,,,,,,,,,,,,,,0,,nan,,0,,nan,,0,,nan,,0,,nan,,0,,nan,
335.233605,1778660386.961785,,,,,,,,,,,,,,,,,,,,,,,,,,,,,,,,,,,,,,,,,,,,,,,,,,,,,,,,,,,,,,,,0,,nan,,0,,nan,,0,,nan,,0,,nan,,0,,nan,
335.433488,1778660387.161661,,,,,,,,,,,,,,,,,,,,,,,,,,,,,,,,,,,,,,,,,,,,,,,,,,,,,,,,,,,,,,,,0,,nan,,0,,nan,,0,,nan,,0,,nan,,0,,nan,
335.633463,1778660387.361634,,,,,,,,,,,,,,,,,,,,,,,,,,,,,,,,,,,,,,,,,,,,,,,,,,,,,,,,,,,,,,,,0,,nan,,0,,nan,,0,,nan,,0,,nan,,0,,nan,
335.833532,1778660387.561703,,,,,,,,,,,,,,,,,,,,,,,,,,,,,,,,,,,,,,,,,,,,,,,,,,,,,,,,,,,,,,,,0,,nan,,0,,nan,,0,,nan,,0,,nan,,0,,nan,
336.033470,1778660387.761642,,,,,,,,,,,,,,,,,,,,,,,,,,,,,,,,,,,,,,,,,,,,,,,,,,,,,,,,,,,,,,,,0,,nan,,0,,nan,,0,,nan,,0,,nan,,0,,nan,
336.233436,1778660387.961608,,,,,,,,,,,,,,,,,,,,,,,,,,,,,,,,,,,,,,,,,,,,,,,,,,,,,,,,,,,,,,,,0,,nan,,0,,nan,,0,,nan,,0,,nan,,0,,nan,
336.433701,1778660388.161882,,,,,,,,,,,,,,,,,,,,,,,,,,,,,,,,,,,,,,,,,,,,,,,,,,,,,,,,,,,,,,,,0,,nan,,0,,nan,,0,,nan,,0,,nan,,0,,nan,
336.633445,1778660388.361617,,,,,,,,,,,,,,,,,,,,,,,,,,,,,,,,,,,,,,,,,,,,,,,,,,,,,,,,,,,,,,,,0,,nan,,0,,nan,,0,,nan,,0,,nan,,0,,nan,
336.833492,1778660388.561664,,,,,,,,,,,,,,,,,,,,,,,,,,,,,,,,,,,,,,,,,,,,,,,,,,,,,,,,,,,,,,,,0,,nan,,0,,nan,,0,,nan,,0,,nan,,0,,nan,
337.033449,1778660388.761621,,,,,,,,,,,,,,,,,,,,,,,,,,,,,,,,,,,,,,,,,,,,,,,,,,,,,,,,,,,,,,,,0,,nan,,0,,nan,,0,,nan,,0,,nan,,0,,nan,
337.233492,1778660388.961665,,,,,,,,,,,,,,,,,,,,,,,,,,,,,,,,,,,,,,,,,,,,,,,,,,,,,,,,,,,,,,,,0,,nan,,0,,nan,,0,,nan,,0,,nan,,0,,nan,
337.433545,1778660389.161717,,,,,,,,,,,,,,,,,,,,,,,,,,,,,,,,,,,,,,,,,,,,,,,,,,,,,,,,,,,,,,,,0,,nan,,0,,nan,,0,,nan,,0,,nan,,0,,nan,
337.633478,1778660389.361650,,,,,,,,,,,,,,,,,,,,,,,,,,,,,,,,,,,,,,,,,,,,,,,,,,,,,,,,,,,,,,,,0,,nan,,0,,nan,,0,,nan,,0,,nan,,0,,nan,
337.833453,1778660389.561625,,,,,,,,,,,,,,,,,,,,,,,,,,,,,,,,,,,,,,,,,,,,,,,,,,,,,,,,,,,,,,,,0,,nan,,0,,nan,,0,,nan,,0,,nan,,0,,nan,
338.033437,1778660389.761609,,,,,,,,,,,,,,,,,,,,,,,,,,,,,,,,,,,,,,,,,,,,,,,,,,,,,,,,,,,,,,,,0,,nan,,0,,nan,,0,,nan,,0,,nan,,0,,nan,
338.233537,1778660389.961710,,,,,,,,,,,,,,,,,,,,,,,,,,,,,,,,,,,,,,,,,,,,,,,,,,,,,,,,,,,,,,,,0,,nan,,0,,nan,,0,,nan,,0,,nan,,0,,nan,
338.433466,1778660390.161638,,,,,,,,,,,,,,,,,,,,,,,,,,,,,,,,,,,,,,,,,,,,,,,,,,,,,,,,,,,,,,,,0,,nan,,0,,nan,,0,,nan,,0,,nan,,0,,nan,
338.633452,1778660390.361625,,,,,,,,,,,,,,,,,,,,,,,,,,,,,,,,,,,,,,,,,,,,,,,,,,,,,,,,,,,,,,,,0,,nan,,0,,nan,,0,,nan,,0,,nan,,0,,nan,
338.833469,1778660390.561641,,,,,,,,,,,,,,,,,,,,,,,,,,,,,,,,,,,,,,,,,,,,,,,,,,,,,,,,,,,,,,,,0,,nan,,0,,nan,,0,,nan,,0,,nan,,0,,nan,
339.033473,1778660390.761645,,,,,,,,,,,,,,,,,,,,,,,,,,,,,,,,,,,,,,,,,,,,,,,,,,,,,,,,,,,,,,,,0,,nan,,0,,nan,,0,,nan,,0,,nan,,0,,nan,
339.233490,1778660390.961661,,,,,,,,,,,,,,,,,,,,,,,,,,,,,,,,,,,,,,,,,,,,,,,,,,,,,,,,,,,,,,,,0,,nan,,0,,nan,,0,,nan,,0,,nan,,0,,nan,
339.433689,1778660391.161872,,,,,,,,,,,,,,,,,,,,,,,,,,,,,,,,,,,,,,,,,,,,,,,,,,,,,,,,,,,,,,,,0,,nan,,0,,nan,,0,,nan,,0,,nan,,0,,nan,
339.633446,1778660391.361617,,,,,,,,,,,,,,,,,,,,,,,,,,,,,,,,,,,,,,,,,,,,,,,,,,,,,,,,,,,,,,,,0,,nan,,0,,nan,,0,,nan,,0,,nan,,0,,nan,
339.833448,1778660391.561620,,,,,,,,,,,,,,,,,,,,,,,,,,,,,,,,,,,,,,,,,,,,,,,,,,,,,,,,,,,,,,,,0,,nan,,0,,nan,,0,,nan,,0,,nan,,0,,nan,
340.033622,1778660391.761804,,,,,,,,,,,,,,,,,,,,,,,,,,,,,,,,,,,,,,,,,,,,,,,,,,,,,,,,,,,,,,,,0,,nan,,0,,nan,,0,,nan,,0,,nan,,0,,nan,
340.233494,1778660391.961666,,,,,,,,,,,,,,,,,,,,,,,,,,,,,,,,,,,,,,,,,,,,,,,,,,,,,,,,,,,,,,,,0,,nan,,0,,nan,,0,,nan,,0,,nan,,0,,nan,
340.433465,1778660392.161637,,,,,,,,,,,,,,,,,,,,,,,,,,,,,,,,,,,,,,,,,,,,,,,,,,,,,,,,,,,,,,,,0,,nan,,0,,nan,,0,,nan,,0,,nan,,0,,nan,
340.633441,1778660392.361612,,,,,,,,,,,,,,,,,,,,,,,,,,,,,,,,,,,,,,,,,,,,,,,,,,,,,,,,,,,,,,,,0,,nan,,0,,nan,,0,,nan,,0,,nan,,0,,nan,
340.833461,1778660392.561633,,,,,,,,,,,,,,,,,,,,,,,,,,,,,,,,,,,,,,,,,,,,,,,,,,,,,,,,,,,,,,,,0,,nan,,0,,nan,,0,,nan,,0,,nan,,0,,nan,
341.033454,1778660392.761626,,,,,,,,,,,,,,,,,,,,,,,,,,,,,,,,,,,,,,,,,,,,,,,,,,,,,,,,,,,,,,,,0,,nan,,0,,nan,,0,,nan,,0,,nan,,0,,nan,
341.233457,1778660392.961628,,,,,,,,,,,,,,,,,,,,,,,,,,,,,,,,,,,,,,,,,,,,,,,,,,,,,,,,,,,,,,,,0,,nan,,0,,nan,,0,,nan,,0,,nan,,0,,nan,
341.433444,1778660393.161616,,,,,,,,,,,,,,,,,,,,,,,,,,,,,,,,,,,,,,,,,,,,,,,,,,,,,,,,,,,,,,,,0,,nan,,0,,nan,,0,,nan,,0,,nan,,0,,nan,
341.633456,1778660393.361629,,,,,,,,,,,,,,,,,,,,,,,,,,,,,,,,,,,,,,,,,,,,,,,,,,,,,,,,,,,,,,,,0,,nan,,0,,nan,,0,,nan,,0,,nan,,0,,nan,
341.833439,1778660393.561610,,,,,,,,,,,,,,,,,,,,,,,,,,,,,,,,,,,,,,,,,,,,,,,,,,,,,,,,,,,,,,,,0,,nan,,0,,nan,,0,,nan,,0,,nan,,0,,nan,
342.033443,1778660393.761615,,,,,,,,,,,,,,,,,,,,,,,,,,,,,,,,,,,,,,,,,,,,,,,,,,,,,,,,,,,,,,,,0,,nan,,0,,nan,,0,,nan,,0,,nan,,0,,nan,
342.233436,1778660393.961608,,,,,,,,,,,,,,,,,,,,,,,,,,,,,,,,,,,,,,,,,,,,,,,,,,,,,,,,,,,,,,,,0,,nan,,0,,nan,,0,,nan,,0,,nan,,0,,nan,
342.433507,1778660394.161678,,,,,,,,,,,,,,,,,,,,,,,,,,,,,,,,,,,,,,,,,,,,,,,,,,,,,,,,,,,,,,,,0,,nan,,0,,nan,,0,,nan,,0,,nan,,0,,nan,
342.633467,1778660394.361638,,,,,,,,,,,,,,,,,,,,,,,,,,,,,,,,,,,,,,,,,,,,,,,,,,,,,,,,,,,,,,,,0,,nan,,0,,nan,,0,,nan,,0,,nan,,0,,nan,
342.833527,1778660394.561699,,,,,,,,,,,,,,,,,,,,,,,,,,,,,,,,,,,,,,,,,,,,,,,,,,,,,,,,,,,,,,,,0,,nan,,0,,nan,,0,,nan,,0,,nan,,0,,nan,
343.033449,1778660394.761622,,,,,,,,,,,,,,,,,,,,,,,,,,,,,,,,,,,,,,,,,,,,,,,,,,,,,,,,,,,,,,,,0,,nan,,0,,nan,,0,,nan,,0,,nan,,0,,nan,
343.233451,1778660394.961624,,,,,,,,,,,,,,,,,,,,,,,,,,,,,,,,,,,,,,,,,,,,,,,,,,,,,,,,,,,,,,,,0,,nan,,0,,nan,,0,,nan,,0,,nan,,0,,nan,
343.433490,1778660395.161663,,,,,,,,,,,,,,,,,,,,,,,,,,,,,,,,,,,,,,,,,,,,,,,,,,,,,,,,,,,,,,,,0,,nan,,0,,nan,,0,,nan,,0,,nan,,0,,nan,
343.633462,1778660395.361634,,,,,,,,,,,,,,,,,,,,,,,,,,,,,,,,,,,,,,,,,,,,,,,,,,,,,,,,,,,,,,,,0,,nan,,0,,nan,,0,,nan,,0,,nan,,0,,nan,
343.833467,1778660395.561639,,,,,,,,,,,,,,,,,,,,,,,,,,,,,,,,,,,,,,,,,,,,,,,,,,,,,,,,,,,,,,,,0,,nan,,0,,nan,,0,,nan,,0,,nan,,0,,nan,
344.033464,1778660395.761635,,,,,,,,,,,,,,,,,,,,,,,,,,,,,,,,,,,,,,,,,,,,,,,,,,,,,,,,,,,,,,,,0,,nan,,0,,nan,,0,,nan,,0,,nan,,0,,nan,
344.233456,1778660395.961627,,,,,,,,,,,,,,,,,,,,,,,,,,,,,,,,,,,,,,,,,,,,,,,,,,,,,,,,,,,,,,,,0,,nan,,0,,nan,,0,,nan,,0,,nan,,0,,nan,
344.433501,1778660396.161673,,,,,,,,,,,,,,,,,,,,,,,,,,,,,,,,,,,,,,,,,,,,,,,,,,,,,,,,,,,,,,,,0,,nan,,0,,nan,,0,,nan,,0,,nan,,0,,nan,
344.633422,1778660396.361594,,,,,,,,,,,,,,,,,,,,,,,,,,,,,,,,,,,,,,,,,,,,,,,,,,,,,,,,,,,,,,,,0,,nan,,0,,nan,,0,,nan,,0,,nan,,0,,nan,
344.833437,1778660396.561609,,,,,,,,,,,,,,,,,,,,,,,,,,,,,,,,,,,,,,,,,,,,,,,,,,,,,,,,,,,,,,,,0,,nan,,0,,nan,,0,,nan,,0,,nan,,0,,nan,
345.033470,1778660396.761642,,,,,,,,,,,,,,,,,,,,,,,,,,,,,,,,,,,,,,,,,,,,,,,,,,,,,,,,,,,,,,,,0,,nan,,0,,nan,,0,,nan,,0,,nan,,0,,nan,
345.233459,1778660396.961631,,,,,,,,,,,,,,,,,,,,,,,,,,,,,,,,,,,,,,,,,,,,,,,,,,,,,,,,,,,,,,,,0,,nan,,0,,nan,,0,,nan,,0,,nan,,0,,nan,
345.433469,1778660397.161641,,,,,,,,,,,,,,,,,,,,,,,,,,,,,,,,,,,,,,,,,,,,,,,,,,,,,,,,,,,,,,,,0,,nan,,0,,nan,,0,,nan,,0,,nan,,0,,nan,
345.633435,1778660397.361608,,,,,,,,,,,,,,,,,,,,,,,,,,,,,,,,,,,,,,,,,,,,,,,,,,,,,,,,,,,,,,,,0,,nan,,0,,nan,,0,,nan,,0,,nan,,0,,nan,
345.833463,1778660397.561635,,,,,,,,,,,,,,,,,,,,,,,,,,,,,,,,,,,,,,,,,,,,,,,,,,,,,,,,,,,,,,,,0,,nan,,0,,nan,,0,,nan,,0,,nan,,0,,nan,
346.033543,1778660397.761715,,,,,,,,,,,,,,,,,,,,,,,,,,,,,,,,,,,,,,,,,,,,,,,,,,,,,,,,,,,,,,,,0,,nan,,0,,nan,,0,,nan,,0,,nan,,0,,nan,
346.233495,1778660397.961666,,,,,,,,,,,,,,,,,,,,,,,,,,,,,,,,,,,,,,,,,,,,,,,,,,,,,,,,,,,,,,,,0,,nan,,0,,nan,,0,,nan,,0,,nan,,0,,nan,
346.433526,1778660398.161697,,,,,,,,,,,,,,,,,,,,,,,,,,,,,,,,,,,,,,,,,,,,,,,,,,,,,,,,,,,,,,,,0,,nan,,0,,nan,,0,,nan,,0,,nan,,0,,nan,
346.633463,1778660398.361635,,,,,,,,,,,,,,,,,,,,,,,,,,,,,,,,,,,,,,,,,,,,,,,,,,,,,,,,,,,,,,,,0,,nan,,0,,nan,,0,,nan,,0,,nan,,0,,nan,
346.833525,1778660398.561697,,,,,,,,,,,,,,,,,,,,,,,,,,,,,,,,,,,,,,,,,,,,,,,,,,,,,,,,,,,,,,,,0,,nan,,0,,nan,,0,,nan,,0,,nan,,0,,nan,
347.033466,1778660398.761638,,,,,,,,,,,,,,,,,,,,,,,,,,,,,,,,,,,,,,,,,,,,,,,,,,,,,,,,,,,,,,,,0,,nan,,0,,nan,,0,,nan,,0,,nan,,0,,nan,
347.233525,1778660398.961696,,,,,,,,,,,,,,,,,,,,,,,,,,,,,,,,,,,,,,,,,,,,,,,,,,,,,,,,,,,,,,,,0,,nan,,0,,nan,,0,,nan,,0,,nan,,0,,nan,
347.433482,1778660399.161654,,,,,,,,,,,,,,,,,,,,,,,,,,,,,,,,,,,,,,,,,,,,,,,,,,,,,,,,,,,,,,,,0,,nan,,0,,nan,,0,,nan,,0,,nan,,0,,nan,
347.633498,1778660399.361670,,,,,,,,,,,,,,,,,,,,,,,,,,,,,,,,,,,,,,,,,,,,,,,,,,,,,,,,,,,,,,,,0,,nan,,0,,nan,,0,,nan,,0,,nan,,0,,nan,
347.833492,1778660399.561665,,,,,,,,,,,,,,,,,,,,,,,,,,,,,,,,,,,,,,,,,,,,,,,,,,,,,,,,,,,,,,,,0,,nan,,0,,nan,,0,,nan,,0,,nan,,0,,nan,
348.033471,1778660399.761643,,,,,,,,,,,,,,,,,,,,,,,,,,,,,,,,,,,,,,,,,,,,,,,,,,,,,,,,,,,,,,,,0,,nan,,0,,nan,,0,,nan,,0,,nan,,0,,nan,
348.233560,1778660399.961731,,,,,,,,,,,,,,,,,,,,,,,,,,,,,,,,,,,,,,,,,,,,,,,,,,,,,,,,,,,,,,,,0,,nan,,0,,nan,,0,,nan,,0,,nan,,0,,nan,
348.433449,1778660400.161620,,,,,,,,,,,,,,,,,,,,,,,,,,,,,,,,,,,,,,,,,,,,,,,,,,,,,,,,,,,,,,,,0,,nan,,0,,nan,,0,,nan,,0,,nan,,0,,nan,
348.633515,1778660400.361687,,,,,,,,,,,,,,,,,,,,,,,,,,,,,,,,,,,,,,,,,,,,,,,,,,,,,,,,,,,,,,,,0,,nan,,0,,nan,,0,,nan,,0,,nan,,0,,nan,
348.833476,1778660400.561648,,,,,,,,,,,,,,,,,,,,,,,,,,,,,,,,,,,,,,,,,,,,,,,,,,,,,,,,,,,,,,,,0,,nan,,0,,nan,,0,,nan,,0,,nan,,0,,nan,
349.033485,1778660400.761656,,,,,,,,,,,,,,,,,,,,,,,,,,,,,,,,,,,,,,,,,,,,,,,,,,,,,,,,,,,,,,,,0,,nan,,0,,nan,,0,,nan,,0,,nan,,0,,nan,
349.233446,1778660400.961619,,,,,,,,,,,,,,,,,,,,,,,,,,,,,,,,,,,,,,,,,,,,,,,,,,,,,,,,,,,,,,,,0,,nan,,0,,nan,,0,,nan,,0,,nan,,0,,nan,
349.433462,1778660401.161634,,,,,,,,,,,,,,,,,,,,,,,,,,,,,,,,,,,,,,,,,,,,,,,,,,,,,,,,,,,,,,,,0,,nan,,0,,nan,,0,,nan,,0,,nan,,0,,nan,
349.633533,1778660401.361706,,,,,,,,,,,,,,,,,,,,,,,,,,,,,,,,,,,,,,,,,,,,,,,,,,,,,,,,,,,,,,,,0,,nan,,0,,nan,,0,,nan,,0,,nan,,0,,nan,
349.833470,1778660401.561642,,,,,,,,,,,,,,,,,,,,,,,,,,,,,,,,,,,,,,,,,,,,,,,,,,,,,,,,,,,,,,,,0,,nan,,0,,nan,,0,,nan,,0,,nan,,0,,nan,
350.033818,1778660401.762002,,,,,,,,,,,,,,,,,,,,,,,,,,,,,,,,,,,,,,,,,,,,,,,,,,,,,,,,,,,,,,,,0,,nan,,0,,nan,,0,,nan,,0,,nan,,0,,nan,
350.233538,1778660401.961710,,,,,,,,,,,,,,,,,,,,,,,,,,,,,,,,,,,,,,,,,,,,,,,,,,,,,,,,,,,,,,,,0,,nan,,0,,nan,,0,,nan,,0,,nan,,0,,nan,
350.433538,1778660402.161710,,,,,,,,,,,,,,,,,,,,,,,,,,,,,,,,,,,,,,,,,,,,,,,,,,,,,,,,,,,,,,,,0,,nan,,0,,nan,,0,,nan,,0,,nan,,0,,nan,
350.633554,1778660402.361726,,,,,,,,,,,,,,,,,,,,,,,,,,,,,,,,,,,,,,,,,,,,,,,,,,,,,,,,,,,,,,,,0,,nan,,0,,nan,,0,,nan,,0,,nan,,0,,nan,
350.833476,1778660402.561650,,,,,,,,,,,,,,,,,,,,,,,,,,,,,,,,,,,,,,,,,,,,,,,,,,,,,,,,,,,,,,,,0,,nan,,0,,nan,,0,,nan,,0,,nan,,0,,nan,
351.033478,1778660402.761650,,,,,,,,,,,,,,,,,,,,,,,,,,,,,,,,,,,,,,,,,,,,,,,,,,,,,,,,,,,,,,,,0,,nan,,0,,nan,,0,,nan,,0,,nan,,0,,nan,
351.233441,1778660402.961613,,,,,,,,,,,,,,,,,,,,,,,,,,,,,,,,,,,,,,,,,,,,,,,,,,,,,,,,,,,,,,,,0,,nan,,0,,nan,,0,,nan,,0,,nan,,0,,nan,
351.433469,1778660403.161641,,,,,,,,,,,,,,,,,,,,,,,,,,,,,,,,,,,,,,,,,,,,,,,,,,,,,,,,,,,,,,,,0,,nan,,0,,nan,,0,,nan,,0,,nan,,0,,nan,
351.633699,1778660403.361881,,,,,,,,,,,,,,,,,,,,,,,,,,,,,,,,,,,,,,,,,,,,,,,,,,,,,,,,,,,,,,,,0,,nan,,0,,nan,,0,,nan,,0,,nan,,0,,nan,
351.833488,1778660403.561660,,,,,,,,,,,,,,,,,,,,,,,,,,,,,,,,,,,,,,,,,,,,,,,,,,,,,,,,,,,,,,,,0,,nan,,0,,nan,,0,,nan,,0,,nan,,0,,nan,
352.033470,1778660403.761642,,,,,,,,,,,,,,,,,,,,,,,,,,,,,,,,,,,,,,,,,,,,,,,,,,,,,,,,,,,,,,,,0,,nan,,0,,nan,,0,,nan,,0,,nan,,0,,nan,
352.233450,1778660403.961622,,,,,,,,,,,,,,,,,,,,,,,,,,,,,,,,,,,,,,,,,,,,,,,,,,,,,,,,,,,,,,,,0,,nan,,0,,nan,,0,,nan,,0,,nan,,0,,nan,
352.433450,1778660404.161622,,,,,,,,,,,,,,,,,,,,,,,,,,,,,,,,,,,,,,,,,,,,,,,,,,,,,,,,,,,,,,,,0,,nan,,0,,nan,,0,,nan,,0,,nan,,0,,nan,
352.633445,1778660404.361617,,,,,,,,,,,,,,,,,,,,,,,,,,,,,,,,,,,,,,,,,,,,,,,,,,,,,,,,,,,,,,,,0,,nan,,0,,nan,,0,,nan,,0,,nan,,0,,nan,
352.833627,1778660404.561802,,,,,,,,,,,,,,,,,,,,,,,,,,,,,,,,,,,,,,,,,,,,,,,,,,,,,,,,,,,,,,,,0,,nan,,0,,nan,,0,,nan,,0,,nan,,0,,nan,
353.033453,1778660404.761625,,,,,,,,,,,,,,,,,,,,,,,,,,,,,,,,,,,,,,,,,,,,,,,,,,,,,,,,,,,,,,,,0,,nan,,0,,nan,,0,,nan,,0,,nan,,0,,nan,
353.233529,1778660404.961702,,,,,,,,,,,,,,,,,,,,,,,,,,,,,,,,,,,,,,,,,,,,,,,,,,,,,,,,,,,,,,,,0,,nan,,0,,nan,,0,,nan,,0,,nan,,0,,nan,
353.433577,1778660405.161750,,,,,,,,,,,,,,,,,,,,,,,,,,,,,,,,,,,,,,,,,,,,,,,,,,,,,,,,,,,,,,,,0,,nan,,0,,nan,,0,,nan,,0,,nan,,0,,nan,
353.633610,1778660405.361782,,,,,,,,,,,,,,,,,,,,,,,,,,,,,,,,,,,,,,,,,,,,,,,,,,,,,,,,,,,,,,,,0,,nan,,0,,nan,,0,,nan,,0,,nan,,0,,nan,
353.833476,1778660405.561649,,,,,,,,,,,,,,,,,,,,,,,,,,,,,,,,,,,,,,,,,,,,,,,,,,,,,,,,,,,,,,,,0,,nan,,0,,nan,,0,,nan,,0,,nan,,0,,nan,
354.033484,1778660405.761657,,,,,,,,,,,,,,,,,,,,,,,,,,,,,,,,,,,,,,,,,,,,,,,,,,,,,,,,,,,,,,,,0,,nan,,0,,nan,,0,,nan,,0,,nan,,0,,nan,
354.233518,1778660405.961691,,,,,,,,,,,,,,,,,,,,,,,,,,,,,,,,,,,,,,,,,,,,,,,,,,,,,,,,,,,,,,,,0,,nan,,0,,nan,,0,,nan,,0,,nan,,0,,nan,
354.433435,1778660406.161606,,,,,,,,,,,,,,,,,,,,,,,,,,,,,,,,,,,,,,,,,,,,,,,,,,,,,,,,,,,,,,,,0,,nan,,0,,nan,,0,,nan,,0,,nan,,0,,nan,
354.633448,1778660406.361620,,,,,,,,,,,,,,,,,,,,,,,,,,,,,,,,,,,,,,,,,,,,,,,,,,,,,,,,,,,,,,,,0,,nan,,0,,nan,,0,,nan,,0,,nan,,0,,nan,
354.833528,1778660406.561700,,,,,,,,,,,,,,,,,,,,,,,,,,,,,,,,,,,,,,,,,,,,,,,,,,,,,,,,,,,,,,,,0,,nan,,0,,nan,,0,,nan,,0,,nan,,0,,nan,
355.033433,1778660406.761605,,,,,,,,,,,,,,,,,,,,,,,,,,,,,,,,,,,,,,,,,,,,,,,,,,,,,,,,,,,,,,,,0,,nan,,0,,nan,,0,,nan,,0,,nan,,0,,nan,
355.233541,1778660406.961714,,,,,,,,,,,,,,,,,,,,,,,,,,,,,,,,,,,,,,,,,,,,,,,,,,,,,,,,,,,,,,,,0,,nan,,0,,nan,,0,,nan,,0,,nan,,0,,nan,
355.433463,1778660407.161634,,,,,,,,,,,,,,,,,,,,,,,,,,,,,,,,,,,,,,,,,,,,,,,,,,,,,,,,,,,,,,,,0,,nan,,0,,nan,,0,,nan,,0,,nan,,0,,nan,
355.633449,1778660407.361622,,,,,,,,,,,,,,,,,,,,,,,,,,,,,,,,,,,,,,,,,,,,,,,,,,,,,,,,,,,,,,,,0,,nan,,0,,nan,,0,,nan,,0,,nan,,0,,nan,
355.833463,1778660407.561635,,,,,,,,,,,,,,,,,,,,,,,,,,,,,,,,,,,,,,,,,,,,,,,,,,,,,,,,,,,,,,,,0,,nan,,0,,nan,,0,,nan,,0,,nan,,0,,nan,
356.033473,1778660407.761645,,,,,,,,,,,,,,,,,,,,,,,,,,,,,,,,,,,,,,,,,,,,,,,,,,,,,,,,,,,,,,,,0,,nan,,0,,nan,,0,,nan,,0,,nan,,0,,nan,
356.233445,1778660407.961617,,,,,,,,,,,,,,,,,,,,,,,,,,,,,,,,,,,,,,,,,,,,,,,,,,,,,,,,,,,,,,,,0,,nan,,0,,nan,,0,,nan,,0,,nan,,0,,nan,
356.433500,1778660408.161672,,,,,,,,,,,,,,,,,,,,,,,,,,,,,,,,,,,,,,,,,,,,,,,,,,,,,,,,,,,,,,,,0,,nan,,0,,nan,,0,,nan,,0,,nan,,0,,nan,
356.633532,1778660408.361704,,,,,,,,,,,,,,,,,,,,,,,,,,,,,,,,,,,,,,,,,,,,,,,,,,,,,,,,,,,,,,,,0,,nan,,0,,nan,,0,,nan,,0,,nan,,0,,nan,
356.833445,1778660408.561616,,,,,,,,,,,,,,,,,,,,,,,,,,,,,,,,,,,,,,,,,,,,,,,,,,,,,,,,,,,,,,,,0,,nan,,0,,nan,,0,,nan,,0,,nan,,0,,nan,
357.033478,1778660408.761650,,,,,,,,,,,,,,,,,,,,,,,,,,,,,,,,,,,,,,,,,,,,,,,,,,,,,,,,,,,,,,,,0,,nan,,0,,nan,,0,,nan,,0,,nan,,0,,nan,
357.233528,1778660408.961700,,,,,,,,,,,,,,,,,,,,,,,,,,,,,,,,,,,,,,,,,,,,,,,,,,,,,,,,,,,,,,,,0,,nan,,0,,nan,,0,,nan,,0,,nan,,0,,nan,
357.433455,1778660409.161627,,,,,,,,,,,,,,,,,,,,,,,,,,,,,,,,,,,,,,,,,,,,,,,,,,,,,,,,,,,,,,,,0,,nan,,0,,nan,,0,,nan,,0,,nan,,0,,nan,
357.633459,1778660409.361637,,,,,,,,,,,,,,,,,,,,,,,,,,,,,,,,,,,,,,,,,,,,,,,,,,,,,,,,,,,,,,,,0,,nan,,0,,nan,,0,,nan,,0,,nan,,0,,nan,
357.833456,1778660409.561628,,,,,,,,,,,,,,,,,,,,,,,,,,,,,,,,,,,,,,,,,,,,,,,,,,,,,,,,,,,,,,,,0,,nan,,0,,nan,,0,,nan,,0,,nan,,0,,nan,
358.033520,1778660409.761692,,,,,,,,,,,,,,,,,,,,,,,,,,,,,,,,,,,,,,,,,,,,,,,,,,,,,,,,,,,,,,,,0,,nan,,0,,nan,,0,,nan,,0,,nan,,0,,nan,
358.233457,1778660409.961631,,,,,,,,,,,,,,,,,,,,,,,,,,,,,,,,,,,,,,,,,,,,,,,,,,,,,,,,,,,,,,,,0,,nan,,0,,nan,,0,,nan,,0,,nan,,0,,nan,
358.433565,1778660410.161738,,,,,,,,,,,,,,,,,,,,,,,,,,,,,,,,,,,,,,,,,,,,,,,,,,,,,,,,,,,,,,,,0,,nan,,0,,nan,,0,,nan,,0,,nan,,0,,nan,
358.633452,1778660410.361625,,,,,,,,,,,,,,,,,,,,,,,,,,,,,,,,,,,,,,,,,,,,,,,,,,,,,,,,,,,,,,,,0,,nan,,0,,nan,,0,,nan,,0,,nan,,0,,nan,
358.833545,1778660410.561718,,,,,,,,,,,,,,,,,,,,,,,,,,,,,,,,,,,,,,,,,,,,,,,,,,,,,,,,,,,,,,,,0,,nan,,0,,nan,,0,,nan,,0,,nan,,0,,nan,
359.033444,1778660410.761615,,,,,,,,,,,,,,,,,,,,,,,,,,,,,,,,,,,,,,,,,,,,,,,,,,,,,,,,,,,,,,,,0,,nan,,0,,nan,,0,,nan,,0,,nan,,0,,nan,
359.233443,1778660410.961615,,,,,,,,,,,,,,,,,,,,,,,,,,,,,,,,,,,,,,,,,,,,,,,,,,,,,,,,,,,,,,,,0,,nan,,0,,nan,,0,,nan,,0,,nan,,0,,nan,
359.433482,1778660411.161657,,,,,,,,,,,,,,,,,,,,,,,,,,,,,,,,,,,,,,,,,,,,,,,,,,,,,,,,,,,,,,,,0,,nan,,0,,nan,,0,,nan,,0,,nan,,0,,nan,
359.633479,1778660411.361651,,,,,,,,,,,,,,,,,,,,,,,,,,,,,,,,,,,,,,,,,,,,,,,,,,,,,,,,,,,,,,,,0,,nan,,0,,nan,,0,,nan,,0,,nan,,0,,nan,
359.833439,1778660411.561611,,,,,,,,,,,,,,,,,,,,,,,,,,,,,,,,,,,,,,,,,,,,,,,,,,,,,,,,,,,,,,,,0,,nan,,0,,nan,,0,,nan,,0,,nan,,0,,nan,
360.033540,1778660411.761712,,,,,,,,,,,,,,,,,,,,,,,,,,,,,,,,,,,,,,,,,,,,,,,,,,,,,,,,,,,,,,,,0,,nan,,0,,nan,,0,,nan,,0,,nan,,0,,nan,
360.233512,1778660411.961686,,,,,,,,,,,,,,,,,,,,,,,,,,,,,,,,,,,,,,,,,,,,,,,,,,,,,,,,,,,,,,,,0,,nan,,0,,nan,,0,,nan,,0,,nan,,0,,nan,
360.433456,1778660412.161628,,,,,,,,,,,,,,,,,,,,,,,,,,,,,,,,,,,,,,,,,,,,,,,,,,,,,,,,,,,,,,,,0,,nan,,0,,nan,,0,,nan,,0,,nan,,0,,nan,
360.633440,1778660412.361613,,,,,,,,,,,,,,,,,,,,,,,,,,,,,,,,,,,,,,,,,,,,,,,,,,,,,,,,,,,,,,,,0,,nan,,0,,nan,,0,,nan,,0,,nan,,0,,nan,
360.833523,1778660412.561695,,,,,,,,,,,,,,,,,,,,,,,,,,,,,,,,,,,,,,,,,,,,,,,,,,,,,,,,,,,,,,,,0,,nan,,0,,nan,,0,,nan,,0,,nan,,0,,nan,
361.033526,1778660412.761698,,,,,,,,,,,,,,,,,,,,,,,,,,,,,,,,,,,,,,,,,,,,,,,,,,,,,,,,,,,,,,,,0,,nan,,0,,nan,,0,,nan,,0,,nan,,0,,nan,
361.233450,1778660412.961622,,,,,,,,,,,,,,,,,,,,,,,,,,,,,,,,,,,,,,,,,,,,,,,,,,,,,,,,,,,,,,,,0,,nan,,0,,nan,,0,,nan,,0,,nan,,0,,nan,
361.433442,1778660413.161613,,,,,,,,,,,,,,,,,,,,,,,,,,,,,,,,,,,,,,,,,,,,,,,,,,,,,,,,,,,,,,,,0,,nan,,0,,nan,,0,,nan,,0,,nan,,0,,nan,
361.633625,1778660413.361797,,,,,,,,,,,,,,,,,,,,,,,,,,,,,,,,,,,,,,,,,,,,,,,,,,,,,,,,,,,,,,,,0,,nan,,0,,nan,,0,,nan,,0,,nan,,0,,nan,
361.833520,1778660413.561692,,,,,,,,,,,,,,,,,,,,,,,,,,,,,,,,,,,,,,,,,,,,,,,,,,,,,,,,,,,,,,,,0,,nan,,0,,nan,,0,,nan,,0,,nan,,0,,nan,
362.033461,1778660413.761633,,,,,,,,,,,,,,,,,,,,,,,,,,,,,,,,,,,,,,,,,,,,,,,,,,,,,,,,,,,,,,,,0,,nan,,0,,nan,,0,,nan,,0,,nan,,0,,nan,
362.233464,1778660413.961636,,,,,,,,,,,,,,,,,,,,,,,,,,,,,,,,,,,,,,,,,,,,,,,,,,,,,,,,,,,,,,,,0,,nan,,0,,nan,,0,,nan,,0,,nan,,0,,nan,
362.433479,1778660414.161651,,,,,,,,,,,,,,,,,,,,,,,,,,,,,,,,,,,,,,,,,,,,,,,,,,,,,,,,,,,,,,,,0,,nan,,0,,nan,,0,,nan,,0,,nan,,0,,nan,
362.633553,1778660414.361726,,,,,,,,,,,,,,,,,,,,,,,,,,,,,,,,,,,,,,,,,,,,,,,,,,,,,,,,,,,,,,,,0,,nan,,0,,nan,,0,,nan,,0,,nan,,0,,nan,
362.833628,1778660414.561800,,,,,,,,,,,,,,,,,,,,,,,,,,,,,,,,,,,,,,,,,,,,,,,,,,,,,,,,,,,,,,,,0,,nan,,0,,nan,,0,,nan,,0,,nan,,0,,nan,
363.033469,1778660414.761643,,,,,,,,,,,,,,,,,,,,,,,,,,,,,,,,,,,,,,,,,,,,,,,,,,,,,,,,,,,,,,,,0,,nan,,0,,nan,,0,,nan,,0,,nan,,0,,nan,
363.233451,1778660414.961623,,,,,,,,,,,,,,,,,,,,,,,,,,,,,,,,,,,,,,,,,,,,,,,,,,,,,,,,,,,,,,,,0,,nan,,0,,nan,,0,,nan,,0,,nan,,0,,nan,
363.433430,1778660415.161601,,,,,,,,,,,,,,,,,,,,,,,,,,,,,,,,,,,,,,,,,,,,,,,,,,,,,,,,,,,,,,,,0,,nan,,0,,nan,,0,,nan,,0,,nan,,0,,nan,
363.633444,1778660415.361615,,,,,,,,,,,,,,,,,,,,,,,,,,,,,,,,,,,,,,,,,,,,,,,,,,,,,,,,,,,,,,,,0,,nan,,0,,nan,,0,,nan,,0,,nan,,0,,nan,
363.833467,1778660415.561638,,,,,,,,,,,,,,,,,,,,,,,,,,,,,,,,,,,,,,,,,,,,,,,,,,,,,,,,,,,,,,,,0,,nan,,0,,nan,,0,,nan,,0,,nan,,0,,nan,
364.033496,1778660415.761670,,,,,,,,,,,,,,,,,,,,,,,,,,,,,,,,,,,,,,,,,,,,,,,,,,,,,,,,,,,,,,,,0,,nan,,0,,nan,,0,,nan,,0,,nan,,0,,nan,
364.233431,1778660415.961603,,,,,,,,,,,,,,,,,,,,,,,,,,,,,,,,,,,,,,,,,,,,,,,,,,,,,,,,,,,,,,,,0,,nan,,0,,nan,,0,,nan,,0,,nan,,0,,nan,
364.433652,1778660416.161834,,,,,,,,,,,,,,,,,,,,,,,,,,,,,,,,,,,,,,,,,,,,,,,,,,,,,,,,,,,,,,,,0,,nan,,0,,nan,,0,,nan,,0,,nan,,0,,nan,
364.633472,1778660416.361643,,,,,,,,,,,,,,,,,,,,,,,,,,,,,,,,,,,,,,,,,,,,,,,,,,,,,,,,,,,,,,,,0,,nan,,0,,nan,,0,,nan,,0,,nan,,0,,nan,
364.833440,1778660416.561612,,,,,,,,,,,,,,,,,,,,,,,,,,,,,,,,,,,,,,,,,,,,,,,,,,,,,,,,,,,,,,,,0,,nan,,0,,nan,,0,,nan,,0,,nan,,0,,nan,
365.033854,1778660416.762026,,,,,,,,,,,,,,,,,,,,,,,,,,,,,,,,,,,,,,,,,,,,,,,,,,,,,,,,,,,,,,,,0,,nan,,0,,nan,,0,,nan,,0,,nan,,0,,nan,
365.233471,1778660416.961643,,,,,,,,,,,,,,,,,,,,,,,,,,,,,,,,,,,,,,,,,,,,,,,,,,,,,,,,,,,,,,,,0,,nan,,0,,nan,,0,,nan,,0,,nan,,0,,nan,
365.433471,1778660417.161644,,,,,,,,,,,,,,,,,,,,,,,,,,,,,,,,,,,,,,,,,,,,,,,,,,,,,,,,,,,,,,,,0,,nan,,0,,nan,,0,,nan,,0,,nan,,0,,nan,
365.633445,1778660417.361617,,,,,,,,,,,,,,,,,,,,,,,,,,,,,,,,,,,,,,,,,,,,,,,,,,,,,,,,,,,,,,,,0,,nan,,0,,nan,,0,,nan,,0,,nan,,0,,nan,
365.833497,1778660417.561671,,,,,,,,,,,,,,,,,,,,,,,,,,,,,,,,,,,,,,,,,,,,,,,,,,,,,,,,,,,,,,,,0,,nan,,0,,nan,,0,,nan,,0,,nan,,0,,nan,
366.033537,1778660417.761709,,,,,,,,,,,,,,,,,,,,,,,,,,,,,,,,,,,,,,,,,,,,,,,,,,,,,,,,,,,,,,,,0,,nan,,0,,nan,,0,,nan,,0,,nan,,0,,nan,
366.233481,1778660417.961653,,,,,,,,,,,,,,,,,,,,,,,,,,,,,,,,,,,,,,,,,,,,,,,,,,,,,,,,,,,,,,,,0,,nan,,0,,nan,,0,,nan,,0,,nan,,0,,nan,
366.433450,1778660418.161622,,,,,,,,,,,,,,,,,,,,,,,,,,,,,,,,,,,,,,,,,,,,,,,,,,,,,,,,,,,,,,,,0,,nan,,0,,nan,,0,,nan,,0,,nan,,0,,nan,
366.633615,1778660418.361797,,,,,,,,,,,,,,,,,,,,,,,,,,,,,,,,,,,,,,,,,,,,,,,,,,,,,,,,,,,,,,,,0,,nan,,0,,nan,,0,,nan,,0,,nan,,0,,nan,
366.833610,1778660418.561782,,,,,,,,,,,,,,,,,,,,,,,,,,,,,,,,,,,,,,,,,,,,,,,,,,,,,,,,,,,,,,,,0,,nan,,0,,nan,,0,,nan,,0,,nan,,0,,nan,
367.033540,1778660418.761713,,,,,,,,,,,,,,,,,,,,,,,,,,,,,,,,,,,,,,,,,,,,,,,,,,,,,,,,,,,,,,,,0,,nan,,0,,nan,,0,,nan,,0,,nan,,0,,nan,
367.233407,1778660418.961580,,,,,,,,,,,,,,,,,,,,,,,,,,,,,,,,,,,,,,,,,,,,,,,,,,,,,,,,,,,,,,,,0,,nan,,0,,nan,,0,,nan,,0,,nan,,0,,nan,
367.433440,1778660419.161612,,,,,,,,,,,,,,,,,,,,,,,,,,,,,,,,,,,,,,,,,,,,,,,,,,,,,,,,,,,,,,,,0,,nan,,0,,nan,,0,,nan,,0,,nan,,0,,nan,
367.633522,1778660419.361694,,,,,,,,,,,,,,,,,,,,,,,,,,,,,,,,,,,,,,,,,,,,,,,,,,,,,,,,,,,,,,,,0,,nan,,0,,nan,,0,,nan,,0,,nan,,0,,nan,
367.833551,1778660419.561724,,,,,,,,,,,,,,,,,,,,,,,,,,,,,,,,,,,,,,,,,,,,,,,,,,,,,,,,,,,,,,,,0,,nan,,0,,nan,,0,,nan,,0,,nan,,0,,nan,
368.033437,1778660419.761610,,,,,,,,,,,,,,,,,,,,,,,,,,,,,,,,,,,,,,,,,,,,,,,,,,,,,,,,,,,,,,,,0,,nan,,0,,nan,,0,,nan,,0,,nan,,0,,nan,
368.233485,1778660419.961656,,,,,,,,,,,,,,,,,,,,,,,,,,,,,,,,,,,,,,,,,,,,,,,,,,,,,,,,,,,,,,,,0,,nan,,0,,nan,,0,,nan,,0,,nan,,0,,nan,
368.433505,1778660420.161677,,,,,,,,,,,,,,,,,,,,,,,,,,,,,,,,,,,,,,,,,,,,,,,,,,,,,,,,,,,,,,,,0,,nan,,0,,nan,,0,,nan,,0,,nan,,0,,nan,
368.633456,1778660420.361630,,,,,,,,,,,,,,,,,,,,,,,,,,,,,,,,,,,,,,,,,,,,,,,,,,,,,,,,,,,,,,,,0,,nan,,0,,nan,,0,,nan,,0,,nan,,0,,nan,
368.833462,1778660420.561634,,,,,,,,,,,,,,,,,,,,,,,,,,,,,,,,,,,,,,,,,,,,,,,,,,,,,,,,,,,,,,,,0,,nan,,0,,nan,,0,,nan,,0,,nan,,0,,nan,
369.033583,1778660420.761761,,,,,,,,,,,,,,,,,,,,,,,,,,,,,,,,,,,,,,,,,,,,,,,,,,,,,,,,,,,,,,,,0,,nan,,0,,nan,,0,,nan,,0,,nan,,0,,nan,
369.233560,1778660420.961731,,,,,,,,,,,,,,,,,,,,,,,,,,,,,,,,,,,,,,,,,,,,,,,,,,,,,,,,,,,,,,,,0,,nan,,0,,nan,,0,,nan,,0,,nan,,0,,nan,
369.433444,1778660421.161616,,,,,,,,,,,,,,,,,,,,,,,,,,,,,,,,,,,,,,,,,,,,,,,,,,,,,,,,,,,,,,,,0,,nan,,0,,nan,,0,,nan,,0,,nan,,0,,nan,
369.633483,1778660421.361656,,,,,,,,,,,,,,,,,,,,,,,,,,,,,,,,,,,,,,,,,,,,,,,,,,,,,,,,,,,,,,,,0,,nan,,0,,nan,,0,,nan,,0,,nan,,0,,nan,
369.833830,1778660421.562002,,,,,,,,,,,,,,,,,,,,,,,,,,,,,,,,,,,,,,,,,,,,,,,,,,,,,,,,,,,,,,,,0,,nan,,0,,nan,,0,,nan,,0,,nan,,0,,nan,
370.033576,1778660421.761753,,,,,,,,,,,,,,,,,,,,,,,,,,,,,,,,,,,,,,,,,,,,,,,,,,,,,,,,,,,,,,,,0,,nan,,0,,nan,,0,,nan,,0,,nan,,0,,nan,
370.233505,1778660421.961677,,,,,,,,,,,,,,,,,,,,,,,,,,,,,,,,,,,,,,,,,,,,,,,,,,,,,,,,,,,,,,,,0,,nan,,0,,nan,,0,,nan,,0,,nan,,0,,nan,
370.433631,1778660422.161825,,,,,,,,,,,,,,,,,,,,,,,,,,,,,,,,,,,,,,,,,,,,,,,,,,,,,,,,,,,,,,,,0,,nan,,0,,nan,,0,,nan,,0,,nan,,0,,nan,
370.633509,1778660422.361681,,,,,,,,,,,,,,,,,,,,,,,,,,,,,,,,,,,,,,,,,,,,,,,,,,,,,,,,,,,,,,,,0,,nan,,0,,nan,,0,,nan,,0,,nan,,0,,nan,
370.833457,1778660422.561630,,,,,,,,,,,,,,,,,,,,,,,,,,,,,,,,,,,,,,,,,,,,,,,,,,,,,,,,,,,,,,,,0,,nan,,0,,nan,,0,,nan,,0,,nan,,0,,nan,
371.033469,1778660422.761641,,,,,,,,,,,,,,,,,,,,,,,,,,,,,,,,,,,,,,,,,,,,,,,,,,,,,,,,,,,,,,,,0,,nan,,0,,nan,,0,,nan,,0,,nan,,0,,nan,
371.233439,1778660422.961611,,,,,,,,,,,,,,,,,,,,,,,,,,,,,,,,,,,,,,,,,,,,,,,,,,,,,,,,,,,,,,,,0,,nan,,0,,nan,,0,,nan,,0,,nan,,0,,nan,
371.433456,1778660423.161628,,,,,,,,,,,,,,,,,,,,,,,,,,,,,,,,,,,,,,,,,,,,,,,,,,,,,,,,,,,,,,,,0,,nan,,0,,nan,,0,,nan,,0,,nan,,0,,nan,
371.633449,1778660423.361621,,,,,,,,,,,,,,,,,,,,,,,,,,,,,,,,,,,,,,,,,,,,,,,,,,,,,,,,,,,,,,,,0,,nan,,0,,nan,,0,,nan,,0,,nan,,0,,nan,
371.833440,1778660423.561612,,,,,,,,,,,,,,,,,,,,,,,,,,,,,,,,,,,,,,,,,,,,,,,,,,,,,,,,,,,,,,,,0,,nan,,0,,nan,,0,,nan,,0,,nan,,0,,nan,
372.033535,1778660423.761706,,,,,,,,,,,,,,,,,,,,,,,,,,,,,,,,,,,,,,,,,,,,,,,,,,,,,,,,,,,,,,,,0,,nan,,0,,nan,,0,,nan,,0,,nan,,0,,nan,
372.233447,1778660423.961620,,,,,,,,,,,,,,,,,,,,,,,,,,,,,,,,,,,,,,,,,,,,,,,,,,,,,,,,,,,,,,,,0,,nan,,0,,nan,,0,,nan,,0,,nan,,0,,nan,
372.433821,1778660424.161994,,,,,,,,,,,,,,,,,,,,,,,,,,,,,,,,,,,,,,,,,,,,,,,,,,,,,,,,,,,,,,,,0,,nan,,0,,nan,,0,,nan,,0,,nan,,0,,nan,
372.633552,1778660424.361727,,,,,,,,,,,,,,,,,,,,,,,,,,,,,,,,,,,,,,,,,,,,,,,,,,,,,,,,,,,,,,,,0,,nan,,0,,nan,,0,,nan,,0,,nan,,0,,nan,
372.833568,1778660424.561741,,,,,,,,,,,,,,,,,,,,,,,,,,,,,,,,,,,,,,,,,,,,,,,,,,,,,,,,,,,,,,,,0,,nan,,0,,nan,,0,,nan,,0,,nan,,0,,nan,
373.033564,1778660424.761739,,,,,,,,,,,,,,,,,,,,,,,,,,,,,,,,,,,,,,,,,,,,,,,,,,,,,,,,,,,,,,,,0,,nan,,0,,nan,,0,,nan,,0,,nan,,0,,nan,
373.233563,1778660424.961738,,,,,,,,,,,,,,,,,,,,,,,,,,,,,,,,,,,,,,,,,,,,,,,,,,,,,,,,,,,,,,,,0,,nan,,0,,nan,,0,,nan,,0,,nan,,0,,nan,
373.433547,1778660425.161722,,,,,,,,,,,,,,,,,,,,,,,,,,,,,,,,,,,,,,,,,,,,,,,,,,,,,,,,,,,,,,,,0,,nan,,0,,nan,,0,,nan,,0,,nan,,0,,nan,
373.633549,1778660425.361725,,,,,,,,,,,,,,,,,,,,,,,,,,,,,,,,,,,,,,,,,,,,,,,,,,,,,,,,,,,,,,,,0,,nan,,0,,nan,,0,,nan,,0,,nan,,0,,nan,
373.833568,1778660425.561740,,,,,,,,,,,,,,,,,,,,,,,,,,,,,,,,,,,,,,,,,,,,,,,,,,,,,,,,,,,,,,,,0,,nan,,0,,nan,,0,,nan,,0,,nan,,0,,nan,
374.033551,1778660425.761724,,,,,,,,,,,,,,,,,,,,,,,,,,,,,,,,,,,,,,,,,,,,,,,,,,,,,,,,,,,,,,,,0,,nan,,0,,nan,,0,,nan,,0,,nan,,0,,nan,
374.233539,1778660425.961712,,,,,,,,,,,,,,,,,,,,,,,,,,,,,,,,,,,,,,,,,,,,,,,,,,,,,,,,,,,,,,,,0,,nan,,0,,nan,,0,,nan,,0,,nan,,0,,nan,
374.433573,1778660426.161749,,,,,,,,,,,,,,,,,,,,,,,,,,,,,,,,,,,,,,,,,,,,,,,,,,,,,,,,,,,,,,,,0,,nan,,0,,nan,,0,,nan,,0,,nan,,0,,nan,
374.633516,1778660426.361689,,,,,,,,,,,,,,,,,,,,,,,,,,,,,,,,,,,,,,,,,,,,,,,,,,,,,,,,,,,,,,,,0,,nan,,0,,nan,,0,,nan,,0,,nan,,0,,nan,
374.833591,1778660426.561771,,,,,,,,,,,,,,,,,,,,,,,,,,,,,,,,,,,,,,,,,,,,,,,,,,,,,,,,,,,,,,,,0,,nan,,0,,nan,,0,,nan,,0,,nan,,0,,nan,
375.033535,1778660426.761708,,,,,,,,,,,,,,,,,,,,,,,,,,,,,,,,,,,,,,,,,,,,,,,,,,,,,,,,,,,,,,,,0,,nan,,0,,nan,,0,,nan,,0,,nan,,0,,nan,
375.233567,1778660426.961743,,,,,,,,,,,,,,,,,,,,,,,,,,,,,,,,,,,,,,,,,,,,,,,,,,,,,,,,,,,,,,,,0,,nan,,0,,nan,,0,,nan,,0,,nan,,0,,nan,
375.433519,1778660427.161692,,,,,,,,,,,,,,,,,,,,,,,,,,,,,,,,,,,,,,,,,,,,,,,,,,,,,,,,,,,,,,,,0,,nan,,0,,nan,,0,,nan,,0,,nan,,0,,nan,
375.633721,1778660427.361895,,,,,,,,,,,,,,,,,,,,,,,,,,,,,,,,,,,,,,,,,,,,,,,,,,,,,,,,,,,,,,,,0,,nan,,0,,nan,,0,,nan,,0,,nan,,0,,nan,
375.833547,1778660427.561722,,,,,,,,,,,,,,,,,,,,,,,,,,,,,,,,,,,,,,,,,,,,,,,,,,,,,,,,,,,,,,,,0,,nan,,0,,nan,,0,,nan,,0,,nan,,0,,nan,
376.033551,1778660427.761726,,,,,,,,,,,,,,,,,,,,,,,,,,,,,,,,,,,,,,,,,,,,,,,,,,,,,,,,,,,,,,,,0,,nan,,0,,nan,,0,,nan,,0,,nan,,0,,nan,
376.233530,1778660427.961702,,,,,,,,,,,,,,,,,,,,,,,,,,,,,,,,,,,,,,,,,,,,,,,,,,,,,,,,,,,,,,,,0,,nan,,0,,nan,,0,,nan,,0,,nan,,0,,nan,
376.433459,1778660428.161632,,,,,,,,,,,,,,,,,,,,,,,,,,,,,,,,,,,,,,,,,,,,,,,,,,,,,,,,,,,,,,,,0,,nan,,0,,nan,,0,,nan,,0,,nan,,0,,nan,
376.633513,1778660428.361689,,,,,,,,,,,,,,,,,,,,,,,,,,,,,,,,,,,,,,,,,,,,,,,,,,,,,,,,,,,,,,,,0,,nan,,0,,nan,,0,,nan,,0,,nan,,0,,nan,
376.833514,1778660428.561687,,,,,,,,,,,,,,,,,,,,,,,,,,,,,,,,,,,,,,,,,,,,,,,,,,,,,,,,,,,,,,,,0,,nan,,0,,nan,,0,,nan,,0,,nan,,0,,nan,
377.033449,1778660428.761622,,,,,,,,,,,,,,,,,,,,,,,,,,,,,,,,,,,,,,,,,,,,,,,,,,,,,,,,,,,,,,,,0,,nan,,0,,nan,,0,,nan,,0,,nan,,0,,nan,
377.233463,1778660428.961635,,,,,,,,,,,,,,,,,,,,,,,,,,,,,,,,,,,,,,,,,,,,,,,,,,,,,,,,,,,,,,,,0,,nan,,0,,nan,,0,,nan,,0,,nan,,0,,nan,
377.433501,1778660429.161674,,,,,,,,,,,,,,,,,,,,,,,,,,,,,,,,,,,,,,,,,,,,,,,,,,,,,,,,,,,,,,,,0,,nan,,0,,nan,,0,,nan,,0,,nan,,0,,nan,
377.633494,1778660429.361667,,,,,,,,,,,,,,,,,,,,,,,,,,,,,,,,,,,,,,,,,,,,,,,,,,,,,,,,,,,,,,,,0,,nan,,0,,nan,,0,,nan,,0,,nan,,0,,nan,
377.833458,1778660429.561630,,,,,,,,,,,,,,,,,,,,,,,,,,,,,,,,,,,,,,,,,,,,,,,,,,,,,,,,,,,,,,,,0,,nan,,0,,nan,,0,,nan,,0,,nan,,0,,nan,
378.033467,1778660429.761638,,,,,,,,,,,,,,,,,,,,,,,,,,,,,,,,,,,,,,,,,,,,,,,,,,,,,,,,,,,,,,,,0,,nan,,0,,nan,,0,,nan,,0,,nan,,0,,nan,
378.233458,1778660429.961630,,,,,,,,,,,,,,,,,,,,,,,,,,,,,,,,,,,,,,,,,,,,,,,,,,,,,,,,,,,,,,,,0,,nan,,0,,nan,,0,,nan,,0,,nan,,0,,nan,
378.433475,1778660430.161648,,,,,,,,,,,,,,,,,,,,,,,,,,,,,,,,,,,,,,,,,,,,,,,,,,,,,,,,,,,,,,,,0,,nan,,0,,nan,,0,,nan,,0,,nan,,0,,nan,
378.633445,1778660430.361616,,,,,,,,,,,,,,,,,,,,,,,,,,,,,,,,,,,,,,,,,,,,,,,,,,,,,,,,,,,,,,,,0,,nan,,0,,nan,,0,,nan,,0,,nan,,0,,nan,
378.833629,1778660430.561811,,,,,,,,,,,,,,,,,,,,,,,,,,,,,,,,,,,,,,,,,,,,,,,,,,,,,,,,,,,,,,,,0,,nan,,0,,nan,,0,,nan,,0,,nan,,0,,nan,
379.033467,1778660430.761638,,,,,,,,,,,,,,,,,,,,,,,,,,,,,,,,,,,,,,,,,,,,,,,,,,,,,,,,,,,,,,,,0,,nan,,0,,nan,,0,,nan,,0,,nan,,0,,nan,
379.233444,1778660430.961616,,,,,,,,,,,,,,,,,,,,,,,,,,,,,,,,,,,,,,,,,,,,,,,,,,,,,,,,,,,,,,,,0,,nan,,0,,nan,,0,,nan,,0,,nan,,0,,nan,
379.433521,1778660431.161693,,,,,,,,,,,,,,,,,,,,,,,,,,,,,,,,,,,,,,,,,,,,,,,,,,,,,,,,,,,,,,,,0,,nan,,0,,nan,,0,,nan,,0,,nan,,0,,nan,
379.633495,1778660431.361666,,,,,,,,,,,,,,,,,,,,,,,,,,,,,,,,,,,,,,,,,,,,,,,,,,,,,,,,,,,,,,,,0,,nan,,0,,nan,,0,,nan,,0,,nan,,0,,nan,
379.833532,1778660431.561704,,,,,,,,,,,,,,,,,,,,,,,,,,,,,,,,,,,,,,,,,,,,,,,,,,,,,,,,,,,,,,,,0,,nan,,0,,nan,,0,,nan,,0,,nan,,0,,nan,
380.033440,1778660431.761612,,,,,,,,,,,,,,,,,,,,,,,,,,,,,,,,,,,,,,,,,,,,,,,,,,,,,,,,,,,,,,,,0,,nan,,0,,nan,,0,,nan,,0,,nan,,0,,nan,
380.233470,1778660431.961642,,,,,,,,,,,,,,,,,,,,,,,,,,,,,,,,,,,,,,,,,,,,,,,,,,,,,,,,,,,,,,,,0,,nan,,0,,nan,,0,,nan,,0,,nan,,0,,nan,
380.433444,1778660432.161616,,,,,,,,,,,,,,,,,,,,,,,,,,,,,,,,,,,,,,,,,,,,,,,,,,,,,,,,,,,,,,,,0,,nan,,0,,nan,,0,,nan,,0,,nan,,0,,nan,
380.633466,1778660432.361641,,,,,,,,,,,,,,,,,,,,,,,,,,,,,,,,,,,,,,,,,,,,,,,,,,,,,,,,,,,,,,,,0,,nan,,0,,nan,,0,,nan,,0,,nan,,0,,nan,
380.833449,1778660432.561621,,,,,,,,,,,,,,,,,,,,,,,,,,,,,,,,,,,,,,,,,,,,,,,,,,,,,,,,,,,,,,,,0,,nan,,0,,nan,,0,,nan,,0,,nan,,0,,nan,
381.033515,1778660432.761687,,,,,,,,,,,,,,,,,,,,,,,,,,,,,,,,,,,,,,,,,,,,,,,,,,,,,,,,,,,,,,,,0,,nan,,0,,nan,,0,,nan,,0,,nan,,0,,nan,
381.233483,1778660432.961654,,,,,,,,,,,,,,,,,,,,,,,,,,,,,,,,,,,,,,,,,,,,,,,,,,,,,,,,,,,,,,,,0,,nan,,0,,nan,,0,,nan,,0,,nan,,0,,nan,
381.433511,1778660433.161685,,,,,,,,,,,,,,,,,,,,,,,,,,,,,,,,,,,,,,,,,,,,,,,,,,,,,,,,,,,,,,,,0,,nan,,0,,nan,,0,,nan,,0,,nan,,0,,nan,
381.633478,1778660433.361652,,,,,,,,,,,,,,,,,,,,,,,,,,,,,,,,,,,,,,,,,,,,,,,,,,,,,,,,,,,,,,,,0,,nan,,0,,nan,,0,,nan,,0,,nan,,0,,nan,
381.833440,1778660433.561612,,,,,,,,,,,,,,,,,,,,,,,,,,,,,,,,,,,,,,,,,,,,,,,,,,,,,,,,,,,,,,,,0,,nan,,0,,nan,,0,,nan,,0,,nan,,0,,nan,
382.033464,1778660433.761636,,,,,,,,,,,,,,,,,,,,,,,,,,,,,,,,,,,,,,,,,,,,,,,,,,,,,,,,,,,,,,,,0,,nan,,0,,nan,,0,,nan,,0,,nan,,0,,nan,
382.233440,1778660433.961612,,,,,,,,,,,,,,,,,,,,,,,,,,,,,,,,,,,,,,,,,,,,,,,,,,,,,,,,,,,,,,,,0,,nan,,0,,nan,,0,,nan,,0,,nan,,0,,nan,
382.433514,1778660434.161685,,,,,,,,,,,,,,,,,,,,,,,,,,,,,,,,,,,,,,,,,,,,,,,,,,,,,,,,,,,,,,,,0,,nan,,0,,nan,,0,,nan,,0,,nan,,0,,nan,
382.633440,1778660434.361612,,,,,,,,,,,,,,,,,,,,,,,,,,,,,,,,,,,,,,,,,,,,,,,,,,,,,,,,,,,,,,,,0,,nan,,0,,nan,,0,,nan,,0,,nan,,0,,nan,
382.833585,1778660434.561756,,,,,,,,,,,,,,,,,,,,,,,,,,,,,,,,,,,,,,,,,,,,,,,,,,,,,,,,,,,,,,,,0,,nan,,0,,nan,,0,,nan,,0,,nan,,0,,nan,
383.033611,1778660434.761793,,,,,,,,,,,,,,,,,,,,,,,,,,,,,,,,,,,,,,,,,,,,,,,,,,,,,,,,,,,,,,,,0,,nan,,0,,nan,,0,,nan,,0,,nan,,0,,nan,
383.233513,1778660434.961684,,,,,,,,,,,,,,,,,,,,,,,,,,,,,,,,,,,,,,,,,,,,,,,,,,,,,,,,,,,,,,,,0,,nan,,0,,nan,,0,,nan,,0,,nan,,0,,nan,
383.433455,1778660435.161626,,,,,,,,,,,,,,,,,,,,,,,,,,,,,,,,,,,,,,,,,,,,,,,,,,,,,,,,,,,,,,,,0,,nan,,0,,nan,,0,,nan,,0,,nan,,0,,nan,
383.633485,1778660435.361656,,,,,,,,,,,,,,,,,,,,,,,,,,,,,,,,,,,,,,,,,,,,,,,,,,,,,,,,,,,,,,,,0,,nan,,0,,nan,,0,,nan,,0,,nan,,0,,nan,
383.833461,1778660435.561632,,,,,,,,,,,,,,,,,,,,,,,,,,,,,,,,,,,,,,,,,,,,,,,,,,,,,,,,,,,,,,,,0,,nan,,0,,nan,,0,,nan,,0,,nan,,0,,nan,
384.033441,1778660435.761612,,,,,,,,,,,,,,,,,,,,,,,,,,,,,,,,,,,,,,,,,,,,,,,,,,,,,,,,,,,,,,,,0,,nan,,0,,nan,,0,,nan,,0,,nan,,0,,nan,
384.233586,1778660435.961782,,,,,,,,,,,,,,,,,,,,,,,,,,,,,,,,,,,,,,,,,,,,,,,,,,,,,,,,,,,,,,,,0,,nan,,0,,nan,,0,,nan,,0,,nan,,0,,nan,
384.433439,1778660436.161612,,,,,,,,,,,,,,,,,,,,,,,,,,,,,,,,,,,,,,,,,,,,,,,,,,,,,,,,,,,,,,,,0,,nan,,0,,nan,,0,,nan,,0,,nan,,0,,nan,
384.633448,1778660436.361620,,,,,,,,,,,,,,,,,,,,,,,,,,,,,,,,,,,,,,,,,,,,,,,,,,,,,,,,,,,,,,,,0,,nan,,0,,nan,,0,,nan,,0,,nan,,0,,nan,
384.833495,1778660436.561667,,,,,,,,,,,,,,,,,,,,,,,,,,,,,,,,,,,,,,,,,,,,,,,,,,,,,,,,,,,,,,,,0,,nan,,0,,nan,,0,,nan,,0,,nan,,0,,nan,
385.033457,1778660436.761629,,,,,,,,,,,,,,,,,,,,,,,,,,,,,,,,,,,,,,,,,,,,,,,,,,,,,,,,,,,,,,,,0,,nan,,0,,nan,,0,,nan,,0,,nan,,0,,nan,
385.233465,1778660436.961638,,,,,,,,,,,,,,,,,,,,,,,,,,,,,,,,,,,,,,,,,,,,,,,,,,,,,,,,,,,,,,,,0,,nan,,0,,nan,,0,,nan,,0,,nan,,0,,nan,
385.433454,1778660437.161626,,,,,,,,,,,,,,,,,,,,,,,,,,,,,,,,,,,,,,,,,,,,,,,,,,,,,,,,,,,,,,,,0,,nan,,0,,nan,,0,,nan,,0,,nan,,0,,nan,
385.633459,1778660437.361631,,,,,,,,,,,,,,,,,,,,,,,,,,,,,,,,,,,,,,,,,,,,,,,,,,,,,,,,,,,,,,,,0,,nan,,0,,nan,,0,,nan,,0,,nan,,0,,nan,
385.833467,1778660437.561639,,,,,,,,,,,,,,,,,,,,,,,,,,,,,,,,,,,,,,,,,,,,,,,,,,,,,,,,,,,,,,,,0,,nan,,0,,nan,,0,,nan,,0,,nan,,0,,nan,
386.033458,1778660437.761631,,,,,,,,,,,,,,,,,,,,,,,,,,,,,,,,,,,,,,,,,,,,,,,,,,,,,,,,,,,,,,,,0,,nan,,0,,nan,,0,,nan,,0,,nan,,0,,nan,
386.233621,1778660437.961803,,,,,,,,,,,,,,,,,,,,,,,,,,,,,,,,,,,,,,,,,,,,,,,,,,,,,,,,,,,,,,,,0,,nan,,0,,nan,,0,,nan,,0,,nan,,0,,nan,
386.433456,1778660438.161628,,,,,,,,,,,,,,,,,,,,,,,,,,,,,,,,,,,,,,,,,,,,,,,,,,,,,,,,,,,,,,,,0,,nan,,0,,nan,,0,,nan,,0,,nan,,0,,nan,
386.633449,1778660438.361623,,,,,,,,,,,,,,,,,,,,,,,,,,,,,,,,,,,,,,,,,,,,,,,,,,,,,,,,,,,,,,,,0,,nan,,0,,nan,,0,,nan,,0,,nan,,0,,nan,
386.833435,1778660438.561606,,,,,,,,,,,,,,,,,,,,,,,,,,,,,,,,,,,,,,,,,,,,,,,,,,,,,,,,,,,,,,,,0,,nan,,0,,nan,,0,,nan,,0,,nan,,0,,nan,
387.033461,1778660438.761633,,,,,,,,,,,,,,,,,,,,,,,,,,,,,,,,,,,,,,,,,,,,,,,,,,,,,,,,,,,,,,,,0,,nan,,0,,nan,,0,,nan,,0,,nan,,0,,nan,
387.233495,1778660438.961667,,,,,,,,,,,,,,,,,,,,,,,,,,,,,,,,,,,,,,,,,,,,,,,,,,,,,,,,,,,,,,,,0,,nan,,0,,nan,,0,,nan,,0,,nan,,0,,nan,
387.433454,1778660439.161626,,,,,,,,,,,,,,,,,,,,,,,,,,,,,,,,,,,,,,,,,,,,,,,,,,,,,,,,,,,,,,,,0,,nan,,0,,nan,,0,,nan,,0,,nan,,0,,nan,
387.633467,1778660439.361639,,,,,,,,,,,,,,,,,,,,,,,,,,,,,,,,,,,,,,,,,,,,,,,,,,,,,,,,,,,,,,,,0,,nan,,0,,nan,,0,,nan,,0,,nan,,0,,nan,
387.833442,1778660439.561615,,,,,,,,,,,,,,,,,,,,,,,,,,,,,,,,,,,,,,,,,,,,,,,,,,,,,,,,,,,,,,,,0,,nan,,0,,nan,,0,,nan,,0,,nan,,0,,nan,
388.033452,1778660439.761624,,,,,,,,,,,,,,,,,,,,,,,,,,,,,,,,,,,,,,,,,,,,,,,,,,,,,,,,,,,,,,,,0,,nan,,0,,nan,,0,,nan,,0,,nan,,0,,nan,
388.233474,1778660439.961646,,,,,,,,,,,,,,,,,,,,,,,,,,,,,,,,,,,,,,,,,,,,,,,,,,,,,,,,,,,,,,,,0,,nan,,0,,nan,,0,,nan,,0,,nan,,0,,nan,
388.433439,1778660440.161611,,,,,,,,,,,,,,,,,,,,,,,,,,,,,,,,,,,,,,,,,,,,,,,,,,,,,,,,,,,,,,,,0,,nan,,0,,nan,,0,,nan,,0,,nan,,0,,nan,
388.633450,1778660440.361622,,,,,,,,,,,,,,,,,,,,,,,,,,,,,,,,,,,,,,,,,,,,,,,,,,,,,,,,,,,,,,,,0,,nan,,0,,nan,,0,,nan,,0,,nan,,0,,nan,
388.833457,1778660440.561632,,,,,,,,,,,,,,,,,,,,,,,,,,,,,,,,,,,,,,,,,,,,,,,,,,,,,,,,,,,,,,,,0,,nan,,0,,nan,,0,,nan,,0,,nan,,0,,nan,
389.033488,1778660440.761661,,,,,,,,,,,,,,,,,,,,,,,,,,,,,,,,,,,,,,,,,,,,,,,,,,,,,,,,,,,,,,,,0,,nan,,0,,nan,,0,,nan,,0,,nan,,0,,nan,
389.233471,1778660440.961642,,,,,,,,,,,,,,,,,,,,,,,,,,,,,,,,,,,,,,,,,,,,,,,,,,,,,,,,,,,,,,,,0,,nan,,0,,nan,,0,,nan,,0,,nan,,0,,nan,
389.433461,1778660441.161632,,,,,,,,,,,,,,,,,,,,,,,,,,,,,,,,,,,,,,,,,,,,,,,,,,,,,,,,,,,,,,,,0,,nan,,0,,nan,,0,,nan,,0,,nan,,0,,nan,
389.633469,1778660441.361641,,,,,,,,,,,,,,,,,,,,,,,,,,,,,,,,,,,,,,,,,,,,,,,,,,,,,,,,,,,,,,,,0,,nan,,0,,nan,,0,,nan,,0,,nan,,0,,nan,
389.833443,1778660441.561616,,,,,,,,,,,,,,,,,,,,,,,,,,,,,,,,,,,,,,,,,,,,,,,,,,,,,,,,,,,,,,,,0,,nan,,0,,nan,,0,,nan,,0,,nan,,0,,nan,
390.033462,1778660441.761635,,,,,,,,,,,,,,,,,,,,,,,,,,,,,,,,,,,,,,,,,,,,,,,,,,,,,,,,,,,,,,,,0,,nan,,0,,nan,,0,,nan,,0,,nan,,0,,nan,
390.233506,1778660441.961678,,,,,,,,,,,,,,,,,,,,,,,,,,,,,,,,,,,,,,,,,,,,,,,,,,,,,,,,,,,,,,,,0,,nan,,0,,nan,,0,,nan,,0,,nan,,0,,nan,
390.433520,1778660442.161692,,,,,,,,,,,,,,,,,,,,,,,,,,,,,,,,,,,,,,,,,,,,,,,,,,,,,,,,,,,,,,,,0,,nan,,0,,nan,,0,,nan,,0,,nan,,0,,nan,
390.633456,1778660442.361629,,,,,,,,,,,,,,,,,,,,,,,,,,,,,,,,,,,,,,,,,,,,,,,,,,,,,,,,,,,,,,,,0,,nan,,0,,nan,,0,,nan,,0,,nan,,0,,nan,
390.833531,1778660442.561709,,,,,,,,,,,,,,,,,,,,,,,,,,,,,,,,,,,,,,,,,,,,,,,,,,,,,,,,,,,,,,,,0,,nan,,0,,nan,,0,,nan,,0,,nan,,0,,nan,
391.033452,1778660442.761625,,,,,,,,,,,,,,,,,,,,,,,,,,,,,,,,,,,,,,,,,,,,,,,,,,,,,,,,,,,,,,,,0,,nan,,0,,nan,,0,,nan,,0,,nan,,0,,nan,
391.233580,1778660442.961752,,,,,,,,,,,,,,,,,,,,,,,,,,,,,,,,,,,,,,,,,,,,,,,,,,,,,,,,,,,,,,,,0,,nan,,0,,nan,,0,,nan,,0,,nan,,0,,nan,
391.433446,1778660443.161619,,,,,,,,,,,,,,,,,,,,,,,,,,,,,,,,,,,,,,,,,,,,,,,,,,,,,,,,,,,,,,,,0,,nan,,0,,nan,,0,,nan,,0,,nan,,0,,nan,
391.633521,1778660443.361698,,,,,,,,,,,,,,,,,,,,,,,,,,,,,,,,,,,,,,,,,,,,,,,,,,,,,,,,,,,,,,,,0,,nan,,0,,nan,,0,,nan,,0,,nan,,0,,nan,
391.833470,1778660443.561641,,,,,,,,,,,,,,,,,,,,,,,,,,,,,,,,,,,,,,,,,,,,,,,,,,,,,,,,,,,,,,,,0,,nan,,0,,nan,,0,,nan,,0,,nan,,0,,nan,
392.033488,1778660443.761661,,,,,,,,,,,,,,,,,,,,,,,,,,,,,,,,,,,,,,,,,,,,,,,,,,,,,,,,,,,,,,,,0,,nan,,0,,nan,,0,,nan,,0,,nan,,0,,nan,
392.233584,1778660443.961768,,,,,,,,,,,,,,,,,,,,,,,,,,,,,,,,,,,,,,,,,,,,,,,,,,,,,,,,,,,,,,,,0,,nan,,0,,nan,,0,,nan,,0,,nan,,0,,nan,
392.433461,1778660444.161634,,,,,,,,,,,,,,,,,,,,,,,,,,,,,,,,,,,,,,,,,,,,,,,,,,,,,,,,,,,,,,,,0,,nan,,0,,nan,,0,,nan,,0,,nan,,0,,nan,
392.633480,1778660444.361655,,,,,,,,,,,,,,,,,,,,,,,,,,,,,,,,,,,,,,,,,,,,,,,,,,,,,,,,,,,,,,,,0,,nan,,0,,nan,,0,,nan,,0,,nan,,0,,nan,
392.833536,1778660444.561708,,,,,,,,,,,,,,,,,,,,,,,,,,,,,,,,,,,,,,,,,,,,,,,,,,,,,,,,,,,,,,,,0,,nan,,0,,nan,,0,,nan,,0,,nan,,0,,nan,
393.033517,1778660444.761689,,,,,,,,,,,,,,,,,,,,,,,,,,,,,,,,,,,,,,,,,,,,,,,,,,,,,,,,,,,,,,,,0,,nan,,0,,nan,,0,,nan,,0,,nan,,0,,nan,
393.233641,1778660444.961823,,,,,,,,,,,,,,,,,,,,,,,,,,,,,,,,,,,,,,,,,,,,,,,,,,,,,,,,,,,,,,,,0,,nan,,0,,nan,,0,,nan,,0,,nan,,0,,nan,
393.433438,1778660445.161609,,,,,,,,,,,,,,,,,,,,,,,,,,,,,,,,,,,,,,,,,,,,,,,,,,,,,,,,,,,,,,,,0,,nan,,0,,nan,,0,,nan,,0,,nan,,0,,nan,
393.633467,1778660445.361638,,,,,,,,,,,,,,,,,,,,,,,,,,,,,,,,,,,,,,,,,,,,,,,,,,,,,,,,,,,,,,,,0,,nan,,0,,nan,,0,,nan,,0,,nan,,0,,nan,
393.833536,1778660445.561707,,,,,,,,,,,,,,,,,,,,,,,,,,,,,,,,,,,,,,,,,,,,,,,,,,,,,,,,,,,,,,,,0,,nan,,0,,nan,,0,,nan,,0,,nan,,0,,nan,
394.033442,1778660445.761614,,,,,,,,,,,,,,,,,,,,,,,,,,,,,,,,,,,,,,,,,,,,,,,,,,,,,,,,,,,,,,,,0,,nan,,0,,nan,,0,,nan,,0,,nan,,0,,nan,
394.233467,1778660445.961639,,,,,,,,,,,,,,,,,,,,,,,,,,,,,,,,,,,,,,,,,,,,,,,,,,,,,,,,,,,,,,,,0,,nan,,0,,nan,,0,,nan,,0,,nan,,0,,nan,
394.433437,1778660446.161609,,,,,,,,,,,,,,,,,,,,,,,,,,,,,,,,,,,,,,,,,,,,,,,,,,,,,,,,,,,,,,,,0,,nan,,0,,nan,,0,,nan,,0,,nan,,0,,nan,
394.633502,1778660446.361674,,,,,,,,,,,,,,,,,,,,,,,,,,,,,,,,,,,,,,,,,,,,,,,,,,,,,,,,,,,,,,,,0,,nan,,0,,nan,,0,,nan,,0,,nan,,0,,nan,
394.833450,1778660446.561623,,,,,,,,,,,,,,,,,,,,,,,,,,,,,,,,,,,,,,,,,,,,,,,,,,,,,,,,,,,,,,,,0,,nan,,0,,nan,,0,,nan,,0,,nan,,0,,nan,
395.033447,1778660446.761618,,,,,,,,,,,,,,,,,,,,,,,,,,,,,,,,,,,,,,,,,,,,,,,,,,,,,,,,,,,,,,,,0,,nan,,0,,nan,,0,,nan,,0,,nan,,0,,nan,
395.233445,1778660446.961618,,,,,,,,,,,,,,,,,,,,,,,,,,,,,,,,,,,,,,,,,,,,,,,,,,,,,,,,,,,,,,,,0,,nan,,0,,nan,,0,,nan,,0,,nan,,0,,nan,
395.433539,1778660447.161711,,,,,,,,,,,,,,,,,,,,,,,,,,,,,,,,,,,,,,,,,,,,,,,,,,,,,,,,,,,,,,,,0,,nan,,0,,nan,,0,,nan,,0,,nan,,0,,nan,
395.633448,1778660447.361619,,,,,,,,,,,,,,,,,,,,,,,,,,,,,,,,,,,,,,,,,,,,,,,,,,,,,,,,,,,,,,,,0,,nan,,0,,nan,,0,,nan,,0,,nan,,0,,nan,
395.833468,1778660447.561640,,,,,,,,,,,,,,,,,,,,,,,,,,,,,,,,,,,,,,,,,,,,,,,,,,,,,,,,,,,,,,,,0,,nan,,0,,nan,,0,,nan,,0,,nan,,0,,nan,
396.033480,1778660447.761652,,,,,,,,,,,,,,,,,,,,,,,,,,,,,,,,,,,,,,,,,,,,,,,,,,,,,,,,,,,,,,,,0,,nan,,0,,nan,,0,,nan,,0,,nan,,0,,nan,
396.233465,1778660447.961636,,,,,,,,,,,,,,,,,,,,,,,,,,,,,,,,,,,,,,,,,,,,,,,,,,,,,,,,,,,,,,,,0,,nan,,0,,nan,,0,,nan,,0,,nan,,0,,nan,
396.433526,1778660448.161697,,,,,,,,,,,,,,,,,,,,,,,,,,,,,,,,,,,,,,,,,,,,,,,,,,,,,,,,,,,,,,,,0,,nan,,0,,nan,,0,,nan,,0,,nan,,0,,nan,
396.633452,1778660448.361624,,,,,,,,,,,,,,,,,,,,,,,,,,,,,,,,,,,,,,,,,,,,,,,,,,,,,,,,,,,,,,,,0,,nan,,0,,nan,,0,,nan,,0,,nan,,0,,nan,
396.833447,1778660448.561620,,,,,,,,,,,,,,,,,,,,,,,,,,,,,,,,,,,,,,,,,,,,,,,,,,,,,,,,,,,,,,,,0,,nan,,0,,nan,,0,,nan,,0,,nan,,0,,nan,
397.033663,1778660448.761845,,,,,,,,,,,,,,,,,,,,,,,,,,,,,,,,,,,,,,,,,,,,,,,,,,,,,,,,,,,,,,,,0,,nan,,0,,nan,,0,,nan,,0,,nan,,0,,nan,
397.233478,1778660448.961650,,,,,,,,,,,,,,,,,,,,,,,,,,,,,,,,,,,,,,,,,,,,,,,,,,,,,,,,,,,,,,,,0,,nan,,0,,nan,,0,,nan,,0,,nan,,0,,nan,
397.433442,1778660449.161613,,,,,,,,,,,,,,,,,,,,,,,,,,,,,,,,,,,,,,,,,,,,,,,,,,,,,,,,,,,,,,,,0,,nan,,0,,nan,,0,,nan,,0,,nan,,0,,nan,
397.633452,1778660449.361624,,,,,,,,,,,,,,,,,,,,,,,,,,,,,,,,,,,,,,,,,,,,,,,,,,,,,,,,,,,,,,,,0,,nan,,0,,nan,,0,,nan,,0,,nan,,0,,nan,
397.833465,1778660449.561637,,,,,,,,,,,,,,,,,,,,,,,,,,,,,,,,,,,,,,,,,,,,,,,,,,,,,,,,,,,,,,,,0,,nan,,0,,nan,,0,,nan,,0,,nan,,0,,nan,
398.033478,1778660449.761650,,,,,,,,,,,,,,,,,,,,,,,,,,,,,,,,,,,,,,,,,,,,,,,,,,,,,,,,,,,,,,,,0,,nan,,0,,nan,,0,,nan,,0,,nan,,0,,nan,
398.233555,1778660449.961729,,,,,,,,,,,,,,,,,,,,,,,,,,,,,,,,,,,,,,,,,,,,,,,,,,,,,,,,,,,,,,,,0,,nan,,0,,nan,,0,,nan,,0,,nan,,0,,nan,
398.433447,1778660450.161620,,,,,,,,,,,,,,,,,,,,,,,,,,,,,,,,,,,,,,,,,,,,,,,,,,,,,,,,,,,,,,,,0,,nan,,0,,nan,,0,,nan,,0,,nan,,0,,nan,
398.633457,1778660450.361630,,,,,,,,,,,,,,,,,,,,,,,,,,,,,,,,,,,,,,,,,,,,,,,,,,,,,,,,,,,,,,,,0,,nan,,0,,nan,,0,,nan,,0,,nan,,0,,nan,
398.833625,1778660450.561807,,,,,,,,,,,,,,,,,,,,,,,,,,,,,,,,,,,,,,,,,,,,,,,,,,,,,,,,,,,,,,,,0,,nan,,0,,nan,,0,,nan,,0,,nan,,0,,nan,
399.033456,1778660450.761628,,,,,,,,,,,,,,,,,,,,,,,,,,,,,,,,,,,,,,,,,,,,,,,,,,,,,,,,,,,,,,,,0,,nan,,0,,nan,,0,,nan,,0,,nan,,0,,nan,
399.233477,1778660450.961649,,,,,,,,,,,,,,,,,,,,,,,,,,,,,,,,,,,,,,,,,,,,,,,,,,,,,,,,,,,,,,,,0,,nan,,0,,nan,,0,,nan,,0,,nan,,0,,nan,
399.433592,1778660451.161765,,,,,,,,,,,,,,,,,,,,,,,,,,,,,,,,,,,,,,,,,,,,,,,,,,,,,,,,,,,,,,,,0,,nan,,0,,nan,,0,,nan,,0,,nan,,0,,nan,
399.633503,1778660451.361675,,,,,,,,,,,,,,,,,,,,,,,,,,,,,,,,,,,,,,,,,,,,,,,,,,,,,,,,,,,,,,,,0,,nan,,0,,nan,,0,,nan,,0,,nan,,0,,nan,
399.833532,1778660451.561704,,,,,,,,,,,,,,,,,,,,,,,,,,,,,,,,,,,,,,,,,,,,,,,,,,,,,,,,,,,,,,,,0,,nan,,0,,nan,,0,,nan,,0,,nan,,0,,nan,
400.033457,1778660451.761630,,,,,,,,,,,,,,,,,,,,,,,,,,,,,,,,,,,,,,,,,,,,,,,,,,,,,,,,,,,,,,,,0,,nan,,0,,nan,,0,,nan,,0,,nan,,0,,nan,
400.233575,1778660451.961749,,,,,,,,,,,,,,,,,,,,,,,,,,,,,,,,,,,,,,,,,,,,,,,,,,,,,,,,,,,,,,,,0,,nan,,0,,nan,,0,,nan,,0,,nan,,0,,nan,
400.433440,1778660452.161613,,,,,,,,,,,,,,,,,,,,,,,,,,,,,,,,,,,,,,,,,,,,,,,,,,,,,,,,,,,,,,,,0,,nan,,0,,nan,,0,,nan,,0,,nan,,0,,nan,
400.633455,1778660452.361626,,,,,,,,,,,,,,,,,,,,,,,,,,,,,,,,,,,,,,,,,,,,,,,,,,,,,,,,,,,,,,,,0,,nan,,0,,nan,,0,,nan,,0,,nan,,0,,nan,
400.833488,1778660452.561665,,,,,,,,,,,,,,,,,,,,,,,,,,,,,,,,,,,,,,,,,,,,,,,,,,,,,,,,,,,,,,,,0,,nan,,0,,nan,,0,,nan,,0,,nan,,0,,nan,
401.033454,1778660452.761627,,,,,,,,,,,,,,,,,,,,,,,,,,,,,,,,,,,,,,,,,,,,,,,,,,,,,,,,,,,,,,,,0,,nan,,0,,nan,,0,,nan,,0,,nan,,0,,nan,
401.233445,1778660452.961617,,,,,,,,,,,,,,,,,,,,,,,,,,,,,,,,,,,,,,,,,,,,,,,,,,,,,,,,,,,,,,,,0,,nan,,0,,nan,,0,,nan,,0,,nan,,0,,nan,
