wall_time,ros_time,tf_map__odom_stamp,tf_map__odom_x,tf_map__odom_y,tf_map__odom_z,tf_map__odom_yaw,tf_odom__base_footprint_stamp,tf_odom__base_footprint_x,tf_odom__base_footprint_y,tf_odom__base_footprint_z,tf_odom__base_footprint_yaw,tf_map__base_footprint_stamp,tf_map__base_footprint_x,tf_map__base_footprint_y,tf_map__base_footprint_z,tf_map__base_footprint_yaw,tf_map_ground__base_footprint_stamp,tf_map_ground__base_footprint_x,tf_map_ground__base_footprint_y,tf_map_ground__base_footprint_z,tf_map_ground__base_footprint_yaw,tf_odom_ground__base_footprint_stamp,tf_odom_ground__base_footprint_x,tf_odom_ground__base_footprint_y,tf_odom_ground__base_footprint_z,tf_odom_ground__base_footprint_yaw,status_stamp,status_converged,status_error,status_inlier,status_rel_x,status_rel_y,status_rel_yaw,hdl_odom_stamp,hdl_odom_x,hdl_odom_y,hdl_odom_z,hdl_odom_yaw,hdl_odom_vx,hdl_odom_vy,hdl_odom_wz,fastlio_odom_stamp,fastlio_odom_x,fastlio_odom_y,fastlio_odom_z,fastlio_odom_yaw,fastlio_odom_vx,fastlio_odom_vy,fastlio_odom_wz,robot_realpose_stamp,robot_realpose_x,robot_realpose_y,robot_realpose_z,robot_realpose_yaw,cmd_vx,cmd_vy,cmd_wz,plan_n,plan_len,local_plan_n,local_plan_len,goal_x,goal_y,goal_yaw,topic_fast_lio_cloud_registered_count,topic_fast_lio_cloud_registered_hz,topic_fast_lio_cloud_registered_stamp,topic_fast_lio_cloud_registered_age,topic_airy_points_filtered_count,topic_airy_points_filtered_hz,topic_airy_points_filtered_stamp,topic_airy_points_filtered_age,topic_airy_points_count,topic_airy_points_hz,topic_airy_points_stamp,topic_airy_points_age,topic_imu_standard_count,topic_imu_standard_hz,topic_imu_standard_stamp,topic_imu_standard_age,topic_airy_imu_count,topic_airy_imu_hz,topic_airy_imu_stamp,topic_airy_imu_age
0.227233,1778659228.998562,,,,,,,,,,,,,,,,,,,,,,,,,,,,,,,,,,,,,,,,,,,,,,,,,,,,,,,,,,,,,,,,0,,nan,,0,,nan,,2,10.270968373881209,1778659228.8415716,0.1036677360534668,0,,nan,,36,198.1235567612068,1778659228.9964058,0.0004324913024902344
0.428454,1778659229.199783,,,,,,,,,,,,,,,,,,,,,,,,,,,,,,,,,,,,,,,,,,,,,,,,,1778659229.1716712,-1.2249050150945964,6.067086611946334,-0.0011285977867152575,1.2008898708397662,,,,,,,,,,,0,,nan,,0,,nan,,4,10.039015446772423,1778659229.0415797,0.10512447357177734,0,,nan,,76,199.6874931561763,1778659229.194846,0.0014531612396240234
0.627171,1778659229.398497,,,,,,,,,,,,,,,,,,,,,,,,,,,,,,,,,,,,,,,,,,,,,,,,,1778659229.3710363,-1.2341298529546765,6.069420324336718,-0.0020369779445383873,1.2003079619997596,,,,,,,,,,,0,,nan,,0,,nan,,6,10.016396660678916,1778659229.2416086,0.10544991493225098,0,,nan,,116,201.25253106856675,1778659229.394933,0.001129150390625
0.827283,1778659229.598613,,,,,,,,,,,,,,,,,,,,,,,,,,,,,,,,,,,,,,,,,,,,,,,,,1778659229.5710013,-1.2287408118757863,6.071207544413083,0.0036768437411176524,1.2016183398985807,,,,,,,,,,,0,,nan,,0,,nan,,8,10.03708440378577,1778659229.4460065,0.09928131103515625,0,,nan,,155,199.96681764004768,1778659229.5897648,0.0004458427429199219
1.028995,1778659229.800321,,,,,,,,,,,,,,,,,,,,,,,,,,,,,,,,,,,,,,,,,,,,,,,,,1778659229.7753627,-1.2233080283214552,6.077906988305802,-0.0017828506086028373,1.203412509349495,,,,,,,,,,,0,,nan,,0,,nan,,10,10.021657061482735,1778659229.6415305,0.1043856143951416,0,,nan,,196,198.74638690662346,1778659229.795039,0.003031015396118164
1.228278,1778659229.999608,,,,,,,,,,,,,,,,,,,,,,,,,,,,,,,,,,,,,,,,,,,,,,,,,1778659229.7753627,-1.2233080283214552,6.077906988305802,-0.0017828506086028373,1.203412509349495,,,,,,,,,,,0,,nan,,0,,nan,,10,10.021657061482735,1778659229.6415305,0.1043856143951416,0,,nan,,199,196.9467484072605,1778659229.812538,0.0016722679138183594
1.427272,1778659230.198605,,,,,,,,,,,,,,,,,,,,,,,,,,,,,,,,,,,,,,,,,,,,,,,,,1778659230.171047,-1.233345446687749,6.079007871506303,0.001170100424632059,1.20338264437045,,,,,,,,,,,0,,nan,,0,,nan,,14,9.850805493663527,1778659230.0416214,0.1259324550628662,0,,nan,,224,97.98260175645729,1778659230.194988,0.0005750656127929688
1.627717,1778659230.399063,1778659230.25623,0.5671842900291915,1.05740070017043,1.310303361356912,0.3931699708995508,,,,,,,,,,,,,,,,,,,,,1778659230.0416214,1,0.005600652191787958,0.9948170185089111,-1.23894202709198,6.072979927062988,1.1938851643178117,1778659230.25623,-1.2388927936553955,6.0733866691589355,0.0,1.202554499734941,0.0,0.0,0.0,,,,,,,,,1778659230.271219,-1.2340530361526711,6.0642824597348906,0.0010841465556952201,1.2036178211436477,,,,,,,,,,,0,,nan,,1,,1778659230.2693768,0.05078744888305664,15,10.013949206715184,1778659230.1415546,0.1043860912322998,1,,1778659230.3350399,0.001316070556640625,253,266.0634471559156,1778659230.3398259,0.000301361083984375
1.827482,1778659230.598818,1778659230.25623,0.5671842900291915,1.05740070017043,1.310303361356912,0.3931699708995508,,,,,,,,,,,,,,,,,,,,,1778659230.0416214,1,0.005600652191787958,0.9948170185089111,-1.23894202709198,6.072979927062988,1.1938851643178117,1778659230.25623,-1.2388927936553955,6.0733866691589355,0.0,1.202554499734941,0.0,0.0,0.0,,,,,,,,,1778659230.271219,-1.2340530361526711,6.0642824597348906,0.0010841465556952201,1.2036178211436477,,,,,,,,,,,0,,nan,,1,,1778659230.2693768,0.05078744888305664,15,10.013949206715184,1778659230.1415546,0.1043860912322998,1,,1778659230.3350399,0.001316070556640625,253,266.0634471559156,1778659230.3398259,0.000301361083984375
2.027184,1778659230.798510,1778659230.7459922,0.5674731979779326,1.0517132600574295,1.283974248565409,0.39306962099765574,1778659230.7583575,0.25807902877833744,5.361058272978086,-1.0598921742149479,0.8093895642150284,1778659230.7459922,-1.2286689119165872,6.058505573606875,0.0010575141784217035,1.2028438863634627,1778659230.7459922,-1.2286689119165872,6.058505573606875,1.2160575141784218,1.2028438863634627,1778659230.7583575,0.25807902877833744,5.361058272978086,0.15510782578505222,0.8093895642150284,1778659230.5415735,1,0.00606041494756937,0.9943878054618835,-1.2318512201309204,6.062638282775879,1.1944741834513675,1778659230.7459922,-1.2320942878723145,6.063462257385254,0.0,1.2027404034745774,0.0,0.0,0.0,1778659230.758264,5.361566726366399,-0.15610134458450656,-0.3108474256923346,-0.04038901670381674,0.0,0.0,0.0,1778659230.7718444,-1.2286689119165872,6.058505573606875,0.0010575141784217035,1.2028438863634627,,,,,,,,,,,5,54.118829574816054,1778659230.6415784,0.12354469299316406,5,10.19628120394427,1778659230.661788,0.05068492889404297,20,10.004289106841142,1778659230.6415784,0.1054842472076416,34,71.55428450901691,1778659230.794782,0.0027735233306884766,286,92.50858300091619,1778659230.794782,0.0009653568267822266
2.229215,1778659231.000542,1778659230.9753573,0.5618073411520375,1.0659108256975403,1.2783050385917645,0.3917857486066662,1778659230.961193,0.2583515604752975,5.352891440997475,-1.0633555430708537,0.810808146140792,1778659230.961193,-1.227149812650882,6.066722394117553,-0.0003371267899494601,1.2032007275852252,1778659230.961193,-1.227149812650882,6.066722394117553,1.2146628732100506,1.2032007275852252,1778659230.961193,0.2583515604752973,5.352891440997475,0.15164445692914608,0.810808146140792,1778659230.7415743,1,0.005998395383358002,0.9946070313453674,-1.2267804145812988,6.067634582519531,1.194366349655551,1778659230.9753573,-1.2270973920822144,6.067577838897705,0.0,1.2030260923715494,0.0,0.0,0.0,1778659230.961077,5.353405009200267,-0.15272605832730968,-0.3090494400027263,-0.038712749418771,0.0,0.0,0.0,1778659230.970995,-1.2295634696270241,6.063707940762244,-0.0028076047780238866,1.203666709881674,,,,,,,,,,,7,21.013406724069977,1778659230.8420224,0.1347215175628662,7,9.585132922948949,1778659230.8945556,0.05158853530883789,22,10.010969510661443,1778659230.8420224,0.10357379913330078,74,202.10299084964802,1778659230.994804,0.0014214515686035156,326,201.84447648398353,1778659230.994804,0.0007970333099365234
2.427144,1778659231.198468,1778659231.1490717,0.5580022991501183,1.0715667097605532,1.2788349247967388,0.39135054586253765,1778659231.1589534,0.261905696520885,5.346749736295676,-1.0626925607525166,0.8110500263739785,1778659231.1490717,-1.223314224918094,6.069305261210322,-0.00030199573217903897,1.2028362051846402,1778659231.1490717,-1.223314224918094,6.069305261210322,1.214698004267821,1.2028362051846402,1778659231.1589534,0.261905696520885,5.346749736295676,0.15230743924748347,0.8110500263739785,1778659230.9416704,1,0.006034770514816046,0.9945988655090332,-1.2254135608673096,6.069752216339111,1.1940877053007126,1778659231.1490717,-1.2257486581802368,6.06942892074585,0.0,1.2027779921310375,0.0,0.0,0.0,1778659231.1588316,5.347108166134725,-0.1534082483259912,-0.3121420746412163,-0.03846038961410094,0.0,0.0,0.0,1778659231.1710682,-1.223314224918094,6.069305261210322,-0.00030199573217903897,1.2028362051846402,,,,,,,,,,,9,16.799172518481654,1778659231.0415714,0.12585997581481934,9,9.986729374844861,1778659231.0697315,0.051399946212768555,24,10.013517091820875,1778659231.0415714,0.10321807861328125,114,198.62403394453705,1778659231.1959748,0.002007722854614258,366,198.88586466878468,1778659231.1959748,0.0017130374908447266
2.627204,1778659231.398532,1778659231.3522785,0.5498928126803785,1.0667347972031198,1.2862161138795414,0.38981164185077477,1778659231.364042,0.2593786412023258,5.345266513265405,-1.0618276016976198,0.8110772862695443,1778659231.3522785,-1.2253352685502725,6.063448732633258,0.0017385959617493008,1.2014395583637545,1778659231.3522785,-1.2253352685502725,6.063448732633258,1.2167385959617494,1.2014395583637545,1778659231.364042,0.2593786412023258,5.345266513265405,0.15317239830238027,0.8110772862695443,1778659231.1415815,1,0.005810098722577095,0.9950091242790222,-1.223170518875122,6.065273761749268,1.1933614181096297,1778659231.3522785,-1.2234870195388794,6.065131187438965,0.0,1.20204892056645,0.0,0.0,0.0,1778659231.363914,5.34388076379058,-0.15427848952692352,-0.3094691052145065,-0.039772838349345634,0.0,0.0,0.0,1778659231.3719783,-1.2253352685502725,6.063448732633258,0.0017385959617493008,1.2014395583637545,,,,,,,,,,,11,14.742596196025058,1778659231.2415724,0.12795352935791016,11,10.00280697436543,1778659231.268895,0.050992727279663086,26,9.998257940553914,1778659231.2415724,0.10675811767578125,154,198.9458625674963,1778659231.395176,0.0019838809967041016,406,199.49525745579697,1778659231.395176,0.0010986328125
2.828169,1778659231.599498,1778659231.5488985,0.5617570699666564,1.0688261476840446,1.2965186375713045,0.39162042452824114,1778659231.571202,0.2620610464585029,5.35575114611719,-1.0615437243751158,0.8107193403507825,1778659231.5488985,-1.2228444030105674,6.069755654027373,0.0017623449675416847,1.202907950980219,1778659231.5488985,-1.2228444030105674,6.069755654027373,1.2167623449675418,1.202907950980219,1778659231.571202,0.2620610464585029,5.35575114611719,0.1534562756248843,0.8107193403507825,1778659231.3415685,1,0.005757217761129141,0.9948701858520508,-1.2209752798080444,6.066012859344482,1.1944565066544948,1778659231.5488985,-1.2207961082458496,6.066318511962891,0.0,1.2031178217517877,0.0,0.0,0.0,1778659231.57113,5.3519122652152396,-0.15455014338794384,-0.31232005343737995,-0.04191049928955333,0.0,0.0,0.0,1778659231.570987,-1.2188600163003391,6.074993010634036,-0.00203681456231819,1.2028391206935407,,,,,,,,,,,13,13.485279476146333,1778659231.4462073,0.1348733901977539,13,10.025915136086436,1778659231.4661353,0.05094170570373535,28,10.0022061233569,1778659231.4462073,0.10110139846801758,193,198.29968219507606,1778659231.592923,0.0007178783416748047,445,197.73558718592776,1778659231.592923,0.00037169456481933594
3.030739,1778659231.802065,1778659231.7921324,0.5716667961125579,1.0576173925423225,1.3107035972236085,0.3921622526684634,1778659231.7582676,0.26107756599669507,5.36888717493919,-1.0643583470309217,0.809859162131075,1778659231.7582676,-1.2221447295520593,6.070552622760059,-0.0008559930443159391,1.2024163236249408,1778659231.7582676,-1.2221447295520593,6.070552622760059,1.2141440069556841,1.2024163236249408,1778659231.7582676,0.26107756599669507,5.368887174939187,0.15064165296907805,0.8098591621310748,1778659231.5419443,1,0.005582957994192839,0.9949343204498291,-1.2205730676651,6.0670671463012695,1.1942880946168788,1778659231.7921324,-1.2205548286437988,6.067204475402832,0.0,1.2025931818627078,0.0,0.0,0.0,1778659231.758172,5.362358142476411,-0.15173184525031866,-0.3111476765665369,-0.04389275434472403,0.0,0.0,0.0,1778659231.7710705,-1.2222589084376434,6.0732448061609405,0.000223093228055804,1.2029073287664853,,,,,,,,,,,15,13.033155385963495,1778659231.6418924,0.12350940704345703,15,9.893589783767373,1778659231.6846118,0.05061674118041992,30,10.00422722111288,1778659231.6418924,0.10477948188781738,233,198.85041123115232,1778659231.789857,0.0021698474884033203,486,202.11311924580747,1778659231.7950768,0.0003604888916015625
3.227324,1778659231.998657,1778659231.9640565,0.5925120241728735,1.0673917642579511,1.3088529368439192,0.39451243711097006,1778659231.9581904,0.2536876936057122,5.373304439728913,-1.0616258791758741,0.8092758319991459,1778659231.9581904,-1.2182269117531725,6.074369535612355,0.00011812028835422872,1.2042946540589063,1778659231.9581904,-1.2182269117531725,6.074369535612355,1.2151181202883543,1.2042946540589063,1778659231.9581904,0.25368769360571297,5.37330443972892,0.15337412082412627,0.8092758319991461,1778659231.7420533,1,0.005663519725203514,0.9947060942649841,-1.2178903818130493,6.075335502624512,1.1956930982400573,1778659231.9640565,-1.2178902626037598,6.074701309204102,0.0,1.204328900690769,0.0,0.0,0.0,1778659231.9580534,5.36649162046845,-0.1543749988491368,-0.3058456281519222,-0.045883577999921744,0.0,0.0,0.0,1778659231.971029,-1.2182269117531725,6.074369535612355,0.00011812028835422872,1.2042946540589063,,,,,,,,,,,17,12.52802359661732,1778659231.8419983,0.12636327743530273,17,10.020195118644493,1778659231.866535,0.05042099952697754,32,10.009957651649712,1778659231.8419983,0.10281610488891602,274,200.1433445470379,1778659231.994853,0.002482891082763672,526,200.91819763475968,1778659231.994853,0.0015788078308105469
3.427272,1778659232.198602,1778659232.1654634,0.5865547948900144,1.0610060336302867,1.305707364725769,0.3941133454306188,1778659232.158559,0.24963796910620228,5.379195839394881,-1.0583116308943827,0.8083552322120284,1778659232.158559,-1.2266072243545125,6.07371895271416,0.00018903304089601392,1.202958258662209,1778659232.158559,-1.2266072243545125,6.07371895271416,1.215189033040896,1.202958258662209,1778659232.158559,0.24963796910620284,5.3791958393948835,0.15668836910561712,0.8083552322120288,1778659231.9415922,1,0.0057462970726192,0.9946976900100708,-1.2267495393753052,6.073788642883301,1.194363090297328,1778659232.1654634,-1.2264457941055298,6.07361364364624,0.0,1.2029834425146035,0.0,0.0,0.0,1778659232.1584764,5.372292130971378,-0.157623481274245,-0.3032956042150215,-0.04717390164727802,0.0,0.0,0.0,1778659232.1716955,-1.2266072243545125,6.07371895271416,0.00018903304089601392,1.202958258662209,,,,,,,,,,,19,12.20186602678262,1778659232.0417614,0.1246485710144043,19,9.96321957638931,1778659232.075889,0.050930023193359375,34,10.003271884085455,1778659232.0417614,0.1050558090209961,314,198.770310398526,1778659232.1948729,0.0026879310607910156,566,198.81836315234622,1778659232.1948729,0.0003266334533691406
3.627213,1778659232.398542,1778659232.3632932,0.5647300603017407,1.0647730052402047,1.3094844496309022,0.3929726960086813,1778659232.359846,0.25309914012056023,5.373284277035336,-1.062552119098707,0.8096031716631161,1778659232.359846,-1.2369271365123766,6.07477919310647,-0.0001297524275205575,1.2031355132037154,1778659232.359846,-1.2369271365123766,6.07477919310647,1.2148702475724795,1.2031355132037154,1778659232.359846,0.2530991401205599,5.373284277035335,0.15244788090129288,0.8096031716631161,1778659232.1415834,1,0.005642826668918133,0.9948066473007202,-1.2380625009536743,6.075362682342529,1.1944537894422886,1778659232.3632932,-1.2373892068862915,6.075050354003906,0.0,1.2030964736878302,0.0,0.0,0.0,1778659232.359689,5.3665041270776905,-0.1534018033573866,-0.30634468481860677,-0.04682524246434132,0.0,0.0,0.0,1778659232.371005,-1.2369271365123766,6.07477919310647,-0.0001297524275205575,1.2031355132037154,,,,,,,,,,,21,11.9103342347313,1778659232.2415993,0.1288447380065918,21,9.960597459543052,1778659232.2770743,0.05101442337036133,36,10.006137252522995,1778659232.2415993,0.10415458679199219,353,199.634648427646,1778659232.3898919,0.0012905597686767578,606,201.17955388765458,1778659232.395706,0.0004978179931640625
3.828228,1778659232.599557,1778659232.5449803,0.5665628441973777,1.0691147073488652,1.3033437767639746,0.3937892911461312,1778659232.5710032,0.2520047395214071,5.368658896675395,-1.05944528342095,0.8079948258780485,1778659232.5449803,-1.238610901397812,6.074800968076774,0.0009166489283971568,1.2023777813815866,1778659232.5449803,-1.238610901397812,6.074800968076774,1.2159166489283972,1.2023777813815866,1778659232.5710032,0.2520047395214071,5.368658896675395,0.15555471657905007,0.8079948258780485,1778659232.3416023,1,0.005823018029332161,0.994730532169342,-1.2375088930130005,6.076335430145264,1.1941669185614834,1778659232.5449803,-1.237364411354065,6.0761213302612305,0.0,1.2028589805182492,0.0,0.0,0.0,1778659232.5709,5.3644308596284,-0.15645333061480227,-0.30675584990892113,-0.0458801025867913,0.0,0.0,0.0,1778659232.5711234,-1.2348416754135307,6.073144785265513,0.00016632038836061902,1.2020819379737357,,,,,,,,,,,23,11.659468328973627,1778659232.4464536,0.13164472579956055,23,9.913652147007255,1778659232.4886107,0.0507197380065918,38,10.00389792274522,1778659232.4464536,0.10000896453857422,393,199.10074128083605,1778659232.590199,0.0016617774963378906,645,198.75184924385945,1778659232.590199,0.0017325878143310547
4.029837,1778659232.801166,1778659232.7627628,0.5800547245957433,1.0613610743721598,1.2831375899459654,0.3937229907996312,1778659232.7572296,0.2510902589828268,5.369609136287421,-1.0583263915736083,0.8087824839921851,1778659232.7572296,-1.2275500256421095,6.072104932964713,-6.6589139276374e-05,1.2029388149410551,1778659232.7572296,-1.2275500256421095,6.072104932964713,1.2149334108607237,1.2029388149410551,1778659232.7572296,0.25109025898282744,5.369609136287426,0.15667360842639194,0.8087824839921852,1778659232.5416157,1,0.006186347454786301,0.9941957592964172,-1.2268198728561401,6.071042537689209,1.194657969811578,1778659232.7627628,-1.2272850275039673,6.0716400146484375,0.0,1.2029180344287347,0.0,0.0,0.0,1778659232.7571418,5.367749468721428,-0.15759295246592728,-0.3055116741335789,-0.043714600557972993,0.0,0.0,0.0,1778659232.7715492,-1.2275500256421095,6.072104932964713,-6.6589139276374e-05,1.2029388149410551,,,,,,,,,,,25,11.58510167417997,1778659232.6415856,0.12126541137695312,25,10.033288976072894,1778659232.6617224,0.050499677658081055,40,10.004127322322125,1778659232.6415856,0.10471653938293457,434,200.65828753387117,1778659232.795285,0.0017824172973632812,686,201.69131443772403,1778659232.795285,0.0005412101745605469
4.227214,1778659232.998543,1778659232.9496982,0.5594636646003622,1.056090748494187,1.2807843968862205,0.3920975961560173,1778659232.977428,0.25755981370667347,5.358014155185563,-1.0621482591874627,0.8105403723074606,1778659232.9496982,-1.2312526252292364,6.062782750087201,-0.0018767286891392398,1.202851506008696,1778659232.9496982,-1.2312526252292364,6.062782750087201,1.2131232713108608,1.202851506008696,1778659232.977428,0.25755981370667347,5.358014155185563,0.15285174081253738,0.8105403723074606,1778659232.7420037,1,0.006147350650280714,0.9940702319145203,-1.2354741096496582,6.067096710205078,1.193481345464315,1778659232.9496982,-1.2348772287368774,6.0671305656433105,0.0,1.2021727155913986,0.0,0.0,0.0,1778659232.9773333,5.357544887117369,-0.15386532096971822,-0.3098642366630098,-0.04089196480708723,0.0,0.0,0.0,1778659232.9711616,-1.2224691741506106,6.065344473131429,-0.0008326428547491549,1.2036992426756998,,,,,,,,,,,27,11.324657997145883,1778659232.8415997,0.14550542831420898,27,9.985552929007758,1778659232.8733604,0.050583600997924805,42,10.00112034391953,1778659232.8415997,0.10583734512329102,473,199.91916110581505,1778659232.9900599,0.0007307529449462891,726,199.79612174009145,1778659232.9967089,0.0004532337188720703
4.427400,1778659233.198728,1778659233.1386783,0.579182295688544,1.0735189015148705,1.2774827369712491,0.39445617556204854,1778659233.1651514,0.2581720985221603,5.348726478189537,-1.0623380727889646,0.8095203033991607,1778659233.1386783,-1.2218281716784625,6.067841408241577,8.283827266897248e-05,1.204357553407456,1778659233.1386783,-1.2218281716784625,6.067841408241577,1.215082838272669,1.204357553407456,1778659233.1651514,0.2581720985221603,5.348726478189537,0.15266192721103544,0.8095203033991607,1778659232.9416027,1,0.006087532266974449,0.9942888617515564,-1.2242366075515747,6.071305751800537,1.1955257489140194,1778659233.1386783,-1.2248539924621582,6.071096420288086,0.0,1.2042186792574139,0.0,0.0,0.0,1778659233.1650586,5.349343972361711,-0.15373456975598598,-0.3090832638465613,-0.03870483691748067,0.0,0.0,0.0,1778659233.1710927,-1.2218281716784625,6.067841408241577,8.283827266897248e-05,1.204357553407456,,,,,,,,,,,29,11.278408568172708,1778659233.0416396,0.13219261169433594,29,9.982249964173196,1778659233.0740993,0.05106091499328613,44,10.006276674563091,1778659233.0416396,0.10357499122619629,513,199.81611009002984,1778659233.190727,0.0006215572357177734,766,201.84467075331594,1778659233.1948788,0.0014739036560058594
4.627267,1778659233.398596,1778659233.3600829,0.5599962967876109,1.0727758535602696,1.282676156808178,0.3911663672365478,1778659233.3599596,0.2620684022042852,5.344101033051635,-1.0657652288311317,0.8116799034258854,1778659233.3599596,-1.2194709128502181,6.067806139020864,-0.0007345820150668203,1.2033217266336327,1778659233.3599596,-1.2194709128502181,6.067806139020864,1.2142654179849333,1.2033217266336327,1778659233.3599596,0.2620684022042854,5.344101033051637,0.14923477116886863,0.8116799034258855,1778659233.1416047,1,0.006103287450969219,0.9944716691970825,-1.224229097366333,6.068071365356445,1.193508341632703,1778659233.3600829,-1.2244064807891846,6.068327903747559,0.0,1.2021805441700126,0.0,0.0,0.0,1778659233.3598363,5.343688472894371,-0.1503872582734746,-0.31103735056339343,-0.03804670875727261,0.0,0.0,0.0,1778659233.3710825,-1.2194709128502181,6.067806139020864,-0.0007345820150668203,1.2033217266336327,,,,,,,,,,,31,11.202673204617282,1778659233.2416368,0.12754154205322266,31,9.97699162618251,1778659233.2767458,0.05036187171936035,46,10.004099830637507,1778659233.2416368,0.10443639755249023,553,198.88718498771388,1778659233.3902519,0.0017638206481933594,805,198.60296680152126,1778659233.3902519,0.0018463134765625
4.828693,1778659233.600022,1778659233.5814652,0.5749657299891469,1.0679586369099903,1.2798059917495213,0.39294764879129135,1778659233.5581384,0.2560016854115945,5.353265517788587,-1.0587857607864253,0.8094430659384231,1778659233.5581384,-1.224648328610098,6.066792880778336,0.0012546575118506098,1.2022436721036625,1778659233.5581384,-1.224648328610098,6.066792880778336,1.2162546575118507,1.2022436721036625,1778659233.5581384,0.2560016854115945,5.353265517788587,0.15621423921357436,0.8094430659384233,1778659233.3416026,1,0.005755075719207525,0.9947144389152527,-1.2215479612350464,6.065771102905273,1.1941565143011155,1778659233.5814652,-1.221951961517334,6.065677642822266,0.0,1.2028525746571612,0.0,0.0,0.0,1778659233.557992,5.3523385554416505,-0.1573085869230704,-0.3063869829677635,-0.039516071859073125,0.0,0.0,0.0,1778659233.5710018,-1.2305520184854841,6.065270009815626,0.0012337938977078355,1.2014649057760973,,,,,,,,,,,33,11.130090504210258,1778659233.4461806,0.12015533447265625,33,9.96335410094128,1778659233.4809897,0.0509641170501709,48,10.004136903398043,1778659233.4461806,0.09978914260864258,594,199.67494475298562,1778659233.596228,0.0010416507720947266,846,199.66030694238165,1778659233.596228,0.0011396408081054688
5.027196,1778659233.798522,1778659233.7535996,0.5591060643070127,1.059285450534767,1.2851018486546244,0.39007100043244286,1778659233.7577634,0.2646057606947345,5.36288400331131,-1.061153625691473,0.8107830372342626,1778659233.7535996,-1.2185427165493679,6.072620117819531,-0.0034222863919930457,1.2013728442593365,1778659233.7535996,-1.2185427165493679,6.072620117819531,1.211577713608007,1.2013728442593365,1778659233.7577634,0.2646057606947345,5.36288400331131,0.153846374308527,0.8107830372342626,1778659233.5419185,1,0.005554446950554848,0.9946494698524475,-1.222713589668274,6.065802574157715,1.1930394102258324,1778659233.7535996,-1.2220158576965332,6.065988063812256,0.0,1.2012864860968322,0.0,0.0,0.0,1778659233.7576654,5.358688320123374,-0.15494457884594665,-0.3147311351417205,-0.04209383876899064,0.0,0.0,0.0,1778659233.7711663,-1.2185427165493679,6.072620117819531,-0.0034222863919930457,1.2013728442593365,,,,,,,,,,,35,11.061533133288266,1778659233.6416135,0.12335515022277832,35,10.01959045022287,1778659233.6619272,0.051610708236694336,50,10.002574902299866,1778659233.6416135,0.10502815246582031,634,200.44233662314028,1778659233.795055,0.0013017654418945312,886,201.3928421893666,1778659233.795055,0.0002014636993408203
5.227226,1778659233.998550,1778659233.958471,0.5868365806675031,1.0595854516638519,1.2981033736253509,0.3949763020062384,1778659233.9595788,0.2610676753298353,5.373183671272097,-1.0643000939657705,0.8090213670844782,1778659233.958471,-1.2207645661842008,6.070299997828702,-0.004497201208932378,1.2045700266029982,1778659233.958471,-1.2207645661842008,6.070299997828702,1.2105027987910677,1.2045700266029982,1778659233.9595788,0.2610676753298353,5.373183671272097,0.15069990603422956,0.8090213670844782,1778659233.7415986,1,0.00553085608407855,0.9948701858520508,-1.217483639717102,6.067913055419922,1.1962402346792322,1778659233.958471,-1.2182140350341797,6.0675883293151855,0.0,1.204932762977381,0.0,0.0,0.0,1778659233.9594896,5.3664666982323,-0.15177844010024671,-0.3113954137752415,-0.044201760506791525,0.0,0.0,0.0,1778659233.9720716,-1.2207645661842008,6.070299997828702,-0.004497201208932378,1.2045700266029982,,,,,,,,,,,37,10.98847430550335,1778659233.8418295,0.12558746337890625,37,9.99071256081719,1778659233.8724153,0.0510859489440918,52,9.996303494758518,1778659233.8418295,0.1052706241607666,673,199.61811643450963,1778659233.9898577,0.0016567707061767578,926,199.56853687943868,1778659233.997304,0.0009205341339111328
5.427144,1778659234.198470,1778659234.1453671,0.5800461524586434,1.06254497993644,1.3097989496919047,0.3929859030848714,1778659234.1611214,0.25270659992542477,5.375237048658676,-1.062616552629942,0.8086985663953026,1778659234.1453671,-1.2245621975767507,6.074264944354216,0.0007635149084816995,1.2022577951868438,1778659234.1453671,-1.2245621975767507,6.074264944354216,1.2157635149084818,1.2022577951868438,1778659234.1611214,0.25270659992542477,5.375237048658676,0.15238344737005804,0.8086985663953026,1778659233.9419405,1,0.0054885027930140495,0.9947945475578308,-1.22173011302948,6.076408386230469,1.1937235539492308,1778659234.1453671,-1.221866250038147,6.07575798034668,0.0,1.2023757953133956,0.0,0.0,0.0,1778659234.1610205,5.368072725952602,-0.15339283516332156,-0.30461846060113984,-0.04591158195228322,0.0,0.0,0.0,1778659234.1710334,-1.2245621975767507,6.074264944354216,0.0007635149084816995,1.2022577951868438,,,,,,,,,,,39,10.912841220671794,1778659234.0416214,0.13177776336669922,39,9.945829696345074,1778659234.0900962,0.0507965087890625,54,10.002375213077599,1778659234.0416214,0.10394716262817383,714,202.03951672027986,1778659234.1956098,0.0011603832244873047,966,202.97363372931457,1778659234.1956098,0.00031495094299316406
5.627260,1778659234.398588,1778659234.3657691,0.5769417269425231,1.066726389779362,1.3150698294342573,0.39274312521485477,1778659234.3603828,0.25071459564016774,5.37396129205545,-1.0627125109493492,0.8099248653366724,1778659234.3603828,-1.2260588790729667,6.075743285861353,-2.065962922070952e-06,1.203287966464955,1778659234.3603828,-1.2260588790729667,6.075743285861353,1.214997934037078,1.203287966464955,1778659234.3603828,0.25071459564016796,5.37396129205545,0.15228748905065093,0.8099248653366723,1778659234.1416357,1,0.005438797641545534,0.9949173927307129,-1.2262357473373413,6.075823783874512,1.194564658118339,1778659234.3657691,-1.226082682609558,6.075855255126953,0.0,1.20321388069981,0.0,0.0,0.0,1778659234.3602467,5.36597130507964,-0.15323948415756938,-0.3038362080369224,-0.047743015570590526,0.0,0.0,0.0,1778659234.371108,-1.2260588790729667,6.075743285861353,-2.065962922070952e-06,1.203287966464955,,,,,,,,,,,41,10.852077997085493,1778659234.2421045,0.13505840301513672,41,9.973435229058211,1778659234.279686,0.05114483833312988,56,10.002728729775574,1778659234.2421045,0.10364937782287598,754,200.48813458212678,1778659234.395089,0.001416921615600586,1006,201.27744809827234,1778659234.395089,0.0005178451538085938
5.827468,1778659234.598791,1778659234.5920677,0.5576546810666685,1.0708399346244932,1.3021882568417797,0.3923041035916898,1778659234.5584564,0.2518651998105994,5.365067077879123,-1.0605104934026295,0.8098820485596457,1778659234.5584564,-1.2363954070610352,6.074479939940636,0.0018361370542536726,1.2025407281310163,1778659234.5584564,-1.2363954070610352,6.074479939940636,1.2168361370542538,1.2025407281310163,1778659234.5584564,0.2518651998105995,5.365067077879123,0.1544895065973706,0.8098820485596457,1778659234.3416367,1,0.005626792553812265,0.994730532169342,-1.2382277250289917,6.076119422912598,1.1940047368452562,1778659234.5920677,-1.2380259037017822,6.07602596282959,0.0,1.2026583251079153,0.0,0.0,0.0,1778659234.5584006,5.35934398644791,-0.15537957533217198,-0.3066701902453208,-0.04732791705342467,0.0,0.0,0.0,1778659234.5710533,-1.2343731755843939,6.0739745753773775,0.0009273184807472301,1.2021358578593664,,,,,,,,,,,43,10.84620589168803,1778659234.4461474,0.11743879318237305,43,9.981639665285623,1778659234.4770303,0.05088496208190918,58,9.998466726827933,1778659234.4461474,0.09996795654296875,794,201.0345290362162,1778659234.5948699,0.0005960464477539062,1046,201.41295787633737,1778659234.5948699,0.0001728534698486328
6.027253,1778659234.798580,1778659234.765398,0.55377150949823,1.0700269653792036,1.2983516569929905,0.3916646670667885,1778659234.769874,0.2529153347962223,5.360898927308892,-1.059411451726042,0.809739769112586,1778659234.765398,-1.2364037085930781,6.073708291471667,0.0005262613092797963,1.2018792416501412,1778659234.765398,-1.2364037085930781,6.073708291471667,1.2155262613092799,1.2018792416501412,1778659234.769874,0.2529153347962223,5.360898927308892,0.15558854827395807,0.809739769112586,1778659234.5422564,1,0.0055114091373980045,0.9948252439498901,-1.2360607385635376,6.073820114135742,1.1942709286173492,1778659234.765398,-1.236039638519287,6.074529647827148,0.0,1.2025920264649301,0.0,0.0,0.0,1778659234.7697673,5.357127002264751,-0.1565080807222052,-0.30723350111558606,-0.0452862320309225,0.0,0.0,0.0,1778659234.771667,-1.2364037085930781,6.073708291471667,0.0005262613092797963,1.2018792416501412,,,,,,,,,,,45,10.762708962302224,1778659234.6416714,0.13778090476989746,45,10.023050977067475,1778659234.6589568,0.05111408233642578,60,9.999169418662676,1778659234.6416714,0.10473299026489258,834,200.6669275689868,1778659234.7948868,0.0012326240539550781,1086,201.08233326813254,1778659234.7948868,0.0007684230804443359
6.227203,1778659234.998529,1778659234.9651923,0.5769581645507826,1.0636574076943262,1.2893410619091412,0.3934524892634436,1778659234.9593222,0.25036794895935977,5.363135205408946,-1.061583657762359,0.8098743292053113,1778659234.9593222,-1.2277478456532318,6.067377182296936,-0.00010791138393151378,1.2038237686976434,1778659234.9593222,-1.2277478456532318,6.067377182296936,1.2148920886160686,1.2038237686976434,1778659234.9593222,0.25036794895935977,5.363135205408949,0.15341634223764103,0.8098743292053118,1778659234.7416644,1,0.005659731104969978,0.9950142502784729,-1.2271525859832764,6.066782474517822,1.1951287630020357,1778659234.9651923,-1.2275525331497192,6.067076206207275,0.0,1.2037629188524994,0.0,0.0,0.0,1778659234.9592018,5.360629036544088,-0.15436813879918515,-0.3040330918024891,-0.04369030956001225,0.0,0.0,0.0,1778659234.9720366,-1.2277478456532318,6.067377182296936,-0.00010791138393151378,1.2038237686976434,,,,,,,,,,,47,10.76171073386163,1778659234.8416405,0.12403488159179688,47,10.020157585165608,1778659234.8601177,0.05082368850708008,62,10.440046169836139,1778659234.8416405,0.10568642616271973,874,200.09674935524282,1778659234.995029,0.002083301544189453,1126,201.2934832478754,1778659234.995029,0.0006520748138427734
6.427075,1778659235.198399,1778659235.1582325,0.5665969279526297,1.0612854376525722,1.2857637176529093,0.3933882590142256,1778659235.1693156,0.2562591376650687,5.355372953096852,-1.063825041737326,0.8107031985292653,1778659235.1582325,-1.2304987007452808,6.060737886589713,-0.0016397457575219043,1.2044377623019302,1778659235.1582325,-1.2304987007452808,6.060737886589713,1.2133602542424782,1.2044377623019302,1778659235.1693156,0.2562591376650687,5.355372953096852,0.15117495826267402,0.8107031985292653,1778659234.9416485,1,0.0058702509850263596,0.9941293001174927,-1.2339460849761963,6.063677787780762,1.194834601333895,1778659235.1582325,-1.23355233669281,6.063669681549072,0.0,1.2034795145549289,0.0,0.0,0.0,1778659235.169241,5.353697184643925,-0.15221293551726378,-0.30796822462914064,-0.041383923318623846,0.0,0.0,0.0,1778659235.170852,-1.2304987007452808,6.060737886589713,-0.0016397457575219043,1.2044377623019302,,,,,,,,,,,49,10.692657918540357,1778659235.0416465,0.1386868953704834,49,10.000862951036222,1778659235.0688152,0.050971031188964844,64,10.04329125401924,1778659235.0416465,0.1044306755065918,912,199.7531127604127,1778659235.185088,0.0010831356048583984,1165,194.7050019868312,1778659235.197084,0.0010762214660644531
6.628168,1778659235.399508,1778659235.347447,0.5719030027040121,1.070762232495556,1.2782117618596263,0.39397287642614454,1778659235.3582377,0.26054302822116426,5.3477155750966565,-1.064104772875285,0.8106791127398643,1778659235.347447,-1.22367932206661,6.064560157332551,-0.0021183919358145342,1.2050103671311154,1778659235.347447,-1.22367932206661,6.064560157332551,1.2128816080641855,1.2050103671311154,1778659235.3582377,0.26054302822116426,5.3477155750966565,0.15089522712471504,0.8106791127398643,1778659235.1416698,1,0.005837735719978809,0.9944019317626953,-1.2271836996078491,6.066275596618652,1.1955699660393284,1778659235.347447,-1.2272355556488037,6.066413879394531,0.0,1.2042419704597795,0.0,0.0,0.0,1778659235.358118,5.347443069001505,-0.1519919907912214,-0.31087777904279906,-0.03903488250162064,0.0,0.0,0.0,1778659235.3723803,-1.22367932206661,6.064560157332551,-0.0021183919358145342,1.2050103671311154,,,,,,,,,,,51,10.683141726539546,1778659235.2416434,0.12987494468688965,51,10.016219176627116,1778659235.2595296,0.05257105827331543,66,10.70722557702887,1778659235.2416434,0.10789608955383301,954,199.8469571051069,1778659235.3948748,0.00222015380859375,1206,200.90895852972508,1778659235.3948748,0.0009539127349853516
6.827261,1778659235.598589,1778659235.591227,0.5657242573525358,1.0759918539202444,1.2694566435442487,0.3912919601269291,1778659235.569409,0.25568039061287995,5.343184211504696,-1.0569533004280915,0.8110839893791933,1778659235.569409,-1.2203443338834399,6.068347745844301,0.0011700640477130264,1.2029975721609711,1778659235.569409,-1.2203443338834399,6.068347745844301,1.216170064047713,1.2029975721609711,1778659235.569409,0.2556803906128793,5.343184211504694,0.1580466995719082,0.811083989379193,1778659235.3416514,1,0.005881322082132101,0.9945976138114929,-1.2193471193313599,6.069397926330566,1.1941649688187057,1778659235.591227,-1.2194957733154297,6.069348335266113,0.0,1.202796359464962,0.0,0.0,0.0,1778659235.5693436,5.344171671490146,-0.15911756451721587,-0.3066281712706339,-0.03856201159295345,0.0,0.0,0.0,1778659235.5709407,-1.2233739157162038,6.065658381026353,0.0020950020356478305,1.204003008985868,,,,,,,,,,,53,10.251827144528503,1778659235.4462883,0.1310417652130127,53,10.312720795232632,1778659235.4933114,0.05045723915100098,68,10.323077079837283,1778659235.4462883,0.09889745712280273,994,205.31388622107872,1778659235.596302,0.0010077953338623047,1246,206.0036325523051,1778659235.596302,0.0004267692565917969
7.027817,1778659235.799145,1778659235.7377396,0.5619077665222694,1.0763447289589578,1.272713974448602,0.39122635178773774,1778659235.7598174,0.2599721092640468,5.35185687703319,-1.0565490380450473,0.8102574791789611,1778659235.7377396,-1.2220609018561892,6.076736053839398,0.00018113695772603577,1.2021257236929732,1778659235.7377396,-1.2220609018561892,6.076736053839398,1.2151811369577261,1.2021257236929732,1778659235.7598174,0.2599721092640468,5.35185687703319,0.15845096195495278,0.8102574791789611,1778659235.5419292,1,0.005903429817408323,0.9945574998855591,-1.2215027809143066,6.069904804229736,1.1943862758527501,1778659235.7377396,-1.2211322784423828,6.070168972015381,0.0,1.2026832176969036,0.0,0.0,0.0,1778659235.7597187,5.350377923611377,-0.1595620076370979,-0.309939471278229,-0.03967588615815143,0.0,0.0,0.0,1778659235.7711496,-1.2220609018561892,6.076736053839398,0.00018113695772603577,1.2021257236929732,,,,,,,,,,,55,9.98216572830638,1778659235.6418974,0.1322324275970459,55,9.960294220109208,1778659235.6817741,0.05065751075744629,70,10.00210615638669,1778659235.6418974,0.10416650772094727,1034,199.32176584193797,1778659235.794993,0.002075672149658203,1286,200.0948401790323,1778659235.794993,0.000989675521850586
7.227321,1778659235.998647,1778659235.9441803,0.5614402482869307,1.0628232025104276,1.2884563830667914,0.3911436306520358,1778659235.9754515,0.2608598438508052,5.3609526319491465,-1.0613673085468829,0.8100409729508411,1778659235.9441803,-1.2242166308073221,6.069347069904743,-0.0014689640691454287,1.2019054074074438,1778659235.9441803,-1.2242166308073221,6.069347069904743,1.2135310359308547,1.2019054074074438,1778659235.9754515,0.2608598438508052,5.3609526319491465,0.1536326914531172,0.8100409729508411,1778659235.7417464,1,0.005924918223172426,0.9946244955062866,-1.2222676277160645,6.066353797912598,1.1938103572346772,1778659235.9441803,-1.2220007181167603,6.065970420837402,0.0,1.2024302349818754,0.0,0.0,0.0,1778659235.975335,5.356626863626205,-0.1547423019038548,-0.3106966083702975,-0.04189039047709703,0.0,0.0,0.0,1778659235.971208,-1.2194585448900712,6.062728885953516,-9.29571604522117e-05,1.2039853362013777,,,,,,,,,,,57,9.976793861172295,1778659235.8416612,0.1467571258544922,57,10.042660254898435,1778659235.874586,0.05034780502319336,72,9.996869114096576,1778659235.8416612,0.10556244850158691,1073,198.94624002732112,1778659235.991144,0.0010328292846679688,1326,199.47248725209232,1778659235.997951,0.00038814544677734375
7.428570,1778659236.199905,1778659236.176521,0.5797816091586311,1.0651419789522416,1.307222950223275,0.39305635171961084,1778659236.1583843,0.2567721798539271,5.365461826956264,-1.06427878448969,0.8100311599563087,1778659236.1583843,-1.220840545045764,6.068392716697614,-0.0002763207422789016,1.2036206864327497,1778659236.1583843,-1.220840545045764,6.068392716697614,1.2147236792577212,1.2036206864327497,1778659236.1583843,0.25677217985392664,5.365461826956263,0.15072121551031006,0.8100311599563087,1778659235.9416614,1,0.005877912510186434,0.9946177005767822,-1.2196128368377686,6.069478988647461,1.195011865407841,1778659236.176521,-1.2196447849273682,6.069144248962402,0.0,1.203641212550731,0.0,0.0,0.0,1778659236.1582863,5.359670569067906,-0.15180561517426655,-0.3070732158872269,-0.043498862435454554,0.0,0.0,0.0,1778659236.1710653,-1.221884017228655,6.0654150584672974,-0.000379480818240463,1.203715481306078,,,,,,,,,,,59,9.998118277891024,1778659236.0417852,0.12660551071166992,59,9.97793594353459,1778659236.0812416,0.051085472106933594,74,9.994783263320908,1778659236.0417852,0.10567450523376465,1114,201.26315385390524,1778659236.195822,0.0007877349853515625,1366,201.56221016119002,1778659236.195822,0.00044989585876464844
7.627194,1778659236.398521,1778659236.3584557,0.5947681092239777,1.0686197691875603,1.3094228313147578,0.3959938677345654,1778659236.3608053,0.25335014932411304,5.374846014194886,-1.0611713515870693,0.8088709597416258,1778659236.3584557,-1.224270366687695,6.074664222758894,0.0021966305585330304,1.205391468320467,1778659236.3584557,-1.224270366687695,6.074664222758894,1.217196630558533,1.205391468320467,1778659236.3608053,0.25335014932411304,5.374846014194886,0.15382864841293076,0.8088709597416258,1778659236.1416683,1,0.005924155469983816,0.9943816065788269,-1.2203649282455444,6.0712199211120605,1.196480878418995,1778659236.3584557,-1.2204307317733765,6.0712761878967285,0.0,1.205132554473374,0.0,0.0,0.0,1778659236.3606997,5.367854302393841,-0.15480161053123698,-0.30613150363909336,-0.04653489396125971,0.0,0.0,0.0,1778659236.3716464,-1.224270366687695,6.074664222758894,0.0021966305585330304,1.205391468320467,,,,,,,,,,,61,10.005437468091193,1778659236.2417912,0.12508344650268555,61,10.003988425599406,1778659236.2662218,0.05171561241149902,76,10.002751153404848,1778659236.2417912,0.1052248477935791,1154,201.04146694991294,1778659236.3960328,0.0011751651763916016,1406,201.44894403064646,1778659236.3960328,0.0007295608520507812
7.827295,1778659236.598624,1778659236.5629382,0.5684994370464751,1.0619260417688026,1.3020344729150657,0.3922432108071129,1778659236.5611026,0.25358240090371553,5.373267587494337,-1.059198592082961,0.8101022733402713,1778659236.5611026,-1.2290949042175052,6.074942114385468,3.0493010580556756e-05,1.202861461016791,1778659236.5611026,-1.2290949042175052,6.074942114385468,1.2150304930105806,1.202861461016791,1778659236.5611026,0.25358240090371575,5.373267587494337,0.155801407917039,0.8101022733402713,1778659236.3416724,1,0.005972146987915039,0.9942766427993774,-1.2297276258468628,6.075516223907471,1.1942083898265254,1778659236.5629382,-1.2292314767837524,6.075016021728516,0.0,1.2028359884628603,0.0,0.0,0.0,1778659236.5610187,5.36741610318525,-0.15672951316090475,-0.30752313698919603,-0.04670536972885231,0.0,0.0,0.0,1778659236.5710382,-1.2290949042175052,6.074942114385468,3.0493010580556756e-05,1.202861461016791,,,,,,,,,,,63,10.026524138744797,1778659236.4461246,0.12179040908813477,63,9.99588897026212,1778659236.4681427,0.05101752281188965,78,10.005288057939254,1778659236.4461246,0.09860038757324219,1194,201.82874190987175,1778659236.5949578,0.0008754730224609375,1446,202.18365660770633,1778659236.5949578,0.0005233287811279297
8.027282,1778659236.798610,1778659236.7577517,0.5732042474001535,1.0660784120228695,1.3052320357693274,0.3935229280886774,1778659236.7593353,0.2535175259586353,5.364450461769739,-1.063034093579497,0.8106335057129035,1778659236.7577517,-1.2274819364085534,6.068082993098538,-0.002571349463834194,1.204641216925069,1778659236.7577517,-1.2274819364085534,6.068082993098538,1.2124286505361659,1.204641216925069,1778659236.7593353,0.2535175259586353,5.364450461769739,0.151965906420503,0.8106335057129035,1778659236.5416977,1,0.005956536624580622,0.9944958686828613,-1.2313156127929688,6.074697017669678,1.195367602187451,1778659236.7577517,-1.2314057350158691,6.07487678527832,0.0,1.2036726183734208,0.0,0.0,0.0,1778659236.7592425,5.358158588584976,-0.15289645219699266,-0.3073535750290658,-0.04702457475098895,0.0,0.0,0.0,1778659236.7713528,-1.2274819364085534,6.068082993098538,-0.002571349463834194,1.204641216925069,,,,,,,,,,,65,9.996493615768546,1778659236.6416764,0.12556028366088867,65,10.021376910022251,1778659236.673977,0.05062699317932129,80,9.99946740126194,1778659236.6416767,0.10532689094543457,1234,199.79650243320592,1778659236.79493,0.0010836124420166016,1486,200.05857275184135,1778659236.79493,0.0008223056793212891
8.227856,1778659236.999185,1778659236.9549482,0.5516780651877278,1.0718673868219553,1.3032464700804405,0.39077132576469714,1778659236.974762,0.24953381551770715,5.357080947752143,-1.0625742458955107,0.8107350673512752,1778659236.9549482,-1.2366652642246885,6.071960442669225,0.0007866694298659382,1.2020145347965003,1778659236.9549482,-1.2366652642246885,6.071960442669225,1.215786669429866,1.2020145347965003,1778659236.974762,0.24953381551770715,5.357080947752143,0.15242575410448933,0.8107350673512752,1778659236.7417617,1,0.0059737712144851685,0.9943462610244751,-1.2365082502365112,6.074314117431641,1.1935437410726977,1778659236.9549482,-1.2364823818206787,6.074662208557129,0.0,1.2022312308935894,0.0,0.0,0.0,1778659236.974659,5.3525556195272905,-0.15335314101699102,-0.3036181123199442,-0.045793063021500706,0.0,0.0,0.0,1778659236.9711359,-1.235955435519368,6.073283910051497,-0.00014409123538250412,1.2028722038720785,,,,,,,,,,,67,9.959813143321913,1778659236.8419507,0.14665937423706055,67,10.00137824931815,1778659236.865977,0.05032467842102051,82,9.995160062292452,1778659236.8419507,0.10534071922302246,1273,198.75881886868274,1778659236.9901369,0.002598285675048828,1525,199.56758731995495,1778659236.9901369,0.0007212162017822266
8.427159,1778659237.198489,1778659237.1617408,0.5558189182092482,1.06855943340934,1.2909426823224337,0.3918782682227668,1778659237.158827,0.25706763838961866,5.356989386236338,-1.0626048497563527,0.8106441028077385,1778659237.158827,-1.2323706261368237,6.071546115953746,5.901178353062697e-05,1.2029566338271385,1778659237.158827,-1.2323706261368237,6.071546115953746,1.2150590117835307,1.2029566338271385,1778659237.158827,0.25706763838961855,5.356989386236339,0.1523951502436473,0.8106441028077381,1778659236.9420476,1,0.005982582923024893,0.9945988655090332,-1.232324481010437,6.071340084075928,1.1943182791502245,1778659237.1617408,-1.2324843406677246,6.071356773376465,0.0,1.202966774743712,0.0,0.0,0.0,1778659237.158701,5.354343512809253,-0.15336174143186332,-0.3103897582641877,-0.043575931220142985,0.0,0.0,0.0,1778659237.171035,-1.2323706261368237,6.071546115953746,5.901178353062697e-05,1.2029566338271385,,,,,,,,,,,69,9.9933292095373,1778659237.0417857,0.12803053855895996,69,10.02845205635553,1778659237.062062,0.05060720443725586,84,10.003189627124623,1778659237.0417857,0.10350608825683594,1314,201.0179570694339,1778659237.196013,0.0007719993591308594,1566,201.46074874180215,1778659237.196013,0.00029015541076660156
8.627259,1778659237.398586,1778659237.3428497,0.5721982941256544,1.0607883220882552,1.281419960246347,0.39450364907704927,1778659237.3578887,0.2611415560204744,5.359343967366213,-1.0607338403309496,0.8098142651637047,1778659237.3428497,-1.2275094598288714,6.0639545411560585,-0.0004360001683481052,1.204703539218614,1778659237.3428497,-1.2275094598288714,6.0639545411560585,1.214563999831652,1.204703539218614,1778659237.3578887,0.2611415560204744,5.359343967366213,0.15426615966905044,0.8098142651637047,1778659237.1418676,1,0.006050263065844774,0.9944925308227539,-1.2286921739578247,6.062334060668945,1.1958181698877375,1778659237.3428497,-1.2288423776626587,6.062389850616455,0.0,1.204420519751219,0.0,0.0,0.0,1778659237.3578093,5.358357839704322,-0.15528846684134337,-0.3132354713235979,-0.04107346779650301,0.0,0.0,0.0,1778659237.3713741,-1.2275094598288714,6.0639545411560585,-0.0004360001683481052,1.204703539218614,,,,,,,,,,,71,10.00429099070842,1778659237.2418265,0.12654757499694824,71,9.999846937615063,1778659237.2777047,0.050499916076660156,86,9.999155592701213,1778659237.2418265,0.10442233085632324,1354,200.16282929743835,1778659237.394955,0.0012102127075195312,1606,200.97499829897586,1778659237.394955,0.0002760887145996094
8.827188,1778659237.598513,1778659237.5652184,0.5573264802853387,1.0635263476203263,1.279320847325014,0.39182771395342336,1778659237.5573883,0.2627660666086129,5.352595279604823,-1.0613491833215587,0.8104798825438826,1778659237.5573883,-1.2274211838448925,6.0652013542051675,-2.1875532325799085e-05,1.2028267573948124,1778659237.5573883,-1.2274211838448925,6.0652013542051675,1.2149781244676743,1.2028267573948124,1778659237.5573883,0.2627660666086128,5.352595279604822,0.1536508166784416,0.8104798825438826,1778659237.3417027,1,0.0060808174312114716,0.9943333864212036,-1.227900505065918,6.066099643707275,1.1941086465720152,1778659237.5652184,-1.2277754545211792,6.065778732299805,0.0,1.2027578428862136,0.0,0.0,0.0,1778659237.55731,5.352419379761194,-0.1547497398219944,-0.31304904770894515,-0.03889406224073966,0.0,0.0,0.0,1778659237.5711095,-1.2274211838448925,6.0652013542051675,-2.1875532325799085e-05,1.2028267573948124,,,,,,,,,,,73,10.030989541119556,1778659237.4461365,0.11659860610961914,73,10.029074077014263,1778659237.4722712,0.052605628967285156,88,9.998561589226023,1778659237.4461365,0.10110330581665039,1394,200.11507930070718,1778659237.596025,0.0007302761077880859,1646,200.3902405464132,1778659237.596025,0.0004296302795410156
9.027168,1778659237.798498,1778659237.742717,0.5551310054596776,1.064885631940258,1.286589803119868,0.39041335697223933,1778659237.7600946,0.2604965463133251,5.346392087167254,-1.0621267875338205,0.8115334948716002,1778659237.742717,-1.2226631605440508,6.062699538185814,0.0019808264457037428,1.2023882522743823,1778659237.742717,-1.2226631605440508,6.062699538185814,1.2169808264457038,1.2023882522743823,1778659237.7600946,0.2604965463133251,5.346392087167254,0.15287321246617958,0.8115334948716002,1778659237.5417006,1,0.005966921336948872,0.9946121573448181,-1.2216073274612427,6.066194534301758,1.193921496105168,1778659237.742717,-1.2217060327529907,6.066893577575684,0.0,1.2022457675340918,0.0,0.0,0.0,1778659237.7599485,5.3459851265795235,-0.15401317202759926,-0.30977568125934446,-0.038299646677232346,0.0,0.0,0.0,1778659237.7713792,-1.2226631605440508,6.062699538185814,0.0019808264457037428,1.2023882522743823,,,,,,,,,,,75,9.99181702340236,1778659237.6417105,0.12531232833862305,75,9.983439260245065,1778659237.6697478,0.05080676078796387,90,9.999924183466664,1778659237.6417105,0.10470271110534668,1434,201.3941960037145,1778659237.795629,0.0009663105010986328,1686,201.7085796397786,1778659237.795629,0.0006520748138427734
9.227551,1778659237.998886,1778659237.9676666,0.545156308175411,1.069676319103425,1.286492047260225,0.3897074599119373,1778659237.9591963,0.26475944277549157,5.34854064467078,-1.06078867239908,0.8109361168127589,1778659237.9591963,-1.2256237684177687,6.071008126722648,8.288953779267416e-05,1.2011822513497306,1778659237.9591963,-1.2256237684177687,6.071008126722648,1.2150828895377928,1.2011822513497306,1778659237.9591963,0.2647594427754919,5.348540644670782,0.15421132760092054,0.8109361168127593,1778659237.7417145,1,0.00616743927821517,0.9941773414611816,-1.2267032861709595,6.070433139801025,1.1924522763101029,1778659237.9676666,-1.2262004613876343,6.070625305175781,0.0,1.2011401182807708,0.0,0.0,0.0,1778659237.9590511,5.346625460598359,-0.15534879952628075,-0.31406442679294744,-0.039516303912832756,0.0,0.0,0.0,1778659237.9742837,-1.2256237684177687,6.071008126722648,8.288953779267416e-05,1.2011822513497306,,,,,,,,,,,77,10.043090210631485,1778659237.8419826,0.12376117706298828,77,10.013879462926335,1778659237.8665245,0.05053234100341797,92,10.00365486161946,1778659237.8419826,0.1037149429321289,1474,200.87874489099025,1778659237.9953952,0.0008487701416015625,1726,201.24789602273927,1778659237.9953952,0.0004429817199707031
9.427237,1778659238.198565,1778659238.1529913,0.575484826843701,1.070521307193941,1.2817985754342132,0.392822160058198,1778659238.163666,0.26043152643900935,5.355896562125094,-1.0582886532074243,0.8108255791823732,1778659238.1529913,-1.2162975597032875,6.071223010612932,-0.003059678577696401,1.204146941196391,1778659238.1529913,-1.2162975597032875,6.071223010612932,1.2119403214223037,1.204146941196391,1778659238.163666,0.26043152643900935,5.355896562125094,0.1567113467925758,0.8108255791823732,1778659237.9419916,1,0.0058870334178209305,0.9946278929710388,-1.214205026626587,6.068247318267822,1.1954761572603239,1778659238.1529913,-1.2148168087005615,6.068304061889648,0.0,1.2041380098462495,0.0,0.0,0.0,1778659238.1635795,5.352147180731581,-0.15777177437427328,-0.31149989834359726,-0.04254718987701999,0.0,0.0,0.0,1778659238.1710436,-1.2162975597032875,6.071223010612932,-0.003059678577696401,1.204146941196391,,,,,,,,,,,79,10.005833211748449,1778659238.0419254,0.129105806350708,79,9.965857650061418,1778659238.0918233,0.05051302909851074,94,9.999587076072318,1778659238.0419254,0.10357308387756348,1514,199.3297227835324,1778659238.1951878,0.002187013626098633,1766,199.64434086919434,1778659238.1951878,0.0018305778503417969
9.629203,1778659238.400532,1778659238.3461924,0.5701962842897363,1.0647910438836037,1.3019721584602322,0.392292923349505,1778659238.364168,0.25675083515585206,5.361383700365895,-1.0635773333951393,0.8102748657344865,1778659238.3461924,-1.2234645248034208,6.06724397275445,-0.0012998893340503415,1.2031271083603383,1778659238.3461924,-1.2234645248034208,6.06724397275445,1.2137001106659497,1.2031271083603383,1778659238.364168,0.25675083515585206,5.361383700365895,0.1514226666048608,0.8102748657344865,1778659238.1417205,1,0.006158413831144571,0.9939925670623779,-1.2218115329742432,6.0677595138549805,1.1946143143427086,1778659238.3461924,-1.2217978239059448,6.067573547363281,0.0,1.2032807461761952,0.0,0.0,0.0,1778659238.3640718,5.355990602335848,-0.15246239784083593,-0.3081637377112988,-0.04415379120335335,0.0,0.0,0.0,1778659238.3709733,-1.2234645248034208,6.06724397275445,-0.0012998893340503415,1.2031271083603383,,,,,,,,,,,81,9.993673514862856,1778659238.2417235,0.13069605827331543,81,9.999266201463506,1778659238.2765923,0.050922393798828125,96,9.999495531736727,1778659238.2417235,0.10468411445617676,1553,199.9795934519774,1778659238.390334,0.0010714530944824219,1805,200.0043869980821,1778659238.390334,0.0007483959197998047
9.828653,1778659238.599980,1778659238.5709178,0.5684447902963374,1.063887009023718,1.3048031446123198,0.39174127013093873,1778659238.5589697,0.25199107568064005,5.365666457355168,-1.0600338936948677,0.8100798337839256,1778659238.5589697,-1.226610340669482,6.0698754720566575,0.0003558065394402288,1.20244709407025,1778659238.5589697,-1.226610340669482,6.0698754720566575,1.2153558065394403,1.20244709407025,1778659238.5589697,0.25199107568064005,5.365666457355168,0.15496610630513247,0.8100798337839253,1778659238.3416955,1,0.0060300626792013645,0.9947443604469299,-1.2266143560409546,6.068955421447754,1.1937089473144298,1778659238.5709178,-1.2263225317001343,6.069268226623535,0.0,1.2023418947501117,0.0,0.0,0.0,1778659238.5588894,5.35934858867919,-0.15594441938695447,-0.30473410033868453,-0.04605086205640752,0.0,0.0,0.0,1778659238.5721123,-1.226096884479187,6.075396784222666,-0.0020844915185382895,1.2037962688458987,,,,,,,,,,,83,9.998008171170275,1778659238.4463115,0.12109184265136719,83,9.983688302231423,1778659238.4897835,0.050389766693115234,98,10.000695276914298,1778659238.4463115,0.09938788414001465,1594,199.96052567595012,1778659238.5964239,0.000888824462890625,1846,200.27465338856962,1778659238.5964239,0.0005395412445068359
10.027597,1778659238.798926,1778659238.7525024,0.5492840302753248,1.068673028134055,1.3145896538612247,0.39105401321580435,1778659238.757778,0.253385893457593,5.36066102733345,-1.0629821515032445,0.8115085385831385,1778659238.7525024,-1.2382060797455725,6.069835164980814,0.0009316819547275923,1.2030421080762632,1778659238.7525024,-1.2382060797455725,6.069835164980814,1.2159316819547277,1.2030421080762632,1778659238.757778,0.253385893457593,5.36066102733345,0.1520178484967556,0.8115085385831385,1778659238.5417204,1,0.006063413340598345,0.9950348138809204,-1.2379587888717651,6.072353363037109,1.1941306216330403,1778659238.7525024,-1.2373640537261963,6.072720050811768,0.0,1.2024118121816756,0.0,0.0,0.0,1778659238.757691,5.353577232133819,-0.1529448064800302,-0.30720459555184804,-0.04773952907076223,0.0,0.0,0.0,1778659238.7752533,-1.2382060797455725,6.069835164980814,0.0009316819547275923,1.2030421080762632,,,,,,,,,,,85,10.002210151760258,1778659238.6418855,0.1220407485961914,85,9.970725181944225,1778659238.677513,0.050749778747558594,100,10.002379983716905,1778659238.6418855,0.10365819931030273,1634,200.3119558562405,1778659238.794968,0.0009050369262695312,1886,200.76855179491497,1778659238.794968,0.00038623809814453125
10.227414,1778659239.000639,1778659238.948954,0.5664313269249497,1.0719476061387736,1.3113352185076206,0.39322927804837654,1778659238.969693,0.25383237022538996,5.362229081969326,-1.0662744444360355,0.8102872199679321,1778659238.948954,-1.2318602886755747,6.071665059776913,-0.0013714525023433843,1.204054349356303,1778659238.948954,-1.2318602886755747,6.071665059776913,1.2136285474976567,1.204054349356303,1778659238.969693,0.25383237022538996,5.362229081969326,0.1487255555639646,0.8102872199679321,1778659238.7417455,1,0.005823072977364063,0.9951223134994507,-1.232490062713623,6.071065902709961,1.1954923866028195,1778659238.948954,-1.2326406240463257,6.071465969085693,0.0,1.2041492685706707,0.0,0.0,0.0,1778659238.969609,5.355277169504112,-0.14965917628296008,-0.3075175722672041,-0.04740723915673325,0.0,0.0,0.0,1778659238.9709198,-1.2318602886755747,6.071665059776913,-0.0013714525023433843,1.204054349356303,,,,,,,,,,,87,9.980949048544684,1778659238.8417203,0.13531017303466797,87,10.008667823076378,1778659238.8682432,0.05100870132446289,102,10.000912749624385,1778659238.8417203,0.10501575469970703,1674,198.43890899628605,1778659238.995849,0.0022292137145996094,1926,199.5920888458284,1778659238.995849,0.0008301734924316406
10.427331,1778659239.198659,1778659239.1566386,0.5521935593432682,1.0642450174530587,1.3096554434316525,0.3920723865949097,1778659239.1715388,0.25646650305551577,5.3658058358327025,-1.0671618890881847,0.8096703878679818,1778659239.1566386,-1.2382143708851272,6.070682244336846,-0.0012976813528196018,1.2024183343306625,1778659239.1566386,-1.2382143708851272,6.070682244336846,1.2137023186471805,1.2024183343306625,1778659239.1715388,0.25646650305551577,5.3658058358327025,0.14783811091181542,0.8096703878679818,1778659238.9417114,1,0.005683302413672209,0.9953648447990417,-1.2342002391815186,6.067381381988525,1.1948578364234217,1778659239.1566386,-1.234153151512146,6.067387580871582,0.0,1.2034829133921643,0.0,0.0,0.0,1778659239.171472,5.359736334313503,-0.1488030693045404,-0.3095455112629769,-0.04610146279187562,0.0,0.0,0.0,1778659239.1709676,-1.2275494262355013,6.068168486227157,0.00043373319488448914,1.2044367945099457,,,,,,,,,,,89,9.990912596808236,1778659239.0419285,0.136094331741333,89,10.045232843068575,1778659239.0681207,0.05030202865600586,104,9.996771424634026,1778659239.0419285,0.10533452033996582,1713,199.236552744933,1778659239.1899898,0.0029249191284179688,1965,200.67729659332633,1778659239.1899898,0.00022149085998535156
10.628367,1778659239.399696,1778659239.3588922,0.5796534382034134,1.0588124778205754,1.3082152976594836,0.3937090116023256,1778659239.360964,0.2569981537449184,5.363798888977554,-1.0642747828463257,0.8102121263031439,1778659239.3588922,-1.2200272915731571,6.061659980800985,0.003411699841178395,1.2043808709369792,1778659239.3588922,-1.2200272915731571,6.061659980800985,1.2184116998411785,1.2043808709369792,1778659239.360964,0.2569981537449184,5.363798888977554,0.15072521715367437,0.8102121263031439,1778659239.1417143,1,0.005688553676009178,0.9952023029327393,-1.222131371498108,6.063758373260498,1.195361722125266,1778659239.3588922,-1.222633719444275,6.063564300537109,0.0,1.2039644228115345,0.0,0.0,0.0,1778659239.3608844,5.360434170005892,-0.15172111638793592,-0.3096066294090274,-0.043512526965448384,0.0,0.0,0.0,1778659239.371045,-1.2200272915731571,6.061659980800985,0.003411699841178395,1.2043808709369792,,,,,,,,,,,91,10.016159378834892,1778659239.2421134,0.1270911693572998,91,10.013202909796796,1778659239.272824,0.051474571228027344,106,9.998606399225954,1778659239.2421134,0.10439348220825195,1754,201.31995649423394,1778659239.395833,0.0007052421569824219,2006,201.69228431453635,1778659239.395833,0.0002999305725097656
10.827560,1778659239.598904,1778659239.5502784,0.5716182151371099,1.067045128765356,1.28980713562064,0.3929069436644061,1778659239.5603204,0.2609275265892885,5.351745969425719,-1.0612693960085304,0.810600145954814,1778659239.5502784,-1.2178989604207089,6.065074836864059,0.0015566186997024722,1.203931278316484,1778659239.5502784,-1.2178989604207089,6.065074836864059,1.2165566186997026,1.203931278316484,1778659239.5603204,0.2609275265892885,5.351745969425719,0.15373060399146965,0.810600145954814,1778659239.3417735,1,0.0057975915260612965,0.9952894449234009,-1.222582221031189,6.069154262542725,1.1952081435747985,1778659239.5502784,-1.2229381799697876,6.06881046295166,0.0,1.2038404730621617,0.0,0.0,0.0,1778659239.5602238,5.3513125877807965,-0.15477358809966837,-0.31254412257911984,-0.04027156741325871,0.0,0.0,0.0,1778659239.5721126,-1.2178989604207089,6.065074836864059,0.0015566186997024722,1.203931278316484,,,,,,,,,,,93,9.993044449337626,1778659239.4463873,0.12075328826904297,93,10.024276397212105,1778659239.465436,0.05042433738708496,108,9.999313401637155,1778659239.4463873,0.1001439094543457,1794,201.95390931125903,1778659239.5951226,0.0005033016204833984,2046,202.265752341271,1778659239.5951226,0.0002052783966064453
11.027712,1778659239.799039,1778659239.7595053,0.5767137707323752,1.0647858808948905,1.2767354197282932,0.3947836309215932,1778659239.7609239,0.26237531435216077,5.349044487619377,-1.0625554725354256,0.810758868596073,1778659239.7595053,-1.2214961583784771,6.0589644287055595,-0.002042614783076102,1.2059862724003159,1778659239.7595053,-1.2214961583784771,6.0589644287055595,1.212957385216924,1.2059862724003159,1778659239.7609239,0.26237531435216077,5.349044487619377,0.1524445274645745,0.810758868596073,1778659239.5417244,1,0.005704674404114485,0.9954030513763428,-1.2214442491531372,6.062100887298584,1.1965182910172276,1778659239.7595053,-1.221843957901001,6.062957286834717,0.0,1.204784650455017,0.0,0.0,0.0,1778659239.760831,5.348275539489474,-0.15354635165372224,-0.31258250430141554,-0.03933982785673593,0.0,0.0,0.0,1778659239.7718382,-1.2214961583784771,6.0589644287055595,-0.002042614783076102,1.2059862724003159,,,,,,,,,,,95,10.024083301407883,1778659239.6419842,0.12552833557128906,95,9.957718139415803,1778659239.6806848,0.05066251754760742,110,10.000484490024656,1778659239.6419842,0.10424542427062988,1834,201.01044277560254,1778659239.7950017,0.0011806488037109375,2086,201.3191834540489,1778659239.7950017,0.0008435249328613281
11.228544,1778659239.999873,1778659239.95567,0.5741322895265614,1.072763591912656,1.2789075744559233,0.3925886306267644,1778659239.9617598,0.26115943821975307,5.344611928759539,-1.060803111758923,0.8112195945375522,1778659239.95567,-1.2135322268795705,6.065770265973648,0.0007594812467466294,1.2042310859078567,1778659239.95567,-1.2135322268795705,6.065770265973648,1.2157594812467467,1.2042310859078567,1778659239.9617598,0.26115943821975307,5.344611928759539,0.15419688824107713,0.8112195945375522,1778659239.7419853,1,0.005795794539153576,0.9952546954154968,-1.2158902883529663,6.066432476043701,1.19500088458652,1778659239.95567,-1.2158132791519165,6.066514015197754,0.0,1.2036529406667886,0.0,0.0,0.0,1778659239.9616504,5.344640346775512,-0.15533238320890413,-0.31055029842459375,-0.03801264970084133,0.0,0.0,0.0,1778659239.9715936,-1.2135322268795705,6.065770265973648,0.0007594812467466294,1.2042310859078567,,,,,,,,,,,97,9.99297111907113,1778659239.8418813,0.12740015983581543,97,9.975360220204982,1778659239.872505,0.05083584785461426,112,10.003762229571564,1778659239.8418813,0.10366034507751465,1874,200.21518947461882,1778659239.996027,0.001062631607055664,2126,200.719167626163,1778659239.996027,0.0004756450653076172
11.427155,1778659240.198479,1778659240.1424785,0.5659285962567628,1.0716015499432565,1.2831517569052133,0.3923313889025056,1778659240.1602497,0.2619790227806489,5.349388030766487,-1.0608144958414132,0.8103696028479215,1778659240.1424785,-1.2211985198969717,6.067932083389884,-0.00016315157104762612,1.2033352568584583,1778659240.1424785,-1.2211985198969717,6.067932083389884,1.2148368484289525,1.2033352568584583,1778659240.1602497,0.2619790227806489,5.349388030766487,0.1541855041585869,0.8103696028479215,1778659239.9417334,1,0.005767703056335449,0.9954363107681274,-1.218294382095337,6.066192150115967,1.195300915157128,1778659240.1424785,-1.2180664539337158,6.066338062286377,0.0,1.2039385700309595,0.0,0.0,0.0,1778659240.160148,5.347208465441504,-0.15533984823401215,-0.3108549972616398,-0.039316884316220546,0.0,0.0,0.0,1778659240.1713214,-1.2211985198969717,6.067932083389884,-0.00016315157104762612,1.2033352568584583,,,,,,,,,,,99,10.010794835778059,1778659240.0417323,0.13323283195495605,99,10.01793304560017,1778659240.0603724,0.05050802230834961,114,10.000412958031733,1778659240.0417323,0.10425066947937012,1914,199.38695569499905,1778659240.195721,0.0013058185577392578,2166,199.77118950024624,1778659240.195721,0.0008859634399414062
11.627206,1778659240.398533,1778659240.3533807,0.5811676624939497,1.0755708913759259,1.2919972137005056,0.3930457345698565,1778659240.3599904,0.25675104282809613,5.357038559133725,-1.0601776278836637,0.8101694957446305,1778659240.3533807,-1.216774626575469,6.073933282028694,0.0002588726321715029,1.203743005936323,1778659240.3533807,-1.216774626575469,6.073933282028694,1.2152588726321716,1.203743005936323,1778659240.3599904,0.25675104282809613,5.357038559133725,0.15482237211633643,0.8101694957446305,1778659240.1417344,1,0.006035530474036932,0.9949443340301514,-1.2147064208984375,6.070558071136475,1.1952367364395737,1778659240.3533807,-1.2145551443099976,6.070448398590088,0.0,1.203842592160957,0.0,0.0,0.0,1778659240.3598588,5.35307627728779,-0.15592294642880164,-0.3068379021772933,-0.04181793816687374,0.0,0.0,0.0,1778659240.3716006,-1.216774626575469,6.073933282028694,0.0002588726321715029,1.203743005936323,,,,,,,,,,,101,9.997184116050077,1778659240.2418673,0.13113141059875488,101,9.973257248491684,1778659240.2745962,0.050940752029418945,116,10.005667081527442,1778659240.2418673,0.10497164726257324,1954,200.70437632070562,1778659240.3950589,0.001165628433227539,2206,201.24924788905128,1778659240.3950589,0.0005817413330078125
11.827367,1778659240.598697,1778659240.5564067,0.5915308681337162,1.0652706617836338,1.2952990436011942,0.3948170911545966,1778659240.5605114,0.24754425890528076,5.367698686992515,-1.0549074489348431,0.8100232875290276,1778659240.5564067,-1.2257949194739926,6.066615961693513,0.003424900590897284,1.2052794940930551,1778659240.5564067,-1.2257949194739926,6.066615961693513,1.2184249005908974,1.2052794940930551,1778659240.5605114,0.24754425890528076,5.367698686992515,0.16009255106515696,0.8100232875290276,1778659240.3417332,1,0.0061248959973454475,0.9949069023132324,-1.2185901403427124,6.065128803253174,1.1958751033763682,1778659240.5564067,-1.2186169624328613,6.065530300140381,0.0,1.2045247501298493,0.0,0.0,0.0,1778659240.560448,5.363922980440118,-0.1610740291199273,-0.3004572919667588,-0.04409847279802726,0.0,0.0,0.0,1778659240.5712852,-1.2257949194739926,6.066615961693513,0.003424900590897284,1.2052794940930551,,,,,,,,,,,103,10.023255900650685,1778659240.4464927,0.11931943893432617,103,10.039729937913295,1778659240.472312,0.05172300338745117,118,9.998481504269071,1778659240.4464927,0.09956026077270508,1994,201.5246342886081,1778659240.595794,0.0005612373352050781,2246,201.88003400041006,1778659240.595794,0.00027942657470703125
12.027885,1778659240.799212,1778659240.7752306,0.6160437284213313,1.055820227423385,1.2998481477328623,0.3972055047973194,1778659240.7619474,0.24697243603752428,5.382954665296941,-1.0584944867089023,0.808459348569242,1778659240.7619474,-1.2178997861121243,6.0684857073933,-0.00041892396151022027,1.2057000566195135,1778659240.7619474,-1.2178997861121243,6.0684857073933,1.2145810760384899,1.2057000566195135,1778659240.7619474,0.24697243603752406,5.382954665296938,0.15650551329109785,0.808459348569242,1778659240.5417516,1,0.006064621265977621,0.9950181841850281,-1.2174533605575562,6.0658674240112305,1.197916350157211,1778659240.7752306,-1.2173511981964111,6.066473960876465,0.0,1.2061604502003997,0.0,0.0,0.0,1778659240.7618287,5.377492067820345,-0.15746576104343304,-0.30022500325157125,-0.04564600715901694,0.0,0.0,0.0,1778659240.771125,-1.2193555730214438,6.079633196726101,0.0009829830963719033,1.201426323606847,,,,,,,,,,,105,10.01185198962662,1778659240.6425498,0.12573695182800293,105,9.964262392040268,1778659240.6972976,0.05312514305114746,120,9.99344445155525,1778659240.6425498,0.1069183349609375,2033,199.37103330785524,1778659240.790205,0.002201557159423828,2286,198.74751702072814,1778659240.797654,0.0005404949188232422
12.229291,1778659241.000618,1778659240.9512374,0.5915669261885375,1.0609627953455276,1.3046270593585503,0.39545779651763685,1778659240.976547,0.24897533620934809,5.3773511658293875,-1.0606999759079931,0.8079381682169713,1778659240.9512374,-1.2282290645005098,6.0702830054702215,-0.001224323626900059,1.20393762697789,1778659240.9512374,-1.2282290645005098,6.0702830054702215,1.2137756763731,1.20393762697789,1778659240.976547,0.24897533620934809,5.3773511658293875,0.15430002409200694,0.8079381682169713,1778659240.7426167,1,0.006188163999468088,0.9950443506240845,-1.230389952659607,6.07309103012085,1.1954980604593322,1778659240.9512374,-1.2297189235687256,6.072620868682861,0.0,1.2040972309696267,0.0,0.0,0.0,1778659240.9763877,5.370950489237791,-0.15521645787721558,-0.30311642402839595,-0.0471395483054744,0.0,0.0,0.0,1778659240.971059,-1.2193093491202385,6.065526084453776,-0.00037754479167984023,1.2041046274215004,,,,,,,,,,,107,9.992693997523116,1778659240.8420227,0.15015649795532227,107,10.01344674526406,1778659240.8666914,0.05157923698425293,122,10.001951121427428,1778659240.8420227,0.10431885719299316,2073,198.20840902260184,1778659240.990197,0.0032258033752441406,2326,199.87152728139148,1778659240.9961848,0.0040814876556396484
12.427634,1778659241.198972,1778659241.15158,0.5543672309301367,1.0657770580924897,1.3035796286945087,0.3913276466075995,1778659241.1603432,0.2513585491124708,5.364513039122127,-1.060469062414274,0.809876176119237,1778659241.15158,-1.2370212685248592,6.07221888896519,0.0007743844462919647,1.2016627948634258,1778659241.15158,-1.2370212685248592,6.07221888896519,1.215774384446292,1.2016627948634258,1778659241.1603432,0.2513585491124708,5.364513039122127,0.154530937585726,0.809876176119237,1778659240.9417717,1,0.006085539236664772,0.9952777624130249,-1.239546537399292,6.076663970947266,1.1929812679196483,1778659241.15158,-1.239230990409851,6.0766143798828125,0.0,1.2016179663902866,0.0,0.0,0.0,1778659241.16025,5.359271438241637,-0.15542389142313348,-0.3061476942851653,-0.04691690884997689,0.0,0.0,0.0,1778659241.1712968,-1.2370212685248592,6.07221888896519,0.0007743844462919647,1.2016627948634258,,,,,,,,,,,109,9.998090155164642,1778659241.0417836,0.12770342826843262,109,10.043754935007918,1778659241.0598464,0.0507357120513916,124,10.004311035100184,1778659241.0417836,0.10362887382507324,2114,200.70245553188516,1778659241.1950228,0.0013399124145507812,2366,200.88952068763035,1778659241.1950228,0.001117706298828125
12.628047,1778659241.399380,1778659241.3546703,0.556426058835643,1.070486868215093,1.2991076547982354,0.3929690085357747,1778659241.3615797,0.2506662288711319,5.360178708242613,-1.0587653138427529,0.8101103811822501,1778659241.3546703,-1.2422023436007343,6.070511199753733,0.002739297107048344,1.203480239039468,1778659241.3546703,-1.2422023436007343,6.070511199753733,1.2177392971070484,1.203480239039468,1778659241.3615797,0.2506662288711319,5.360178708242613,0.15623468615724723,0.8101103811822501,1778659241.1417477,1,0.005865526385605335,0.995509922504425,-1.2394237518310547,6.071100234985352,1.194512965038217,1778659241.3546703,-1.2392346858978271,6.07160758972168,0.0,1.2031583957047205,0.0,0.0,0.0,1778659241.3614788,5.357047341554044,-0.15713488031223263,-0.3054559395523415,-0.04519962305638177,0.0,0.0,0.0,1778659241.3711514,-1.2422023436007343,6.070511199753733,0.002739297107048344,1.203480239039468,,,,,,,,,,,111,9.991259115648516,1778659241.2417986,0.12953996658325195,111,9.98007175993828,1778659241.277578,0.05039381980895996,126,10.002727298483503,1778659241.2417986,0.10396933555603027,2153,199.2744162357444,1778659241.3907878,0.0009920597076416016,2405,199.2462065682827,1778659241.3907878,0.0006570816040039062
12.827215,1778659241.598542,1778659241.5773115,0.5607517311551271,1.0621772944639942,1.2899027705609374,0.39211544271191356,1778659241.5700462,0.255294638800057,5.358521933542205,-1.0614679666314044,0.8103401710296048,1778659241.5700462,-1.2304014487551203,6.065630695386507,-0.00015069688259616854,1.2029433036597144,1778659241.5700462,-1.2304014487551203,6.065630695386507,1.214849303117404,1.2029433036597144,1778659241.5700462,0.25529463880005676,5.3585219335422085,0.15353203336859544,0.8103401710296048,1778659241.3423617,1,0.006009330507367849,0.995378851890564,-1.2310250997543335,6.0650434494018555,1.1942346815373968,1778659241.5773115,-1.2308318614959717,6.065378665924072,0.0,1.2028979075177328,0.0,0.0,0.0,1778659241.5699534,5.3558465330742875,-0.15449145118314134,-0.3087786220141687,-0.04371384921773681,0.0,0.0,0.0,1778659241.5714967,-1.2285767886788053,6.069813905242954,-0.0019663008307044816,1.2033520540658984,,,,,,,,,,,113,9.983352288585467,1778659241.4462135,0.13013100624084473,113,9.916849203224498,1778659241.5102916,0.050830841064453125,128,9.994731342554477,1778659241.4462135,0.10125041007995605,2194,200.29569409796107,1778659241.595203,0.001117706298828125,2446,200.75163930503038,1778659241.595203,0.0005726814270019531
13.027242,1778659241.798573,1778659241.7438064,0.5513784145727962,1.0647629791635813,1.2836472604793197,0.39095779730387437,1778659241.760549,0.25889747371453153,5.352174853578887,-1.0616656964163178,0.8105396576101352,1778659241.7438064,-1.2302743755120678,6.06663069848104,-0.001166836088641876,1.2019829142567142,1778659241.7438064,-1.2302743755120678,6.06663069848104,1.2138331639113582,1.2019829142567142,1778659241.760549,0.25889747371453153,5.352174853578887,0.15333430358368227,0.8105396576101352,1778659241.5423605,1,0.006059293169528246,0.9955678582191467,-1.2326416969299316,6.067797660827637,1.193750506824911,1778659241.7438064,-1.2328685522079468,6.067897796630859,0.0,1.202126292398666,0.0,0.0,0.0,1778659241.760486,5.350924229471015,-0.15439785773301243,-0.3100136962768436,-0.04050619060107345,0.0,0.0,0.0,1778659241.7720602,-1.2302743755120678,6.06663069848104,-0.001166836088641876,1.2019829142567142,,,,,,,,,,,115,10.002415763656757,1778659241.6419625,0.12413501739501953,115,9.952902028825825,1778659241.6948533,0.053466081619262695,130,9.999037835199765,1778659241.6419625,0.10563063621520996,2234,201.64515908813382,1778659241.7952058,0.0009675025939941406,2486,202.05314277290856,1778659241.7952058,0.0004525184631347656
13.227215,1778659241.998542,1778659241.9653764,0.5592667948064182,1.0698047912775253,1.273179589970988,0.3907788740006716,1778659241.9595964,0.25866330502018187,5.34814397182395,-1.0579075755086516,0.811751152900313,1778659241.9595964,-1.2231175184800307,6.068693598678736,0.00019595544679873456,1.2030378597427127,1778659241.9595964,-1.2231175184800307,6.068693598678736,1.2151959554467988,1.2030378597427127,1778659241.9595964,0.2586633050201821,5.34814397182395,0.15709242449134858,0.8117511529003132,1778659241.7417605,1,0.006465886253863573,0.9946070313453674,-1.2222886085510254,6.069186687469482,1.1943068725255752,1778659241.9653764,-1.2228466272354126,6.068984031677246,0.0,1.202968362065811,0.0,0.0,0.0,1778659241.9594944,5.348605368378511,-0.15818910789775767,-0.3089986178845241,-0.03851916907212131,0.0,0.0,0.0,1778659241.9710383,-1.2231175184800307,6.068693598678736,0.00019595544679873456,1.2030378597427127,,,,,,,,,,,117,10.036870021472655,1778659241.8417995,0.12852144241333008,117,9.918502962281774,1778659241.9066622,0.05077099800109863,132,10.0036939910062,1778659241.8417995,0.10376548767089844,2273,200.7566358804699,1778659241.989981,0.0004363059997558594,2525,201.03125296564312,1778659241.989981,0.0001926422119140625
13.427264,1778659242.198592,1778659242.144165,0.5619237183682606,1.0695492950425955,1.2736192229169159,0.3921391901725104,1778659242.161972,0.2628676458624559,5.350189259476829,-1.0570556692562887,0.810816251062265,1778659242.144165,-1.2240254085391826,6.068989752685765,-0.00023546257302053952,1.2034174569004197,1778659242.144165,-1.2240254085391826,6.068989752685765,1.2147645374269795,1.2034174569004197,1778659242.161972,0.2628676458624559,5.350189259476829,0.1579443307437114,0.810816251062265,1778659241.9417746,1,0.006260501220822334,0.9948693513870239,-1.2236942052841187,6.067090034484863,1.1946945270647136,1778659242.144165,-1.2240374088287354,6.066995143890381,0.0,1.2034256955146478,0.0,0.0,0.0,1778659242.1618912,5.3498255962173165,-0.1590631815747133,-0.31266532053224083,-0.03865569900606159,0.0,0.0,0.0,1778659242.1710215,-1.2240254085391826,6.068989752685765,-0.00023546257302053952,1.2034174569004197,,,,,,,,,,,119,9.990023562266133,1778659242.0417545,0.13312172889709473,119,9.991320996542262,1778659242.0651324,0.05193495750427246,134,9.998049639650546,1778659242.0417545,0.1046290397644043,2314,200.22990876212083,1778659242.1954062,0.0008625984191894531,2566,200.31329517754665,1778659242.1954062,0.0004642009735107422
13.627248,1778659242.398574,1778659242.353273,0.5629358288088296,1.0675106069276323,1.2877285896009174,0.3913984901650659,1778659242.3600926,0.26270931760083793,5.354118927028969,-1.062983754401611,0.8108720402904865,1778659242.353273,-1.220849682134991,6.0692068315101,-0.0026274856965535776,1.2027900220671992,1778659242.353273,-1.220849682134991,6.0692068315101,1.2123725143034465,1.2027900220671992,1778659242.3600926,0.26270931760083793,5.354118927028969,0.1520162455983891,0.8108720402904865,1778659242.1419725,1,0.006196072790771723,0.9949322938919067,-1.2197372913360596,6.068120956420898,1.1939361533830641,1778659242.353273,-1.2198387384414673,6.067996025085449,0.0,1.2026147629742827,0.0,0.0,0.0,1778659242.3599706,5.350606287791372,-0.1531738286815778,-0.31142681419952584,-0.040317699206781875,0.0,0.0,0.0,1778659242.371027,-1.220849682134991,6.0692068315101,-0.0026274856965535776,1.2027900220671992,,,,,,,,,,,121,9.999532721420909,1778659242.2417786,0.1269075870513916,121,10.01350029503545,1778659242.2709672,0.05055117607116699,136,10.00304505537193,1778659242.2417786,0.1030573844909668,2354,201.00215843611144,1778659242.395226,0.001056671142578125,2606,201.24075074536205,1778659242.395226,0.0008015632629394531
13.827159,1778659242.598485,1778659242.5490086,0.5665235913909571,1.0694041698124557,1.297773700552584,0.39187405863079366,1778659242.556886,0.2616485350317257,5.358489904747102,-1.0579120505678965,0.8108251825152908,1778659242.5490086,-1.2217570824554218,6.07262292965596,0.005415988807079275,1.2031878362265602,1778659242.5490086,-1.2217570824554218,6.07262292965596,1.2204159888070794,1.2031878362265602,1778659242.556886,0.2616485350317257,5.358489904747102,0.15708794943210358,0.8108251825152908,1778659242.3417742,1,0.006114988122135401,0.9954157471656799,-1.2204033136367798,6.071096420288086,1.1943810343299657,1778659242.5490086,-1.2201926708221436,6.070979118347168,0.0,1.2030484896707807,0.0,0.0,0.0,1778659242.5567982,5.354936312125275,-0.1581533139882542,-0.31261323954764825,-0.04229597861045855,0.0,0.0,0.0,1778659242.5720632,-1.2217570824554218,6.07262292965596,0.005415988807079275,1.2031878362265602,,,,,,,,,,,123,9.9957741482926,1778659242.4462254,0.11871981620788574,123,10.00500213849173,1778659242.4712372,0.051201820373535156,138,10.002151475205643,1778659242.4462254,0.1000664234161377,2394,198.93604911476555,1778659242.5952098,0.0018949508666992188,2646,198.6774742410635,1778659242.5952098,0.0019788742065429688
14.027754,1778659242.799081,1778659242.7699013,0.5746629294721122,1.061018900001321,1.2979072273152583,0.39266997124801584,1778659242.7578936,0.25719797395248234,5.369550295333719,-1.059130162170591,0.8096229333686498,1778659242.7578936,-1.223613481176755,6.072270169706229,-0.00015510892820902455,1.2026887066525729,1778659242.7578936,-1.223613481176755,6.072270169706229,1.214844891071791,1.2026887066525729,1778659242.7578936,0.2571979739524827,5.369550295333722,0.155869837829409,0.8096229333686498,1778659242.5418484,1,0.006551447790116072,0.9944093823432922,-1.2227896451950073,6.071398735046387,1.1945000712859282,1778659242.7699013,-1.2228119373321533,6.071457862854004,0.0,1.2028006820788841,0.0,0.0,0.0,1778659242.7577367,5.364655557117817,-0.1568875114254752,-0.3091793075233837,-0.04418000295435068,0.0,0.0,0.0,1778659242.771312,-1.2244967179959456,6.073464093566047,-1.0814369209910524e-05,1.2026384711975886,,,,,,,,,,,125,10.002206335378048,1778659242.6417954,0.12422609329223633,125,9.97257526584949,1778659242.682792,0.051564931869506836,140,10.00152086496536,1778659242.6417954,0.10395526885986328,2434,200.25074885678194,1778659242.795491,0.001180410385131836,2686,200.59725248552303,1778659242.795491,0.0007891654968261719
14.227744,1778659242.999070,1778659242.960189,0.5555813613519504,1.0656959092225986,1.3005132789759948,0.3904367988482984,1778659242.9631486,0.25724907932812435,5.362424550390767,-1.0656688383422361,0.8110468910289866,1778659242.960189,-1.2270278165911819,6.073114303094089,-0.00567853566093901,1.2020234949505386,1778659242.960189,-1.2270278165911819,6.073114303094089,1.209321464339061,1.2020234949505386,1778659242.9631486,0.25724907932812435,5.362424550390767,0.14933116165776394,0.8110468910289866,1778659242.7417924,1,0.006352801341563463,0.9948078989982605,-1.229823112487793,6.0766496658325195,1.1930481022996102,1778659242.960189,-1.2290778160095215,6.07596492767334,0.0,1.201667988261047,0.0,0.0,0.0,1778659242.9630246,5.354965894483378,-0.15032410198760293,-0.3095036247767834,-0.04665082368278571,0.0,0.0,0.0,1778659242.9711747,-1.2270278165911819,6.073114303094089,-0.00567853566093901,1.2020234949505386,,,,,,,,,,,127,9.985395334668146,1778659242.8417945,0.1313488483428955,127,9.955990779056544,1778659242.8886602,0.05054759979248047,142,9.999259526727437,1778659242.8417945,0.10437798500061035,2474,199.12664087165,1778659242.995231,0.0024232864379882812,2726,200.36496838533017,1778659242.995231,0.0009851455688476562
14.427559,1778659243.198894,1778659243.1495633,0.5699993704449425,1.0741439236688577,1.3097674956915766,0.39281648642449446,1778659243.1586943,0.25230333480417233,5.364323853268907,-1.0626843648712718,0.8102875944001939,1778659243.1495633,-1.227723376743226,6.076249255670579,0.0003425487890107437,1.2036778395983343,1778659243.1495633,-1.227723376743226,6.076249255670579,1.2153425487890108,1.2036778395983343,1778659243.1586943,0.25230333480417233,5.364323853268907,0.15231563512872826,0.8102875944001939,1778659242.9420295,1,0.006165384780615568,0.9948083162307739,-1.2243801355361938,6.075607776641846,1.195725524968086,1778659243.1495633,-1.2251759767532349,6.075671195983887,0.0,1.2044034201783798,0.0,0.0,0.0,1778659243.1585987,5.3577731156073325,-0.1532275116628201,-0.306528756327956,-0.04754453099679683,0.0,0.0,0.0,1778659243.171945,-1.227723376743226,6.076249255670579,0.0003425487890107437,1.2036778395983343,,,,,,,,,,,129,10.011372132632426,1778659243.0417955,0.12362408638000488,129,9.972495596632518,1778659243.1047955,0.05138421058654785,144,9.997315174147568,1778659243.0417955,0.1051480770111084,2513,200.36113982607964,1778659243.1903489,0.0008585453033447266,2766,199.60557674882548,1778659243.1960242,0.0015034675598144531
14.627840,1778659243.399167,1778659243.3545523,0.5814142207311984,1.0639249916575486,1.3024916705264806,0.3937079109767712,1778659243.3588085,0.24519856114870509,5.370988525706766,-1.0611866669162222,0.8095383503630165,1778659243.3545523,-1.2293976254959311,6.0692802021085015,-0.001202574941983059,1.2037440511378144,1778659243.3545523,-1.2293976254959311,6.0692802021085015,1.213797425058017,1.2037440511378144,1778659243.3588085,0.24519856114870509,5.370988525706766,0.15381333308377787,0.8095383503630165,1778659243.1417925,1,0.006009934935718775,0.9950094819068909,-1.225892186164856,6.066986560821533,1.1956180331488058,1778659243.3545523,-1.2260891199111938,6.067350387573242,0.0,1.2042190589134145,0.0,0.0,0.0,1778659243.3587308,5.365163193650633,-0.15470946124662333,-0.2998581533996298,-0.04725554320355683,0.0,0.0,0.0,1778659243.3718479,-1.2293976254959311,6.0692802021085015,-0.001202574941983059,1.2037440511378144,,,,,,,,,,,131,10.009574511752403,1778659243.2418535,0.12584352493286133,131,9.95669318553867,1778659243.298703,0.05060386657714844,146,10.000165465231724,1778659243.2418535,0.1045539379119873,2553,198.62836078600742,1778659243.3913789,0.0011610984802246094,2806,201.40831543807215,1778659243.3950489,0.0007855892181396484
14.827334,1778659243.598665,1778659243.5738528,0.6051061469891231,1.0631417661388618,1.2813716519697695,0.3976062559116699,1778659243.5591433,0.24572548264887928,5.370622424849155,-1.0561156549398047,0.8082614161967112,1778659243.5591433,-1.226819960835992,6.065486580895135,0.0005934954132904569,1.2058716405803216,1778659243.5591433,-1.226819960835992,6.065486580895135,1.2155934954132905,1.2058716405803216,1778659243.5591433,0.24572548264887983,5.370622424849154,0.15888434506019536,0.8082614161967113,1778659243.3418455,1,0.006386748980730772,0.9944382905960083,-1.2268363237380981,6.065162658691406,1.197658115866568,1778659243.5738528,-1.2268595695495605,6.065274238586426,0.0,1.2062787484403834,0.0,0.0,0.0,1778659243.5590343,5.368638735340492,-0.1597953119448685,-0.3003293798130261,-0.0439277652595957,0.0,0.0,0.0,1778659243.5714054,-1.22751678308172,6.069382821306979,0.0015446713235434117,1.2026256466412093,,,,,,,,,,,133,10.002625677793324,1778659243.4464324,0.1197507381439209,133,9.986635450176752,1778659243.4956672,0.051249027252197266,148,9.999004939875148,1778659243.4464324,0.09986066818237305,2593,199.51936158431818,1778659243.590071,0.0014410018920898438,2846,200.54450053503345,1778659243.596416,0.0007405281066894531
15.029223,1778659243.800552,1778659243.7483318,0.5833546653402378,1.058329884349994,1.2874868593813358,0.3936341064252582,1778659243.7633386,0.2450253268979461,5.370256119006744,-1.0581866985216362,0.8081609428212663,1778659243.7483318,-1.2295550378731446,6.065965516791718,0.00011753446046913751,1.2023015202440834,1778659243.7483318,-1.2295550378731446,6.065965516791718,1.2151175344604692,1.2023015202440834,1778659243.7633386,0.2450253268979461,5.370256119006744,0.15681330147836392,0.8081609428212663,1778659243.5418034,1,0.006126624997705221,0.9948400259017944,-1.2283862829208374,6.06630802154541,1.194495989452589,1778659243.7483318,-1.2286933660507202,6.066805362701416,0.0,1.2027906262826955,0.0,0.0,0.0,1778659243.763248,5.369064754385778,-0.1578000532841974,-0.2979384640477831,-0.04180824144729094,0.0,0.0,0.0,1778659243.7710323,-1.2295550378731446,6.065965516791718,0.00011753446046913751,1.2023015202440834,,,,,,,,,,,135,9.977810614992999,1778659243.6422215,0.13290905952453613,135,10.01367959531432,1778659243.6708238,0.05066680908203125,150,9.998609736156912,1778659243.6422215,0.1041114330291748,2634,199.72533804182405,1778659243.796928,0.0006940364837646484,2886,199.85686063543585,1778659243.796928,0.000308990478515625
15.227810,1778659243.999138,1778659243.9596887,0.5964838386991562,1.0606608253800307,1.275597387543344,0.39476154590910756,1778659243.9603348,0.24910130230545757,5.362736313719509,-1.059233101644633,0.8094875486809169,1778659243.9596887,-1.2178088840140457,6.062498692544995,-0.0024020319363011744,1.2046930955755812,1778659243.9596887,-1.2178088840140457,6.062498692544995,1.212597968063699,1.2046930955755812,1778659243.9603348,0.24910130230545757,5.362736313719509,0.15576689835536706,0.8094875486809169,1778659243.7417912,1,0.006328296381980181,0.9947136044502258,-1.2211278676986694,6.06738805770874,1.19538863990703,1778659243.9596887,-1.2212347984313965,6.067413330078125,0.0,1.2039545536703757,0.0,0.0,0.0,1778659243.960254,5.361693481550115,-0.15682071176138465,-0.3004533753088907,-0.04045100333770836,0.0,0.0,0.0,1778659243.9715376,-1.2178088840140457,6.062498692544995,-0.0024020319363011744,1.2046930955755812,,,,,,,,,,,137,10.016673184754056,1778659243.8418214,0.1269667148590088,137,10.018141218706207,1778659243.8582041,0.05203890800476074,152,10.00075965929686,1778659243.8418214,0.10465884208679199,2674,200.60780620605146,1778659243.995077,0.0013668537139892578,2926,201.41895467585618,1778659243.995077,0.0004191398620605469
15.427207,1778659244.198539,1778659244.13909,0.5938280048311012,1.0714634997940058,1.273875757881253,0.39443786759738986,1778659244.160161,0.24978312444953277,5.3584991500839845,-1.0542588940930246,0.8086359690433277,1778659244.13909,-1.2182820238401662,6.070017194475487,0.001768663771799961,1.2037591622928785,1778659244.13909,-1.2182820238401662,6.070017194475487,1.2167686637718,1.2037591622928785,1778659244.160161,0.24978312444953277,5.3584991500839845,0.16074110590697543,0.8086359690433277,1778659243.9418123,1,0.005963427014648914,0.9951633214950562,-1.2174681425094604,6.06986141204834,1.1959893624468887,1778659244.13909,-1.217819333076477,6.069796562194824,0.0,1.2046337278313932,0.0,0.0,0.0,1778659244.1600645,5.358869076466998,-0.16185485799077404,-0.2997051150662481,-0.03798163389219357,0.0,0.0,0.0,1778659244.171378,-1.2182820238401662,6.070017194475487,0.001768663771799961,1.2037591622928785,,,,,,,,,,,139,10.024223211273084,1778659244.0418053,0.12421965599060059,139,9.997111201578067,1778659244.0690002,0.05090737342834473,154,10.002239251770357,1778659244.0418053,0.1044309139251709,2714,200.8685474339155,1778659244.1950452,0.0011119842529296875,2966,201.17723801849507,1778659244.1950452,0.0007889270782470703
15.627155,1778659244.398481,1778659244.3496017,0.5718539393691985,1.0625153151644307,1.273765475143951,0.3907283972316577,1778659244.3612342,0.25381551251487355,5.355408085603619,-1.0572194210253043,0.8101126678760976,1778659244.3496017,-1.2184086147339594,6.066023733965618,-0.00010113731447636276,1.201414076962179,1778659244.3496017,-1.2184086147339594,6.066023733965618,1.2148988626855237,1.201414076962179,1778659244.3612342,0.25381551251487355,5.355408085603619,0.15778057897469577,0.8101126678760976,1778659244.1419764,1,0.006244811229407787,0.994735598564148,-1.2193710803985596,6.066013813018799,1.1936130497957638,1778659244.3496017,-1.2188527584075928,6.066155433654785,0.0,1.2021844846359284,0.0,0.0,0.0,1778659244.3611016,5.354995277218578,-0.15893572501646797,-0.3027183789477557,-0.03786436448875268,0.0,0.0,0.0,1778659244.3710139,-1.2184086147339594,6.066023733965618,-0.00010113731447636276,1.201414076962179,,,,,,,,,,,141,10.003091336963408,1778659244.2422464,0.1254894733428955,141,9.99414310365944,1778659244.276609,0.050678253173828125,156,9.999849798551248,1778659244.2422464,0.10442781448364258,2754,199.50968127380122,1778659244.3966389,0.001383066177368164,3006,199.94794293554173,1778659244.3966389,0.0008854866027832031
15.827188,1778659244.598517,1778659244.5607097,0.60268386459424,1.0688080163739484,1.2737761665739569,0.395285758774229,1778659244.5704541,0.25317347080419084,5.360777261523269,-1.0517838897482819,0.8096090197254281,1778659244.5607097,-1.212463246168702,6.068594482518567,0.003409699167519209,1.2053252767752853,1778659244.5607097,-1.212463246168702,6.068594482518567,1.2184096991675193,1.2053252767752853,1778659244.5704541,0.25317347080419084,5.360777261523269,0.16321611025171823,0.8096090197254281,1778659244.3418233,1,0.006101544480770826,0.9951529502868652,-1.2114931344985962,6.066310405731201,1.1966251217524353,1778659244.5607097,-1.2115339040756226,6.066531181335449,0.0,1.205188886237054,0.0,0.0,0.0,1778659244.5703719,5.3602892086502685,-0.16429114571584214,-0.304028853265846,-0.03957466641735544,0.0,0.0,0.0,1778659244.5711374,-1.212463246168702,6.068594482518567,0.003409699167519209,1.2053252767752853,,,,,,,,,,,143,9.981430744148113,1778659244.4462636,0.13027000427246094,143,9.889617795155164,1778659244.5209906,0.05072021484375,158,10.000196460768787,1778659244.4462636,0.1002800464630127,2794,201.23843346706676,1778659244.5953119,0.0008800029754638672,3046,201.57189693569487,1778659244.5953119,0.0005342960357666016
16.027251,1778659244.798580,1778659244.749846,0.5815532830687203,1.064168081651764,1.2746633683129645,0.39375262933003546,1778659244.7585127,0.25959603354349614,5.366686914414967,-1.05844499886984,0.809642520256909,1778659244.749846,-1.2208700819128881,6.073754680975765,-0.004761840170280474,1.2038806442496208,1778659244.749846,-1.2208700819128881,6.073754680975765,1.2102381598297196,1.2038806442496208,1778659244.7585127,0.25959603354349614,5.366686914414967,0.1565550011301602,0.809642520256909,1778659244.5418477,1,0.0064031765796244144,0.9945307374000549,-1.221448540687561,6.066723823547363,1.1954490502662936,1778659244.749846,-1.2208337783813477,6.0671281814575195,0.0,1.2037431861990757,0.0,0.0,0.0,1778659244.7583864,5.363058220032165,-0.15762327249109145,-0.3104860322299936,-0.04219467448799712,0.0,0.0,0.0,1778659244.7760043,-1.2208700819128881,6.073754680975765,-0.004761840170280474,1.2038806442496208,,,,,,,,,,,145,10.00589384110542,1778659244.6418207,0.12282180786132812,145,10.023699048515441,1778659244.6689272,0.0506587028503418,160,9.998163560579522,1778659244.6418207,0.10544133186340332,2834,201.00620419101585,1778659244.795095,0.0007851123809814453,3086,201.3570694060253,1778659244.795095,0.0004115104675292969
16.227163,1778659244.998490,1778659244.9655006,0.6119572774627019,1.0568798429188253,1.2994559568388935,0.39667644549367853,1778659244.9606934,0.25103554143280693,5.378182681833368,-1.061845724684438,0.8077249059492002,1778659244.9606934,-1.2160613727131566,6.065900607822062,-0.00016466992781039025,1.2047950265728844,1778659244.9606934,-1.2160613727131566,6.065900607822062,1.2148353300721897,1.2047950265728844,1778659244.9606934,0.2510355414328066,5.378182681833369,0.15315427531556192,0.8077249059492002,1778659244.7420576,1,0.006212740205228329,0.9951011538505554,-1.2152328491210938,6.065688610076904,1.196266626405162,1778659244.9655006,-1.2154293060302734,6.065617561340332,0.0,1.2049146428447215,0.0,0.0,0.0,1778659244.960593,5.373574732018269,-0.15420022259567537,-0.3023777356020623,-0.04323200444695669,0.0,0.0,0.0,1778659244.9743338,-1.2160613727131566,6.065900607822062,-0.00016466992781039025,1.2047950265728844,,,,,,,,,,,147,10.001671593615324,1778659244.8418176,0.12670302391052246,147,9.99486090730841,1778659244.874999,0.0509638786315918,162,9.995818933311318,1778659244.8418176,0.10587143898010254,2874,200.31654788956928,1778659244.995101,0.002313852310180664,3126,201.9891163014688,1778659244.995101,0.0003037452697753906
16.427561,1778659245.198892,1778659245.1602712,0.6017295499334133,1.054692195791928,1.2997822535700574,0.3941488807127614,1778659245.160361,0.244427778113665,5.384724260235073,-1.0634976158174707,0.807889428003937,1778659245.1602712,-1.2203072353362283,6.071779816217035,-0.0021408897120154258,1.2025731099721348,1778659245.1602712,-1.2203072353362283,6.071779816217035,1.2128591102879847,1.2025731099721348,1778659245.160361,0.244427778113665,5.384724260235073,0.15150238418252937,0.807889428003937,1778659244.9418097,1,0.005859768483787775,0.9959320425987244,-1.2179595232009888,6.069159030914307,1.194903750009346,1778659245.1602712,-1.2174557447433472,6.069159030914307,0.0,1.203446039677105,0.0,0.0,0.0,1778659245.1602755,5.377829427025199,-0.15248517251739924,-0.2969950659299822,-0.04618596860735486,0.0,0.0,0.0,1778659245.1710286,-1.2203072353362283,6.071779816217035,-0.0021408897120154258,1.2025731099721348,,,,,,,,,,,149,10.016383743837588,1778659245.0419047,0.12501168251037598,149,9.985011665000238,1778659245.0670466,0.05138278007507324,164,9.997648792083618,1778659245.0419047,0.10530996322631836,2914,201.13806931039676,1778659245.196576,0.0007340908050537109,3166,201.44604144473507,1778659245.196576,0.0004010200500488281
16.627485,1778659245.398816,1778659245.3582335,0.586259880289218,1.055291017247595,1.3109534494913624,0.39380142588902484,1778659245.3586276,0.24727772567676443,5.379435367028627,-1.0591128288587965,0.8078830611191075,1778659245.3582335,-1.227416035043273,6.067479405518986,0.0033014309395464903,1.2021460186067432,1778659245.3582335,-1.227416035043273,6.067479405518986,1.2183014309395466,1.2021460186067432,1778659245.3586276,0.24727772567676443,5.379435367028627,0.15588717114120354,0.8078830611191075,1778659245.1424136,1,0.006101583130657673,0.9953081607818604,-1.2306809425354004,6.071084976196289,1.1945259011595404,1778659245.3582335,-1.2302486896514893,6.070866107940674,0.0,1.2031424295685489,0.0,0.0,0.0,1778659245.3585038,5.37385246768049,-0.1567523669481392,-0.3026460998648425,-0.04751849086928801,0.0,0.0,0.0,1778659245.3723505,-1.227416035043273,6.067479405518986,0.0033014309395464903,1.2021460186067432,,,,,,,,,,,151,10.015253410049295,1778659245.2418187,0.12367725372314453,151,10.001598136680412,1778659245.2733886,0.051425933837890625,166,10.003080362939066,1778659245.2418187,0.10355782508850098,2953,200.08204963812295,1778659245.390266,0.0006444454193115234,3205,200.45728093719651,1778659245.390266,0.0002570152282714844
16.827122,1778659245.598453,1778659245.565842,0.5813097049313479,1.0670310139698935,1.286220534938188,0.3940059201313712,1778659245.55811,0.24469347864465085,5.3727288151010315,-1.0555018821941244,0.8079757109463995,1778659245.55811,-1.232697908275362,6.075960768007512,0.0002534916011478483,1.2025621321338316,1778659245.55811,-1.232697908275362,6.075960768007512,1.215253491601148,1.2025621321338316,1778659245.55811,0.2446934786446504,5.37272881510103,0.15949811780587556,0.8079757109463999,1778659245.3418767,1,0.006494452245533466,0.9942163825035095,-1.2328904867172241,6.076540946960449,1.1937967689013465,1778659245.565842,-1.2328230142593384,6.076495170593262,0.0,1.2023950074806247,0.0,0.0,0.0,1778659245.5579233,5.36945499608735,-0.1603566149152822,-0.30039264484954037,-0.0459092493424847,0.0,0.0,0.0,1778659245.5709615,-1.232697908275362,6.075960768007512,0.0002534916011478483,1.2025621321338316,,,,,,,,,,,153,9.99338159194324,1778659245.4462686,0.12291789054870605,153,9.979113425983423,1778659245.4839597,0.05058932304382324,168,10.000212673895481,1778659245.4462686,0.09973311424255371,2994,198.707970672564,1778659245.5955882,0.0023975372314453125,3246,198.68443865055957,1778659245.5955882,0.0025186538696289062
17.028497,1778659245.799834,1778659245.7588563,0.5979286978324134,1.0658990817319105,1.286984052575541,0.3955260726266625,1778659245.7612588,0.24297831629787137,5.378313341201832,-1.0583666602640893,0.8068524643859745,1778659245.7588563,-1.2275772329350558,6.076725254922168,-0.002449104698140747,1.2028342879818716,1778659245.7588563,-1.2275772329350558,6.076725254922168,1.2125508953018593,1.2028342879818716,1778659245.7612588,0.24297831629787137,5.378313341201832,0.15663333973591076,0.8068524643859745,1778659245.5418415,1,0.006156442686915398,0.9944764375686646,-1.2268342971801758,6.068812847137451,1.1953833191281014,1778659245.7588563,-1.227085828781128,6.069500923156738,0.0,1.2036433310403436,0.0,0.0,0.0,1778659245.7611613,5.375064716348959,-0.1575508060367677,-0.2973764925639037,-0.044667457865718824,0.0,0.0,0.0,1778659245.7717357,-1.2275772329350558,6.076725254922168,-0.002449104698140747,1.2028342879818716,,,,,,,,,,,155,9.997260367616049,1778659245.6418395,0.12789487838745117,155,10.038310346933708,1778659245.6805637,0.050824642181396484,170,10.002839894711165,1778659245.6418395,0.10627341270446777,3033,199.65479455706412,1778659245.791035,0.0005459785461425781,3286,199.01288413013378,1778659245.797001,0.0014688968658447266
17.229966,1778659246.001292,1778659245.942062,0.5644773423767667,1.0536694373156505,1.2911621960581532,0.39079161951995545,1778659245.9619231,0.2491983587419373,5.368700681956851,-1.0626106503903836,0.8091002409678039,1778659245.942062,-1.2303071801554344,6.066101976798577,-0.002071713706386813,1.2004868829581616,1778659245.942062,-1.2303071801554344,6.066101976798577,1.2129282862936133,1.2004868829581616,1778659245.9619231,0.2491983587419373,5.368700681956851,0.15238934960961648,0.8091002409678039,1778659245.7423465,1,0.006309154909104109,0.9948983788490295,-1.233002781867981,6.067912578582764,1.1923748539765304,1778659245.942062,-1.2324398756027222,6.06756067276001,0.0,1.2009984695233409,0.0,0.0,0.0,1778659245.9618437,5.365696157897505,-0.15341461734333148,-0.30114564999300314,-0.0425488386135747,0.0,0.0,0.0,1778659245.9714835,-1.2303071801554344,6.066101976798577,-0.002071713706386813,1.2004868829581616,,,,,,,,,,,157,10.044312467072178,1778659245.8420985,0.1280813217163086,157,10.00456016495785,1778659245.8655117,0.050527334213256836,172,10.000099659959266,1778659245.8420985,0.10427403450012207,3074,202.41099677053833,1778659245.995303,0.0008058547973632812,3326,199.98569590836226,1778659245.995303,0.0005502700805664062
17.427238,1778659246.198563,1778659246.1446214,0.5736038335750641,1.0662685039074162,1.286840772335606,0.392605454946301,1778659246.1602883,0.2558504246506015,5.354904432278078,-1.0591241291219555,0.810135673318368,1778659246.1446214,-1.2221955044133557,6.066227534764468,0.0022711492085072393,1.2032079333422625,1778659246.1446214,-1.2221955044133557,6.066227534764468,1.2172711492085073,1.2032079333422625,1778659246.1602883,0.2558504246506015,5.354904432278078,0.15587587087804455,0.810135673318368,1778659245.9418266,1,0.00623351288959384,0.9949768781661987,-1.2259260416030884,6.071089267730713,1.1946446208140942,1778659246.1446214,-1.225960373878479,6.07096004486084,0.0,1.2032598439913176,0.0,0.0,0.0,1778659246.1601493,5.353794815643964,-0.15694655301548013,-0.3068000546464898,-0.04021203629793656,0.0,0.0,0.0,1778659246.1715598,-1.2221955044133557,6.066227534764468,0.0022711492085072393,1.2032079333422625,,,,,,,,,,,159,9.997265133377542,1778659246.0418675,0.12904691696166992,159,9.956087200457198,1778659246.0822155,0.05048537254333496,174,10.000388637387251,1778659246.0418675,0.10342574119567871,3114,200.65559967468783,1778659246.19549,0.0008654594421386719,3366,200.9688353181201,1778659246.19549,0.0005290508270263672
17.628145,1778659246.399471,1778659246.3446546,0.5788336693056286,1.0745878957638153,1.278694231616222,0.39235738308019996,1778659246.3592541,0.2563128251448312,5.347407093150636,-1.058187620347985,0.8113634502710636,1778659246.3446546,-1.2135890426244615,6.0687267208595745,0.00159579244203778,1.2041202361547774,1778659246.3446546,-1.2135890426244615,6.0687267208595745,1.2165957924420379,1.2041202361547774,1778659246.3592541,0.2563128251448312,5.347407093150636,0.1568123796520151,0.8113634502710636,1778659246.1418476,1,0.006062883883714676,0.9946634769439697,-1.2162766456604004,6.070087909698486,1.1951820191841782,1778659246.3446546,-1.2166697978973389,6.070094585418701,0.0,1.2037809578530647,0.0,0.0,0.0,1778659246.35911,5.3477373535254635,-0.15795270778366594,-0.3055834372774738,-0.0376712914668778,0.0,0.0,0.0,1778659246.373461,-1.2135890426244615,6.0687267208595745,0.00159579244203778,1.2041202361547774,,,,,,,,,,,161,9.997177444093396,1778659246.2418756,0.13092684745788574,161,9.992509734486289,1778659246.2812285,0.05054116249084473,176,9.988756438041857,1778659246.2418756,0.10948872566223145,3154,201.05746452029172,1778659246.3953009,0.0006892681121826172,3406,201.0370343387013,1778659246.3953009,0.00028133392333984375
17.828957,1778659246.600283,1778659246.5506957,0.5802046225282377,1.0711296075493766,1.2757341673304778,0.39264278489526094,1778659246.5605116,0.26065002252074443,5.35380649547264,-1.0532744717463585,0.8107535450194653,1778659246.5506957,-1.2127605457273067,6.071443052099509,0.0036935215686555445,1.2038639315950428,1778659246.5506957,-1.2127605457273067,6.071443052099509,1.2186935215686556,1.2038639315950428,1778659246.5605116,0.26065002252074443,5.35380649547264,0.16172552825364161,0.8107535450194653,1778659246.3421426,1,0.006066603120416403,0.9945782423019409,-1.2136726379394531,6.065999984741211,1.1954692498562804,1778659246.5506957,-1.2138452529907227,6.066007137298584,0.0,1.204095445383784,0.0,0.0,0.0,1778659246.56043,5.354352451901581,-0.16283027312637005,-0.31078934271572584,-0.03819743493267293,0.0,0.0,0.0,1778659246.5710094,-1.2127605457273067,6.071443052099509,0.0036935215686555445,1.2038639315950428,,,,,,,,,,,163,10.013332475792005,1778659246.4466765,0.12309479713439941,163,10.068903372804543,1778659246.476124,0.05084037780761719,178,9.999632372066552,1778659246.4466765,0.10100460052490234,3194,208.93066535160474,1778659246.595068,0.0010416507720947266,3446,209.6659285068009,1778659246.595068,0.0005004405975341797
18.027297,1778659246.798622,1778659246.7583973,0.5781835742211167,1.0624800995650947,1.2870294589537634,0.3926229152298086,1778659246.757238,0.2619305940370784,5.355896937426078,-1.059391605859332,0.8104324598655519,1778659246.757238,-1.2127934860462646,6.0637395290994265,-6.0951344075910185e-05,1.203564253585034,1778659246.757238,-1.2127934860462646,6.0637395290994265,1.2149390486559242,1.203564253585034,1778659246.757238,0.26193059403707863,5.355896937426079,0.15560839414066863,0.8104324598655517,1778659246.5421906,1,0.0063473256304860115,0.9940997958183289,-1.2129007577896118,6.063863754272461,1.1953269001561229,1778659246.7583973,-1.212800145149231,6.063726902008057,0.0,1.203555058663638,0.0,0.0,0.0,1778659246.7571273,5.35357051264417,-0.1567342418082841,-0.3115038769872348,-0.04004692390706234,0.0,0.0,0.0,1778659246.7709582,-1.2127934860462646,6.0637395290994265,-6.0951344075910185e-05,1.203564253585034,,,,,,,,,,,165,9.99821361034403,1778659246.6427784,0.12430548667907715,165,10.041573506340407,1778659246.6766362,0.051024675369262695,180,9.99994754818772,1778659246.6427784,0.10491275787353516,3234,200.30965991852565,1778659246.7961266,0.0023000240325927734,3486,200.64408109375148,1778659246.7961266,0.0019369125366210938
18.227625,1778659246.998952,1778659246.992195,0.5884944354788225,1.0641770710322838,1.2906221159148323,0.39390809776100705,1778659246.9577093,0.2556349408309506,5.3628818047268645,-1.0575959258948036,0.8095860998585881,1778659246.9577093,-1.2174847414383765,6.067039324164215,0.00035355922038560195,1.2038461691354927,1778659246.9577093,-1.2174847414383765,6.067039324164215,1.2153535592203857,1.2038461691354927,1778659246.9577093,0.25563494083095073,5.362881804726867,0.15740407410519613,0.809586099858588,1778659246.7418845,1,0.0063386596739292145,0.9942445755004883,-1.215140461921692,6.066958427429199,1.195427027342446,1778659246.992195,-1.2152092456817627,6.06670618057251,0.0,1.2039886605875603,0.0,0.0,0.0,1778659246.9576535,5.359261243781551,-0.15845193130250346,-0.3070110105938179,-0.04260363887535506,0.0,0.0,0.0,1778659246.9723434,-1.2172149084988606,6.0644240155964955,-0.0002604818971840839,1.2041165960841451,,,,,,,,,,,167,10.011090166413599,1778659246.8418694,0.12299156188964844,167,10.006274342899758,1778659246.9038744,0.05046510696411133,182,9.99698205502556,1778659246.8418694,0.1052858829498291,3274,199.9389834645189,1778659246.9956388,0.002910614013671875,3526,201.97958391561582,1778659246.9956388,0.0004429817199707031
18.427900,1778659247.199230,1778659247.1445122,0.6092281593382374,1.0621075517832965,1.293904800932206,0.3954396857513125,1778659247.164989,0.24600089016067206,5.377673167525706,-1.060065741922574,0.8084569209400216,1778659247.1445122,-1.2146205639732,6.0705077476913,-0.0011950262350635121,1.2044365862470243,1778659247.1445122,-1.2146205639732,6.0705077476913,1.2138049737649366,1.2044365862470243,1778659247.164989,0.24600089016067206,5.377673167525706,0.154934258077426,0.8084569209400216,1778659246.9436455,1,0.006145674269646406,0.9947229623794556,-1.2094188928604126,6.066086292266846,1.1959207822118085,1778659247.1445122,-1.2098010778427124,6.065963268280029,0.0,1.2046473831569868,0.0,0.0,0.0,1778659247.1648877,5.373306693705227,-0.1559328596962374,-0.2984731186960607,-0.04406932578682099,0.0,0.0,0.0,1778659247.1714346,-1.2146205639732,6.0705077476913,-0.0011950262350635121,1.2044365862470243,,,,,,,,,,,169,9.993987839194332,1778659247.0422823,0.13570570945739746,169,9.865142411143594,1778659247.1349738,0.050495147705078125,184,10.00153851333828,1778659247.0422823,0.10340309143066406,3314,200.3913894324853,1778659247.195122,0.002174854278564453,3566,200.4668617978194,1778659247.195122,0.0017681121826171875
18.627233,1778659247.398560,1778659247.3589027,0.6082022809084623,1.047960465535081,1.2923287677371158,0.3960216478725992,1778659247.3587816,0.24404960306965418,5.382608480418524,-1.0570737971077504,0.8080345041524309,1778659247.3587816,-1.2221350410718457,6.060900402132292,0.00012733435965839313,1.2045220979051472,1778659247.3587816,-1.2221350410718457,6.060900402132292,1.2151273343596585,1.2045220979051472,1778659247.3587816,0.24404960306965384,5.382608480418525,0.15792620289225,0.8080345041524306,1778659247.1418574,1,0.0061911470256745815,0.9948053956031799,-1.2208642959594727,6.06151008605957,1.1959484793604689,1778659247.3589027,-1.2205523252487183,6.061511516571045,0.0,1.2046090171387818,0.0,0.0,0.0,1778659247.358692,5.377886313456194,-0.15885232364193996,-0.29814553653778636,-0.045726017800508924,0.0,0.0,0.0,1778659247.37252,-1.2221350410718457,6.060900402132292,0.00012733435965839313,1.2045220979051472,,,,,,,,,,,171,10.003479737505202,1778659247.2418735,0.1251542568206787,171,10.007250316682418,1778659247.266711,0.051235198974609375,186,9.997628297768525,1778659247.2418735,0.10419011116027832,3354,200.46130478711254,1778659247.395259,0.0014157295227050781,3606,200.58938588898081,1778659247.395259,0.0009613037109375
18.827415,1778659247.598740,1778659247.5396295,0.5990603617659931,1.0611978709864558,1.2990264647440855,0.3958541881026273,1778659247.560133,0.2435403102014,5.380706231709822,-1.057006027210476,0.8079257384841588,1778659247.5396295,-1.228022167843031,6.071886394276383,0.0008668882060078875,1.2041826693503968,1778659247.5396295,-1.228022167843031,6.071886394276383,1.215866888206008,1.2041826693503968,1778659247.560133,0.2435403102014,5.380706231709822,0.1579939727895241,0.8079257384841588,1778659247.3418705,1,0.006325575523078442,0.9949808716773987,-1.2277201414108276,6.072965145111084,1.1954371066711167,1778659247.5396295,-1.2276376485824585,6.072534084320068,0.0,1.2040638780909965,0.0,0.0,0.0,1778659247.5600631,5.376173686277064,-0.15884832454575037,-0.2992417585429484,-0.04694387108013865,0.0,0.0,0.0,1778659247.5713534,-1.228022167843031,6.071886394276383,0.0008668882060078875,1.2041826693503968,,,,,,,,,,,173,9.997382372541065,1778659247.4465163,0.11980485916137695,173,9.94965091923936,1778659247.4970055,0.05079078674316406,188,9.998498188529306,1778659247.4465163,0.10059642791748047,3393,200.36669128472843,1778659247.5901349,0.0009028911590576172,3646,199.0544412879417,1778659247.5951948,0.0031578540802001953
19.027835,1778659247.799165,1778659247.7467546,0.5992594274261024,1.0570816020945526,1.2993454769351076,0.3956946310355896,1778659247.7595398,0.24197521560010182,5.375644555092171,-1.0587110285989303,0.8072334765674459,1778659247.7467546,-1.2264347198380925,6.063503327957621,0.0009257075573054774,1.203433140122543,1778659247.7467546,-1.2264347198380925,6.063503327957621,1.2159257075573056,1.203433140122543,1778659247.7595398,0.24197521560010182,5.375644555092171,0.1562889714010698,0.8072334765674459,1778659247.5418804,1,0.0075189778581261635,0.9932767748832703,-1.2267866134643555,6.066940784454346,1.1956230375267118,1778659247.7467546,-1.2268630266189575,6.067404270172119,0.0,1.2038740448312093,0.0,0.0,0.0,1778659247.75942,5.371064279543752,-0.1571576926329641,-0.2973581895706154,-0.046646073985782896,0.0,0.0,0.0,1778659247.772736,-1.2264347198380925,6.063503327957621,0.0009257075573054774,1.203433140122543,,,,,,,,,,,175,9.999736316004622,1778659247.6421394,0.1240549087524414,175,10.015499736974885,1778659247.6760967,0.050573110580444336,190,9.992114567942645,1778659247.6421394,0.10760140419006348,3434,201.6717249231645,1778659247.7951498,0.0007431507110595703,3686,201.94224119419428,1778659247.7951498,0.00042366981506347656
19.227344,1778659247.998670,1778659247.9465601,0.6050357274276437,1.0627147576578078,1.291252315190378,0.39573599809061805,1778659247.9603007,0.24092645129052248,5.3702804955375205,-1.055908629676343,0.8082860235963378,1778659247.9465601,-1.2211101455912745,6.0653267731652285,0.002439974039273096,1.2043515355595273,1778659247.9465601,-1.2211101455912745,6.0653267731652285,1.2174399740392732,1.2043515355595273,1778659247.9603007,0.24092645129052248,5.3702804955375205,0.15909137032365717,0.8082860235963378,1778659247.7421083,1,0.00796633493155241,0.9933732151985168,-1.2229456901550293,6.0693583488464355,1.1952582002386962,1778659247.9465601,-1.2228254079818726,6.069783687591553,0.0,1.2038232558214754,0.0,0.0,0.0,1778659247.9601877,5.368167851612558,-0.16000879309398375,-0.29538154966719615,-0.04390788557105821,0.0,0.0,0.0,1778659247.9714026,-1.2211101455912745,6.0653267731652285,0.002439974039273096,1.2043515355595273,,,,,,,,,,,177,10.014038215135898,1778659247.8418553,0.12435054779052734,177,10.001936810750411,1778659247.887694,0.05059170722961426,192,9.999385871457937,1778659247.8418553,0.10470104217529297,3474,204.56207672521512,1778659247.9958599,0.0017020702362060547,3726,205.95851665619108,1778659247.9958599,0.00024437904357910156
19.427172,1778659248.198496,1778659248.1469855,0.6112562231868075,1.0673959411950291,1.28651204847258,0.39741239929721933,1778659248.1588972,0.24473735886159975,5.365452176918195,-1.0595751837025968,0.8091021744519883,1778659248.1469855,-1.2191836441050847,6.064017553437012,-0.0020907120778221877,1.2067414912885959,1778659248.1469855,-1.2191836441050847,6.064017553437012,1.212909287922178,1.2067414912885959,1778659248.1588972,0.24473735886159975,5.365452176918195,0.15542481629740323,0.8091021744519883,1778659247.9418852,1,0.00830582994967699,0.993263840675354,-1.221420407295227,6.0681233406066895,1.1964441946211455,1778659248.1469855,-1.2217988967895508,6.068355560302734,0.0,1.205106196907287,0.0,0.0,0.0,1778659248.1587768,5.3629810968039555,-0.15642093024918627,-0.2973904178157678,-0.04271922761120266,0.0,0.0,0.0,1778659248.1721597,-1.2191836441050847,6.064017553437012,-0.0020907120778221877,1.2067414912885959,,,,,,,,,,,179,9.997439563374764,1778659248.0418563,0.12491631507873535,179,9.994523188567971,1778659248.1079645,0.05099606513977051,194,10.000687646464643,1778659248.0418563,0.10481953620910645,3513,200.03033144254624,1778659248.190152,0.0007488727569580078,3766,201.4793294500695,1778659248.195169,0.001041412353515625
19.628591,1778659248.399923,1778659248.3457468,0.5939146570956343,1.0667721874184077,1.2849694577214463,0.39516049651098145,1778659248.360882,0.25156144553656556,5.356339978800501,-1.0584516017364383,0.8100802571559562,1778659248.3457468,-1.2187789563276739,6.06222101682439,0.001362797835760432,1.2054235327799325,1778659248.3457468,-1.2187789563276739,6.06222101682439,1.2163627978357605,1.2054235327799325,1778659248.360882,0.25156144553656556,5.356339978800501,0.15654839826356182,0.8100802571559562,1778659248.142086,1,0.008596588857471943,0.9928908348083496,-1.2227449417114258,6.068121433258057,1.1951925940165014,1778659248.3457468,-1.2226589918136597,6.068343639373779,0.0,1.2039134055658895,0.0,0.0,0.0,1778659248.3607864,5.355173558966759,-0.1576029671145323,-0.3028929664710998,-0.04058476996173076,0.0,0.0,0.0,1778659248.3715622,-1.2187789563276739,6.06222101682439,0.001362797835760432,1.2054235327799325,,,,,,,,,,,181,10.001566655467187,1778659248.2418754,0.12514162063598633,181,10.036139447338327,1778659248.2801995,0.05115365982055664,196,9.998817583675025,1778659248.2418754,0.10522031784057617,3554,200.9503486432283,1778659248.39516,0.0014133453369140625,3806,201.857687650516,1778659248.39516,0.0003509521484375
19.828821,1778659248.600150,1778659248.5531826,0.5674067755255047,1.0758916338564717,1.268720380012033,0.39101863638203727,1778659248.5608845,0.2529523331269876,5.350198187409568,-1.0523602430114047,0.8098575954105103,1778659248.5531826,-1.2216522894888713,6.074948502855381,0.002289575915426667,1.2013441703224543,1778659248.5531826,-1.2216522894888713,6.074948502855381,1.2172895759154267,1.2013441703224543,1778659248.5608845,0.2529523331269876,5.350198187409568,0.16263975698859534,0.8098575954105103,1778659248.3418694,1,0.007878054864704609,0.9935577511787415,-1.2222949266433716,6.073146820068359,1.193224904525405,1778659248.5531826,-1.2221544981002808,6.073055267333984,0.0,1.2019185148110234,0.0,0.0,0.0,1778659248.560807,5.351227487820278,-0.1637142488294513,-0.30381264019123294,-0.038349665111137674,0.0,0.0,0.0,1778659248.5710735,-1.2216522894888713,6.074948502855381,0.002289575915426667,1.2013441703224543,,,,,,,,,,,183,9.991024451224275,1778659248.4463546,0.12436819076538086,183,10.035397454285066,1778659248.4784598,0.050849199295043945,198,9.991709911705795,1778659248.4463546,0.10409975051879883,3594,201.45107264680993,1778659248.5957649,0.0008442401885986328,3846,201.67851293793618,1778659248.5957649,0.0005970001220703125
20.027584,1778659248.798913,1778659248.750467,0.5641838468208124,1.0599690397434816,1.265528176869549,0.3905429769728095,1778659248.7594798,0.2551168592246178,5.352532114391424,-1.0542925261995029,0.8109235042282333,1778659248.750467,-1.221683066161582,6.063005291242751,-0.0016734054550922028,1.201865306766838,1778659248.750467,-1.221683066161582,6.063005291242751,1.2133265945449079,1.201865306766838,1778659248.7594798,0.2551168592246178,5.352532114391424,0.1607074738004972,0.8109235042282333,1778659248.5421617,1,0.007885297760367393,0.9934967160224915,-1.2196789979934692,6.062664031982422,1.1930882546567618,1778659248.750467,-1.2196776866912842,6.063429832458496,0.0,1.2014596439457372,0.0,0.0,0.0,1778659248.759385,5.352759557477394,-0.16179980283989193,-0.30555886078266953,-0.03873616518501948,0.0,0.0,0.0,1778659248.7723315,-1.221683066161582,6.063005291242751,-0.0016734054550922028,1.201865306766838,,,,,,,,,,,185,10.007113745294326,1778659248.6420846,0.12958502769470215,185,9.998029143692015,1778659248.671997,0.050523996353149414,200,10.000831196249727,1778659248.6420846,0.10391116142272949,3634,204.76700531652617,1778659248.797035,0.0008141994476318359,3886,205.47058858109182,1778659248.797035,0.0004067420959472656
20.227195,1778659248.998521,1778659248.951043,0.5617175352316801,1.0619510746747347,1.2839569166963969,0.3901000280022815,1778659248.9698586,0.25722447333034637,5.353769985365358,-1.0575959679915252,0.8112294682058329,1778659248.951043,-1.220289586502242,6.064748479665333,0.0011231669317568471,1.2018733552752814,1778659248.951043,-1.220289586502242,6.064748479665333,1.216123166931757,1.2018733552752814,1778659248.9698586,0.25722447333034637,5.353769985365358,0.15740403200847486,0.8112294682058329,1778659248.7419157,1,0.00785007607191801,0.9934666752815247,-1.218919038772583,6.065861701965332,1.1934711522614445,1778659248.951043,-1.2187516689300537,6.065825939178467,0.0,1.2022028370311655,0.0,0.0,0.0,1778659248.9697602,5.351790294984614,-0.15848682363503724,-0.30785771079096735,-0.0407455051719888,0.0,0.0,0.0,1778659248.9715567,-1.220289586502242,6.064748479665333,0.0011231669317568471,1.2018733552752814,,,,,,,,,,,187,9.983692104495448,1778659248.8422728,0.13475680351257324,187,9.984551015096242,1778659248.8673277,0.050693511962890625,202,9.998722239704017,1778659248.8422728,0.10492348670959473,3674,199.59645796690958,1778659248.9961789,0.0012767314910888672,3926,199.923353969292,1778659248.9961789,0.0009057521820068359
20.427233,1778659249.198563,1778659249.160806,0.5790785745544215,1.066989726560574,1.2883643010654766,0.39288797800768394,1778659249.1591926,0.2573697361720164,5.358505093035755,-1.0572923250276096,0.81081201334849,1778659249.1591926,-1.2160824061176339,6.068579382636969,9.61531686649586e-06,1.2041594952912402,1778659249.1591926,-1.2160824061176339,6.068579382636969,1.2150096153168666,1.2041594952912402,1778659249.1591926,0.2573697361720164,5.358505093035755,0.1577076749723904,0.8108120133484901,1778659248.9419816,1,0.007554647512733936,0.9934946298599243,-1.2159830331802368,6.068532943725586,1.195554468714744,1778659249.160806,-1.2160558700561523,6.068518161773682,0.0,1.204181369598304,0.0,0.0,0.0,1778659249.159089,5.355336079907126,-0.1587442487957068,-0.3090418609574288,-0.04259130938198429,0.0,0.0,0.0,1778659249.1712945,-1.2160824061176339,6.068579382636969,9.61531686649586e-06,1.2041594952912402,,,,,,,,,,,189,9.999540826901612,1778659249.0418906,0.12444877624511719,189,10.014180713875769,1778659249.0623534,0.0505220890045166,204,9.996810500189936,1778659249.0418906,0.10602355003356934,3714,201.25426926579664,1778659249.195684,0.0008778572082519531,3966,201.69034457023935,1778659249.195684,0.00039386749267578125
20.627537,1778659249.398867,1778659249.349201,0.5686848664310159,1.0593384952413274,1.2917280582210482,0.3910938551874917,1778659249.3592806,0.25188100454788565,5.367456497452679,-1.0581814836773464,0.8111667717606131,1778659249.349201,-1.2241410944934077,6.069593400949744,-0.0010020162803705546,1.2027057455263523,1778659249.349201,-1.2241410944934077,6.069593400949744,1.2139979837196295,1.2027057455263523,1778659249.3592806,0.25188100454788565,5.367456497452679,0.15681851632265364,0.8111667717606131,1778659249.1419067,1,0.007754876744002104,0.9944387078285217,-1.2200970649719238,6.067235946655273,1.193838879878938,1778659249.349201,-1.2201237678527832,6.067145824432373,0.0,1.2024839352044812,0.0,0.0,0.0,1778659249.3591657,5.363226414141301,-0.15777527256653467,-0.3053251187237103,-0.045032805041234025,0.0,0.0,0.0,1778659249.3715677,-1.2241410944934077,6.069593400949744,-0.0010020162803705546,1.2027057455263523,,,,,,,,,,,191,10.002392864465762,1778659249.2419026,0.12472748756408691,191,10.012075205716046,1778659249.27067,0.050633907318115234,206,10.001761269777742,1778659249.2419026,0.10400128364562988,3753,197.96368002627995,1778659249.390342,0.003055572509765625,4005,199.85800341363608,1778659249.390342,0.00040721893310546875
20.827840,1778659249.599168,1778659249.5547423,0.5922499843002843,1.0648878585948578,1.2969877672048036,0.3950932515790083,1778659249.565402,0.24714171750552794,5.369567049015596,-1.0582213049398899,0.8111166707752804,1778659249.5547423,-1.2246494393340415,6.06837148593414,0.0017508124703029537,1.2065231392044913,1778659249.5547423,-1.2246494393340415,6.06837148593414,1.216750812470303,1.2065231392044913,1778659249.565402,0.24714171750552794,5.369567049015596,0.15677869506011022,0.8111166707752804,1778659249.3418956,1,0.008667339570820332,0.9936921000480652,-1.2231417894363403,6.069272518157959,1.1964849599013725,1778659249.5547423,-1.2227998971939087,6.068981647491455,0.0,1.205118807072967,0.0,0.0,0.0,1778659249.5652776,5.364042980312824,-0.15767724970202585,-0.30177860508769827,-0.04712928308739243,0.0,0.0,0.0,1778659249.5709531,-1.2246494393340415,6.06837148593414,0.0017508124703029537,1.2065231392044913,,,,,,,,,,,193,10.00012922453975,1778659249.4463716,0.13017487525939941,193,10.066155334718845,1778659249.488372,0.05053210258483887,208,9.998976335420982,1778659249.4463716,0.1007688045501709,3794,199.52125979457554,1778659249.5953538,0.0022535324096679688,4046,199.51290793960058,1778659249.5953538,0.002351045608520508
21.027150,1778659249.798474,1778659249.7500846,0.5680443197698383,1.070087261464999,1.2956969951386978,0.3915864790347449,1778659249.7572486,0.24048581949057102,5.364582771966817,-1.0553879587562944,0.8109915726580004,1778659249.7500846,-1.2336383658952919,6.073130877966127,0.0017274570453489346,1.2029873391644552,1778659249.7500846,-1.2336383658952919,6.073130877966127,1.216727457045349,1.2029873391644552,1778659249.7572486,0.24048581949057102,5.364582771966817,0.15961204124370565,0.8109915726580004,1778659249.5418935,1,0.009010585956275463,0.993534505367279,-1.2310843467712402,6.074329853057861,1.1945109739916904,1778659249.7500846,-1.2306194305419922,6.074316024780273,0.0,1.2028132642456864,0.0,0.0,0.0,1778659249.7571833,5.360417616677421,-0.16045875325123482,-0.29638237020612207,-0.047090558105803,0.0,0.0,0.0,1778659249.771195,-1.2336383658952919,6.073130877966127,0.0017274570453489346,1.2029873391644552,,,,,,,,,,,195,9.990986372844018,1778659249.6423745,0.12683606147766113,195,9.994313138071222,1778659249.6718552,0.05062460899353027,210,9.999361555808868,1778659249.6423745,0.10527396202087402,3834,201.41818087520758,1778659249.795765,0.0006051063537597656,4086,201.78660087829022,1778659249.795765,0.00021791458129882812
21.228685,1778659250.000018,1778659249.9550807,0.5912304566230905,1.0753133291920787,1.285857135284211,0.39414149147916594,1778659249.9632854,0.23767252679645878,5.359904571199332,-1.0544769656530883,0.8100442822403271,1778659249.9550807,-1.2240461400663847,6.070030518365153,-0.0009638769332234176,1.2046327637465633,1778659249.9550807,-1.2240461400663847,6.070030518365153,1.2140361230667767,1.2046327637465633,1778659249.9632854,0.23767252679645878,5.359904571199332,0.16052303434691173,0.8100442822403271,1778659249.7427516,1,0.009112990461289883,0.9936107397079468,-1.2251824140548706,6.071410179138184,1.1965410225024586,1778659249.9550807,-1.2253193855285645,6.071366786956787,0.0,1.2051466595142895,0.0,0.0,0.0,1778659249.9631705,5.356308074172476,-0.16133879533939136,-0.29427730160754445,-0.04714778682069194,0.0,0.0,0.0,1778659249.9712565,-1.2240461400663847,6.070030518365153,-0.0009638769332234176,1.2046327637465633,,,,,,,,,,,197,9.99637592095723,1778659249.8419976,0.1284351348876953,197,10.004125388925717,1778659249.8725293,0.05142617225646973,212,10.000764905305296,1778659249.8419976,0.10540771484375,3874,201.1938362590828,1778659249.9956388,0.0015521049499511719,4126,199.11907825087945,1778659249.9956388,0.0010821819305419922
21.427153,1778659250.198478,1778659250.1748648,0.548339893359542,1.0661598835522266,1.2807100968977585,0.3898500213576874,1778659250.1575835,0.2436811822721454,5.357273394424062,-1.0537895260236203,0.810806960022382,1778659250.1575835,-1.2381597148874093,6.069112424560613,0.0001151608920899605,1.2015659434620942,1778659250.1575835,-1.2381597148874093,6.069112424560613,1.21511516089209,1.2015659434620942,1778659250.1575835,0.24368118227214608,5.357273394424066,0.16121047397637966,0.8108069600223821,1778659249.9419205,1,0.00900030042976141,0.9942413568496704,-1.241166591644287,6.069241046905518,1.1924227812858987,1778659250.1748648,-1.2404265403747559,6.069192886352539,0.0,1.201060147915657,0.0,0.0,0.0,1778659250.1574664,5.354868770188461,-0.16208057425149133,-0.29917097448005486,-0.0452703215048013,0.0,0.0,0.0,1778659250.1710422,-1.226871203251842,6.068069458131346,0.0026266924821651827,1.2040242610304621,,,,,,,,,,,199,10.001566655467187,1778659250.0419095,0.12432193756103516,199,10.004417939879476,1778659250.06519,0.05109405517578125,214,10.000545531467818,1778659250.0419095,0.1051032543182373,3914,200.94649768070698,1778659250.195385,0.002523183822631836,4166,202.7879631778448,1778659250.195385,0.0003273487091064453
21.627205,1778659250.398531,1778659250.348178,0.5479581493488263,1.0589138845597486,1.2814098263299503,0.38988106433202546,1778659250.3577194,0.2514732982077952,5.354416148305727,-1.0572400280314564,0.8110319183536131,1778659250.348178,-1.2341581261717196,6.061873149341981,-0.002042792219798528,1.2013803339336027,1778659250.348178,-1.2341581261717196,6.061873149341981,1.2129572077802016,1.2013803339336027,1778659250.3577194,0.2514732982077952,5.354416148305727,0.15775997196854363,0.8110319183536131,1778659250.1424057,1,0.009051281958818436,0.9942013025283813,-1.236644983291626,6.063074111938477,1.1929615352020282,1778659250.348178,-1.236749291419983,6.063313961029053,0.0,1.2017191027369118,0.0,0.0,0.0,1778659250.3576417,5.352979012107264,-0.1587464199679743,-0.30438731262055796,-0.04226010795944939,0.0,0.0,0.0,1778659250.3710296,-1.2341581261717196,6.061873149341981,-0.002042792219798528,1.2013803339336027,,,,,,,,,,,201,9.998959172827039,1778659250.2419226,0.12417817115783691,201,10.007457090948117,1778659250.270564,0.05057954788208008,216,9.997046389606952,1778659250.2419226,0.10501980781555176,3953,200.02575252207802,1778659250.3901708,0.0014069080352783203,4205,200.12271776917035,1778659250.3901708,0.0009207725524902344
21.827160,1778659250.598488,1778659250.550002,0.5323571930655665,1.0581119585806855,1.2781760526515349,0.3873573061471212,1778659250.5602665,0.2574180929997798,5.355635472701152,-1.0562101094087826,0.8105900191938362,1778659250.550002,-1.2346839160311762,6.06888168490499,8.161496910497057e-05,1.1983961813444177,1778659250.550002,-1.2346839160311762,6.06888168490499,1.215081614969105,1.1983961813444177,1778659250.5602665,0.2574180929997798,5.355635472701152,0.1587898905912175,0.8105900191938362,1778659250.3419394,1,0.00893350038677454,0.9943326711654663,-1.2368566989898682,6.067514896392822,1.189844886058221,1778659250.550002,-1.236572027206421,6.067432880401611,0.0,1.1985382171028718,0.0,0.0,0.0,1778659250.5601525,5.355125480199291,-0.15982297118560795,-0.3092667844756875,-0.04053491601155806,0.0,0.0,0.0,1778659250.5710614,-1.2346839160311762,6.06888168490499,8.161496910497057e-05,1.1983961813444177,,,,,,,,,,,203,10.00235135994933,1778659250.4464855,0.12163949012756348,203,10.041011470724888,1778659250.4633374,0.05084562301635742,218,9.996818124724268,1778659250.4464855,0.10119962692260742,3994,200.2052504007156,1778659250.5951612,0.0025610923767089844,4246,200.1872861172495,1778659250.5951612,0.002663135528564453
22.027220,1778659250.798547,1778659250.764423,0.5358891840561596,1.0611534742675701,1.2773734255020832,0.38717426358233503,1778659250.7604685,0.2578283969939479,5.351704810363524,-1.0574233686519312,0.8115001466162478,1778659250.7604685,-1.2305552192934108,6.06837790671036,-3.774097883102456e-05,1.1992321900387661,1778659250.7604685,-1.2305552192934108,6.06837790671036,1.214962259021169,1.1992321900387661,1778659250.7604685,0.25782839699394766,5.3517048103635245,0.15757663134806865,0.8115001466162475,1778659250.5419345,1,0.009224515408277512,0.9939398765563965,-1.2306432723999023,6.068325042724609,1.1907740234166837,1778659250.764423,-1.2306344509124756,6.068456172943115,0.0,1.1991417414759282,0.0,0.0,0.0,1778659250.760285,5.351148483324348,-0.15870270489497074,-0.30744758420636475,-0.03871517762754107,0.0,0.0,0.0,1778659250.7710032,-1.2305552192934108,6.06837790671036,-3.774097883102456e-05,1.1992321900387661,,,,,,,,,,,205,10.005494751121935,1778659250.6422946,0.12478256225585938,205,10.007554511808225,1778659250.6772163,0.050452232360839844,220,10.00267386387257,1778659250.6422944,0.10456204414367676,4034,201.5763531646251,1778659250.795703,0.000701904296875,4286,201.92454712290413,1778659250.795703,0.0003311634063720703
22.227217,1778659250.998549,1778659250.943248,0.5580594198001776,1.0619243514019354,1.2818004702748258,0.39084283263409014,1778659250.9578922,0.25962780248125905,5.356130000534526,-1.058766955191867,0.8101826559034723,1778659250.943248,-1.2274416005228515,6.0661634346104965,0.0004556357936162936,1.201580106099575,1778659250.943248,-1.2274416005228515,6.0661634346104965,1.2154556357936164,1.201580106099575,1778659250.9578922,0.25962780248125905,5.356130000534526,0.15623304480813305,0.8101826559034723,1778659250.7419283,1,0.009172813966870308,0.9940229654312134,-1.2259615659713745,6.0636305809021,1.193179215500074,1778659250.943248,-1.225977897644043,6.064116477966309,0.0,1.2019366776118998,0.0,0.0,0.0,1778659250.9578252,5.354865529784299,-0.15739435851387307,-0.3083623914222935,-0.038425774337566256,0.0,0.0,0.0,1778659250.9710484,-1.2274416005228515,6.0661634346104965,0.0004556357936162936,1.201580106099575,,,,,,,,,,,207,10.009021307027123,1778659250.8419604,0.1238250732421875,207,10.00211235788503,1778659250.8644025,0.05063438415527344,222,9.999196593939745,1778659250.8419604,0.10489988327026367,4074,200.79411812578928,1778659250.995245,0.0012781620025634766,4326,201.4048337498151,1778659250.995245,0.0005860328674316406
22.427215,1778659251.198541,1778659251.1695123,0.5583414958555162,1.062934139053287,1.300266294143964,0.3890787021379442,1778659251.1584787,0.2598866513405813,5.357489966063261,-1.064110198520873,0.8119467778030611,1778659251.1584787,-1.2183604226756715,6.068399506203803,-0.0005155117106245832,1.2018072062628635,1778659251.1584787,-1.2183604226756715,6.068399506203803,1.2144844882893755,1.2018072062628635,1778659251.1584787,0.25988665134058075,5.357489966063257,0.150889801479127,0.8119467778030608,1778659250.9422245,1,0.008995899930596352,0.9942916035652161,-1.2181010246276855,6.068728923797607,1.1928867019255673,1778659251.1695123,-1.2181766033172607,6.068517208099365,0.0,1.2015854308521912,0.0,0.0,0.0,1778659251.1583834,5.353381227266518,-0.15207782061377437,-0.30779093485306513,-0.040187689589482226,0.0,0.0,0.0,1778659251.1735358,-1.2213062268130053,6.064867614792097,0.0017808583166751824,1.2025599917632597,,,,,,,,,,,209,10.009200924655222,1778659251.0419455,0.12446999549865723,209,9.958066142218039,1778659251.1032202,0.05058121681213379,224,9.996611313351316,1778659251.0419455,0.10511493682861328,4114,200.77258815115923,1778659251.1957128,0.0009608268737792969,4366,201.0692233940556,1778659251.1957128,0.0006380081176757812
22.627377,1778659251.398703,1778659251.3572176,0.56899695148215,1.0678289547216402,1.292171238714466,0.39169888683605414,1778659251.3583946,0.25397737771405393,5.357189272489157,-1.0616780136846302,0.8108686608447575,1778659251.3572176,-1.2234873708625995,6.068642330999191,-7.582313330312118e-05,1.203063372724293,1778659251.3572176,-1.2234873708625995,6.068642330999191,1.214924176866697,1.203063372724293,1778659251.3583946,0.25397737771405393,5.357189272489157,0.15332198631536986,0.8108686608447575,1778659251.1422594,1,0.009132925420999527,0.9940310120582581,-1.220682144165039,6.069025039672852,1.194342674702449,1778659251.3572176,-1.220869779586792,6.068751335144043,0.0,1.203110224161819,0.0,0.0,0.0,1778659251.3583071,5.353450108857067,-0.15436721316283264,-0.3054071834383117,-0.04285574675787462,0.0,0.0,0.0,1778659251.371017,-1.2234873708625995,6.068642330999191,-7.582313330312118e-05,1.203063372724293,,,,,,,,,,,211,10.01674973390907,1778659251.2423055,0.12224721908569336,211,10.031075905346606,1778659251.2656062,0.050719499588012695,226,10.012681811059254,1778659251.2423055,0.10290384292602539,4154,199.93593361502204,1778659251.3974879,0.0009665489196777344,4406,200.32668937571762,1778659251.3974879,0.0005393028259277344
22.827979,1778659251.599314,1778659251.560292,0.5708679989131935,1.0657927986579865,1.2930813592673944,0.3923387098373852,1778659251.5610585,0.2497009922724336,5.362815411983684,-1.055473784286799,0.811017462992315,1778659251.560292,-1.2284598696427262,6.069182821434065,0.0029413257820531946,1.2038013927576756,1778659251.560292,-1.2284598696427262,6.069182821434065,1.2179413257820533,1.2038013927576756,1778659251.5610585,0.2497009922724336,5.362815411983684,0.15952621571320114,0.811017462992315,1778659251.3419583,1,0.008717870339751244,0.9941115379333496,-1.2236888408660889,6.067655563354492,1.1944352533141567,1778659251.560292,-1.223315954208374,6.067813873291016,0.0,1.2030790785654977,0.0,0.0,0.0,1778659251.560952,5.3590096429328495,-0.1604556546836606,-0.3037945738410123,-0.04523330759264534,0.0,0.0,0.0,1778659251.5715787,-1.2284598696427262,6.069182821434065,0.0029413257820531946,1.2038013927576756,,,,,,,,,,,213,10.003892982989987,1778659251.4464474,0.12145876884460449,213,9.979381721943374,1778659251.486891,0.05046582221984863,228,10.002418148995181,1778659251.4464474,0.10014867782592773,4194,198.77087559001384,1778659251.595562,0.0023567676544189453,4446,198.60296680152126,1778659251.595562,0.0026900768280029297
23.027352,1778659251.798677,1778659251.7697392,0.5655875288494843,1.0614656712651929,1.294190086222508,0.39157442733040265,1778659251.7707467,0.24998179436832402,5.366458820552202,-1.0618557773097965,0.8108323160890992,1778659251.7697392,-1.229400074697206,6.069422864171576,-0.004625072712953537,1.2028926030087574,1778659251.7697392,-1.229400074697206,6.069422864171576,1.2103749272870465,1.2028926030087574,1778659251.7707467,0.24998179436832402,5.366458820552202,0.15314422269020356,0.8108323160890992,1778659251.5420504,1,0.008982861414551735,0.993987500667572,-1.2301154136657715,6.06680154800415,1.1938198771512818,1778659251.7697392,-1.2293498516082764,6.067107200622559,0.0,1.202131563397709,0.0,0.0,0.0,1778659251.7706764,5.360388189025167,-0.15406568549803876,-0.3040478994260748,-0.047059291389341486,0.0,0.0,0.0,1778659251.7712996,-1.2231484843727287,6.070586407997846,-0.0015270002825891194,1.20168734461785,,,,,,,,,,,215,9.979676151811232,1778659251.6420293,0.13531970977783203,215,9.983734880165304,1778659251.6851144,0.05074310302734375,230,10.004107731422199,1778659251.6420293,0.10369634628295898,4234,201.0385760943442,1778659251.7956839,0.0004878044128417969,4486,201.29850683232675,1778659251.7956839,0.00022339820861816406
23.227147,1778659251.998471,1778659251.9484437,0.5439667682460935,1.0610452710003753,1.3006559244748601,0.38939758521686474,1778659251.9599168,0.2430295855420388,5.361823257587956,-1.0571589085361799,0.8107581300925011,1778659251.9484437,-1.2428933942450717,6.066281230274648,0.002513081182415,1.2005016288968666,1778659251.9484437,-1.2428933942450717,6.066281230274648,1.217513081182415,1.2005016288968666,1778659251.9599168,0.2430295855420388,5.361823257587956,0.1578410914638202,0.8107581300925011,1778659251.7419403,1,0.008542535826563835,0.994462251663208,-1.2393734455108643,6.071116924285889,1.1911595600883838,1778659251.9484437,-1.23904550075531,6.070624351501465,0.0,1.1998759704613475,0.0,0.0,0.0,1778659251.9597998,5.357264019812577,-0.15867713341710465,-0.2991271116753553,-0.04756800700702795,0.0,0.0,0.0,1778659251.9714055,-1.2428933942450717,6.066281230274648,0.002513081182415,1.2005016288968666,,,,,,,,,,,217,9.989610985965543,1778659251.8421674,0.12798762321472168,217,10.028373889594699,1778659251.889184,0.0510711669921875,232,10.001052013432579,1778659251.8421674,0.10453557968139648,4274,198.99079034513906,1778659251.995245,0.00270843505859375,4526,200.96190241644683,1778659251.995245,0.00030803680419921875
23.427852,1778659252.199185,1778659252.15685,0.5329671826877909,1.062149769741881,1.291860353065329,0.38777675271473855,1778659252.1625905,0.24483674057253668,5.358042776511625,-1.057100988323049,0.8108018722867826,1778659252.15685,-1.2435616756243686,6.068333750596616,-0.00025132216589862644,1.1990022804220513,1778659252.15685,-1.2435616756243686,6.068333750596616,1.2147486778341015,1.1990022804220513,1778659252.1625905,0.24483674057253668,5.358042776511625,0.15789901167695097,0.8108018722867826,1778659251.9419553,1,0.008725096471607685,0.9943076968193054,-1.243844985961914,6.0709404945373535,1.1903373181255514,1778659252.15685,-1.2431256771087646,6.071050643920898,0.0,1.199051283543506,0.0,0.0,0.0,1778659252.1625268,5.354292466644465,-0.15875674664610928,-0.3005224972035418,-0.04654854634199697,0.0,0.0,0.0,1778659252.1727607,-1.2435616756243686,6.068333750596616,-0.00025132216589862644,1.1990022804220513,,,,,,,,,,,219,10.014846877547406,1778659252.0419543,0.12869715690612793,219,10.12154579020787,1778659252.074799,0.05068039894104004,234,9.999718197181009,1778659252.0419543,0.10393333435058594,4314,200.11717982140573,1778659252.1953087,0.0020546913146972656,4566,200.44271978284556,1778659252.1953087,0.0016889572143554688
23.627189,1778659252.398516,1778659252.3668747,0.5558940639739626,1.0690257936626855,1.2804238077812218,0.39007945204267763,1778659252.3707824,0.24245607831860694,5.356290873367287,-1.054054655641267,0.8109147502714052,1778659252.3668747,-1.234910904676361,6.070361698955397,1.4235516456739816e-06,1.2013907647181379,1778659252.3668747,-1.234910904676361,6.070361698955397,1.2150014235516458,1.2013907647181379,1778659252.3707824,0.24245607831860694,5.356290873367287,0.16094534435873298,0.8109147502714052,1778659252.1419513,1,0.008795415051281452,0.9942898750305176,-1.2349600791931152,6.0705060958862305,1.192251357152536,1778659252.3668747,-1.235268473625183,6.070652484893799,0.0,1.2009993749363044,0.0,0.0,0.0,1778659252.370594,5.354040543844131,-0.1618436806094736,-0.29733022450530494,-0.0446193005887828,0.0,0.0,0.0,1778659252.3709633,-1.2401223505708963,6.070055150833379,0.003100130688771241,1.2001091544672573,,,,,,,,,,,221,9.960270567263501,1778659252.2419443,0.14512109756469727,221,9.95641712702461,1778659252.2893589,0.0505213737487793,236,9.996696133570586,1778659252.2419443,0.10588884353637695,4354,201.01603027386807,1778659252.3952248,0.0005419254302978516,4606,201.3404442225625,1778659252.3952248,0.00025463104248046875
23.828199,1778659252.599526,1778659252.559005,0.5501572308245085,1.0621655599594935,1.2885445650782597,0.38940471126001014,1778659252.570764,0.2526158357682142,5.356711183897277,-1.0558536496207624,0.8112901631548971,1778659252.559005,-1.2302707452642005,6.066941059758612,0.0018229388705928162,1.201122759240208,1778659252.559005,-1.2302707452642005,6.066941059758612,1.216822938870593,1.201122759240208,1778659252.570764,0.2526158357682142,5.356711183897277,0.15914635037923763,0.8112901631548971,1778659252.3419344,1,0.008676840923726559,0.9940950870513916,-1.2345744371414185,6.065143585205078,1.1924118759108746,1778659252.559005,-1.2344833612442017,6.065273761749268,0.0,1.2011298902463876,0.0,0.0,0.0,1778659252.5706801,5.3552101176491655,-0.1601235630145913,-0.30573989012848457,-0.04251745246105664,0.0,0.0,0.0,1778659252.571106,-1.232881274591275,6.067575895604304,-0.0003451206702644871,1.2012894617030943,,,,,,,,,,,223,9.972397908734779,1778659252.4464016,0.13383173942565918,223,10.051250472810677,1778659252.471579,0.050771236419677734,238,10.004221790449403,1778659252.4464016,0.0986793041229248,4394,200.9507337475985,1778659252.596509,0.0007829666137695312,4646,201.30990743487177,1778659252.596509,0.0003867149353027344
24.027238,1778659252.798566,1778659252.750916,0.5392595052773407,1.0625403857818612,1.2823921538683554,0.38839198737008335,1778659252.7739449,0.25313717834764726,5.35452532545907,-1.0559731102959107,0.8100372228423438,1778659252.750916,-1.2353682475710128,6.068225297573808,0.000987621943059569,1.1991807059897805,1778659252.750916,-1.2353682475710128,6.068225297573808,1.2159876219430596,1.1991807059897805,1778659252.7739449,0.25313717834764726,5.35452532545907,0.1590268897040894,0.8100372228423438,1778659252.5419698,1,0.008240344002842903,0.9947360157966614,-1.2329931259155273,6.067595958709717,1.1919944351164686,1778659252.750916,-1.2335917949676514,6.067827224731445,0.0,1.2004420875247797,0.0,0.0,0.0,1778659252.7738197,5.354039387973003,-0.16008196148722573,-0.3044677370361136,-0.040019751202359774,0.0,0.0,0.0,1778659252.7710712,-1.2359363604649252,6.0680099831145,-0.0011103299882486706,1.1987604239624643,,,,,,,,,,,225,9.969952541331182,1778659252.6424427,0.13892722129821777,225,9.974559345016214,1778659252.688908,0.05055952072143555,240,10.004319625578384,1778659252.6424427,0.10524630546569824,4434,199.85838434260697,1778659252.795233,0.0015497207641601562,4686,199.82543935542148,1778659252.795233,0.0009732246398925781
24.229487,1778659253.000833,1778659252.965446,0.5596220412964259,1.0547125908750028,1.2674410101245863,0.38982578926326544,1778659252.9574213,0.253873380874986,5.357376599862401,-1.0530721760758508,0.8104451797021552,1778659252.9574213,-1.2266331732292906,6.063461722461267,0.00021687688984695086,1.2005995247086372,1778659252.9574213,-1.2266331732292906,6.063461722461267,1.215216876889847,1.2005995247086372,1778659252.9574213,0.2538733808749859,5.357376599862401,0.16192782392414928,0.8104451797021552,1778659252.7423034,1,0.00862121768295765,0.9945098757743835,-1.225526213645935,6.062108039855957,1.191911295059392,1778659252.965446,-1.2260791063308716,6.062683582305908,0.0,1.2007083332954902,0.0,0.0,0.0,1778659252.9573302,5.358071480515661,-0.16303160165642472,-0.3040343111511054,-0.0380682091587929,0.0,0.0,0.0,1778659252.9709349,-1.2266331732292906,6.063461722461267,0.00021687688984695086,1.2005995247086372,,,,,,,,,,,227,9.993980695239944,1778659252.8420327,0.1272735595703125,227,9.993294446971046,1778659252.891178,0.05052351951599121,242,9.99883951304556,1778659252.8420327,0.10517144203186035,4474,199.92449750803644,1778659252.9952369,0.003416776657104492,4726,199.45541301016988,1778659252.9952369,0.0041010379791259766
24.427094,1778659253.198420,1778659253.1535776,0.5812635061771108,1.0641211218863187,1.2624716269040221,0.3928161747252787,1778659253.1580627,0.2550895902930508,5.35419657352257,-1.0518124383805816,0.8106288669638894,1778659253.1535776,-1.2171577854817308,6.065012603769156,-0.0011201568931349382,1.2038128366164154,1778659253.1535776,-1.2171577854817308,6.065012603769156,1.2138798431068651,1.2038128366164154,1778659253.1580627,0.2550895902930508,5.35419657352257,0.1631875616194185,0.8106288669638894,1778659252.9422817,1,0.008881380781531334,0.9940319657325745,-1.22090482711792,6.066307067871094,1.193653766559701,1778659253.1535776,-1.2212557792663574,6.065985202789307,0.0,1.2024163803222516,0.0,0.0,0.0,1778659253.1579688,5.354747171005246,-0.1642916741400849,-0.3052441947948773,-0.038196635414954806,0.0,0.0,0.0,1778659253.171105,-1.2171577854817308,6.065012603769156,-0.0011201568931349382,1.2038128366164154,,,,,,,,,,,229,10.004791647305753,1778659253.0420907,0.12239313125610352,229,10.073674194971463,1778659253.0718837,0.05057215690612793,244,10.000888903470806,1778659253.0420907,0.10422396659851074,4513,199.4647086238218,1778659253.1910112,0.0007450580596923828,4766,199.96071633571134,1778659253.1953259,0.0027511119842529297
24.627227,1778659253.398556,1778659253.3497941,0.5544664514036777,1.056819933757888,1.2697257720105022,0.3897865349774535,1778659253.3613725,0.2574265825598463,5.356138989848626,-1.0534629749549023,0.8110317031336326,1778659253.3497941,-1.22620641506057,6.064776924457855,-0.0008615675262366729,1.2012039312739369,1778659253.3497941,-1.22620641506057,6.064776924457855,1.2141384324737634,1.2012039312739369,1778659253.3613725,0.2574265825598463,5.356138989848626,0.16153702504509782,0.8110317031336326,1778659253.1421447,1,0.00852885190397501,0.9944369196891785,-1.2268389463424683,6.064962387084961,1.1920069989494932,1778659253.3497941,-1.2270621061325073,6.065112590789795,0.0,1.2008250954572128,0.0,0.0,0.0,1778659253.3612785,5.355231514264459,-0.16255972475780905,-0.30951276375479064,-0.041105842880556374,0.0,0.0,0.0,1778659253.3712714,-1.22620641506057,6.064776924457855,-0.0008615675262366729,1.2012039312739369,,,,,,,,,,,231,9.993031592654658,1778659253.2419918,0.12859201431274414,231,10.032789583112073,1778659253.2639294,0.05111122131347656,246,10.001428808246112,1778659253.2419918,0.10445284843444824,4554,200.31616521208383,1778659253.395257,0.0013811588287353516,4806,200.30392030449337,1778659253.395257,0.001485586166381836
24.827207,1778659253.598534,1778659253.588003,0.5567261884594398,1.0583197491871765,1.275349981015337,0.38969793392819124,1778659253.5582438,0.25305621235106557,5.36051087457837,-1.0522999968092215,0.8107602895467353,1778659253.5582438,-1.2276187790997635,6.069219229033894,0.0002539423324836587,1.2007479707184479,1778659253.5582438,-1.2276187790997635,6.069219229033894,1.2152539423324837,1.2007479707184479,1778659253.5582438,0.25305621235106546,5.3605108745783685,0.16270000319077862,0.8107602895467353,1778659253.3419697,1,0.008513404987752438,0.9943258762359619,-1.22624671459198,6.068356513977051,1.1921349535321728,1778659253.588003,-1.226198673248291,6.068420886993408,0.0,1.200878468969498,0.0,0.0,0.0,1778659253.55815,5.359108897543031,-0.16366038812032221,-0.306566741617639,-0.04272456074317371,0.0,0.0,0.0,1778659253.5720587,-1.2284861443530637,6.071390356894532,-0.0027966991815773223,1.1999536715413488,,,,,,,,,,,233,10.00296776129774,1778659253.4464166,0.12289977073669434,233,9.975090242576421,1778659253.4913468,0.05051612854003906,248,10.00744228696382,1778659253.4464166,0.1004784107208252,4593,200.74395275153395,1778659253.5902078,0.0004611015319824219,4846,201.23090268115703,1778659253.5954208,0.0006525516510009766
25.027595,1778659253.798925,1778659253.7658052,0.566181629559494,1.0536153528931556,1.2867038803027517,0.3910421721606238,1778659253.769857,0.2466542935542877,5.368826971414232,-1.0579031218496089,0.8100012739096304,1778659253.7658052,-1.2319336717484344,6.064542415695512,-0.0019178991989250438,1.2015012097959945,1778659253.7658052,-1.2319336717484344,6.064542415695512,1.213082100801075,1.2015012097959945,1778659253.769857,0.2466542935542877,5.368826971414232,0.1570968781503912,0.8100012739096304,1778659253.5423665,1,0.008154099807143211,0.994642972946167,-1.2265926599502563,6.063266754150391,1.1932192968728386,1778659253.7658052,-1.226566195487976,6.064022064208984,0.0,1.201629635605728,0.0,0.0,0.0,1778659253.7697372,5.3649692744521165,-0.1580259172862391,-0.3007531841188957,-0.04519043358205005,0.0,0.0,0.0,1778659253.770913,-1.2319336717484344,6.064542415695512,-0.0019178991989250438,1.2015012097959945,,,,,,,,,,,235,9.985446207581477,1778659253.6421607,0.1368725299835205,235,10.002799817797206,1778659253.6707344,0.050445556640625,250,9.99597473113039,1778659253.6421607,0.1059272289276123,4634,200.46417906453007,1778659253.795496,0.0012836456298828125,4886,201.10605106016538,1778659253.795496,0.0005483627319335938
25.227377,1778659253.998701,1778659253.9554217,0.5737187791229562,1.0641581969581575,1.2825663578361728,0.39234251406072945,1778659253.9714887,0.2460772374468967,5.365068000817102,-1.0599238278266603,0.8105793426144224,1778659253.9554217,-1.2287707912283015,6.070439394606637,-0.004079262673815087,1.2032495331555524,1778659253.9554217,-1.2287707912283015,6.070439394606637,1.210920737326185,1.2032495331555524,1778659253.9714887,0.2460772374468967,5.365068000817102,0.1550761721733398,0.8105793426144224,1778659253.7419975,1,0.008354523219168186,0.9944480061531067,-1.2312825918197632,6.070890426635742,1.1937024583859361,1778659253.9554217,-1.2303880453109741,6.070507049560547,0.0,1.202307838837124,0.0,0.0,0.0,1778659253.971412,5.359263699184437,-0.15598604286799425,-0.3004325171340231,-0.047067929216503095,0.0,0.0,0.0,1778659253.9710972,-1.221137955130787,6.065690414337178,5.967331752576577e-05,1.2042033893300434,,,,,,,,,,,237,9.995762713884046,1778659253.8419886,0.13728022575378418,237,9.975496400757379,1778659253.8796604,0.05070614814758301,252,9.997782245492647,1778659253.8419886,0.10637068748474121,4674,200.82065248096555,1778659253.995472,0.002974271774291992,4926,203.04300385046972,1778659253.995472,0.00031948089599609375
25.427236,1778659254.198567,1778659254.1480637,0.5658010619144224,1.0688235733991132,1.2936555722679566,0.3920076200963584,1778659254.1586092,0.24167130043529528,5.3596530254539685,-1.0548493272389707,0.8102987706487382,1778659254.1480637,-1.2346522959432287,6.067986817057409,0.002619678102042,1.2027807974007387,1778659254.1480637,-1.2346522959432287,6.067986817057409,1.217619678102042,1.2027807974007387,1778659254.1586092,0.24167130043529528,5.3596530254539685,0.16015067276102934,0.8102987706487382,1778659253.9421775,1,0.008841407485306263,0.993582010269165,-1.2319602966308594,6.071109294891357,1.1947386673281661,1778659254.1480637,-1.2320595979690552,6.07080078125,0.0,1.2034385697566463,0.0,0.0,0.0,1778659254.1585119,5.3561985135719095,-0.1609635152930292,-0.29834755897372767,-0.047116375183270526,0.0,0.0,0.0,1778659254.1709917,-1.2346522959432287,6.067986817057409,0.002619678102042,1.2027807974007387,,,,,,,,,,,239,10.004000833272393,1778659254.0422676,0.12215995788574219,239,9.994450312905608,1778659254.0653358,0.05038046836853027,254,10.002340387548527,1778659254.0422676,0.10455846786499023,4714,201.7310870372401,1778659254.195438,0.0016062259674072266,4966,202.6251436002825,1778659254.195438,0.0006186962127685547
25.627225,1778659254.398552,1778659254.3593705,0.5473850447100039,1.065678217837733,1.285588480353845,0.3889346755332258,1778659254.3583364,0.24352350735361306,5.356696899080584,-1.0546619117550682,0.8116351513235359,1778659254.3583364,-1.235931731875477,6.068916495497688,3.1222530747498922e-06,1.2010227682787626,1778659254.3583364,-1.235931731875477,6.068916495497688,1.2150031222530748,1.2010227682787626,1778659254.3583364,0.2435235073536126,5.3566968990805846,0.1603380882449321,0.8116351513235361,1778659254.1422606,1,0.008579041808843613,0.9939316511154175,-1.236472725868225,6.068920612335205,1.1923702006479937,1778659254.3593705,-1.2360128164291382,6.068933963775635,0.0,1.2009827266386366,0.0,0.0,0.0,1778659254.3582513,5.353398273622324,-0.1611933299460686,-0.29929222885550527,-0.0463248051357775,0.0,0.0,0.0,1778659254.3749123,-1.235931731875477,6.068916495497688,3.1222530747498922e-06,1.2010227682787626,,,,,,,,,,,241,9.991726097325985,1778659254.2419915,0.12884068489074707,241,9.971618370982934,1778659254.2837596,0.05178093910217285,256,9.99213742009609,1778659254.2419915,0.10785984992980957,4754,200.06677949220872,1778659254.396407,0.001018524169921875,5006,200.48123480606733,1778659254.396407,0.0005495548248291016
25.827231,1778659254.598559,1778659254.5612564,0.5451256259361313,1.0581048313901023,1.2693504513015719,0.38944771403390516,1778659254.5607684,0.24844509740563558,5.357408587666716,-1.0494681663977692,0.8112037951081539,1778659254.5607684,-1.2380235994464774,6.065530401439926,2.271114277174746e-05,1.2010194152679186,1778659254.5607684,-1.2380235994464774,6.065530401439926,1.2150227111427718,1.2010194152679186,1778659254.5607684,0.24844509740563547,5.357408587666715,0.16553183360223087,0.8112037951081539,1778659254.3419945,1,0.008824651129543781,0.9937389492988586,-1.2378292083740234,6.065181255340576,1.1922307096578237,1778659254.5612564,-1.2380344867706299,6.065501689910889,0.0,1.2010284971662688,0.0,0.0,0.0,1778659254.5606773,5.356636223100443,-0.16640615790166266,-0.3038890417312092,-0.04392190574325589,0.0,0.0,0.0,1778659254.5710847,-1.2380235994464774,6.065530401439926,2.271114277174746e-05,1.2010194152679186,,,,,,,,,,,243,10.019107063670369,1778659254.4467685,0.12033843994140625,243,10.042767980842642,1778659254.4670238,0.05065035820007324,258,9.991306716267978,1778659254.4467685,0.10477375984191895,4794,204.93348694901854,1778659254.5956469,0.0007886886596679688,5046,205.44824539146467,1778659254.5956469,0.0004112720489501953
26.027229,1778659254.798557,1778659254.7541957,0.5318456191330002,1.054586805128619,1.2812334463593684,0.38716972703186026,1778659254.7599835,0.25204641861892263,5.35448252753674,-1.056206417319923,0.8119244913686805,1778659254.7541957,-1.2365046591068354,6.062448693973092,-0.0019389850850579649,1.1994938929093482,1778659254.7541957,-1.2365046591068354,6.062448693973092,1.2130610149149421,1.1994938929093482,1778659254.7599835,0.25204641861892263,5.35448252753674,0.15879358268007704,0.8119244913686805,1778659254.5420403,1,0.008298058062791824,0.994797945022583,-1.2383984327316284,6.065714359283447,1.1899543746226033,1778659254.7541957,-1.2388801574707031,6.0663957595825195,0.0,1.1984264794340116,0.0,0.0,0.0,1778659254.7598999,5.352112184927733,-0.15982867271743392,-0.3037962135340096,-0.04209509192054836,0.0,0.0,0.0,1778659254.7710888,-1.2365046591068354,6.062448693973092,-0.0019389850850579649,1.1994938929093482,,,,,,,,,,,245,10.001825188875095,1778659254.6425304,0.12588262557983398,245,10.006806234556661,1778659254.6677227,0.05141401290893555,260,10.000234609385863,1778659254.6425304,0.10507416725158691,4834,204.9246758525939,1778659254.795516,0.0007762908935546875,5086,204.9050538606219,1778659254.795516,0.0008747577667236328
26.229043,1778659255.000376,1778659254.966247,0.550486901191005,1.0624573012176084,1.2812079896356678,0.38955331223842116,1778659254.9597933,0.2546900804589729,5.357046013135603,-1.0573115461894629,0.8107400275371001,1778659254.9597933,-1.231454703270611,6.069255883394972,-6.868387478475846e-05,1.2005301002397069,1778659254.9597933,-1.231454703270611,6.069255883394972,1.2149313161252153,1.2005301002397069,1778659254.9597933,0.254690080458973,5.357046013135606,0.15768845381053787,0.8107400275371005,1778659254.7420053,1,0.008607730269432068,0.9943199753761292,-1.2304437160491943,6.068800926208496,1.1919445177777999,1778659254.966247,-1.2311121225357056,6.068965435028076,0.0,1.200754614012013,0.0,0.0,0.0,1778659254.9596705,5.35552824203741,-0.15875261827799794,-0.305784544630242,-0.040724171797592745,0.0,0.0,0.0,1778659254.9709942,-1.231454703270611,6.069255883394972,-6.868387478475846e-05,1.2005301002397069,,,,,,,,,,,247,9.989436829036679,1778659254.8422565,0.13351202011108398,247,9.981790858608353,1778659254.8812923,0.05182933807373047,262,10.00367108596218,1778659254.8422565,0.1033935546875,4874,201.90257967930913,1778659254.9952698,0.0012364387512207031,5126,202.68330540237017,1778659254.9952698,0.0003457069396972656
26.427222,1778659255.198550,1778659255.1627707,0.5436126244808485,1.057028557541193,1.2836031444182414,0.3892642021397,1778659255.160829,0.26270007667444717,5.356994573253242,-1.0605322409781313,0.8103967773453208,1778659255.160829,-1.2316357320440101,6.066181842192966,-5.324202250367449e-05,1.200142521615708,1778659255.160829,-1.2316357320440101,6.066181842192966,1.2149467579774964,1.200142521615708,1778659255.160829,0.2627000766744475,5.356994573253244,0.15446775902186888,0.8103967773453208,1778659254.9420197,1,0.008787905797362328,0.9943579435348511,-1.2317782640457153,6.066415309906006,1.1913948770868812,1778659255.1627707,-1.2317596673965454,6.066174507141113,0.0,1.2001572468571684,0.0,0.0,0.0,1778659255.1607428,5.3557751715409285,-0.15563938978287442,-0.3111776755380425,-0.03818306972612032,0.0,0.0,0.0,1778659255.1718004,-1.2316357320440101,6.066181842192966,-5.324202250367449e-05,1.200142521615708,,,,,,,,,,,249,9.993402068851218,1778659255.0420265,0.12759184837341309,249,9.960140005576704,1778659255.085223,0.05112290382385254,264,10.001039136136896,1778659255.0420265,0.1045675277709961,4914,199.90696468470944,1778659255.1952698,0.001745462417602539,5166,200.65963149046672,1778659255.1952698,0.000499725341796875
26.627085,1778659255.398409,1778659255.357543,0.5617696755032048,1.0590388417756538,1.2906738220806857,0.39198184430660626,1778659255.3597205,0.25969817173966714,5.358272957610083,-1.05823038196624,0.8095543368951484,1778659255.357543,-1.2305690898092219,6.0623122724044,0.0048059374892612805,1.202017884222608,1778659255.357543,-1.2305690898092219,6.0623122724044,1.2198059374892614,1.202017884222608,1778659255.3597205,0.25969817173966714,5.358272957610083,0.1567696180337601,0.8095543368951484,1778659255.1420035,1,0.00873550120741129,0.9945024251937866,-1.2262853384017944,6.063924312591553,1.1931054277853388,1778659255.357543,-1.2264158725738525,6.063924312591553,0.0,1.201841797789873,0.0,0.0,0.0,1778659255.359634,5.357475451389005,-0.15792325978846253,-0.30863367654550594,-0.03816496978315616,0.0,0.0,0.0,1778659255.3716934,-1.2305690898092219,6.0623122724044,0.0048059374892612805,1.202017884222608,,,,,,,,,,,251,9.997585879569334,1778659255.2420125,0.1253986358642578,251,10.009725483248074,1778659255.2650328,0.05128741264343262,266,9.999496485314918,1778659255.2420125,0.10521626472473145,4954,200.2576327768478,1778659255.3952296,0.002974987030029297,5206,200.63006860343083,1778659255.3952296,0.002568483352661133
26.827216,1778659255.598540,1778659255.5819619,0.5393906910342187,1.0534101356769323,1.2779458234810834,0.38754032490251555,1778659255.5585544,0.25764746392379045,5.357230449808608,-1.0550160671771298,0.8105248217098644,1778659255.5585544,-1.2286044129599172,6.065336499937462,0.000552277760088371,1.1988233947374527,1778659255.5585544,-1.2286044129599172,6.065336499937462,1.2155522777600885,1.1988233947374527,1778659255.5585544,0.2576474639237907,5.357230449808609,0.15998393282287005,0.8105248217098644,1778659255.3420045,1,0.008688793517649174,0.9944923520088196,-1.2295717000961304,6.065074443817139,1.1897305068614046,1778659255.5819619,-1.2291309833526611,6.065250396728516,0.0,1.1985157889644997,0.0,0.0,0.0,1778659255.5584793,5.355904166854707,-0.16102871390418397,-0.3092064726266977,-0.040950883607019456,0.0,0.0,0.0,1778659255.572537,-1.2258776246563878,6.066519541154593,0.0013155488634433166,1.2001532866527,,,,,,,,,,,253,10.00433107957227,1778659255.4474094,0.11862850189208984,253,9.931223801310741,1778659255.4979093,0.05095171928405762,268,9.999242363161322,1778659255.4474094,0.10071396827697754,4994,201.69461205694358,1778659255.595285,0.0012443065643310547,5246,201.97472080005855,1778659255.595285,0.0009827613830566406
27.027360,1778659255.798687,1778659255.746166,0.5631902530357127,1.057268351160682,1.2814118244290484,0.39046198970716295,1778659255.767815,0.25174728792158096,5.361466329445994,-1.0558704849849632,0.8106883363031164,1778659255.746166,-1.226179385909445,6.065360826222488,-0.00038609534812716895,1.2013534932015715,1778659255.746166,-1.226179385909445,6.065360826222488,1.214613904651873,1.2013534932015715,1778659255.767815,0.25174728792158096,5.361466329445994,0.15912951501503692,0.8106883363031164,1778659255.542004,1,0.008402489125728607,0.9945212006568909,-1.2250337600708008,6.065982341766357,1.1920648825643465,1778659255.746166,-1.2254273891448975,6.06660795211792,0.0,1.2003861947316572,0.0,0.0,0.0,1778659255.767626,5.358861393799429,-0.16012136163558685,-0.3044923660106425,-0.043045992442439965,0.0,0.0,0.0,1778659255.7708662,-1.226179385909445,6.065360826222488,-0.00038609534812716895,1.2013534932015715,,,,,,,,,,,255,9.969816512099756,1778659255.6420252,0.1402907371520996,255,10.02757790485575,1778659255.6635468,0.05042576789855957,270,10.003425340527073,1778659255.6420252,0.10321521759033203,5033,199.15897755374147,1778659255.790689,0.0028524398803710938,5286,202.85269338285792,1778659255.7952979,0.0003292560577392578
27.227500,1778659255.998828,1778659255.9533691,0.5718499606601101,1.0590426938649562,1.292605382982793,0.39137307122490583,1778659255.9598122,0.24136740720056493,5.370641726402712,-1.0572419043172976,0.8095808412138586,1778659255.9533691,-1.2329889347114102,6.068103955654906,0.0008250746994198366,1.2013661537266396,1778659255.9533691,-1.2329889347114102,6.068103955654906,1.21582507469942,1.2013661537266396,1778659255.9598122,0.24136740720056493,5.370641726402712,0.1577580956827025,0.8095808412138586,1778659255.7420254,1,0.00864492543041706,0.9944169521331787,-1.2275527715682983,6.065837383270264,1.192290714253563,1778659255.9533691,-1.2273643016815186,6.066034317016602,0.0,1.2010234555116286,0.0,0.0,0.0,1778659255.9596548,5.3671976436853015,-0.1586725021673349,-0.2958219239770386,-0.04511984914263404,0.0,0.0,0.0,1778659255.9709976,-1.2329889347114102,6.068103955654906,0.0008250746994198366,1.2013661537266396,,,,,,,,,,,257,9.99564646554869,1778659255.8420103,0.12604188919067383,257,9.942670931259213,1778659255.8931315,0.05078840255737305,272,10.001358693643484,1778659255.8420103,0.10425162315368652,5073,200.28306914183443,1778659255.990299,0.00037741661071777344,5326,200.09445834816202,1778659255.9956138,0.00029540061950683594
27.427177,1778659256.198506,1778659256.1529152,0.561278222974114,1.055768920166125,1.2982200256859908,0.39041288628601556,1778659256.1611142,0.23930861929491698,5.368912638611135,-1.0578241082867041,0.8092157781993778,1778659256.1529152,-1.2386872497029768,6.063976027872296,0.001424946688045159,1.2000826303821532,1778659256.1529152,-1.2386872497029768,6.063976027872296,1.2164249466880452,1.2000826303821532,1778659256.1611142,0.23930861929491698,5.368912638611135,0.15717589171329593,0.8092157781993778,1778659255.9420183,1,0.008738653734326363,0.9944716095924377,-1.2391332387924194,6.06649923324585,1.1913706917903188,1778659256.1529152,-1.2384510040283203,6.066256046295166,0.0,1.2001333378881853,0.0,0.0,0.0,1778659256.1610136,5.364035178655507,-0.1580509302787673,-0.2945272844163738,-0.04692865023414474,0.0,0.0,0.0,1778659256.1710043,-1.2386872497029768,6.063976027872296,0.001424946688045159,1.2000826303821532,,,,,,,,,,,259,9.99723939831945,1778659256.0425253,0.12535881996154785,259,10.083190630707143,1778659256.061542,0.05106925964355469,274,9.999828818390569,1778659256.0425253,0.1047065258026123,5114,199.9258316531057,1778659256.195864,0.0015926361083984375,5366,200.48640959358795,1778659256.195864,0.0009534358978271484
27.627339,1778659256.398669,1778659256.3589768,0.5579112062482298,1.0674466829474532,1.2918186855643432,0.38993609498649145,1778659256.358772,0.23681589947774118,5.364240664301292,-1.0571925289398205,0.8096625922818426,1778659256.358772,-1.239022117812922,6.072531824317599,1.60448479502584e-06,1.200021422810566,1778659256.358772,-1.239022117812922,6.072531824317599,1.215001604484795,1.200021422810566,1778659256.358772,0.23681589947774118,5.364240664301294,0.15780747106017956,0.8096625922818426,1778659256.1421144,1,0.009157021529972553,0.9938291311264038,-1.2386382818222046,6.072972297668457,1.191282359309501,1778659256.3589768,-1.2390137910842896,6.072551250457764,0.0,1.2000210768583075,0.0,0.0,0.0,1778659256.3586946,5.360063180040483,-0.15864714982652348,-0.2928643085774147,-0.047109895209359084,0.0,0.0,0.0,1778659256.3716598,-1.239022117812922,6.072531824317599,1.60448479502584e-06,1.200021422810566,,,,,,,,,,,261,9.986997842688611,1778659256.2420423,0.12909364700317383,261,9.991925089530117,1778659256.26795,0.052475690841674805,276,9.99514529466765,1778659256.2420423,0.10567665100097656,5154,200.90260713789618,1778659256.395304,0.0018715858459472656,5406,201.34083082355585,1778659256.395304,0.001367807388305664
27.827242,1778659256.598570,1778659256.5782833,0.5571481089647239,1.0502482742641628,1.2866679477380156,0.39076821592692473,1778659256.558749,0.24207472647990436,5.372122795771176,-1.0561902699305152,0.8090774402651109,1778659256.558749,-1.2433548709909872,6.066499520619448,0.00010553638395616183,1.1998617636504718,1778659256.558749,-1.2433548709909872,6.066499520619448,1.2151055363839562,1.1998617636504718,1778659256.558749,0.24207472647990413,5.372122795771176,0.15880973006948473,0.8090774402651106,1778659256.3422372,1,0.008853999897837639,0.9942423105239868,-1.2431758642196655,6.063239574432373,1.1914225750333254,1778659256.5782833,-1.243401288986206,6.063864231109619,0.0,1.2002659303843708,0.0,0.0,0.0,1778659256.5586357,5.368977404975043,-0.15969146476461113,-0.29727177125144266,-0.04547021578847215,0.0,0.0,0.0,1778659256.571044,-1.2445391926239755,6.073904990424291,-0.0005065522928537902,1.1978491451827273,,,,,,,,,,,263,10.004509097098627,1778659256.4464817,0.11926937103271484,263,10.01445042057882,1778659256.4789238,0.051267385482788086,278,10.00037242368998,1778659256.4464817,0.10001301765441895,5194,202.33444414642665,1778659256.5953078,0.0004665851593017578,5446,202.24215030411273,1778659256.5953078,0.00022602081298828125
28.027194,1778659256.798518,1778659256.777763,0.5475900364172857,1.0506714449745291,1.2777150269626478,0.38820095762721996,1778659256.7580612,0.24239944522371282,5.36936113199422,-1.051700523586585,0.8103729970001803,1778659256.7580612,-1.2403143782046389,6.0668232456991475,0.0007081989911779107,1.1991657607210124,1778659256.7580612,-1.2403143782046389,6.0668232456991475,1.215708198991178,1.1991657607210124,1778659256.7580612,0.24239944522371282,5.369361131994223,0.16329947641341463,0.8103729970001805,1778659256.5420196,1,0.009099289774894714,0.993903398513794,-1.2391575574874878,6.067557334899902,1.190548005541081,1778659256.777763,-1.239673137664795,6.067443370819092,0.0,1.1989851494345396,0.0,0.0,0.0,1778659256.7579436,5.3672969196732385,-0.16420681906400228,-0.2970810062464295,-0.04425030901055966,0.0,0.0,0.0,1778659256.7710614,-1.244663151794919,6.066066112121063,0.0002516970262229634,1.198982875868085,,,,,,,,,,,265,10.02164604668506,1778659256.6420436,0.12457704544067383,265,9.98886158332224,1778659256.6899796,0.05144190788269043,280,9.992161700623658,1778659256.6420436,0.10759282112121582,5234,200.91685021235094,1778659256.795755,0.0005943775177001953,5486,201.25562121773376,1778659256.795755,0.00023603439331054688
28.227219,1778659256.998548,1778659256.9519787,0.5424765239441454,1.0586428495298188,1.278997996886608,0.38805908138651374,1778659256.9696178,0.24893962588785,5.360700444198788,-1.0517711375738168,0.8100987970696896,1778659256.9519787,-1.236397191282354,6.069894187382341,0.0009631961417135848,1.1986376157777618,1778659256.9519787,-1.236397191282354,6.069894187382341,1.2159631961417137,1.1986376157777618,1778659256.9696178,0.24893962588785,5.360700444198788,0.16322886242618329,0.8100987970696896,1778659256.7420475,1,0.009298369288444519,0.9936926364898682,-1.2403889894485474,6.071095943450928,1.190125013093181,1778659256.9519787,-1.2401423454284668,6.070978164672852,0.0,1.1989292443418045,0.0,0.0,0.0,1778659256.9694755,5.359442597562579,-0.1642075270804519,-0.3020367531873621,-0.042189925010191955,0.0,0.0,0.0,1778659256.9708998,-1.236397191282354,6.069894187382341,0.0009631961417135848,1.1986376157777618,,,,,,,,,,,267,9.981341907241456,1778659256.8420646,0.13753414154052734,267,10.055377765196281,1778659256.8618886,0.05089521408081055,282,9.999643815330025,1778659256.8420646,0.10490608215332031,5274,205.20258984668163,1778659256.995307,0.0006780624389648438,5526,205.8043008705568,1778659256.995307,0.000370025634765625
28.427193,1778659257.198525,1778659257.1520195,0.5429895062399787,1.0613944307773315,1.2720751194172515,0.38872210075719305,1778659257.1611805,0.25431244206493364,5.353769489508623,-1.0548989703697709,0.8102288654403318,1778659257.1520195,-1.2331032624444656,6.067892263798354,-0.00179915092864813,1.1994593488260321,1778659257.1520195,-1.2331032624444656,6.067892263798354,1.213200849071352,1.1994593488260321,1778659257.1611805,0.25431244206493364,5.353769489508623,0.1601010296302292,0.8102288654403318,1778659256.9420276,1,0.008923754096031189,0.9940148591995239,-1.235116958618164,6.069612503051758,1.191344643569971,1778659257.1520195,-1.2350034713745117,6.069643974304199,0.0,1.200040623891121,0.0,0.0,0.0,1778659257.1610842,5.353016548196897,-0.1611736193127022,-0.30522304707355896,-0.03989218823376712,0.0,0.0,0.0,1778659257.1710353,-1.2331032624444656,6.067892263798354,-0.00179915092864813,1.1994593488260321,,,,,,,,,,,269,10.004658006705164,1778659257.0422807,0.12615394592285156,269,9.938987475887735,1778659257.104891,0.05135083198547363,284,10.001143586269373,1778659257.0422807,0.10314226150512695,5314,201.04358696350323,1778659257.1957848,0.0007464885711669922,5566,201.42553222142718,1778659257.1957848,0.00032806396484375
28.627140,1778659257.398466,1778659257.3618553,0.5447637625977635,1.0617215091523982,1.2679635365834745,0.38809129213798504,1778659257.362001,0.2583478884796744,5.353120597789394,-1.052720497124744,0.8116988480062712,1778659257.3618553,-1.2256060278038274,6.070557054990551,-0.00018127280447277627,1.200231515810286,1778659257.3618553,-1.2256060278038274,6.070557054990551,1.2148187271955273,1.200231515810286,1778659257.362001,0.2583478884796744,5.353120597789394,0.16227950287525617,0.8116988480062712,1778659257.1423326,1,0.009326327592134476,0.9935334324836731,-1.2267135381698608,6.067906856536865,1.191368825025774,1778659257.3618553,-1.2269749641418457,6.0680742263793945,0.0,1.200090264535288,0.0,0.0,0.0,1778659257.3618972,5.353523525207997,-0.1633815708788402,-0.3085534444162665,-0.038450342082583217,0.0,0.0,0.0,1778659257.3710809,-1.2256060278038274,6.070557054990551,-0.00018127280447277627,1.200231515810286,,,,,,,,,,,271,10.03173520128531,1778659257.2425168,0.12882447242736816,271,10.03511317275126,1778659257.271839,0.05061769485473633,286,10.004590233193579,1778659257.2425168,0.10310196876525879,5354,198.89642771108333,1778659257.3965008,0.0014376640319824219,5606,199.61602637748396,1778659257.3965008,0.0005846023559570312
28.827693,1778659257.599020,1778659257.5552928,0.5414927710087304,1.0571031462624065,1.268622871843527,0.3879808230288461,1778659257.5606382,0.25883396673649717,5.35537805192649,-1.05060562034706,0.81064383588252,1778659257.5552928,-1.2290815958090175,6.068128570021214,0.0021698642056067197,1.1991044406738034,1778659257.5552928,-1.2290815958090175,6.068128570021214,1.2171698642056068,1.1991044406738034,1778659257.5606382,0.25883396673649717,5.35537805192649,0.16439437965294013,0.81064383588252,1778659257.3424346,1,0.00935142207890749,0.9935262203216553,-1.2282626628875732,6.065450191497803,1.1912098137651392,1778659257.5552928,-1.2282160520553589,6.065313816070557,0.0,1.199976800428288,0.0,0.0,0.0,1778659257.5605474,5.35597133584588,-0.16545806445363398,-0.3099589364005415,-0.039003530198741844,0.0,0.0,0.0,1778659257.5717783,-1.2290815958090175,6.068128570021214,0.0021698642056067197,1.1991044406738034,,,,,,,,,,,273,10.025952762205558,1778659257.4465137,0.12089323997497559,273,9.964373177072371,1778659257.48914,0.05114555358886719,288,9.998747982396996,1778659257.4465137,0.0992746353149414,5394,199.73066410156287,1778659257.5955179,0.0016734600067138672,5646,199.46945161765896,1778659257.5955179,0.0017483234405517578
29.027206,1778659257.798534,1778659257.7569172,0.5522742274017188,1.0583488408709254,1.2695287583038102,0.38936016228435555,1778659257.7603211,0.2519991539218278,5.3570891663993505,-1.0541144520050176,0.8099630821612324,1778659257.7569172,-1.23087573614791,6.065919238305041,-0.00208408056309195,1.1997685111507823,1778659257.7569172,-1.23087573614791,6.065919238305041,1.2129159194369081,1.1997685111507823,1778659257.7603211,0.2519991539218278,5.3570891663993505,0.16088554799498245,0.8099630821612324,1778659257.5426135,1,0.009478005580604076,0.993455171585083,-1.2269483804702759,6.065751075744629,1.19148990969873,1778659257.7569172,-1.2270077466964722,6.0658721923828125,0.0,1.1999138085167171,0.0,0.0,0.0,1778659257.760198,5.35615119853303,-0.1619224791865918,-0.3037514697576799,-0.04075087480668028,0.0,0.0,0.0,1778659257.771005,-1.23087573614791,6.065919238305041,-0.00208408056309195,1.1997685111507823,,,,,,,,,,,275,10.029707687015263,1778659257.6420596,0.12460947036743164,275,10.047129936576399,1778659257.6653812,0.050696372985839844,290,10.00153183556823,1778659257.6420596,0.10494518280029297,5434,199.19491952044712,1778659257.797051,0.001028299331665039,5686,199.65897633874636,1778659257.797051,0.0005049705505371094
29.227350,1778659257.998679,1778659257.9551275,0.5450771823783885,1.0573276704770729,1.274791637185342,0.38721844466714184,1778659257.9592552,0.24625074478200482,5.364311499365802,-1.0541504888675561,0.8103783381088955,1778659257.9551275,-1.2335094500374133,6.072754387510355,-0.0008921013694558333,1.1980082612854268,1778659257.9551275,-1.2335094500374133,6.072754387510355,1.2141078986305442,1.1980082612854268,1778659257.9592552,0.24625074478200482,5.364311499365802,0.16084951113244395,0.8103783381088955,1778659257.7423465,1,0.008985450491309166,0.9938478469848633,-1.2303143739700317,6.069229602813721,1.1887370497913214,1778659257.9551275,-1.2301104068756104,6.0688676834106445,0.0,1.1975428938123565,0.0,0.0,0.0,1778659257.9591691,5.3620220894975565,-0.16180140455432104,-0.2999233773446663,-0.043562559419217786,0.0,0.0,0.0,1778659257.9710011,-1.2335094500374133,6.072754387510355,-0.0008921013694558333,1.1980082612854268,,,,,,,,,,,277,9.994812796474607,1778659257.8420815,0.1299138069152832,277,9.970296659722036,1778659257.9062629,0.050399065017700195,292,9.996998257731011,1778659257.8420815,0.1067194938659668,5473,198.6048476147364,1778659257.990327,0.0024530887603759766,5725,199.33995407053672,1778659257.990327,0.0011889934539794922
29.427279,1778659258.198607,1778659258.145902,0.5368477005513234,1.0608549317919638,1.2892927588729703,0.38693308467808196,1778659258.1611607,0.24035086998453714,5.3606837589208975,-1.0542486032305662,0.8104428515851548,1778659258.145902,-1.241855415213534,6.0696985574727975,0.0025981400838595015,1.197779944761598,1778659258.145902,-1.241855415213534,6.0696985574727975,1.2175981400838596,1.197779944761598,1778659258.1611607,0.24035086998453714,5.3606837589208975,0.16075139676943384,0.8104428515851548,1778659257.9450486,1,0.009139765053987503,0.9938276410102844,-1.2393141984939575,6.0717878341674805,1.1888975658188083,1778659258.145902,-1.238527536392212,6.071183681488037,0.0,1.1977950926897327,0.0,0.0,0.0,1778659258.1610909,5.3580243708447215,-0.16160905872346423,-0.29610096884309045,-0.045672468715548344,0.0,0.0,0.0,1778659258.171093,-1.241855415213534,6.0696985574727975,0.0025981400838595015,1.197779944761598,,,,,,,,,,,279,9.990725067789802,1778659258.0420575,0.12715649604797363,279,10.012417935872651,1778659258.0656548,0.05065584182739258,294,10.001200820143945,1778659258.0420575,0.10373497009277344,5513,203.8914485549257,1778659258.1903389,0.0013241767883300781,5765,203.91266130976922,1778659258.1903389,0.001401662826538086
29.627208,1778659258.398538,1778659258.3687475,0.535062432672475,1.0606067000781874,1.280628693508313,0.38745650430793216,1778659258.3600926,0.2418841908397935,5.358213224151384,-1.0514276638135813,0.8115025867818813,1778659258.3600926,-1.2408098888120183,6.068347913516044,0.00022550171176449751,1.1995621136815806,1778659258.3600926,-1.2408098888120183,6.068347913516044,1.2152255017117646,1.1995621136815806,1778659258.3600926,0.24188419083979396,5.3582132241513865,0.1635723361864186,0.8115025867818811,1778659258.1424756,1,0.009282230399549007,0.9937635064125061,-1.2427054643630981,6.068094253540039,1.1905043779368958,1778659258.3687475,-1.2419548034667969,6.068266868591309,0.0,1.1993422836290677,0.0,0.0,0.0,1778659258.3599021,5.355260062263822,-0.16436733316136823,-0.29897012751030394,-0.04717121547990184,0.0,0.0,0.0,1778659258.3713768,-1.2408098888120183,6.068347913516044,0.00022550171176449751,1.1995621136815806,,,,,,,,,,,281,10.004106776964326,1778659258.2420444,0.12659955024719238,281,10.007237423420001,1778659258.2604966,0.05102229118347168,296,9.999438794161762,1778659258.2420444,0.10477519035339355,5554,199.82410654988715,1778659258.3966758,0.0010411739349365234,5806,199.77061860580312,1778659258.3966758,0.0006580352783203125
29.827219,1778659258.598543,1778659258.5642228,0.5426167049150821,1.0643054603671445,1.2839003595007623,0.38912796899673996,1778659258.5595868,0.242878466929497,5.360051838689941,-1.0538277970213947,0.8108970484907823,1778659258.5595868,-1.243388952573177,6.0704485404664785,-0.000107530850278037,1.2003121983530318,1778659258.5595868,-1.243388952573177,6.0704485404664785,1.214892469149722,1.2003121983530318,1778659258.5595868,0.24287846692949666,5.360051838689939,0.16117220297860518,0.8108970484907826,1778659258.3421395,1,0.00921278353780508,0.9935080409049988,-1.2432645559310913,6.070617198944092,1.19158411613686,1778659258.5642228,-1.2433817386627197,6.0704522132873535,0.0,1.2004280423216915,0.0,0.0,0.0,1778659258.559534,5.356928152548943,-0.16201029194853178,-0.2990299049774194,-0.046444629073569665,0.0,0.0,0.0,1778659258.571136,-1.243388952573177,6.0704485404664785,-0.000107530850278037,1.2003121983530318,,,,,,,,,,,283,10.003955020478953,1778659258.4465234,0.12094330787658691,283,9.969843528062862,1778659258.5066416,0.050417423248291016,298,10.001156463834038,1778659258.4465234,0.09986662864685059,5594,201.56007919574034,1778659258.5953178,0.00047135353088378906,5846,201.81631138856304,1778659258.5953178,0.00021767616271972656
30.027234,1778659258.798562,1778659258.760628,0.5732942078637837,1.057005609414683,1.2930191321225981,0.3931924244138715,1778659258.7597635,0.2450716064460423,5.370644634761172,-1.0576063086972982,0.8088054040697884,1778659258.7597635,-1.2354192547211924,6.065040884020269,-3.148534395402969e-05,1.2023972706004706,1778659258.7597635,-1.2354192547211924,6.065040884020269,1.214968514656046,1.2023972706004706,1778659258.7597635,0.2450716064460421,5.37064463476117,0.15739369130270117,0.8088054040697883,1778659258.5420914,1,0.008762632496654987,0.9938557147979736,-1.2348616123199463,6.064489841461182,1.1940383324132269,1778659258.760628,-1.2353655099868774,6.0649261474609375,0.0,1.2024344053462872,0.0,0.0,0.0,1778659258.75962,5.366332287762667,-0.1582620303813367,-0.300484472186105,-0.04659350853840004,0.0,0.0,0.0,1778659258.7713494,-1.2354192547211924,6.065040884020269,-3.148534395402969e-05,1.2023972706004706,,,,,,,,,,,285,10.019991228723574,1778659258.6420884,0.1270761489868164,285,9.997483886720937,1778659258.6716974,0.05080437660217285,300,10.003268356074134,1778659258.6420884,0.10446715354919434,5634,200.47893498624856,1778659258.796046,0.0008523464202880859,5886,200.82449862152643,1778659258.796046,0.00047206878662109375
30.227425,1778659258.998767,1778659258.9661312,0.5611918165308057,1.0499320809798394,1.2845108631577538,0.390828806544218,1778659258.9609802,0.2463938868671347,5.368863066732843,-1.0546677958034358,0.8102558792155066,1778659258.9609802,-1.2355452892374998,6.0617936807177095,0.00014299522030669642,1.2015443180983338,1778659258.9609802,-1.2355452892374998,6.0617936807177095,1.2151429952203068,1.2015443180983338,1778659258.9609802,0.24639388686713481,5.368863066732839,0.16033220419656377,0.8102558792155062,1778659258.7423453,1,0.008851602673530579,0.993979275226593,-1.2354447841644287,6.061934947967529,1.1927492315635577,1778659258.9661312,-1.2355668544769287,6.061858654022217,0.0,1.2015210681335822,0.0,0.0,0.0,1778659258.9608614,5.365939409060996,-0.1612651845684819,-0.30046272696643644,-0.04441740586867134,0.0,0.0,0.0,1778659258.9709232,-1.2355452892374998,6.0617936807177095,0.00014299522030669642,1.2015443180983338,,,,,,,,,,,287,10.023279374527698,1778659258.8420694,0.12565922737121582,287,10.003877235134466,1778659258.8777473,0.05074501037597656,302,10.004728167575305,1778659258.8420694,0.10403013229370117,5674,200.23048228465802,1778659258.9953089,0.001886606216430664,5926,201.12803840049102,1778659258.9953089,0.0008220672607421875
30.427164,1778659259.198488,1778659259.1510892,0.5470354022197276,1.0593513252439668,1.2813102640987877,0.3890172805964914,1778659259.1602151,0.2532605173591993,5.3561051390357886,-1.054540040442029,0.811291410518778,1778659259.1510892,-1.2306264181188542,6.0660036903378245,-0.0009772801853962232,1.2006935245340935,1778659259.1510892,-1.2306264181188542,6.0660036903378245,1.2140227198146039,1.2006935245340935,1778659259.1602151,0.2532605173591993,5.3561051390357886,0.160459959557971,0.811291410518778,1778659258.9420815,1,0.008773782290518284,0.9940823912620544,-1.2364948987960815,6.071178913116455,1.1911422108738965,1778659259.1510892,-1.2361551523208618,6.071109771728516,0.0,1.199952851760498,0.0,0.0,0.0,1778659259.160105,5.3538817307523505,-0.16148371524257607,-0.3052824556767304,-0.042156404960629904,0.0,0.0,0.0,1778659259.171379,-1.2306264181188542,6.0660036903378245,-0.0009772801853962232,1.2006935245340935,,,,,,,,,,,289,9.992521637577926,1778659259.0420914,0.12616181373596191,289,10.004403144885412,1778659259.0626645,0.05091285705566406,304,9.99024342653185,1778659259.0420914,0.10964727401733398,5714,200.7059129782331,1778659259.195604,0.0007729530334472656,5966,201.04532155333402,1778659259.195604,0.0004360675811767578
