wall_time,ros_time,msg_stamp,has_converged,matching_error,inlier_fraction,relative_x,relative_y,relative_z,relative_yaw
3.212296,1778662862.368712,1778662861.776486,1,0.050839,0.950858,0.041824,0.160621,0.029672,-0.068465
3.212679,1778662862.369084,1778662861.876495,1,0.050979,0.950081,0.041930,0.162194,0.026732,-0.068990
3.212992,1778662862.369397,1778662861.976491,1,0.050922,0.951161,0.037520,0.162298,0.029834,-0.068085
3.213334,1778662862.369739,1778662862.076539,1,0.050456,0.951790,0.038803,0.161280,0.028607,-0.067851
3.213587,1778662862.369992,1778662862.176500,1,0.050314,0.951423,0.035309,0.162973,0.027526,-0.067855
3.295081,1778662862.451492,1778662862.280951,1,0.053764,0.948673,0.036558,0.159548,0.034027,-0.069032
3.380982,1778662862.537394,1778662862.376498,1,0.050539,0.951375,0.034056,0.163258,0.029173,-0.068108
3.502938,1778662862.659354,1778662862.476864,1,0.050468,0.951230,0.041130,0.162734,0.030268,-0.068335
3.602605,1778662862.759017,1778662862.576537,1,0.050377,0.951215,0.050973,0.166246,0.028957,-0.068998
3.706709,1778662862.863120,1778662862.676504,1,0.049896,0.952701,0.048539,0.162480,0.031065,-0.068389
3.779867,1778662862.936278,1778662862.776843,1,0.050516,0.951186,0.046024,0.160310,0.030996,-0.067752
3.898871,1778662863.055286,1778662862.876913,1,0.050911,0.951666,0.041652,0.165898,0.030396,-0.068178
3.983679,1778662863.140091,1778662862.976748,1,0.050082,0.952282,0.043274,0.165063,0.029517,-0.068083
4.091169,1778662863.247581,1778662863.076746,1,0.050851,0.950312,0.045456,0.168082,0.029036,-0.068256
4.201725,1778662863.358139,1778662863.176522,1,0.049763,0.952220,0.042946,0.167795,0.025329,-0.069136
4.299222,1778662863.455634,1778662863.281003,1,0.053084,0.948600,0.041012,0.162189,0.035117,-0.068277
4.387164,1778662863.543576,1778662863.376961,1,0.050667,0.950953,0.043238,0.163401,0.030726,-0.068348
4.498670,1778662863.655091,1778662863.476564,1,0.051101,0.951609,0.043177,0.164744,0.029826,-0.068112
4.582801,1778662863.739210,1778662863.576535,1,0.050464,0.951445,0.044452,0.164363,0.028438,-0.068953
4.683196,1778662863.839608,1778662863.676550,1,0.050496,0.951358,0.043038,0.164689,0.031019,-0.068671
4.801240,1778662863.957654,1778662863.776641,1,0.049544,0.953125,0.046839,0.168324,0.030585,-0.068715
4.895932,1778662864.052343,1778662863.876561,1,0.050187,0.951143,0.045439,0.166003,0.029361,-0.067801
4.999116,1778662864.155528,1778662863.976557,1,0.051108,0.950391,0.044319,0.165256,0.027588,-0.068956
5.094857,1778662864.251271,1778662864.076545,1,0.050938,0.950871,0.042825,0.161126,0.028043,-0.068090
5.203200,1778662864.359616,1778662864.176532,1,0.050823,0.951045,0.042217,0.163346,0.030994,-0.068462
5.304853,1778662864.461265,1778662864.281176,1,0.053487,0.948870,0.042168,0.156737,0.033079,-0.067536
5.390345,1778662864.546757,1778662864.376548,1,0.050968,0.950255,0.041154,0.165468,0.029196,-0.068562
5.487226,1778662864.643642,1778662864.476592,1,0.051143,0.949870,0.047757,0.166662,0.031032,-0.068806
5.585136,1778662864.741550,1778662864.576557,1,0.050066,0.951341,0.045241,0.156404,0.027962,-0.068677
5.704764,1778662864.861180,1778662864.676533,1,0.050606,0.951548,0.041195,0.158629,0.027518,-0.067595
5.786048,1778662864.942457,1778662864.776558,1,0.050069,0.950218,0.039406,0.160013,0.028927,-0.068591
5.903880,1778662865.060292,1778662864.876570,1,0.050220,0.950675,0.034042,0.156265,0.027749,-0.067904
5.987311,1778662865.143730,1778662864.976507,1,0.050265,0.951194,0.035502,0.161096,0.028621,-0.068672
6.090688,1778662865.247099,1778662865.076971,1,0.051094,0.950314,0.038354,0.157981,0.029637,-0.067872
6.215479,1778662865.371896,1778662865.176550,1,0.050709,0.951499,0.040482,0.158219,0.026656,-0.068607
6.313550,1778662865.469967,1778662865.281036,1,0.053900,0.946824,0.039901,0.156500,0.033419,-0.068346
6.385544,1778662865.541957,1778662865.376563,1,0.050946,0.950606,0.043171,0.165556,0.026219,-0.068885
6.493876,1778662865.650287,1778662865.476700,1,0.050489,0.952001,0.040802,0.168309,0.025620,-0.068858
6.612507,1778662865.768917,1778662865.576646,1,0.049822,0.952291,0.037299,0.159282,0.030503,-0.068037
6.703628,1778662865.860056,1778662865.676578,1,0.050013,0.951284,0.040785,0.162653,0.026550,-0.068549
6.787286,1778662865.943703,1778662865.776567,1,0.050500,0.951519,0.040537,0.163411,0.029378,-0.068595
6.907802,1778662866.064213,1778662865.876814,1,0.050586,0.949639,0.039908,0.162399,0.029080,-0.068597
6.986725,1778662866.143136,1778662865.976572,1,0.049993,0.951735,0.041375,0.165424,0.029914,-0.068002
7.092985,1778662866.249399,1778662866.076741,1,0.050385,0.951831,0.039846,0.158693,0.028688,-0.068573
7.199244,1778662866.355656,1778662866.176593,1,0.050971,0.951075,0.042402,0.160692,0.030579,-0.068020
7.296515,1778662866.452925,1778662866.281062,1,0.053770,0.947812,0.043411,0.158839,0.031477,-0.068188
7.386083,1778662866.542491,1778662866.376575,1,0.050759,0.950865,0.039229,0.165861,0.028913,-0.068765
7.486804,1778662866.643212,1778662866.477120,1,0.049918,0.951387,0.032512,0.162907,0.029093,-0.068437
7.592191,1778662866.748604,1778662866.576816,1,0.050929,0.951137,0.036773,0.159008,0.030236,-0.068169
7.703142,1778662866.859554,1778662866.677207,1,0.050534,0.952209,0.043929,0.166295,0.029882,-0.068511
7.787266,1778662866.943694,1778662866.776963,1,0.050910,0.951251,0.048134,0.164578,0.028606,-0.068112
7.892520,1778662867.048937,1778662866.876594,1,0.050848,0.951528,0.046765,0.165296,0.029575,-0.067900
8.010989,1778662867.167400,1778662866.977096,1,0.050512,0.951266,0.047430,0.166565,0.029871,-0.068270
8.081815,1778662867.238226,1778662867.076584,1,0.050366,0.951788,0.046356,0.168792,0.030544,-0.068779
8.200388,1778662867.356800,1778662867.176610,1,0.051040,0.951831,0.041853,0.166536,0.028883,-0.067720
8.289607,1778662867.446019,1778662867.281353,1,0.054420,0.947597,0.044533,0.161711,0.032223,-0.068832
8.397420,1778662867.553830,1778662867.376971,1,0.051496,0.949961,0.045307,0.163968,0.028623,-0.068174
8.506570,1778662867.662985,1778662867.476619,1,0.050175,0.951524,0.041773,0.163456,0.032246,-0.068426
8.579475,1778662867.735885,1778662867.576604,1,0.050100,0.951901,0.040389,0.164260,0.030306,-0.067713
8.686625,1778662867.843035,1778662867.676890,1,0.049620,0.951177,0.042871,0.167831,0.030207,-0.067681
8.789409,1778662867.945824,1778662867.776642,1,0.050323,0.951224,0.042045,0.164917,0.028070,-0.068555
8.907663,1778662868.064075,1778662867.876668,1,0.050559,0.951020,0.045112,0.165821,0.030590,-0.068875
8.986647,1778662868.143056,1778662867.976635,1,0.050275,0.951156,0.043558,0.166936,0.029150,-0.067769
9.086352,1778662868.242761,1778662868.076609,1,0.050692,0.951260,0.043098,0.165854,0.028046,-0.068722
9.196610,1778662868.353021,1778662868.176641,1,0.050759,0.951091,0.043334,0.164176,0.029611,-0.068729
9.299450,1778662868.455877,1778662868.281287,1,0.054098,0.947572,0.041026,0.164780,0.035282,-0.068336
9.411350,1778662868.567758,1778662868.377080,1,0.050653,0.950478,0.045194,0.163822,0.028922,-0.068449
9.484592,1778662868.641002,1778662868.476670,1,0.050760,0.950455,0.050569,0.161660,0.028330,-0.069184
9.582431,1778662868.738845,1778662868.576650,1,0.050428,0.951303,0.043201,0.161889,0.028074,-0.068099
9.688499,1778662868.844909,1778662868.676827,1,0.050485,0.951038,0.040603,0.149957,0.029058,-0.067987
9.796544,1778662868.952955,1778662868.776645,1,0.050174,0.951624,0.035206,0.158983,0.031439,-0.068340
9.883258,1778662869.039672,1778662868.876737,1,0.050272,0.951620,0.036743,0.159207,0.029239,-0.068266
9.984339,1778662869.140751,1778662868.976629,1,0.050041,0.951176,0.037638,0.157717,0.026173,-0.067986
10.096131,1778662869.252541,1778662869.076662,1,0.051528,0.949609,0.040836,0.161366,0.029015,-0.068507
10.195775,1778662869.352196,1778662869.176658,1,0.050979,0.949522,0.035487,0.159530,0.030341,-0.068174
10.299367,1778662869.455776,1778662869.281240,1,0.053886,0.948290,0.041214,0.161148,0.034125,-0.069073
10.390721,1778662869.547131,1778662869.376633,1,0.050420,0.951732,0.039615,0.163324,0.027202,-0.068209
10.488923,1778662869.645336,1778662869.476635,1,0.049387,0.952320,0.040087,0.161668,0.025657,-0.068440
10.597608,1778662869.754018,1778662869.576890,1,0.050490,0.950450,0.043565,0.162073,0.027852,-0.067873
10.701475,1778662869.857886,1778662869.676918,1,0.049902,0.951517,0.039947,0.161003,0.028183,-0.068776
10.798185,1778662869.954594,1778662869.776800,1,0.050864,0.950606,0.041126,0.157780,0.030377,-0.068173
10.894814,1778662870.051224,1778662869.876728,1,0.050376,0.951264,0.040113,0.163768,0.029153,-0.068226
10.981731,1778662870.138146,1778662869.976662,1,0.050899,0.950558,0.042233,0.161599,0.027703,-0.068639
11.111672,1778662870.268089,1778662870.076664,1,0.050279,0.951696,0.036335,0.163247,0.029987,-0.067841
11.200721,1778662870.357140,1778662870.176676,1,0.049965,0.951959,0.034121,0.162073,0.030555,-0.068013
11.295897,1778662870.452314,1778662870.281132,1,0.055091,0.945200,0.033079,0.167215,0.035473,-0.068285
11.398049,1778662870.554464,1778662870.377121,1,0.050580,0.950262,0.040650,0.165597,0.029085,-0.068845
11.499504,1778662870.655918,1778662870.476663,1,0.050750,0.950946,0.039662,0.165672,0.029734,-0.068575
11.605050,1778662870.761461,1778662870.576730,1,0.049984,0.952824,0.044559,0.167339,0.028115,-0.068709
11.679861,1778662870.836272,1778662870.676665,1,0.049512,0.952815,0.044131,0.164868,0.027404,-0.067558
11.838952,1778662870.995361,1778662870.776832,1,0.051214,0.950886,0.044360,0.164636,0.029163,-0.068345
11.905456,1778662871.061874,1778662870.876673,1,0.049947,0.952381,0.049408,0.164620,0.031242,-0.068593
11.990929,1778662871.147341,1778662870.977087,1,0.050833,0.952093,0.048406,0.164622,0.032197,-0.068432
12.084129,1778662871.240540,1778662871.076770,1,0.050737,0.951391,0.045218,0.170029,0.029467,-0.068530
12.200059,1778662871.356472,1778662871.176681,1,0.051428,0.950550,0.042622,0.162532,0.028089,-0.067586
12.294426,1778662871.450838,1778662871.281206,1,0.054482,0.947543,0.038726,0.161364,0.033821,-0.067892
12.385501,1778662871.541916,1778662871.376698,1,0.050151,0.952126,0.038225,0.159802,0.027092,-0.067848
12.494668,1778662871.651081,1778662871.476710,1,0.050838,0.950930,0.043624,0.165115,0.033951,-0.068237
12.585002,1778662871.741411,1778662871.577099,1,0.050711,0.951538,0.043818,0.165885,0.031103,-0.069084
12.684261,1778662871.840675,1778662871.677061,1,0.050730,0.951826,0.040779,0.163403,0.028052,-0.067559
12.798199,1778662871.954612,1778662871.776714,1,0.049829,0.952694,0.042426,0.162034,0.024737,-0.067683
12.902084,1778662872.058494,1778662871.876719,1,0.050697,0.950916,0.046860,0.170483,0.027924,-0.068629
12.989114,1778662872.145522,1778662871.976744,1,0.050700,0.951120,0.042341,0.166588,0.028709,-0.068372
13.084025,1778662872.240446,1778662872.076813,1,0.049938,0.951182,0.043496,0.166191,0.030775,-0.068297
13.189570,1778662872.345979,1778662872.176697,1,0.051409,0.949974,0.044586,0.169360,0.031311,-0.067861
13.294226,1778662872.450634,1778662872.281224,1,0.053558,0.948335,0.044989,0.160609,0.033972,-0.068142
13.406607,1778662872.563019,1778662872.376773,1,0.050903,0.950952,0.044000,0.169324,0.030459,-0.069130
13.478902,1778662872.635313,1778662872.476738,1,0.050835,0.950934,0.047035,0.164681,0.028655,-0.068283
13.585590,1778662872.742001,1778662872.576736,1,0.051059,0.950770,0.046303,0.169602,0.028245,-0.069563
13.698310,1778662872.854719,1778662872.676873,1,0.050845,0.950182,0.038067,0.163555,0.028245,-0.067938
13.785611,1778662872.942022,1778662872.776725,1,0.050350,0.951059,0.032806,0.153033,0.031193,-0.066917
13.893613,1778662873.050022,1778662872.876735,1,0.050581,0.950793,0.037078,0.156048,0.029473,-0.067842
14.000014,1778662873.156434,1778662872.976746,1,0.050793,0.949948,0.039795,0.154711,0.023970,-0.068190
14.106404,1778662873.262828,1778662873.076955,1,0.050544,0.950604,0.036333,0.159626,0.028241,-0.067339
14.199662,1778662873.356072,1778662873.176776,1,0.050531,0.951253,0.038269,0.164431,0.031095,-0.067579
14.291162,1778662873.447580,1778662873.281204,1,0.053504,0.948040,0.037759,0.165068,0.033302,-0.068709
14.399675,1778662873.556095,1778662873.376733,1,0.051426,0.949467,0.040847,0.162559,0.028759,-0.068392
14.489866,1778662873.646276,1778662873.477227,1,0.050169,0.950415,0.040704,0.165723,0.023710,-0.068707
14.606652,1778662873.763068,1778662873.576800,1,0.050660,0.951031,0.038766,0.171260,0.025419,-0.068919
14.684230,1778662873.840641,1778662873.676750,1,0.050389,0.950958,0.044413,0.168894,0.026149,-0.069144
14.791849,1778662873.948262,1778662873.776742,1,0.051211,0.949477,0.041631,0.157480,0.027676,-0.068550
14.884280,1778662874.040694,1778662873.876727,1,0.050499,0.951674,0.045467,0.166363,0.029980,-0.068650
15.002967,1778662874.159384,1778662873.977519,1,0.050553,0.950710,0.041049,0.161855,0.027713,-0.068301
15.098593,1778662874.255011,1778662874.076733,1,0.049990,0.951457,0.040651,0.164107,0.028868,-0.068905
15.190917,1778662874.347325,1778662874.176754,1,0.049870,0.951577,0.038073,0.165029,0.032562,-0.068542
15.296557,1778662874.452970,1778662874.281209,1,0.053475,0.948282,0.044365,0.164509,0.034829,-0.068050
15.400766,1778662874.557209,1778662874.376760,1,0.051297,0.950299,0.041274,0.170534,0.027369,-0.068547
15.495581,1778662874.651993,1778662874.476746,1,0.050619,0.950536,0.038142,0.164800,0.025245,-0.068270
15.588539,1778662874.744946,1778662874.577907,1,0.050663,0.951718,0.035577,0.164994,0.025676,-0.068759
15.699455,1778662874.855868,1778662874.677438,1,0.051084,0.951253,0.045660,0.170138,0.027527,-0.068323
15.789506,1778662874.945915,1778662874.776752,1,0.051529,0.951264,0.045382,0.171200,0.030292,-0.068961
15.886317,1778662875.042733,1778662874.876779,1,0.051425,0.950969,0.045889,0.168482,0.032246,-0.068985
15.981994,1778662875.138408,1778662874.976835,1,0.050815,0.951144,0.047333,0.168216,0.031632,-0.067801
16.093556,1778662875.249967,1778662875.076761,1,0.051029,0.950490,0.046664,0.168938,0.030532,-0.068649
16.200842,1778662875.357254,1778662875.176767,1,0.051004,0.950684,0.048699,0.167185,0.028930,-0.068021
16.295779,1778662875.452189,1778662875.281324,1,0.053874,0.948245,0.041728,0.161532,0.032340,-0.067514
16.394737,1778662875.551150,1778662875.377060,1,0.051404,0.950820,0.044691,0.173068,0.028975,-0.069696
16.506799,1778662875.663209,1778662875.476774,1,0.050763,0.950838,0.046287,0.167910,0.030894,-0.068688
16.599802,1778662875.756211,1778662875.576800,1,0.051749,0.950781,0.043317,0.168083,0.031580,-0.068905
16.705576,1778662875.861989,1778662875.676797,1,0.051018,0.950471,0.043257,0.163237,0.029777,-0.066590
16.801610,1778662875.958019,1778662875.776778,1,0.050152,0.951766,0.040266,0.165482,0.028544,-0.068511
16.897248,1778662876.053660,1778662875.876984,1,0.051241,0.950800,0.041155,0.163792,0.028443,-0.068673
16.983577,1778662876.139989,1778662875.976805,1,0.050562,0.951277,0.044267,0.162291,0.029269,-0.068304
17.090828,1778662876.247252,1778662876.076792,1,0.051774,0.950618,0.045765,0.163766,0.024793,-0.068484
17.207071,1778662876.363482,1778662876.176795,1,0.053225,0.948790,0.048150,0.172614,0.028824,-0.069187
17.292533,1778662876.448951,1778662876.281271,1,0.055403,0.946565,0.048268,0.169432,0.033384,-0.068524
17.407842,1778662876.564252,1778662876.376809,1,0.051496,0.950707,0.046748,0.171754,0.028496,-0.068666
17.490722,1778662876.647133,1778662876.477093,1,0.051993,0.948467,0.043377,0.172563,0.031008,-0.069018
17.598293,1778662876.754707,1778662876.576825,1,0.052413,0.947268,0.046102,0.172336,0.029117,-0.069076
17.709331,1778662876.865741,1778662876.676706,1,0.054112,0.943709,0.047133,0.171279,0.030913,-0.069197
17.789905,1778662876.946318,1778662876.776896,1,0.054912,0.943981,0.040509,0.162536,0.028574,-0.068817
17.894235,1778662877.050644,1778662876.876800,1,0.054318,0.943813,0.038519,0.162197,0.028597,-0.068487
18.007152,1778662877.163575,1778662876.976808,1,0.054406,0.945396,0.037190,0.158990,0.027310,-0.068260
18.081098,1778662877.237513,1778662877.076908,1,0.054149,0.945414,0.040554,0.166044,0.023951,-0.068386
18.205976,1778662877.362389,1778662877.177874,1,0.054713,0.945325,0.041407,0.163368,0.027479,-0.068044
18.302649,1778662877.459057,1778662877.281347,1,0.058393,0.940229,0.039829,0.165072,0.032804,-0.068632
18.384958,1778662877.541370,1778662877.376799,1,0.054559,0.945087,0.039093,0.168803,0.027053,-0.068588
18.491811,1778662877.648223,1778662877.477288,1,0.055439,0.943072,0.042147,0.172675,0.027085,-0.068760
18.618314,1778662877.774749,1778662877.577144,1,0.054354,0.943866,0.043521,0.173245,0.026902,-0.069277
18.692743,1778662877.849155,1778662877.676798,1,0.054303,0.945379,0.042410,0.169290,0.031178,-0.068646
18.801019,1778662877.957431,1778662877.777581,1,0.054618,0.944112,0.046686,0.166492,0.029544,-0.068687
18.895689,1778662878.052099,1778662877.876860,1,0.054009,0.943582,0.043064,0.162685,0.027223,-0.069366
18.996179,1778662878.152589,1778662877.976807,1,0.053655,0.944498,0.045886,0.166854,0.025579,-0.069753
19.094506,1778662878.250918,1778662878.076825,1,0.052967,0.947625,0.046020,0.152674,0.025756,-0.067975
19.210811,1778662878.367222,1778662878.176817,1,0.052182,0.948178,0.042386,0.160937,0.027869,-0.068594
19.312847,1778662878.469262,1778662878.281291,1,0.054995,0.947854,0.044575,0.148961,0.031812,-0.069064
19.386392,1778662878.542802,1778662878.376825,1,0.051864,0.949934,0.045529,0.150647,0.025331,-0.068572
19.486634,1778662878.643046,1778662878.476836,1,0.052172,0.949859,0.046785,0.152250,0.025690,-0.068887
19.585921,1778662878.742332,1778662878.577116,1,0.052192,0.949498,0.040186,0.160088,0.026900,-0.069138
19.695664,1778662878.852076,1778662878.677114,1,0.051525,0.950918,0.038581,0.160224,0.026165,-0.069206
19.780674,1778662878.937087,1778662878.777202,1,0.051878,0.949823,0.040764,0.166217,0.026658,-0.068779
19.904291,1778662879.060735,1778662878.877108,1,0.053106,0.948786,0.045089,0.173075,0.029000,-0.067243
19.997212,1778662879.153638,1778662878.977431,1,0.052357,0.950128,0.046615,0.167729,0.026595,-0.066274
20.084527,1778662879.240940,1778662879.076839,1,0.051325,0.950303,0.041830,0.161590,0.028374,-0.064626
20.195278,1778662879.351691,1778662879.176849,1,0.050591,0.951598,0.039863,0.160902,0.028360,-0.062034
20.311512,1778662879.467925,1778662879.281324,1,0.053898,0.947322,0.034529,0.157576,0.034719,-0.061079
20.380184,1778662879.536599,1778662879.376869,1,0.050355,0.950688,0.035005,0.169847,0.030081,-0.063690
20.492214,1778662879.648623,1778662879.477078,1,0.049815,0.952471,0.034407,0.167001,0.027990,-0.064043
20.592351,1778662879.748777,1778662879.576875,1,0.049122,0.953813,0.037170,0.161630,0.029686,-0.065061
20.693387,1778662879.849801,1778662879.676872,1,0.049099,0.954036,0.038053,0.162794,0.031873,-0.064676
20.787088,1778662879.943512,1778662879.776846,1,0.049464,0.952534,0.034975,0.160578,0.030627,-0.064504
20.895178,1778662880.051593,1778662879.876894,1,0.051436,0.951135,0.033219,0.158692,0.030142,-0.064152
21.002428,1778662880.158839,1778662879.977120,1,0.051989,0.948067,0.033228,0.157652,0.029222,-0.066125
21.105147,1778662880.261556,1778662880.076775,1,0.053825,0.944073,0.034517,0.157126,0.031696,-0.065975
21.192835,1778662880.349247,1778662880.176880,1,0.053293,0.945189,0.034414,0.155635,0.030185,-0.065867
21.320738,1778662880.477153,1778662880.281531,1,0.059924,0.938146,0.032205,0.157075,0.032722,-0.065100
21.395852,1778662880.552268,1778662880.376888,1,0.056074,0.943570,0.035549,0.158965,0.030542,-0.065859
21.491846,1778662880.648258,1778662880.476886,1,0.056144,0.945565,0.039763,0.163721,0.031591,-0.066595
21.590891,1778662880.747301,1778662880.576868,1,0.057040,0.945014,0.038154,0.159272,0.030996,-0.066452
21.690102,1778662880.846513,1778662880.676895,1,0.057577,0.944420,0.040337,0.159796,0.031970,-0.065947
21.810036,1778662880.966455,1778662880.776895,1,0.056358,0.946893,0.035670,0.156789,0.028775,-0.067075
21.896579,1778662881.052987,1778662880.876885,1,0.055992,0.945939,0.035860,0.154530,0.031054,-0.064794
21.985807,1778662881.142221,1778662880.976892,1,0.056147,0.945013,0.035149,0.154583,0.028070,-0.065137
22.090647,1778662881.247060,1778662881.076919,1,0.055308,0.946937,0.032474,0.151062,0.027491,-0.065058
22.201100,1778662881.357512,1778662881.176914,1,0.055625,0.946568,0.029991,0.155101,0.027938,-0.063920
22.298148,1778662881.454561,1778662881.281545,1,0.059017,0.942407,0.031877,0.144541,0.032491,-0.063710
22.395441,1778662881.551852,1778662881.377397,1,0.056187,0.945633,0.031375,0.152238,0.027972,-0.063447
22.498515,1778662881.654933,1778662881.476939,1,0.053997,0.946909,0.033971,0.146457,0.030214,-0.064507
22.589383,1778662881.745794,1778662881.576884,1,0.052266,0.946961,0.031184,0.152430,0.026104,-0.064500
22.696632,1778662881.853047,1778662881.676901,1,0.051934,0.947107,0.037898,0.153112,0.026085,-0.064795
22.798470,1778662881.954883,1778662881.776897,1,0.050631,0.949173,0.035217,0.155543,0.029408,-0.063835
22.910465,1778662882.066875,1778662881.877130,1,0.049766,0.951040,0.031921,0.158307,0.027300,-0.064711
22.983890,1778662882.140314,1778662881.976897,1,0.049572,0.951370,0.030767,0.162102,0.030177,-0.064756
23.089283,1778662882.245694,1778662882.077006,1,0.050287,0.950757,0.037141,0.164958,0.027827,-0.064649
23.196867,1778662882.353280,1778662882.177100,1,0.049517,0.952169,0.032516,0.159895,0.031585,-0.064662
23.295646,1778662882.452055,1778662882.281384,1,0.053782,0.947300,0.031505,0.152800,0.035367,-0.065609
23.382402,1778662882.538829,1778662882.376914,1,0.050949,0.951333,0.029545,0.152585,0.030089,-0.065398
23.483615,1778662882.640028,1778662882.476962,1,0.051780,0.949491,0.027949,0.161577,0.028637,-0.064336
23.610722,1778662882.767152,1778662882.576921,1,0.052823,0.947784,0.031083,0.152391,0.028230,-0.065599
23.695790,1778662882.852205,1778662882.676904,1,0.052567,0.947066,0.027786,0.159590,0.032400,-0.064959
23.803298,1778662882.959713,1778662882.777072,1,0.052866,0.946835,0.032618,0.167160,0.032919,-0.066645
23.888649,1778662883.045061,1778662882.876948,1,0.052360,0.948464,0.043870,0.165647,0.032154,-0.066458
23.990092,1778662883.146503,1778662882.976918,1,0.053337,0.947524,0.046338,0.162766,0.027150,-0.066119
24.088923,1778662883.245333,1778662883.076941,1,0.053230,0.948678,0.047107,0.160304,0.029582,-0.066250
24.197583,1778662883.354004,1778662883.177195,1,0.052835,0.947643,0.044870,0.163249,0.033149,-0.066190
24.301389,1778662883.457801,1778662883.281379,1,0.055464,0.945654,0.041753,0.163419,0.033647,-0.067302
24.393681,1778662883.550095,1778662883.376933,1,0.053123,0.949065,0.041898,0.159688,0.029349,-0.067568
24.503885,1778662883.660297,1778662883.476934,1,0.053599,0.947095,0.042799,0.159900,0.029013,-0.066586
24.590614,1778662883.747024,1778662883.577095,1,0.052010,0.947882,0.040109,0.164402,0.028498,-0.067202
24.696705,1778662883.853118,1778662883.677033,1,0.052301,0.947911,0.040574,0.161803,0.029539,-0.066126
24.801913,1778662883.958321,1778662883.776947,1,0.052126,0.947880,0.041102,0.165375,0.031570,-0.067145
24.887018,1778662884.043429,1778662883.876945,1,0.053319,0.947177,0.039510,0.167475,0.031948,-0.066627
24.994632,1778662884.151048,1778662883.976941,1,0.052574,0.948754,0.035274,0.160419,0.027908,-0.066139
25.086473,1778662884.242882,1778662884.076983,1,0.054421,0.948631,0.033693,0.161005,0.029110,-0.066022
25.206118,1778662884.362529,1778662884.176972,1,0.053782,0.948687,0.044763,0.163503,0.027672,-0.067504
25.288321,1778662884.444734,1778662884.281716,1,0.055888,0.945838,0.042479,0.162267,0.033744,-0.066460
25.398782,1778662884.555211,1778662884.376984,1,0.051912,0.950318,0.041293,0.166870,0.031709,-0.066676
25.509670,1778662884.666081,1778662884.476953,1,0.053353,0.947718,0.048197,0.164760,0.029717,-0.067819
25.603850,1778662884.760262,1778662884.577034,1,0.053024,0.947560,0.045572,0.163320,0.029112,-0.067390
25.693556,1778662884.849966,1778662884.676977,1,0.053071,0.948078,0.037606,0.162866,0.025037,-0.065978
25.786353,1778662884.942775,1778662884.777014,1,0.053062,0.947722,0.039346,0.155022,0.029226,-0.066690
25.903840,1778662885.060251,1778662884.876975,1,0.052072,0.948810,0.033205,0.153270,0.035067,-0.066062
25.999049,1778662885.155458,1778662884.976969,1,0.053036,0.947572,0.039286,0.148737,0.030964,-0.066465
26.083927,1778662885.240338,1778662885.076969,1,0.052039,0.949548,0.032391,0.148203,0.026432,-0.066000
26.201508,1778662885.357922,1778662885.176981,1,0.053212,0.946516,0.031638,0.151433,0.025927,-0.065594
26.297976,1778662885.454386,1778662885.281434,1,0.055520,0.944749,0.033691,0.151993,0.031775,-0.066030
26.389259,1778662885.545668,1778662885.376973,1,0.053148,0.947786,0.033045,0.155557,0.029662,-0.065887
26.495902,1778662885.652313,1778662885.476992,1,0.053489,0.947648,0.036240,0.155299,0.028620,-0.066082
26.579617,1778662885.736027,1778662885.577000,1,0.052513,0.947532,0.037010,0.158566,0.027996,-0.066460
26.699064,1778662885.855480,1778662885.676981,1,0.054407,0.946225,0.037419,0.151223,0.030264,-0.066451
26.797066,1778662885.953478,1778662885.777000,1,0.054212,0.947291,0.036637,0.158779,0.029604,-0.065925
26.877638,1778662886.034049,1778662885.876980,1,0.054704,0.947382,0.033905,0.157171,0.031031,-0.066208
26.999253,1778662886.155662,1778662885.977001,1,0.055111,0.947770,0.040063,0.156495,0.029022,-0.066133
27.092678,1778662886.249091,1778662886.076981,1,0.055250,0.948150,0.041544,0.159704,0.028960,-0.066968
27.229388,1778662886.385795,1778662886.176974,1,0.054897,0.947581,0.035870,0.163823,0.030124,-0.067322
27.326848,1778662886.483261,1778662886.281441,1,0.058696,0.944500,0.032433,0.160537,0.034632,-0.068103
27.401012,1778662886.557425,1778662886.376981,1,0.052872,0.950889,0.035455,0.159698,0.029487,-0.067121
27.491730,1778662886.648146,1778662886.477648,1,0.054603,0.947888,0.037601,0.159518,0.029029,-0.067125
27.607807,1778662886.764219,1778662886.577317,1,0.053513,0.948579,0.033412,0.158843,0.024998,-0.066944
27.701394,1778662886.857812,1778662886.676975,1,0.053346,0.947785,0.030882,0.153086,0.030086,-0.066561
27.781610,1778662886.938028,1778662886.776978,1,0.052804,0.949204,0.035619,0.157076,0.032584,-0.066021
27.899115,1778662887.055537,1778662886.876993,1,0.052674,0.949306,0.041733,0.160415,0.027687,-0.067621
27.984997,1778662887.141405,1778662886.977020,1,0.052107,0.951372,0.043657,0.160238,0.031307,-0.068194
28.107117,1778662887.263532,1778662887.077019,1,0.053458,0.949427,0.040897,0.164270,0.031527,-0.067136
28.200461,1778662887.356871,1778662887.177273,1,0.053135,0.949485,0.044113,0.163552,0.031957,-0.066747
28.299458,1778662887.455868,1778662887.281468,1,0.056171,0.945748,0.044399,0.162809,0.032565,-0.067396
28.409294,1778662887.565705,1778662887.377023,1,0.052080,0.949727,0.042824,0.160976,0.027509,-0.067586
28.487301,1778662887.643711,1778662887.477017,1,0.051827,0.949032,0.042580,0.161544,0.030703,-0.067773
28.596918,1778662887.753329,1778662887.577020,1,0.051731,0.949233,0.040388,0.158819,0.031443,-0.066449
28.696063,1778662887.852474,1778662887.677032,1,0.050768,0.950459,0.040641,0.164665,0.030433,-0.067744
28.804114,1778662887.960535,1778662887.777063,1,0.051849,0.949122,0.039790,0.163800,0.029701,-0.067505
28.939770,1778662888.096178,1778662887.877031,1,0.051902,0.948673,0.042787,0.161952,0.029050,-0.066707
28.995491,1778662888.151902,1778662887.977026,1,0.051000,0.949476,0.038346,0.162642,0.029709,-0.067690
29.087546,1778662888.243957,1778662888.077054,1,0.051715,0.949394,0.042444,0.156578,0.028331,-0.067329
29.208750,1778662888.365165,1778662888.177044,1,0.052122,0.948975,0.044995,0.163564,0.027221,-0.067531
29.295955,1778662888.452366,1778662888.281686,1,0.054446,0.946512,0.046030,0.165859,0.032565,-0.067891
29.385268,1778662888.541676,1778662888.377635,1,0.051293,0.950623,0.041974,0.161015,0.028989,-0.067650
29.500302,1778662888.656711,1778662888.477051,1,0.052266,0.948442,0.040988,0.164979,0.030747,-0.068183
29.597467,1778662888.753879,1778662888.577271,1,0.050608,0.949978,0.036719,0.164397,0.031125,-0.067628
29.689081,1778662888.845495,1778662888.677058,1,0.051698,0.949410,0.042433,0.161962,0.031269,-0.067234
29.802325,1778662888.958733,1778662888.777179,1,0.051946,0.949871,0.042894,0.165920,0.030191,-0.067904
29.888948,1778662889.045357,1778662888.877086,1,0.052375,0.949373,0.042997,0.158782,0.025548,-0.068001
30.003763,1778662889.160171,1778662888.977228,1,0.052103,0.949948,0.039101,0.159475,0.029368,-0.068295
30.100339,1778662889.256751,1778662889.077011,1,0.054000,0.948742,0.033041,0.155758,0.029905,-0.067723
30.224889,1778662889.381299,1778662889.177391,1,0.052480,0.948286,0.037031,0.150779,0.026574,-0.067238
30.296335,1778662889.452748,1778662889.281877,1,0.055681,0.945761,0.041908,0.149161,0.035074,-0.067815
30.394524,1778662889.550935,1778662889.377703,1,0.052873,0.949352,0.036701,0.161152,0.024700,-0.067740
30.495381,1778662889.651797,1778662889.478345,1,0.052464,0.948128,0.043004,0.152339,0.028285,-0.068009
30.603041,1778662889.759458,1778662889.577052,1,0.051792,0.950206,0.035127,0.160215,0.026189,-0.068346
30.700562,1778662889.856975,1778662889.677063,1,0.052360,0.949142,0.039581,0.158289,0.028179,-0.067786
30.810116,1778662889.966530,1778662889.777214,1,0.051348,0.949842,0.037115,0.160954,0.030260,-0.068101
30.910262,1778662890.066672,1778662889.877002,1,0.051602,0.950124,0.039557,0.163107,0.029894,-0.068328
30.993225,1778662890.149639,1778662889.977058,1,0.050907,0.950994,0.037136,0.164071,0.030417,-0.068039
31.093381,1778662890.249793,1778662890.077098,1,0.051200,0.949936,0.041221,0.162570,0.030002,-0.068774
31.216394,1778662890.372838,1778662890.177294,1,0.051924,0.948795,0.040046,0.152354,0.029703,-0.068485
31.301060,1778662890.457490,1778662890.281529,1,0.055057,0.946902,0.040538,0.154617,0.032029,-0.068163
31.394747,1778662890.551165,1778662890.377074,1,0.052044,0.949150,0.040974,0.164216,0.028059,-0.069131
31.499372,1778662890.655784,1778662890.477057,1,0.050862,0.949966,0.036979,0.165984,0.030152,-0.068208
31.594937,1778662890.751359,1778662890.577091,1,0.051186,0.949544,0.040530,0.163547,0.028841,-0.067912
31.683751,1778662890.840167,1778662890.677253,1,0.051502,0.948966,0.040900,0.164341,0.029275,-0.069117
31.799078,1778662890.955496,1778662890.777056,1,0.051359,0.949128,0.033628,0.160306,0.027245,-0.067888
31.888263,1778662891.044680,1778662890.877072,1,0.051382,0.949291,0.032455,0.163975,0.031607,-0.068129
31.989813,1778662891.146222,1778662890.977072,1,0.051121,0.949939,0.034586,0.162155,0.029603,-0.067544
32.085186,1778662891.241595,1778662891.077125,1,0.049514,0.952336,0.042441,0.166778,0.028570,-0.068065
32.214620,1778662891.371030,1778662891.177086,1,0.050021,0.951833,0.045944,0.161111,0.029632,-0.068259
32.311521,1778662891.467958,1778662891.281549,1,0.053893,0.948436,0.045663,0.162727,0.033040,-0.068498
32.404381,1778662891.560797,1778662891.377100,1,0.049944,0.951909,0.045291,0.167182,0.028761,-0.068477
32.508786,1778662891.665196,1778662891.477109,1,0.050224,0.952299,0.048083,0.165110,0.031118,-0.068501
32.591179,1778662891.747591,1778662891.577106,1,0.049394,0.952915,0.048011,0.169490,0.031282,-0.068785
32.684732,1778662891.841146,1778662891.677091,1,0.050374,0.950854,0.050277,0.166078,0.030658,-0.068836
32.800951,1778662891.957364,1778662891.777060,1,0.050939,0.951871,0.043711,0.159581,0.028092,-0.068262
32.891841,1778662892.048262,1778662891.877125,1,0.049413,0.952468,0.044435,0.166315,0.028056,-0.068400
32.998579,1778662892.154993,1778662891.977226,1,0.049958,0.952282,0.039936,0.167929,0.029172,-0.068164
33.100459,1778662892.256869,1778662892.077592,1,0.050832,0.950467,0.040894,0.167390,0.028835,-0.068376
33.209841,1778662892.366252,1778662892.177227,1,0.050394,0.951409,0.044348,0.165470,0.031535,-0.068519
33.311630,1778662892.468041,1778662892.281619,1,0.054058,0.947485,0.047281,0.158318,0.031435,-0.068140
33.392037,1778662892.548463,1778662892.377844,1,0.050216,0.951904,0.041706,0.163471,0.028286,-0.068391
33.487064,1778662892.643476,1778662892.477133,1,0.049646,0.952101,0.044188,0.169025,0.031251,-0.068128
33.590575,1778662892.746983,1778662892.577472,1,0.050328,0.951272,0.043445,0.164619,0.028573,-0.068623
33.694177,1778662892.850588,1778662892.677099,1,0.050547,0.950655,0.038995,0.165438,0.030617,-0.068136
33.809495,1778662892.965906,1778662892.777151,1,0.049946,0.952097,0.043569,0.160726,0.024422,-0.068703
33.891457,1778662893.047868,1778662892.877142,1,0.050748,0.950953,0.047157,0.161007,0.031465,-0.069096
34.006061,1778662893.162472,1778662892.977701,1,0.050806,0.951276,0.043698,0.161174,0.033119,-0.068371
34.106985,1778662893.263400,1778662893.077144,1,0.050486,0.951705,0.038953,0.163919,0.030130,-0.068473
34.205045,1778662893.361459,1778662893.177156,1,0.050442,0.950964,0.039547,0.156635,0.028390,-0.067996
34.289792,1778662893.446205,1778662893.281949,1,0.053984,0.946388,0.039950,0.149939,0.030729,-0.067797
34.391548,1778662893.547960,1778662893.377131,1,0.050066,0.950702,0.039071,0.150320,0.028088,-0.068409
34.502866,1778662893.659283,1778662893.477241,1,0.050099,0.952040,0.040229,0.159176,0.030328,-0.068474
34.599787,1778662893.756197,1778662893.577345,1,0.049962,0.951058,0.040283,0.158449,0.025885,-0.069092
34.708297,1778662893.864713,1778662893.677147,1,0.050423,0.950866,0.035717,0.161408,0.027957,-0.068011
34.798638,1778662893.955049,1778662893.777132,1,0.050794,0.951026,0.038857,0.161782,0.029045,-0.067938
34.894175,1778662894.050583,1778662893.877136,1,0.050910,0.950526,0.042247,0.163064,0.026492,-0.068317
34.995843,1778662894.152256,1778662893.977152,1,0.050469,0.951546,0.039904,0.162156,0.031766,-0.067510
35.097128,1778662894.253539,1778662894.077237,1,0.051584,0.950266,0.043432,0.162469,0.029505,-0.068610
35.201723,1778662894.358135,1778662894.177163,1,0.050702,0.950189,0.040296,0.162307,0.027800,-0.068236
35.306132,1778662894.462550,1778662894.281641,1,0.053043,0.949059,0.040045,0.157537,0.033233,-0.068618
35.403898,1778662894.560311,1778662894.377393,1,0.049999,0.952157,0.040234,0.160907,0.029587,-0.068619
35.491985,1778662894.648395,1778662894.477195,1,0.050835,0.950718,0.039947,0.157749,0.029116,-0.068214
35.588896,1778662894.745303,1778662894.577157,1,0.050577,0.951054,0.043379,0.165428,0.028786,-0.068215
35.700030,1778662894.856441,1778662894.677180,1,0.050860,0.949751,0.037407,0.166069,0.025490,-0.069311
35.801793,1778662894.958203,1778662894.777179,1,0.051158,0.950578,0.032806,0.164798,0.028328,-0.068215
35.907697,1778662895.064111,1778662894.877203,1,0.050079,0.950885,0.037129,0.163148,0.030179,-0.066981
35.983033,1778662895.139445,1778662894.977196,1,0.051066,0.951828,0.043386,0.163368,0.026474,-0.069069
36.083230,1778662895.239645,1778662895.077219,1,0.050713,0.950807,0.043445,0.162448,0.029407,-0.068119
36.193802,1778662895.350210,1778662895.177741,1,0.049448,0.952748,0.042081,0.165487,0.032248,-0.068101
36.304623,1778662895.461039,1778662895.281621,1,0.054259,0.948206,0.044176,0.160562,0.035170,-0.067721
36.402866,1778662895.559278,1778662895.377604,1,0.051116,0.951705,0.043563,0.169019,0.029901,-0.068503
36.499023,1778662895.655447,1778662895.477186,1,0.051114,0.950682,0.042033,0.171808,0.030053,-0.068387
36.591705,1778662895.748116,1778662895.577256,1,0.051495,0.951114,0.044169,0.167003,0.029210,-0.068860
36.705279,1778662895.861692,1778662895.677341,1,0.050329,0.951420,0.042828,0.169218,0.028775,-0.068762
36.790517,1778662895.946927,1778662895.777222,1,0.050556,0.950610,0.047774,0.163332,0.029020,-0.068874
36.916926,1778662896.073342,1778662895.877671,1,0.049821,0.952594,0.046864,0.160843,0.028508,-0.068166
36.991672,1778662896.148085,1778662895.977197,1,0.050605,0.951327,0.041443,0.161851,0.028127,-0.067809
37.129178,1778662896.285587,1778662896.077193,1,0.050842,0.949867,0.039303,0.162898,0.031875,-0.067842
37.196200,1778662896.352611,1778662896.177402,1,0.050801,0.950674,0.041206,0.165524,0.028998,-0.068353
37.296742,1778662896.453154,1778662896.281690,1,0.052805,0.948798,0.043981,0.167234,0.033960,-0.068213
37.413379,1778662896.569793,1778662896.377227,1,0.050301,0.951466,0.048170,0.165234,0.029963,-0.068609
37.481744,1778662896.638172,1778662896.477366,1,0.050458,0.950602,0.044808,0.169446,0.030003,-0.068482
37.602114,1778662896.758531,1778662896.577222,1,0.049976,0.952073,0.045149,0.170630,0.029695,-0.068937
37.695768,1778662896.852197,1778662896.677196,1,0.051349,0.950558,0.043310,0.165199,0.031134,-0.069046
37.797812,1778662896.954229,1778662896.777294,1,0.050322,0.951394,0.043332,0.158909,0.027003,-0.068394
37.890641,1778662897.047054,1778662896.877225,1,0.050520,0.950518,0.046562,0.163106,0.028948,-0.068871
38.008341,1778662897.164751,1778662896.977801,1,0.050376,0.951641,0.041878,0.156901,0.030632,-0.068277
38.106707,1778662897.263142,1778662897.077573,1,0.050427,0.950576,0.041872,0.157388,0.026573,-0.068334
38.209791,1778662897.366199,1778662897.177518,1,0.050229,0.951581,0.038788,0.150875,0.028429,-0.068092
38.306342,1778662897.462759,1778662897.281670,1,0.053119,0.948279,0.038753,0.159248,0.032100,-0.067679
38.406712,1778662897.563127,1778662897.377218,1,0.049816,0.950923,0.039313,0.158210,0.026095,-0.068312
38.500383,1778662897.656801,1778662897.477142,1,0.050653,0.951295,0.039211,0.159809,0.028642,-0.069258
38.598543,1778662897.754961,1778662897.577244,1,0.050961,0.950108,0.037966,0.156076,0.028027,-0.068053
38.689151,1778662897.845559,1778662897.677235,1,0.050018,0.952012,0.034454,0.159389,0.026834,-0.068019
38.792859,1778662897.949269,1778662897.777234,1,0.050950,0.951100,0.040321,0.164519,0.028133,-0.068350
38.901039,1778662898.057447,1778662897.877214,1,0.050093,0.951794,0.042256,0.162306,0.028066,-0.068420
38.992121,1778662898.148542,1778662897.977217,1,0.050729,0.950488,0.038903,0.164531,0.028942,-0.069140
39.083460,1778662898.239875,1778662898.077299,1,0.049751,0.951498,0.043682,0.160228,0.029396,-0.068588
39.196329,1778662898.352740,1778662898.177235,1,0.049808,0.950696,0.041642,0.160341,0.030709,-0.067922
39.303607,1778662898.460023,1778662898.281712,1,0.053448,0.948932,0.040066,0.160929,0.033487,-0.068012
39.396603,1778662898.553016,1778662898.377530,1,0.051178,0.950845,0.039258,0.161844,0.027175,-0.068789
39.478658,1778662898.635070,1778662898.477518,1,0.050276,0.951668,0.040697,0.163695,0.027290,-0.068686
39.591740,1778662898.748153,1778662898.577240,1,0.050504,0.951480,0.042414,0.162422,0.029478,-0.068263
39.709829,1778662898.866241,1778662898.677528,1,0.050521,0.950112,0.036649,0.162617,0.030613,-0.068075
39.794622,1778662898.951030,1778662898.777277,1,0.050248,0.951475,0.037506,0.167121,0.025458,-0.069318
39.877132,1778662899.033546,1778662898.877245,1,0.050894,0.950464,0.039033,0.168486,0.028990,-0.067594
40.000252,1778662899.156663,1778662898.977730,1,0.051265,0.949819,0.037492,0.157145,0.032465,-0.067806
40.103925,1778662899.260339,1778662899.077681,1,0.050254,0.952114,0.041905,0.162993,0.028667,-0.068529
40.202448,1778662899.358865,1778662899.177274,1,0.049649,0.952496,0.044591,0.162717,0.029214,-0.068093
40.299636,1778662899.456046,1778662899.281932,1,0.054078,0.947557,0.043794,0.159028,0.036855,-0.067924
40.383912,1778662899.540325,1778662899.377254,1,0.050282,0.952621,0.044565,0.166199,0.030627,-0.068955
40.500622,1778662899.657035,1778662899.477267,1,0.051087,0.950978,0.049197,0.165233,0.029583,-0.067828
40.599544,1778662899.755955,1778662899.577806,1,0.050985,0.951479,0.046322,0.167021,0.027640,-0.068197
40.694186,1778662899.850598,1778662899.677359,1,0.050115,0.951772,0.043072,0.164513,0.028431,-0.069462
40.800862,1778662899.957288,1778662899.777540,1,0.050714,0.951472,0.040037,0.165511,0.029115,-0.067670
40.889201,1778662900.045614,1778662899.877290,1,0.050798,0.950695,0.042229,0.165846,0.028502,-0.068442
40.992303,1778662900.148716,1778662899.977303,1,0.050869,0.950528,0.039789,0.164391,0.030669,-0.067697
41.099171,1778662900.255581,1778662900.077673,1,0.051180,0.950780,0.039394,0.164765,0.032996,-0.068461
41.238713,1778662900.395122,1778662900.177274,1,0.051550,0.950259,0.045233,0.164854,0.029215,-0.068534
41.297638,1778662900.454051,1778662900.282123,1,0.052855,0.949240,0.044457,0.165286,0.033049,-0.068857
41.389231,1778662900.545640,1778662900.377285,1,0.050336,0.951465,0.047280,0.163993,0.027807,-0.068301
41.513367,1778662900.669779,1778662900.477433,1,0.050453,0.951123,0.042977,0.165485,0.029789,-0.068496
41.582536,1778662900.738949,1778662900.577300,1,0.051426,0.950125,0.041651,0.164947,0.027447,-0.068479
41.696906,1778662900.853322,1778662900.677426,1,0.051636,0.949578,0.043483,0.166212,0.030904,-0.068176
41.817639,1778662900.974053,1778662900.777404,1,0.050670,0.950143,0.044613,0.166426,0.030600,-0.068644
41.921858,1778662901.078272,1778662900.877696,1,0.050560,0.951663,0.047841,0.165698,0.025527,-0.069381
42.028795,1778662901.185204,1778662900.977326,1,0.050934,0.950695,0.049860,0.164349,0.029387,-0.068577
42.112148,1778662901.268556,1778662901.077282,1,0.050706,0.950060,0.039865,0.157833,0.032239,-0.068227
42.198352,1778662901.354767,1778662901.177315,1,0.051751,0.950206,0.040664,0.158505,0.031342,-0.068297
42.323968,1778662901.480377,1778662901.281976,1,0.053922,0.948037,0.041972,0.152244,0.030290,-0.068451
42.393514,1778662901.549937,1778662901.377212,1,0.050901,0.950808,0.039507,0.152972,0.022690,-0.068445
42.497250,1778662901.653660,1778662901.477371,1,0.050376,0.951725,0.032987,0.159848,0.027396,-0.067776
42.611742,1778662901.768158,1778662901.577195,1,0.051342,0.950797,0.037281,0.154155,0.029996,-0.068201
42.702464,1778662901.858876,1778662901.677214,1,0.050798,0.950232,0.038479,0.159861,0.028949,-0.068266
42.797444,1778662901.953855,1778662901.777747,1,0.050361,0.951765,0.038394,0.157559,0.028739,-0.068195
42.913652,1778662902.070073,1778662901.877330,1,0.050787,0.951521,0.038635,0.164436,0.028035,-0.068123
42.994179,1778662902.150588,1778662901.977288,1,0.050263,0.951308,0.037371,0.157127,0.026530,-0.067496
43.090403,1778662902.246820,1778662902.077295,1,0.049941,0.951664,0.039420,0.155051,0.030182,-0.068315
43.195223,1778662902.351634,1778662902.177319,1,0.050835,0.949836,0.041806,0.159833,0.027049,-0.068322
43.302550,1778662902.458969,1778662902.281826,1,0.053703,0.948141,0.040465,0.157726,0.034365,-0.067678
43.386089,1778662902.542497,1778662902.377646,1,0.050703,0.950100,0.036159,0.160326,0.032314,-0.067924
43.486398,1778662902.642807,1778662902.477317,1,0.050100,0.952003,0.035483,0.160270,0.028689,-0.068100
43.590636,1778662902.747048,1778662902.577306,1,0.051463,0.950271,0.038290,0.163859,0.030673,-0.067638
43.703734,1778662902.860143,1778662902.677339,1,0.050075,0.951589,0.037059,0.163035,0.028983,-0.068664
43.790522,1778662902.946930,1778662902.777319,1,0.050610,0.951047,0.036820,0.167930,0.027560,-0.068597
43.899960,1778662903.056375,1778662902.877427,1,0.050746,0.950847,0.035580,0.163020,0.025282,-0.067769
43.989310,1778662903.145718,1778662902.977355,1,0.049896,0.952077,0.035492,0.162076,0.032330,-0.067738
44.089297,1778662903.245708,1778662903.077739,1,0.050575,0.952554,0.049511,0.159588,0.030560,-0.067829
44.196327,1778662903.352739,1778662903.177385,1,0.050687,0.951709,0.041380,0.160050,0.027673,-0.067940
44.304069,1778662903.460484,1778662903.281786,1,0.053422,0.949065,0.040391,0.161265,0.031145,-0.067935
44.405575,1778662903.561994,1778662903.377355,1,0.050647,0.951564,0.045452,0.158342,0.029126,-0.067967
44.489432,1778662903.645841,1778662903.477352,1,0.051138,0.951418,0.041570,0.161495,0.029328,-0.067581
44.618258,1778662903.774672,1778662903.577981,1,0.050583,0.951123,0.041053,0.155909,0.030749,-0.066458
44.698588,1778662903.855000,1778662903.677366,1,0.050327,0.951721,0.042317,0.159610,0.027709,-0.067703
44.805059,1778662903.961493,1778662903.777302,1,0.051170,0.950940,0.040611,0.165398,0.030248,-0.068588
44.892082,1778662904.048491,1778662903.877445,1,0.049830,0.952496,0.043167,0.161838,0.029453,-0.068775
44.994357,1778662904.150770,1778662903.977573,1,0.050559,0.950710,0.042011,0.163174,0.030931,-0.068305
45.090913,1778662904.247334,1778662904.077319,1,0.050756,0.951147,0.039091,0.159811,0.029498,-0.066726
45.202986,1778662904.359394,1778662904.177464,1,0.050360,0.951578,0.043042,0.164312,0.026806,-0.069738
45.294137,1778662904.450546,1778662904.281872,1,0.053906,0.947756,0.046401,0.156855,0.034401,-0.066816
45.378970,1778662904.535385,1778662904.377389,1,0.050307,0.952163,0.042486,0.164503,0.028919,-0.068006
45.491530,1778662904.647944,1778662904.477378,1,0.050318,0.951274,0.043902,0.166611,0.031401,-0.068496
45.580350,1778662904.736763,1778662904.577747,1,0.050799,0.950671,0.046077,0.163967,0.030447,-0.069227
45.677829,1778662904.834240,1778662904.677779,1,0.050735,0.950539,0.040973,0.164682,0.030582,-0.067762
45.794527,1778662904.950939,1778662904.777643,1,0.050512,0.951862,0.044771,0.163839,0.028720,-0.068429
45.876642,1778662905.033049,1778662904.877392,1,0.051114,0.950586,0.046590,0.163191,0.028332,-0.069185
46.002785,1778662905.159196,1778662904.977366,1,0.050311,0.951464,0.038202,0.158157,0.030525,-0.068567
46.111815,1778662905.268245,1778662905.077443,1,0.050800,0.951690,0.040488,0.156316,0.027605,-0.068346
46.195388,1778662905.351798,1778662905.177522,1,0.049926,0.951291,0.045603,0.162187,0.025861,-0.068773
46.303914,1778662905.460352,1778662905.281991,1,0.053414,0.948386,0.039026,0.153071,0.028188,-0.067793
46.390460,1778662905.546873,1778662905.377718,1,0.051021,0.950056,0.032889,0.161991,0.024385,-0.068336
46.482788,1778662905.639211,1778662905.477391,1,0.050993,0.950150,0.038503,0.161702,0.029207,-0.067966
46.585658,1778662905.742066,1778662905.577386,1,0.050370,0.950707,0.034685,0.155660,0.026913,-0.068071
46.685673,1778662905.842087,1778662905.677297,1,0.050436,0.950649,0.036794,0.161536,0.027195,-0.068269
46.791117,1778662905.947527,1778662905.777733,1,0.050075,0.950631,0.041034,0.161711,0.029006,-0.068058
46.882061,1778662906.038472,1778662905.877756,1,0.051025,0.951150,0.040877,0.163650,0.029518,-0.068281
47.001559,1778662906.157969,1778662905.977400,1,0.050503,0.951470,0.043899,0.161072,0.029194,-0.068917
47.094130,1778662906.250543,1778662906.077381,1,0.049760,0.950675,0.041210,0.159836,0.029054,-0.068635
47.196857,1778662906.353273,1778662906.177377,1,0.049939,0.951360,0.040985,0.167049,0.029259,-0.068068
47.293455,1778662906.449866,1778662906.281857,1,0.053881,0.948132,0.038451,0.158471,0.034292,-0.068614
47.390224,1778662906.546635,1778662906.378086,1,0.050741,0.950546,0.040903,0.161818,0.027014,-0.068376
47.500062,1778662906.656471,1778662906.477395,1,0.050138,0.951499,0.041047,0.160529,0.028590,-0.068797
47.592258,1778662906.748667,1778662906.577693,1,0.050989,0.950150,0.040061,0.160424,0.030635,-0.068227
47.696651,1778662906.853060,1778662906.677927,1,0.050777,0.950834,0.037377,0.161886,0.029155,-0.068295
47.795225,1778662906.951633,1778662906.777393,1,0.051320,0.949669,0.039634,0.160328,0.028407,-0.067642
47.902759,1778662907.059177,1778662906.877420,1,0.050790,0.950806,0.034652,0.164297,0.028195,-0.068049
47.985410,1778662907.141823,1778662906.978786,1,0.050719,0.951046,0.038149,0.160205,0.029228,-0.067817
48.097380,1778662907.253791,1778662907.077430,1,0.051107,0.950923,0.044590,0.165250,0.025963,-0.069147
48.196951,1778662907.353367,1778662907.177604,1,0.050401,0.952204,0.045141,0.167282,0.031155,-0.068061
48.293297,1778662907.449710,1778662907.281960,1,0.054534,0.947243,0.041186,0.165975,0.035493,-0.067821
48.392719,1778662907.549129,1778662907.377427,1,0.050038,0.952727,0.042267,0.166359,0.030945,-0.068900
48.497867,1778662907.654277,1778662907.477451,1,0.050127,0.952584,0.045280,0.167945,0.030083,-0.068375
48.617248,1778662907.773657,1778662907.577468,1,0.049916,0.951043,0.042888,0.162442,0.027026,-0.067949
48.690482,1778662907.846896,1778662907.677459,1,0.051519,0.950326,0.043787,0.166304,0.029318,-0.068140
48.791235,1778662907.947645,1778662907.777529,1,0.050258,0.950830,0.046721,0.166605,0.029351,-0.068696
48.883616,1778662908.040029,1778662907.877517,1,0.050574,0.950780,0.042678,0.166500,0.029533,-0.068612
48.997562,1778662908.153982,1778662907.977440,1,0.050623,0.951099,0.040416,0.164321,0.030173,-0.068236
49.081995,1778662908.238409,1778662908.077776,1,0.051249,0.949866,0.042390,0.164090,0.029153,-0.067806
49.197957,1778662908.354375,1778662908.177677,1,0.051069,0.950207,0.042722,0.162474,0.030532,-0.068318
49.289829,1778662908.446240,1778662908.282182,1,0.053160,0.948514,0.043659,0.160372,0.030606,-0.068363
49.392136,1778662908.548547,1778662908.377422,1,0.051292,0.950022,0.042620,0.168158,0.029565,-0.068006
49.498546,1778662908.654959,1778662908.477458,1,0.050262,0.952081,0.041065,0.163858,0.029022,-0.068523
49.608545,1778662908.764958,1778662908.577457,1,0.050897,0.950597,0.045777,0.165592,0.030630,-0.068476
49.691148,1778662908.847561,1778662908.677609,1,0.050871,0.950570,0.044668,0.163200,0.027574,-0.068323
49.796456,1778662908.952879,1778662908.777541,1,0.049564,0.951808,0.043226,0.162490,0.030244,-0.068786
49.899303,1778662909.055714,1778662908.877637,1,0.050149,0.951855,0.052887,0.161310,0.027368,-0.068482
49.993107,1778662909.149520,1778662908.977848,1,0.050796,0.951132,0.042734,0.158838,0.029625,-0.068673
50.082356,1778662909.238767,1778662909.077450,1,0.050093,0.951213,0.040139,0.156613,0.028198,-0.067520
50.204866,1778662909.361281,1778662909.177486,1,0.051589,0.950677,0.036497,0.159297,0.028946,-0.068506
50.300782,1778662909.457191,1778662909.281947,1,0.053578,0.948704,0.035740,0.150861,0.031738,-0.068269
50.402092,1778662909.558506,1778662909.377487,1,0.050140,0.951222,0.037975,0.155129,0.028418,-0.067756
50.515363,1778662909.671774,1778662909.477467,1,0.050336,0.950917,0.043136,0.161757,0.025336,-0.068079
50.586476,1778662909.742889,1778662909.577452,1,0.050739,0.950004,0.041023,0.162959,0.026635,-0.068652
50.683693,1778662909.840111,1778662909.677576,1,0.050994,0.950562,0.038127,0.163353,0.027280,-0.067908
50.784382,1778662909.940790,1778662909.777469,1,0.049622,0.952459,0.035955,0.160424,0.028192,-0.068870
50.890882,1778662910.047292,1778662909.877587,1,0.050343,0.951527,0.037029,0.161254,0.027244,-0.068442
51.005592,1778662910.162001,1778662909.977484,1,0.050152,0.950903,0.038950,0.162045,0.031013,-0.068138
51.090832,1778662910.247241,1778662910.077469,1,0.050778,0.950017,0.038465,0.159065,0.030662,-0.067944
51.225458,1778662910.381871,1778662910.177501,1,0.050530,0.951213,0.042715,0.165319,0.030336,-0.068269
51.295456,1778662910.451887,1778662910.281925,1,0.053610,0.948488,0.043525,0.161710,0.034099,-0.068107
51.390890,1778662910.547300,1778662910.377510,1,0.049898,0.951318,0.043265,0.164973,0.027786,-0.068604
51.495207,1778662910.651617,1778662910.477509,1,0.049488,0.951127,0.039623,0.163471,0.027477,-0.068437
51.587262,1778662910.743672,1778662910.577461,1,0.051354,0.950526,0.039581,0.166766,0.031059,-0.069573
51.702315,1778662910.858723,1778662910.677504,1,0.050136,0.952010,0.041264,0.156828,0.029953,-0.067909
51.784395,1778662910.940805,1778662910.777466,1,0.050465,0.951653,0.037630,0.160130,0.030090,-0.067947
51.909343,1778662911.065754,1778662910.877796,1,0.050142,0.951685,0.035858,0.164504,0.028843,-0.068720
52.003529,1778662911.159973,1778662910.977493,1,0.051058,0.950594,0.032243,0.164096,0.028828,-0.067519
52.097591,1778662911.254002,1778662911.077488,1,0.050892,0.950973,0.038141,0.166824,0.029520,-0.068939
52.196641,1778662911.353052,1778662911.177624,1,0.049762,0.951508,0.047424,0.165956,0.025366,-0.068904
52.292928,1778662911.449338,1778662911.282038,1,0.053467,0.948772,0.046860,0.162394,0.032670,-0.068286
52.407868,1778662911.564293,1778662911.377527,1,0.050191,0.952016,0.048267,0.164476,0.029126,-0.068071
52.500336,1778662911.656747,1778662911.477854,1,0.050136,0.951552,0.050066,0.160332,0.029236,-0.068056
52.595799,1778662911.752211,1778662911.577915,1,0.051091,0.950220,0.044724,0.167068,0.031794,-0.068279
52.698300,1778662911.854716,1778662911.677644,1,0.050990,0.951685,0.043127,0.164955,0.028948,-0.068215
52.789891,1778662911.946301,1778662911.777517,1,0.050226,0.951680,0.042537,0.164940,0.031322,-0.068360
52.897324,1778662912.053737,1778662911.877532,1,0.051142,0.950221,0.044460,0.166896,0.026790,-0.068737
52.983997,1778662912.140409,1778662911.977501,1,0.049525,0.952795,0.041176,0.164098,0.028616,-0.068328
53.103592,1778662912.260003,1778662912.077510,1,0.050125,0.951880,0.043267,0.167842,0.030963,-0.068252
53.208926,1778662912.365341,1778662912.177524,1,0.050113,0.951681,0.042164,0.165355,0.028831,-0.068020
53.298484,1778662912.454895,1778662912.282014,1,0.053362,0.948908,0.049719,0.158899,0.032628,-0.068552
53.398521,1778662912.554941,1778662912.377529,1,0.049532,0.952179,0.044159,0.163648,0.027135,-0.068490
53.504637,1778662912.661062,1778662912.477518,1,0.050981,0.951974,0.040356,0.160843,0.028772,-0.067428
53.602541,1778662912.758957,1778662912.577526,1,0.050975,0.950269,0.039296,0.165281,0.029442,-0.068705
53.699182,1778662912.855591,1778662912.677828,1,0.050589,0.950383,0.042721,0.166974,0.030785,-0.068065
53.805890,1778662912.962301,1778662912.777448,1,0.051062,0.950134,0.040307,0.163390,0.031510,-0.067923
53.915751,1778662913.072169,1778662912.877549,1,0.050184,0.950747,0.043551,0.162262,0.030376,-0.068689
53.988434,1778662913.144851,1778662912.977952,1,0.050075,0.951968,0.045807,0.166801,0.024783,-0.069461
54.105846,1778662913.262257,1778662913.077544,1,0.049992,0.950984,0.046856,0.165985,0.030955,-0.068218
54.196359,1778662913.352778,1778662913.177974,1,0.050379,0.951280,0.042221,0.157818,0.030009,-0.069252
54.308914,1778662913.465328,1778662913.282306,1,0.054210,0.947807,0.046321,0.154386,0.032830,-0.068605
54.389896,1778662913.546307,1778662913.377545,1,0.050537,0.950724,0.038359,0.154057,0.028810,-0.068443
54.506766,1778662913.663180,1778662913.477552,1,0.050167,0.951052,0.037027,0.160391,0.024624,-0.068853
54.588265,1778662913.744699,1778662913.577541,1,0.051765,0.949836,0.034608,0.162141,0.025093,-0.068352
54.701123,1778662913.857535,1778662913.677527,1,0.051066,0.950034,0.042204,0.155477,0.029670,-0.067590
54.798862,1778662913.955279,1778662913.777623,1,0.050572,0.951234,0.041381,0.153329,0.028794,-0.068494
54.896669,1778662914.053088,1778662913.877552,1,0.050956,0.950171,0.038029,0.160158,0.028322,-0.068789
54.986931,1778662914.143339,1778662913.977656,1,0.049335,0.952860,0.044119,0.160776,0.029727,-0.068845
55.086114,1778662914.242522,1778662914.077560,1,0.049724,0.951457,0.040960,0.159233,0.029880,-0.067849
55.216773,1778662914.373183,1778662914.177546,1,0.050721,0.950925,0.038985,0.161324,0.029103,-0.068354
55.308734,1778662914.465150,1778662914.282000,1,0.053755,0.948081,0.040459,0.161283,0.034166,-0.068498
55.407577,1778662914.563989,1778662914.377573,1,0.050804,0.950959,0.042187,0.160204,0.030459,-0.068644
55.501210,1778662914.657618,1778662914.477591,1,0.051327,0.951678,0.044158,0.160402,0.028803,-0.068482
55.598783,1778662914.755197,1778662914.577660,1,0.050441,0.951551,0.039784,0.161011,0.028363,-0.068719
55.681345,1778662914.837762,1778662914.677685,1,0.050091,0.951156,0.039803,0.167545,0.026941,-0.068869
55.786594,1778662914.943003,1778662914.777571,1,0.049332,0.952434,0.040838,0.165747,0.030658,-0.068825
55.894094,1778662915.050514,1778662914.877885,1,0.050410,0.950655,0.038367,0.164580,0.030407,-0.068472
55.988544,1778662915.144960,1778662914.977731,1,0.049988,0.951751,0.036604,0.164443,0.028406,-0.068375
56.098753,1778662915.255187,1778662915.077572,1,0.051195,0.950594,0.039332,0.162363,0.027446,-0.068502
56.199721,1778662915.356148,1778662915.177590,1,0.050067,0.950851,0.038557,0.164165,0.027508,-0.068486
56.294028,1778662915.450448,1778662915.282104,1,0.053434,0.948505,0.043782,0.161286,0.031634,-0.068127
56.405901,1778662915.562313,1778662915.377581,1,0.051114,0.951165,0.044520,0.160517,0.027138,-0.068221
56.490381,1778662915.646791,1778662915.477579,1,0.050799,0.951974,0.047012,0.164684,0.029843,-0.067874
56.597765,1778662915.754177,1778662915.577591,1,0.049725,0.952550,0.046794,0.167758,0.030241,-0.068379
56.701694,1778662915.858164,1778662915.677613,1,0.050086,0.951436,0.045062,0.166079,0.033477,-0.069143
56.785907,1778662915.942321,1778662915.777586,1,0.050706,0.951827,0.046655,0.162953,0.029854,-0.067512
56.907307,1778662916.063716,1778662915.877986,1,0.050234,0.951171,0.044586,0.163520,0.027886,-0.068568
56.995305,1778662916.151719,1778662915.977984,1,0.050781,0.949840,0.041899,0.168981,0.030664,-0.068859
57.105989,1778662916.262402,1778662916.077600,1,0.049828,0.951775,0.043052,0.165924,0.028561,-0.068626
57.197318,1778662916.353734,1778662916.177590,1,0.051021,0.951060,0.042394,0.163218,0.030420,-0.068418
57.310140,1778662916.466556,1778662916.282450,1,0.053829,0.947087,0.043779,0.162919,0.033588,-0.068343
57.393577,1778662916.549989,1778662916.377592,1,0.050871,0.951050,0.042623,0.164999,0.028787,-0.068061
57.496670,1778662916.653086,1778662916.477608,1,0.051347,0.949736,0.042413,0.164822,0.030607,-0.067813
57.607686,1778662916.764097,1778662916.577606,1,0.051217,0.950543,0.039530,0.160953,0.027213,-0.068399
57.696666,1778662916.853074,1778662916.677644,1,0.050536,0.950608,0.045064,0.161615,0.028738,-0.068133
57.798938,1778662916.955348,1778662916.777595,1,0.050865,0.951399,0.043854,0.167582,0.032108,-0.069453
57.899545,1778662917.055979,1778662916.877639,1,0.051157,0.949538,0.045045,0.165154,0.030094,-0.068531
57.994200,1778662917.150609,1778662916.977629,1,0.050406,0.951521,0.045191,0.160497,0.025625,-0.068347
58.109145,1778662917.265558,1778662917.077622,1,0.051701,0.950207,0.044449,0.164164,0.028969,-0.069256
58.198183,1778662917.354594,1778662917.177625,1,0.051088,0.951152,0.045210,0.159097,0.029714,-0.068910
58.295481,1778662917.451891,1778662917.282053,1,0.053931,0.947997,0.045219,0.155303,0.034492,-0.068347
58.399981,1778662917.556394,1778662917.378148,1,0.050738,0.950237,0.035893,0.162230,0.029973,-0.068326
58.494545,1778662917.650959,1778662917.477844,1,0.051784,0.950911,0.033250,0.162726,0.027841,-0.067379
58.593480,1778662917.749891,1778662917.577738,1,0.050662,0.950583,0.036294,0.150791,0.024905,-0.068784
58.680643,1778662917.837053,1778662917.677628,1,0.051504,0.951255,0.036729,0.159378,0.025737,-0.068026
58.809770,1778662917.966184,1778662917.777616,1,0.050572,0.951136,0.041091,0.154341,0.028640,-0.068080
58.918889,1778662918.075301,1778662917.877959,1,0.052001,0.950530,0.037954,0.161413,0.029235,-0.068252
58.999381,1778662918.155801,1778662917.977628,1,0.050467,0.950825,0.043315,0.162259,0.027173,-0.068467
59.089767,1778662918.246181,1778662918.077646,1,0.050185,0.951372,0.041435,0.164926,0.026756,-0.068842
59.201600,1778662918.358011,1778662918.178010,1,0.051001,0.951065,0.038278,0.168456,0.031333,-0.068443
59.305743,1778662918.462152,1778662918.282413,1,0.052367,0.949317,0.041035,0.152635,0.034815,-0.068048
59.398998,1778662918.555409,1778662918.377892,1,0.050956,0.950682,0.040380,0.161780,0.030486,-0.068080
59.508294,1778662918.664709,1778662918.477921,1,0.050262,0.951274,0.039205,0.159787,0.030731,-0.068082
59.601236,1778662918.757667,1778662918.577773,1,0.050687,0.950671,0.039307,0.164804,0.026930,-0.068415
59.681321,1778662918.837736,1778662918.677685,1,0.050534,0.951243,0.035901,0.163709,0.027891,-0.068775
59.796300,1778662918.952730,1778662918.777673,1,0.051022,0.950835,0.040643,0.161008,0.030933,-0.068772
59.897008,1778662919.053417,1778662918.877726,1,0.050237,0.951017,0.044756,0.162513,0.030616,-0.068349
59.995373,1778662919.151786,1778662918.977865,1,0.050305,0.950991,0.039648,0.162729,0.028351,-0.068291
60.098021,1778662919.254434,1778662919.077662,1,0.050296,0.951806,0.037509,0.161622,0.025543,-0.068147
60.196136,1778662919.352548,1778662919.177670,1,0.050822,0.950564,0.030911,0.162310,0.025970,-0.068388
60.299611,1778662919.456027,1778662919.282111,1,0.052196,0.949310,0.036651,0.165441,0.035802,-0.068545
60.401420,1778662919.557834,1778662919.377679,1,0.050139,0.951896,0.042425,0.161507,0.029620,-0.068465
60.494708,1778662919.651119,1778662919.477921,1,0.050178,0.951493,0.048244,0.163250,0.026934,-0.068655
60.587494,1778662919.743901,1778662919.577670,1,0.049891,0.951906,0.044640,0.167716,0.031332,-0.067776
60.697282,1778662919.853700,1778662919.677965,1,0.051577,0.951034,0.043851,0.167395,0.029978,-0.068559
60.786099,1778662919.942513,1778662919.777679,1,0.050295,0.952001,0.048252,0.163158,0.029816,-0.068786
60.892195,1778662920.048607,1778662919.877678,1,0.052119,0.950073,0.048776,0.165744,0.029577,-0.067821
60.987844,1778662920.144257,1778662919.977672,1,0.050613,0.950601,0.043074,0.166029,0.030643,-0.068878
61.098055,1778662920.254467,1778662920.077689,1,0.050398,0.951820,0.044461,0.165151,0.029136,-0.068350
61.200438,1778662920.356853,1778662920.177681,1,0.050284,0.951465,0.042402,0.160689,0.030164,-0.068523
61.296824,1778662920.453236,1778662920.282469,1,0.053816,0.948029,0.044208,0.161995,0.035761,-0.068040
61.428505,1778662920.584913,1778662920.377702,1,0.049858,0.952079,0.041609,0.167868,0.030394,-0.068237
61.487558,1778662920.643966,1778662920.477700,1,0.050384,0.951688,0.044860,0.166204,0.026978,-0.068344
61.595976,1778662920.752388,1778662920.577699,1,0.051446,0.950801,0.041250,0.167167,0.027678,-0.068928
61.685571,1778662920.841981,1778662920.677680,1,0.049894,0.951865,0.040632,0.167590,0.030707,-0.067839
61.790858,1778662920.947268,1778662920.777735,1,0.050404,0.951937,0.043807,0.163676,0.031967,-0.068613
61.899731,1778662921.056145,1778662920.877693,1,0.051231,0.950738,0.042860,0.163408,0.028363,-0.068271
61.979657,1778662921.136071,1778662920.977788,1,0.050527,0.950540,0.043484,0.169424,0.030142,-0.068537
62.106463,1778662921.262883,1778662921.077965,1,0.050488,0.951576,0.050021,0.167313,0.026589,-0.069508
62.190994,1778662921.347405,1778662921.177704,1,0.050208,0.951234,0.044268,0.158490,0.026159,-0.069344
62.295891,1778662921.452305,1778662921.282315,1,0.052641,0.949697,0.037395,0.153300,0.035945,-0.067750
62.426452,1778662921.582862,1778662921.377698,1,0.051224,0.949936,0.041157,0.155105,0.028573,-0.068114
62.498350,1778662921.654759,1778662921.478080,1,0.050621,0.951084,0.035829,0.153393,0.027422,-0.067712
62.612283,1778662921.768693,1778662921.578015,1,0.051122,0.948550,0.041146,0.152160,0.027496,-0.068674
62.704567,1778662921.860980,1778662921.677718,1,0.050907,0.950920,0.038602,0.154878,0.027257,-0.068193
62.810999,1778662921.967413,1778662921.777716,1,0.050621,0.950633,0.033110,0.165261,0.028509,-0.068757
62.881540,1778662922.037953,1778662921.877702,1,0.050220,0.950759,0.034224,0.161702,0.032667,-0.068059
63.006992,1778662922.163413,1778662921.977991,1,0.049936,0.952078,0.044506,0.160897,0.026887,-0.068930
63.090620,1778662922.247034,1778662922.077800,1,0.052272,0.949298,0.044959,0.165044,0.026939,-0.068682
63.203633,1778662922.360047,1778662922.177730,1,0.050158,0.951627,0.040686,0.162813,0.026225,-0.068803
63.308692,1778662922.465106,1778662922.282164,1,0.053477,0.948770,0.042416,0.155379,0.034233,-0.067876
63.396577,1778662922.552987,1778662922.377989,1,0.051054,0.951666,0.044233,0.164685,0.028283,-0.068546
63.488584,1778662922.644994,1778662922.477715,1,0.051140,0.950112,0.041448,0.163157,0.028780,-0.068843
63.596809,1778662922.753218,1778662922.577706,1,0.049890,0.950630,0.041707,0.164681,0.029093,-0.068503
63.688899,1778662922.845309,1778662922.677724,1,0.050982,0.951003,0.040611,0.159707,0.030320,-0.068408
63.803823,1778662922.960240,1778662922.777781,1,0.049672,0.951822,0.037287,0.164812,0.030474,-0.068306
63.906809,1778662923.063220,1778662922.878088,1,0.051147,0.951127,0.034675,0.161392,0.027331,-0.068313
63.989458,1778662923.145873,1778662922.977752,1,0.050419,0.951743,0.032782,0.160400,0.028216,-0.067229
64.099705,1778662923.256114,1778662923.078103,1,0.051148,0.951496,0.036179,0.162254,0.031915,-0.068168
64.208375,1778662923.364784,1778662923.177777,1,0.050843,0.950786,0.045066,0.165532,0.028265,-0.068663
64.293400,1778662923.449833,1778662923.282564,1,0.053970,0.948345,0.051413,0.164504,0.032862,-0.067824
64.396691,1778662923.553102,1778662923.377776,1,0.050811,0.951198,0.046690,0.164070,0.026274,-0.068865
64.503682,1778662923.660095,1778662923.478010,1,0.051270,0.950763,0.051369,0.168156,0.028390,-0.069499
64.588231,1778662923.744645,1778662923.577792,1,0.051008,0.951537,0.041528,0.165119,0.030877,-0.068455
64.680298,1778662923.836710,1778662923.678102,1,0.050230,0.951518,0.045731,0.164595,0.028877,-0.068145
64.793008,1778662923.949420,1778662923.777778,1,0.050231,0.951226,0.043157,0.161669,0.028856,-0.068143
64.908942,1778662924.065371,1778662923.877854,1,0.050445,0.952044,0.042687,0.165853,0.030239,-0.068135
64.997542,1778662924.153955,1778662923.977732,1,0.050276,0.951667,0.042901,0.167504,0.031210,-0.068333
65.103483,1778662924.259895,1778662924.078208,1,0.050985,0.950958,0.037813,0.162900,0.031402,-0.068465
65.192723,1778662924.349136,1778662924.177768,1,0.049844,0.951243,0.037434,0.166081,0.029799,-0.068098
65.298729,1778662924.455146,1778662924.282242,1,0.052405,0.948942,0.043167,0.167408,0.034204,-0.068510
65.400507,1778662924.556922,1778662924.377981,1,0.050599,0.951603,0.045140,0.164622,0.027377,-0.068017
65.477378,1778662924.633788,1778662924.477754,1,0.051128,0.949862,0.047057,0.165553,0.027472,-0.068729
65.599715,1778662924.756128,1778662924.579288,1,0.050023,0.952290,0.045160,0.166234,0.028661,-0.068896
65.731926,1778662924.888339,1778662924.678132,1,0.050565,0.951342,0.044324,0.167081,0.028347,-0.068193
65.808547,1778662924.964956,1778662924.777944,1,0.049663,0.951474,0.044156,0.165956,0.030285,-0.068497
65.886137,1778662925.042555,1778662924.878029,1,0.051222,0.950323,0.045588,0.164166,0.028627,-0.068608
65.989472,1778662925.145883,1778662924.977781,1,0.050870,0.951409,0.045090,0.165598,0.025237,-0.068669
66.092795,1778662925.249208,1778662925.077790,1,0.051367,0.949668,0.048384,0.158016,0.029676,-0.068880
66.198054,1778662925.354465,1778662925.177766,1,0.049752,0.951574,0.036402,0.155562,0.034912,-0.068559
66.298141,1778662925.454555,1778662925.282246,1,0.053065,0.948030,0.038555,0.150469,0.032940,-0.067637
66.406573,1778662925.562987,1778662925.378131,1,0.051370,0.951041,0.036541,0.158757,0.026376,-0.067766
66.505854,1778662925.662263,1778662925.478111,1,0.051558,0.949996,0.041060,0.154405,0.028557,-0.068240
66.586546,1778662925.742954,1778662925.577778,1,0.050908,0.950968,0.037886,0.161139,0.025848,-0.068491
66.703661,1778662925.860085,1778662925.677794,1,0.050139,0.951786,0.039368,0.154623,0.030728,-0.067792
66.786773,1778662925.943180,1778662925.777784,1,0.050595,0.951581,0.037611,0.160301,0.030581,-0.068615
66.905216,1778662926.061624,1778662925.878129,1,0.050829,0.950756,0.041306,0.161237,0.026200,-0.067995
67.017876,1778662926.174300,1778662925.977808,1,0.049978,0.951390,0.040228,0.161932,0.028121,-0.068762
67.102179,1778662926.258587,1778662926.077785,1,0.050661,0.951416,0.041558,0.164617,0.026510,-0.068277
67.198693,1778662926.355109,1778662926.177796,1,0.049955,0.952172,0.042530,0.162280,0.027160,-0.068780
67.306290,1778662926.462702,1778662926.282257,1,0.052946,0.948753,0.039406,0.151675,0.035560,-0.067235
67.400237,1778662926.556647,1778662926.378104,1,0.051401,0.950532,0.040984,0.164462,0.029172,-0.068724
67.481287,1778662926.637716,1778662926.478251,1,0.050062,0.951110,0.042347,0.162367,0.029052,-0.068334
67.589975,1778662926.746384,1778662926.578215,1,0.050946,0.951851,0.041302,0.161256,0.030034,-0.068429
67.685647,1778662926.842057,1778662926.678057,1,0.050941,0.950463,0.038638,0.158601,0.030653,-0.068554
67.794376,1778662926.950790,1778662926.777782,1,0.050174,0.951534,0.038170,0.161653,0.028440,-0.068763
67.912417,1778662927.068826,1778662926.878354,1,0.050974,0.951477,0.038360,0.162980,0.031054,-0.068412
68.001070,1778662927.157487,1778662926.977886,1,0.051369,0.949888,0.037066,0.167769,0.029809,-0.068257
68.104481,1778662927.260897,1778662927.077914,1,0.050460,0.951283,0.034493,0.163737,0.027260,-0.068329
68.203991,1778662927.360407,1778662927.177837,1,0.050196,0.950803,0.038787,0.168189,0.027962,-0.068240
68.295799,1778662927.452207,1778662927.282296,1,0.052523,0.949838,0.047272,0.161606,0.030238,-0.068552
68.400855,1778662927.557270,1778662927.377854,1,0.050666,0.951215,0.046276,0.164744,0.030087,-0.068904
68.502013,1778662927.658425,1778662927.477847,1,0.050535,0.951732,0.049777,0.160754,0.028642,-0.067558
68.596556,1778662927.752965,1778662927.577849,1,0.051061,0.949939,0.043251,0.165867,0.030082,-0.067895
68.688772,1778662927.845182,1778662927.677819,1,0.051040,0.951081,0.040253,0.165249,0.031563,-0.068603
68.792603,1778662927.949012,1778662927.777799,1,0.050538,0.950732,0.041072,0.164249,0.031030,-0.068508
68.880955,1778662928.037368,1778662927.877813,1,0.051306,0.949823,0.042411,0.162789,0.031265,-0.067809
69.005942,1778662928.162352,1778662927.977837,1,0.050788,0.950903,0.043031,0.164728,0.029779,-0.068150
69.087524,1778662928.243948,1778662928.077850,1,0.050370,0.951396,0.043292,0.164265,0.025634,-0.067846
69.191930,1778662928.348341,1778662928.177871,1,0.050157,0.950592,0.043982,0.161171,0.026931,-0.068614
69.298384,1778662928.454794,1778662928.282328,1,0.054098,0.947543,0.038313,0.155929,0.035079,-0.067464
69.420388,1778662928.576799,1778662928.377840,1,0.051644,0.950851,0.042744,0.162820,0.029315,-0.067816
69.500461,1778662928.656869,1778662928.477758,1,0.051337,0.950645,0.045076,0.167204,0.029706,-0.068615
69.592227,1778662928.748643,1778662928.577863,1,0.050407,0.952587,0.043140,0.167482,0.029205,-0.069670
69.697746,1778662928.854163,1778662928.677807,1,0.050794,0.950387,0.040498,0.165003,0.028858,-0.068472
69.800699,1778662928.957110,1778662928.777857,1,0.051214,0.950742,0.042529,0.166344,0.028919,-0.068100
69.908212,1778662929.064629,1778662928.878476,1,0.051369,0.949944,0.044751,0.162269,0.028093,-0.068703
70.012700,1778662929.169118,1778662928.978098,1,0.051597,0.950386,0.044668,0.167184,0.030919,-0.068311
70.100752,1778662929.257162,1778662929.077880,1,0.051757,0.949397,0.048721,0.169044,0.027316,-0.069147
70.204306,1778662929.360717,1778662929.177867,1,0.051014,0.950684,0.048265,0.161082,0.031052,-0.069192
70.294279,1778662929.450694,1778662929.282433,1,0.053074,0.948676,0.036382,0.152953,0.034968,-0.066911
70.393681,1778662929.550093,1778662929.377959,1,0.051222,0.951155,0.040315,0.154660,0.027478,-0.068513
70.503639,1778662929.660051,1778662929.477833,1,0.050214,0.951668,0.035775,0.160592,0.025790,-0.068658
70.589723,1778662929.746133,1778662929.578358,1,0.051454,0.949772,0.037713,0.159547,0.027137,-0.067632
70.688346,1778662929.844757,1778662929.678355,1,0.052100,0.948932,0.041357,0.163486,0.026941,-0.068640
70.792751,1778662929.949160,1778662929.778320,1,0.050586,0.951142,0.043324,0.159562,0.027282,-0.068877
70.898445,1778662930.054854,1778662929.877870,1,0.050736,0.951062,0.036273,0.159324,0.029048,-0.067823
71.000025,1778662930.156434,1778662929.977858,1,0.050695,0.951163,0.038232,0.158805,0.028920,-0.068369
71.090383,1778662930.246794,1778662930.078348,1,0.050196,0.951066,0.038507,0.163076,0.029168,-0.068306
71.216720,1778662930.373132,1778662930.178209,1,0.051729,0.949677,0.037054,0.161395,0.031053,-0.068012
71.299028,1778662930.455441,1778662930.282562,1,0.053438,0.948758,0.040197,0.150519,0.035717,-0.067517
71.392877,1778662930.549286,1778662930.377883,1,0.050280,0.952279,0.043115,0.158892,0.027695,-0.067934
71.493671,1778662930.650082,1778662930.477875,1,0.050661,0.950756,0.044527,0.162427,0.027445,-0.069033
71.603416,1778662930.759828,1778662930.577894,1,0.050177,0.951863,0.044928,0.166859,0.027325,-0.069080
71.693768,1778662930.850181,1778662930.677912,1,0.051849,0.950601,0.041062,0.161486,0.026970,-0.068306
71.797352,1778662930.953764,1778662930.777900,1,0.051042,0.950333,0.037518,0.162322,0.029908,-0.068083
71.914900,1778662931.071309,1778662930.877820,1,0.050403,0.950953,0.034797,0.161513,0.027128,-0.068871
71.987012,1778662931.143432,1778662930.977905,1,0.051300,0.951012,0.031434,0.158011,0.026556,-0.067882
72.085828,1778662931.242247,1778662931.078376,1,0.050391,0.951228,0.041736,0.160015,0.030877,-0.068362
72.197201,1778662931.353612,1778662931.177911,1,0.050694,0.951508,0.042975,0.164194,0.029909,-0.068654
72.307771,1778662931.464186,1778662931.282342,1,0.053722,0.948690,0.047853,0.168478,0.032230,-0.069104
72.409718,1778662931.566127,1778662931.377929,1,0.050722,0.951813,0.046576,0.174114,0.030632,-0.069684
72.483711,1778662931.640123,1778662931.477924,1,0.050253,0.951617,0.045285,0.171070,0.031492,-0.069015
72.598767,1778662931.755178,1778662931.577906,1,0.049849,0.952480,0.044319,0.163795,0.030449,-0.068526
72.689107,1778662931.845518,1778662931.677917,1,0.049780,0.951074,0.048112,0.166939,0.030461,-0.068543
72.797685,1778662931.954097,1778662931.777931,1,0.051049,0.951300,0.051781,0.167520,0.029838,-0.069488
72.900582,1778662932.056996,1778662931.877918,1,0.050307,0.950996,0.044494,0.167991,0.027180,-0.068287
72.994266,1778662932.150680,1778662931.978446,1,0.050455,0.951628,0.044061,0.164360,0.028739,-0.068787
73.095030,1778662932.251440,1778662932.078168,1,0.049550,0.952010,0.042788,0.166237,0.028678,-0.068252
73.214338,1778662932.370773,1778662932.177928,1,0.051157,0.951300,0.042189,0.167043,0.031602,-0.068647
73.307773,1778662932.464188,1778662932.282414,1,0.053847,0.948004,0.041718,0.158526,0.035391,-0.067622
73.403675,1778662932.560101,1778662932.377919,1,0.050921,0.950506,0.043663,0.161502,0.030601,-0.069056
73.491662,1778662932.648069,1778662932.477912,1,0.051162,0.949922,0.040512,0.163548,0.028404,-0.067582
73.611875,1778662932.768283,1778662932.577950,1,0.050905,0.951097,0.042765,0.164905,0.027926,-0.068207
73.726378,1778662932.882788,1778662932.677934,1,0.050589,0.951068,0.043192,0.163425,0.029260,-0.068689
73.800568,1778662932.956979,1778662932.777915,1,0.050884,0.950944,0.044844,0.166482,0.029455,-0.068617
73.922774,1778662933.079193,1778662932.877936,1,0.049489,0.951481,0.042712,0.168047,0.028706,-0.068501
73.991691,1778662933.148101,1778662932.977947,1,0.051175,0.951799,0.045958,0.164969,0.029876,-0.068501
74.095221,1778662933.251631,1778662933.077904,1,0.050651,0.951118,0.045453,0.164531,0.027481,-0.068426
74.199097,1778662933.355513,1778662933.177960,1,0.050691,0.950433,0.039701,0.157047,0.032335,-0.068310
74.293344,1778662933.449755,1778662933.282568,1,0.054016,0.946607,0.037457,0.147813,0.030380,-0.068111
74.428321,1778662933.584727,1778662933.377932,1,0.049991,0.951487,0.037111,0.151244,0.027569,-0.067194
74.492521,1778662933.648932,1778662933.478282,1,0.051176,0.950372,0.037765,0.155660,0.027070,-0.067441
74.609133,1778662933.765545,1778662933.577947,1,0.050977,0.950030,0.038288,0.159622,0.027848,-0.068132
74.695848,1778662933.852259,1778662933.678337,1,0.051091,0.951022,0.039011,0.161979,0.027209,-0.067556
74.799586,1778662933.955997,1778662933.778483,1,0.050333,0.952103,0.041233,0.157468,0.029440,-0.068060
74.897615,1778662934.054037,1778662933.877929,1,0.050799,0.950749,0.039238,0.162867,0.027655,-0.068640
74.999184,1778662934.155595,1778662933.978156,1,0.050160,0.951732,0.037164,0.160269,0.028301,-0.068188
75.106094,1778662934.262504,1778662934.077959,1,0.050565,0.950928,0.036317,0.157494,0.028499,-0.067211
75.204911,1778662934.361323,1778662934.178185,1,0.050855,0.950181,0.040961,0.160321,0.027843,-0.068665
75.305227,1778662934.461636,1778662934.282871,1,0.053405,0.948315,0.037670,0.151793,0.031874,-0.067505
75.390286,1778662934.546694,1778662934.377969,1,0.050263,0.951025,0.038898,0.162899,0.028637,-0.068267
75.500724,1778662934.657141,1778662934.477968,1,0.050604,0.949268,0.041648,0.172498,0.031690,-0.068970
75.588193,1778662934.744601,1778662934.577955,1,0.050933,0.951070,0.037880,0.170222,0.031888,-0.068598
75.684770,1778662934.841178,1778662934.677940,1,0.051078,0.950057,0.039235,0.164402,0.027696,-0.069353
75.808663,1778662934.965076,1778662934.778027,1,0.050871,0.950660,0.045100,0.164710,0.027779,-0.068019
75.908245,1778662935.064666,1778662934.877947,1,0.051132,0.951592,0.036473,0.164104,0.026630,-0.068161
75.995312,1778662935.151746,1778662934.978281,1,0.051519,0.950682,0.032977,0.164615,0.030080,-0.068127
76.118366,1778662935.274779,1778662935.078334,1,0.050384,0.950222,0.039847,0.164870,0.033511,-0.068444
76.200668,1778662935.357080,1778662935.177987,1,0.050599,0.951869,0.047262,0.165321,0.029847,-0.068529
76.305359,1778662935.461772,1778662935.282990,1,0.052565,0.950661,0.045588,0.165956,0.033803,-0.068214
76.397615,1778662935.554024,1778662935.377992,1,0.050547,0.951793,0.045938,0.171281,0.029035,-0.068877
76.503720,1778662935.660134,1778662935.478017,1,0.050076,0.952802,0.045399,0.167206,0.031587,-0.068524
76.605795,1778662935.762209,1778662935.578001,1,0.050724,0.951464,0.043851,0.161233,0.027636,-0.067351
76.693208,1778662935.849619,1778662935.678484,1,0.050723,0.951065,0.042431,0.162367,0.025687,-0.067786
76.786527,1778662935.942937,1778662935.778000,1,0.050816,0.951809,0.038331,0.162751,0.025470,-0.067802
76.902294,1778662936.058726,1778662935.878014,1,0.050315,0.952207,0.044470,0.165191,0.030071,-0.068566
77.000105,1778662936.156522,1778662935.978015,1,0.052170,0.950780,0.042683,0.165001,0.030920,-0.067994
77.089065,1778662936.245476,1778662936.077993,1,0.051261,0.951076,0.040719,0.162656,0.029425,-0.067417
77.207385,1778662936.363794,1778662936.178006,1,0.050447,0.951567,0.043820,0.161498,0.027457,-0.067983
77.296649,1778662936.453059,1778662936.282491,1,0.054110,0.948547,0.042685,0.157826,0.034080,-0.067907
77.387452,1778662936.543864,1778662936.378783,1,0.051545,0.950530,0.038072,0.161497,0.028439,-0.067557
77.490084,1778662936.646496,1778662936.478008,1,0.050968,0.951931,0.042685,0.161355,0.030014,-0.068715
77.584188,1778662936.740600,1778662936.578462,1,0.051019,0.952144,0.041590,0.160915,0.031002,-0.066707
77.711302,1778662936.867713,1778662936.678468,1,0.052133,0.949991,0.046280,0.164575,0.027342,-0.068713
77.780346,1778662936.936758,1778662936.778171,1,0.051997,0.950742,0.045589,0.165623,0.027293,-0.068048
77.909558,1778662937.065975,1778662936.878020,1,0.051316,0.951073,0.041842,0.168961,0.027716,-0.068860
78.000224,1778662937.156634,1778662936.978036,1,0.052009,0.949017,0.040489,0.162259,0.025805,-0.068020
78.092474,1778662937.248903,1778662937.078031,1,0.051677,0.949917,0.044678,0.160197,0.028629,-0.067774
78.199246,1778662937.355664,1778662937.178301,1,0.051954,0.949740,0.036364,0.163356,0.030526,-0.068956
78.295744,1778662937.452157,1778662937.282883,1,0.055797,0.945861,0.034109,0.152168,0.036927,-0.067022
78.398968,1778662937.555384,1778662937.378015,1,0.052051,0.949492,0.036810,0.153515,0.029806,-0.067669
78.479842,1778662937.636252,1778662937.478009,1,0.051861,0.949640,0.037286,0.158729,0.026055,-0.067583
78.580627,1778662937.737042,1778662937.578311,1,0.051544,0.950026,0.036485,0.160309,0.022389,-0.069230
78.698333,1778662937.854746,1778662937.678130,1,0.051631,0.948800,0.039332,0.165225,0.027117,-0.068282
78.808399,1778662937.964820,1778662937.778096,1,0.052031,0.949082,0.041541,0.165854,0.025700,-0.068637
78.900270,1778662938.056682,1778662937.878109,1,0.052276,0.949011,0.041270,0.160135,0.025928,-0.067771
79.011487,1778662938.167898,1778662937.978016,1,0.051316,0.950308,0.038267,0.161031,0.027648,-0.068018
79.105828,1778662938.262242,1778662938.078021,1,0.051672,0.949804,0.040890,0.161021,0.028039,-0.068056
79.203857,1778662938.360272,1778662938.178025,1,0.052717,0.948099,0.036218,0.163203,0.030482,-0.068458
79.291961,1778662938.448372,1778662938.282835,1,0.055157,0.947159,0.035456,0.159522,0.031570,-0.067826
79.402901,1778662938.559313,1778662938.378068,1,0.051732,0.949917,0.034113,0.161342,0.029549,-0.067530
79.507740,1778662938.664147,1778662938.478025,1,0.051477,0.949301,0.037397,0.161525,0.029300,-0.068219
79.595011,1778662938.751420,1778662938.578032,1,0.051915,0.949527,0.037559,0.163057,0.030228,-0.068009
79.691346,1778662938.847758,1778662938.678030,1,0.051603,0.949931,0.041501,0.156296,0.031145,-0.067622
79.788220,1778662938.944634,1778662938.778054,1,0.052114,0.949381,0.039371,0.166042,0.026432,-0.067605
79.885022,1778662939.041430,1778662938.878049,1,0.052161,0.950234,0.030559,0.165482,0.025401,-0.068591
80.007972,1778662939.164387,1778662938.978054,1,0.051324,0.950218,0.038255,0.165693,0.028379,-0.068681
80.100628,1778662939.257047,1778662939.078191,1,0.051827,0.950277,0.041056,0.161615,0.030344,-0.068315
80.195937,1778662939.352349,1778662939.178056,1,0.051972,0.950026,0.043207,0.161062,0.029070,-0.067079
80.297143,1778662939.453555,1778662939.282634,1,0.055315,0.946838,0.045469,0.160304,0.033603,-0.068292
80.381730,1778662939.538144,1778662939.378049,1,0.052325,0.949991,0.045316,0.168702,0.029916,-0.067834
80.498744,1778662939.655168,1778662939.478091,1,0.052096,0.949638,0.046724,0.165178,0.028231,-0.068083
80.593501,1778662939.749913,1778662939.578090,1,0.051625,0.950888,0.045111,0.161820,0.029777,-0.068177
80.693906,1778662939.850317,1778662939.678219,1,0.051385,0.949808,0.038717,0.160020,0.028328,-0.067593
80.792664,1778662939.949074,1778662939.778049,1,0.051505,0.950464,0.036970,0.163387,0.028335,-0.066995
80.886468,1778662940.042877,1778662939.878091,1,0.051872,0.950417,0.040990,0.164821,0.029320,-0.068092
80.994814,1778662940.151227,1778662939.978082,1,0.051695,0.949695,0.044078,0.165580,0.028779,-0.068335
81.112763,1778662940.269179,1778662940.078096,1,0.052237,0.949695,0.042346,0.161531,0.028294,-0.068266
81.206684,1778662940.363093,1778662940.178094,1,0.052877,0.948772,0.042363,0.167442,0.029319,-0.068139
81.303198,1778662940.459615,1778662940.282617,1,0.055922,0.946480,0.041864,0.161857,0.033136,-0.067347
81.404237,1778662940.560647,1778662940.378082,1,0.051048,0.951332,0.042035,0.163851,0.029320,-0.068386
81.509863,1778662940.666283,1778662940.478295,1,0.051225,0.949340,0.043189,0.160930,0.029241,-0.067634
81.581497,1778662940.737908,1778662940.578640,1,0.052288,0.948756,0.043424,0.164683,0.028715,-0.068716
81.706664,1778662940.863072,1778662940.678279,1,0.051596,0.949536,0.041011,0.166110,0.029900,-0.067978
81.784935,1778662940.941352,1778662940.778249,1,0.051816,0.950156,0.044971,0.163707,0.027789,-0.067476
81.899318,1778662941.055731,1778662940.878088,1,0.051768,0.950298,0.040478,0.163288,0.028748,-0.068250
82.021582,1778662941.177992,1778662940.978098,1,0.052126,0.949730,0.047340,0.164474,0.025878,-0.068549
82.107826,1778662941.264245,1778662941.078466,1,0.053087,0.948805,0.043815,0.163940,0.028346,-0.069990
82.191693,1778662941.348103,1778662941.178494,1,0.052775,0.949913,0.039238,0.159152,0.031516,-0.068008
82.304559,1778662941.460970,1778662941.283252,1,0.056281,0.946247,0.035083,0.153761,0.034451,-0.066737
82.402363,1778662941.558795,1778662941.378089,1,0.051938,0.949457,0.036411,0.149067,0.028425,-0.068116
82.480498,1778662941.636914,1778662941.478077,1,0.053126,0.949304,0.035326,0.157463,0.025059,-0.067480
82.608363,1778662941.764773,1778662941.578208,1,0.051788,0.949446,0.035794,0.158022,0.026667,-0.067705
82.683794,1778662941.840211,1778662941.678092,1,0.051697,0.950134,0.038101,0.156994,0.028759,-0.067726
82.805861,1778662941.962277,1778662941.778104,1,0.052107,0.949451,0.035065,0.154972,0.027229,-0.067689
82.893687,1778662942.050099,1778662941.878289,1,0.051804,0.949348,0.034184,0.163090,0.025463,-0.068185
83.012163,1778662942.168573,1778662941.978125,1,0.051519,0.950207,0.038605,0.161347,0.026648,-0.068206
83.096480,1778662942.252894,1778662942.078116,1,0.051624,0.949338,0.039437,0.162012,0.029902,-0.068307
83.225535,1778662942.381948,1778662942.178110,1,0.052869,0.947781,0.037921,0.159629,0.027118,-0.068257
83.303815,1778662942.460227,1778662942.282547,1,0.054684,0.946481,0.037577,0.161504,0.029383,-0.067483
83.393728,1778662942.550138,1778662942.378099,1,0.051630,0.948836,0.037624,0.163794,0.028018,-0.068295
83.498428,1778662942.654838,1778662942.478135,1,0.051429,0.949869,0.037713,0.162051,0.029575,-0.068866
83.599541,1778662942.755958,1778662942.578112,1,0.051898,0.950239,0.041186,0.166977,0.028059,-0.068671
83.687923,1778662942.844331,1778662942.678112,1,0.051643,0.949814,0.046892,0.163518,0.026458,-0.069097
83.792654,1778662942.949065,1778662942.778140,1,0.051041,0.950118,0.041139,0.167026,0.026119,-0.068791
83.913774,1778662943.070187,1778662942.878150,1,0.051497,0.949357,0.041577,0.170052,0.031663,-0.069702
84.001456,1778662943.157907,1778662942.978137,1,0.053471,0.948000,0.039093,0.169293,0.029840,-0.069382
84.104977,1778662943.261395,1778662943.078136,1,0.052311,0.948417,0.038527,0.172152,0.025924,-0.069535
84.195100,1778662943.351513,1778662943.178151,1,0.052452,0.948316,0.037605,0.170921,0.028247,-0.069398
84.294955,1778662943.451364,1778662943.282615,1,0.055753,0.946407,0.045329,0.162942,0.034192,-0.068700
84.403616,1778662943.560031,1778662943.378136,1,0.052611,0.950170,0.048238,0.168079,0.026829,-0.069267
84.494210,1778662943.650619,1778662943.478173,1,0.051529,0.950004,0.046651,0.167279,0.029350,-0.068067
84.594724,1778662943.751143,1778662943.578159,1,0.053115,0.947497,0.044589,0.170969,0.030083,-0.068299
84.707720,1778662943.864154,1778662943.678195,1,0.052846,0.947828,0.047350,0.170679,0.029880,-0.069941
84.785802,1778662943.942210,1778662943.778571,1,0.053725,0.946612,0.044300,0.171141,0.033292,-0.068212
84.899569,1778662944.055997,1778662943.878167,1,0.053518,0.945941,0.042339,0.171079,0.031199,-0.068468
85.012448,1778662944.168857,1778662943.978287,1,0.051934,0.948506,0.044651,0.170554,0.026228,-0.069218
85.097094,1778662944.253511,1778662944.078164,1,0.053619,0.946262,0.048191,0.169667,0.028328,-0.068356
85.201558,1778662944.357968,1778662944.178418,1,0.054204,0.946289,0.045750,0.162535,0.032479,-0.067871
85.305719,1778662944.462143,1778662944.283370,1,0.056778,0.942426,0.045974,0.161554,0.034764,-0.068288
85.407309,1778662944.563731,1778662944.378171,1,0.052828,0.947442,0.040767,0.173014,0.028465,-0.068657
85.491675,1778662944.648093,1778662944.478170,1,0.052791,0.947359,0.038698,0.172629,0.028837,-0.068471
85.621816,1778662944.778228,1778662944.578748,1,0.053281,0.946171,0.045290,0.171375,0.031193,-0.069462
85.692046,1778662944.848457,1778662944.678382,1,0.052940,0.947299,0.042344,0.168425,0.027111,-0.068361
85.786772,1778662944.943195,1778662944.778183,1,0.053311,0.946942,0.043475,0.174557,0.029096,-0.068975
85.898496,1778662945.054910,1778662944.878186,1,0.052760,0.947396,0.048948,0.179267,0.028330,-0.070712
85.987208,1778662945.143625,1778662944.978746,1,0.053961,0.947483,0.046049,0.163077,0.031082,-0.069255
86.106388,1778662945.262801,1778662945.078170,1,0.052319,0.947800,0.043905,0.165300,0.032925,-0.069521
86.195023,1778662945.351432,1778662945.178184,1,0.052094,0.947957,0.037461,0.165458,0.026730,-0.069751
86.293554,1778662945.449966,1778662945.282629,1,0.055314,0.945029,0.044254,0.165731,0.032793,-0.068579
86.397070,1778662945.553485,1778662945.378182,1,0.052905,0.947752,0.036591,0.165912,0.028065,-0.069406
86.506529,1778662945.662959,1778662945.478183,1,0.052050,0.950157,0.040479,0.164424,0.026139,-0.068596
86.597712,1778662945.754125,1778662945.578182,1,0.052434,0.949003,0.041060,0.167339,0.029662,-0.068744
86.695519,1778662945.851932,1778662945.678181,1,0.052749,0.946868,0.036538,0.165133,0.028334,-0.068739
86.787868,1778662945.944278,1778662945.778085,1,0.052635,0.948813,0.036475,0.166144,0.028557,-0.068938
86.911284,1778662946.067698,1778662945.878174,1,0.052434,0.948429,0.040191,0.161772,0.029282,-0.068352
86.996482,1778662946.152901,1778662945.978184,1,0.053074,0.947059,0.040921,0.163255,0.029604,-0.068835
87.098626,1778662946.255037,1778662946.078311,1,0.054252,0.946408,0.035724,0.165259,0.032150,-0.067882
87.200469,1778662946.356879,1778662946.178176,1,0.053859,0.946476,0.041867,0.167411,0.032812,-0.069654
87.294074,1778662946.450483,1778662946.282634,1,0.058006,0.942037,0.039105,0.165151,0.034980,-0.067401
87.383399,1778662946.539849,1778662946.378478,1,0.053768,0.947173,0.038433,0.164225,0.029305,-0.068499
87.490346,1778662946.646755,1778662946.478192,1,0.053376,0.946876,0.037918,0.163391,0.031912,-0.068277
87.597850,1778662946.754265,1778662946.578293,1,0.053335,0.947443,0.034147,0.163035,0.031368,-0.067713
87.697316,1778662946.853726,1778662946.678636,1,0.053918,0.947005,0.034981,0.159456,0.029317,-0.068903
87.791096,1778662946.947508,1778662946.778563,1,0.053312,0.947051,0.036204,0.166920,0.026481,-0.068455
87.908245,1778662947.064657,1778662946.878263,1,0.053594,0.947658,0.040696,0.167532,0.031802,-0.068737
87.987391,1778662947.143812,1778662946.978212,1,0.052378,0.949719,0.047457,0.171042,0.033083,-0.069762
88.097070,1778662947.253491,1778662947.078763,1,0.053144,0.949163,0.048660,0.169481,0.027850,-0.069384
88.189090,1778662947.345501,1778662947.178246,1,0.052988,0.949706,0.051055,0.176030,0.030558,-0.069148
88.296155,1778662947.452577,1778662947.282670,1,0.055999,0.945895,0.050167,0.175028,0.035999,-0.069477
88.393910,1778662947.550323,1778662947.378208,1,0.053475,0.948371,0.053753,0.175480,0.033192,-0.070106
88.527907,1778662947.684317,1778662947.478225,1,0.053431,0.948593,0.050849,0.175375,0.032429,-0.068989
88.591473,1778662947.747884,1778662947.578663,1,0.053439,0.948672,0.045350,0.171445,0.030991,-0.069611
88.700341,1778662947.856751,1778662947.678571,1,0.053402,0.948538,0.042224,0.170518,0.032376,-0.069161
88.785227,1778662947.941637,1778662947.778231,1,0.052170,0.949656,0.044356,0.171788,0.030545,-0.068600
88.888712,1778662948.045126,1778662947.878259,1,0.052543,0.948092,0.039008,0.168285,0.032014,-0.068214
88.975847,1778662948.132255,1778662947.978235,1,0.053865,0.947145,0.041622,0.167293,0.033439,-0.068512
89.110048,1778662948.266458,1778662948.078172,1,0.052582,0.948106,0.043059,0.170480,0.031940,-0.068669
89.191718,1778662948.348127,1778662948.178262,1,0.054763,0.946559,0.039326,0.169736,0.031939,-0.067846
89.302829,1778662948.459242,1778662948.282731,1,0.056698,0.944745,0.041704,0.171492,0.035736,-0.068806
89.400615,1778662948.557024,1778662948.378245,1,0.054159,0.946835,0.045737,0.176357,0.032908,-0.069600
89.505055,1778662948.661466,1778662948.478267,1,0.054775,0.946275,0.046601,0.172488,0.031640,-0.069112
89.596275,1778662948.752685,1778662948.578226,1,0.055330,0.944780,0.047401,0.172335,0.032161,-0.068965
89.675534,1778662948.831945,1778662948.678505,1,0.053293,0.947321,0.045922,0.174624,0.035358,-0.069948
89.780179,1778662948.936594,1778662948.778442,1,0.053085,0.947563,0.043358,0.172911,0.031553,-0.069233
89.886765,1778662949.043176,1778662948.878234,1,0.052742,0.948068,0.044292,0.168712,0.028779,-0.068685
89.993992,1778662949.150404,1778662948.978241,1,0.053462,0.947482,0.041284,0.169193,0.033500,-0.069278
90.099715,1778662949.256132,1778662949.078631,1,0.051989,0.949705,0.051445,0.174193,0.026283,-0.070665
90.203398,1778662949.359808,1778662949.178264,1,0.053719,0.947026,0.041682,0.167311,0.030839,-0.068884
90.284794,1778662949.441209,1778662949.282726,1,0.056677,0.943876,0.041392,0.169407,0.035550,-0.068889
90.385021,1778662949.541432,1778662949.378272,1,0.054330,0.946108,0.038038,0.166834,0.032497,-0.069178
90.504219,1778662949.660635,1778662949.478271,1,0.053537,0.946411,0.038406,0.164669,0.029132,-0.068498
90.589292,1778662949.745700,1778662949.578316,1,0.053913,0.947217,0.041645,0.166668,0.026532,-0.068573
90.694559,1778662949.850971,1778662949.678510,1,0.055614,0.945731,0.042141,0.163978,0.028201,-0.068950
90.789773,1778662949.946186,1778662949.778250,1,0.055455,0.944419,0.038001,0.168010,0.030703,-0.069143
90.903185,1778662950.059613,1778662949.878701,1,0.055969,0.944908,0.037172,0.159111,0.029067,-0.068559
90.993132,1778662950.149544,1778662949.978273,1,0.055304,0.944711,0.038142,0.170016,0.030539,-0.069422
91.086116,1778662950.242531,1778662950.078261,1,0.055675,0.944567,0.040973,0.169457,0.031729,-0.068392
91.188661,1778662950.345071,1778662950.178266,1,0.055171,0.946025,0.037300,0.170268,0.030237,-0.068689
91.289668,1778662950.446077,1778662950.282942,1,0.058990,0.942525,0.041099,0.172176,0.038889,-0.068899
91.408128,1778662950.564537,1778662950.378628,1,0.055903,0.944788,0.041927,0.172278,0.033935,-0.069078
91.491061,1778662950.647471,1778662950.478878,1,0.055183,0.945386,0.039254,0.169842,0.028302,-0.069626
91.606336,1778662950.762753,1778662950.578320,1,0.055090,0.945320,0.040835,0.163846,0.033922,-0.068740
91.690735,1778662950.847145,1778662950.678736,1,0.055285,0.944970,0.039028,0.166197,0.032724,-0.068650
91.816171,1778662950.972582,1778662950.778466,1,0.054711,0.946240,0.040874,0.169365,0.029377,-0.069762
91.891457,1778662951.047866,1778662950.878281,1,0.055798,0.944639,0.039031,0.173287,0.028350,-0.068940
91.991676,1778662951.148088,1778662950.978295,1,0.055686,0.944450,0.035359,0.170499,0.031514,-0.068689
92.105276,1778662951.261683,1778662951.078287,1,0.055999,0.944034,0.038765,0.172444,0.029833,-0.069402
92.198668,1778662951.355076,1778662951.178326,1,0.055006,0.945455,0.043878,0.177691,0.031069,-0.068760
92.291291,1778662951.447702,1778662951.283150,1,0.060263,0.940133,0.048519,0.178047,0.035881,-0.069764
92.395920,1778662951.552329,1778662951.378405,1,0.058904,0.943471,0.046915,0.187102,0.035128,-0.070817
92.497328,1778662951.653737,1778662951.478434,1,0.058739,0.942849,0.032926,0.183638,0.033913,-0.068071
92.603017,1778662951.759424,1778662951.578315,1,0.057227,0.945653,0.035059,0.200554,0.030810,-0.083345
92.695780,1778662951.852190,1778662951.678330,1,0.063332,0.940290,0.028662,0.180086,0.033890,-0.104274
92.796165,1778662951.952578,1778662951.778640,1,0.062017,0.940495,0.026117,0.196013,0.025252,-0.127378
92.896802,1778662952.053213,1778662951.878685,1,0.063195,0.937261,0.034632,0.192159,0.031237,-0.154632
92.996569,1778662952.152978,1778662951.978297,1,0.066970,0.934794,0.057666,0.165959,0.033326,-0.186335
93.088040,1778662952.244448,1778662952.078781,1,0.067932,0.935769,0.068323,0.154624,0.023129,-0.217649
93.202018,1778662952.358427,1778662952.180109,1,0.068273,0.935586,0.083804,0.139221,0.018336,-0.239937
93.294780,1778662952.451190,1778662952.282807,1,0.071838,0.929625,0.092952,0.160200,0.015744,-0.253427
93.395805,1778662952.552219,1778662952.378371,1,0.071548,0.931322,0.128067,0.160285,0.017402,-0.264935
93.505960,1778662952.662370,1778662952.478606,1,0.074041,0.927713,0.156672,0.169291,0.014351,-0.298345
93.598810,1778662952.755221,1778662952.578327,1,0.078084,0.922188,0.208558,0.173496,0.015878,-0.335579
93.699281,1778662952.855690,1778662952.678403,1,0.080592,0.919907,0.236380,0.154192,0.027864,-0.382927
93.803193,1778662952.959601,1778662952.778509,1,0.081779,0.917799,0.254488,0.155153,0.031612,-0.432170
93.901954,1778662953.058364,1778662952.878494,1,0.085576,0.913113,0.291582,0.118176,0.021874,-0.467001
94.004928,1778662953.161336,1778662952.978255,1,0.087771,0.908793,0.320619,0.072166,0.013152,-0.521885
94.091979,1778662953.248391,1778662953.078301,1,0.088858,0.907950,0.354558,0.055305,0.003293,-0.562600
94.204706,1778662953.361117,1778662953.178424,1,0.092643,0.903355,0.364234,0.023766,-0.004396,-0.598543
94.300833,1778662953.457243,1778662953.282830,1,0.099818,0.896564,0.409191,0.012064,-0.004487,-0.620166
94.408659,1778662953.565068,1778662953.378616,1,0.094030,0.902220,0.452593,0.006278,-0.010857,-0.635506
94.505407,1778662953.661827,1778662953.478427,1,0.094445,0.902178,0.515565,-0.002636,-0.006297,-0.665229
94.607102,1778662953.763511,1778662953.578468,1,0.095551,0.899792,0.554187,-0.019047,-0.008966,-0.705539
94.707547,1778662953.863958,1778662953.678410,1,0.097928,0.898804,0.571980,-0.051612,0.009642,-0.758758
94.816792,1778662953.973204,1778662953.778402,1,0.101486,0.899171,0.563099,-0.077510,0.026289,-0.804837
94.905601,1778662954.062012,1778662953.878250,1,0.102704,0.897120,0.560782,-0.093488,0.012229,-0.855679
95.004420,1778662954.160837,1778662953.980551,1,0.102012,0.894222,0.571845,-0.138517,-0.012001,-0.916159
95.103510,1778662954.259924,1778662954.078322,1,0.103275,0.893917,0.592023,-0.186054,-0.028844,-0.965868
95.207735,1778662954.364144,1778662954.178864,1,0.111754,0.886987,0.623078,-0.209696,-0.042026,-1.009764
95.298424,1778662954.454835,1778662954.283219,1,0.118668,0.877113,0.632242,-0.242661,-0.036229,-1.037798
95.388418,1778662954.544829,1778662954.378409,1,0.111241,0.886501,0.675591,-0.271712,-0.045451,-1.052366
95.513120,1778662954.669532,1778662954.478356,1,0.111630,0.886295,0.732585,-0.299253,-0.042032,-1.071994
95.598652,1778662954.755061,1778662954.578442,1,0.110557,0.884075,0.788995,-0.332241,-0.043639,-1.107121
95.712252,1778662954.868663,1778662954.678439,1,0.118970,0.876323,0.827057,-0.377482,-0.031529,-1.156199
95.803162,1778662954.959572,1778662954.778835,1,0.119899,0.875536,0.819735,-0.394075,-0.025103,-1.197888
95.919476,1778662955.075888,1778662954.878320,1,0.127815,0.869741,0.804338,-0.444842,-0.025992,-1.251867
95.996779,1778662955.153198,1778662954.978608,1,0.126059,0.870277,0.806538,-0.495048,-0.043541,-1.306650
96.102938,1778662955.259348,1778662955.078353,1,0.130487,0.868209,0.813241,-0.523708,-0.052714,-1.353810
96.207313,1778662955.363721,1778662955.178409,1,0.134795,0.863824,0.818506,-0.565202,-0.068296,-1.382895
96.298520,1778662955.454927,1778662955.282800,1,0.143458,0.854976,0.804831,-0.604480,-0.073218,-1.405027
96.405233,1778662955.561648,1778662955.378433,1,0.135313,0.864486,0.845864,-0.639599,-0.073468,-1.417799
96.493501,1778662955.649927,1778662955.478467,1,0.130190,0.867420,0.899990,-0.705557,-0.077794,-1.437439
96.608948,1778662955.765360,1778662955.579054,1,0.130863,0.868209,0.945100,-0.761505,-0.081242,-1.470420
96.708980,1778662955.865393,1778662955.678554,1,0.129256,0.870346,0.966547,-0.809859,-0.074913,-1.513742
96.802080,1778662955.958489,1778662955.778496,1,0.127479,0.872312,0.966821,-0.849777,-0.068556,-1.554731
96.887366,1778662956.043774,1778662955.878325,1,0.123968,0.875961,0.948942,-0.882275,-0.063496,-1.603842
97.016998,1778662956.173419,1778662955.978388,1,0.123768,0.874000,0.920176,-0.924218,-0.067518,-1.660868
97.101816,1778662956.258243,1778662956.078368,1,0.122963,0.868077,0.913936,-0.967172,-0.082893,-1.700587
97.210155,1778662956.366567,1778662956.178520,1,0.118207,0.869384,0.916694,-1.011623,-0.087482,-1.735567
97.295856,1778662956.452268,1778662956.282804,1,0.132898,0.850861,0.881435,-1.021994,-0.082857,-1.756715
97.440763,1778662956.597173,1778662956.378414,1,0.120532,0.867722,0.884008,-1.068690,-0.080093,-1.763947
97.496617,1778662956.653036,1778662956.478425,1,0.118985,0.869064,0.905324,-1.124376,-0.090733,-1.766161
97.597911,1778662956.754332,1778662956.578490,1,0.122697,0.860041,0.927324,-1.210831,-0.103236,-1.784760
97.708905,1778662956.865315,1778662956.678475,1,0.124900,0.856409,0.930632,-1.264773,-0.091364,-1.816496
97.800333,1778662956.956742,1778662956.778910,1,0.128697,0.855423,0.925269,-1.308556,-0.076360,-1.847741
97.900714,1778662957.057122,1778662956.878680,1,0.135372,0.850789,0.891184,-1.324766,-0.069065,-1.884283
98.008367,1778662957.164781,1778662956.978602,1,0.137777,0.848056,0.844096,-1.359245,-0.060263,-1.927460
98.107548,1778662957.263960,1778662957.078393,1,0.139851,0.847231,0.844884,-1.421177,-0.051684,-1.959674
98.198519,1778662957.354931,1778662957.178416,1,0.138923,0.843200,0.843203,-1.483530,-0.065055,-1.967403
98.300160,1778662957.456572,1778662957.283091,1,0.162425,0.820424,0.831347,-1.514420,-0.068958,-1.968086
98.412513,1778662957.568922,1778662957.378396,1,0.146724,0.836328,0.803994,-1.539693,-0.071625,-1.948476
98.510773,1778662957.667182,1778662957.478493,1,0.144402,0.836477,0.804517,-1.588112,-0.086959,-1.924076
98.581832,1778662957.738241,1778662957.578475,1,0.117162,0.861102,0.839884,-1.784637,-0.221580,-1.906387
98.697845,1778662957.854254,1778662957.678478,1,0.143114,0.837415,0.808719,-1.733730,-0.111141,-1.902170
98.818324,1778662957.974734,1778662957.778446,1,0.125127,0.853681,0.804773,-1.894721,-0.216272,-1.900121
98.910465,1778662958.066877,1778662957.878405,1,0.153442,0.828367,0.750430,-1.816239,-0.095506,-1.919546
99.012353,1778662958.168772,1778662957.979131,1,0.153498,0.830383,0.708580,-1.855544,-0.090054,-1.949163
99.106791,1778662958.263201,1778662958.078647,1,0.158673,0.825389,0.688433,-1.916687,-0.084111,-1.967009
99.203141,1778662958.359570,1778662958.178727,1,0.161462,0.820480,0.677532,-1.974257,-0.096507,-1.970200
99.300611,1778662958.457021,1778662958.282928,1,0.146161,0.830481,0.696912,-2.119395,-0.164477,-1.966897
99.405348,1778662958.561756,1778662958.378440,1,0.164999,0.818182,0.646198,-2.044846,-0.104542,-1.956320
99.490709,1778662958.647120,1778662958.478432,1,0.134037,0.839367,0.630049,-2.227329,-0.235238,-1.923210
99.600810,1778662958.757232,1778662958.578848,1,0.167090,0.816777,0.639444,-2.186185,-0.115474,-1.918002
99.705778,1778662958.862190,1778662958.678529,1,0.167642,0.813342,0.628865,-2.244874,-0.122003,-1.916880
99.801028,1778662958.957436,1778662958.778420,1,0.175347,0.807331,0.619613,-2.277022,-0.118258,-1.928400
99.913125,1778662959.069539,1778662958.878910,1,0.178558,0.809284,0.584756,-2.314584,-0.114134,-1.939985
100.005096,1778662959.161515,1778662958.978415,1,0.175365,0.811046,0.548084,-2.357530,-0.108938,-1.969636
100.104727,1778662959.261141,1778662959.078357,1,0.178768,0.807572,0.515560,-2.407255,-0.112554,-1.981670
100.217789,1778662959.374210,1778662959.178510,1,0.185974,0.801536,0.498529,-2.468893,-0.126146,-1.975588
100.302380,1778662959.458791,1778662959.282974,1,0.205336,0.778619,0.481992,-2.493637,-0.129085,-1.959282
100.407773,1778662959.564212,1778662959.378475,1,0.184656,0.799870,0.467189,-2.537560,-0.127783,-1.937848
100.504541,1778662959.660948,1778662959.478440,1,0.184186,0.798398,0.448786,-2.586003,-0.123417,-1.896264
100.597830,1778662959.754242,1778662959.578551,1,0.182052,0.801157,0.447457,-2.657373,-0.133676,-1.859434
100.704781,1778662959.861193,1778662959.679003,1,0.190876,0.791469,0.452140,-2.734389,-0.155027,-1.828489
100.794479,1778662959.950902,1778662959.778481,1,0.198018,0.788598,0.452123,-2.781432,-0.142209,-1.816245
100.889127,1778662960.045535,1778662959.878811,1,0.200138,0.785749,0.436239,-2.815856,-0.125922,-1.818122
101.043620,1778662960.200047,1778662959.978522,1,0.193056,0.786568,0.401387,-2.868997,-0.137151,-1.842356
101.106614,1778662960.263022,1778662960.078362,1,0.196423,0.783735,0.360591,-2.918694,-0.129297,-1.856727
101.202343,1778662960.358754,1778662960.178384,1,0.202398,0.776399,0.346777,-2.985496,-0.151398,-1.862616
101.300158,1778662960.456569,1778662960.282943,1,0.232763,0.750466,0.333964,-3.040725,-0.171078,-1.858857
101.400980,1778662960.557389,1778662960.378681,1,0.215238,0.767513,0.331332,-3.071613,-0.144987,-1.846259
101.505923,1778662960.662333,1778662960.478500,1,0.214292,0.769626,0.326780,-3.121782,-0.147365,-1.817881
101.598173,1778662960.754587,1778662960.578908,1,0.214220,0.769306,0.337674,-3.184889,-0.150342,-1.804688
101.704334,1778662960.860765,1778662960.678581,1,0.220087,0.763027,0.340641,-3.240497,-0.155019,-1.794184
101.813409,1778662960.969834,1778662960.778519,1,0.224077,0.764258,0.330417,-3.284530,-0.160203,-1.797652
101.894603,1778662961.051014,1778662960.878480,1,0.227048,0.761969,0.323563,-3.314813,-0.150401,-1.810256
102.017204,1778662961.173614,1778662960.978659,1,0.222437,0.759708,0.290199,-3.357141,-0.142773,-1.841432
102.117223,1778662961.273633,1778662961.078614,1,0.226031,0.759244,0.273478,-3.404944,-0.147174,-1.871782
102.201186,1778662961.357595,1778662961.178442,1,0.230726,0.755702,0.252913,-3.461613,-0.165133,-1.895793
102.309334,1778662961.465743,1778662961.282987,1,0.254570,0.731504,0.239362,-3.528143,-0.175601,-1.895206
102.409951,1778662961.566373,1778662961.378496,1,0.238753,0.751576,0.224753,-3.564598,-0.171203,-1.901293
102.501148,1778662961.657560,1778662961.478838,1,0.238148,0.754862,0.220714,-3.603638,-0.160261,-1.882878
102.619254,1778662961.775665,1778662961.578539,1,0.232815,0.757350,0.226200,-3.664773,-0.169347,-1.865946
102.701495,1778662961.857904,1778662961.678882,1,0.240686,0.749073,0.225361,-3.723215,-0.171460,-1.857772
102.806588,1778662961.962997,1778662961.778597,1,0.188522,0.774469,0.150438,-3.959087,-0.322661,-1.865096
102.915891,1778662962.072300,1778662961.878475,1,0.246511,0.747070,0.201024,-3.817148,-0.167041,-1.875673
102.996331,1778662962.152745,1778662961.978454,1,0.245088,0.746536,0.160853,-3.836672,-0.154857,-1.901198
103.101645,1778662962.258054,1778662962.078911,1,0.242645,0.751581,0.129209,-3.893299,-0.154936,-1.936605
103.212318,1778662962.368727,1778662962.178491,1,0.249655,0.745539,0.104205,-3.960358,-0.176079,-1.957627
103.301197,1778662962.457605,1778662962.283077,1,0.269406,0.720833,0.099985,-4.018128,-0.203433,-1.955171
103.433338,1778662962.589748,1778662962.378516,1,0.255148,0.740057,0.093721,-4.038754,-0.188286,-1.954852
103.499050,1778662962.655459,1778662962.478505,1,0.253500,0.740858,0.085671,-4.077698,-0.179541,-1.939332
103.605817,1778662962.762225,1778662962.578805,1,0.251922,0.744070,0.073247,-4.143056,-0.178447,-1.907745
103.705754,1778662962.862162,1778662962.678602,1,0.197559,0.769253,-0.003279,-4.377699,-0.349555,-1.886114
103.805378,1778662962.961786,1778662962.778613,1,0.245106,0.746688,0.077737,-4.290891,-0.191414,-1.886864
103.913834,1778662963.070249,1778662962.878541,1,0.255661,0.737127,0.078065,-4.325359,-0.185843,-1.890245
104.012776,1778662963.169184,1778662962.978857,1,0.202086,0.762491,-0.025013,-4.531649,-0.353129,-1.903948
104.113651,1778662963.270063,1778662963.078471,1,0.209534,0.761968,-0.061919,-4.532212,-0.330481,-1.930069
104.215248,1778662963.371658,1778662963.178674,1,0.199460,0.766051,-0.111468,-4.618201,-0.344764,-1.950645
104.301558,1778662963.457968,1778662963.283015,1,0.288977,0.707853,-0.042324,-4.492707,-0.209120,-1.949948
104.412726,1778662963.569136,1778662963.378786,1,0.204541,0.756474,-0.129090,-4.736856,-0.360508,-1.949230
104.527340,1778662963.683752,1778662963.478576,1,0.204368,0.757418,-0.150724,-4.774348,-0.379411,-1.937384
104.631218,1778662963.787627,1778662963.579099,1,0.267614,0.732574,-0.069985,-4.625352,-0.199291,-1.911432
104.712762,1778662963.869177,1778662963.678642,1,0.201491,0.765843,-0.144995,-4.864432,-0.355119,-1.877955
104.822610,1778662963.979018,1778662963.778603,1,0.203611,0.762121,-0.158645,-4.907128,-0.354709,-1.856536
104.911948,1778662964.068361,1778662963.878537,1,0.200553,0.767507,-0.166888,-4.992829,-0.375064,-1.847111
105.014622,1778662964.171036,1778662963.978803,1,0.211119,0.754832,-0.157678,-5.033741,-0.365665,-1.847007
105.110245,1778662964.266654,1778662964.078548,1,0.272907,0.728902,-0.116820,-4.860399,-0.191996,-1.866591
105.210421,1778662964.366829,1778662964.178507,1,0.199560,0.765481,-0.229359,-5.123785,-0.349891,-1.875905
105.308461,1778662964.464872,1778662964.282918,1,0.214285,0.746626,-0.274068,-5.195623,-0.372838,-1.861924
105.414352,1778662964.570768,1778662964.379026,1,0.204919,0.762437,-0.276124,-5.238379,-0.379662,-1.835801
105.534434,1778662964.690843,1778662964.478563,1,0.216119,0.754761,-0.252317,-5.246695,-0.372023,-1.808303
105.632733,1778662964.789142,1778662964.578943,1,0.280294,0.732626,-0.224762,-5.096633,-0.220603,-1.774892
105.705276,1778662964.861687,1778662964.678611,1,0.272589,0.737323,-0.217006,-5.155798,-0.206777,-1.723547
105.816631,1778662964.973039,1778662964.778626,1,0.275410,0.736226,-0.214452,-5.216275,-0.206510,-1.675718
105.904171,1778662965.060579,1778662964.878963,1,0.267714,0.741714,-0.235512,-5.268176,-0.225676,-1.638076
106.011631,1778662965.168044,1778662964.978746,1,0.206184,0.760980,-0.233924,-5.507594,-0.330704,-1.607484
106.106923,1778662965.263329,1778662965.078555,1,0.273859,0.739117,-0.236948,-5.355302,-0.220347,-1.603455
106.212927,1778662965.369335,1778662965.178552,1,0.202836,0.763147,-0.264223,-5.625424,-0.320416,-1.624465
106.335659,1778662965.492066,1778662965.282948,1,0.219464,0.750679,-0.308998,-5.683034,-0.355961,-1.617604
106.387197,1778662965.543604,1778662965.378618,1,0.284052,0.734009,-0.279361,-5.535371,-0.235699,-1.614895
106.521089,1778662965.677501,1778662965.478540,1,0.281812,0.736742,-0.274063,-5.591912,-0.240295,-1.596509
106.600928,1778662965.757337,1778662965.578617,1,0.283402,0.737835,-0.263392,-5.628534,-0.240474,-1.577617
106.699019,1778662965.855428,1778662965.678627,1,0.176536,0.782422,-0.283061,-5.816235,0.091702,-1.536069
106.797822,1778662965.954231,1778662965.778661,1,0.172314,0.786957,-0.277151,-5.850914,0.140220,-1.499851
106.901909,1778662966.058318,1778662965.879277,1,0.172955,0.784369,-0.275636,-5.909047,0.175148,-1.484555
107.012772,1778662966.169181,1778662965.978579,1,0.205623,0.767664,-0.253319,-6.067330,-0.383665,-1.472293
107.102270,1778662966.258680,1778662966.078545,1,0.176229,0.782424,-0.284868,-6.034306,-0.020721,-1.467407
107.215469,1778662966.371882,1778662966.178901,1,0.170074,0.781691,-0.285555,-6.020537,0.203424,-1.493693
107.300539,1778662966.456953,1778662966.283222,1,0.185303,0.768395,-0.322699,-6.116121,0.075386,-1.521836
107.427384,1778662966.583791,1778662966.379086,1,0.304156,0.731980,-0.255671,-6.024756,-0.246624,-1.540294
107.513030,1778662966.669451,1778662966.478542,1,0.300435,0.733877,-0.253859,-6.076107,-0.259672,-1.547505
107.601059,1778662966.757468,1778662966.578563,1,0.309452,0.727545,-0.245888,-6.106113,-0.261273,-1.553061
107.709538,1778662966.865948,1778662966.678628,1,0.205852,0.765384,-0.216308,-6.459335,-0.371374,-1.514734
107.827008,1778662966.983421,1778662966.778603,1,0.171012,0.779216,-0.280572,-6.368378,0.097757,-1.472604
107.930469,1778662967.086879,1778662966.878951,1,0.191856,0.779142,-0.195773,-6.582390,-0.382822,-1.467080
108.033196,1778662967.189602,1778662966.979172,1,0.169787,0.779505,-0.234525,-6.456696,0.106174,-1.453952
108.105884,1778662967.262294,1778662967.078998,1,0.169402,0.779601,-0.233828,-6.494143,0.094081,-1.450285
108.191839,1778662967.348249,1778662967.178813,1,0.170255,0.781197,-0.232372,-6.543489,0.079131,-1.463349
108.303862,1778662967.460270,1778662967.282990,1,0.202695,0.764195,-0.185430,-6.764109,-0.323622,-1.504666
108.396141,1778662967.552551,1778662967.378597,1,0.313865,0.728842,-0.201036,-6.522612,-0.277973,-1.541497
108.512986,1778662967.669401,1778662967.478950,1,0.315503,0.725575,-0.191240,-6.576662,-0.277718,-1.553969
108.597809,1778662967.754218,1778662967.578886,1,0.316754,0.726062,-0.189237,-6.623284,-0.297327,-1.555325
108.699991,1778662967.856399,1778662967.678637,1,0.314506,0.734680,-0.194079,-6.673816,-0.302073,-1.528668
108.816217,1778662967.972627,1778662967.778622,1,0.169418,0.776504,-0.216999,-6.844262,0.152523,-1.476067
108.913748,1778662968.070174,1778662967.878683,1,0.183169,0.777179,-0.136735,-7.150599,-0.389938,-1.455915
108.999521,1778662968.155930,1778662967.978690,1,0.309891,0.740714,-0.155940,-6.820733,-0.299565,-1.450307
109.143218,1778662968.299650,1778662968.078874,1,0.187215,0.774270,-0.126740,-7.249496,-0.409442,-1.448570
109.210792,1778662968.367209,1778662968.178799,1,0.306736,0.739931,-0.140409,-6.912323,-0.318269,-1.477097
109.299367,1778662968.455775,1778662968.283147,1,0.170901,0.769452,-0.179510,-7.113816,0.149084,-1.508295
109.407718,1778662968.564127,1778662968.378560,1,0.169711,0.772566,-0.175562,-7.171152,0.188399,-1.534293
109.534170,1778662968.690594,1778662968.478578,1,0.322286,0.731131,-0.161584,-7.079536,-0.315612,-1.556122
109.609931,1778662968.766342,1778662968.578980,1,0.320635,0.731153,-0.148397,-7.117452,-0.330232,-1.566638
109.702532,1778662968.858940,1778662968.678957,1,0.324675,0.728537,-0.154300,-7.170990,-0.327759,-1.571409
109.796047,1778662968.952455,1778662968.779944,1,0.318121,0.736161,-0.149250,-7.219010,-0.328548,-1.552777
109.903927,1778662969.060337,1778662968.878662,1,0.322548,0.733301,-0.135726,-7.267774,-0.325958,-1.526417
110.009492,1778662969.165902,1778662968.978741,1,0.325067,0.732429,-0.125942,-7.315978,-0.331091,-1.511650
110.101569,1778662969.257979,1778662969.078687,1,0.165856,0.782630,-0.115556,-7.525100,0.151114,-1.504852
110.207326,1778662969.363736,1778662969.178833,1,0.320200,0.734083,-0.123802,-7.399714,-0.341614,-1.538723
110.298748,1778662969.455168,1778662969.283206,1,0.172802,0.765858,-0.167718,-7.590398,0.154416,-1.555155
110.416241,1778662969.572649,1778662969.378953,1,0.320079,0.730516,-0.150078,-7.510007,-0.338497,-1.608558
110.490309,1778662969.646727,1778662969.478562,1,0.332676,0.723433,-0.148475,-7.565341,-0.332978,-1.620139
110.593675,1778662969.750119,1778662969.578631,1,0.328138,0.724474,-0.164791,-7.617899,-0.369855,-1.626988
110.684373,1778662969.840781,1778662969.678758,1,0.326488,0.726059,-0.172928,-7.674901,-0.377342,-1.634320
110.804316,1778662969.960725,1778662969.778710,1,0.329613,0.726096,-0.172423,-7.718489,-0.373259,-1.616425
110.900561,1778662970.056971,1778662969.879035,1,0.319350,0.736350,-0.147014,-7.742001,-0.346602,-1.586904
111.010475,1778662970.166888,1778662969.979030,1,0.314129,0.741871,-0.139723,-7.796086,-0.359949,-1.575764
111.087588,1778662970.243999,1778662970.078728,1,0.318225,0.741482,-0.116698,-7.848903,-0.361741,-1.574131
111.218053,1778662970.374465,1778662970.179126,1,0.175110,0.800993,-0.087213,-8.474134,-0.339402,-1.557177
111.365005,1778662970.521419,1778662970.283102,1,0.177572,0.768451,-0.139944,-8.112573,0.081855,-1.586158
111.416420,1778662970.572835,1778662970.378623,1,0.333669,0.724656,-0.155649,-7.925638,-0.352866,-1.615943
111.502671,1778662970.659082,1778662970.478812,1,0.335382,0.723666,-0.172609,-7.984177,-0.376961,-1.632423
111.601733,1778662970.758144,1778662970.579216,1,0.341259,0.723266,-0.164104,-8.027447,-0.392594,-1.638232
111.705334,1778662970.861749,1778662970.678630,1,0.342133,0.724746,-0.170791,-8.049607,-0.396552,-1.620209
111.809493,1778662970.965924,1778662970.778755,1,0.333797,0.733055,-0.165494,-8.091140,-0.396674,-1.610984
111.916721,1778662971.073134,1778662970.878781,1,0.331417,0.737037,-0.154521,-8.125405,-0.384876,-1.596227
111.997519,1778662971.153930,1778662970.978780,1,0.323350,0.742268,-0.144700,-8.154641,-0.379635,-1.585574
112.084780,1778662971.241197,1778662971.079015,1,0.326352,0.736680,-0.135534,-8.175859,-0.375055,-1.586200
112.193897,1778662971.350307,1778662971.178977,1,0.333883,0.731520,-0.139849,-8.197104,-0.392718,-1.596806
112.291273,1778662971.447683,1778662971.283181,1,0.282190,0.756726,-0.015331,-8.396935,-0.250240,-1.598306
112.462748,1778662971.619161,1778662971.384122,1,0.334735,0.738180,-0.152404,-8.223287,-0.394764,-1.591219
112.522600,1778662971.679017,1778662971.478663,1,0.339462,0.737707,-0.161175,-8.251101,-0.390737,-1.597750
112.595889,1778662971.752306,1778662971.579137,1,0.347688,0.730639,-0.161814,-8.288736,-0.378966,-1.604532
112.696054,1778662971.852465,1778662971.679562,1,0.340188,0.738183,-0.158472,-8.307487,-0.393313,-1.599693
112.803636,1778662971.960044,1778662971.778757,1,0.343826,0.738610,-0.146430,-8.327374,-0.410515,-1.600011
112.887807,1778662972.044217,1778662971.878742,1,0.346879,0.732036,-0.144765,-8.323975,-0.408341,-1.581018
113.006691,1778662972.163099,1778662971.978714,1,0.343953,0.735859,-0.163834,-8.324956,-0.407759,-1.585896
113.099607,1778662972.256018,1778662972.078923,1,0.344607,0.735376,-0.175364,-8.325741,-0.394958,-1.596300
113.195903,1778662972.352319,1778662972.178726,1,0.343269,0.733900,-0.151883,-8.320243,-0.376057,-1.598105
113.295447,1778662972.451859,1778662972.283530,1,0.360517,0.731953,-0.125816,-8.349358,-0.364119,-1.590783
113.391404,1778662972.547822,1778662972.378691,1,0.344763,0.735651,-0.150214,-8.309502,-0.374378,-1.591160
113.495502,1778662972.651911,1778662972.478712,1,0.352179,0.730285,-0.161020,-8.309256,-0.393051,-1.570546
113.590953,1778662972.747364,1778662972.578686,1,0.359842,0.727118,-0.152093,-8.305888,-0.390031,-1.564135
113.697034,1778662972.853448,1778662972.678719,1,0.356381,0.729297,-0.158874,-8.303092,-0.393266,-1.565785
113.792847,1778662972.949254,1778662972.778715,1,0.352140,0.731949,-0.159313,-8.302072,-0.400620,-1.564715
113.900076,1778662973.056494,1778662972.878704,1,0.351500,0.731787,-0.159375,-8.306407,-0.401041,-1.565277
113.983433,1778662973.139845,1778662972.978867,1,0.350994,0.731938,-0.162847,-8.307436,-0.408107,-1.568994
114.097293,1778662973.253704,1778662973.079059,1,0.353500,0.729033,-0.162695,-8.304961,-0.406103,-1.567905
114.190361,1778662973.346769,1778662973.178717,1,0.355620,0.728882,-0.160095,-8.302517,-0.401025,-1.569192
114.303090,1778662973.459506,1778662973.283153,1,0.371618,0.727117,-0.131646,-8.347401,-0.395363,-1.564952
114.405951,1778662973.562364,1778662973.378697,1,0.355362,0.727570,-0.158409,-8.301455,-0.387758,-1.566432
114.493720,1778662973.650131,1778662973.478893,1,0.351557,0.731537,-0.159143,-8.308235,-0.395766,-1.569968
114.590112,1778662973.746523,1778662973.579313,1,0.352801,0.730111,-0.156796,-8.305462,-0.395344,-1.565788
114.693769,1778662973.850185,1778662973.678723,1,0.355110,0.729403,-0.157242,-8.301992,-0.390846,-1.564920
114.801144,1778662973.957555,1778662973.778904,1,0.357030,0.727213,-0.156641,-8.303254,-0.391005,-1.564853
114.922980,1778662974.079391,1778662973.878903,1,0.355362,0.727828,-0.157451,-8.303922,-0.394148,-1.562724
114.987852,1778662974.144266,1778662973.978834,1,0.352121,0.731573,-0.160093,-8.302354,-0.390625,-1.562465
115.101765,1778662974.258173,1778662974.079106,1,0.354506,0.729877,-0.155803,-8.303218,-0.392788,-1.562104
115.225904,1778662974.382315,1778662974.179189,1,0.352673,0.730447,-0.158375,-8.304843,-0.396182,-1.562939
115.289807,1778662974.446219,1778662974.283210,1,0.372634,0.725046,-0.129117,-8.338733,-0.387793,-1.558061
115.427671,1778662974.584081,1778662974.378765,1,0.353463,0.730463,-0.153880,-8.307012,-0.394704,-1.562343
115.496682,1778662974.653091,1778662974.479013,1,0.354969,0.729020,-0.154256,-8.307377,-0.396909,-1.563834
115.597326,1778662974.753736,1778662974.578757,1,0.353603,0.730155,-0.154988,-8.303432,-0.395913,-1.559843
115.738556,1778662974.894964,1778662974.678746,1,0.352046,0.729959,-0.153886,-8.303118,-0.389956,-1.559835
115.789117,1778662974.945528,1778662974.778962,1,0.351450,0.733499,-0.156412,-8.305416,-0.397361,-1.559311
115.904509,1778662975.060921,1778662974.878770,1,0.351801,0.732304,-0.153747,-8.301921,-0.391738,-1.555939
115.990549,1778662975.146960,1778662974.978992,1,0.352695,0.729112,-0.157620,-8.302653,-0.395539,-1.558839
116.091940,1778662975.248348,1778662975.078798,1,0.354366,0.729518,-0.155562,-8.302127,-0.388796,-1.559155
116.195870,1778662975.352295,1778662975.179114,1,0.352194,0.730613,-0.155241,-8.302823,-0.395332,-1.559526
116.281802,1778662975.438221,1778662975.283233,1,0.369183,0.728261,-0.128995,-8.346763,-0.389282,-1.560336
116.395148,1778662975.551557,1778662975.379241,1,0.347389,0.733897,-0.156566,-8.305566,-0.392373,-1.558674
116.521687,1778662975.678099,1778662975.479192,1,0.353515,0.729829,-0.152339,-8.305097,-0.390440,-1.561492
116.604728,1778662975.761145,1778662975.578773,1,0.347053,0.734966,-0.154115,-8.301907,-0.394218,-1.555677
116.699485,1778662975.855899,1778662975.678816,1,0.350232,0.731996,-0.159420,-8.302155,-0.393449,-1.558912
116.790753,1778662975.947166,1778662975.778853,1,0.351957,0.729553,-0.156697,-8.306938,-0.394890,-1.560886
116.898637,1778662976.055046,1778662975.878870,1,0.350308,0.732039,-0.154192,-8.305066,-0.393364,-1.558896
117.003014,1778662976.159437,1778662975.978793,1,0.354538,0.730227,-0.160006,-8.301571,-0.390971,-1.558591
117.088752,1778662976.245159,1778662976.078780,1,0.351634,0.731187,-0.151962,-8.302975,-0.391916,-1.557904
117.196894,1778662976.353306,1778662976.178807,1,0.350987,0.730965,-0.158190,-8.302965,-0.393081,-1.559413
117.297687,1778662976.454098,1778662976.283296,1,0.374955,0.724039,-0.124414,-8.344956,-0.386590,-1.557492
117.381320,1778662976.537735,1778662976.378779,1,0.348630,0.733841,-0.154248,-8.308466,-0.395326,-1.562347
117.493428,1778662976.649841,1778662976.479157,1,0.352161,0.732529,-0.157221,-8.306858,-0.396793,-1.559076
117.589567,1778662976.745980,1778662976.578801,1,0.351738,0.730445,-0.153620,-8.304431,-0.394559,-1.557573
117.690526,1778662976.846942,1778662976.678786,1,0.352420,0.730021,-0.155942,-8.308935,-0.398643,-1.560833
117.828097,1778662976.984514,1778662976.778982,1,0.351721,0.731170,-0.157063,-8.300065,-0.394116,-1.556830
117.898439,1778662977.054857,1778662976.878842,1,0.354503,0.728516,-0.160299,-8.301976,-0.393613,-1.558344
118.021970,1778662977.178380,1778662976.978806,1,0.353879,0.730078,-0.156264,-8.308292,-0.398202,-1.561739
118.099629,1778662977.256038,1778662977.078810,1,0.352331,0.731803,-0.153046,-8.309134,-0.396315,-1.559797
118.189880,1778662977.346294,1778662977.178789,1,0.351833,0.730264,-0.157252,-8.300390,-0.388952,-1.557620
118.288075,1778662977.444486,1778662977.283255,1,0.370709,0.726065,-0.126779,-8.341881,-0.385946,-1.557910
118.386838,1778662977.543248,1778662977.378888,1,0.353069,0.731450,-0.155831,-8.310375,-0.395842,-1.560248
118.499577,1778662977.655988,1778662977.479142,1,0.352245,0.731145,-0.154540,-8.307194,-0.391555,-1.560812
118.595652,1778662977.752066,1778662977.578827,1,0.353863,0.729066,-0.153378,-8.307044,-0.395565,-1.559879
118.677805,1778662977.834219,1778662977.678811,1,0.353259,0.729202,-0.153736,-8.304461,-0.393104,-1.558949
118.787114,1778662977.943531,1778662977.778812,1,0.354797,0.730488,-0.157452,-8.307811,-0.397495,-1.560475
118.892299,1778662978.048707,1778662977.878794,1,0.352808,0.730533,-0.156450,-8.302088,-0.394226,-1.559181
118.999861,1778662978.156273,1778662977.978819,1,0.354490,0.729751,-0.156866,-8.303580,-0.397843,-1.558655
119.090117,1778662978.246529,1778662978.078811,1,0.353522,0.729975,-0.155383,-8.306735,-0.393556,-1.560175
119.190057,1778662978.346471,1778662978.179292,1,0.354752,0.730296,-0.155245,-8.301676,-0.393426,-1.557838
119.317848,1778662978.474264,1778662978.283340,1,0.372041,0.725580,-0.125644,-8.342486,-0.384930,-1.558075
119.403253,1778662978.559665,1778662978.378830,1,0.354612,0.729866,-0.150935,-8.303267,-0.393059,-1.557419
119.474269,1778662978.630682,1778662978.478827,1,0.352986,0.730484,-0.158738,-8.304541,-0.396640,-1.558991
119.598076,1778662978.754485,1778662978.578809,1,0.353546,0.729962,-0.156767,-8.304081,-0.391014,-1.559604
119.699168,1778662978.855579,1778662978.678848,1,0.354416,0.729754,-0.153606,-8.303553,-0.393796,-1.559218
119.791779,1778662978.948190,1778662978.779323,1,0.356305,0.728313,-0.154204,-8.305831,-0.390965,-1.561027
119.898992,1778662979.055418,1778662978.878854,1,0.354336,0.730029,-0.155860,-8.300838,-0.388738,-1.558563
119.990859,1778662979.147269,1778662978.978821,1,0.356033,0.727380,-0.155423,-8.306740,-0.390779,-1.561410
120.099655,1778662979.256064,1778662979.078839,1,0.353215,0.730674,-0.155271,-8.304232,-0.392244,-1.559234
120.192921,1778662979.349335,1778662979.179208,1,0.354857,0.730573,-0.152921,-8.310829,-0.401078,-1.560326
120.299734,1778662979.456144,1778662979.283708,1,0.373446,0.725254,-0.124797,-8.335201,-0.383799,-1.554709
120.401287,1778662979.557700,1778662979.379215,1,0.353140,0.731682,-0.160962,-8.302610,-0.402266,-1.557039
120.493019,1778662979.649432,1778662979.478870,1,0.354760,0.728197,-0.154469,-8.302480,-0.391799,-1.558960
120.599076,1778662979.755502,1778662979.578865,1,0.355262,0.730148,-0.156529,-8.305051,-0.393763,-1.561854
120.686184,1778662979.842592,1778662979.678887,1,0.349903,0.731965,-0.157195,-8.308673,-0.401788,-1.557862
120.801549,1778662979.957965,1778662979.781077,1,0.353569,0.731043,-0.156772,-8.307540,-0.396615,-1.560145
120.894073,1778662980.050481,1778662979.879012,1,0.350946,0.732563,-0.153603,-8.306479,-0.390419,-1.559819
120.994035,1778662980.150445,1778662979.978969,1,0.353303,0.730744,-0.155666,-8.304413,-0.397604,-1.558834
121.101979,1778662980.258392,1778662980.078866,1,0.355337,0.729652,-0.152697,-8.303674,-0.397547,-1.559292
121.194919,1778662980.351333,1778662980.178865,1,0.353807,0.728605,-0.153239,-8.302352,-0.393424,-1.559383
121.301729,1778662980.458141,1778662980.283714,1,0.372184,0.728920,-0.126617,-8.347098,-0.392091,-1.558518
121.386976,1778662980.543382,1778662980.379042,1,0.354490,0.730598,-0.155996,-8.303294,-0.392293,-1.558875
121.502675,1778662980.659085,1778662980.478847,1,0.355390,0.729083,-0.156356,-8.299917,-0.395566,-1.556384
121.592738,1778662980.749153,1778662980.579013,1,0.355398,0.729005,-0.157046,-8.300855,-0.402025,-1.558861
121.696689,1778662980.853111,1778662980.679220,1,0.354992,0.727866,-0.156626,-8.302276,-0.394771,-1.560259
121.790294,1778662980.946707,1778662980.778851,1,0.355345,0.729360,-0.152207,-8.303061,-0.391543,-1.557684
121.894485,1778662981.050910,1778662980.878874,1,0.357804,0.727049,-0.156654,-8.303538,-0.396788,-1.560859
121.992874,1778662981.149288,1778662980.979379,1,0.352733,0.732082,-0.158435,-8.310423,-0.399694,-1.561054
122.102608,1778662981.259026,1778662981.078871,1,0.354965,0.730372,-0.155663,-8.310125,-0.400108,-1.560961
122.205080,1778662981.361491,1778662981.178865,1,0.354744,0.731418,-0.155190,-8.309024,-0.400761,-1.559676
122.305593,1778662981.462005,1778662981.283441,1,0.374665,0.727417,-0.120193,-8.345551,-0.388538,-1.555886
122.391939,1778662981.548352,1778662981.379057,1,0.354010,0.730279,-0.160876,-8.302180,-0.399467,-1.560714
122.496894,1778662981.653306,1778662981.479118,1,0.355239,0.729906,-0.148917,-8.312453,-0.396412,-1.561905
122.591228,1778662981.747645,1778662981.579110,1,0.354507,0.732525,-0.150897,-8.315762,-0.395653,-1.563174
122.697942,1778662981.854358,1778662981.678884,1,0.356001,0.729099,-0.151355,-8.309664,-0.391782,-1.563774
122.794808,1778662981.951223,1778662981.779227,1,0.359073,0.727749,-0.150163,-8.309855,-0.395978,-1.561913
122.902237,1778662982.058651,1778662981.879240,1,0.354048,0.730506,-0.152675,-8.303477,-0.392357,-1.559898
123.000248,1778662982.156667,1778662981.978882,1,0.357837,0.727142,-0.156681,-8.302983,-0.396537,-1.559718
123.109159,1778662982.265568,1778662982.079300,1,0.357436,0.728936,-0.152980,-8.298132,-0.392205,-1.558373
123.189181,1778662982.345591,1778662982.178874,1,0.356477,0.729716,-0.152353,-8.301003,-0.389085,-1.560638
123.286870,1778662982.443296,1778662982.283364,1,0.379165,0.721040,-0.122854,-8.337123,-0.379577,-1.558643
123.389263,1778662982.545674,1778662982.378895,1,0.351750,0.733908,-0.155921,-8.297332,-0.390358,-1.557227
123.498351,1778662982.654763,1778662982.478995,1,0.354105,0.731186,-0.156427,-8.301646,-0.396033,-1.556664
123.582920,1778662982.739332,1778662982.579206,1,0.357292,0.728641,-0.159036,-8.298611,-0.392319,-1.560091
123.725616,1778662982.882028,1778662982.678894,1,0.355768,0.728725,-0.156895,-8.300217,-0.395748,-1.558786
123.795177,1778662982.951591,1778662982.778971,1,0.353996,0.731365,-0.153594,-8.302450,-0.384402,-1.564242
123.901844,1778662983.058260,1778662982.878901,1,0.358925,0.730285,-0.156263,-8.313655,-0.399659,-1.561090
123.997072,1778662983.153492,1778662982.978909,1,0.354539,0.732234,-0.152248,-8.304627,-0.394793,-1.558659
124.084606,1778662983.241019,1778662983.078916,1,0.356411,0.730467,-0.154175,-8.300937,-0.396181,-1.560002
124.196367,1778662983.352782,1778662983.178859,1,0.355322,0.730448,-0.158600,-8.306519,-0.401520,-1.559340
124.295469,1778662983.451879,1778662983.283440,1,0.373589,0.725082,-0.124710,-8.338675,-0.385258,-1.561317
124.404788,1778662983.561199,1778662983.378943,1,0.354661,0.731277,-0.150849,-8.309419,-0.394791,-1.563260
124.536391,1778662983.692801,1778662983.478940,1,0.350344,0.733725,-0.150365,-8.311915,-0.391324,-1.564363
124.593171,1778662983.749594,1778662983.578948,1,0.358411,0.727877,-0.152331,-8.311853,-0.399320,-1.561295
124.686957,1778662983.843366,1778662983.678936,1,0.350457,0.733220,-0.155072,-8.305543,-0.400163,-1.562322
124.795292,1778662983.951700,1778662983.778927,1,0.351908,0.733838,-0.158304,-8.306249,-0.400963,-1.559393
124.895730,1778662984.052145,1778662983.878919,1,0.347939,0.734365,-0.151370,-8.306829,-0.402139,-1.560860
125.009797,1778662984.166208,1778662983.979108,1,0.351602,0.731752,-0.153840,-8.307235,-0.400010,-1.561657
125.096498,1778662984.252918,1778662984.078941,1,0.347409,0.733880,-0.158304,-8.301167,-0.399853,-1.560006
125.199120,1778662984.355541,1778662984.178884,1,0.351928,0.732704,-0.152409,-8.299718,-0.391824,-1.557499
125.301142,1778662984.457552,1778662984.283618,1,0.370803,0.728691,-0.120308,-8.342164,-0.385438,-1.557385
125.395536,1778662984.551950,1778662984.378918,1,0.349328,0.734779,-0.156412,-8.300276,-0.397748,-1.559633
125.494582,1778662984.650995,1778662984.478940,1,0.344985,0.736939,-0.156104,-8.300537,-0.396717,-1.560387
125.591780,1778662984.748190,1778662984.578936,1,0.347472,0.735484,-0.153078,-8.302149,-0.396453,-1.557316
125.701657,1778662984.858067,1778662984.678966,1,0.349144,0.734812,-0.152789,-8.300432,-0.401081,-1.556876
125.800684,1778662984.957096,1778662984.778959,1,0.346043,0.736438,-0.149770,-8.300342,-0.397175,-1.556071
125.898788,1778662985.055198,1778662984.879158,1,0.349033,0.733624,-0.153282,-8.299862,-0.400227,-1.557643
125.992966,1778662985.149378,1778662984.978965,1,0.350197,0.732061,-0.161838,-8.295877,-0.396118,-1.558706
126.092117,1778662985.248528,1778662985.078941,1,0.350765,0.731949,-0.157187,-8.300670,-0.392167,-1.558664
126.194461,1778662985.350878,1778662985.178949,1,0.345830,0.736349,-0.148926,-8.305259,-0.398558,-1.558084
126.302237,1778662985.458647,1778662985.283407,1,0.367721,0.729296,-0.125542,-8.334989,-0.381308,-1.559298
126.402940,1778662985.559351,1778662985.378969,1,0.348664,0.734608,-0.149311,-8.303461,-0.401092,-1.556791
126.486390,1778662985.642802,1778662985.478969,1,0.347249,0.735248,-0.151614,-8.302345,-0.398648,-1.558194
126.596828,1778662985.753237,1778662985.578989,1,0.348270,0.734112,-0.154380,-8.299178,-0.396161,-1.557819
126.691530,1778662985.847942,1778662985.679188,1,0.348105,0.734111,-0.151182,-8.303885,-0.398915,-1.558840
126.803490,1778662985.959905,1778662985.778965,1,0.345974,0.735313,-0.153040,-8.301295,-0.394318,-1.560251
126.893564,1778662986.049973,1778662985.879337,1,0.348575,0.734769,-0.152795,-8.301504,-0.389546,-1.559343
126.995795,1778662986.152207,1778662985.978968,1,0.344664,0.737009,-0.157694,-8.297217,-0.398124,-1.558955
127.098394,1778662986.254812,1778662986.079333,1,0.343760,0.737308,-0.154440,-8.302126,-0.399166,-1.558554
127.193626,1778662986.350040,1778662986.179241,1,0.345404,0.738312,-0.153639,-8.298455,-0.392660,-1.558564
127.313161,1778662986.469587,1778662986.283443,1,0.364343,0.732771,-0.127400,-8.331239,-0.380986,-1.555913
127.383323,1778662986.539732,1778662986.378972,1,0.347737,0.734541,-0.153936,-8.303514,-0.401128,-1.559683
127.494381,1778662986.650791,1778662986.479219,1,0.345862,0.737328,-0.150442,-8.303254,-0.399319,-1.557456
127.617594,1778662986.774006,1778662986.578954,1,0.345920,0.735450,-0.152535,-8.309373,-0.398159,-1.560918
127.703622,1778662986.860039,1778662986.679037,1,0.343738,0.737778,-0.154789,-8.299310,-0.398894,-1.556184
127.796839,1778662986.953252,1778662986.779062,1,0.342983,0.738741,-0.154763,-8.301913,-0.398012,-1.560083
127.896814,1778662987.053228,1778662986.879033,1,0.344382,0.736863,-0.150819,-8.300426,-0.400271,-1.557434
127.987728,1778662987.144138,1778662986.979006,1,0.347528,0.733491,-0.157174,-8.300358,-0.394281,-1.559847
128.090290,1778662987.246702,1778662987.079203,1,0.345370,0.735768,-0.154881,-8.303942,-0.393190,-1.560807
128.199370,1778662987.355781,1778662987.179035,1,0.346455,0.735661,-0.152426,-8.303915,-0.397044,-1.557704
128.286345,1778662987.442755,1778662987.283896,1,0.367865,0.730391,-0.125765,-8.337960,-0.386571,-1.558123
128.405548,1778662987.561958,1778662987.379042,1,0.347884,0.735829,-0.156314,-8.304095,-0.401397,-1.557755
128.495904,1778662987.652317,1778662987.479017,1,0.345889,0.735044,-0.154980,-8.299520,-0.392965,-1.560188
128.606287,1778662987.762700,1778662987.579021,1,0.346396,0.738642,-0.153316,-8.301052,-0.400467,-1.556514
128.703626,1778662987.860038,1778662987.679020,1,0.346998,0.735979,-0.152380,-8.299454,-0.401786,-1.556734
128.838731,1778662987.995142,1778662987.779021,1,0.345626,0.735834,-0.153902,-8.297408,-0.394667,-1.557993
128.889584,1778662988.045993,1778662987.879041,1,0.346697,0.733788,-0.155361,-8.300139,-0.392280,-1.557091
128.989382,1778662988.145792,1778662987.979007,1,0.344839,0.735430,-0.153451,-8.299680,-0.394528,-1.558321
129.095872,1778662988.252282,1778662988.079059,1,0.345529,0.737722,-0.152880,-8.301417,-0.394235,-1.557478
129.193541,1778662988.349957,1778662988.178927,1,0.343331,0.735974,-0.155637,-8.301083,-0.399667,-1.559047
129.302523,1778662988.458935,1778662988.283510,1,0.368437,0.728927,-0.126974,-8.333609,-0.381777,-1.559556
129.394888,1778662988.551297,1778662988.379024,1,0.344884,0.737551,-0.159121,-8.303831,-0.399267,-1.559105
129.511339,1778662988.667750,1778662988.479001,1,0.347964,0.734605,-0.150434,-8.301934,-0.395489,-1.557972
129.576981,1778662988.733394,1778662988.579218,1,0.346301,0.735333,-0.153546,-8.301262,-0.398309,-1.558986
129.707492,1778662988.863907,1778662988.679727,1,0.343983,0.737879,-0.154079,-8.296551,-0.394338,-1.556790
129.791790,1778662988.948205,1778662988.779025,1,0.348446,0.733483,-0.148539,-8.302181,-0.392629,-1.557623
129.888201,1778662989.044617,1778662988.879604,1,0.341302,0.739605,-0.160945,-8.300266,-0.399909,-1.557514
129.993170,1778662989.149584,1778662988.978996,1,0.342976,0.740316,-0.158470,-8.293619,-0.393010,-1.555455
130.097053,1778662989.253465,1778662989.079035,1,0.345993,0.733167,-0.159302,-8.301054,-0.399823,-1.559511
130.189536,1778662989.345945,1778662989.179554,1,0.343223,0.735333,-0.152251,-8.299479,-0.393530,-1.560327
130.296566,1778662989.452981,1778662989.283533,1,0.365016,0.731899,-0.125356,-8.336973,-0.384256,-1.558710
130.384331,1778662989.540742,1778662989.379056,1,0.349017,0.734445,-0.151217,-8.306479,-0.400142,-1.559540
130.500942,1778662989.657351,1778662989.479064,1,0.343475,0.738350,-0.153195,-8.303922,-0.398653,-1.559650
130.587160,1778662989.743573,1778662989.579050,1,0.346625,0.735703,-0.154188,-8.297458,-0.391022,-1.559630
130.698302,1778662989.854714,1778662989.679038,1,0.348217,0.734182,-0.151440,-8.298441,-0.393312,-1.558234
130.793952,1778662989.950372,1778662989.779033,1,0.350238,0.734624,-0.150176,-8.297712,-0.389027,-1.558969
130.899680,1778662990.056093,1778662989.879462,1,0.345166,0.736697,-0.152626,-8.299893,-0.398767,-1.557029
130.991625,1778662990.148037,1778662989.979026,1,0.345549,0.735376,-0.156606,-8.304081,-0.399249,-1.559169
131.097774,1778662990.254188,1778662990.079252,1,0.345448,0.737446,-0.160556,-8.299611,-0.394782,-1.560237
131.195875,1778662990.352289,1778662990.179044,1,0.342316,0.739470,-0.151795,-8.299567,-0.395779,-1.555257
131.301174,1778662990.457588,1778662990.283553,1,0.373119,0.725570,-0.126567,-8.329532,-0.379348,-1.559753
131.381329,1778662990.537738,1778662990.379043,1,0.344267,0.739119,-0.155198,-8.301900,-0.396908,-1.558778
131.506856,1778662990.663274,1778662990.479037,1,0.343519,0.736614,-0.158264,-8.298470,-0.397068,-1.559010
131.600804,1778662990.757214,1778662990.579062,1,0.345313,0.737597,-0.156477,-8.301674,-0.401836,-1.557264
131.691395,1778662990.847806,1778662990.679466,1,0.344656,0.737755,-0.151364,-8.304921,-0.400250,-1.556914
131.819201,1778662990.975616,1778662990.779104,1,0.343334,0.737135,-0.151754,-8.296107,-0.395029,-1.558360
131.898525,1778662991.054937,1778662990.879069,1,0.341910,0.739108,-0.156496,-8.300852,-0.395923,-1.559929
131.997850,1778662991.154259,1778662990.979370,1,0.345342,0.736280,-0.154162,-8.297365,-0.388866,-1.560116
132.100982,1778662991.257390,1778662991.079060,1,0.346334,0.735213,-0.158582,-8.300415,-0.395617,-1.559563
132.199220,1778662991.355635,1778662991.179063,1,0.340068,0.739616,-0.152574,-8.305478,-0.401607,-1.559479
132.329931,1778662991.486338,1778662991.284004,1,0.365453,0.732205,-0.124017,-8.331811,-0.381471,-1.558198
132.423817,1778662991.580231,1778662991.379164,1,0.344924,0.736842,-0.153444,-8.303266,-0.396930,-1.558494
132.502283,1778662991.658692,1778662991.479942,1,0.344779,0.737395,-0.153919,-8.302637,-0.401544,-1.556703
132.632887,1778662991.789297,1778662991.579097,1,0.342542,0.737910,-0.152122,-8.302329,-0.395358,-1.559504
132.707032,1778662991.863465,1778662991.679024,1,0.340906,0.739776,-0.151854,-8.301139,-0.394959,-1.558910
132.790060,1778662991.946472,1778662991.779191,1,0.343649,0.738878,-0.154173,-8.300276,-0.393837,-1.559360
132.895302,1778662992.051713,1778662991.879139,1,0.343389,0.737436,-0.151391,-8.306478,-0.401351,-1.558478
132.992590,1778662992.149003,1778662991.979254,1,0.341621,0.739786,-0.154183,-8.300940,-0.396140,-1.557935
133.096567,1778662992.252979,1778662992.079120,1,0.342526,0.736598,-0.158330,-8.293889,-0.393681,-1.559927
133.197135,1778662992.353549,1778662992.179112,1,0.342667,0.742242,-0.156027,-8.299424,-0.394081,-1.558474
133.307173,1778662992.463583,1778662992.283775,1,0.363501,0.733879,-0.121167,-8.332829,-0.383317,-1.558266
133.397017,1778662992.553428,1778662992.379082,1,0.344714,0.739726,-0.155330,-8.304761,-0.402055,-1.557196
133.513259,1778662992.669668,1778662992.479327,1,0.345840,0.736517,-0.153835,-8.295238,-0.389872,-1.557949
133.588087,1778662992.744498,1778662992.579312,1,0.344037,0.737155,-0.149926,-8.301834,-0.392924,-1.558408
133.691896,1778662992.848309,1778662992.679111,1,0.344631,0.735814,-0.156222,-8.299484,-0.392186,-1.559749
133.792272,1778662992.948680,1778662992.779353,1,0.342924,0.738662,-0.152405,-8.296488,-0.389415,-1.558504
133.897513,1778662993.053925,1778662992.879092,1,0.341636,0.738205,-0.155027,-8.301219,-0.398222,-1.559148
133.997052,1778662993.153464,1778662992.979995,1,0.341436,0.738549,-0.154276,-8.300120,-0.397037,-1.558217
134.096652,1778662993.253065,1778662993.080490,1,0.344663,0.738174,-0.150127,-8.299793,-0.394595,-1.559011
134.214629,1778662993.371043,1778662993.179157,1,0.346174,0.735423,-0.152684,-8.297301,-0.396395,-1.556489
134.297842,1778662993.454254,1778662993.283557,1,0.367152,0.730775,-0.123492,-8.330767,-0.380521,-1.558137
134.400527,1778662993.556956,1778662993.379125,1,0.349646,0.733017,-0.158311,-8.301530,-0.394667,-1.560169
134.485516,1778662993.641926,1778662993.479041,1,0.343977,0.737666,-0.154349,-8.302164,-0.397962,-1.559603
134.595526,1778662993.751939,1778662993.579134,1,0.339419,0.741058,-0.158260,-8.300660,-0.399518,-1.558456
134.689987,1778662993.846396,1778662993.679351,1,0.338983,0.742444,-0.156274,-8.302106,-0.402148,-1.558287
134.790271,1778662993.946684,1778662993.779127,1,0.343451,0.738907,-0.154575,-8.304148,-0.397789,-1.559671
134.905351,1778662994.061763,1778662993.879327,1,0.343288,0.739142,-0.157100,-8.301176,-0.398861,-1.559361
134.997106,1778662994.153518,1778662993.979403,1,0.343568,0.737533,-0.155578,-8.298845,-0.397704,-1.557331
135.092832,1778662994.249257,1778662994.079116,1,0.341905,0.740182,-0.151769,-8.298634,-0.390179,-1.559620
135.188909,1778662994.345319,1778662994.179127,1,0.340334,0.740026,-0.156602,-8.296938,-0.391773,-1.558383
135.307174,1778662994.463587,1778662994.283759,1,0.360867,0.734922,-0.125077,-8.335544,-0.386766,-1.559107
135.416600,1778662994.573017,1778662994.379195,1,0.343854,0.737792,-0.152810,-8.302896,-0.395293,-1.558653
135.496308,1778662994.652720,1778662994.479167,1,0.342242,0.738023,-0.152493,-8.299172,-0.389784,-1.560497
135.598668,1778662994.755090,1778662994.579118,1,0.343128,0.737520,-0.148763,-8.301721,-0.397383,-1.557360
135.702390,1778662994.858803,1778662994.679321,1,0.342539,0.739263,-0.152886,-8.302314,-0.396312,-1.560289
135.815058,1778662994.971470,1778662994.779472,1,0.340225,0.742518,-0.154938,-8.303056,-0.399011,-1.558752
135.912862,1778662995.069277,1778662994.879161,1,0.342635,0.737832,-0.156109,-8.299725,-0.397106,-1.558818
136.000560,1778662995.156975,1778662994.979181,1,0.345225,0.736996,-0.156602,-8.299720,-0.397291,-1.556997
136.085524,1778662995.241935,1778662995.079195,1,0.345751,0.735321,-0.155577,-8.296109,-0.389241,-1.561443
136.219291,1778662995.375701,1778662995.179060,1,0.341874,0.738792,-0.158091,-8.305358,-0.402322,-1.559959
136.308564,1778662995.464993,1778662995.284202,1,0.368544,0.729611,-0.124459,-8.329101,-0.378340,-1.559103
136.393626,1778662995.550035,1778662995.379169,1,0.343523,0.738496,-0.153209,-8.305614,-0.400484,-1.557867
136.495520,1778662995.651929,1778662995.479352,1,0.342901,0.737568,-0.153487,-8.299881,-0.398320,-1.557695
136.587578,1778662995.743990,1778662995.579185,1,0.341086,0.738239,-0.155431,-8.296369,-0.392120,-1.559536
136.688407,1778662995.844821,1778662995.679178,1,0.346781,0.734742,-0.153360,-8.302528,-0.396076,-1.560820
136.795300,1778662995.951712,1778662995.779191,1,0.345025,0.736516,-0.150829,-8.298759,-0.391315,-1.560637
136.908618,1778662996.065028,1778662995.879653,1,0.344753,0.736378,-0.151364,-8.297786,-0.388880,-1.559245
136.995782,1778662996.152200,1778662995.979177,1,0.343380,0.737502,-0.151827,-8.299471,-0.392018,-1.558520
137.093229,1778662996.249643,1778662996.079440,1,0.345003,0.735616,-0.157068,-8.300290,-0.395351,-1.560708
137.202314,1778662996.358727,1778662996.179426,1,0.341829,0.739228,-0.156092,-8.300179,-0.396877,-1.559455
137.302264,1778662996.458680,1778662996.284071,1,0.359867,0.735222,-0.125079,-8.340570,-0.388946,-1.558181
137.396582,1778662996.552994,1778662996.379207,1,0.341531,0.741672,-0.153413,-8.305890,-0.398626,-1.558895
137.500178,1778662996.656587,1778662996.479429,1,0.339568,0.739587,-0.152781,-8.301430,-0.399707,-1.559069
137.601254,1778662996.757663,1778662996.579704,1,0.344380,0.737832,-0.150819,-8.299240,-0.396148,-1.556833
137.698952,1778662996.855370,1778662996.679473,1,0.345995,0.737711,-0.153378,-8.304788,-0.399937,-1.559213
137.791058,1778662996.947469,1778662996.779177,1,0.342326,0.738624,-0.155844,-8.299152,-0.393750,-1.559202
137.889794,1778662997.046205,1778662996.879990,1,0.342596,0.738824,-0.152166,-8.297222,-0.392921,-1.558725
137.994755,1778662997.151165,1778662996.979429,1,0.342702,0.738462,-0.156185,-8.295883,-0.392821,-1.558903
138.099582,1778662997.255999,1778662997.079173,1,0.342650,0.740595,-0.155134,-8.300861,-0.395824,-1.558848
138.186377,1778662997.342784,1778662997.179177,1,0.344789,0.736849,-0.155729,-8.300933,-0.396485,-1.559454
138.300685,1778662997.457098,1778662997.283651,1,0.363059,0.734109,-0.123228,-8.338124,-0.384709,-1.557356
138.405514,1778662997.561926,1778662997.379227,1,0.343681,0.738302,-0.153268,-8.303056,-0.395588,-1.558431
138.489938,1778662997.646345,1778662997.479555,1,0.342224,0.738042,-0.154653,-8.298887,-0.396801,-1.560253
138.588249,1778662997.744657,1778662997.579555,1,0.343287,0.737092,-0.157837,-8.301867,-0.397454,-1.560031
138.691849,1778662997.848262,1778662997.679213,1,0.345684,0.735973,-0.152011,-8.303455,-0.394906,-1.559984
138.798551,1778662997.954963,1778662997.779199,1,0.341826,0.739102,-0.151015,-8.297599,-0.395380,-1.557424
138.900604,1778662998.057019,1778662997.879210,1,0.343821,0.737212,-0.153206,-8.299746,-0.397199,-1.556606
138.985327,1778662998.141738,1778662997.979340,1,0.339465,0.740516,-0.150180,-8.299127,-0.392634,-1.558791
139.093851,1778662998.250277,1778662998.079245,1,0.347308,0.736170,-0.152051,-8.299996,-0.390387,-1.559256
139.193520,1778662998.349933,1778662998.179211,1,0.343994,0.736509,-0.151680,-8.298896,-0.393748,-1.558512
139.297655,1778662998.454070,1778662998.283926,1,0.368698,0.727888,-0.132511,-8.328358,-0.381237,-1.559620
139.387798,1778662998.544207,1778662998.379457,1,0.342782,0.740330,-0.156786,-8.302021,-0.399197,-1.558565
139.505278,1778662998.661699,1778662998.479208,1,0.346090,0.738814,-0.150253,-8.301760,-0.395880,-1.556483
139.594849,1778662998.751274,1778662998.579374,1,0.346809,0.736095,-0.150850,-8.301953,-0.394692,-1.560160
139.695729,1778662998.852144,1778662998.679197,1,0.344508,0.735700,-0.153102,-8.302086,-0.391315,-1.561549
139.776781,1778662998.933189,1778662998.779220,1,0.342599,0.737050,-0.152462,-8.305128,-0.397091,-1.560069
139.891213,1778662999.047620,1778662998.880046,1,0.340794,0.739004,-0.152580,-8.302022,-0.398009,-1.558009
140.009746,1778662999.166160,1778662998.979270,1,0.344063,0.739360,-0.154015,-8.299431,-0.393800,-1.559565
140.095050,1778662999.251462,1778662999.079380,1,0.342635,0.737957,-0.151290,-8.299640,-0.389309,-1.558343
140.193690,1778662999.350103,1778662999.179271,1,0.344089,0.735978,-0.152881,-8.305278,-0.396110,-1.560871
140.291580,1778662999.447995,1778662999.283988,1,0.366792,0.732323,-0.128878,-8.332248,-0.383888,-1.558246
140.414652,1778662999.571073,1778662999.379709,1,0.341991,0.740555,-0.154800,-8.302401,-0.400132,-1.557274
140.495555,1778662999.651972,1778662999.479262,1,0.345919,0.735730,-0.154004,-8.301412,-0.394767,-1.558371
140.599914,1778662999.756344,1778662999.579698,1,0.340928,0.739325,-0.154241,-8.303168,-0.397730,-1.558283
140.694995,1778662999.851405,1778662999.679257,1,0.344541,0.737917,-0.152352,-8.298162,-0.394258,-1.558735
140.800294,1778662999.956706,1778662999.779258,1,0.343167,0.736036,-0.151150,-8.302938,-0.396124,-1.558754
140.893339,1778663000.049755,1778662999.879629,1,0.342012,0.739605,-0.155710,-8.300677,-0.395918,-1.558673
140.999483,1778663000.155896,1778662999.979597,1,0.341942,0.737701,-0.157133,-8.297379,-0.389369,-1.560365
141.091497,1778663000.247911,1778663000.079588,1,0.340162,0.741398,-0.149840,-8.298303,-0.393375,-1.558165
141.196690,1778663000.353099,1778663000.179265,1,0.344904,0.737113,-0.152924,-8.292766,-0.386758,-1.558250
141.305528,1778663000.461941,1778663000.284035,1,0.360666,0.736414,-0.124564,-8.335983,-0.382871,-1.557506
141.397019,1778663000.553430,1778663000.379803,1,0.345761,0.737750,-0.152176,-8.301558,-0.392399,-1.558173
141.568089,1778663000.724509,1778663000.479255,1,0.343137,0.738462,-0.154274,-8.300174,-0.393303,-1.559360
141.613949,1778663000.770364,1778663000.579817,1,0.346698,0.736912,-0.149394,-8.305197,-0.394933,-1.558290
141.730573,1778663000.886985,1778663000.679392,1,0.346598,0.735178,-0.155850,-8.301466,-0.394111,-1.560737
141.824838,1778663000.981252,1778663000.779240,1,0.342836,0.737876,-0.157934,-8.297077,-0.392753,-1.559819
141.900136,1778663001.056547,1778663000.879334,1,0.341866,0.738537,-0.155172,-8.298340,-0.393883,-1.558637
141.991156,1778663001.147564,1778663000.979822,1,0.347207,0.734379,-0.153858,-8.302834,-0.397101,-1.559807
142.098403,1778663001.254848,1778663001.079265,1,0.341605,0.742945,-0.150896,-8.304205,-0.399254,-1.556612
142.202366,1778663001.358774,1778663001.179316,1,0.334663,0.744262,-0.156045,-8.297179,-0.397890,-1.555889
142.332517,1778663001.488928,1778663001.284032,1,0.358306,0.739487,-0.102434,-8.346699,-0.377453,-1.558683
142.386760,1778663001.543169,1778663001.379786,1,0.335826,0.747808,-0.141928,-8.310696,-0.400336,-1.559596
142.495568,1778663001.651979,1778663001.479293,1,0.337374,0.746106,-0.137955,-8.311725,-0.396892,-1.558620
142.595640,1778663001.752050,1778663001.579837,1,0.330035,0.750107,-0.144923,-8.310743,-0.403555,-1.556198
142.688678,1778663001.845089,1778663001.679328,1,0.331576,0.747513,-0.154735,-8.295421,-0.396783,-1.555834
142.793716,1778663001.950129,1778663001.779294,1,0.331266,0.743510,-0.150421,-8.298037,-0.390772,-1.559335
142.893786,1778663002.050200,1778663001.879273,1,0.324535,0.747639,-0.140904,-8.302150,-0.388682,-1.558258
143.022601,1778663002.179021,1778663001.979272,1,0.317277,0.749430,-0.133873,-8.308896,-0.393149,-1.557489
143.094491,1778663002.250913,1778663002.079295,1,0.317696,0.749436,-0.145007,-8.291625,-0.388525,-1.552483
143.185541,1778663002.341950,1778663002.179910,1,0.320480,0.744127,-0.143495,-8.287146,-0.377810,-1.556053
143.289627,1778663002.446045,1778663002.283721,1,0.335058,0.738665,-0.102558,-8.315890,-0.346021,-1.557738
143.393997,1778663002.550410,1778663002.379410,1,0.318664,0.744917,-0.144952,-8.287454,-0.382064,-1.554525
143.501239,1778663002.657649,1778663002.479274,1,0.322094,0.742116,-0.152588,-8.288030,-0.379636,-1.556365
143.589876,1778663002.746291,1778663002.579298,1,0.323284,0.738158,-0.150433,-8.295080,-0.377337,-1.561369
143.703204,1778663002.859616,1778663002.679702,1,0.314632,0.742527,-0.145083,-8.300318,-0.387392,-1.560869
143.786534,1778663002.942944,1778663002.779294,1,0.315487,0.738578,-0.149919,-8.300386,-0.386913,-1.557744
143.894130,1778663003.050543,1778663002.879358,1,0.321418,0.738479,-0.143339,-8.300874,-0.384294,-1.559321
143.993037,1778663003.149447,1778663002.979322,1,0.322604,0.736276,-0.144066,-8.289233,-0.372282,-1.559079
144.090965,1778663003.247374,1778663003.079785,1,0.316612,0.737949,-0.143001,-8.288965,-0.373695,-1.559569
144.202825,1778663003.359236,1778663003.179326,1,0.315821,0.738791,-0.144203,-8.295944,-0.380529,-1.560120
144.298655,1778663003.455076,1778663003.283819,1,0.331978,0.733476,-0.106454,-8.323471,-0.352324,-1.557509
144.395477,1778663003.551897,1778663003.379643,1,0.323277,0.733048,-0.141020,-8.294003,-0.376953,-1.560868
144.495106,1778663003.651516,1778663003.479313,1,0.316103,0.740920,-0.142656,-8.298477,-0.390257,-1.556535
144.595986,1778663003.752402,1778663003.579743,1,0.326693,0.737321,-0.142922,-8.294740,-0.386218,-1.556847
144.723001,1778663003.879411,1778663003.679325,1,0.331954,0.735027,-0.148126,-8.295489,-0.386674,-1.560268
144.802864,1778663003.959273,1778663003.779951,1,0.325000,0.738141,-0.141699,-8.296444,-0.385636,-1.558601
144.892734,1778663004.049151,1778663003.879345,1,0.328547,0.735286,-0.142873,-8.299358,-0.388555,-1.560333
144.989562,1778663004.145971,1778663003.979862,1,0.328918,0.736712,-0.142542,-8.296261,-0.382332,-1.558699
145.087506,1778663004.243915,1778663004.079334,1,0.333561,0.734418,-0.143986,-8.295825,-0.380764,-1.558580
145.187680,1778663004.344094,1778663004.179462,1,0.328605,0.736503,-0.141407,-8.296585,-0.387153,-1.559007
145.298748,1778663004.455157,1778663004.286943,1,0.362008,0.718894,-0.113860,-8.318343,-0.343580,-1.559141
145.395688,1778663004.552097,1778663004.379846,1,0.330145,0.737462,-0.145845,-8.289734,-0.385135,-1.556205
145.502576,1778663004.658987,1778663004.479326,1,0.336534,0.733496,-0.143135,-8.297681,-0.389135,-1.559256
145.582191,1778663004.738600,1778663004.579507,1,0.337070,0.731349,-0.141492,-8.300806,-0.390523,-1.559930
145.687701,1778663004.844112,1778663004.679318,1,0.336189,0.734015,-0.139488,-8.296110,-0.390011,-1.557129
145.780540,1778663004.936953,1778663004.779327,1,0.336812,0.732689,-0.143969,-8.296528,-0.387435,-1.559103
145.901957,1778663005.058372,1778663004.879413,1,0.333815,0.738137,-0.153563,-8.296515,-0.390624,-1.556392
145.996181,1778663005.152607,1778663004.979344,1,0.336694,0.734906,-0.150223,-8.299848,-0.389489,-1.558340
146.100635,1778663005.257044,1778663005.080157,1,0.338758,0.731622,-0.148660,-8.306522,-0.398899,-1.560613
146.190587,1778663005.346999,1778663005.179340,1,0.336713,0.734379,-0.148118,-8.301531,-0.389221,-1.557853
146.293205,1778663005.449623,1778663005.283792,1,0.358442,0.724547,-0.118727,-8.334993,-0.375604,-1.563288
146.397860,1778663005.554268,1778663005.379548,1,0.335727,0.735458,-0.141240,-8.302794,-0.390964,-1.558601
146.484661,1778663005.641070,1778663005.479486,1,0.337497,0.735020,-0.136078,-8.309063,-0.388414,-1.560753
146.603797,1778663005.760210,1778663005.579337,1,0.337475,0.734237,-0.141771,-8.305032,-0.392597,-1.557544
146.682742,1778663005.839154,1778663005.679720,1,0.334816,0.736395,-0.138291,-8.304943,-0.388674,-1.557850
146.788373,1778663005.944787,1778663005.779345,1,0.338072,0.731841,-0.149632,-8.300880,-0.393275,-1.558283
146.894221,1778663006.050631,1778663005.879356,1,0.331678,0.736962,-0.144613,-8.299864,-0.388252,-1.558314
146.989089,1778663006.145498,1778663005.979363,1,0.330494,0.737896,-0.147309,-8.297767,-0.389991,-1.558057
147.095929,1778663006.252352,1778663006.079404,1,0.334409,0.735231,-0.148261,-8.299098,-0.394511,-1.557050
147.185686,1778663006.342094,1778663006.180222,1,0.336490,0.734675,-0.150380,-8.298142,-0.392662,-1.556353
147.293496,1778663006.449908,1778663006.283818,1,0.351143,0.732223,-0.121668,-8.331469,-0.374632,-1.556988
147.398433,1778663006.554848,1778663006.379383,1,0.337070,0.734862,-0.153292,-8.295523,-0.392841,-1.556540
147.561587,1778663006.718012,1778663006.480072,1,0.331900,0.737161,-0.144418,-8.301358,-0.388728,-1.558196
147.605742,1778663006.762159,1778663006.579332,1,0.333402,0.738601,-0.143571,-8.296699,-0.389308,-1.554627
147.700939,1778663006.857352,1778663006.679744,1,0.336211,0.734733,-0.147024,-8.301692,-0.389009,-1.559181
147.808621,1778663006.965055,1778663006.779385,1,0.333184,0.736450,-0.146586,-8.296721,-0.389941,-1.557065
147.891481,1778663007.047891,1778663006.879390,1,0.335436,0.736992,-0.141954,-8.299616,-0.385331,-1.556676
148.007687,1778663007.164102,1778663006.979383,1,0.337743,0.734790,-0.142880,-8.296917,-0.389741,-1.559026
148.088354,1778663007.244763,1778663007.079693,1,0.336477,0.736821,-0.142909,-8.298196,-0.386718,-1.556884
148.225283,1778663007.381698,1778663007.179381,1,0.335915,0.736188,-0.149870,-8.296082,-0.388230,-1.558505
148.296226,1778663007.452637,1778663007.284166,1,0.356306,0.728745,-0.114083,-8.328143,-0.360705,-1.559405
148.402383,1778663007.558792,1778663007.379433,1,0.340128,0.735690,-0.142489,-8.306303,-0.397708,-1.556825
148.497446,1778663007.653858,1778663007.479534,1,0.332715,0.739254,-0.140787,-8.301087,-0.392778,-1.557231
148.586226,1778663007.742635,1778663007.579438,1,0.334148,0.738497,-0.141981,-8.299624,-0.391337,-1.556889
148.684819,1778663007.841228,1778663007.679420,1,0.343876,0.729855,-0.141358,-8.305062,-0.389785,-1.560397
148.799165,1778663007.955585,1778663007.779824,1,0.336473,0.734713,-0.145743,-8.301195,-0.387844,-1.561391
148.892254,1778663008.048668,1778663007.879668,1,0.333669,0.735679,-0.145055,-8.296530,-0.389186,-1.559364
148.996674,1778663008.153090,1778663007.980333,1,0.332872,0.737398,-0.142425,-8.302716,-0.391474,-1.558411
149.094893,1778663008.251302,1778663008.079404,1,0.333947,0.738238,-0.142548,-8.297071,-0.385743,-1.556864
149.188327,1778663008.344736,1778663008.179406,1,0.335913,0.736406,-0.142600,-8.299191,-0.387661,-1.556906
149.298454,1778663008.454866,1778663008.283901,1,0.356747,0.728424,-0.125902,-8.331974,-0.373476,-1.560480
149.403446,1778663008.559858,1778663008.379640,1,0.332729,0.736353,-0.150161,-8.305551,-0.394877,-1.559854
149.493178,1778663008.649588,1778663008.479403,1,0.334878,0.738294,-0.147801,-8.299816,-0.395601,-1.555783
149.577461,1778663008.733877,1778663008.579392,1,0.333982,0.738018,-0.143682,-8.302501,-0.397599,-1.558281
149.694316,1778663008.850725,1778663008.679979,1,0.332793,0.737787,-0.141429,-8.303886,-0.391795,-1.559434
149.798372,1778663008.954937,1778663008.779642,1,0.332644,0.738459,-0.144671,-8.302588,-0.393872,-1.559836
149.891491,1778663009.047903,1778663008.879645,1,0.335209,0.736429,-0.141337,-8.298431,-0.382416,-1.557659
149.987775,1778663009.144199,1778663008.979921,1,0.336730,0.736558,-0.143896,-8.295845,-0.381816,-1.558506
150.089816,1778663009.246225,1778663009.079905,1,0.335350,0.734510,-0.145968,-8.296248,-0.383832,-1.558698
150.197328,1778663009.353737,1778663009.179416,1,0.339442,0.732047,-0.146872,-8.296979,-0.388825,-1.558572
150.296707,1778663009.453116,1778663009.283892,1,0.357761,0.726907,-0.115350,-8.327587,-0.367706,-1.560964
150.395667,1778663009.552080,1778663009.379414,1,0.341482,0.732843,-0.141184,-8.304540,-0.394241,-1.558493
150.494430,1778663009.650839,1778663009.479436,1,0.341935,0.731472,-0.140764,-8.303120,-0.388623,-1.558851
150.587192,1778663009.743612,1778663009.579448,1,0.333827,0.734586,-0.143709,-8.295167,-0.390306,-1.556557
150.705525,1778663009.861935,1778663009.679878,1,0.336365,0.731806,-0.162912,-8.284678,-0.389514,-1.559099
150.792305,1778663009.948717,1778663009.779440,1,0.325033,0.737628,-0.153227,-8.297646,-0.385638,-1.579434
150.912132,1778663010.068542,1778663009.879553,1,0.336076,0.731176,-0.123926,-8.294981,-0.384724,-1.564986
150.982805,1778663010.139216,1778663009.979488,1,0.339397,0.730707,-0.127048,-8.317965,-0.383218,-1.574105
151.104345,1778663010.260768,1778663010.079934,1,0.345129,0.727176,-0.139449,-8.341320,-0.403674,-1.574611
151.194355,1778663010.350767,1778663010.179391,1,0.337444,0.732453,-0.154458,-8.375624,-0.393820,-1.594456
151.306381,1778663010.462790,1778663010.284125,1,0.358839,0.727381,-0.152327,-8.426422,-0.387778,-1.607583
151.419838,1778663010.576251,1778663010.379459,1,0.331438,0.738883,-0.162538,-8.406700,-0.384929,-1.580584
151.509008,1778663010.665416,1778663010.479467,1,0.333461,0.741290,-0.150247,-8.438030,-0.394877,-1.549998
151.610553,1778663010.766967,1778663010.579515,1,0.159314,0.825523,0.003593,-9.182596,-0.203175,-1.556630
151.735725,1778663010.892135,1778663010.679997,1,0.339989,0.737067,-0.138267,-8.532621,-0.405808,-1.543750
151.815639,1778663010.972047,1778663010.779705,1,0.154588,0.825125,-0.039551,-9.249493,-0.238805,-1.547287
151.932010,1778663011.088415,1778663010.880025,1,0.333534,0.736959,-0.124033,-8.596128,-0.404017,-1.551365
152.009175,1778663011.165585,1778663010.980523,1,0.158964,0.824800,-0.023039,-9.304638,-0.187329,-1.583068
152.133221,1778663011.289631,1778663011.079394,1,0.339576,0.735306,-0.152722,-8.692324,-0.399388,-1.615953
152.250634,1778663011.407046,1778663011.179375,1,0.166463,0.823014,-0.043936,-9.395950,-0.141158,-1.641110
152.359375,1778663011.515791,1778663011.284287,1,0.350404,0.730147,-0.135424,-8.823294,-0.387756,-1.641490
152.470544,1778663011.626962,1778663011.379491,1,0.152603,0.830288,-0.062991,-9.521937,-0.144569,-1.666241
152.578941,1778663011.735356,1778663011.479450,1,0.334580,0.743766,-0.173284,-8.896062,-0.440067,-1.641244
152.685160,1778663011.841569,1778663011.579909,1,0.145341,0.840584,-0.055366,-9.599184,-0.125940,-1.629977
152.788234,1778663011.944648,1778663011.679718,1,0.140734,0.838057,-0.045018,-9.625293,-0.104235,-1.623631
152.908390,1778663012.064799,1778663011.779630,1,0.137995,0.843909,-0.003009,-9.691984,-0.034554,-1.643093
153.001063,1778663012.157478,1778663011.879528,1,0.322529,0.747081,-0.114663,-9.123654,-0.453414,-1.644716
153.035324,1778663012.191732,1778663011.979676,1,0.331541,0.741331,-0.145420,-9.143752,-0.433188,-1.681375
153.131228,1778663012.287639,1778663012.079463,1,0.144673,0.838223,-0.073404,-9.813202,0.007000,-1.731275
153.242298,1778663012.398706,1778663012.179393,1,0.331636,0.739953,-0.177003,-9.262845,-0.452184,-1.748640
153.285358,1778663012.441768,1778663012.284261,1,0.256115,0.771816,-0.022617,-9.442181,-0.090579,-1.747972
153.406074,1778663012.562488,1778663012.379764,1,0.332604,0.740609,-0.208025,-9.362046,-0.467104,-1.782281
153.545332,1778663012.701743,1778663012.479498,1,0.142671,0.836070,-0.120143,-9.924560,0.175440,-1.802529
153.645973,1778663012.802383,1778663012.579501,1,0.320604,0.752306,-0.205627,-9.452353,-0.469457,-1.756880
153.779397,1778663012.935810,1778663012.679706,1,0.119860,0.843943,-0.241704,-9.957285,0.271477,-1.746059
153.873509,1778663013.029921,1778663012.779681,1,0.122527,0.843403,-0.275124,-9.974765,0.253077,-1.719380
153.972888,1778663013.129297,1778663012.879504,1,0.293037,0.768104,-0.217238,-9.668058,-0.492280,-1.728263
154.042506,1778663013.198917,1778663012.979493,1,0.117552,0.844228,-0.264900,-10.109284,0.256189,-1.739398
154.145581,1778663013.301989,1778663013.079522,1,0.116659,0.848602,-0.285524,-10.145798,0.301516,-1.771079
154.254617,1778663013.411026,1778663013.179724,1,0.120687,0.845887,-0.332495,-10.168183,0.281261,-1.775899
154.352390,1778663013.508799,1778663013.283860,1,0.113627,0.843691,-0.459915,-10.110739,0.251233,-1.778629
154.479282,1778663013.635696,1778663013.379494,1,0.117888,0.855049,-0.375293,-10.315419,0.301158,-1.779902
154.580283,1778663013.736696,1778663013.480047,1,0.120951,0.857316,-0.394220,-10.343712,0.299357,-1.752353
154.682716,1778663013.839124,1778663013.579509,1,0.115283,0.862942,-0.379967,-10.381843,0.290092,-1.716586
154.781066,1778663013.937475,1778663013.682975,1,0.113931,0.871411,-0.340167,-10.456334,0.342490,-1.682906
154.873993,1778663014.030404,1778663013.780610,1,0.103841,0.879600,-0.315290,-10.557950,0.324877,-1.668896
154.967578,1778663014.123991,1778663013.880183,1,0.113459,0.864501,-0.346380,-10.545129,0.294545,-1.652226
155.073911,1778663014.230318,1778663013.979496,1,0.106588,0.880480,-0.345428,-10.719923,0.344879,-1.636460
155.186575,1778663014.342985,1778663014.079901,1,0.122684,0.847888,-0.469409,-10.469438,0.337040,-1.643120
155.279037,1778663014.435447,1778663014.179489,1,0.109694,0.878919,-0.400106,-10.732396,0.385418,-1.678844
155.348022,1778663014.504433,1778663014.283911,1,0.248258,0.792654,-0.326988,-10.399134,-0.462127,-1.695813
155.381934,1778663014.538342,1778663014.379831,1,0.245411,0.776557,-0.365444,-10.418678,-0.512105,-1.710767
155.487145,1778663014.643552,1778663014.480132,1,0.239075,0.774487,-0.372638,-10.406217,-0.504008,-1.707824
155.626544,1778663014.782953,1778663014.579864,1,0.094185,0.901723,-0.315834,-11.013743,0.478683,-1.703698
155.710837,1778663014.867246,1778663014.679545,1,0.217963,0.785201,-0.356052,-10.531887,-0.504135,-1.682188
155.796504,1778663014.952911,1778663014.779946,1,0.100672,0.898501,-0.419257,-11.035020,0.413880,-1.663925
155.937996,1778663015.094406,1778663014.880103,1,0.109638,0.876562,-0.432048,-10.966063,0.345253,-1.694405
156.034313,1778663015.190733,1778663014.979791,1,0.092448,0.899890,-0.422867,-11.085322,0.469684,-1.700899
156.139991,1778663015.296398,1778663015.079714,1,0.124329,0.818313,-0.386191,-10.840561,0.307450,-1.755272
156.204475,1778663015.360884,1778663015.179588,1,0.242593,0.778555,-0.391647,-10.723468,-0.506258,-1.805787
156.289059,1778663015.445467,1778663015.284135,1,0.262709,0.768564,-0.430128,-10.799840,-0.511571,-1.860111
156.395179,1778663015.551589,1778663015.379530,1,0.248636,0.781913,-0.424799,-10.808179,-0.513900,-1.908582
156.494681,1778663015.651090,1778663015.480050,1,0.246780,0.784341,-0.426290,-10.822904,-0.519149,-1.932077
156.597764,1778663015.754179,1778663015.580116,1,0.239055,0.784218,-0.464876,-10.888606,-0.525661,-1.968761
156.699616,1778663015.856025,1778663015.680902,1,0.107008,0.887155,-0.542527,-11.260185,0.546294,-1.965442
156.868543,1778663016.024964,1778663015.779619,1,0.106651,0.889797,-0.562650,-11.309903,0.511195,-1.984315
156.937546,1778663016.093954,1778663015.879658,1,0.233573,0.792820,-0.454439,-11.020212,-0.500987,-2.008717
157.011184,1778663016.167592,1778663015.979873,1,0.245173,0.793276,-0.470572,-11.045194,-0.513086,-2.046067
157.100828,1778663016.257238,1778663016.080382,1,0.255015,0.787629,-0.487178,-11.073183,-0.512526,-2.082260
157.195025,1778663016.351442,1778663016.179485,1,0.262334,0.775851,-0.525055,-11.070735,-0.510725,-2.125323
157.292743,1778663016.449173,1778663016.283959,1,0.290108,0.761571,-0.574838,-11.128693,-0.504455,-2.175532
157.384094,1778663016.540505,1778663016.379556,1,0.271009,0.778788,-0.599129,-11.150123,-0.503550,-2.221349
157.490103,1778663016.646527,1778663016.479575,1,0.271111,0.775191,-0.611246,-11.151303,-0.510497,-2.245474
157.585706,1778663016.742114,1778663016.579592,1,0.265246,0.784555,-0.654678,-11.196911,-0.523225,-2.277340
157.704287,1778663016.860695,1778663016.679602,1,0.267973,0.777186,-0.642207,-11.197387,-0.521739,-2.275632
157.843098,1778663016.999528,1778663016.779625,1,0.121937,0.873341,-0.560078,-11.548026,0.638396,-2.252710
157.959665,1778663017.116077,1778663016.879834,1,0.126687,0.863390,-0.643452,-11.530489,0.552271,-2.271273
158.040145,1778663017.196553,1778663016.979964,1,0.271325,0.775997,-0.701154,-11.303907,-0.526854,-2.358070
158.137209,1778663017.293632,1778663017.079885,1,0.166765,0.841371,-1.403012,-11.383641,-0.543067,-2.399622
158.234235,1778663017.390644,1778663017.180091,1,0.299479,0.760780,-0.763136,-11.308372,-0.520947,-2.460059
158.289477,1778663017.445886,1778663017.284378,1,0.330004,0.739733,-0.740872,-11.291280,-0.501311,-2.506878
158.401917,1778663017.558325,1778663017.379523,1,0.308596,0.756865,-0.793020,-11.321225,-0.509823,-2.564509
158.503297,1778663017.659708,1778663017.479595,1,0.306297,0.760119,-0.807512,-11.333770,-0.522660,-2.590284
158.615102,1778663017.771513,1778663017.579564,1,0.302962,0.755778,-0.824149,-11.338778,-0.533493,-2.614938
158.705562,1778663017.861984,1778663017.679909,1,0.293577,0.764241,-0.838463,-11.361554,-0.521282,-2.623705
158.833550,1778663017.989958,1778663017.779670,1,0.182858,0.826471,-1.572591,-11.464267,-0.544701,-2.632068
158.944536,1778663018.100957,1778663017.879659,1,0.310463,0.749265,-0.946485,-11.410419,-0.521284,-2.655829
159.002565,1778663018.158974,1778663017.979607,1,0.301212,0.755141,-0.845211,-11.385956,-0.528450,-2.642594
159.089920,1778663018.246329,1778663018.079556,1,0.304767,0.756058,-0.874460,-11.391913,-0.524970,-2.668961
159.198988,1778663018.355398,1778663018.179976,1,0.297198,0.762017,-0.880421,-11.386174,-0.521940,-2.682750
159.311738,1778663018.468150,1778663018.284320,1,0.164263,0.826871,-1.061805,-11.583251,0.463781,-2.681130
159.404965,1778663018.561376,1778663018.379571,1,0.306742,0.751970,-0.933455,-11.398345,-0.517301,-2.691800
159.487777,1778663018.644188,1778663018.479588,1,0.314977,0.745805,-0.957065,-11.421044,-0.512256,-2.689614
159.595081,1778663018.751495,1778663018.579831,1,0.301536,0.758843,-0.947220,-11.408126,-0.522439,-2.690376
159.704324,1778663018.860736,1778663018.679650,1,0.289092,0.767140,-0.969747,-11.427433,-0.525014,-2.684663
159.798376,1778663018.954799,1778663018.779652,1,0.295008,0.766761,-0.965436,-11.426713,-0.509138,-2.672883
159.902925,1778663019.059342,1778663018.879618,1,0.301702,0.761330,-0.949533,-11.406923,-0.534860,-2.668126
159.985838,1778663019.142255,1778663018.979848,1,0.304951,0.757111,-0.961637,-11.405706,-0.532242,-2.679911
160.107241,1778663019.263650,1778663019.079614,1,0.309284,0.756331,-0.962316,-11.410085,-0.525474,-2.684950
160.188199,1778663019.344607,1778663019.179829,1,0.308652,0.755971,-0.964996,-11.415262,-0.523888,-2.685061
160.289830,1778663019.446238,1778663019.284578,1,0.341360,0.727012,-0.975516,-11.430778,-0.501638,-2.681896
160.405090,1778663019.561511,1778663019.379637,1,0.300447,0.764450,-0.968401,-11.426534,-0.515831,-2.677510
160.507906,1778663019.664331,1778663019.479661,1,0.299226,0.765130,-0.965537,-11.428506,-0.516359,-2.671034
160.593959,1778663019.750381,1778663019.579646,1,0.299274,0.765436,-0.973019,-11.427526,-0.520089,-2.672190
160.691347,1778663019.847755,1778663019.680089,1,0.299782,0.763751,-0.959822,-11.421297,-0.516377,-2.669755
160.816170,1778663019.972583,1778663019.779652,1,0.301513,0.762300,-0.968151,-11.429098,-0.507650,-2.672842
160.894424,1778663020.051196,1778663019.879627,1,0.302891,0.761458,-0.972728,-11.426684,-0.520301,-2.672180
160.983337,1778663020.139752,1778663019.980063,1,0.299417,0.765187,-0.968680,-11.429604,-0.518470,-2.671552
161.095924,1778663020.252335,1778663020.079911,1,0.302417,0.763134,-0.964931,-11.422482,-0.522736,-2.670236
161.191470,1778663020.347879,1778663020.179656,1,0.298322,0.766290,-0.966443,-11.425709,-0.520644,-2.672002
161.301248,1778663020.457657,1778663020.284097,1,0.323029,0.746011,-0.956082,-11.427691,-0.515004,-2.668292
161.396170,1778663020.552581,1778663020.380080,1,0.298979,0.764269,-0.970968,-11.429617,-0.520724,-2.671302
161.496288,1778663020.652704,1778663020.479756,1,0.301207,0.763983,-0.974344,-11.425163,-0.511671,-2.675080
161.591659,1778663020.748068,1778663020.580014,1,0.300029,0.764002,-0.974850,-11.430435,-0.518315,-2.673008
161.689383,1778663020.845792,1778663020.680464,1,0.302228,0.762506,-0.976376,-11.428985,-0.522436,-2.671644
161.793030,1778663020.949444,1778663020.780035,1,0.304229,0.762538,-0.965462,-11.425006,-0.519422,-2.671801
161.894201,1778663021.050612,1778663020.879997,1,0.303119,0.762821,-0.969000,-11.429469,-0.516917,-2.671223
161.991388,1778663021.147800,1778663020.979671,1,0.301485,0.763543,-0.966671,-11.428111,-0.521459,-2.670373
162.093499,1778663021.249913,1778663021.079646,1,0.300067,0.764405,-0.969713,-11.428184,-0.514053,-2.671549
162.198756,1778663021.355174,1778663021.179662,1,0.301043,0.765122,-0.968306,-11.429709,-0.522830,-2.671892
162.292051,1778663021.448464,1778663021.284299,1,0.325353,0.745493,-0.954630,-11.424449,-0.505328,-2.669890
162.395117,1778663021.551530,1778663021.379772,1,0.300572,0.764732,-0.957168,-11.420149,-0.516264,-2.668251
162.518667,1778663021.675080,1778663021.479650,1,0.308334,0.758055,-0.967794,-11.427144,-0.520237,-2.670903
162.583996,1778663021.740421,1778663021.583671,1,0.309786,0.756310,-0.975565,-11.421679,-0.523745,-2.677301
162.695787,1778663021.852199,1778663021.679647,1,0.296626,0.767833,-0.979659,-11.421947,-0.523061,-2.677816
162.783025,1778663021.939443,1778663021.779655,1,0.295951,0.767077,-0.961054,-11.415706,-0.512353,-2.672866
162.892756,1778663022.049168,1778663021.879661,1,0.296083,0.766868,-0.970673,-11.421556,-0.522279,-2.672801
162.990925,1778663022.147336,1778663021.979668,1,0.299890,0.761737,-0.965274,-11.419652,-0.513336,-2.672383
163.084184,1778663022.240598,1778663022.080042,1,0.308716,0.752480,-0.969533,-11.418981,-0.518348,-2.672327
163.206322,1778663022.362733,1778663022.180203,1,0.299265,0.759754,-0.966401,-11.415845,-0.515435,-2.673524
163.297840,1778663022.454250,1778663022.284131,1,0.326935,0.735373,-0.957683,-11.419147,-0.500324,-2.672087
163.391854,1778663022.548264,1778663022.379687,1,0.298159,0.761905,-0.965343,-11.414530,-0.524941,-2.674150
163.531470,1778663022.687880,1778663022.479684,1,0.304334,0.754944,-0.967353,-11.423647,-0.516814,-2.673187
163.594265,1778663022.750675,1778663022.579693,1,0.298904,0.762224,-0.957335,-11.415566,-0.518561,-2.672735
163.699854,1778663022.856266,1778663022.679961,1,0.295384,0.763030,-0.965788,-11.416980,-0.528063,-2.672857
163.799399,1778663022.955822,1778663022.780035,1,0.298066,0.760644,-0.966096,-11.407512,-0.528056,-2.674820
163.889730,1778663023.046150,1778663022.879791,1,0.295692,0.764390,-0.964531,-11.416866,-0.522769,-2.673349
163.988768,1778663023.145177,1778663022.980014,1,0.309022,0.751771,-0.961868,-11.419204,-0.521704,-2.672194
164.097755,1778663023.254168,1778663023.079805,1,0.301264,0.759709,-0.961960,-11.413281,-0.529700,-2.672817
164.202669,1778663023.359078,1778663023.179706,1,0.301138,0.759948,-0.969092,-11.415601,-0.534311,-2.673531
164.287027,1778663023.443439,1778663023.284133,1,0.327041,0.736801,-0.957981,-11.410501,-0.523873,-2.672427
164.383843,1778663023.540262,1778663023.379712,1,0.299591,0.759595,-0.973799,-11.412858,-0.526452,-2.674661
164.491926,1778663023.648335,1778663023.479947,1,0.305268,0.754659,-0.969268,-11.415629,-0.522645,-2.673631
164.588379,1778663023.744788,1778663023.579715,1,0.297567,0.760838,-0.964925,-11.413919,-0.527149,-2.674197
164.696286,1778663023.852708,1778663023.679735,1,0.299067,0.758826,-0.964969,-11.412259,-0.523774,-2.673636
164.793301,1778663023.949712,1778663023.779717,1,0.303325,0.757135,-0.974077,-11.417238,-0.529378,-2.674469
164.894921,1778663024.051343,1778663023.879710,1,0.302898,0.756612,-0.968901,-11.413774,-0.521906,-2.673967
165.039447,1778663024.195856,1778663023.980034,1,0.301611,0.757809,-0.968972,-11.412417,-0.526941,-2.673566
165.101541,1778663024.257953,1778663024.079745,1,0.303683,0.757875,-0.962466,-11.414208,-0.522798,-2.673883
165.187773,1778663024.344184,1778663024.179758,1,0.296260,0.763766,-0.968977,-11.410768,-0.528574,-2.674332
165.302643,1778663024.459058,1778663024.284160,1,0.328398,0.736578,-0.956748,-11.422636,-0.512362,-2.670278
165.401955,1778663024.558368,1778663024.379730,1,0.299078,0.758676,-0.962910,-11.409005,-0.525731,-2.674041
165.521031,1778663024.677446,1778663024.479918,1,0.305340,0.754360,-0.964262,-11.421346,-0.520054,-2.672682
165.609945,1778663024.766358,1778663024.579866,1,0.303087,0.757867,-0.959576,-11.412597,-0.522302,-2.673312
165.693130,1778663024.849554,1778663024.679754,1,0.304264,0.755338,-0.962904,-11.413848,-0.519059,-2.674048
165.789474,1778663024.945882,1778663024.779801,1,0.300193,0.758179,-0.970711,-11.411256,-0.527333,-2.674449
165.904064,1778663025.060474,1778663024.879783,1,0.308537,0.754027,-0.973587,-11.418711,-0.528561,-2.673757
165.993156,1778663025.149566,1778663024.979743,1,0.306093,0.754337,-0.964515,-11.412634,-0.522126,-2.674351
166.087384,1778663025.243794,1778663025.079726,1,0.301381,0.758516,-0.970099,-11.412607,-0.522053,-2.674455
166.193543,1778663025.349953,1778663025.179731,1,0.304073,0.756330,-0.977215,-11.411071,-0.528010,-2.674858
166.279985,1778663025.436409,1778663025.284572,1,0.323577,0.738987,-0.954900,-11.414034,-0.520330,-2.671536
166.393766,1778663025.550193,1778663025.379724,1,0.299564,0.760438,-0.974632,-11.413283,-0.537585,-2.674875
166.492641,1778663025.649056,1778663025.479956,1,0.296684,0.761918,-0.963068,-11.409929,-0.523565,-2.672955
166.597304,1778663025.753718,1778663025.579730,1,0.309984,0.751921,-0.972279,-11.414550,-0.526545,-2.674103
166.694211,1778663025.850619,1778663025.679786,1,0.304368,0.757000,-0.962468,-11.409768,-0.527867,-2.672662
166.830803,1778663025.987215,1778663025.779889,1,0.303634,0.758348,-0.966326,-11.417423,-0.528420,-2.673759
166.887183,1778663026.043593,1778663025.879739,1,0.301511,0.759628,-0.969534,-11.411263,-0.528852,-2.674588
166.997071,1778663026.153480,1778663025.979800,1,0.304887,0.755879,-0.971099,-11.420632,-0.526979,-2.674501
167.091403,1778663026.247828,1778663026.079751,1,0.305523,0.755859,-0.967509,-11.414707,-0.526185,-2.674046
167.188010,1778663026.344418,1778663026.179737,1,0.301258,0.758636,-0.968138,-11.407697,-0.526817,-2.674033
167.292922,1778663026.449333,1778663026.284329,1,0.328903,0.735959,-0.962986,-11.414434,-0.519915,-2.673042
167.398791,1778663026.555216,1778663026.379739,1,0.304829,0.755659,-0.963282,-11.413080,-0.523139,-2.673109
167.501437,1778663026.657850,1778663026.479777,1,0.304337,0.756475,-0.967930,-11.411720,-0.525544,-2.673316
167.588018,1778663026.744460,1778663026.580076,1,0.308729,0.753835,-0.965726,-11.415514,-0.522342,-2.674065
167.695847,1778663026.852258,1778663026.679745,1,0.298525,0.762388,-0.962713,-11.411965,-0.526598,-2.672937
167.794161,1778663026.950572,1778663026.779753,1,0.301364,0.760215,-0.974109,-11.414021,-0.532664,-2.675430
167.920102,1778663027.076512,1778663026.879776,1,0.302086,0.758231,-0.968536,-11.415147,-0.519552,-2.674557
167.997757,1778663027.154179,1778663026.979830,1,0.302702,0.758123,-0.974246,-11.414165,-0.528928,-2.673850
168.102266,1778663027.258677,1778663027.079948,1,0.296075,0.763780,-0.970062,-11.413920,-0.525446,-2.673391
168.219232,1778663027.375665,1778663027.179858,1,0.307394,0.754187,-0.969109,-11.416445,-0.522981,-2.674360
168.297585,1778663027.453997,1778663027.284219,1,0.325526,0.738464,-0.958030,-11.410726,-0.514139,-2.672209
168.396680,1778663027.553090,1778663027.379878,1,0.300165,0.762412,-0.969652,-11.417877,-0.527390,-2.674454
168.496517,1778663027.652928,1778663027.480119,1,0.306413,0.753821,-0.961886,-11.414877,-0.520587,-2.672509
168.625350,1778663027.781763,1778663027.579786,1,0.307512,0.754307,-0.967829,-11.414023,-0.526743,-2.673661
168.729630,1778663027.886039,1778663027.679839,1,0.307873,0.755181,-0.961002,-11.413393,-0.518820,-2.672405
168.796341,1778663027.952753,1778663027.779904,1,0.296097,0.760973,-0.963519,-11.409073,-0.522019,-2.673828
168.889827,1778663028.046239,1778663027.880095,1,0.299406,0.759584,-0.964700,-11.410297,-0.524982,-2.674114
168.987369,1778663028.143777,1778663027.979790,1,0.308881,0.752320,-0.968202,-11.416265,-0.519851,-2.673972
169.099457,1778663028.255870,1778663028.079946,1,0.307724,0.753655,-0.965081,-11.414318,-0.521582,-2.673070
169.198483,1778663028.354895,1778663028.179912,1,0.312066,0.750109,-0.968650,-11.417810,-0.516761,-2.674105
169.292243,1778663028.448655,1778663028.284269,1,0.334708,0.731849,-0.962054,-11.413797,-0.518411,-2.673031
169.390753,1778663028.547163,1778663028.380863,1,0.300466,0.760809,-0.974339,-11.416655,-0.533479,-2.674111
169.494453,1778663028.650866,1778663028.480049,1,0.296108,0.764842,-0.961326,-11.413590,-0.524941,-2.672464
169.596363,1778663028.752782,1778663028.579774,1,0.300577,0.759983,-0.968776,-11.412083,-0.527070,-2.674075
169.687351,1778663028.843774,1778663028.679792,1,0.304004,0.758295,-0.967470,-11.413439,-0.527933,-2.674219
169.786502,1778663028.942913,1778663028.779814,1,0.304623,0.756129,-0.958396,-11.408865,-0.523668,-2.672053
169.891938,1778663029.048349,1778663028.879910,1,0.303723,0.757646,-0.957173,-11.411511,-0.523393,-2.673236
169.985121,1778663029.141530,1778663028.980094,1,0.302822,0.758710,-0.967807,-11.413400,-0.521833,-2.674338
170.082457,1778663029.238868,1778663029.079792,1,0.298365,0.761504,-0.963693,-11.412629,-0.519741,-2.674018
170.199351,1778663029.355760,1778663029.179812,1,0.306462,0.752996,-0.966650,-11.417288,-0.522198,-2.672400
170.287604,1778663029.444013,1778663029.284478,1,0.330945,0.734312,-0.966082,-11.414853,-0.520606,-2.673632
170.395041,1778663029.551456,1778663029.379801,1,0.302962,0.755924,-0.968702,-11.414300,-0.519387,-2.674047
170.485449,1778663029.641860,1778663029.479924,1,0.306660,0.754889,-0.968715,-11.414237,-0.524787,-2.673353
170.592523,1778663029.748935,1778663029.581996,1,0.305885,0.755456,-0.955835,-11.411263,-0.510359,-2.672646
170.688112,1778663029.844518,1778663029.679947,1,0.306689,0.754139,-0.959962,-11.409904,-0.520322,-2.672804
170.840142,1778663029.996550,1778663029.779793,1,0.299080,0.761365,-0.956750,-11.411433,-0.521320,-2.673308
170.892899,1778663030.049309,1778663029.879817,1,0.304818,0.758255,-0.967405,-11.412107,-0.530305,-2.673631
170.995250,1778663030.151675,1778663029.979836,1,0.306134,0.753956,-0.966620,-11.420399,-0.523376,-2.673108
171.102566,1778663030.258983,1778663030.080349,1,0.302156,0.758023,-0.962576,-11.410793,-0.515472,-2.674266
171.189403,1778663030.345837,1778663030.179836,1,0.304990,0.757589,-0.969110,-11.410968,-0.520110,-2.674752
171.285899,1778663030.442311,1778663030.284298,1,0.327134,0.737065,-0.960185,-11.413474,-0.515726,-2.673944
171.390253,1778663030.546665,1778663030.380385,1,0.315557,0.743943,-0.966198,-11.422213,-0.511757,-2.672774
171.490871,1778663030.647286,1778663030.479824,1,0.301411,0.758846,-0.958435,-11.411808,-0.518442,-2.673899
171.628510,1778663030.784917,1778663030.579943,1,0.298390,0.762695,-0.961721,-11.414691,-0.531977,-2.672058
171.693268,1778663030.849677,1778663030.680289,1,0.299040,0.760873,-0.970568,-11.411714,-0.534500,-2.674158
171.794628,1778663030.951047,1778663030.779918,1,0.303404,0.757091,-0.971246,-11.418648,-0.526606,-2.673417
171.881776,1778663031.038188,1778663030.879834,1,0.300709,0.760082,-0.967109,-11.412035,-0.532269,-2.673186
172.015289,1778663031.171705,1778663030.979824,1,0.298924,0.762329,-0.964281,-11.411431,-0.523600,-2.673350
172.096368,1778663031.252785,1778663031.080357,1,0.307158,0.755342,-0.972585,-11.413025,-0.522850,-2.675218
172.188492,1778663031.344901,1778663031.179855,1,0.304394,0.754684,-0.961353,-11.413809,-0.522289,-2.671932
172.288835,1778663031.445244,1778663031.284294,1,0.324161,0.739158,-0.953883,-11.415009,-0.508667,-2.673217
172.387671,1778663031.544081,1778663031.379853,1,0.304200,0.755591,-0.960045,-11.408028,-0.518808,-2.673675
172.492325,1778663031.648733,1778663031.479861,1,0.302299,0.758516,-0.968852,-11.413905,-0.524200,-2.673957
172.595490,1778663031.751903,1778663031.579921,1,0.305894,0.754739,-0.966276,-11.413453,-0.521896,-2.673396
172.692853,1778663031.849266,1778663031.679862,1,0.303182,0.756016,-0.969438,-11.414307,-0.522697,-2.674681
172.796825,1778663031.953234,1778663031.780206,1,0.297069,0.761822,-0.963059,-11.409237,-0.529578,-2.673333
172.893802,1778663032.050214,1778663031.879862,1,0.302031,0.758741,-0.963519,-11.412589,-0.525808,-2.673292
173.000945,1778663032.157355,1778663031.980179,1,0.311479,0.751883,-0.970739,-11.414643,-0.526117,-2.673513
173.092706,1778663032.249119,1778663032.079890,1,0.306589,0.755734,-0.962821,-11.415298,-0.522567,-2.672394
173.217605,1778663032.374037,1778663032.180079,1,0.299283,0.759941,-0.958430,-11.406561,-0.518012,-2.674503
173.285278,1778663032.441689,1778663032.284603,1,0.330481,0.734013,-0.960236,-11.415077,-0.507408,-2.671967
173.394331,1778663032.550744,1778663032.379886,1,0.312586,0.749025,-0.968383,-11.419177,-0.518650,-2.673086
173.492038,1778663032.648449,1778663032.479990,1,0.299078,0.760927,-0.968122,-11.415973,-0.528458,-2.673388
173.592151,1778663032.748561,1778663032.579885,1,0.302264,0.757736,-0.967461,-11.413636,-0.526000,-2.674611
173.691208,1778663032.847618,1778663032.679880,1,0.300680,0.760518,-0.965021,-11.413709,-0.527679,-2.672828
173.790911,1778663032.947321,1778663032.779927,1,0.300178,0.760117,-0.963051,-11.413645,-0.520961,-2.673252
173.898794,1778663033.055210,1778663032.879868,1,0.307450,0.753909,-0.967551,-11.417727,-0.521126,-2.673468
173.997613,1778663033.154026,1778663032.979909,1,0.301096,0.760497,-0.964869,-11.413209,-0.525435,-2.672052
174.081822,1778663033.238233,1778663033.080153,1,0.299151,0.761981,-0.966469,-11.413540,-0.524454,-2.672909
174.192725,1778663033.349135,1778663033.179883,1,0.304350,0.756287,-0.968721,-11.414186,-0.523021,-2.674275
174.283194,1778663033.439607,1778663033.284959,1,0.334276,0.730117,-0.963231,-11.420796,-0.505824,-2.672233
174.397275,1778663033.553687,1778663033.379872,1,0.305633,0.754567,-0.958672,-11.410973,-0.513674,-2.672961
174.480809,1778663033.637226,1778663033.479895,1,0.308697,0.752864,-0.962417,-11.411662,-0.512078,-2.674227
174.644501,1778663033.800910,1778663033.579883,1,0.306722,0.755012,-0.974300,-11.419989,-0.521136,-2.673732
174.694665,1778663033.851082,1778663033.679897,1,0.303610,0.757736,-0.967976,-11.412135,-0.524728,-2.673547
174.780136,1778663033.936547,1778663033.779884,1,0.303944,0.756410,-0.963555,-11.414071,-0.523635,-2.671076
174.885282,1778663034.041692,1778663033.879902,1,0.296374,0.763350,-0.959298,-11.412868,-0.522929,-2.673321
175.018975,1778663034.175386,1778663033.979916,1,0.302189,0.757580,-0.971471,-11.417263,-0.524680,-2.674248
175.083309,1778663034.239721,1778663034.079907,1,0.301918,0.758756,-0.970525,-11.417400,-0.519982,-2.673958
175.190825,1778663034.347235,1778663034.179900,1,0.301984,0.757766,-0.968740,-11.415190,-0.519708,-2.673716
175.288334,1778663034.444741,1778663034.284457,1,0.323858,0.740822,-0.957583,-11.415446,-0.515968,-2.671720
175.387894,1778663034.544309,1778663034.379890,1,0.299389,0.759994,-0.965880,-11.411710,-0.518852,-2.674333
175.503491,1778663034.659903,1778663034.479932,1,0.304955,0.757532,-0.972652,-11.415514,-0.525893,-2.673602
175.584056,1778663034.740471,1778663034.579975,1,0.302506,0.758214,-0.960880,-11.415367,-0.520689,-2.671738
175.703616,1778663034.860036,1778663034.680295,1,0.303446,0.757792,-0.970995,-11.414426,-0.523461,-2.674136
175.800364,1778663034.956786,1778663034.780001,1,0.301238,0.759278,-0.970987,-11.415080,-0.522531,-2.674475
175.891165,1778663035.047573,1778663034.879885,1,0.305809,0.756037,-0.968831,-11.412888,-0.525582,-2.672362
176.003828,1778663035.160239,1778663034.980216,1,0.300148,0.761255,-0.966848,-11.417079,-0.526155,-2.672379
176.126210,1778663035.282621,1778663035.079981,1,0.294248,0.767099,-0.963392,-11.414747,-0.522814,-2.673323
176.190396,1778663035.346806,1778663035.180258,1,0.297666,0.762926,-0.969505,-11.419393,-0.520949,-2.673447
176.283486,1778663035.439901,1778663035.284429,1,0.321395,0.742731,-0.961874,-11.418822,-0.514671,-2.672318
176.406522,1778663035.562932,1778663035.379945,1,0.306389,0.754156,-0.971655,-11.417897,-0.518262,-2.673852
176.494014,1778663035.650425,1778663035.479944,1,0.303287,0.754766,-0.964117,-11.413717,-0.517370,-2.674024
176.594005,1778663035.750414,1778663035.580348,1,0.302247,0.759597,-0.963466,-11.411697,-0.524439,-2.672361
176.690088,1778663035.846497,1778663035.680075,1,0.300393,0.760082,-0.965399,-11.412855,-0.523460,-2.672835
176.789764,1778663035.946173,1778663035.779937,1,0.298501,0.761369,-0.960164,-11.415873,-0.514635,-2.673778
176.883382,1778663036.039793,1778663035.879991,1,0.303345,0.757466,-0.969195,-11.413644,-0.520314,-2.673445
176.993999,1778663036.150415,1778663035.979958,1,0.303960,0.756796,-0.969762,-11.418911,-0.524598,-2.673051
177.092880,1778663036.249290,1778663036.079939,1,0.298481,0.763142,-0.968309,-11.418954,-0.525770,-2.672965
177.187762,1778663036.344171,1778663036.179963,1,0.298666,0.760777,-0.965930,-11.415488,-0.518595,-2.673288
177.287352,1778663036.443761,1778663036.284446,1,0.323376,0.740198,-0.961247,-11.418440,-0.507627,-2.672216
177.392689,1778663036.549098,1778663036.379949,1,0.299187,0.759726,-0.961489,-11.412206,-0.521380,-2.672737
177.495542,1778663036.651954,1778663036.479957,1,0.302795,0.757519,-0.969821,-11.412292,-0.520543,-2.673954
177.616930,1778663036.773348,1778663036.580286,1,0.305514,0.757022,-0.965791,-11.415126,-0.524930,-2.673521
177.684664,1778663036.841075,1778663036.679955,1,0.302016,0.759536,-0.969739,-11.415171,-0.520754,-2.674021
177.812792,1778663036.969202,1778663036.779955,1,0.303326,0.758202,-0.970074,-11.412843,-0.526463,-2.673658
177.920481,1778663037.076897,1778663036.879977,1,0.298654,0.762224,-0.968259,-11.412679,-0.522389,-2.673506
177.995028,1778663037.151435,1778663036.979949,1,0.305899,0.757027,-0.966638,-11.417521,-0.526120,-2.672689
178.098659,1778663037.255071,1778663037.079967,1,0.300911,0.759771,-0.964892,-11.417147,-0.521158,-2.673205
178.201647,1778663037.358060,1778663037.179967,1,0.298330,0.761919,-0.964898,-11.411793,-0.523533,-2.672852
178.294773,1778663037.451181,1778663037.284501,1,0.324383,0.739664,-0.962526,-11.411922,-0.516113,-2.672524
178.395725,1778663037.552136,1778663037.380606,1,0.297977,0.761355,-0.963715,-11.414861,-0.517537,-2.673294
178.497689,1778663037.654101,1778663037.479959,1,0.302971,0.759031,-0.966233,-11.414357,-0.524809,-2.673496
178.604254,1778663037.760666,1778663037.580422,1,0.301280,0.757802,-0.966147,-11.415917,-0.517432,-2.673821
178.699740,1778663037.856150,1778663037.679968,1,0.302639,0.757193,-0.972272,-11.416555,-0.522549,-2.674447
178.788256,1778663037.944671,1778663037.779946,1,0.293559,0.766347,-0.964891,-11.413628,-0.524888,-2.673104
178.889251,1778663038.045666,1778663037.879966,1,0.296934,0.762930,-0.968638,-11.417224,-0.526858,-2.674283
178.983898,1778663038.140311,1778663037.980089,1,0.296350,0.763234,-0.967224,-11.410574,-0.526876,-2.674106
179.083457,1778663038.239872,1778663038.080194,1,0.297030,0.762281,-0.970656,-11.414096,-0.523037,-2.673399
179.190940,1778663038.347351,1778663038.180194,1,0.295159,0.764369,-0.973061,-11.413981,-0.530778,-2.673878
179.293869,1778663038.450278,1778663038.284461,1,0.320870,0.743658,-0.957812,-11.415734,-0.512952,-2.671680
179.392511,1778663038.548919,1778663038.380181,1,0.300966,0.760229,-0.967525,-11.417631,-0.523325,-2.673103
179.495805,1778663038.652217,1778663038.479981,1,0.298744,0.761190,-0.965315,-11.409750,-0.522676,-2.673873
179.596954,1778663038.753364,1778663038.580005,1,0.298751,0.760673,-0.965773,-11.413065,-0.520815,-2.674054
179.691733,1778663038.848181,1778663038.679985,1,0.301007,0.760006,-0.966880,-11.416909,-0.524530,-2.673086
179.810596,1778663038.967009,1778663038.779993,1,0.302580,0.758187,-0.962462,-11.414104,-0.527049,-2.672340
179.886352,1778663039.043181,1778663038.880001,1,0.298860,0.761050,-0.965024,-11.414165,-0.522995,-2.673458
180.010563,1778663039.166980,1778663038.979972,1,0.296963,0.762401,-0.966741,-11.410867,-0.518693,-2.674078
180.091026,1778663039.247440,1778663039.079991,1,0.302523,0.758339,-0.970717,-11.412333,-0.516257,-2.675344
180.208748,1778663039.365157,1778663039.180340,1,0.306303,0.753600,-0.965194,-11.412842,-0.520198,-2.673313
180.318769,1778663039.475180,1778663039.284472,1,0.329439,0.734520,-0.952198,-11.414303,-0.506593,-2.671035
180.427297,1778663039.583706,1778663039.380069,1,0.302323,0.757103,-0.966127,-11.412404,-0.524405,-2.673801
180.491863,1778663039.648276,1778663039.479995,1,0.299793,0.758550,-0.966719,-11.411453,-0.522248,-2.673489
180.603657,1778663039.760067,1778663039.580019,1,0.297341,0.762553,-0.962837,-11.413549,-0.527139,-2.672484
180.681675,1778663039.838098,1778663039.680006,1,0.294862,0.763269,-0.969120,-11.414359,-0.527251,-2.674179
180.784042,1778663039.940455,1778663039.780035,1,0.297061,0.762912,-0.966033,-11.412330,-0.520862,-2.674663
180.887335,1778663040.043742,1778663039.880021,1,0.293018,0.765545,-0.971554,-11.418877,-0.524178,-2.674286
180.992472,1778663040.148881,1778663039.980217,1,0.296514,0.763527,-0.970977,-11.413424,-0.528912,-2.673784
181.086693,1778663040.243112,1778663040.080116,1,0.295606,0.763559,-0.974302,-11.418534,-0.527035,-2.674555
181.203182,1778663040.359599,1778663040.180227,1,0.299095,0.761317,-0.970398,-11.414119,-0.520838,-2.674225
181.280293,1778663040.436713,1778663040.284832,1,0.323774,0.741053,-0.959501,-11.414351,-0.519338,-2.671782
181.390136,1778663040.546545,1778663040.380030,1,0.298538,0.761473,-0.970125,-11.411813,-0.529133,-2.674430
181.495270,1778663040.651682,1778663040.480054,1,0.298292,0.762334,-0.967132,-11.413889,-0.523582,-2.673086
181.587729,1778663040.744142,1778663040.580053,1,0.297266,0.763972,-0.967286,-11.413788,-0.527542,-2.673772
181.734350,1778663040.890763,1778663040.680166,1,0.301767,0.759411,-0.967199,-11.413790,-0.526214,-2.672667
181.792289,1778663040.948699,1778663040.780020,1,0.297790,0.761828,-0.966053,-11.412393,-0.520500,-2.674479
181.914823,1778663041.071233,1778663040.880076,1,0.305064,0.756986,-0.966257,-11.411521,-0.523531,-2.672988
181.990106,1778663041.146515,1778663040.980324,1,0.303358,0.758178,-0.958777,-11.411915,-0.518791,-2.671695
182.089869,1778663041.246278,1778663041.080046,1,0.297112,0.762935,-0.967016,-11.416492,-0.523098,-2.673592
182.189461,1778663041.345868,1778663041.180055,1,0.296641,0.763594,-0.969633,-11.419176,-0.519232,-2.674656
182.286871,1778663041.443301,1778663041.285023,1,0.320570,0.742708,-0.959238,-11.417272,-0.505311,-2.672446
182.392322,1778663041.548729,1778663041.380041,1,0.307356,0.752254,-0.964130,-11.420271,-0.513407,-2.671379
182.484651,1778663041.641059,1778663041.480431,1,0.297622,0.760621,-0.965849,-11.414659,-0.511993,-2.673283
182.595215,1778663041.751651,1778663041.580036,1,0.304484,0.756622,-0.966464,-11.422956,-0.514434,-2.673499
182.739289,1778663041.895701,1778663041.680042,1,0.294638,0.764955,-0.962605,-11.416759,-0.514551,-2.674299
182.801023,1778663041.957439,1778663041.780606,1,0.294498,0.765520,-0.964086,-11.412378,-0.516694,-2.674212
182.887271,1778663042.043680,1778663041.880035,1,0.297662,0.760698,-0.966950,-11.417844,-0.517862,-2.673067
183.000085,1778663042.156494,1778663041.980050,1,0.298774,0.760648,-0.973594,-11.421197,-0.527291,-2.673403
183.090343,1778663042.246756,1778663042.080058,1,0.296629,0.762115,-0.968911,-11.418408,-0.520335,-2.674050
183.188012,1778663042.344422,1778663042.181941,1,0.295822,0.765168,-0.966611,-11.412958,-0.521651,-2.673929
183.295926,1778663042.452339,1778663042.284517,1,0.324570,0.739234,-0.966113,-11.418446,-0.513362,-2.672321
183.397956,1778663042.554373,1778663042.380764,1,0.297301,0.763038,-0.973684,-11.421551,-0.524382,-2.673515
183.493798,1778663042.650208,1778663042.480065,1,0.296573,0.763301,-0.963759,-11.414622,-0.528033,-2.673081
183.590036,1778663042.746445,1778663042.580066,1,0.297162,0.762829,-0.968861,-11.420447,-0.514618,-2.673708
183.689250,1778663042.845659,1778663042.680067,1,0.295874,0.761068,-0.963981,-11.412336,-0.519789,-2.673254
183.788043,1778663042.944452,1778663042.780138,1,0.296758,0.762697,-0.973992,-11.418922,-0.528669,-2.672787
183.916368,1778663043.072780,1778663042.880106,1,0.295048,0.764870,-0.964275,-11.413704,-0.517655,-2.673810
183.989935,1778663043.146347,1778663042.980076,1,0.297857,0.760417,-0.961460,-11.417393,-0.517922,-2.672691
184.086920,1778663043.243335,1778663043.080325,1,0.297338,0.761253,-0.968006,-11.416965,-0.515112,-2.673202
184.233535,1778663043.389946,1778663043.180234,1,0.299493,0.761835,-0.971578,-11.417470,-0.523606,-2.673521
184.313115,1778663043.469525,1778663043.284523,1,0.322170,0.743573,-0.962325,-11.417296,-0.516238,-2.672989
184.392264,1778663043.548674,1778663043.380090,1,0.299080,0.762647,-0.971879,-11.415998,-0.525114,-2.673677
184.495931,1778663043.652340,1778663043.480058,1,0.299443,0.760997,-0.969036,-11.417427,-0.513858,-2.674116
184.619820,1778663043.776233,1778663043.580080,1,0.297578,0.761940,-0.967355,-11.415712,-0.515385,-2.673323
184.687157,1778663043.843571,1778663043.680074,1,0.299528,0.759197,-0.967721,-11.417448,-0.515722,-2.673673
184.782733,1778663043.939152,1778663043.780039,1,0.295042,0.765287,-0.968359,-11.415795,-0.518577,-2.674058
184.897934,1778663044.054344,1778663043.880082,1,0.299828,0.760442,-0.963027,-11.417188,-0.521457,-2.673217
184.984800,1778663044.141212,1778663043.980118,1,0.298070,0.761140,-0.967697,-11.416643,-0.526225,-2.672744
185.085145,1778663044.241556,1778663044.080110,1,0.297535,0.764359,-0.971852,-11.420506,-0.527902,-2.673099
185.191560,1778663044.347979,1778663044.180382,1,0.296943,0.762734,-0.967649,-11.414607,-0.522810,-2.673275
185.286351,1778663044.442763,1778663044.284547,1,0.315671,0.746885,-0.965585,-11.419361,-0.506786,-2.674159
185.389531,1778663044.545944,1778663044.380021,1,0.294728,0.764766,-0.963643,-11.412881,-0.521052,-2.672743
185.491863,1778663044.648276,1778663044.480940,1,0.296874,0.763976,-0.972605,-11.416397,-0.524674,-2.674045
185.602425,1778663044.758836,1778663044.580653,1,0.303499,0.759221,-0.971464,-11.420864,-0.517890,-2.673919
185.689114,1778663044.845525,1778663044.680140,1,0.301948,0.757310,-0.963454,-11.412127,-0.516567,-2.673405
185.805060,1778663044.961474,1778663044.780118,1,0.296569,0.765412,-0.974562,-11.417485,-0.526650,-2.674468
185.898960,1778663045.055372,1778663044.880595,1,0.295435,0.764302,-0.961730,-11.411984,-0.521359,-2.673420
185.985671,1778663045.142080,1778663044.980139,1,0.299858,0.760496,-0.972042,-11.414078,-0.526700,-2.674368
186.082325,1778663045.238736,1778663045.080044,1,0.300709,0.760497,-0.969299,-11.418060,-0.523241,-2.673033
186.191103,1778663045.347511,1778663045.180130,1,0.296775,0.762816,-0.969807,-11.420414,-0.521547,-2.673949
186.313313,1778663045.469725,1778663045.284619,1,0.321030,0.741797,-0.962125,-11.413657,-0.515069,-2.673307
186.383590,1778663045.540001,1778663045.382729,1,0.298034,0.761445,-0.970144,-11.416498,-0.519989,-2.674253
186.489570,1778663045.645979,1778663045.480353,1,0.299239,0.759047,-0.968419,-11.415785,-0.519654,-2.673697
186.619616,1778663045.776026,1778663045.580433,1,0.296299,0.764697,-0.968591,-11.414906,-0.519057,-2.673684
186.688787,1778663045.845196,1778663045.680295,1,0.299883,0.760363,-0.968060,-11.417812,-0.519705,-2.673120
186.795716,1778663045.952131,1778663045.780191,1,0.297111,0.763862,-0.973242,-11.419977,-0.517134,-2.674789
186.895914,1778663046.052328,1778663045.880124,1,0.298721,0.762536,-0.971178,-11.416676,-0.530304,-2.673631
186.991282,1778663046.147692,1778663045.980147,1,0.296746,0.761877,-0.963449,-11.414918,-0.522369,-2.673438
187.104137,1778663046.260549,1778663046.080443,1,0.294931,0.766317,-0.969866,-11.412621,-0.532172,-2.673312
187.188978,1778663046.345389,1778663046.180605,1,0.295902,0.764922,-0.970461,-11.416531,-0.532056,-2.672975
187.301119,1778663046.457531,1778663046.284778,1,0.318707,0.745397,-0.959144,-11.417301,-0.508989,-2.672052
187.395179,1778663046.551591,1778663046.380202,1,0.301183,0.759492,-0.964088,-11.415113,-0.522949,-2.673082
187.492707,1778663046.649117,1778663046.480541,1,0.296110,0.763234,-0.963876,-11.413717,-0.513967,-2.674208
187.586641,1778663046.743048,1778663046.580132,1,0.294430,0.765753,-0.968207,-11.413813,-0.519553,-2.673860
187.699555,1778663046.855969,1778663046.680123,1,0.302499,0.758143,-0.970438,-11.417645,-0.522530,-2.673708
187.817645,1778663046.974056,1778663046.780425,1,0.296399,0.763173,-0.961235,-11.408031,-0.517668,-2.674276
187.884632,1778663047.041047,1778663046.880152,1,0.311937,0.749421,-0.966688,-11.421352,-0.508637,-2.673109
187.982842,1778663047.139253,1778663046.980226,1,0.298042,0.760094,-0.958399,-11.413571,-0.515048,-2.673010
188.083544,1778663047.239952,1778663047.080311,1,0.301458,0.758314,-0.966682,-11.414625,-0.521385,-2.673402
188.199531,1778663047.355941,1778663047.180079,1,0.299713,0.757057,-0.963822,-11.413872,-0.508660,-2.673916
188.285361,1778663047.441768,1778663047.285142,1,0.324012,0.741251,-0.957884,-11.417859,-0.507921,-2.672820
188.399922,1778663047.556334,1778663047.380147,1,0.296511,0.763096,-0.969808,-11.417336,-0.516942,-2.673284
188.496728,1778663047.653141,1778663047.480195,1,0.296713,0.762900,-0.967879,-11.417958,-0.530040,-2.673348
188.594754,1778663047.751163,1778663047.580220,1,0.296505,0.763208,-0.972638,-11.418420,-0.529769,-2.673382
188.729626,1778663047.886042,1778663047.680512,1,0.294137,0.766560,-0.968207,-11.410680,-0.525785,-2.674268
188.791217,1778663047.947646,1778663047.780174,1,0.295921,0.765495,-0.964206,-11.414634,-0.521294,-2.673713
188.920616,1778663048.077025,1778663047.880572,1,0.298664,0.759800,-0.970737,-11.413396,-0.521701,-2.673244
188.991668,1778663048.148077,1778663047.980199,1,0.298021,0.764096,-0.971734,-11.416290,-0.528186,-2.673694
189.115841,1778663048.272258,1778663048.080667,1,0.295088,0.765094,-0.966836,-11.418177,-0.520290,-2.673090
189.189572,1778663048.345987,1778663048.180227,1,0.298679,0.762977,-0.969893,-11.415992,-0.527230,-2.672945
189.285343,1778663048.441754,1778663048.284645,1,0.318594,0.745941,-0.963964,-11.419725,-0.521081,-2.673245
189.417380,1778663048.573791,1778663048.380172,1,0.300223,0.761146,-0.967838,-11.414492,-0.517718,-2.673991
189.493637,1778663048.650050,1778663048.480479,1,0.294615,0.763480,-0.965862,-11.415680,-0.515866,-2.674532
189.597306,1778663048.753719,1778663048.580619,1,0.307963,0.753790,-0.963485,-11.419127,-0.506033,-2.672195
189.690194,1778663048.846604,1778663048.680205,1,0.300054,0.760012,-0.966767,-11.415783,-0.514505,-2.673996
189.794544,1778663048.950953,1778663048.780191,1,0.301190,0.759259,-0.971064,-11.421507,-0.520236,-2.673937
189.888125,1778663049.044541,1778663048.880219,1,0.300001,0.759508,-0.963241,-11.411804,-0.523413,-2.672712
189.994374,1778663049.150786,1778663048.980183,1,0.294334,0.763942,-0.960413,-11.408644,-0.517917,-2.672597
190.091769,1778663049.248185,1778663049.080184,1,0.297447,0.763070,-0.970508,-11.415540,-0.524889,-2.674695
190.193332,1778663049.349741,1778663049.180195,1,0.300095,0.762709,-0.975879,-11.416983,-0.526038,-2.674860
190.287282,1778663049.443691,1778663049.285256,1,0.322909,0.741234,-0.965393,-11.415414,-0.516501,-2.673137
190.393785,1778663049.550196,1778663049.380206,1,0.298087,0.761018,-0.962078,-11.413920,-0.516036,-2.672911
190.499025,1778663049.655443,1778663049.480182,1,0.301891,0.760035,-0.972008,-11.416633,-0.524325,-2.674074
190.584614,1778663049.741029,1778663049.580346,1,0.295287,0.765609,-0.972111,-11.422360,-0.524014,-2.673578
190.688567,1778663049.844978,1778663049.680609,1,0.296703,0.761891,-0.971440,-11.418490,-0.517940,-2.674226
190.796037,1778663049.952446,1778663049.780367,1,0.299931,0.760904,-0.973490,-11.414594,-0.522438,-2.674207
190.888335,1778663050.044744,1778663049.880244,1,0.294235,0.765195,-0.961309,-11.411063,-0.525072,-2.672727
191.009941,1778663050.166350,1778663049.980220,1,0.296941,0.763043,-0.966747,-11.415448,-0.522138,-2.673498
191.093877,1778663050.250284,1778663050.080274,1,0.298307,0.762912,-0.973279,-11.417986,-0.521032,-2.674084
191.190732,1778663050.347142,1778663050.180307,1,0.297567,0.761327,-0.969059,-11.416378,-0.518801,-2.674466
191.292220,1778663050.448628,1778663050.284662,1,0.324752,0.739385,-0.958289,-11.417562,-0.509347,-2.671926
191.400002,1778663050.556414,1778663050.380218,1,0.299323,0.761316,-0.970814,-11.415721,-0.522012,-2.673722
191.492378,1778663050.648789,1778663050.480344,1,0.301940,0.758179,-0.970283,-11.416375,-0.526034,-2.673010
191.594923,1778663050.751335,1778663050.580206,1,0.295936,0.764240,-0.968526,-11.415893,-0.525416,-2.674620
191.694065,1778663050.850473,1778663050.680455,1,0.295035,0.765226,-0.963555,-11.414632,-0.520367,-2.674107
191.794023,1778663050.950434,1778663050.780323,1,0.297605,0.762623,-0.968595,-11.414254,-0.523205,-2.672330
191.928373,1778663051.084785,1778663050.880250,1,0.304171,0.755290,-0.969385,-11.417662,-0.522322,-2.674865
191.988125,1778663051.144533,1778663050.980247,1,0.299446,0.759849,-0.965825,-11.410192,-0.520769,-2.674313
192.090478,1778663051.246890,1778663051.080375,1,0.297323,0.762093,-0.972713,-11.420716,-0.533209,-2.673834
192.191074,1778663051.347494,1778663051.180225,1,0.295984,0.764526,-0.965706,-11.408648,-0.528630,-2.674267
192.304903,1778663051.461320,1778663051.284761,1,0.323759,0.742721,-0.960494,-11.416160,-0.518260,-2.671841
192.387996,1778663051.544418,1778663051.380610,1,0.300678,0.759719,-0.968584,-11.418999,-0.524662,-2.672667
192.500592,1778663051.657003,1778663051.481091,1,0.293561,0.764946,-0.971980,-11.418005,-0.518483,-2.674743
192.603200,1778663051.759613,1778663051.580367,1,0.296857,0.761550,-0.976251,-11.418248,-0.522470,-2.674553
192.690640,1778663051.847048,1778663051.680243,1,0.300290,0.760206,-0.972356,-11.416630,-0.517645,-2.673856
192.788427,1778663051.944835,1778663051.780242,1,0.300167,0.759389,-0.957464,-11.408189,-0.521862,-2.672731
192.895405,1778663052.051828,1778663051.880708,1,0.298746,0.761170,-0.972308,-11.417786,-0.521188,-2.674335
192.991942,1778663052.148350,1778663051.980271,1,0.301392,0.759601,-0.968420,-11.418914,-0.522108,-2.673791
193.093896,1778663052.250307,1778663052.080292,1,0.299729,0.760927,-0.960684,-11.410707,-0.514326,-2.673900
193.189266,1778663052.345675,1778663052.180978,1,0.296450,0.762600,-0.959797,-11.410233,-0.524537,-2.673044
193.292520,1778663052.448930,1778663052.285056,1,0.325716,0.739262,-0.956247,-11.417985,-0.510944,-2.672537
193.394481,1778663052.550893,1778663052.380249,1,0.304105,0.754503,-0.962699,-11.413268,-0.515355,-2.672887
193.523584,1778663052.679999,1778663052.480590,1,0.302011,0.758027,-0.965092,-11.414059,-0.509129,-2.674118
193.638275,1778663052.794689,1778663052.580264,1,0.302740,0.758671,-0.965749,-11.416535,-0.513887,-2.673037
193.686404,1778663052.842812,1778663052.680265,1,0.301830,0.758717,-0.970828,-11.418227,-0.522790,-2.674264
193.790892,1778663052.947301,1778663052.780531,1,0.300461,0.761682,-0.965068,-11.416068,-0.516499,-2.673869
193.890398,1778663053.046805,1778663052.880247,1,0.302147,0.757037,-0.966742,-11.414938,-0.519329,-2.673776
193.998508,1778663053.154917,1778663052.980264,1,0.296721,0.762632,-0.971496,-11.421438,-0.528151,-2.673195
194.091395,1778663053.247804,1778663053.080446,1,0.299048,0.761641,-0.971152,-11.417931,-0.521569,-2.672863
194.185957,1778663053.342369,1778663053.180273,1,0.294667,0.765023,-0.962611,-11.410166,-0.523412,-2.673718
194.297980,1778663053.454392,1778663053.284770,1,0.318052,0.747998,-0.963046,-11.415533,-0.518046,-2.672661
194.386669,1778663053.543076,1778663053.380338,1,0.300759,0.760438,-0.967439,-11.416423,-0.522677,-2.673728
194.497301,1778663053.653713,1778663053.480323,1,0.294840,0.763085,-0.969018,-11.412971,-0.528987,-2.673131
194.587701,1778663053.744113,1778663053.580545,1,0.298549,0.763278,-0.973318,-11.417418,-0.521745,-2.675820
194.704356,1778663053.860767,1778663053.680605,1,0.299034,0.761675,-0.968835,-11.419282,-0.525131,-2.673239
194.787611,1778663053.944019,1778663053.780399,1,0.296750,0.763873,-0.965632,-11.412441,-0.525411,-2.672971
194.896468,1778663054.052878,1778663053.880281,1,0.297211,0.762870,-0.966233,-11.413517,-0.523366,-2.673465
194.992168,1778663054.148588,1778663053.980455,1,0.296867,0.763767,-0.972810,-11.418846,-0.525045,-2.674280
195.102305,1778663054.258722,1778663054.080529,1,0.299278,0.760417,-0.965961,-11.413568,-0.519999,-2.673328
195.183560,1778663054.339968,1778663054.180349,1,0.297618,0.764403,-0.966857,-11.415566,-0.521982,-2.673512
195.282023,1778663054.438436,1778663054.285245,1,0.317493,0.746711,-0.953003,-11.413082,-0.509086,-2.671378
195.396359,1778663054.552770,1778663054.380297,1,0.295795,0.764405,-0.966839,-11.416205,-0.528112,-2.672301
195.498982,1778663054.655394,1778663054.480398,1,0.298285,0.762044,-0.968107,-11.416514,-0.522511,-2.672636
195.587431,1778663054.743844,1778663054.580839,1,0.300854,0.759709,-0.970369,-11.414347,-0.524099,-2.673908
195.699634,1778663054.856051,1778663054.680586,1,0.303598,0.755716,-0.976003,-11.423985,-0.512316,-2.674810
195.795012,1778663054.951426,1778663054.780287,1,0.297603,0.761137,-0.959320,-11.416714,-0.510854,-2.673602
195.886847,1778663055.043254,1778663054.880461,1,0.299388,0.762489,-0.966104,-11.416964,-0.517399,-2.672599
196.000732,1778663055.157147,1778663054.980791,1,0.303450,0.757289,-0.965405,-11.414948,-0.518749,-2.673332
196.091945,1778663055.248354,1778663055.080294,1,0.296232,0.763120,-0.967162,-11.412223,-0.519984,-2.675324
196.194294,1778663055.350703,1778663055.180295,1,0.305017,0.757235,-0.971287,-11.416249,-0.523597,-2.672575
196.289026,1778663055.445433,1778663055.285011,1,0.319976,0.743692,-0.960622,-11.415274,-0.508825,-2.673923
196.392193,1778663055.548600,1778663055.380836,1,0.301782,0.758545,-0.967394,-11.415155,-0.518239,-2.673078
196.504299,1778663055.660712,1778663055.480356,1,0.292940,0.766987,-0.965471,-11.413341,-0.524815,-2.673662
196.581522,1778663055.737937,1778663055.580336,1,0.302300,0.759397,-0.969336,-11.417236,-0.520037,-2.674366
196.687774,1778663055.844187,1778663055.680787,1,0.300755,0.760991,-0.967905,-11.416259,-0.522422,-2.674124
196.787704,1778663055.944113,1778663055.780350,1,0.294765,0.765197,-0.970221,-11.418235,-0.521448,-2.673551
196.888686,1778663056.045095,1778663055.880317,1,0.307512,0.755708,-0.963874,-11.417701,-0.519151,-2.673145
197.002791,1778663056.159207,1778663055.980335,1,0.296311,0.763238,-0.964088,-11.412062,-0.516576,-2.673762
197.086855,1778663056.243263,1778663056.080378,1,0.301967,0.758606,-0.965548,-11.417735,-0.518194,-2.672996
197.198353,1778663056.354761,1778663056.180365,1,0.293477,0.764714,-0.964912,-11.413477,-0.517355,-2.673236
197.317190,1778663056.473607,1778663056.284991,1,0.321471,0.740252,-0.956577,-11.413384,-0.511766,-2.672081
197.395320,1778663056.551728,1778663056.380333,1,0.294685,0.764877,-0.965589,-11.416030,-0.520707,-2.674181
197.488191,1778663056.644598,1778663056.480410,1,0.296942,0.761647,-0.960875,-11.413447,-0.515584,-2.673246
197.612765,1778663056.769180,1778663056.580783,1,0.298666,0.762308,-0.966695,-11.417028,-0.521355,-2.673329
197.693117,1778663056.849524,1778663056.680365,1,0.294118,0.765852,-0.971279,-11.419506,-0.519977,-2.674204
197.793217,1778663056.949631,1778663056.780762,1,0.301347,0.756918,-0.963885,-11.414948,-0.517473,-2.673184
197.884498,1778663057.040912,1778663056.880499,1,0.301279,0.759836,-0.969454,-11.416582,-0.522322,-2.672709
197.983835,1778663057.140248,1778663056.980440,1,0.298647,0.759871,-0.967234,-11.415938,-0.520712,-2.674048
198.084049,1778663057.240476,1778663057.080417,1,0.300002,0.761919,-0.965869,-11.409992,-0.528719,-2.674056
198.197942,1778663057.354351,1778663057.180480,1,0.299938,0.762558,-0.973608,-11.411924,-0.530787,-2.674035
198.293905,1778663057.450314,1778663057.284854,1,0.321357,0.743423,-0.956593,-11.418730,-0.508828,-2.671942
198.388438,1778663057.544846,1778663057.380356,1,0.295053,0.765876,-0.966768,-11.412155,-0.524822,-2.674267
198.511489,1778663057.667902,1778663057.480339,1,0.304616,0.756725,-0.971885,-11.417370,-0.525427,-2.673614
198.596001,1778663057.752410,1778663057.580678,1,0.297400,0.761647,-0.964488,-11.416235,-0.518820,-2.674328
198.686091,1778663057.842501,1778663057.680726,1,0.300685,0.757798,-0.964806,-11.414803,-0.519275,-2.673526
198.788859,1778663057.945269,1778663057.780344,1,0.297923,0.761035,-0.961929,-11.412586,-0.519217,-2.673478
198.900630,1778663058.057042,1778663057.880387,1,0.297356,0.762308,-0.956404,-11.411928,-0.515439,-2.673283
198.990448,1778663058.146857,1778663057.980450,1,0.306658,0.753632,-0.961620,-11.414903,-0.518488,-2.672062
199.105748,1778663058.262166,1778663058.080356,1,0.301827,0.758696,-0.972175,-11.413995,-0.525036,-2.673846
199.188309,1778663058.344731,1778663058.180373,1,0.300262,0.759732,-0.968138,-11.416505,-0.514531,-2.674795
199.279959,1778663058.436370,1778663058.284974,1,0.320795,0.743671,-0.951137,-11.411079,-0.507208,-2.672562
199.401126,1778663058.557539,1778663058.380513,1,0.301997,0.757531,-0.963332,-11.414207,-0.523234,-2.672505
199.488842,1778663058.645250,1778663058.480501,1,0.300602,0.760012,-0.964945,-11.414986,-0.514478,-2.673666
199.619025,1778663058.775443,1778663058.580403,1,0.300489,0.759947,-0.967433,-11.415058,-0.519938,-2.673411
199.684092,1778663058.840508,1778663058.680377,1,0.294486,0.764980,-0.963354,-11.413910,-0.516417,-2.672679
199.791127,1778663058.947549,1778663058.780886,1,0.299104,0.763433,-0.970918,-11.419672,-0.525018,-2.673941
199.889730,1778663059.046138,1778663058.880802,1,0.295485,0.764329,-0.967484,-11.415940,-0.521355,-2.673384
199.990771,1778663059.147182,1778663058.980839,1,0.299165,0.761325,-0.976983,-11.418581,-0.525249,-2.674153
200.106267,1778663059.262678,1778663059.080388,1,0.296666,0.763447,-0.969173,-11.415965,-0.523146,-2.674288
200.191558,1778663059.347968,1778663059.180314,1,0.299750,0.761251,-0.965021,-11.417241,-0.514142,-2.672912
200.289528,1778663059.445938,1778663059.285218,1,0.325380,0.738129,-0.956549,-11.412888,-0.510510,-2.672765
200.392159,1778663059.548568,1778663059.380708,1,0.297696,0.763255,-0.970935,-11.416895,-0.520631,-2.673564
200.490219,1778663059.646627,1778663059.480399,1,0.291905,0.766568,-0.975028,-11.418383,-0.522393,-2.674917
200.593395,1778663059.749804,1778663059.580426,1,0.299883,0.760705,-0.968295,-11.419626,-0.522321,-2.672870
200.685109,1778663059.841520,1778663059.680404,1,0.295415,0.763116,-0.963410,-11.414118,-0.517023,-2.674375
200.787528,1778663059.943935,1778663059.780719,1,0.299214,0.762120,-0.973551,-11.418779,-0.524464,-2.673918
200.889152,1778663060.045561,1778663059.880428,1,0.302001,0.758712,-0.969255,-11.413167,-0.525674,-2.674221
201.003436,1778663060.159848,1778663059.980407,1,0.297978,0.762962,-0.964773,-11.411720,-0.521895,-2.673487
201.091988,1778663060.248399,1778663060.080646,1,0.295627,0.764989,-0.968763,-11.412992,-0.526102,-2.673842
201.193353,1778663060.349763,1778663060.180695,1,0.301257,0.757892,-0.965351,-11.416294,-0.520896,-2.673358
201.279226,1778663060.435640,1778663060.284892,1,0.322838,0.741401,-0.955188,-11.415061,-0.508097,-2.672247
201.407828,1778663060.564239,1778663060.380419,1,0.303538,0.756325,-0.962002,-11.413129,-0.514425,-2.673601
201.489658,1778663060.646068,1778663060.480587,1,0.300235,0.759784,-0.967733,-11.417456,-0.521161,-2.673433
201.589489,1778663060.745897,1778663060.580600,1,0.293868,0.765901,-0.966868,-11.414454,-0.518605,-2.674552
201.691745,1778663060.848154,1778663060.680733,1,0.299611,0.763466,-0.972444,-11.415365,-0.525397,-2.673569
201.789790,1778663060.946201,1778663060.780437,1,0.303144,0.758570,-0.963531,-11.411983,-0.529327,-2.672853
201.891683,1778663061.048093,1778663060.880625,1,0.296880,0.764275,-0.971261,-11.417272,-0.528392,-2.673003
201.983727,1778663061.140142,1778663060.980428,1,0.299345,0.760582,-0.968573,-11.416069,-0.521840,-2.673344
202.121110,1778663061.277519,1778663061.081453,1,0.298322,0.762677,-0.972081,-11.417840,-0.527316,-2.674405
202.200940,1778663061.357355,1778663061.180516,1,0.299203,0.761995,-0.956745,-11.411568,-0.518064,-2.672322
202.284871,1778663061.441279,1778663061.285184,1,0.330560,0.733302,-0.958277,-11.417037,-0.501139,-2.673507
202.424962,1778663061.581372,1778663061.380491,1,0.304474,0.754412,-0.966372,-11.415010,-0.512749,-2.674139
202.506736,1778663061.663145,1778663061.480431,1,0.300687,0.759790,-0.960616,-11.416392,-0.516862,-2.671622
202.627157,1778663061.783567,1778663061.580999,1,0.296112,0.764792,-0.969951,-11.417377,-0.522455,-2.674388
202.691375,1778663061.847792,1778663061.680411,1,0.297174,0.763223,-0.966527,-11.414183,-0.523213,-2.673012
202.793657,1778663061.950065,1778663061.780415,1,0.298836,0.761652,-0.973669,-11.416190,-0.525609,-2.673339
202.885510,1778663062.041932,1778663061.880427,1,0.303458,0.756524,-0.962724,-11.411120,-0.522860,-2.672937
203.007086,1778663062.163496,1778663061.980454,1,0.296052,0.762245,-0.955173,-11.406334,-0.525221,-2.671415
203.108781,1778663062.265193,1778663062.080465,1,0.299328,0.760892,-0.931822,-11.410248,-0.523972,-2.675116
203.193375,1778663062.349785,1778663062.180486,1,0.302422,0.756333,-0.943471,-11.406611,-0.532006,-2.690817
203.317054,1778663062.473464,1778663062.284979,1,0.177754,0.815655,-1.187226,-11.628087,0.441125,-2.732437
203.414140,1778663062.570552,1778663062.381280,1,0.302804,0.753993,-0.951533,-11.417785,-0.521146,-2.738277
203.493598,1778663062.650007,1778663062.480441,1,0.312727,0.743611,-0.970026,-11.414325,-0.526117,-2.762077
203.595385,1778663062.751797,1778663062.580420,1,0.313696,0.742722,-0.963069,-11.394712,-0.517288,-2.792360
203.706612,1778663062.863020,1778663062.680616,1,0.312174,0.741006,-0.983864,-11.384395,-0.531130,-2.821233
203.788940,1778663062.945350,1778663062.780408,1,0.307093,0.737961,-1.001356,-11.384205,-0.531535,-2.841288
203.918778,1778663063.075187,1778663062.880489,1,0.300663,0.747789,-1.001322,-11.405092,-0.522595,-2.844035
204.011719,1778663063.168129,1778663062.980597,1,0.307760,0.744195,-1.023185,-11.415162,-0.520385,-2.856126
204.110080,1778663063.266489,1778663063.080562,1,0.307547,0.743490,-1.073734,-11.436222,-0.535998,-2.884428
204.204325,1778663063.360738,1778663063.180762,1,0.295432,0.743683,-1.088413,-11.445170,-0.536554,-2.921371
204.321244,1778663063.477652,1778663063.284945,1,0.178779,0.814468,-1.330185,-11.626861,0.408039,-2.969956
204.423292,1778663063.579703,1778663063.380665,1,0.302582,0.738035,-1.132065,-11.435184,-0.527043,-3.003103
204.496882,1778663063.653305,1778663063.480420,1,0.306846,0.733243,-1.163725,-11.418647,-0.524180,-3.040319
204.599756,1778663063.756165,1778663063.580822,1,0.307113,0.732057,-1.205608,-11.421319,-0.524770,-3.090072
204.708496,1778663063.864908,1778663063.680612,1,0.303611,0.734089,-1.246132,-11.430858,-0.519173,-3.120115
204.790900,1778663063.947307,1778663063.780483,1,0.299175,0.737608,-1.290413,-11.419224,-0.531325,-3.140548
204.890552,1778663064.046978,1778663063.880760,1,0.298787,0.736709,-1.329522,-11.419538,-0.519884,3.123242
205.003716,1778663064.160128,1778663063.980521,1,0.295968,0.736917,-1.390164,-11.424535,-0.523845,3.123790
205.096706,1778663064.253115,1778663064.080522,1,0.289917,0.745136,-1.443713,-11.447243,-0.517294,3.111116
205.208581,1778663064.364991,1778663064.180820,1,0.284202,0.740719,-1.497618,-11.476464,-0.503437,3.093605
205.310709,1778663064.467119,1778663064.285293,1,0.193720,0.767433,-1.718811,-11.565633,-0.074278,3.064384
205.416902,1778663064.573311,1778663064.380715,1,0.291440,0.741155,-1.562115,-11.461822,-0.486836,3.032943
205.499820,1778663064.656237,1778663064.480685,1,0.302561,0.738376,-1.595196,-11.443263,-0.509500,2.988376
205.599700,1778663064.756110,1778663064.580437,1,0.303442,0.736630,-1.648522,-11.424466,-0.506622,2.944289
205.710812,1778663064.867223,1778663064.680459,1,0.307372,0.730928,-1.705925,-11.405354,-0.520112,2.916693
205.800148,1778663064.956562,1778663064.780493,1,0.298836,0.741324,-1.748896,-11.395942,-0.521741,2.899589
205.900860,1778663065.057272,1778663064.880514,1,0.300260,0.736458,-1.790606,-11.382419,-0.522326,2.893091
206.017111,1778663065.173522,1778663064.980506,1,0.294711,0.739356,-1.836833,-11.373467,-0.523550,2.902012
206.110108,1778663065.266518,1778663065.080863,1,0.288587,0.746437,-1.896657,-11.390983,-0.518502,2.915471
206.200837,1778663065.357252,1778663065.180651,1,0.286077,0.742058,-1.960107,-11.394518,-0.513059,2.919236
206.296919,1778663065.453332,1778663065.285186,1,0.193790,0.777666,-2.193058,-11.460457,-0.093450,2.913043
206.417696,1778663065.574109,1778663065.380499,1,0.280316,0.746250,-2.063816,-11.367369,-0.517382,2.896490
206.516205,1778663065.672612,1778663065.481213,1,0.284323,0.747151,-2.096762,-11.358792,-0.502639,2.875616
206.601285,1778663065.757705,1778663065.580477,1,0.288703,0.746014,-2.137550,-11.309655,-0.518436,2.854247
206.710131,1778663065.866559,1778663065.680498,1,0.191844,0.779978,-2.344136,-11.360776,-0.024413,2.836519
206.807055,1778663065.963462,1778663065.780691,1,0.293133,0.736463,-2.232423,-11.280058,-0.518540,2.836077
206.896783,1778663066.053192,1778663065.880579,1,0.286278,0.743563,-2.281781,-11.268218,-0.518579,2.840323
207.003952,1778663066.160360,1778663065.980922,1,0.278914,0.746529,-2.332159,-11.249230,-0.527312,2.848287
207.105481,1778663066.261894,1778663066.080864,1,0.167625,0.798822,-2.570747,-11.344838,0.127135,2.880619
207.246219,1778663066.402642,1778663066.180672,1,0.163181,0.811603,-2.676023,-11.337926,0.171311,2.898862
207.330430,1778663066.486842,1778663066.285147,1,0.156289,0.810409,-2.697238,-11.344997,0.145699,2.921941
207.430605,1778663066.587013,1778663066.380540,1,0.164352,0.825460,-2.722127,-11.357075,0.398598,2.922323
207.517308,1778663066.673718,1778663066.480584,1,0.158939,0.823111,-2.775421,-11.351444,0.323506,2.922666
207.633366,1778663066.789774,1778663066.580567,1,0.158583,0.827434,-2.870627,-11.315388,0.286397,2.888497
207.703862,1778663066.860271,1778663066.681306,1,0.157615,0.825672,-2.875009,-11.278050,0.309515,2.873149
207.795094,1778663066.951504,1778663066.780437,1,0.263728,0.751236,-2.739324,-11.144566,-0.509805,2.864378
207.889082,1778663067.045495,1778663066.880846,1,0.256213,0.755508,-2.787021,-11.136960,-0.519431,2.873480
208.027376,1778663067.183786,1778663066.980874,1,0.158468,0.835702,-2.988374,-11.230590,0.483322,2.871357
208.142249,1778663067.298654,1778663067.080849,1,0.165407,0.857905,-3.128941,-11.249179,0.756501,2.878753
208.261225,1778663067.417646,1778663067.180602,1,0.172450,0.863266,-3.154311,-11.252456,0.820978,2.904099
208.338316,1778663067.494725,1778663067.285062,1,0.134491,0.868994,-3.253738,-11.234602,0.640526,2.914703
208.446911,1778663067.603326,1778663067.380578,1,0.176309,0.863109,-3.267032,-11.231977,0.828274,2.909793
208.540245,1778663067.696653,1778663067.480519,1,0.171247,0.862826,-3.273185,-11.247824,0.838226,2.917595
208.633826,1778663067.790233,1778663067.580981,1,0.173337,0.863231,-3.325953,-11.206891,0.799054,2.887787
208.763540,1778663067.919951,1778663067.680517,1,0.179468,0.865724,-3.367331,-11.170004,0.837771,2.860081
208.827632,1778663067.984073,1778663067.781049,1,0.146749,0.853171,-3.383567,-11.120851,0.504397,2.857795
208.895684,1778663068.052097,1778663067.880492,1,0.215265,0.776648,-3.265081,-10.992054,-0.500408,2.867515
208.994338,1778663068.150756,1778663067.981153,1,0.211713,0.775874,-3.297004,-10.992335,-0.495173,2.872990
209.092906,1778663068.249315,1778663068.080778,1,0.208062,0.779890,-3.350076,-10.994808,-0.492308,2.896944
209.283620,1778663068.440040,1778663068.180992,1,0.157885,0.880784,-3.596227,-11.133089,0.898096,2.899038
209.356176,1778663068.512594,1778663068.285321,1,0.127273,0.886068,-3.672482,-11.111830,0.755318,2.898240
209.446111,1778663068.602520,1778663068.380584,1,0.158553,0.880739,-3.652396,-11.135128,0.919860,2.893087
209.535659,1778663068.692070,1778663068.480729,1,0.150731,0.883945,-3.670465,-11.110698,0.923273,2.883593
209.629272,1778663068.785679,1778663068.581064,1,0.127174,0.893016,-3.760100,-11.050263,0.716753,2.874982
209.760112,1778663068.916527,1778663068.680454,1,0.139725,0.889058,-3.751061,-11.049626,0.834657,2.868778
209.843541,1778663068.999951,1778663068.780828,1,0.137091,0.889428,-3.762215,-11.052677,0.861313,2.865027
209.960427,1778663069.116836,1778663068.880612,1,0.153205,0.884940,-3.765543,-11.059735,0.912515,2.863971
210.025714,1778663069.182127,1778663068.981314,1,0.194061,0.788965,-3.546240,-10.943606,-0.482709,2.888808
210.099958,1778663069.256370,1778663069.080632,1,0.128358,0.860224,-3.742963,-11.057474,0.515570,2.889849
210.245600,1778663069.402008,1778663069.180616,1,0.147247,0.885755,-3.805979,-11.072822,0.908471,2.890462
210.358257,1778663069.514683,1778663069.285031,1,0.115706,0.889991,-3.863639,-11.033489,0.761801,2.886114
210.433719,1778663069.590136,1778663069.380842,1,0.149518,0.884243,-3.794675,-11.065609,0.919922,2.877918
210.552986,1778663069.709400,1778663069.480597,1,0.147514,0.885182,-3.790215,-11.064408,0.925206,2.872967
210.639724,1778663069.796136,1778663069.581092,1,0.154765,0.883124,-3.771030,-11.066721,0.943884,2.880103
210.724789,1778663069.881204,1778663069.681233,1,0.148639,0.884331,-3.798064,-11.060786,0.918119,2.880829
210.805972,1778663069.962387,1778663069.780895,1,0.125327,0.861835,-3.737832,-11.056548,0.525236,2.896045
210.900140,1778663070.056552,1778663069.880599,1,0.127477,0.862188,-3.748163,-11.048816,0.542659,2.892689
211.064267,1778663070.220689,1778663069.980618,1,0.151057,0.883925,-3.784926,-11.078529,0.927869,2.882970
211.165023,1778663070.321434,1778663070.080673,1,0.156136,0.882226,-3.777882,-11.076065,0.931379,2.882712
211.259345,1778663070.415754,1778663070.180944,1,0.158146,0.880475,-3.782620,-11.077918,0.930192,2.880533
211.334852,1778663070.491280,1778663070.285094,1,0.118316,0.890502,-3.826635,-11.039355,0.776503,2.877185
211.457680,1778663070.614094,1778663070.380599,1,0.150491,0.884643,-3.779422,-11.070734,0.935907,2.876790
211.558502,1778663070.714913,1778663070.480948,1,0.155501,0.882353,-3.773877,-11.089439,0.923577,2.879722
211.653261,1778663070.809672,1778663070.580736,1,0.155792,0.882898,-3.795691,-11.074389,0.913669,2.877886
211.751660,1778663070.908069,1778663070.680740,1,0.161387,0.881958,-3.776502,-11.083395,0.927845,2.879346
211.840920,1778663070.997329,1778663070.780989,1,0.155007,0.883369,-3.784182,-11.068016,0.933957,2.877400
211.909730,1778663071.066139,1778663070.880609,1,0.187503,0.792326,-3.572394,-10.940742,-0.478572,2.894270
212.036809,1778663071.193221,1778663070.980746,1,0.151439,0.882152,-3.786881,-11.079338,0.918489,2.878331
212.160419,1778663071.316830,1778663071.080788,1,0.152109,0.883678,-3.773273,-11.084940,0.929311,2.880179
212.249489,1778663071.405898,1778663071.180969,1,0.154447,0.881682,-3.777473,-11.086207,0.920202,2.878773
212.311925,1778663071.468338,1778663071.285107,1,0.121998,0.888698,-3.831072,-11.047081,0.784378,2.875139
212.439336,1778663071.595746,1778663071.381018,1,0.156232,0.882581,-3.787188,-11.074339,0.922721,2.877561
212.551505,1778663071.707918,1778663071.480647,1,0.151392,0.883524,-3.785109,-11.070739,0.921892,2.877403
212.592336,1778663071.748745,1778663071.581439,1,0.187568,0.792366,-3.571890,-10.945790,-0.482458,2.894905
212.733663,1778663071.890076,1778663071.680980,1,0.156997,0.882935,-3.788913,-11.077562,0.934144,2.875645
212.871009,1778663072.027421,1778663071.780643,1,0.152986,0.885335,-3.795414,-11.068435,0.919967,2.876515
212.982980,1778663072.139391,1778663071.880673,1,0.150548,0.884868,-3.775521,-11.084724,0.920845,2.880417
213.093987,1778663072.250402,1778663071.980654,1,0.147638,0.887752,-3.799096,-11.063797,0.918280,2.875643
213.197108,1778663072.353519,1778663072.081234,1,0.152058,0.885463,-3.801185,-11.063697,0.911695,2.876664
213.285685,1778663072.442124,1778663072.180724,1,0.152113,0.884243,-3.787617,-11.072559,0.918375,2.877741
213.343293,1778663072.499705,1778663072.285773,1,0.116965,0.891741,-3.838843,-11.034324,0.763624,2.875650
213.451494,1778663072.607947,1778663072.381290,1,0.153798,0.885013,-3.804228,-11.062385,0.910834,2.874918
213.547438,1778663072.703852,1778663072.480724,1,0.153482,0.884320,-3.785887,-11.071362,0.925040,2.878232
213.676020,1778663072.832433,1778663072.580657,1,0.151497,0.884615,-3.793033,-11.075274,0.915960,2.876791
213.767967,1778663072.924382,1778663072.680630,1,0.152257,0.883910,-3.793210,-11.074997,0.920721,2.876832
213.847759,1778663073.004184,1778663072.781600,1,0.145006,0.887678,-3.799289,-11.065533,0.902013,2.878586
213.940316,1778663073.096737,1778663072.880749,1,0.149629,0.885912,-3.787196,-11.072558,0.907174,2.878794
214.011639,1778663073.168052,1778663072.980654,1,0.123639,0.863265,-3.748386,-11.056948,0.528501,2.888135
214.147586,1778663073.303996,1778663073.081008,1,0.149069,0.885511,-3.790494,-11.074416,0.924094,2.878178
214.240760,1778663073.397172,1778663073.181221,1,0.144759,0.886838,-3.807598,-11.058365,0.915519,2.875624
214.322789,1778663073.479199,1778663073.285121,1,0.113507,0.892468,-3.837991,-11.032591,0.760206,2.876678
214.429564,1778663073.585971,1778663073.380627,1,0.147874,0.886286,-3.791188,-11.068239,0.923896,2.879196
214.561251,1778663073.717661,1778663073.480630,1,0.153639,0.883731,-3.797599,-11.059057,0.922146,2.878227
214.652316,1778663073.808724,1778663073.580925,1,0.153921,0.883562,-3.784151,-11.063863,0.929902,2.879799
214.703486,1778663073.859899,1778663073.680677,1,0.195125,0.784411,-3.577714,-10.934234,-0.479540,2.895879
214.860107,1778663074.016521,1778663073.780927,1,0.149289,0.883371,-3.805018,-11.061852,0.909632,2.878291
214.912166,1778663074.068579,1778663073.880671,1,0.191958,0.785684,-3.575410,-10.945417,-0.482260,2.897736
215.034673,1778663074.191086,1778663073.980964,1,0.156816,0.881573,-3.779751,-11.084586,0.935999,2.880710
215.138196,1778663074.294606,1778663074.080673,1,0.147743,0.885690,-3.802685,-11.067142,0.909192,2.878122
215.227702,1778663074.384115,1778663074.181305,1,0.148728,0.884687,-3.784849,-11.077507,0.932963,2.879996
215.324721,1778663074.481133,1778663074.285181,1,0.115672,0.890705,-3.825526,-11.046787,0.778432,2.878105
215.447038,1778663074.603452,1778663074.380665,1,0.148126,0.884956,-3.783315,-11.076387,0.924724,2.879970
215.563137,1778663074.719557,1778663074.480676,1,0.149816,0.885279,-3.803902,-11.058625,0.916830,2.877514
215.658607,1778663074.815020,1778663074.580677,1,0.146040,0.886709,-3.803726,-11.054764,0.907157,2.879030
215.747005,1778663074.903415,1778663074.680677,1,0.150301,0.886092,-3.790485,-11.069951,0.918512,2.881176
215.830649,1778663074.987056,1778663074.780696,1,0.152996,0.883070,-3.783550,-11.075857,0.926464,2.880280
215.891633,1778663075.048043,1778663074.881062,1,0.194392,0.784600,-3.576197,-10.936719,-0.481361,2.897674
215.994641,1778663075.151051,1778663074.981001,1,0.193385,0.785387,-3.577217,-10.942561,-0.486677,2.897898
216.151975,1778663075.308385,1778663075.080691,1,0.154411,0.882883,-3.797663,-11.065884,0.918265,2.879123
216.243151,1778663075.399561,1778663075.180686,1,0.146175,0.884987,-3.791910,-11.070436,0.916369,2.880394
216.313400,1778663075.469838,1778663075.285162,1,0.115760,0.891052,-3.827872,-11.032914,0.780720,2.877545
216.434364,1778663075.590773,1778663075.380924,1,0.150169,0.884013,-3.782133,-11.073141,0.924220,2.881966
216.499979,1778663075.656390,1778663075.481226,1,0.194546,0.784751,-3.585350,-10.940340,-0.491498,2.897179
216.677305,1778663075.833717,1778663075.581169,1,0.154233,0.882705,-3.779327,-11.073611,0.932604,2.880321
216.763681,1778663075.920093,1778663075.680895,1,0.153514,0.883455,-3.777645,-11.081075,0.937880,2.880282
216.862831,1778663076.019243,1778663075.780928,1,0.155564,0.881834,-3.780345,-11.072724,0.936779,2.880809
216.959430,1778663076.115844,1778663075.880928,1,0.152388,0.884434,-3.790596,-11.075747,0.918543,2.879237
217.036695,1778663076.193109,1778663075.981140,1,0.150176,0.882888,-3.798383,-11.061158,0.916820,2.877603
217.150271,1778663076.306682,1778663076.081204,1,0.157572,0.881869,-3.778840,-11.075346,0.938008,2.880116
217.272474,1778663076.428886,1778663076.180717,1,0.159976,0.882920,-3.775796,-11.079417,0.944227,2.881092
217.331680,1778663076.488090,1778663076.285404,1,0.110226,0.893880,-3.859106,-11.029574,0.739485,2.876759
217.442789,1778663076.599202,1778663076.380717,1,0.150267,0.883631,-3.802201,-11.060305,0.918089,2.876587
217.526778,1778663076.683212,1778663076.480741,1,0.148555,0.886602,-3.776345,-11.082289,0.931067,2.883852
217.656379,1778663076.812791,1778663076.580740,1,0.153470,0.882980,-3.784354,-11.071250,0.931879,2.879836
217.754299,1778663076.910713,1778663076.681021,1,0.150710,0.882757,-3.792731,-11.066950,0.923180,2.879145
217.859190,1778663077.015615,1778663076.780800,1,0.152159,0.883444,-3.792771,-11.071069,0.922777,2.879168
217.945380,1778663077.101792,1778663076.881068,1,0.154816,0.881740,-3.785686,-11.073971,0.921799,2.880165
218.034920,1778663077.191347,1778663076.981627,1,0.152772,0.881992,-3.789963,-11.072656,0.929314,2.879451
218.090454,1778663077.246864,1778663077.080877,1,0.191487,0.788210,-3.582567,-10.934118,-0.484578,2.897779
218.217746,1778663077.374158,1778663077.181139,1,0.194532,0.783861,-3.580734,-10.937486,-0.481314,2.896933
218.285816,1778663077.442222,1778663077.285311,1,0.208404,0.767349,-3.580472,-10.939434,-0.465488,2.897762
218.398535,1778663077.554949,1778663077.381099,1,0.193483,0.784943,-3.576652,-10.941719,-0.480389,2.896971
218.537245,1778663077.693657,1778663077.480760,1,0.144991,0.885690,-3.797951,-11.062181,0.916499,2.879952
218.662526,1778663077.818938,1778663077.580829,1,0.153999,0.881534,-3.784324,-11.075265,0.933747,2.879927
218.771273,1778663077.927682,1778663077.680938,1,0.152575,0.883381,-3.782524,-11.070252,0.925956,2.879611
218.876827,1778663078.033241,1778663077.781262,1,0.154088,0.882193,-3.780150,-11.080070,0.930343,2.881788
218.916787,1778663078.073205,1778663077.880774,1,0.192158,0.786911,-3.576628,-10.946808,-0.484876,2.898401
219.043667,1778663078.200078,1778663077.980762,1,0.149875,0.884270,-3.788198,-11.071710,0.927452,2.879154
219.133574,1778663078.289987,1778663078.080807,1,0.149929,0.884681,-3.789275,-11.069548,0.924632,2.879806
219.229646,1778663078.386051,1778663078.180852,1,0.147156,0.886658,-3.786877,-11.064701,0.926073,2.880086
219.326909,1778663078.483322,1778663078.285672,1,0.111057,0.894942,-3.833735,-11.042517,0.750536,2.880278
219.397377,1778663078.553792,1778663078.381293,1,0.190629,0.788064,-3.580314,-10.942728,-0.488702,2.897247
219.572651,1778663078.729064,1778663078.480754,1,0.155588,0.882495,-3.789712,-11.074653,0.925467,2.880366
219.651407,1778663078.807829,1778663078.581011,1,0.149160,0.885686,-3.799285,-11.057631,0.924504,2.877019
219.729681,1778663078.886088,1778663078.680767,1,0.192872,0.786817,-3.579865,-10.936590,-0.486445,2.898001
219.836459,1778663078.992879,1778663078.781215,1,0.153151,0.883286,-3.795921,-11.071652,0.916635,2.879942
219.939774,1778663079.096184,1778663078.880768,1,0.148129,0.885722,-3.791512,-11.063823,0.919492,2.878844
219.996227,1778663079.152637,1778663078.980881,1,0.192200,0.787346,-3.582217,-10.937554,-0.485591,2.897373
220.108497,1778663079.264907,1778663079.081048,1,0.194873,0.784339,-3.576876,-10.938481,-0.483509,2.898017
220.236252,1778663079.392666,1778663079.180773,1,0.133104,0.891711,-3.827587,-11.052288,0.843818,2.879378
220.311171,1778663079.467606,1778663079.285425,1,0.111861,0.894264,-3.850728,-11.031650,0.756069,2.878355
220.447063,1778663079.603473,1778663079.380870,1,0.157125,0.880854,-3.780537,-11.071592,0.924492,2.880267
220.552263,1778663079.708671,1778663079.480802,1,0.147697,0.885459,-3.799934,-11.068877,0.913429,2.879110
220.647699,1778663079.804109,1778663079.580803,1,0.153474,0.883990,-3.794620,-11.064877,0.916618,2.878809
220.749706,1778663079.906123,1778663079.682110,1,0.150499,0.885429,-3.789118,-11.065293,0.926560,2.880166
220.851067,1778663080.007486,1778663079.780834,1,0.148775,0.886286,-3.797416,-11.059512,0.924017,2.877709
220.933000,1778663080.089422,1778663079.880838,1,0.152658,0.883041,-3.792859,-11.064277,0.919484,2.879688
220.999042,1778663080.155452,1778663079.981223,1,0.193253,0.785897,-3.578507,-10.942867,-0.484594,2.898743
221.095900,1778663080.252311,1778663080.080906,1,0.193449,0.786122,-3.580494,-10.943737,-0.488368,2.898197
221.231690,1778663080.388096,1778663080.181281,1,0.157220,0.882903,-3.787995,-11.078733,0.937708,2.878814
221.307332,1778663080.463743,1778663080.285596,1,0.111747,0.894941,-3.835459,-11.031059,0.768025,2.878874
221.437612,1778663080.594025,1778663080.381168,1,0.134234,0.890113,-3.827068,-11.048347,0.842360,2.877875
221.533453,1778663080.689860,1778663080.480794,1,0.150761,0.883422,-3.793105,-11.068610,0.922464,2.878439
221.642883,1778663080.799295,1778663080.580816,1,0.148936,0.884396,-3.790599,-11.065470,0.920793,2.879745
221.687797,1778663080.844207,1778663080.682752,1,0.193085,0.785357,-3.577630,-10.940059,-0.479387,2.897576
221.834973,1778663080.991382,1778663080.780822,1,0.154205,0.884112,-3.792739,-11.068347,0.920408,2.878607
221.932933,1778663081.089343,1778663080.880810,1,0.150273,0.885571,-3.786505,-11.070022,0.927911,2.879908
222.052536,1778663081.208949,1778663080.980799,1,0.150870,0.885535,-3.796499,-11.058659,0.917800,2.877674
222.155498,1778663081.311907,1778663081.081059,1,0.149648,0.883711,-3.787447,-11.077481,0.928773,2.879590
222.205639,1778663081.362062,1778663081.180900,1,0.194174,0.785521,-3.576142,-10.943829,-0.484368,2.897122
222.289133,1778663081.445543,1778663081.286183,1,0.203597,0.773157,-3.572635,-10.947084,-0.467508,2.899355
222.430628,1778663081.587036,1778663081.380829,1,0.148934,0.886886,-3.786461,-11.070929,0.922493,2.880457
222.586559,1778663081.742966,1778663081.481081,1,0.147875,0.886070,-3.789210,-11.076026,0.921041,2.879844
222.678470,1778663081.834882,1778663081.581082,1,0.150180,0.883744,-3.795747,-11.068575,0.915337,2.878780
222.765198,1778663081.921627,1778663081.681944,1,0.150311,0.884412,-3.788052,-11.069986,0.935003,2.879061
222.839490,1778663081.995900,1778663081.780933,1,0.193652,0.785938,-3.576786,-10.941103,-0.484317,2.897575
222.934605,1778663082.091014,1778663081.880823,1,0.153686,0.884251,-3.782806,-11.077972,0.928520,2.880071
223.045195,1778663082.201604,1778663081.981341,1,0.147260,0.885800,-3.795580,-11.071284,0.925104,2.879039
223.156673,1778663082.313113,1778663082.080824,1,0.152084,0.884949,-3.780188,-11.077439,0.930526,2.881286
223.261889,1778663082.418302,1778663082.180822,1,0.147299,0.885735,-3.794201,-11.068823,0.906804,2.880064
223.330764,1778663082.487191,1778663082.285585,1,0.115674,0.892901,-3.830993,-11.038826,0.767574,2.877973
223.451738,1778663082.608155,1778663082.380824,1,0.151307,0.884269,-3.782813,-11.075967,0.925972,2.879896
223.503798,1778663082.660208,1778663082.481174,1,0.190913,0.788230,-3.574633,-10.942535,-0.483552,2.897846
223.640156,1778663082.796579,1778663082.580907,1,0.148819,0.885026,-3.796438,-11.068923,0.929467,2.878597
223.699860,1778663082.856269,1778663082.680865,1,0.125745,0.860069,-3.741719,-11.050639,0.536588,2.888905
223.806900,1778663082.963312,1778663082.780837,1,0.126459,0.860529,-3.731119,-11.056110,0.526968,2.891982
223.967327,1778663083.123739,1778663082.880880,1,0.148892,0.885821,-3.787533,-11.072331,0.930686,2.881592
224.050813,1778663083.207228,1778663082.980857,1,0.132935,0.889494,-3.839916,-11.044860,0.820304,2.878082
224.138195,1778663083.294603,1778663083.080858,1,0.153429,0.885776,-3.791251,-11.070039,0.928267,2.881141
224.231614,1778663083.388021,1778663083.180843,1,0.136104,0.889368,-3.840221,-11.038527,0.826726,2.878835
224.333759,1778663083.490167,1778663083.285816,1,0.118462,0.892562,-3.842976,-11.034415,0.772363,2.876248
224.437872,1778663083.594282,1778663083.381256,1,0.149154,0.887237,-3.802590,-11.065171,0.914118,2.878786
224.523814,1778663083.680227,1778663083.480883,1,0.153646,0.882907,-3.792208,-11.069159,0.930723,2.879316
224.685315,1778663083.841726,1778663083.580845,1,0.150790,0.885449,-3.778252,-11.075720,0.923071,2.881939
224.775296,1778663083.931707,1778663083.681250,1,0.149315,0.886021,-3.811144,-11.067688,0.914757,2.875893
224.863708,1778663084.020118,1778663083.781195,1,0.152055,0.885161,-3.798862,-11.057203,0.921927,2.877614
224.964251,1778663084.120662,1778663083.880913,1,0.152762,0.884052,-3.799602,-11.062192,0.918189,2.879102
225.061570,1778663084.217985,1778663083.980873,1,0.152186,0.886159,-3.783514,-11.081059,0.938852,2.881951
225.147432,1778663084.303840,1778663084.081194,1,0.152771,0.884500,-3.785180,-11.071962,0.930001,2.880407
225.197553,1778663084.353970,1778663084.180903,1,0.192039,0.788662,-3.574015,-10.940625,-0.485110,2.898439
225.288813,1778663084.445225,1778663084.285304,1,0.200694,0.775421,-3.577905,-10.947008,-0.469960,2.898415
225.444217,1778663084.600628,1778663084.380890,1,0.148366,0.886127,-3.810950,-11.056144,0.895763,2.878715
225.552312,1778663084.708724,1778663084.480875,1,0.150803,0.885796,-3.795367,-11.067056,0.923678,2.879129
225.646642,1778663084.803053,1778663084.581187,1,0.148301,0.887023,-3.793006,-11.065711,0.920331,2.879335
225.693018,1778663084.849431,1778663084.681406,1,0.190426,0.787143,-3.575051,-10.947700,-0.485676,2.898165
225.797046,1778663084.953479,1778663084.781135,1,0.197229,0.781758,-3.570934,-10.939182,-0.479473,2.898047
225.934956,1778663085.091367,1778663084.881110,1,0.156382,0.884478,-3.780079,-11.079219,0.937785,2.881330
226.088057,1778663085.244468,1778663084.981219,1,0.155749,0.883109,-3.789061,-11.064839,0.928372,2.879840
226.184141,1778663085.340553,1778663085.080899,1,0.156211,0.881588,-3.778589,-11.067426,0.931423,2.880650
226.300545,1778663085.456971,1778663085.180907,1,0.157920,0.883965,-3.782621,-11.087191,0.935231,2.882079
226.383131,1778663085.539542,1778663085.285482,1,0.118599,0.892284,-3.837308,-11.039859,0.773479,2.879756
226.471048,1778663085.627465,1778663085.380940,1,0.154998,0.884253,-3.781526,-11.072349,0.931985,2.884626
226.522219,1778663085.678646,1778663085.480932,1,0.189654,0.788323,-3.580691,-10.939662,-0.480877,2.903454
226.622355,1778663085.778779,1778663085.581167,1,0.148065,0.885053,-3.823919,-11.043780,0.907600,2.882232
226.696754,1778663085.853166,1778663085.681200,1,0.187664,0.790781,-3.574126,-10.931698,-0.480485,2.907213
226.853483,1778663086.009893,1778663085.781108,1,0.146172,0.889128,-3.820356,-11.050015,0.891911,2.886650
226.936186,1778663086.092596,1778663085.881102,1,0.144071,0.890162,-3.819490,-11.050372,0.899979,2.886834
227.034050,1778663086.190459,1778663085.980896,1,0.149770,0.887025,-3.821669,-11.052133,0.897948,2.884402
227.133190,1778663086.289602,1778663086.080969,1,0.151244,0.886036,-3.809695,-11.057455,0.911774,2.886927
227.252264,1778663086.408676,1778663086.181375,1,0.144809,0.888539,-3.811195,-11.059466,0.908054,2.888079
227.326807,1778663086.483219,1778663086.286004,1,0.119438,0.891972,-3.860175,-11.020307,0.775058,2.883724
227.440832,1778663086.597250,1778663086.380906,1,0.148023,0.886736,-3.816737,-11.050762,0.910162,2.885574
227.554075,1778663086.710493,1778663086.480911,1,0.150047,0.884854,-3.806935,-11.056666,0.917102,2.887726
227.647500,1778663086.803908,1778663086.580916,1,0.150131,0.886429,-3.822753,-11.047890,0.914215,2.884215
227.736970,1778663086.893377,1778663086.680905,1,0.148491,0.886784,-3.821374,-11.050241,0.910822,2.884757
227.854534,1778663087.010942,1778663086.780897,1,0.146329,0.889834,-3.826478,-11.031371,0.904469,2.884762
227.914534,1778663087.070947,1778663086.880937,1,0.125488,0.862847,-3.742179,-11.051406,0.518907,2.901130
228.041574,1778663087.197984,1778663086.980930,1,0.150379,0.887378,-3.807258,-11.061886,0.922032,2.886855
228.107986,1778663087.264397,1778663087.080972,1,0.120776,0.868203,-3.755169,-11.046541,0.531066,2.900306
228.237484,1778663087.393891,1778663087.181041,1,0.147970,0.886833,-3.814041,-11.054948,0.906897,2.887662
228.318166,1778663087.474579,1778663087.285391,1,0.119397,0.892069,-3.848497,-11.022923,0.784015,2.884908
228.435712,1778663087.592122,1778663087.381306,1,0.151791,0.884996,-3.811819,-11.052526,0.910257,2.886511
228.509316,1778663087.665731,1778663087.481535,1,0.122028,0.863277,-3.750117,-11.049327,0.516802,2.901178
228.644002,1778663087.800411,1778663087.580962,1,0.148413,0.888777,-3.817983,-11.045544,0.902552,2.885819
228.748103,1778663087.904514,1778663087.680946,1,0.149104,0.886893,-3.814373,-11.051806,0.907906,2.885484
228.850395,1778663088.006808,1778663087.780950,1,0.148773,0.887118,-3.826676,-11.044850,0.903077,2.884546
228.943228,1778663088.099637,1778663087.881404,1,0.142177,0.890995,-3.818938,-11.050267,0.904939,2.886250
229.004493,1778663088.160903,1778663087.980980,1,0.124547,0.864892,-3.750871,-11.047951,0.526250,2.900798
229.154771,1778663088.311194,1778663088.080888,1,0.142381,0.890972,-3.813036,-11.055255,0.906124,2.887252
229.208490,1778663088.364906,1778663088.180954,1,0.122608,0.865241,-3.751227,-11.045228,0.538895,2.899472
229.323046,1778663088.479458,1778663088.285406,1,0.119122,0.890291,-3.853986,-11.021160,0.765991,2.885382
229.467434,1778663088.623862,1778663088.380999,1,0.146526,0.887711,-3.815037,-11.056157,0.903285,2.886648
229.573659,1778663088.730072,1778663088.480930,1,0.123473,0.865787,-3.753369,-11.041484,0.537452,2.899985
229.661497,1778663088.817907,1778663088.581743,1,0.147791,0.887552,-3.823626,-11.035756,0.900579,2.885082
229.766720,1778663088.923136,1778663088.680962,1,0.149548,0.886468,-3.817366,-11.054205,0.906781,2.885757
229.861920,1778663089.018332,1778663088.781622,1,0.152190,0.885328,-3.801663,-11.061899,0.920190,2.888607
229.970457,1778663089.126869,1778663088.881895,1,0.151478,0.885698,-3.811639,-11.048266,0.909890,2.886494
230.053442,1778663089.209860,1778663088.981795,1,0.147561,0.888793,-3.822264,-11.045216,0.908871,2.885584
230.141267,1778663089.297675,1778663089.081233,1,0.146877,0.887162,-3.813865,-11.045170,0.919128,2.885898
230.218406,1778663089.374822,1778663089.180953,1,0.124288,0.865000,-3.754957,-11.047313,0.526506,2.900582
230.326586,1778663089.483027,1778663089.285914,1,0.118543,0.893511,-3.871226,-11.012521,0.753843,2.882998
230.460718,1778663089.617131,1778663089.380981,1,0.142083,0.891155,-3.829625,-11.051269,0.881097,2.886077
230.520976,1778663089.677389,1778663089.481012,1,0.124893,0.863499,-3.746765,-11.049984,0.530097,2.901192
230.651156,1778663089.807569,1778663089.580998,1,0.151042,0.887963,-3.807824,-11.055782,0.920913,2.886996
230.761186,1778663089.917600,1778663089.680992,1,0.145416,0.889303,-3.812433,-11.048856,0.896508,2.887231
230.821887,1778663089.978304,1778663089.781245,1,0.122982,0.864633,-3.748637,-11.047476,0.535572,2.900537
230.958468,1778663090.114894,1778663089.880996,1,0.150241,0.888647,-3.813077,-11.049768,0.905368,2.886326
231.045140,1778663090.201550,1778663089.980999,1,0.143133,0.888873,-3.823791,-11.047928,0.895723,2.885648
231.138214,1778663090.294624,1778663090.080977,1,0.145062,0.889113,-3.808966,-11.054977,0.916284,2.888010
231.265241,1778663090.421671,1778663090.181031,1,0.139442,0.889178,-3.820792,-11.047803,0.879890,2.886992
231.341810,1778663090.498225,1778663090.285481,1,0.122367,0.890067,-3.853485,-11.021359,0.773032,2.883785
231.470703,1778663090.627120,1778663090.381046,1,0.151419,0.884102,-3.815083,-11.057135,0.908822,2.886512
231.558096,1778663090.714507,1778663090.480889,1,0.146439,0.887691,-3.814740,-11.059422,0.915530,2.886088
231.631159,1778663090.787568,1778663090.581293,1,0.145721,0.888235,-3.818729,-11.047786,0.903869,2.885924
231.761303,1778663090.917729,1778663090.681855,1,0.148330,0.888793,-3.817169,-11.052314,0.897070,2.888469
231.854488,1778663091.010913,1778663090.781492,1,0.146211,0.887471,-3.814109,-11.046256,0.914224,2.886703
231.939399,1778663091.095808,1778663090.880997,1,0.146124,0.889578,-3.814278,-11.049994,0.900023,2.887097
232.057933,1778663091.214347,1778663090.981465,1,0.146353,0.890661,-3.822800,-11.048749,0.896496,2.885879
232.143235,1778663091.299644,1778663091.081002,1,0.149034,0.887495,-3.805151,-11.057205,0.915032,2.888288
232.203712,1778663091.360122,1778663091.181367,1,0.126417,0.864565,-3.752723,-11.046849,0.531798,2.900050
232.309330,1778663091.465740,1778663091.286414,1,0.118087,0.894450,-3.876025,-11.012671,0.745409,2.883504
232.435611,1778663091.592044,1778663091.381018,1,0.128146,0.862213,-3.745748,-11.048894,0.533578,2.900852
232.544353,1778663091.700765,1778663091.480999,1,0.148630,0.886763,-3.817290,-11.054862,0.904777,2.885831
232.641035,1778663091.797446,1778663091.581093,1,0.149721,0.888569,-3.815161,-11.047212,0.908394,2.886434
232.714391,1778663091.870799,1778663091.681054,1,0.124223,0.864849,-3.759115,-11.044112,0.532636,2.898767
232.855874,1778663092.012289,1778663091.781251,1,0.146731,0.887644,-3.834445,-11.039695,0.898483,2.884548
232.969737,1778663092.126146,1778663091.881031,1,0.147256,0.886377,-3.816829,-11.053596,0.909967,2.886032
233.070249,1778663092.226660,1778663091.981046,1,0.151860,0.886012,-3.817681,-11.049862,0.900919,2.885683
233.156024,1778663092.312435,1778663092.081075,1,0.145403,0.887792,-3.817500,-11.047291,0.905879,2.885588
233.248901,1778663092.405313,1778663092.181053,1,0.143031,0.889594,-3.823273,-11.042657,0.891520,2.886078
233.334126,1778663092.490536,1778663092.285501,1,0.120703,0.890955,-3.854101,-11.028156,0.765757,2.884260
233.409769,1778663092.566183,1778663092.381037,1,0.124576,0.864888,-3.753911,-11.050097,0.536316,2.900571
233.532470,1778663092.688885,1778663092.481024,1,0.149410,0.885021,-3.813080,-11.051941,0.914908,2.885636
233.636718,1778663092.793128,1778663092.581028,1,0.139444,0.890721,-3.823320,-11.046519,0.898146,2.885748
233.724149,1778663092.880559,1778663092.681026,1,0.124649,0.863440,-3.747105,-11.043448,0.525776,2.900784
233.852994,1778663093.009406,1778663092.781029,1,0.146196,0.887459,-3.818578,-11.045175,0.904282,2.885216
233.948180,1778663093.104618,1778663092.881062,1,0.155179,0.884427,-3.798847,-11.062820,0.921330,2.888071
234.046994,1778663093.203405,1778663092.981041,1,0.146043,0.886544,-3.815839,-11.050889,0.895157,2.887374
234.115138,1778663093.271549,1778663093.081198,1,0.121957,0.867906,-3.754921,-11.048540,0.527046,2.900021
234.261647,1778663093.418063,1778663093.181096,1,0.145329,0.888937,-3.827635,-11.046554,0.873124,2.887170
234.339220,1778663093.495628,1778663093.285637,1,0.118916,0.890835,-3.860020,-11.020157,0.767461,2.882348
234.419082,1778663093.575492,1778663093.381058,1,0.124880,0.863696,-3.752333,-11.039850,0.533634,2.899859
234.507750,1778663093.664162,1778663093.481115,1,0.125041,0.864265,-3.758647,-11.040329,0.536053,2.898778
234.607647,1778663093.764056,1778663093.581077,1,0.124240,0.865811,-3.758724,-11.043258,0.522243,2.899611
234.764822,1778663093.921239,1778663093.681092,1,0.141557,0.889577,-3.836996,-11.038411,0.883891,2.883615
234.851801,1778663094.008217,1778663093.781278,1,0.150184,0.886112,-3.816889,-11.044269,0.904447,2.885899
234.907159,1778663094.063573,1778663093.881063,1,0.126668,0.863649,-3.759116,-11.038946,0.530384,2.899330
235.037579,1778663094.193991,1778663093.981299,1,0.153124,0.886790,-3.808763,-11.056462,0.904249,2.888352
235.136647,1778663094.293059,1778663094.081076,1,0.155880,0.881954,-3.805280,-11.057590,0.909841,2.887634
235.235756,1778663094.392187,1778663094.181064,1,0.125057,0.865599,-3.755514,-11.046895,0.530527,2.899159
235.321072,1778663094.477484,1778663094.285744,1,0.119982,0.890906,-3.850476,-11.027645,0.772101,2.884799
235.424742,1778663094.581154,1778663094.381196,1,0.122301,0.865960,-3.752489,-11.047095,0.521728,2.900938
235.547327,1778663094.703740,1778663094.481558,1,0.137138,0.891712,-3.829348,-11.041872,0.873763,2.886209
235.609954,1778663094.766365,1778663094.581101,1,0.125750,0.864015,-3.750600,-11.039726,0.519501,2.899562
235.733245,1778663094.889655,1778663094.681466,1,0.147577,0.887790,-3.820045,-11.045524,0.915112,2.885840
235.804008,1778663094.960438,1778663094.781050,1,0.122446,0.867109,-3.751138,-11.042898,0.535536,2.900265
235.934728,1778663095.091138,1778663094.881087,1,0.129282,0.892650,-3.868927,-11.020150,0.770561,2.885701
236.044893,1778663095.201300,1778663094.981123,1,0.143936,0.889685,-3.831263,-11.041607,0.881732,2.886867
236.130752,1778663095.287169,1778663095.081149,1,0.141508,0.891189,-3.820935,-11.047857,0.891360,2.887497
236.262599,1778663095.419010,1778663095.181101,1,0.152902,0.884968,-3.810959,-11.053283,0.918230,2.886090
236.341485,1778663095.497911,1778663095.285603,1,0.119532,0.891202,-3.853967,-11.020465,0.773641,2.884309
236.458197,1778663095.614636,1778663095.381106,1,0.151085,0.884081,-3.810497,-11.057939,0.908495,2.888352
236.550121,1778663095.706548,1778663095.481100,1,0.145842,0.889256,-3.817511,-11.051951,0.898839,2.886469
236.647914,1778663095.804350,1778663095.581580,1,0.147872,0.887502,-3.812302,-11.057948,0.904122,2.886483
236.706218,1778663095.862630,1778663095.681106,1,0.126900,0.865412,-3.754312,-11.047824,0.538389,2.899244
236.814800,1778663095.971208,1778663095.781118,1,0.123568,0.866829,-3.757455,-11.046890,0.538181,2.899134
236.910082,1778663096.066511,1778663095.881090,1,0.125204,0.863610,-3.762411,-11.044615,0.514878,2.899327
237.040661,1778663096.197071,1778663095.981119,1,0.149164,0.886782,-3.807746,-11.058589,0.906653,2.888529
237.137543,1778663096.293951,1778663096.081312,1,0.145668,0.889530,-3.821420,-11.049646,0.895565,2.886251
237.235528,1778663096.391938,1778663096.181083,1,0.145252,0.886552,-3.827769,-11.048851,0.910223,2.884141
237.327158,1778663096.483568,1778663096.285594,1,0.117563,0.892158,-3.858547,-11.014261,0.773252,2.885018
237.403869,1778663096.560281,1778663096.381094,1,0.125462,0.864845,-3.752769,-11.047490,0.524452,2.899936
237.534686,1778663096.691095,1778663096.481112,1,0.142073,0.891679,-3.834323,-11.039866,0.870116,2.886044
237.659464,1778663096.815887,1778663096.581094,1,0.141558,0.889767,-3.818632,-11.041443,0.911220,2.885131
237.739108,1778663096.895516,1778663096.681093,1,0.144437,0.889418,-3.810396,-11.053655,0.900966,2.887766
237.805246,1778663096.961654,1778663096.781382,1,0.125380,0.866274,-3.753692,-11.043179,0.536857,2.899935
237.968128,1778663097.124540,1778663096.881309,1,0.148172,0.887566,-3.807133,-11.061945,0.915660,2.888286
238.049323,1778663097.205735,1778663096.981141,1,0.139743,0.890494,-3.822252,-11.047226,0.882820,2.887060
238.164093,1778663097.320513,1778663097.081123,1,0.150582,0.885898,-3.812271,-11.057064,0.918683,2.886784
238.251820,1778663097.408232,1778663097.181123,1,0.142731,0.889114,-3.820192,-11.041853,0.891118,2.884794
238.324254,1778663097.480691,1778663097.285859,1,0.119414,0.893250,-3.864620,-11.022291,0.751633,2.885398
238.437118,1778663097.593540,1778663097.381125,1,0.145460,0.889238,-3.815542,-11.052917,0.897055,2.887081
238.507731,1778663097.664142,1778663097.481218,1,0.122227,0.867098,-3.754417,-11.040527,0.518772,2.899829
238.660546,1778663097.816972,1778663097.581121,1,0.143814,0.888921,-3.821036,-11.055176,0.905348,2.885528
238.755522,1778663097.911936,1778663097.681135,1,0.149058,0.888218,-3.814557,-11.051044,0.902805,2.887410
238.862540,1778663098.018960,1778663097.781804,1,0.148831,0.885620,-3.813918,-11.060017,0.903418,2.887736
238.951733,1778663098.108143,1778663097.881122,1,0.135445,0.892821,-3.843965,-11.035043,0.858965,2.885119
239.059288,1778663098.215700,1778663097.981519,1,0.145893,0.889272,-3.816350,-11.044813,0.909097,2.887716
239.168376,1778663098.324784,1778663098.081139,1,0.147417,0.887369,-3.807346,-11.044503,0.908621,2.887483
239.269356,1778663098.425768,1778663098.181154,1,0.145640,0.886942,-3.813639,-11.045070,0.916660,2.885537
239.343097,1778663098.499506,1778663098.285660,1,0.116761,0.893541,-3.861237,-11.026031,0.758612,2.885104
239.445037,1778663098.601449,1778663098.381479,1,0.141014,0.889722,-3.828382,-11.045677,0.870834,2.887509
239.524681,1778663098.681104,1778663098.481240,1,0.125571,0.864573,-3.760468,-11.041538,0.529315,2.899229
239.667367,1778663098.823785,1778663098.581132,1,0.149254,0.887365,-3.814349,-11.052245,0.899157,2.887300
239.771335,1778663098.927752,1778663098.681153,1,0.145558,0.889765,-3.804790,-11.058971,0.925211,2.887868
239.822146,1778663098.978564,1778663098.781146,1,0.123571,0.865329,-3.754367,-11.045252,0.533936,2.899340
239.941953,1778663099.098364,1778663098.881162,1,0.146892,0.888219,-3.811499,-11.055003,0.904354,2.886966
240.043664,1778663099.200074,1778663098.981509,1,0.148490,0.887419,-3.815824,-11.050913,0.908356,2.887053
240.150512,1778663099.306922,1778663099.081684,1,0.145920,0.888267,-3.817487,-11.058210,0.908178,2.885981
240.241325,1778663099.397733,1778663099.181180,1,0.137358,0.891566,-3.833339,-11.034012,0.867345,2.885495
240.312871,1778663099.469284,1778663099.285628,1,0.115275,0.894786,-3.867303,-11.018919,0.749177,2.885278
240.460079,1778663099.616493,1778663099.381794,1,0.135676,0.892795,-3.839711,-11.039678,0.836281,2.886266
240.578653,1778663099.735064,1778663099.481200,1,0.145025,0.889703,-3.812655,-11.055336,0.897596,2.887925
240.663875,1778663099.820285,1778663099.581786,1,0.147723,0.888169,-3.819474,-11.046632,0.903044,2.885639
240.765477,1778663099.921886,1778663099.681356,1,0.151463,0.888125,-3.813101,-11.054265,0.915125,2.886794
240.869650,1778663100.026063,1778663099.781192,1,0.146370,0.888873,-3.811454,-11.052088,0.916043,2.887398
240.946621,1778663100.103030,1778663099.881657,1,0.140836,0.890674,-3.834465,-11.040108,0.878690,2.884797
241.061952,1778663100.218367,1778663099.981199,1,0.152710,0.886645,-3.824516,-11.041127,0.889882,2.885612
241.152212,1778663100.308621,1778663100.081712,1,0.150063,0.887407,-3.805634,-11.064535,0.911391,2.888300
241.240748,1778663100.397158,1778663100.181974,1,0.148511,0.888350,-3.813619,-11.056398,0.911641,2.885994
241.314420,1778663100.470831,1778663100.285628,1,0.120919,0.888299,-3.860440,-11.022929,0.761996,2.883797
241.453490,1778663100.609899,1778663100.381206,1,0.141406,0.889903,-3.825112,-11.043510,0.892947,2.885999
241.534149,1778663100.690558,1778663100.481188,1,0.142943,0.889929,-3.819631,-11.043485,0.910317,2.885508
241.645523,1778663100.801932,1778663100.581200,1,0.146588,0.886403,-3.816225,-11.055018,0.908709,2.886654
241.774017,1778663100.930427,1778663100.681787,1,0.143783,0.888600,-3.802615,-11.057568,0.902996,2.889063
241.830659,1778663100.987064,1778663100.781435,1,0.123023,0.864791,-3.747606,-11.046124,0.523181,2.900815
241.931817,1778663101.088240,1778663100.881195,1,0.133506,0.892294,-3.848017,-11.031644,0.820164,2.886709
242.063123,1778663101.219548,1778663100.981601,1,0.137288,0.892378,-3.838808,-11.037760,0.863201,2.886732
242.173688,1778663101.330098,1778663101.081217,1,0.155071,0.885727,-3.806980,-11.061662,0.916345,2.887781
242.257385,1778663101.413797,1778663101.181566,1,0.147453,0.888889,-3.812977,-11.048818,0.888865,2.887652
242.341882,1778663101.498292,1778663101.285696,1,0.116045,0.892824,-3.874068,-11.010945,0.747468,2.883107
242.429698,1778663101.586107,1778663101.381202,1,0.122902,0.865512,-3.767860,-11.037665,0.517866,2.899006
242.513954,1778663101.670395,1778663101.481212,1,0.122733,0.866590,-3.756356,-11.047012,0.527220,2.901213
242.665013,1778663101.821423,1778663101.581508,1,0.127345,0.896705,-3.855250,-11.027106,0.818469,2.885944
242.755779,1778663101.912189,1778663101.682067,1,0.138026,0.891251,-3.840817,-11.036959,0.876100,2.884020
242.841492,1778663101.997918,1778663101.781677,1,0.135278,0.892374,-3.841776,-11.031116,0.850159,2.886304
242.946093,1778663102.102511,1778663101.881253,1,0.139203,0.890265,-3.837774,-11.034612,0.874621,2.883818
243.034995,1778663102.191405,1778663101.981621,1,0.132175,0.894692,-3.850909,-11.023704,0.826982,2.886210
243.107314,1778663102.263740,1778663102.081832,1,0.121520,0.865421,-3.746085,-11.043015,0.530047,2.901164
243.243658,1778663102.400067,1778663102.181463,1,0.145662,0.889287,-3.807862,-11.054425,0.905874,2.888076
243.328884,1778663102.485293,1778663102.286024,1,0.120080,0.891917,-3.870159,-11.016520,0.748222,2.882692
243.458001,1778663102.614427,1778663102.381787,1,0.144072,0.890203,-3.812557,-11.052106,0.906468,2.887267
243.538068,1778663102.694484,1778663102.481229,1,0.139355,0.892009,-3.835342,-11.033442,0.884902,2.885105
243.662282,1778663102.818695,1778663102.582129,1,0.140951,0.890249,-3.833404,-11.034744,0.865091,2.885606
243.717417,1778663102.873836,1778663102.681210,1,0.123377,0.862416,-3.745161,-11.050125,0.535315,2.901452
243.834542,1778663102.990949,1778663102.781270,1,0.122869,0.863033,-3.753952,-11.046949,0.509369,2.900879
243.956869,1778663103.113281,1778663102.881737,1,0.153308,0.887176,-3.814813,-11.059142,0.903352,2.887240
244.012538,1778663103.168968,1778663102.981664,1,0.122893,0.866245,-3.755716,-11.046852,0.532855,2.900360
244.130647,1778663103.287059,1778663103.081458,1,0.137267,0.892321,-3.847162,-11.030997,0.855140,2.884226
244.200723,1778663103.357133,1778663103.181476,1,0.184731,0.793521,-3.582299,-10.937467,-0.484418,2.907230
244.287116,1778663103.443536,1778663103.286028,1,0.195428,0.780078,-3.581305,-10.946810,-0.467909,2.909357
244.446150,1778663103.602562,1778663103.381239,1,0.139702,0.890191,-3.842953,-11.034438,0.872746,2.883841
244.550467,1778663103.706877,1778663103.481277,1,0.136087,0.892141,-3.827703,-11.039598,0.885170,2.886620
244.648353,1778663103.804765,1778663103.581268,1,0.145081,0.889128,-3.809706,-11.056728,0.904254,2.889754
244.752495,1778663103.908908,1778663103.681824,1,0.142988,0.891230,-3.818238,-11.050192,0.898826,2.886029
244.815450,1778663103.971862,1778663103.782181,1,0.122573,0.864676,-3.745113,-11.043056,0.517970,2.901624
244.902071,1778663104.058486,1778663103.881270,1,0.120739,0.865232,-3.745644,-11.043488,0.523301,2.901124
245.008662,1778663104.165073,1778663103.981315,1,0.125517,0.863978,-3.751681,-11.042425,0.528899,2.899477
245.130547,1778663104.286960,1778663104.081267,1,0.131581,0.893709,-3.856336,-11.026202,0.828255,2.885129
245.282358,1778663104.438773,1778663104.181672,1,0.138414,0.891810,-3.829054,-11.044709,0.891597,2.886098
245.358324,1778663104.514737,1778663104.286072,1,0.115667,0.893840,-3.862312,-11.016584,0.753193,2.884756
245.409705,1778663104.566118,1778663104.381968,1,0.122139,0.868900,-3.763598,-11.032063,0.521469,2.898297
245.505317,1778663104.661732,1778663104.481802,1,0.121042,0.864309,-3.759719,-11.039882,0.522478,2.900912
245.640211,1778663104.796630,1778663104.581167,1,0.137662,0.891279,-3.827850,-11.050045,0.867870,2.887496
245.738939,1778663104.895349,1778663104.681276,1,0.131644,0.893187,-3.860271,-11.021667,0.808561,2.883107
245.849532,1778663105.005942,1778663104.781274,1,0.141018,0.889971,-3.843426,-11.039426,0.875802,2.885373
245.943432,1778663105.099840,1778663104.881266,1,0.131717,0.893256,-3.858029,-11.018674,0.799170,2.885253
246.034301,1778663105.190724,1778663104.981277,1,0.130526,0.892734,-3.841507,-11.033550,0.826267,2.888627
246.148978,1778663105.305407,1778663105.081275,1,0.138805,0.889607,-3.830404,-11.039249,0.858336,2.885817
246.196948,1778663105.353358,1778663105.181756,1,0.184898,0.793880,-3.579580,-10.936045,-0.491259,2.908427
246.312834,1778663105.469245,1778663105.285939,1,0.113731,0.893114,-3.857674,-11.017869,0.765003,2.885248
246.402180,1778663105.558596,1778663105.381631,1,0.183445,0.795163,-3.584372,-10.943843,-0.485177,2.907933
246.526267,1778663105.682681,1778663105.481277,1,0.134884,0.892130,-3.842881,-11.038473,0.856454,2.885406
246.646230,1778663105.802642,1778663105.581350,1,0.139176,0.891705,-3.835545,-11.034855,0.876451,2.884822
246.709639,1778663105.866051,1778663105.681342,1,0.126711,0.865315,-3.753504,-11.040406,0.532923,2.899815
246.833134,1778663105.989540,1778663105.781292,1,0.146521,0.889516,-3.824251,-11.044255,0.896303,2.884308
246.949621,1778663106.106034,1778663105.881325,1,0.145481,0.890679,-3.817221,-11.052565,0.907912,2.887485
247.050371,1778663106.206783,1778663105.981339,1,0.134139,0.893421,-3.851067,-11.025872,0.840690,2.886264
247.166757,1778663106.323169,1778663106.081307,1,0.138372,0.890309,-3.828606,-11.039641,0.859746,2.887494
247.229937,1778663106.386344,1778663106.181772,1,0.123320,0.864935,-3.747199,-11.049097,0.531176,2.900209
247.326199,1778663106.482615,1778663106.286039,1,0.114391,0.894234,-3.883776,-11.006783,0.739158,2.883580
247.458826,1778663106.615241,1778663106.381306,1,0.152642,0.887801,-3.819020,-11.054166,0.912297,2.886239
247.543184,1778663106.699593,1778663106.481934,1,0.144837,0.890323,-3.815858,-11.046208,0.906573,2.888024
247.658004,1778663106.814416,1778663106.581295,1,0.143759,0.889257,-3.806175,-11.051668,0.905294,2.887947
247.743708,1778663106.900124,1778663106.681305,1,0.142642,0.889448,-3.827349,-11.038553,0.899468,2.884069
247.847227,1778663107.003637,1778663106.782112,1,0.150729,0.886354,-3.812285,-11.060322,0.912889,2.887716
247.943300,1778663107.099707,1778663106.882016,1,0.140517,0.891326,-3.838990,-11.039538,0.876171,2.883824
248.004951,1778663107.161361,1778663106.981302,1,0.124804,0.863604,-3.747260,-11.046058,0.518230,2.900969
248.163490,1778663107.319913,1778663107.081322,1,0.132975,0.891958,-3.835032,-11.037802,0.845796,2.887125
248.240300,1778663107.396709,1778663107.181323,1,0.144164,0.887998,-3.812574,-11.057655,0.910854,2.887590
248.327758,1778663107.484167,1778663107.286550,1,0.121647,0.893550,-3.849227,-11.026626,0.768965,2.885273
248.449833,1778663107.606258,1778663107.382183,1,0.145014,0.889766,-3.831679,-11.039366,0.885933,2.885038
248.551606,1778663107.708014,1778663107.481350,1,0.147541,0.889256,-3.820348,-11.042222,0.911648,2.885826
248.641848,1778663107.798262,1778663107.581347,1,0.146954,0.887134,-3.821835,-11.047420,0.904000,2.885679
248.738458,1778663107.894885,1778663107.682219,1,0.140696,0.891606,-3.818855,-11.040396,0.897490,2.887122
248.842597,1778663107.999006,1778663107.781371,1,0.135510,0.893178,-3.842788,-11.039366,0.839771,2.886251
248.901509,1778663108.057918,1778663107.881329,1,0.121617,0.863290,-3.753065,-11.048102,0.506709,2.901334
249.062376,1778663108.218791,1778663107.981345,1,0.143243,0.889658,-3.825603,-11.044749,0.878736,2.885669
249.159150,1778663108.315563,1778663108.081363,1,0.139684,0.891787,-3.834175,-11.038341,0.874178,2.886022
249.274499,1778663108.430912,1778663108.181348,1,0.150130,0.886613,-3.808393,-11.060343,0.909945,2.887766
249.352539,1778663108.508951,1778663108.286181,1,0.120267,0.891379,-3.857479,-11.025191,0.761574,2.884348
249.409952,1778663108.566362,1778663108.381505,1,0.121126,0.865966,-3.760926,-11.043102,0.526057,2.897918
249.551099,1778663108.707514,1778663108.481323,1,0.140965,0.890274,-3.815242,-11.059257,0.908657,2.886321
249.652312,1778663108.808721,1778663108.581677,1,0.133244,0.892796,-3.852124,-11.031756,0.816999,2.886817
249.741190,1778663108.897616,1778663108.681247,1,0.142739,0.890358,-3.832942,-11.044164,0.879781,2.884951
249.836263,1778663108.992676,1778663108.781773,1,0.145885,0.888132,-3.827075,-11.042933,0.896580,2.884474
249.953758,1778663109.110172,1778663108.881717,1,0.150639,0.887678,-3.817808,-11.048921,0.918309,2.884988
250.063875,1778663109.220288,1778663108.981328,1,0.142339,0.891492,-3.819530,-11.049218,0.897823,2.887909
250.148026,1778663109.304438,1778663109.081442,1,0.147684,0.889289,-3.820830,-11.048956,0.896894,2.884996
250.266023,1778663109.422435,1778663109.181957,1,0.155997,0.885300,-3.801787,-11.061199,0.928490,2.887923
250.332542,1778663109.488951,1778663109.286154,1,0.117612,0.892158,-3.859640,-11.022043,0.754224,2.885016
250.431928,1778663109.588335,1778663109.381364,1,0.138709,0.892775,-3.828493,-11.040047,0.865150,2.887409
250.544823,1778663109.701231,1778663109.481976,1,0.123099,0.866638,-3.751533,-11.048532,0.533505,2.900322
250.600626,1778663109.757038,1778663109.581826,1,0.122229,0.864300,-3.752954,-11.036540,0.520719,2.899674
250.750667,1778663109.907103,1778663109.681397,1,0.144137,0.889832,-3.824546,-11.046011,0.885885,2.885635
250.798583,1778663109.954991,1778663109.781387,1,0.122414,0.864482,-3.758100,-11.039246,0.526566,2.899194
250.944602,1778663110.101014,1778663109.887419,1,0.145208,0.889354,-3.821536,-11.046865,0.893593,2.885804
251.006511,1778663110.162922,1778663109.981380,1,0.122720,0.864516,-3.751001,-11.049273,0.535588,2.899230
251.109473,1778663110.265884,1778663110.081503,1,0.123957,0.863187,-3.747708,-11.049142,0.527204,2.898884
251.239858,1778663110.396266,1778663110.181386,1,0.155276,0.884488,-3.800104,-11.059326,0.935926,2.886483
251.315964,1778663110.472396,1778663110.286026,1,0.117743,0.891219,-3.842973,-11.032807,0.779086,2.885159
251.447422,1778663110.603857,1778663110.381975,1,0.148019,0.885399,-3.804430,-11.062703,0.915715,2.887618
251.535989,1778663110.692408,1778663110.481561,1,0.147469,0.886906,-3.806632,-11.061786,0.915449,2.886134
251.621586,1778663110.778000,1778663110.581441,1,0.149711,0.886406,-3.808140,-11.057949,0.921644,2.884869
251.710969,1778663110.867378,1778663110.681932,1,0.128549,0.863150,-3.748301,-11.049175,0.543444,2.898527
251.848978,1778663111.005388,1778663110.781391,1,0.149009,0.885399,-3.806051,-11.061372,0.914902,2.888092
251.909894,1778663111.066308,1778663110.881399,1,0.126734,0.863741,-3.743946,-11.044645,0.527886,2.899355
252.053775,1778663111.210187,1778663110.981419,1,0.152794,0.885845,-3.812509,-11.052323,0.918704,2.885615
252.168287,1778663111.324697,1778663111.081612,1,0.144514,0.887933,-3.831785,-11.041477,0.882098,2.883803
252.219251,1778663111.375664,1778663111.181381,1,0.125714,0.862629,-3.744784,-11.048391,0.533014,2.899937
252.351998,1778663111.508410,1778663111.285843,1,0.121504,0.889518,-3.850680,-11.027963,0.769167,2.883404
252.410820,1778663111.567231,1778663111.381378,1,0.122872,0.865193,-3.750697,-11.046962,0.530901,2.899532
252.566601,1778663111.723011,1778663111.481408,1,0.139586,0.891751,-3.827830,-11.033578,0.883445,2.885307
252.627196,1778663111.783679,1778663111.581757,1,0.124280,0.864803,-3.759026,-11.037640,0.519993,2.899880
252.710699,1778663111.867121,1778663111.681570,1,0.124429,0.865086,-3.751116,-11.048643,0.525576,2.900631
252.801803,1778663111.958220,1778663111.781573,1,0.125610,0.865387,-3.747505,-11.053431,0.548262,2.899860
252.943824,1778663112.100237,1778663111.881424,1,0.149262,0.885608,-3.800772,-11.059490,0.914988,2.888517
253.040151,1778663112.196561,1778663111.981883,1,0.154096,0.883598,-3.785097,-11.071802,0.936128,2.888646
253.125441,1778663112.281853,1778663112.081603,1,0.188263,0.790771,-3.582695,-10.938209,-0.483889,2.903935
253.196630,1778663112.353043,1778663112.181512,1,0.126795,0.862177,-3.743021,-11.053546,0.547647,2.897369
253.352891,1778663112.509303,1778663112.286097,1,0.122203,0.890496,-3.836002,-11.038901,0.788741,2.883344
253.441756,1778663112.598186,1778663112.381410,1,0.156873,0.883887,-3.797076,-11.074353,0.928285,2.885785
253.505783,1778663112.662201,1778663112.481412,1,0.126971,0.861218,-3.745113,-11.051900,0.536416,2.896756
253.638537,1778663112.794945,1778663112.581906,1,0.151927,0.884176,-3.795539,-11.069764,0.915795,2.886939
253.716114,1778663112.872525,1778663112.681401,1,0.126902,0.860448,-3.739872,-11.048457,0.533294,2.896580
253.832227,1778663112.988640,1778663112.781420,1,0.130315,0.859333,-3.735976,-11.055639,0.544313,2.896213
253.953301,1778663113.109714,1778663112.881834,1,0.155456,0.885448,-3.805479,-11.051891,0.922595,2.882193
254.036394,1778663113.192807,1778663112.982095,1,0.152166,0.885763,-3.799628,-11.063048,0.921118,2.884377
254.152660,1778663113.309070,1778663113.081479,1,0.152944,0.885347,-3.792915,-11.071134,0.922662,2.884980
254.263052,1778663113.419463,1778663113.181432,1,0.154372,0.884122,-3.792108,-11.075249,0.915046,2.885655
254.327278,1778663113.483697,1778663113.286151,1,0.118213,0.890852,-3.839600,-11.035542,0.770211,2.880956
254.455973,1778663113.612387,1778663113.381626,1,0.152602,0.884021,-3.793088,-11.070280,0.915254,2.884230
254.515016,1778663113.671424,1778663113.481599,1,0.125362,0.862104,-3.744424,-11.054923,0.523483,2.894799
254.658713,1778663113.815123,1778663113.581434,1,0.152432,0.884218,-3.793391,-11.071438,0.915430,2.883225
254.754584,1778663113.911001,1778663113.681800,1,0.150641,0.883995,-3.791714,-11.073413,0.920914,2.884466
254.811820,1778663113.968231,1778663113.781437,1,0.125762,0.861417,-3.744339,-11.046860,0.541931,2.893093
254.938254,1778663114.094663,1778663113.884786,1,0.154187,0.883467,-3.781376,-11.070281,0.930233,2.883498
255.035889,1778663114.192302,1778663113.982934,1,0.149789,0.887364,-3.800272,-11.053103,0.916191,2.879451
255.141679,1778663114.298090,1778663114.081861,1,0.147612,0.886595,-3.791253,-11.062562,0.926769,2.879497
255.195694,1778663114.352107,1778663114.181449,1,0.193223,0.786314,-3.580636,-10.940542,-0.478590,2.898119
255.285809,1778663114.442218,1778663114.285957,1,0.199553,0.776375,-3.570735,-10.958552,-0.463596,2.899713
255.458688,1778663114.615099,1778663114.381619,1,0.152722,0.885251,-3.782015,-11.075842,0.935211,2.880602
255.548048,1778663114.704460,1778663114.481610,1,0.154384,0.884693,-3.784234,-11.069320,0.929221,2.880428
255.665097,1778663114.821507,1778663114.581461,1,0.149838,0.886471,-3.781874,-11.080940,0.931895,2.883261
255.750121,1778663114.906534,1778663114.681626,1,0.152348,0.885648,-3.776658,-11.072707,0.928565,2.882708
255.790399,1778663114.946841,1778663114.781438,1,0.188526,0.790127,-3.578091,-10.943510,-0.485020,2.898306
255.969420,1778663115.125835,1778663114.881487,1,0.152747,0.885159,-3.780905,-11.080058,0.928581,2.881671
256.076858,1778663115.233276,1778663114.983191,1,0.146588,0.887421,-3.783223,-11.072390,0.915967,2.881284
256.164798,1778663115.321208,1778663115.081526,1,0.148692,0.885547,-3.788473,-11.072976,0.914181,2.880711
256.252408,1778663115.408830,1778663115.181471,1,0.146522,0.887565,-3.788117,-11.069215,0.916261,2.880259
256.325565,1778663115.481979,1778663115.286092,1,0.113464,0.894517,-3.841364,-11.040461,0.753832,2.879377
256.408338,1778663115.564748,1778663115.381495,1,0.126262,0.864412,-3.731476,-11.064877,0.558634,2.893149
256.544247,1778663115.700658,1778663115.481483,1,0.151525,0.886688,-3.787885,-11.067756,0.928532,2.881021
256.635326,1778663115.791738,1778663115.581519,1,0.126307,0.861095,-3.739125,-11.055656,0.538911,2.892196
256.753947,1778663115.910360,1778663115.681474,1,0.151900,0.884725,-3.776950,-11.084853,0.931023,2.882832
256.874193,1778663116.030607,1778663115.781543,1,0.153623,0.884963,-3.791598,-11.067347,0.922622,2.882405
256.917889,1778663116.074300,1778663115.881513,1,0.194836,0.784810,-3.579404,-10.944897,-0.486189,2.901238
257.007730,1778663116.164141,1778663115.981759,1,0.188954,0.788838,-3.569308,-10.939840,-0.486301,2.898014
257.143447,1778663116.299858,1778663116.081903,1,0.149398,0.885842,-3.785758,-11.072013,0.925369,2.882026
257.247952,1778663116.404362,1778663116.182028,1,0.145624,0.887631,-3.793077,-11.070472,0.920651,2.880195
257.340582,1778663116.497008,1778663116.286257,1,0.119074,0.892574,-3.825077,-11.040730,0.787529,2.880037
257.426956,1778663116.583366,1778663116.382438,1,0.147452,0.885751,-3.802625,-11.060593,0.914116,2.879252
257.553995,1778663116.710409,1778663116.481462,1,0.153090,0.885800,-3.793789,-11.066152,0.923427,2.880942
257.640755,1778663116.797172,1778663116.581510,1,0.149667,0.886139,-3.801181,-11.064694,0.911917,2.880096
257.744008,1778663116.900422,1778663116.682023,1,0.152413,0.885891,-3.783059,-11.071551,0.914167,2.881667
257.847371,1778663117.003802,1778663116.781511,1,0.155158,0.883038,-3.786336,-11.076595,0.932524,2.883012
257.949494,1778663117.105934,1778663116.881860,1,0.150635,0.886679,-3.782003,-11.077435,0.919941,2.882646
257.995483,1778663117.151896,1778663116.981503,1,0.188020,0.791053,-3.574351,-10.942873,-0.481437,2.898348
258.145304,1778663117.301713,1778663117.081491,1,0.148135,0.886210,-3.781715,-11.083628,0.934442,2.883536
258.260667,1778663117.417077,1778663117.181481,1,0.151315,0.885423,-3.782212,-11.077507,0.927554,2.881467
258.332705,1778663117.489115,1778663117.285987,1,0.119445,0.890912,-3.833232,-11.038872,0.783765,2.878807
258.434868,1778663117.591281,1778663117.381886,1,0.153167,0.884349,-3.773598,-11.081991,0.935658,2.884112
258.553508,1778663117.709924,1778663117.481491,1,0.153817,0.884560,-3.786174,-11.066268,0.934973,2.881191
258.600543,1778663117.756953,1778663117.582007,1,0.189289,0.789097,-3.573555,-10.930387,-0.480847,2.898437
258.762951,1778663117.919377,1778663117.681527,1,0.148211,0.886047,-3.795377,-11.069270,0.916396,2.880491
258.855166,1778663118.011580,1778663117.781595,1,0.155109,0.883904,-3.779781,-11.074440,0.938035,2.881957
258.981885,1778663118.138298,1778663117.881523,1,0.151336,0.885780,-3.787829,-11.070158,0.928031,2.880668
259.035343,1778663118.191750,1778663117.981537,1,0.187895,0.790840,-3.575895,-10.942458,-0.484052,2.897898
259.145238,1778663118.301646,1778663118.081687,1,0.151217,0.884704,-3.786575,-11.068417,0.926664,2.880945
259.233652,1778663118.390061,1778663118.181516,1,0.152040,0.885381,-3.783341,-11.072524,0.927118,2.880331
259.311864,1778663118.468273,1778663118.286221,1,0.119409,0.891088,-3.839597,-11.037955,0.790068,2.876565
259.451785,1778663118.608199,1778663118.381513,1,0.150938,0.884373,-3.789675,-11.080075,0.926526,2.881377
259.506195,1778663118.662610,1778663118.481944,1,0.125380,0.863715,-3.734707,-11.060404,0.542700,2.893401
259.643770,1778663118.800185,1778663118.581583,1,0.150954,0.886608,-3.802640,-11.063696,0.910910,2.878680
259.744125,1778663118.900536,1778663118.681547,1,0.160509,0.880929,-3.781893,-11.079493,0.916483,2.881840
259.838481,1778663118.994909,1778663118.781960,1,0.121789,0.863893,-3.757580,-11.050489,0.524814,2.891284
259.923754,1778663119.080168,1778663118.881962,1,0.150905,0.886266,-3.789418,-11.078114,0.919342,2.881675
260.043907,1778663119.200317,1778663118.981537,1,0.149184,0.885993,-3.789284,-11.080596,0.930712,2.880535
260.148761,1778663119.305173,1778663119.081896,1,0.146639,0.887032,-3.782424,-11.074525,0.921877,2.882030
260.238781,1778663119.395188,1778663119.183326,1,0.156723,0.883778,-3.777929,-11.077931,0.926958,2.882066
260.323347,1778663119.479763,1778663119.286424,1,0.119771,0.891694,-3.842264,-11.021741,0.791135,2.874954
260.438655,1778663119.595066,1778663119.381976,1,0.155707,0.884918,-3.774290,-11.080478,0.940528,2.882054
260.499379,1778663119.655787,1778663119.482037,1,0.186883,0.791176,-3.574864,-10.940927,-0.478455,2.897779
260.647696,1778663119.804122,1778663119.581577,1,0.153909,0.885335,-3.792779,-11.070337,0.929645,2.880146
260.740816,1778663119.897236,1778663119.681739,1,0.152913,0.884675,-3.785838,-11.078033,0.914536,2.881960
260.863984,1778663120.020394,1778663119.781566,1,0.148816,0.886049,-3.792980,-11.069427,0.918903,2.879621
260.942495,1778663120.098907,1778663119.881558,1,0.150915,0.885366,-3.788655,-11.073455,0.922020,2.881004
260.996548,1778663120.152964,1778663119.981575,1,0.188320,0.790982,-3.577596,-10.941905,-0.487549,2.899355
261.152130,1778663120.308541,1778663120.081583,1,0.156514,0.882421,-3.776509,-11.075857,0.931490,2.882077
261.247731,1778663120.404147,1778663120.181739,1,0.153665,0.885489,-3.798080,-11.076397,0.918566,2.879358
261.326447,1778663120.482862,1778663120.286009,1,0.112071,0.893956,-3.843394,-11.037872,0.745666,2.878880
261.454615,1778663120.611024,1778663120.381566,1,0.151642,0.885187,-3.783917,-11.075312,0.931781,2.880583
261.505649,1778663120.662066,1778663120.481576,1,0.187354,0.791995,-3.574381,-10.942098,-0.485000,2.898850
261.641260,1778663120.797668,1778663120.582113,1,0.154038,0.884516,-3.779990,-11.079210,0.926775,2.881664
261.748328,1778663120.904743,1778663120.681560,1,0.148888,0.887132,-3.787347,-11.065531,0.922034,2.881467
261.809814,1778663120.966244,1778663120.781863,1,0.125527,0.861516,-3.744032,-11.049119,0.541924,2.891444
261.924329,1778663121.080739,1778663120.881932,1,0.153637,0.885122,-3.781408,-11.077393,0.929293,2.881534
262.001847,1778663121.158259,1778663120.981571,1,0.190271,0.788335,-3.570703,-10.948432,-0.476146,2.898501
262.165350,1778663121.321762,1778663121.082050,1,0.147531,0.886282,-3.794847,-11.077435,0.915495,2.880888
262.264345,1778663121.420757,1778663121.181839,1,0.146622,0.886111,-3.790839,-11.072172,0.924411,2.880980
262.332846,1778663121.489265,1778663121.286264,1,0.118262,0.892096,-3.822309,-11.047464,0.794758,2.879084
262.444698,1778663121.601106,1778663121.381595,1,0.153858,0.884185,-3.783837,-11.073279,0.929224,2.881643
262.520428,1778663121.676839,1778663121.481817,1,0.123702,0.863799,-3.743625,-11.056157,0.534294,2.891663
262.637425,1778663121.793834,1778663121.581877,1,0.151261,0.885430,-3.795110,-11.059705,0.909453,2.880254
262.721596,1778663121.878017,1778663121.681599,1,0.126877,0.862914,-3.738042,-11.052588,0.560564,2.891559
262.841321,1778663121.997730,1778663121.781589,1,0.153620,0.884831,-3.785102,-11.069158,0.929043,2.880672
262.896791,1778663122.053203,1778663121.881666,1,0.187631,0.790531,-3.576745,-10.942796,-0.481839,2.898705
263.039269,1778663122.195692,1778663121.981671,1,0.148089,0.884494,-3.790512,-11.070108,0.920762,2.881545
263.136768,1778663122.293186,1778663122.081622,1,0.152829,0.884339,-3.791115,-11.075333,0.923397,2.881045
263.233922,1778663122.390332,1778663122.181983,1,0.125137,0.860518,-3.734143,-11.063330,0.524321,2.891847
263.319776,1778663122.476189,1778663122.286311,1,0.116498,0.893607,-3.837099,-11.033875,0.784279,2.877455
263.455625,1778663122.612047,1778663122.381549,1,0.150221,0.885940,-3.793858,-11.068521,0.919153,2.880660
263.588856,1778663122.745268,1778663122.481501,1,0.147336,0.886018,-3.796033,-11.074222,0.911380,2.880305
263.666754,1778663122.823189,1778663122.581616,1,0.153894,0.884913,-3.775728,-11.084476,0.933801,2.882260
263.766260,1778663122.922670,1778663122.681606,1,0.154659,0.884473,-3.784123,-11.072447,0.929025,2.880865
263.825126,1778663122.981564,1778663122.782703,1,0.122741,0.863323,-3.735994,-11.052058,0.521574,2.893129
263.962734,1778663123.119143,1778663122.881636,1,0.150871,0.885881,-3.800238,-11.060602,0.918723,2.878172
264.054578,1778663123.210988,1778663122.981873,1,0.147151,0.888125,-3.790483,-11.073719,0.917091,2.880657
264.142074,1778663123.298485,1778663123.081980,1,0.152286,0.885645,-3.780745,-11.076825,0.930989,2.881518
264.236894,1778663123.393303,1778663123.181601,1,0.152590,0.885526,-3.788183,-11.067114,0.926960,2.880538
264.322834,1778663123.479245,1778663123.286092,1,0.117946,0.893796,-3.835654,-11.038501,0.776891,2.877924
264.455839,1778663123.612252,1778663123.381713,1,0.148707,0.886034,-3.786920,-11.072845,0.930191,2.880288
264.551334,1778663123.707746,1778663123.481859,1,0.149654,0.885029,-3.784668,-11.081647,0.924046,2.881473
264.642743,1778663123.799154,1778663123.581653,1,0.153660,0.883987,-3.777990,-11.084645,0.924975,2.881666
264.765032,1778663123.921444,1778663123.681836,1,0.147239,0.886670,-3.795713,-11.069809,0.915405,2.880947
264.853347,1778663124.009758,1778663123.782312,1,0.149039,0.885147,-3.789329,-11.074661,0.930497,2.879160
264.956524,1778663124.112937,1778663123.881667,1,0.148885,0.886623,-3.780635,-11.078379,0.925444,2.881662
265.012064,1778663124.168475,1778663123.982155,1,0.189320,0.790001,-3.581493,-10.945931,-0.482673,2.898631
265.133994,1778663124.290402,1778663124.081961,1,0.155268,0.883778,-3.784856,-11.074587,0.922551,2.881132
265.255551,1778663124.411962,1778663124.181835,1,0.150130,0.885340,-3.774247,-11.077241,0.928022,2.881647
265.323061,1778663124.479485,1778663124.286112,1,0.110810,0.894283,-3.842658,-11.039244,0.763334,2.877854
265.435733,1778663124.592142,1778663124.381877,1,0.151844,0.884002,-3.787437,-11.070154,0.914417,2.879889
265.546493,1778663124.702902,1778663124.481646,1,0.148465,0.884355,-3.791585,-11.081979,0.922719,2.881106
265.662787,1778663124.819197,1778663124.581665,1,0.149056,0.885962,-3.779012,-11.073953,0.925652,2.882122
265.710987,1778663124.867434,1778663124.681716,1,0.188067,0.790595,-3.574528,-10.947001,-0.484094,2.898067
265.878812,1778663125.035221,1778663124.781664,1,0.146977,0.886523,-3.796778,-11.070245,0.911664,2.879502
265.972116,1778663125.128527,1778663124.881737,1,0.150388,0.886009,-3.789423,-11.070498,0.925140,2.879190
266.014375,1778663125.170789,1778663124.981681,1,0.189532,0.789338,-3.575363,-10.943624,-0.481618,2.898400
266.100522,1778663125.256935,1778663125.081649,1,0.126022,0.860898,-3.732589,-11.055206,0.548651,2.891567
266.254735,1778663125.411145,1778663125.181659,1,0.149153,0.885907,-3.784629,-11.073634,0.927377,2.880364
266.316612,1778663125.473031,1778663125.286641,1,0.117076,0.891577,-3.823280,-11.045799,0.775566,2.878347
266.465757,1778663125.622167,1778663125.382344,1,0.146907,0.886933,-3.788581,-11.074897,0.914569,2.881016
266.558959,1778663125.715376,1778663125.482646,1,0.145534,0.886318,-3.800905,-11.068350,0.913247,2.878195
266.653652,1778663125.810066,1778663125.581815,1,0.149450,0.886801,-3.784967,-11.078870,0.919299,2.880535
266.702631,1778663125.859047,1778663125.681682,1,0.189918,0.789459,-3.573993,-10.944301,-0.479782,2.897846
266.843455,1778663125.999862,1778663125.781693,1,0.150605,0.884791,-3.796435,-11.072330,0.912369,2.880235
266.958831,1778663126.115258,1778663125.881718,1,0.150214,0.885476,-3.782756,-11.078106,0.931209,2.882221
267.051646,1778663126.208063,1778663125.981670,1,0.150368,0.884460,-3.783152,-11.081584,0.920019,2.881104
267.146627,1778663126.303037,1778663126.081669,1,0.149690,0.885423,-3.797792,-11.071317,0.913042,2.879030
267.245872,1778663126.402282,1778663126.181690,1,0.156030,0.883708,-3.780195,-11.081711,0.940909,2.881331
267.318042,1778663126.474460,1778663126.286381,1,0.119042,0.891501,-3.809610,-11.060372,0.783645,2.880947
267.443597,1778663126.600027,1778663126.381684,1,0.148528,0.885107,-3.799560,-11.066250,0.922472,2.878998
267.550561,1778663126.706970,1778663126.481700,1,0.152793,0.884887,-3.781376,-11.070078,0.920217,2.882194
267.652553,1778663126.808964,1778663126.581853,1,0.150881,0.885064,-3.792415,-11.082852,0.920644,2.880406
267.768930,1778663126.925342,1778663126.681714,1,0.150765,0.886552,-3.792910,-11.069940,0.924713,2.878314
267.821149,1778663126.977561,1778663126.781684,1,0.190176,0.788961,-3.572405,-10.944124,-0.482790,2.898934
267.937327,1778663127.093739,1778663126.881949,1,0.150654,0.884471,-3.779279,-11.077024,0.924683,2.881760
268.042052,1778663127.198460,1778663126.981989,1,0.147753,0.887518,-3.799615,-11.063812,0.913573,2.878779
268.128610,1778663127.285026,1778663127.081679,1,0.153568,0.885415,-3.784788,-11.071737,0.932821,2.880521
268.192746,1778663127.349167,1778663127.181915,1,0.191623,0.787464,-3.576977,-10.944939,-0.483846,2.898785
268.288816,1778663127.445226,1778663127.286420,1,0.200887,0.774965,-3.564609,-10.949841,-0.470246,2.900170
268.491684,1778663127.648093,1778663127.381735,1,0.151527,0.885669,-3.800359,-11.068388,0.915987,2.878012
268.525400,1778663127.681819,1778663127.482075,1,0.186848,0.792255,-3.576110,-10.943280,-0.484871,2.897048
268.637084,1778663127.793496,1778663127.582880,1,0.148988,0.884444,-3.793868,-11.074105,0.922051,2.880216
268.736373,1778663127.892782,1778663127.681753,1,0.148875,0.885813,-3.784560,-11.077023,0.922194,2.880780
268.797689,1778663127.954099,1778663127.781706,1,0.186117,0.793653,-3.574089,-10.942344,-0.484307,2.898903
268.961055,1778663128.117483,1778663127.882351,1,0.148135,0.886485,-3.791378,-11.075219,0.922566,2.879653
269.054004,1778663128.210416,1778663127.982321,1,0.147300,0.885203,-3.791175,-11.069654,0.915671,2.878686
269.138124,1778663128.294533,1778663128.082072,1,0.149526,0.886151,-3.777587,-11.076779,0.926155,2.881850
269.200834,1778663128.357246,1778663128.181796,1,0.189602,0.789223,-3.576161,-10.935893,-0.484538,2.899098
269.317768,1778663128.474179,1778663128.286267,1,0.198809,0.777691,-3.576131,-10.955084,-0.467617,2.899485
269.445360,1778663128.601794,1778663128.382092,1,0.154400,0.884345,-3.786387,-11.082788,0.917362,2.881432
269.560615,1778663128.717037,1778663128.481709,1,0.151223,0.885616,-3.789140,-11.080941,0.923766,2.880889
269.654486,1778663128.810933,1778663128.581723,1,0.147315,0.886377,-3.814061,-11.057346,0.896304,2.876827
269.737474,1778663128.893886,1778663128.681731,1,0.151631,0.885452,-3.777769,-11.070801,0.935973,2.880956
269.830544,1778663128.986953,1778663128.781695,1,0.193286,0.785989,-3.579061,-10.939531,-0.484813,2.899161
269.935048,1778663129.091469,1778663128.882143,1,0.155161,0.884890,-3.781849,-11.073951,0.933965,2.880650
270.031058,1778663129.187466,1778663128.981704,1,0.150472,0.884555,-3.788243,-11.078934,0.911367,2.879926
270.098490,1778663129.254901,1778663129.082032,1,0.188361,0.790828,-3.578699,-10.941322,-0.486380,2.899607
270.265187,1778663129.421602,1778663129.182014,1,0.149008,0.886302,-3.782406,-11.077964,0.919702,2.881270
270.320902,1778663129.477317,1778663129.286191,1,0.110913,0.893899,-3.844927,-11.028619,0.757876,2.878949
270.457201,1778663129.613612,1778663129.381771,1,0.144893,0.887710,-3.801876,-11.062251,0.908938,2.879045
270.539039,1778663129.695445,1778663129.481750,1,0.146692,0.886838,-3.796410,-11.067313,0.916462,2.879803
270.634640,1778663129.791048,1778663129.581756,1,0.124219,0.864954,-3.746027,-11.056113,0.540207,2.890399
270.743853,1778663129.900265,1778663129.681769,1,0.146641,0.887850,-3.788496,-11.078967,0.912485,2.881591
270.841151,1778663129.997560,1778663129.782001,1,0.153039,0.885123,-3.781700,-11.078326,0.917516,2.881633
270.897274,1778663130.053684,1778663129.881754,1,0.187960,0.790934,-3.573748,-10.942959,-0.484321,2.898130
271.040828,1778663130.197237,1778663129.981736,1,0.156080,0.883791,-3.785544,-11.076335,0.933210,2.880860
271.144835,1778663130.301247,1778663130.081713,1,0.152277,0.885187,-3.788128,-11.078240,0.924384,2.880381
271.238095,1778663130.394505,1778663130.181891,1,0.146578,0.887292,-3.787285,-11.080009,0.914232,2.881834
271.320659,1778663130.477075,1778663130.286251,1,0.114950,0.891850,-3.826449,-11.038683,0.781492,2.878967
271.465810,1778663130.622226,1778663130.381755,1,0.152036,0.885154,-3.781281,-11.073188,0.923642,2.880984
271.551195,1778663130.707606,1778663130.481990,1,0.151858,0.883688,-3.798059,-11.066845,0.904108,2.880068
271.635700,1778663130.792113,1778663130.581761,1,0.150486,0.883797,-3.792407,-11.077468,0.924145,2.880090
271.718263,1778663130.874676,1778663130.681773,1,0.126642,0.862801,-3.736679,-11.063799,0.544627,2.892354
271.864056,1778663131.020468,1778663130.781830,1,0.142660,0.889192,-3.800217,-11.059134,0.916556,2.878097
271.979225,1778663131.135637,1778663130.881764,1,0.154464,0.884588,-3.792505,-11.070765,0.930327,2.879648
272.054944,1778663131.211357,1778663130.981850,1,0.142401,0.887433,-3.784686,-11.079986,0.921494,2.881560
272.174629,1778663131.331040,1778663131.082570,1,0.148240,0.886595,-3.789518,-11.064403,0.910546,2.879898
272.218927,1778663131.375341,1778663131.181769,1,0.188108,0.790857,-3.574139,-10.943787,-0.484110,2.898868
272.324939,1778663131.481352,1778663131.286239,1,0.203781,0.771075,-3.573374,-10.948571,-0.462336,2.899589
272.453982,1778663131.610396,1778663131.382107,1,0.149215,0.884996,-3.786880,-11.070593,0.923579,2.880568
272.564617,1778663131.721046,1778663131.481968,1,0.146843,0.884891,-3.789724,-11.071243,0.919797,2.879899
272.612432,1778663131.768872,1778663131.581824,1,0.189226,0.789602,-3.575104,-10.945041,-0.481690,2.899145
272.739324,1778663131.895736,1778663131.681817,1,0.154066,0.884532,-3.781318,-11.076060,0.926867,2.880732
272.844663,1778663132.001073,1778663131.781812,1,0.149593,0.884736,-3.787832,-11.078332,0.918265,2.881129
272.902824,1778663132.059235,1778663131.881809,1,0.187676,0.791661,-3.571998,-10.942937,-0.485979,2.898350
273.041080,1778663132.197507,1778663131.981793,1,0.148109,0.884775,-3.780878,-11.077684,0.926820,2.881475
273.143809,1778663132.300221,1778663132.082057,1,0.147741,0.885838,-3.783955,-11.078327,0.923946,2.880416
273.218957,1778663132.375384,1778663132.182335,1,0.123943,0.865783,-3.742330,-11.059406,0.547594,2.890663
273.317393,1778663132.473804,1778663132.286240,1,0.119255,0.890835,-3.824342,-11.048012,0.783015,2.877900
273.456742,1778663132.613154,1778663132.381773,1,0.148175,0.885003,-3.800571,-11.065042,0.907012,2.878660
273.554181,1778663132.710595,1778663132.481801,1,0.150454,0.884820,-3.792421,-11.069937,0.929120,2.879519
273.644436,1778663132.800848,1778663132.582232,1,0.148996,0.886328,-3.791460,-11.069715,0.922193,2.880014
273.697491,1778663132.853904,1778663132.682220,1,0.195878,0.783529,-3.576636,-10.942360,-0.482728,2.899027
273.862330,1778663133.018761,1778663132.782537,1,0.151914,0.885845,-3.775423,-11.075101,0.924045,2.882028
273.941481,1778663133.097892,1778663132.881796,1,0.148519,0.886021,-3.788534,-11.063634,0.928344,2.880230
274.045315,1778663133.201724,1778663132.982234,1,0.152393,0.885222,-3.782498,-11.079822,0.929691,2.881857
274.149815,1778663133.306231,1778663133.081923,1,0.149319,0.884942,-3.779550,-11.078728,0.926432,2.881720
274.189798,1778663133.346206,1778663133.182191,1,0.189365,0.790189,-3.573917,-10.947015,-0.482122,2.897922
274.285815,1778663133.442227,1778663133.286460,1,0.201862,0.774350,-3.575273,-10.950647,-0.468657,2.898976
274.451257,1778663133.607670,1778663133.381886,1,0.150746,0.883203,-3.789313,-11.074565,0.914618,2.882420
274.551619,1778663133.708057,1778663133.482112,1,0.154545,0.885534,-3.782373,-11.078883,0.935588,2.880438
274.639476,1778663133.795883,1778663133.582050,1,0.149863,0.886819,-3.797234,-11.069763,0.918762,2.878908
274.687648,1778663133.844056,1778663133.681831,1,0.189556,0.788527,-3.580089,-10.941700,-0.482006,2.899403
274.826939,1778663133.983352,1778663133.782116,1,0.153267,0.884056,-3.773065,-11.074881,0.929045,2.881700
274.913518,1778663134.069928,1778663133.881837,1,0.123719,0.863434,-3.735590,-11.061344,0.542137,2.891743
275.047893,1778663134.204305,1778663133.981828,1,0.145203,0.886787,-3.798058,-11.071712,0.898811,2.880384
275.143690,1778663134.300102,1778663134.081761,1,0.150632,0.886147,-3.790393,-11.073388,0.915238,2.881081
275.218596,1778663134.375006,1778663134.181859,1,0.123659,0.864319,-3.732726,-11.056808,0.539427,2.892115
275.305767,1778663134.462178,1778663134.286779,1,0.115951,0.891680,-3.847395,-11.030816,0.769786,2.876444
275.465297,1778663134.621725,1778663134.381845,1,0.149799,0.886380,-3.788718,-11.072781,0.924126,2.880663
275.559438,1778663134.715862,1778663134.481834,1,0.148953,0.886092,-3.788042,-11.080213,0.921458,2.880823
275.641958,1778663134.798368,1778663134.581833,1,0.149021,0.885850,-3.799030,-11.073229,0.904901,2.880261
275.737478,1778663134.893899,1778663134.682114,1,0.157099,0.883174,-3.786463,-11.077694,0.934282,2.879416
275.792832,1778663134.949243,1778663134.781946,1,0.188336,0.790897,-3.570048,-10.943096,-0.484173,2.898489
275.983807,1778663135.140218,1778663134.881871,1,0.152750,0.885156,-3.797479,-11.068111,0.924478,2.878617
276.056547,1778663135.212964,1778663134.981860,1,0.146164,0.886559,-3.790344,-11.063982,0.933585,2.878847
276.111981,1778663135.268391,1778663135.082141,1,0.189386,0.791256,-3.573707,-10.941278,-0.488003,2.899590
276.226574,1778663135.382987,1778663135.182273,1,0.151690,0.885041,-3.788978,-11.081938,0.926556,2.880865
276.301114,1778663135.457523,1778663135.286293,1,0.118796,0.889862,-3.827105,-11.036062,0.780553,2.879679
276.432117,1778663135.588525,1778663135.381878,1,0.151646,0.884681,-3.778138,-11.083533,0.931946,2.881405
276.497242,1778663135.653657,1778663135.481921,1,0.190579,0.789699,-3.574394,-10.940070,-0.482431,2.898775
276.669634,1778663135.826049,1778663135.581889,1,0.153956,0.883668,-3.780092,-11.080222,0.923222,2.881051
276.753908,1778663135.910324,1778663135.681874,1,0.155068,0.883894,-3.784718,-11.079816,0.935032,2.881110
276.798723,1778663135.955138,1778663135.781915,1,0.187903,0.791385,-3.574539,-10.945200,-0.484691,2.898868
276.937849,1778663136.094262,1778663135.882324,1,0.152915,0.885258,-3.774455,-11.085934,0.928932,2.882062
277.060987,1778663136.217400,1778663135.981871,1,0.151528,0.885001,-3.782368,-11.079652,0.936617,2.881097
277.100920,1778663136.257329,1778663136.081887,1,0.188441,0.790644,-3.570928,-10.941546,-0.481423,2.898487
277.229030,1778663136.385437,1778663136.181876,1,0.152397,0.886605,-3.783623,-11.075295,0.931709,2.881295
277.319389,1778663136.475797,1778663136.286335,1,0.115896,0.893767,-3.840358,-11.039385,0.764264,2.878649
277.457544,1778663136.613968,1778663136.381804,1,0.154517,0.883927,-3.783308,-11.076303,0.929664,2.881964
277.549207,1778663136.705614,1778663136.481861,1,0.150606,0.884869,-3.776709,-11.075688,0.932096,2.881156
277.598705,1778663136.755123,1778663136.582211,1,0.188742,0.789398,-3.573058,-10.941894,-0.480863,2.897928
277.741943,1778663136.898355,1778663136.681875,1,0.152340,0.884544,-3.784171,-11.079412,0.933372,2.881088
277.825890,1778663136.982300,1778663136.781889,1,0.151998,0.885006,-3.791521,-11.066113,0.927660,2.880107
277.943240,1778663137.099657,1778663136.881906,1,0.155005,0.882853,-3.789567,-11.075142,0.925100,2.880483
278.029926,1778663137.186333,1778663136.981869,1,0.151764,0.883513,-3.786623,-11.075920,0.915848,2.881374
278.131892,1778663137.288308,1778663137.082088,1,0.149035,0.885378,-3.782566,-11.075294,0.918851,2.882981
278.238946,1778663137.395354,1778663137.181793,1,0.151584,0.884511,-3.780329,-11.078172,0.933706,2.882061
278.312603,1778663137.469020,1778663137.286484,1,0.115365,0.892284,-3.833780,-11.043486,0.766763,2.879034
278.445370,1778663137.601778,1778663137.381892,1,0.151114,0.885944,-3.799017,-11.075428,0.908163,2.879038
278.533126,1778663137.689536,1778663137.481901,1,0.154549,0.882573,-3.777263,-11.080873,0.923110,2.882666
278.643797,1778663137.800207,1778663137.582292,1,0.146820,0.885961,-3.792667,-11.076116,0.904094,2.881336
278.750952,1778663137.907362,1778663137.681906,1,0.154211,0.883035,-3.782873,-11.082397,0.921219,2.882874
278.839968,1778663137.996376,1778663137.781921,1,0.150054,0.883429,-3.798381,-11.066090,0.922023,2.879071
278.938782,1778663138.095190,1778663137.881904,1,0.147548,0.885057,-3.784861,-11.067235,0.913842,2.881784
279.042201,1778663138.198633,1778663137.981912,1,0.150559,0.885449,-3.768147,-11.081064,0.935070,2.883687
279.128281,1778663138.284691,1778663138.081911,1,0.149804,0.885089,-3.786574,-11.074371,0.926315,2.881496
279.251719,1778663138.408133,1778663138.181890,1,0.146418,0.884742,-3.788877,-11.077751,0.915430,2.881417
279.320562,1778663138.476977,1778663138.286564,1,0.115622,0.891623,-3.836764,-11.042863,0.772064,2.878032
279.436244,1778663138.592654,1778663138.381996,1,0.150998,0.886187,-3.784684,-11.073989,0.931662,2.881437
279.506481,1778663138.662899,1778663138.482021,1,0.127565,0.864279,-3.722940,-11.069114,0.554503,2.893349
279.625487,1778663138.781902,1778663138.582043,1,0.151904,0.886013,-3.785986,-11.073393,0.928118,2.881079
279.743993,1778663138.900407,1778663138.681914,1,0.146891,0.885046,-3.793927,-11.065692,0.917516,2.879296
279.823706,1778663138.980123,1778663138.781917,1,0.128201,0.861649,-3.738946,-11.048233,0.562732,2.891150
279.936454,1778663139.092869,1778663138.882069,1,0.146754,0.884704,-3.773102,-11.088099,0.928599,2.884050
280.031748,1778663139.188157,1778663138.981946,1,0.148794,0.886579,-3.793753,-11.074824,0.916348,2.880324
280.154212,1778663139.310624,1778663139.081930,1,0.152494,0.883774,-3.785303,-11.071032,0.921935,2.881056
280.243687,1778663139.400097,1778663139.181912,1,0.152050,0.884835,-3.775335,-11.078965,0.925661,2.882537
280.318442,1778663139.474853,1778663139.286596,1,0.114459,0.889924,-3.842363,-11.045374,0.751113,2.878464
280.460117,1778663139.616529,1778663139.382188,1,0.150654,0.885409,-3.779732,-11.082937,0.926290,2.882737
280.511537,1778663139.667948,1778663139.481954,1,0.187789,0.790711,-3.578980,-10.945157,-0.486481,2.898639
280.643206,1778663139.799637,1778663139.581956,1,0.152737,0.882580,-3.782825,-11.083168,0.924741,2.881564
280.727090,1778663139.883500,1778663139.682213,1,0.150253,0.885743,-3.792127,-11.072292,0.931023,2.881532
280.839753,1778663139.996164,1778663139.782267,1,0.150216,0.885538,-3.777329,-11.079567,0.926123,2.882954
280.940451,1778663140.096859,1778663139.881948,1,0.145698,0.887746,-3.802800,-11.059908,0.900103,2.878652
281.042880,1778663140.199293,1778663139.981953,1,0.150283,0.886903,-3.786197,-11.067410,0.929595,2.880677
281.089802,1778663140.246211,1778663140.081928,1,0.191422,0.787052,-3.575687,-10.944915,-0.484018,2.899672
281.259028,1778663140.415440,1778663140.181981,1,0.150007,0.884704,-3.783542,-11.082408,0.913168,2.882247
281.322394,1778663140.478805,1778663140.286514,1,0.117970,0.891984,-3.836841,-11.036755,0.777631,2.876777
281.433656,1778663140.590063,1778663140.382272,1,0.151218,0.883391,-3.782963,-11.079211,0.921959,2.882377
281.518598,1778663140.675013,1778663140.482181,1,0.124766,0.863369,-3.741529,-11.053973,0.545018,2.891135
281.632458,1778663140.788866,1778663140.581929,1,0.148165,0.885751,-3.800645,-11.064199,0.910965,2.879138
281.730970,1778663140.887380,1778663140.681967,1,0.150368,0.885899,-3.792200,-11.076390,0.921349,2.880204
281.798226,1778663140.954639,1778663140.781973,1,0.122624,0.862680,-3.736460,-11.057522,0.527449,2.892733
281.953881,1778663141.110291,1778663140.881969,1,0.149085,0.885894,-3.800994,-11.072919,0.896646,2.880521
282.039358,1778663141.195779,1778663140.981986,1,0.147964,0.885953,-3.797618,-11.068941,0.916331,2.879349
282.152720,1778663141.309157,1778663141.082260,1,0.148100,0.885182,-3.776045,-11.076782,0.922295,2.882891
282.197768,1778663141.354179,1778663141.181984,1,0.190634,0.788319,-3.573958,-10.942970,-0.478676,2.898901
282.296767,1778663141.453181,1778663141.286419,1,0.199632,0.776133,-3.574995,-10.955050,-0.468527,2.900003
282.446299,1778663141.602720,1778663141.381989,1,0.153232,0.884798,-3.784597,-11.072072,0.938026,2.881222
282.570585,1778663141.726997,1778663141.481989,1,0.151189,0.884561,-3.781255,-11.072042,0.937362,2.881620
282.663964,1778663141.820380,1778663141.581960,1,0.151833,0.883668,-3.777385,-11.080832,0.921081,2.882915
282.737467,1778663141.893875,1778663141.681996,1,0.148773,0.885452,-3.791268,-11.068389,0.915300,2.880632
282.794049,1778663141.950459,1778663141.782645,1,0.188072,0.791075,-3.577561,-10.943863,-0.480406,2.897736
282.957725,1778663142.114136,1778663141.881991,1,0.148769,0.886178,-3.788057,-11.072626,0.925194,2.881730
283.050795,1778663142.207206,1778663141.981993,1,0.148868,0.885196,-3.781680,-11.076624,0.928085,2.881617
283.153922,1778663142.310333,1778663142.082213,1,0.151176,0.884275,-3.783567,-11.081944,0.932777,2.881217
283.194708,1778663142.351119,1778663142.182005,1,0.189535,0.788761,-3.573698,-10.941909,-0.483935,2.898987
283.285902,1778663142.442323,1778663142.286576,1,0.200377,0.774988,-3.576176,-10.946676,-0.468547,2.898598
283.442140,1778663142.598552,1778663142.382390,1,0.148594,0.885041,-3.791872,-11.065644,0.922201,2.880665
283.496422,1778663142.652832,1778663142.481984,1,0.122889,0.862975,-3.739655,-11.054839,0.542136,2.891700
283.644436,1778663142.800845,1778663142.581989,1,0.148918,0.884854,-3.796797,-11.067696,0.924913,2.878687
283.693190,1778663142.849599,1778663142.681990,1,0.189921,0.788412,-3.573847,-10.938252,-0.485198,2.900359
283.841901,1778663142.998309,1778663142.782582,1,0.151384,0.884189,-3.773938,-11.087474,0.921324,2.883040
283.938302,1778663143.094709,1778663142.881995,1,0.153593,0.883474,-3.781822,-11.084052,0.932359,2.881767
283.993937,1778663143.150347,1778663142.982464,1,0.188064,0.790930,-3.574589,-10.948933,-0.483830,2.898949
284.143748,1778663143.300156,1778663143.082097,1,0.155138,0.885274,-3.787961,-11.068429,0.934421,2.879332
284.257340,1778663143.413759,1778663143.182134,1,0.145861,0.886058,-3.801961,-11.064553,0.918483,2.879501
284.322608,1778663143.479020,1778663143.286498,1,0.119211,0.890189,-3.835545,-11.043883,0.773370,2.877635
284.424841,1778663143.581252,1778663143.381921,1,0.123685,0.861435,-3.734930,-11.061228,0.541261,2.892781
284.569625,1778663143.726042,1778663143.482273,1,0.156222,0.882571,-3.790826,-11.070128,0.920150,2.879286
284.673494,1778663143.829911,1778663143.582040,1,0.148028,0.885476,-3.779068,-11.079763,0.916472,2.882715
284.756398,1778663143.912838,1778663143.682036,1,0.147882,0.885041,-3.792608,-11.080521,0.920464,2.880315
284.836760,1778663143.993170,1778663143.782138,1,0.148896,0.886000,-3.788806,-11.068537,0.928532,2.880179
284.943714,1778663144.100121,1778663143.882026,1,0.151845,0.884444,-3.781664,-11.078876,0.919858,2.882706
284.998286,1778663144.154696,1778663143.982015,1,0.188776,0.789466,-3.577637,-10.943768,-0.483565,2.899011
285.133941,1778663144.290355,1778663144.082124,1,0.156553,0.882935,-3.785011,-11.073134,0.923365,2.881361
285.275694,1778663144.432105,1778663144.182036,1,0.152598,0.885673,-3.786483,-11.073455,0.929637,2.880904
285.329860,1778663144.486269,1778663144.286673,1,0.119423,0.888992,-3.834971,-11.041423,0.793429,2.877806
285.431667,1778663144.588091,1778663144.382025,1,0.149877,0.886266,-3.793622,-11.074105,0.923605,2.881299
285.556990,1778663144.713400,1778663144.482177,1,0.151684,0.886094,-3.772951,-11.079496,0.928784,2.883170
285.650752,1778663144.807161,1778663144.581949,1,0.150369,0.885969,-3.783615,-11.064560,0.918585,2.880792
285.694996,1778663144.851407,1778663144.682002,1,0.187587,0.790804,-3.577708,-10.938591,-0.481561,2.898230
285.835737,1778663144.992145,1778663144.782301,1,0.146258,0.887113,-3.798823,-11.072183,0.916826,2.879727
285.923827,1778663145.080243,1778663144.882041,1,0.146240,0.885053,-3.788458,-11.063531,0.912863,2.880625
286.058809,1778663145.215225,1778663144.982428,1,0.143759,0.887104,-3.797055,-11.069777,0.913231,2.879604
286.112328,1778663145.268739,1778663145.082042,1,0.125470,0.861234,-3.735504,-11.060771,0.548521,2.892112
286.242107,1778663145.398530,1778663145.182042,1,0.149792,0.886480,-3.799136,-11.069563,0.922879,2.878798
286.340949,1778663145.497372,1778663145.286502,1,0.116708,0.892935,-3.840913,-11.042157,0.768803,2.878154
286.393998,1778663145.550409,1778663145.382056,1,0.186664,0.792702,-3.573241,-10.939960,-0.485842,2.898577
286.532173,1778663145.688589,1778663145.482074,1,0.149466,0.885451,-3.772526,-11.087379,0.928427,2.883669
286.654529,1778663145.810943,1778663145.582065,1,0.153298,0.883467,-3.787618,-11.076284,0.921046,2.882045
286.697608,1778663145.854025,1778663145.682066,1,0.186433,0.792791,-3.575781,-10.944357,-0.484798,2.898929
286.836951,1778663145.993360,1778663145.782714,1,0.151567,0.884135,-3.785660,-11.073781,0.929580,2.881733
286.930516,1778663146.086927,1778663145.882054,1,0.152910,0.883875,-3.779844,-11.074592,0.939902,2.880898
286.996037,1778663146.152466,1778663145.982085,1,0.188027,0.790634,-3.570679,-10.946792,-0.484276,2.899103
287.129056,1778663146.285467,1778663146.082052,1,0.156749,0.881911,-3.782280,-11.071794,0.922467,2.881343
287.245206,1778663146.401614,1778663146.182293,1,0.148272,0.887122,-3.787454,-11.076199,0.936511,2.880281
287.294139,1778663146.450547,1778663146.286599,1,0.115465,0.892552,-3.848480,-11.031748,0.771558,2.875720
287.477863,1778663146.634289,1778663146.382953,1,0.150785,0.885201,-3.792374,-11.074170,0.917739,2.881594
287.557971,1778663146.714381,1778663146.482591,1,0.148999,0.886377,-3.789116,-11.072234,0.929554,2.880253
287.643657,1778663146.800073,1778663146.582070,1,0.147051,0.887146,-3.798781,-11.070578,0.898805,2.880924
287.731758,1778663146.888172,1778663146.682204,1,0.148529,0.886030,-3.782931,-11.075755,0.924160,2.882481
287.853803,1778663147.010212,1778663146.782078,1,0.149254,0.885406,-3.789228,-11.075240,0.922620,2.881314
287.979165,1778663147.135575,1778663146.882058,1,0.153052,0.884110,-3.774751,-11.085486,0.924196,2.882654
288.070506,1778663147.226917,1778663146.982149,1,0.148536,0.884920,-3.785909,-11.078722,0.933537,2.881127
288.157642,1778663147.314055,1778663147.082066,1,0.147782,0.887873,-3.785233,-11.075099,0.923939,2.882508
288.250075,1778663147.406490,1778663147.182427,1,0.144780,0.888381,-3.776786,-11.077410,0.929904,2.883225
288.341226,1778663147.497635,1778663147.286926,1,0.113996,0.892646,-3.844637,-11.033607,0.775684,2.877646
288.438378,1778663147.594792,1778663147.382342,1,0.151112,0.885260,-3.776078,-11.084827,0.927753,2.883990
288.532075,1778663147.688500,1778663147.482106,1,0.154866,0.883273,-3.792633,-11.067094,0.931664,2.879929
288.647051,1778663147.803466,1778663147.582099,1,0.151082,0.885735,-3.773137,-11.082101,0.928058,2.883697
288.706291,1778663147.862705,1778663147.682101,1,0.123433,0.863112,-3.742316,-11.063159,0.542284,2.892354
288.844597,1778663148.001006,1778663147.782976,1,0.153635,0.884212,-3.774948,-11.085596,0.927216,2.882041
288.924931,1778663148.081342,1778663147.882104,1,0.148001,0.886627,-3.785904,-11.078537,0.926523,2.880724
288.987377,1778663148.143790,1778663147.982107,1,0.185581,0.793887,-3.577622,-10.943879,-0.483714,2.898700
289.112389,1778663148.268806,1778663148.082338,1,0.152406,0.886660,-3.787215,-11.066759,0.924374,2.880934
289.238487,1778663148.394896,1778663148.182110,1,0.151583,0.885159,-3.784093,-11.073223,0.928159,2.880120
289.334429,1778663148.490837,1778663148.287560,1,0.114624,0.892145,-3.828101,-11.040023,0.771885,2.879807
289.446486,1778663148.602898,1778663148.382128,1,0.148208,0.885456,-3.776150,-11.080723,0.913956,2.882894
289.500922,1778663148.657344,1778663148.482106,1,0.191135,0.787292,-3.580820,-10.942826,-0.483921,2.898144
289.641591,1778663148.798000,1778663148.582099,1,0.148812,0.886228,-3.774720,-11.079883,0.929386,2.882542
289.723631,1778663148.880040,1778663148.682105,1,0.152924,0.881062,-3.796632,-11.070161,0.929887,2.879396
289.837871,1778663148.994279,1778663148.782101,1,0.148287,0.886309,-3.776596,-11.077505,0.921825,2.882317
289.889136,1778663149.045547,1778663148.882128,1,0.189560,0.789007,-3.579002,-10.936500,-0.484701,2.898417
290.032082,1778663149.188488,1778663148.982218,1,0.152135,0.884775,-3.778517,-11.078642,0.921201,2.882027
290.122023,1778663149.278441,1778663149.082123,1,0.151067,0.886468,-3.794501,-11.072694,0.923537,2.879651
290.237550,1778663149.393957,1778663149.182117,1,0.150582,0.885921,-3.781504,-11.077928,0.923569,2.881317
290.328689,1778663149.485102,1778663149.286556,1,0.121313,0.891277,-3.830955,-11.040234,0.792132,2.878049
290.459346,1778663149.615757,1778663149.382284,1,0.151812,0.884179,-3.784281,-11.080218,0.904894,2.882961
290.555113,1778663149.711523,1778663149.482604,1,0.146494,0.886442,-3.794899,-11.070868,0.913325,2.880342
290.644349,1778663149.800756,1778663149.582754,1,0.148469,0.885469,-3.785281,-11.076497,0.924610,2.881008
290.742842,1778663149.899252,1778663149.682286,1,0.152843,0.885912,-3.795663,-11.072581,0.925505,2.878698
290.806172,1778663149.962583,1778663149.782157,1,0.124969,0.863337,-3.743865,-11.055697,0.538521,2.891509
290.949698,1778663150.106108,1778663149.882363,1,0.151579,0.884444,-3.784652,-11.073959,0.925332,2.881184
291.043754,1778663150.200167,1778663149.982132,1,0.148094,0.886250,-3.789099,-11.075739,0.914192,2.881065
291.094352,1778663150.250764,1778663150.082180,1,0.186876,0.792221,-3.575241,-10.945712,-0.484887,2.899127
291.239814,1778663150.396221,1778663150.182168,1,0.152984,0.885845,-3.781086,-11.079362,0.931868,2.881993
291.312451,1778663150.468863,1778663150.287010,1,0.115928,0.890175,-3.852597,-11.031129,0.770362,2.875328
291.437583,1778663150.593990,1778663150.382164,1,0.156975,0.882809,-3.782413,-11.076717,0.929838,2.880695
291.525084,1778663150.681494,1778663150.482134,1,0.156867,0.884083,-3.776628,-11.081835,0.928933,2.881695
291.642540,1778663150.798952,1778663150.582426,1,0.154280,0.883844,-3.772477,-11.087219,0.922873,2.882671
291.760492,1778663150.916903,1778663150.682376,1,0.150073,0.885340,-3.800800,-11.066725,0.928781,2.878382
291.842733,1778663150.999142,1778663150.782156,1,0.151558,0.885069,-3.785937,-11.079189,0.915676,2.880740
291.927948,1778663151.084360,1778663150.882157,1,0.152179,0.883971,-3.778489,-11.084387,0.932190,2.881965
291.994828,1778663151.151236,1778663150.982156,1,0.189215,0.789977,-3.575353,-10.942270,-0.483571,2.898374
292.136862,1778663151.293272,1778663151.082157,1,0.149498,0.885489,-3.789774,-11.073306,0.921098,2.881440
292.230621,1778663151.387029,1778663151.182155,1,0.153090,0.885234,-3.777454,-11.075129,0.931856,2.881287
292.312662,1778663151.469078,1778663151.286631,1,0.119693,0.891088,-3.825385,-11.043457,0.782586,2.878929
292.434450,1778663151.590860,1778663151.382161,1,0.146157,0.887776,-3.792085,-11.074365,0.918220,2.879980
292.561335,1778663151.717759,1778663151.482176,1,0.151749,0.885690,-3.774437,-11.087978,0.935921,2.882281
292.605430,1778663151.761842,1778663151.582296,1,0.186785,0.791350,-3.576874,-10.942443,-0.482465,2.898620
292.756274,1778663151.912703,1778663151.682164,1,0.151185,0.885723,-3.789422,-11.075304,0.924212,2.880408
292.836949,1778663151.993372,1778663151.782352,1,0.153742,0.884780,-3.785454,-11.073812,0.937377,2.879998
292.933266,1778663152.089684,1778663151.882164,1,0.152535,0.886266,-3.783707,-11.078039,0.932313,2.880946
292.996040,1778663152.152447,1778663151.982374,1,0.189816,0.788274,-3.576993,-10.940186,-0.481885,2.897609
293.104231,1778663152.260642,1778663152.082078,1,0.124110,0.862888,-3.733572,-11.059542,0.538599,2.892366
293.246126,1778663152.402554,1778663152.182186,1,0.145742,0.887055,-3.792811,-11.075944,0.922837,2.880253
293.310333,1778663152.466748,1778663152.286711,1,0.119300,0.891707,-3.829213,-11.041236,0.781657,2.878638
293.463026,1778663152.619448,1778663152.382170,1,0.151165,0.883531,-3.790083,-11.079963,0.924847,2.881065
293.550031,1778663152.706448,1778663152.482193,1,0.149330,0.885999,-3.792897,-11.065245,0.898917,2.881700
293.643361,1778663152.799770,1778663152.582610,1,0.148115,0.885555,-3.783544,-11.079941,0.916510,2.880996
293.711695,1778663152.868110,1778663152.682271,1,0.190312,0.787117,-3.577196,-10.941149,-0.484909,2.898741
293.833567,1778663152.989974,1778663152.782218,1,0.149617,0.886553,-3.780765,-11.068876,0.926072,2.880816
293.943603,1778663153.100014,1778663152.882482,1,0.151178,0.884522,-3.785724,-11.080363,0.936219,2.880841
294.038698,1778663153.195106,1778663152.982613,1,0.146260,0.885986,-3.783184,-11.077289,0.914244,2.882504
294.131159,1778663153.287572,1778663153.082204,1,0.148192,0.886370,-3.797021,-11.076980,0.929566,2.879755
294.247374,1778663153.403807,1778663153.182191,1,0.148225,0.886043,-3.782416,-11.074192,0.917466,2.881788
294.309074,1778663153.465483,1778663153.286888,1,0.117649,0.891122,-3.828484,-11.039501,0.781541,2.879776
294.439932,1778663153.596344,1778663153.382188,1,0.151444,0.884089,-3.776914,-11.084739,0.926106,2.882292
294.496133,1778663153.652544,1778663153.482227,1,0.187916,0.790475,-3.567794,-10.949948,-0.484191,2.899226
294.651247,1778663153.807661,1778663153.582223,1,0.149043,0.885612,-3.791870,-11.078694,0.921947,2.880407
294.746037,1778663153.902464,1778663153.682215,1,0.144266,0.888364,-3.801404,-11.056432,0.911788,2.879358
294.835815,1778663153.992223,1778663153.782222,1,0.152463,0.884462,-3.796047,-11.065557,0.928632,2.879120
294.943573,1778663154.099983,1778663153.883056,1,0.145266,0.886795,-3.791993,-11.075299,0.917967,2.881000
295.031676,1778663154.188084,1778663153.983057,1,0.145162,0.886787,-3.780781,-11.072299,0.923194,2.881484
295.162019,1778663154.318434,1778663154.082609,1,0.151266,0.884935,-3.789451,-11.077477,0.906113,2.881609
295.216108,1778663154.372520,1778663154.182224,1,0.124578,0.862451,-3.742352,-11.062353,0.552442,2.891122
295.313949,1778663154.470360,1778663154.286730,1,0.111427,0.893819,-3.855758,-11.033078,0.749031,2.876896
295.452121,1778663154.608531,1778663154.382211,1,0.153283,0.886161,-3.782117,-11.077070,0.932768,2.880314
295.496772,1778663154.653189,1778663154.482216,1,0.189399,0.790276,-3.573868,-10.943108,-0.484615,2.898370
295.648276,1778663154.804699,1778663154.582208,1,0.148543,0.886714,-3.780074,-11.071097,0.924586,2.882072
295.732208,1778663154.888624,1778663154.682619,1,0.147634,0.887328,-3.804888,-11.066346,0.909088,2.878121
295.870959,1778663155.027367,1778663154.782493,1,0.149093,0.885227,-3.778170,-11.075935,0.917921,2.882714
295.915726,1778663155.072138,1778663154.882466,1,0.186622,0.792423,-3.575893,-10.941371,-0.482283,2.898638
296.055121,1778663155.211540,1778663154.982444,1,0.153555,0.886127,-3.790131,-11.067738,0.931290,2.880055
296.157316,1778663155.313725,1778663155.082223,1,0.156949,0.883501,-3.783736,-11.068402,0.916523,2.882629
296.202779,1778663155.359192,1778663155.182573,1,0.189182,0.790771,-3.573390,-10.938229,-0.484196,2.899081
296.278672,1778663155.435084,1778663155.287103,1,0.197892,0.778055,-3.573301,-10.941772,-0.467202,2.903906
296.418023,1778663155.574452,1778663155.382249,1,0.119774,0.864884,-3.753569,-11.041993,0.510416,2.896059
296.537391,1778663155.693799,1778663155.482250,1,0.134144,0.893318,-3.840557,-11.037004,0.847369,2.886392
296.634614,1778663155.791023,1778663155.582256,1,0.134115,0.893571,-3.841004,-11.031943,0.840077,2.889457
296.746255,1778663155.902665,1778663155.682352,1,0.129948,0.893617,-3.845267,-11.026405,0.811839,2.889907
296.834252,1778663155.990660,1778663155.782249,1,0.141526,0.889082,-3.824066,-11.035846,0.874634,2.887176
296.943252,1778663156.099659,1778663155.882263,1,0.139940,0.890721,-3.841539,-11.031905,0.863783,2.886543
297.028512,1778663156.184920,1778663155.982363,1,0.138876,0.890429,-3.828284,-11.026149,0.868096,2.888905
297.131186,1778663156.287618,1778663156.082241,1,0.138851,0.891931,-3.839155,-11.030854,0.849856,2.888991
297.223781,1778663156.380194,1778663156.182269,1,0.131971,0.893501,-3.842525,-11.025064,0.821091,2.889784
297.319197,1778663156.475612,1778663156.286706,1,0.112533,0.895553,-3.856498,-11.015527,0.735431,2.889697
297.432627,1778663156.589037,1778663156.382227,1,0.134205,0.892862,-3.846915,-11.021111,0.817955,2.889104
297.536291,1778663156.692706,1778663156.482685,1,0.138992,0.891032,-3.836805,-11.029382,0.850878,2.888801
297.639682,1778663156.796102,1778663156.582258,1,0.134827,0.893537,-3.836984,-11.031159,0.853219,2.889539
297.732792,1778663156.889199,1778663156.682245,1,0.130314,0.894162,-3.839957,-11.030463,0.824576,2.891608
297.844370,1778663157.000777,1778663156.782604,1,0.137069,0.891436,-3.834904,-11.036103,0.861312,2.887913
297.941092,1778663157.097521,1778663156.882172,1,0.140476,0.890828,-3.823271,-11.040125,0.871176,2.889921
298.024073,1778663157.180485,1778663156.982251,1,0.134763,0.893824,-3.848538,-11.020751,0.821632,2.889597
298.125484,1778663157.281894,1778663157.082288,1,0.135235,0.893093,-3.837252,-11.021860,0.836990,2.891690
298.203880,1778663157.360290,1778663157.182208,1,0.189119,0.788873,-3.568501,-10.936422,-0.483361,2.912004
298.283019,1778663157.439432,1778663157.286716,1,0.195694,0.780572,-3.574222,-10.949086,-0.464085,2.913267
298.432840,1778663157.589251,1778663157.382298,1,0.134946,0.894420,-3.847950,-11.039021,0.858917,2.887125
298.535787,1778663157.692197,1778663157.482389,1,0.134576,0.895153,-3.849248,-11.036597,0.853777,2.887845
298.638805,1778663157.795211,1778663157.582419,1,0.145807,0.888952,-3.827023,-11.050799,0.906108,2.886574
298.745026,1778663157.901436,1778663157.682452,1,0.141783,0.891942,-3.831839,-11.038428,0.882769,2.887165
298.837502,1778663157.993911,1778663157.782322,1,0.143299,0.891540,-3.812156,-11.050710,0.909566,2.889853
298.931843,1778663158.088260,1778663157.882395,1,0.138139,0.891722,-3.835111,-11.041431,0.868505,2.887096
299.037299,1778663158.193727,1778663157.982682,1,0.136356,0.892724,-3.841950,-11.040253,0.862809,2.888777
299.132549,1778663158.288961,1778663158.082741,1,0.140958,0.890585,-3.845819,-11.037691,0.866891,2.887056
299.234854,1778663158.391275,1778663158.182433,1,0.144892,0.890209,-3.821934,-11.042530,0.903750,2.888532
299.314097,1778663158.470507,1778663158.286855,1,0.113824,0.895106,-3.858637,-11.017641,0.749511,2.888341
299.452138,1778663158.608548,1778663158.382291,1,0.145538,0.888729,-3.833548,-11.043158,0.895880,2.886842
299.530054,1778663158.686464,1778663158.482285,1,0.132102,0.894319,-3.839631,-11.025519,0.855997,2.887296
299.656863,1778663158.813291,1778663158.582284,1,0.136236,0.892718,-3.827922,-11.036751,0.872636,2.888020
299.734656,1778663158.891064,1778663158.682287,1,0.141961,0.889752,-3.826892,-11.039240,0.878900,2.887498
299.801961,1778663158.958371,1778663158.782346,1,0.123986,0.865443,-3.751532,-11.046368,0.532719,2.904323
299.951572,1778663159.107983,1778663158.882287,1,0.143255,0.890354,-3.806962,-11.054178,0.916613,2.890790
300.048955,1778663159.205374,1778663158.982305,1,0.143495,0.888665,-3.812495,-11.054790,0.903059,2.890063
300.145061,1778663159.301467,1778663159.082551,1,0.135538,0.894261,-3.837357,-11.040337,0.878579,2.887039
300.265304,1778663159.421715,1778663159.182556,1,0.140299,0.891407,-3.823041,-11.049355,0.904534,2.888302
300.331520,1778663159.487929,1778663159.286786,1,0.116448,0.894473,-3.863248,-11.018516,0.750296,2.888665
300.439968,1778663159.596398,1778663159.382934,1,0.141318,0.889868,-3.812356,-11.049066,0.892944,2.889564
300.536100,1778663159.692524,1778663159.482337,1,0.135701,0.891069,-3.840069,-11.049064,0.848856,2.889518
300.620577,1778663159.776993,1778663159.582311,1,0.136396,0.892563,-3.849104,-11.029419,0.824984,2.887133
300.732926,1778663159.889338,1778663159.682312,1,0.134919,0.894782,-3.848729,-11.031825,0.840035,2.887024
300.848611,1778663160.005025,1778663159.782755,1,0.131426,0.894592,-3.847497,-11.030002,0.840420,2.887991
300.945915,1778663160.102325,1778663159.882314,1,0.136410,0.893375,-3.842371,-11.037046,0.850840,2.888289
301.044944,1778663160.201351,1778663159.982331,1,0.137615,0.892126,-3.848304,-11.030555,0.842948,2.887348
301.128867,1778663160.285280,1778663160.082309,1,0.139369,0.890933,-3.838582,-11.042222,0.878102,2.886763
301.242697,1778663160.399108,1778663160.182333,1,0.143269,0.890277,-3.829848,-11.042349,0.892197,2.887673
301.343268,1778663160.499703,1778663160.286911,1,0.114933,0.896965,-3.871077,-11.012699,0.768159,2.886482
301.401180,1778663160.557590,1778663160.382283,1,0.123698,0.867957,-3.755983,-11.032817,0.539072,2.901658
301.540469,1778663160.696889,1778663160.482398,1,0.129000,0.895055,-3.850792,-11.011254,0.819896,2.887808
301.633039,1778663160.789469,1778663160.582351,1,0.130829,0.895860,-3.853233,-11.026159,0.811200,2.888297
301.701287,1778663160.857702,1778663160.682703,1,0.124556,0.862197,-3.757516,-11.055495,0.516195,2.905244
301.841590,1778663160.998002,1778663160.782334,1,0.137072,0.892754,-3.824080,-11.049621,0.867762,2.889444
301.923788,1778663161.080197,1778663160.882332,1,0.122007,0.868831,-3.757585,-11.037038,0.530708,2.902090
302.001103,1778663161.157512,1778663160.982629,1,0.123633,0.867226,-3.748126,-11.051702,0.525114,2.905266
302.129075,1778663161.285484,1778663161.082475,1,0.136986,0.892683,-3.837911,-11.040778,0.874757,2.886285
302.214389,1778663161.370800,1778663161.182370,1,0.119718,0.868789,-3.750532,-11.044388,0.545755,2.902850
302.312277,1778663161.468688,1778663161.287019,1,0.113935,0.897086,-3.861666,-11.016734,0.736391,2.889565
302.437979,1778663161.594390,1778663161.382361,1,0.143648,0.890988,-3.822294,-11.043242,0.896541,2.889577
302.538421,1778663161.694832,1778663161.482648,1,0.140173,0.891631,-3.820976,-11.034007,0.883380,2.888105
302.630192,1778663161.786605,1778663161.582319,1,0.139584,0.892919,-3.843989,-11.032650,0.840639,2.889327
302.688648,1778663161.845060,1778663161.682878,1,0.185298,0.793103,-3.581582,-10.941003,-0.486240,2.912490
302.859328,1778663162.015743,1778663161.782392,1,0.136942,0.893007,-3.845381,-11.027974,0.872617,2.885377
302.958405,1778663162.114839,1778663161.882421,1,0.144796,0.890896,-3.840003,-11.042746,0.867160,2.886994
303.043831,1778663162.200241,1778663161.982378,1,0.136799,0.892570,-3.848105,-11.032346,0.843171,2.888498
303.148565,1778663162.304981,1778663162.083051,1,0.145591,0.889609,-3.821919,-11.051450,0.890793,2.890592
303.237403,1778663162.393829,1778663162.182812,1,0.139275,0.892976,-3.831615,-11.048927,0.863049,2.890194
303.320910,1778663162.477326,1778663162.287416,1,0.113129,0.894249,-3.872325,-11.016032,0.740204,2.885793
303.400841,1778663162.557253,1778663162.382381,1,0.123110,0.865917,-3.757653,-11.044675,0.537155,2.903511
303.555649,1778663162.712059,1778663162.482441,1,0.141772,0.892079,-3.825660,-11.045238,0.889458,2.890032
303.649801,1778663162.806211,1778663162.582355,1,0.134791,0.892929,-3.849157,-11.027880,0.857326,2.886036
303.741264,1778663162.897675,1778663162.682382,1,0.143391,0.890022,-3.824331,-11.043489,0.880822,2.889289
303.851123,1778663163.007538,1778663162.782796,1,0.141164,0.892178,-3.828420,-11.048079,0.876764,2.889558
303.943237,1778663163.099648,1778663162.882387,1,0.142220,0.891317,-3.833632,-11.042074,0.875253,2.889063
304.049198,1778663163.205613,1778663162.982388,1,0.137878,0.893461,-3.834333,-11.031903,0.890313,2.887201
304.136296,1778663163.292719,1778663163.082372,1,0.131834,0.894555,-3.836800,-11.038729,0.856896,2.889821
304.202180,1778663163.358590,1778663163.182387,1,0.186053,0.791379,-3.580165,-10.945548,-0.480472,2.911561
304.310875,1778663163.467305,1778663163.286831,1,0.196731,0.779872,-3.566080,-10.951466,-0.463737,2.913816
304.478135,1778663163.634552,1778663163.382399,1,0.140264,0.891713,-3.830090,-11.035685,0.878123,2.888990
304.550007,1778663163.706419,1778663163.482391,1,0.141905,0.890851,-3.818538,-11.044420,0.907706,2.888835
304.639095,1778663163.795504,1778663163.582401,1,0.130483,0.896017,-3.840196,-11.031586,0.830831,2.889983
304.741841,1778663163.898252,1778663163.682479,1,0.140907,0.891736,-3.830952,-11.038421,0.891991,2.887330
304.853626,1778663164.010039,1778663163.782534,1,0.144677,0.891183,-3.826900,-11.040267,0.899684,2.889013
304.939708,1778663164.096115,1778663163.882725,1,0.137928,0.892836,-3.830484,-11.041392,0.859983,2.889328
305.050943,1778663164.207359,1778663163.982407,1,0.136016,0.893577,-3.848474,-11.033503,0.861070,2.887908
305.103499,1778663164.259911,1778663164.082413,1,0.121684,0.864270,-3.747912,-11.050667,0.504638,2.904179
305.232898,1778663164.389307,1778663164.182408,1,0.139900,0.891876,-3.828571,-11.043469,0.889953,2.888185
305.325766,1778663164.482179,1778663164.286855,1,0.113311,0.895872,-3.875200,-11.005077,0.743336,2.886225
305.417260,1778663164.573672,1778663164.382426,1,0.124016,0.866943,-3.756778,-11.046770,0.535702,2.904332
305.540998,1778663164.697410,1778663164.482556,1,0.143940,0.890298,-3.811078,-11.052053,0.889891,2.890524
305.628385,1778663164.784790,1778663164.582365,1,0.142021,0.891367,-3.813634,-11.045461,0.909949,2.890688
305.733047,1778663164.889459,1778663164.683106,1,0.142497,0.892637,-3.835033,-11.044209,0.868797,2.889174
305.846762,1778663165.003172,1778663164.782412,1,0.136607,0.891629,-3.842065,-11.028396,0.842671,2.888597
305.922140,1778663165.078549,1778663164.882822,1,0.135364,0.893266,-3.820146,-11.049722,0.895696,2.890662
306.043260,1778663165.199668,1778663164.982412,1,0.137395,0.892237,-3.834435,-11.031249,0.871005,2.888124
306.132272,1778663165.288684,1778663165.082523,1,0.136891,0.892286,-3.846623,-11.031180,0.871931,2.885056
306.215195,1778663165.371605,1778663165.182544,1,0.185172,0.792727,-3.573563,-10.943331,-0.481930,2.911567
306.280287,1778663165.436702,1778663165.286903,1,0.201164,0.773673,-3.589149,-10.948448,-0.466487,2.913473
306.405550,1778663165.561964,1778663165.382442,1,0.126594,0.862388,-3.747539,-11.050033,0.506551,2.904022
306.508433,1778663165.664845,1778663165.482429,1,0.125463,0.865429,-3.750442,-11.047250,0.518330,2.903621
306.605758,1778663165.762171,1778663165.582572,1,0.122523,0.863852,-3.746817,-11.046827,0.509328,2.904786
306.735111,1778663165.891521,1778663165.682431,1,0.143242,0.889416,-3.821879,-11.040251,0.900413,2.888289
306.832571,1778663165.988983,1778663165.782440,1,0.139918,0.892277,-3.828486,-11.048665,0.900176,2.887755
306.937991,1778663166.094402,1778663165.883231,1,0.134818,0.894141,-3.826482,-11.047264,0.892753,2.890494
307.033973,1778663166.190382,1778663165.982867,1,0.138289,0.892625,-3.837225,-11.033792,0.874242,2.886616
307.155950,1778663166.312363,1778663166.082675,1,0.130200,0.894593,-3.858402,-11.019084,0.834798,2.886040
307.244018,1778663166.400428,1778663166.182578,1,0.141740,0.889962,-3.810385,-11.041515,0.895312,2.891867
307.312991,1778663166.469402,1778663166.287570,1,0.112409,0.895455,-3.869905,-11.008413,0.751201,2.885903
307.458547,1778663166.614961,1778663166.382445,1,0.129497,0.894928,-3.841272,-11.029695,0.846587,2.889005
307.543162,1778663166.699571,1778663166.482465,1,0.136138,0.893691,-3.842438,-11.039033,0.856700,2.888298
307.661713,1778663166.818142,1778663166.582553,1,0.139737,0.891596,-3.816249,-11.052526,0.889490,2.891209
307.743646,1778663166.900054,1778663166.682769,1,0.120792,0.865282,-3.754117,-11.050484,0.516614,2.903707
307.827624,1778663166.984040,1778663166.782893,1,0.138221,0.893547,-3.828361,-11.044244,0.893369,2.888617
307.961643,1778663167.118062,1778663166.882452,1,0.143999,0.888857,-3.828348,-11.045510,0.892694,2.887986
308.010907,1778663167.167330,1778663166.982691,1,0.123724,0.864441,-3.740935,-11.047901,0.526107,2.904657
308.136743,1778663167.293155,1778663167.082670,1,0.136632,0.893114,-3.838352,-11.033505,0.862267,2.888526
308.257831,1778663167.414240,1778663167.182465,1,0.136493,0.893345,-3.836690,-11.041318,0.869408,2.888528
308.349209,1778663167.505620,1778663167.286904,1,0.112678,0.895738,-3.874337,-11.005674,0.758763,2.885725
308.444861,1778663167.601271,1778663167.382606,1,0.136457,0.893918,-3.829160,-11.032226,0.888122,2.888226
308.525226,1778663167.681641,1778663167.482477,1,0.130356,0.895537,-3.845485,-11.023067,0.863681,2.887422
308.662236,1778663167.818654,1778663167.582461,1,0.137765,0.891639,-3.833241,-11.040913,0.865319,2.888448
308.747869,1778663167.904290,1778663167.682497,1,0.141073,0.891628,-3.840037,-11.040643,0.868947,2.888448
308.833556,1778663167.989966,1778663167.782986,1,0.147090,0.887273,-3.811594,-11.056399,0.904205,2.890914
308.912684,1778663168.069109,1778663167.882740,1,0.121582,0.866657,-3.748266,-11.050977,0.514173,2.905201
309.009384,1778663168.165795,1778663167.982490,1,0.121239,0.865747,-3.752302,-11.046508,0.513066,2.903941
309.129896,1778663168.286308,1778663168.082509,1,0.145334,0.890395,-3.824558,-11.048653,0.895333,2.888345
309.212340,1778663168.368770,1778663168.182517,1,0.126215,0.865263,-3.747812,-11.049853,0.520586,2.902455
309.327611,1778663168.484023,1778663168.286947,1,0.117722,0.894925,-3.890425,-11.007130,0.743998,2.885359
309.402949,1778663168.559366,1778663168.382607,1,0.122890,0.862932,-3.748015,-11.042492,0.511867,2.904245
309.524158,1778663168.680571,1778663168.482589,1,0.137199,0.892239,-3.838559,-11.034494,0.870510,2.887386
309.652946,1778663168.809356,1778663168.582483,1,0.138704,0.893617,-3.832960,-11.036022,0.897404,2.887017
309.717619,1778663168.874034,1778663168.682498,1,0.124362,0.864196,-3.744551,-11.045310,0.502571,2.904741
309.827020,1778663168.983433,1778663168.782748,1,0.129964,0.894470,-3.856130,-11.016996,0.803715,2.889756
309.930681,1778663169.087090,1778663168.882492,1,0.130974,0.893322,-3.855721,-11.021388,0.770411,2.891342
310.034399,1778663169.190807,1778663168.982894,1,0.127134,0.896611,-3.857710,-11.025278,0.819929,2.889236
310.133052,1778663169.289469,1778663169.082551,1,0.148617,0.889561,-3.814603,-11.053908,0.899449,2.891354
310.267791,1778663169.424223,1778663169.182513,1,0.141489,0.889938,-3.816980,-11.051309,0.894769,2.890931
310.323723,1778663169.480139,1778663169.287166,1,0.114189,0.896108,-3.870931,-11.011753,0.748457,2.886897
310.439494,1778663169.595901,1778663169.383034,1,0.142026,0.890524,-3.827760,-11.038366,0.889907,2.888079
310.548000,1778663169.704417,1778663169.482833,1,0.130996,0.894577,-3.848126,-11.030468,0.850853,2.887954
310.659847,1778663169.816261,1778663169.582651,1,0.140418,0.891760,-3.825839,-11.043654,0.889839,2.889247
310.716081,1778663169.872497,1778663169.682525,1,0.121872,0.864322,-3.757517,-11.042815,0.523431,2.901855
310.845066,1778663170.001475,1778663169.782681,1,0.143818,0.890668,-3.811480,-11.047061,0.893518,2.890986
310.946609,1778663170.103020,1778663169.882643,1,0.140635,0.890168,-3.822973,-11.047161,0.897044,2.889145
311.074483,1778663170.230896,1778663169.982580,1,0.135705,0.892975,-3.830904,-11.038049,0.873351,2.888245
311.153629,1778663170.310098,1778663170.082511,1,0.134625,0.893148,-3.832037,-11.039305,0.843661,2.889579
311.203012,1778663170.359425,1778663170.182511,1,0.122227,0.863636,-3.749794,-11.040524,0.525643,2.904609
311.342338,1778663170.498752,1778663170.287073,1,0.113986,0.896563,-3.874484,-11.012332,0.754309,2.886755
311.429762,1778663170.586171,1778663170.382524,1,0.128214,0.895041,-3.857902,-11.025461,0.810712,2.889150
311.549761,1778663170.706174,1778663170.483070,1,0.141808,0.891085,-3.832619,-11.036812,0.877340,2.887369
311.650153,1778663170.806571,1778663170.582773,1,0.137096,0.892842,-3.836671,-11.039796,0.876127,2.888044
311.732520,1778663170.888928,1778663170.682537,1,0.137143,0.892000,-3.842751,-11.037699,0.867660,2.887685
311.853590,1778663171.010002,1778663170.782905,1,0.143979,0.889208,-3.827834,-11.042754,0.894169,2.888213
311.926714,1778663171.083128,1778663170.882996,1,0.123660,0.864499,-3.752301,-11.045459,0.523137,2.903691
312.050605,1778663171.207016,1778663170.982526,1,0.141705,0.891911,-3.832722,-11.046486,0.864219,2.889841
312.158029,1778663171.314454,1778663171.082539,1,0.133193,0.893743,-3.848802,-11.030616,0.850188,2.887044
312.235890,1778663171.392299,1778663171.182813,1,0.135334,0.893035,-3.838213,-11.039624,0.879881,2.888472
312.328229,1778663171.484672,1778663171.287001,1,0.113886,0.896793,-3.870248,-11.017689,0.737224,2.887828
312.444180,1778663171.600587,1778663171.382531,1,0.132196,0.893983,-3.840038,-11.026891,0.838647,2.889174
312.508164,1778663171.664573,1778663171.483046,1,0.187936,0.790497,-3.581341,-10.938126,-0.482268,2.911714
312.677312,1778663171.833728,1778663171.582910,1,0.144705,0.889602,-3.813365,-11.051046,0.900542,2.889906
312.771766,1778663171.928175,1778663171.682536,1,0.142015,0.890783,-3.817197,-11.053228,0.896970,2.889919
312.863990,1778663172.020413,1778663171.782637,1,0.137506,0.892504,-3.840756,-11.030568,0.863961,2.887786
312.961750,1778663172.118175,1778663171.882558,1,0.139306,0.891003,-3.840108,-11.042337,0.883434,2.886868
313.047774,1778663172.204189,1778663171.982874,1,0.141612,0.889596,-3.809988,-11.054433,0.895712,2.891758
313.186655,1778663172.343064,1778663172.083060,1,0.139505,0.890799,-3.835189,-11.037854,0.875351,2.888626
313.269693,1778663172.426102,1778663172.182916,1,0.138711,0.892867,-3.827960,-11.041327,0.898042,2.888836
313.333688,1778663172.490101,1778663172.287074,1,0.114570,0.895703,-3.864589,-11.008945,0.754336,2.887537
313.436262,1778663172.592672,1778663172.382892,1,0.140589,0.892965,-3.830220,-11.040206,0.879286,2.888094
313.583798,1778663172.740208,1778663172.482898,1,0.136745,0.892102,-3.839453,-11.035408,0.861462,2.888959
313.666295,1778663172.822709,1778663172.583621,1,0.132631,0.893852,-3.850662,-11.033177,0.837055,2.888643
313.769208,1778663172.925617,1778663172.682595,1,0.141107,0.890721,-3.818732,-11.050842,0.901672,2.888680
313.824473,1778663172.980889,1778663172.782712,1,0.121013,0.864931,-3.755081,-11.048856,0.516992,2.903863
313.942515,1778663173.098926,1778663172.882854,1,0.139546,0.891679,-3.826954,-11.041649,0.891622,2.888915
314.045617,1778663173.202031,1778663172.982594,1,0.143612,0.889671,-3.839016,-11.036546,0.892624,2.885517
314.142148,1778663173.298557,1778663173.082591,1,0.142153,0.890170,-3.824298,-11.044930,0.874583,2.890579
314.248776,1778663173.405185,1778663173.182833,1,0.143554,0.888521,-3.821289,-11.044354,0.874455,2.889764
314.325499,1778663173.481916,1778663173.287210,1,0.114884,0.894072,-3.873121,-11.014144,0.743095,2.885203
314.447102,1778663173.603512,1778663173.382594,1,0.139480,0.893279,-3.848946,-11.030422,0.873717,2.886487
314.562909,1778663173.719322,1778663173.482900,1,0.137240,0.892114,-3.855580,-11.029439,0.829604,2.886237
314.657215,1778663173.813642,1778663173.582607,1,0.142884,0.890927,-3.825388,-11.050142,0.868838,2.889818
314.745725,1778663173.902150,1778663173.682820,1,0.140848,0.891233,-3.831578,-11.045017,0.886692,2.886784
314.836495,1778663173.992918,1778663173.783018,1,0.143259,0.891408,-3.838717,-11.038214,0.893190,2.887694
314.901860,1778663174.058277,1778663173.882597,1,0.122824,0.864943,-3.744895,-11.046022,0.526747,2.903344
315.055726,1778663174.212138,1778663173.982623,1,0.135651,0.892976,-3.844150,-11.037592,0.848996,2.888319
315.144512,1778663174.300934,1778663174.082602,1,0.134122,0.894653,-3.838629,-11.038690,0.862175,2.890275
315.254322,1778663174.410736,1778663174.182827,1,0.140871,0.891320,-3.824933,-11.037459,0.891860,2.888059
315.319721,1778663174.476138,1778663174.287145,1,0.113128,0.895311,-3.874982,-11.010044,0.751263,2.885857
315.396281,1778663174.552691,1778663174.382585,1,0.123664,0.862248,-3.751277,-11.047948,0.508246,2.904414
315.528330,1778663174.684746,1778663174.482618,1,0.141926,0.892390,-3.818035,-11.046781,0.899033,2.890783
315.639676,1778663174.796093,1778663174.582595,1,0.134361,0.892929,-3.829889,-11.047359,0.890464,2.887378
315.780002,1778663174.936424,1778663174.682593,1,0.133140,0.892986,-3.827158,-11.039671,0.861835,2.891990
315.867219,1778663175.023627,1778663174.782612,1,0.140279,0.892538,-3.839735,-11.036675,0.882543,2.886813
315.960436,1778663175.116850,1778663174.882734,1,0.139595,0.891088,-3.833704,-11.043377,0.869816,2.887965
316.053522,1778663175.209932,1778663174.982637,1,0.141523,0.893337,-3.825706,-11.042983,0.898182,2.891584
316.133819,1778663175.290230,1778663175.082603,1,0.133652,0.893885,-3.848553,-11.032590,0.860691,2.886525
316.191873,1778663175.348286,1778663175.182818,1,0.123333,0.865005,-3.745277,-11.041003,0.530552,2.904164
316.317179,1778663175.473591,1778663175.287418,1,0.118750,0.894192,-3.856434,-11.017731,0.763009,2.888648
316.471262,1778663175.627691,1778663175.382781,1,0.130994,0.895268,-3.840053,-11.028613,0.854065,2.888945
316.563145,1778663175.719558,1778663175.483027,1,0.134961,0.892199,-3.842597,-11.033861,0.853814,2.887885
316.676428,1778663175.832840,1778663175.582639,1,0.138767,0.892153,-3.834557,-11.039266,0.859071,2.889503
316.764798,1778663175.921211,1778663175.683068,1,0.141536,0.889625,-3.845372,-11.040565,0.873288,2.886493
316.860260,1778663176.016676,1778663175.782627,1,0.138289,0.892626,-3.820832,-11.045076,0.897313,2.889630
316.911839,1778663176.068249,1778663175.882619,1,0.124506,0.866049,-3.762434,-11.050843,0.514846,2.903212
317.036932,1778663176.193356,1778663175.982731,1,0.142203,0.891457,-3.838665,-11.049508,0.875851,2.887091
317.103141,1778663176.259552,1778663176.082627,1,0.120297,0.868964,-3.750024,-11.036186,0.539931,2.902495
317.249369,1778663176.405780,1778663176.182639,1,0.137192,0.892719,-3.818344,-11.046612,0.895337,2.889987
317.323523,1778663176.479935,1778663176.287118,1,0.115258,0.894325,-3.866138,-11.015567,0.750022,2.887039
317.441399,1778663176.597809,1778663176.382646,1,0.133821,0.893999,-3.847508,-11.029324,0.833945,2.888933
317.542073,1778663176.698487,1778663176.482640,1,0.139276,0.892888,-3.840070,-11.045203,0.864474,2.888263
317.660821,1778663176.817241,1778663176.582667,1,0.130776,0.893968,-3.848904,-11.030857,0.840011,2.888935
317.738079,1778663176.894491,1778663176.682642,1,0.134617,0.893795,-3.838341,-11.035940,0.861182,2.888068
317.844183,1778663177.000601,1778663176.782630,1,0.142216,0.891161,-3.822837,-11.047302,0.898159,2.888638
317.930035,1778663177.086447,1778663176.882663,1,0.136071,0.892354,-3.833890,-11.036387,0.883289,2.888437
318.045929,1778663177.202357,1778663176.982667,1,0.129516,0.894488,-3.849848,-11.025386,0.828719,2.887455
318.142286,1778663177.298694,1778663177.083209,1,0.138030,0.892136,-3.838807,-11.035011,0.863483,2.886894
318.256677,1778663177.413107,1778663177.182729,1,0.127743,0.896091,-3.860347,-11.021489,0.814764,2.888060
318.350062,1778663177.506474,1778663177.287137,1,0.113261,0.894417,-3.872035,-11.005511,0.745795,2.885942
318.439648,1778663177.596056,1778663177.383034,1,0.146384,0.889673,-3.823519,-11.046030,0.892935,2.889232
318.542689,1778663177.699097,1778663177.482991,1,0.136201,0.892381,-3.829860,-11.037957,0.858265,2.890867
318.635938,1778663177.792358,1778663177.583011,1,0.137306,0.893559,-3.837532,-11.041307,0.865554,2.888057
318.746303,1778663177.902713,1778663177.682987,1,0.136082,0.892317,-3.845946,-11.040058,0.848227,2.887024
318.833849,1778663177.990256,1778663177.782661,1,0.140238,0.890118,-3.827202,-11.042908,0.891397,2.889366
318.940652,1778663178.097061,1778663177.882764,1,0.139413,0.891239,-3.842811,-11.035620,0.838025,2.888012
319.058725,1778663178.215134,1778663177.982978,1,0.144300,0.891024,-3.828968,-11.044374,0.889552,2.888545
319.150066,1778663178.306473,1778663178.082683,1,0.133726,0.893145,-3.846844,-11.034002,0.823624,2.889167
319.268708,1778663178.425127,1778663178.183035,1,0.137847,0.892566,-3.844221,-11.027350,0.883605,2.885602
319.334348,1778663178.490757,1778663178.287325,1,0.120446,0.892535,-3.879797,-11.016432,0.759607,2.885488
319.460828,1778663178.617242,1778663178.382665,1,0.138166,0.891751,-3.821764,-11.040055,0.871650,2.889902
319.558659,1778663178.715086,1778663178.482675,1,0.141250,0.890951,-3.819174,-11.055146,0.898200,2.889423
319.652175,1778663178.808588,1778663178.582694,1,0.143023,0.889557,-3.831032,-11.039435,0.899242,2.886603
319.748572,1778663178.904987,1778663178.683447,1,0.135934,0.893531,-3.830885,-11.039224,0.888387,2.888344
319.852481,1778663179.008889,1778663178.782693,1,0.140249,0.891448,-3.834934,-11.042110,0.886439,2.888220
319.930245,1778663179.086657,1778663178.883621,1,0.129601,0.894170,-3.856554,-11.020404,0.790553,2.891525
320.044279,1778663179.200687,1778663178.982969,1,0.141453,0.891016,-3.844869,-11.038874,0.863174,2.886343
320.164982,1778663179.321393,1778663179.082702,1,0.134505,0.893760,-3.845515,-11.030629,0.836794,2.889151
320.248670,1778663179.405081,1778663179.182706,1,0.140849,0.890551,-3.821323,-11.045213,0.896549,2.889644
320.350014,1778663179.506425,1778663179.287532,1,0.112037,0.897148,-3.874027,-11.013179,0.746123,2.886612
320.408645,1778663179.565057,1778663179.382981,1,0.122881,0.865291,-3.752313,-11.042185,0.536780,2.904098
320.504920,1778663179.661333,1778663179.482961,1,0.120881,0.867121,-3.759189,-11.047707,0.517857,2.903095
320.651742,1778663179.808151,1778663179.582917,1,0.139666,0.891032,-3.829891,-11.043402,0.891542,2.887849
320.755756,1778663179.912170,1778663179.682693,1,0.151461,0.886773,-3.803402,-11.062172,0.925411,2.891208
320.846640,1778663180.003052,1778663179.783222,1,0.152977,0.888047,-3.800536,-11.064672,0.926619,2.893380
320.947451,1778663180.103863,1778663179.882719,1,0.137874,0.889733,-3.845177,-11.029216,0.829956,2.888282
321.026042,1778663180.182457,1778663179.982716,1,0.141077,0.891414,-3.830392,-11.041358,0.893066,2.887022
321.137594,1778663180.294006,1778663180.082933,1,0.136653,0.891756,-3.835842,-11.037575,0.879878,2.888535
321.239615,1778663180.396031,1778663180.183127,1,0.138804,0.891716,-3.821792,-11.046469,0.898917,2.887713
321.321008,1778663180.477422,1778663180.287189,1,0.115431,0.894456,-3.862679,-11.023301,0.762610,2.886739
321.415265,1778663180.571676,1778663180.382724,1,0.124391,0.864534,-3.744908,-11.047264,0.516081,2.905437
321.548076,1778663180.704487,1778663180.482826,1,0.143399,0.889449,-3.808385,-11.060519,0.898409,2.893014
321.651201,1778663180.807614,1778663180.582852,1,0.136952,0.892230,-3.836376,-11.039694,0.860918,2.888390
321.755692,1778663180.912105,1778663180.682699,1,0.143856,0.890964,-3.819767,-11.047285,0.901687,2.889524
321.838998,1778663180.995407,1778663180.782719,1,0.136192,0.891573,-3.848884,-11.027699,0.860903,2.885885
321.929742,1778663181.086151,1778663180.882733,1,0.132044,0.894379,-3.858127,-11.017084,0.833897,2.887641
322.043653,1778663181.200062,1778663180.982758,1,0.137886,0.893247,-3.837312,-11.040857,0.866630,2.888046
322.136892,1778663181.293301,1778663181.082758,1,0.133917,0.892682,-3.850735,-11.031906,0.819980,2.887843
322.194541,1778663181.350953,1778663181.182777,1,0.186266,0.792969,-3.576885,-10.945938,-0.484019,2.912702
322.292765,1778663181.449178,1778663181.287202,1,0.198762,0.778819,-3.577871,-10.951381,-0.461649,2.914089
322.451968,1778663181.608378,1778663181.382763,1,0.127931,0.895542,-3.853272,-11.031288,0.836139,2.887227
322.551354,1778663181.707766,1778663181.482949,1,0.143702,0.891102,-3.823387,-11.050651,0.907480,2.888303
322.655058,1778663181.811467,1778663181.582791,1,0.135867,0.892447,-3.838964,-11.022370,0.861464,2.886951
322.737921,1778663181.894328,1778663181.683137,1,0.141723,0.890865,-3.843774,-11.028748,0.853944,2.888869
322.815675,1778663181.972090,1778663181.782760,1,0.122821,0.866820,-3.751969,-11.049973,0.526017,2.903035
322.916349,1778663182.072762,1778663181.883138,1,0.121178,0.866243,-3.756140,-11.047619,0.534131,2.903054
323.051389,1778663182.207802,1778663181.982749,1,0.143853,0.888969,-3.811157,-11.051203,0.909840,2.889272
323.145930,1778663182.302339,1778663182.083129,1,0.138322,0.891771,-3.843207,-11.036454,0.859146,2.887926
323.220380,1778663182.376791,1778663182.183095,1,0.123207,0.865798,-3.748088,-11.048921,0.529536,2.904162
323.361492,1778663182.517903,1778663182.287813,1,0.112949,0.897068,-3.872946,-11.016550,0.734653,2.886566
323.448895,1778663182.605305,1778663182.382732,1,0.139228,0.891584,-3.843112,-11.039282,0.859398,2.888143
323.543235,1778663182.699655,1778663182.482754,1,0.139991,0.889355,-3.834677,-11.037970,0.876265,2.888590
323.630821,1778663182.787233,1778663182.582674,1,0.131059,0.893801,-3.849485,-11.033272,0.824788,2.889226
323.744579,1778663182.900991,1778663182.682757,1,0.144616,0.891049,-3.822148,-11.054931,0.899765,2.888211
323.849997,1778663183.006409,1778663182.783088,1,0.132583,0.894554,-3.837752,-11.037105,0.851498,2.890406
323.936574,1778663183.092984,1778663182.882755,1,0.142984,0.890951,-3.823706,-11.039952,0.900286,2.889042
324.006193,1778663183.162601,1778663182.982761,1,0.121122,0.864795,-3.744030,-11.046866,0.525524,2.905321
324.127597,1778663183.284010,1778663183.083043,1,0.130481,0.893322,-3.841790,-11.033519,0.839682,2.887436
324.276686,1778663183.433097,1778663183.182820,1,0.145281,0.889512,-3.808192,-11.054967,0.921975,2.890628
324.341251,1778663183.497662,1778663183.287228,1,0.111987,0.895716,-3.876693,-11.003076,0.755083,2.883984
324.451907,1778663183.608324,1778663183.382860,1,0.142340,0.890998,-3.808659,-11.056018,0.916419,2.890745
324.573503,1778663183.729913,1778663183.483168,1,0.135680,0.892914,-3.846982,-11.036228,0.852930,2.887237
324.658926,1778663183.815337,1778663183.583118,1,0.147532,0.889540,-3.825480,-11.056273,0.905278,2.888836
324.764684,1778663183.921123,1778663183.682811,1,0.139001,0.893492,-3.837737,-11.039432,0.868087,2.888040
324.828380,1778663183.984786,1778663183.782771,1,0.122587,0.865263,-3.749043,-11.039843,0.524598,2.904939
324.946170,1778663184.102577,1778663183.882794,1,0.149421,0.888486,-3.799297,-11.062071,0.918232,2.893975
325.039357,1778663184.195766,1778663183.983184,1,0.135424,0.892268,-3.845210,-11.037436,0.863126,2.886829
325.154555,1778663184.310970,1778663184.083371,1,0.142702,0.890904,-3.803669,-11.056472,0.911993,2.890919
325.253031,1778663184.409444,1778663184.182784,1,0.138878,0.890891,-3.813940,-11.040238,0.907203,2.889228
325.322602,1778663184.479014,1778663184.287905,1,0.116049,0.894391,-3.862789,-11.016370,0.745331,2.888417
325.443920,1778663184.600331,1778663184.382803,1,0.138033,0.891433,-3.820662,-11.048101,0.867495,2.891961
325.517327,1778663184.673737,1778663184.482784,1,0.135618,0.891896,-3.841360,-11.033401,0.877801,2.885720
325.604652,1778663184.761072,1778663184.582770,1,0.124941,0.864826,-3.752314,-11.049594,0.523306,2.904150
325.753690,1778663184.910291,1778663184.683181,1,0.138467,0.892101,-3.827235,-11.050372,0.890120,2.888933
325.835657,1778663184.992065,1778663184.782901,1,0.131693,0.892940,-3.847402,-11.027858,0.832742,2.889149
325.994377,1778663185.150788,1778663184.882794,1,0.137598,0.893394,-3.836489,-11.042259,0.879611,2.887712
326.079849,1778663185.236260,1778663184.982785,1,0.127281,0.895400,-3.864938,-11.022575,0.820230,2.886876
326.136795,1778663185.293211,1778663185.082828,1,0.121251,0.867234,-3.752581,-11.051370,0.527489,2.904075
326.242436,1778663185.398869,1778663185.183156,1,0.138820,0.892599,-3.829868,-11.042227,0.881504,2.887784
326.318910,1778663185.475324,1778663185.287350,1,0.116219,0.895071,-3.862705,-11.020710,0.759259,2.888989
326.406811,1778663185.563227,1778663185.383184,1,0.123068,0.866089,-3.748768,-11.045658,0.515893,2.904077
326.552813,1778663185.709227,1778663185.483716,1,0.142710,0.889562,-3.835572,-11.036330,0.888561,2.886562
326.640117,1778663185.796524,1778663185.582839,1,0.137732,0.891486,-3.829938,-11.047517,0.869488,2.888722
326.748261,1778663185.904672,1778663185.682824,1,0.142917,0.889700,-3.827670,-11.045132,0.898111,2.887695
326.813656,1778663185.970074,1778663185.782841,1,0.122413,0.867982,-3.748416,-11.054506,0.526114,2.905838
326.939166,1778663186.095577,1778663185.882824,1,0.139393,0.891752,-3.839801,-11.039692,0.862889,2.888123
327.043882,1778663186.200291,1778663185.982815,1,0.139345,0.891248,-3.850732,-11.031668,0.866660,2.885363
327.141195,1778663186.297606,1778663186.082822,1,0.138821,0.891997,-3.825202,-11.038998,0.888285,2.889186
327.232903,1778663186.389314,1778663186.183238,1,0.138043,0.891377,-3.847467,-11.030046,0.833725,2.887979
327.365376,1778663186.521788,1778663186.287807,1,0.114193,0.897185,-3.870443,-11.012307,0.746467,2.886292
327.457999,1778663186.614420,1778663186.382986,1,0.130269,0.894790,-3.846100,-11.029877,0.825767,2.890277
327.542386,1778663186.698805,1778663186.482830,1,0.148114,0.889000,-3.817529,-11.044613,0.910034,2.888597
327.622196,1778663186.778606,1778663186.583608,1,0.142187,0.889789,-3.822718,-11.041624,0.894024,2.889292
327.753521,1778663186.909934,1778663186.682815,1,0.143865,0.890708,-3.817917,-11.051254,0.888882,2.891278
327.806636,1778663186.963044,1778663186.782857,1,0.119679,0.867047,-3.752672,-11.048085,0.509193,2.905222
327.942106,1778663187.098518,1778663186.882862,1,0.140072,0.891444,-3.834407,-11.042472,0.889570,2.886945
328.032239,1778663187.188647,1778663186.982829,1,0.140179,0.891580,-3.818192,-11.047319,0.891777,2.890121
328.099377,1778663187.255791,1778663187.082832,1,0.119927,0.867905,-3.759483,-11.043098,0.513699,2.902993
328.256383,1778663187.412801,1778663187.182992,1,0.127038,0.895002,-3.862560,-11.023116,0.800489,2.888106
328.329939,1778663187.486351,1778663187.287315,1,0.112581,0.896439,-3.872406,-11.013588,0.753197,2.887749
328.480599,1778663187.637010,1778663187.382839,1,0.140531,0.890654,-3.845062,-11.038814,0.861696,2.885228
328.565822,1778663187.722234,1778663187.482876,1,0.135839,0.893146,-3.839429,-11.035543,0.857790,2.888981
328.661288,1778663187.817699,1778663187.582864,1,0.135661,0.892657,-3.836190,-11.038097,0.850390,2.891164
328.764901,1778663187.921319,1778663187.684720,1,0.141527,0.890522,-3.818406,-11.048635,0.896451,2.889274
328.859305,1778663188.015718,1778663187.782863,1,0.142376,0.891320,-3.821511,-11.045522,0.890641,2.888328
328.962719,1778663188.119141,1778663187.883517,1,0.141709,0.892215,-3.825417,-11.045656,0.895609,2.888235
329.043424,1778663188.199831,1778663187.982875,1,0.131214,0.896517,-3.869252,-11.026772,0.813317,2.886042
329.128484,1778663188.284893,1778663188.082886,1,0.132807,0.893379,-3.850237,-11.037575,0.846645,2.886380
329.246942,1778663188.403355,1778663188.182852,1,0.138496,0.892770,-3.827098,-11.044428,0.876731,2.891028
329.319696,1778663188.476109,1778663188.287490,1,0.111088,0.895908,-3.873760,-11.005953,0.744772,2.886642
329.455314,1778663188.611726,1778663188.382916,1,0.144881,0.890657,-3.836101,-11.036744,0.875486,2.887279
329.505798,1778663188.662220,1778663188.482886,1,0.120719,0.865800,-3.755629,-11.049513,0.531380,2.904497
329.673409,1778663188.829825,1778663188.582891,1,0.140350,0.892259,-3.836675,-11.038425,0.862996,2.887616
329.773334,1778663188.929744,1778663188.682992,1,0.139672,0.890202,-3.815436,-11.045735,0.906721,2.889396
329.872471,1778663189.028881,1778663188.782861,1,0.135943,0.894737,-3.838123,-11.034027,0.869312,2.888399
329.964232,1778663189.120646,1778663188.882869,1,0.137511,0.891729,-3.847374,-11.036746,0.842239,2.887632
330.062891,1778663189.219304,1778663188.983526,1,0.125592,0.864013,-3.750352,-11.054635,0.528660,2.904994
330.163067,1778663189.319486,1778663189.083320,1,0.137851,0.891639,-3.848517,-11.035584,0.850102,2.888381
330.258526,1778663189.414948,1778663189.182889,1,0.137454,0.890239,-3.838306,-11.036097,0.875338,2.885675
330.340021,1778663189.496433,1778663189.287350,1,0.111357,0.894762,-3.862398,-11.013072,0.741942,2.888008
330.462212,1778663189.618621,1778663189.383703,1,0.133374,0.893427,-3.835886,-11.033291,0.841046,2.889844
330.558678,1778663189.715100,1778663189.482885,1,0.136267,0.893404,-3.842864,-11.038488,0.845042,2.891323
330.640542,1778663189.796950,1778663189.582881,1,0.136080,0.892684,-3.854528,-11.025865,0.859788,2.884661
330.727083,1778663189.883497,1778663189.682909,1,0.135215,0.893135,-3.855421,-11.025042,0.839914,2.887157
330.841471,1778663189.997879,1778663189.782914,1,0.132038,0.893764,-3.843971,-11.030352,0.830737,2.890046
330.952220,1778663190.108630,1778663189.882967,1,0.137202,0.891865,-3.834392,-11.035864,0.864698,2.888381
331.045088,1778663190.201500,1778663189.983205,1,0.144213,0.890149,-3.830252,-11.040442,0.899566,2.887365
331.142182,1778663190.298593,1778663190.082900,1,0.143090,0.889689,-3.828494,-11.051958,0.892588,2.887340
331.242802,1778663190.399211,1778663190.182909,1,0.134735,0.892376,-3.850140,-11.037562,0.842941,2.887834
331.361799,1778663190.518212,1778663190.287399,1,0.113644,0.894811,-3.855885,-11.018149,0.743067,2.890378
331.466452,1778663190.622864,1778663190.383144,1,0.138188,0.893715,-3.814446,-11.043131,0.903736,2.889743
331.573317,1778663190.729733,1778663190.482931,1,0.134333,0.893544,-3.834249,-11.036286,0.874908,2.886092
331.625372,1778663190.781784,1778663190.582889,1,0.122289,0.863234,-3.750817,-11.046238,0.505290,2.904015
331.760821,1778663190.917231,1778663190.682938,1,0.139259,0.891011,-3.833909,-11.035188,0.874374,2.889536
331.852088,1778663191.008498,1778663190.782903,1,0.136049,0.893433,-3.846155,-11.038564,0.827003,2.887910
331.933112,1778663191.089521,1778663190.882930,1,0.134302,0.893212,-3.848972,-11.035845,0.836364,2.886907
331.999995,1778663191.156403,1778663190.983129,1,0.185342,0.793466,-3.579304,-10.942374,-0.485421,2.912936
332.182120,1778663191.338532,1778663191.082900,1,0.138130,0.892445,-3.834484,-11.036977,0.874798,2.889339
332.279849,1778663191.436261,1778663191.182993,1,0.144642,0.888681,-3.821990,-11.047983,0.901125,2.888105
332.362038,1778663191.518450,1778663191.287600,1,0.112037,0.896692,-3.865610,-11.014319,0.741602,2.887953
332.459383,1778663191.615792,1778663191.382935,1,0.141454,0.890820,-3.823743,-11.039016,0.892330,2.889146
332.542793,1778663191.699203,1778663191.482933,1,0.140608,0.891061,-3.831358,-11.036896,0.888620,2.888371
332.633760,1778663191.790171,1778663191.584187,1,0.134623,0.890872,-3.839363,-11.040897,0.870097,2.886673
332.707719,1778663191.864135,1778663191.683286,1,0.123421,0.863466,-3.749496,-11.052866,0.518246,2.905667
332.863170,1778663192.019593,1778663191.782908,1,0.137880,0.891474,-3.823965,-11.044662,0.892530,2.889541
332.954644,1778663192.111056,1778663191.882955,1,0.132584,0.892913,-3.847731,-11.026932,0.823866,2.889175
333.067400,1778663192.223851,1778663191.982945,1,0.146112,0.887265,-3.792626,-11.062181,0.915401,2.892412
333.168785,1778663192.325197,1778663192.082949,1,0.141831,0.891829,-3.811682,-11.050124,0.909474,2.891256
333.277281,1778663192.433699,1778663192.183380,1,0.134135,0.893922,-3.844894,-11.032927,0.859601,2.888657
333.360056,1778663192.516469,1778663192.287387,1,0.114171,0.893814,-3.863997,-11.016988,0.747637,2.886482
333.452249,1778663192.608658,1778663192.383246,1,0.141414,0.892281,-3.843271,-11.037788,0.870496,2.886536
333.551908,1778663192.708317,1778663192.482924,1,0.136998,0.891923,-3.845129,-11.039742,0.839228,2.888348
333.646539,1778663192.802949,1778663192.583421,1,0.137185,0.893593,-3.830779,-11.041750,0.891128,2.889625
333.754420,1778663192.910830,1778663192.683214,1,0.132309,0.893054,-3.850155,-11.028581,0.830111,2.888363
333.839058,1778663192.995465,1778663192.782884,1,0.140904,0.890242,-3.832036,-11.038393,0.885019,2.886376
333.906712,1778663193.063121,1778663192.883318,1,0.120775,0.866657,-3.750011,-11.051891,0.532668,2.903820
334.047176,1778663193.203587,1778663192.983206,1,0.141746,0.890540,-3.825511,-11.046896,0.900917,2.888198
334.140041,1778663193.296448,1778663193.082993,1,0.141690,0.889962,-3.809757,-11.051486,0.903583,2.890634
334.226675,1778663193.383085,1778663193.183519,1,0.133664,0.893285,-3.845037,-11.028352,0.835773,2.888925
334.333899,1778663193.490311,1778663193.288085,1,0.114412,0.894210,-3.862707,-11.012983,0.761761,2.886974
334.446724,1778663193.603132,1778663193.382987,1,0.134093,0.893002,-3.838340,-11.039335,0.851443,2.888080
334.545017,1778663193.701426,1778663193.483346,1,0.135371,0.892980,-3.825638,-11.046993,0.864018,2.889598
334.641734,1778663193.798142,1778663193.583005,1,0.135283,0.894458,-3.847353,-11.037291,0.855919,2.887906
334.766735,1778663193.923147,1778663193.682966,1,0.132478,0.894669,-3.862766,-11.024496,0.827204,2.886064
334.849874,1778663194.006289,1778663193.782990,1,0.133470,0.893093,-3.846951,-11.034369,0.837082,2.887268
334.921950,1778663194.078364,1778663193.883435,1,0.194753,0.784629,-3.587468,-10.934422,-0.485108,2.912867
335.049969,1778663194.206381,1778663193.983100,1,0.134812,0.892130,-3.837964,-11.035376,0.846533,2.889034
335.153170,1778663194.309582,1778663194.082990,1,0.137460,0.893224,-3.823557,-11.035948,0.893714,2.889987
335.225859,1778663194.382272,1778663194.183355,1,0.135382,0.892678,-3.839086,-11.034525,0.872033,2.886390
335.314423,1778663194.470836,1778663194.287514,1,0.119061,0.893880,-3.865246,-11.020433,0.766321,2.885574
335.445012,1778663194.601421,1778663194.383052,1,0.139117,0.892801,-3.833222,-11.045413,0.871087,2.888767
335.538220,1778663194.694630,1778663194.483089,1,0.144665,0.889484,-3.809026,-11.053742,0.899838,2.891538
335.669186,1778663194.825599,1778663194.583171,1,0.134697,0.893017,-3.851480,-11.032166,0.832560,2.887624
335.755071,1778663194.911483,1778663194.682982,1,0.117460,0.868717,-3.749944,-11.046425,0.529668,2.902975
335.857456,1778663195.013875,1778663194.783263,1,0.146911,0.889370,-3.805778,-11.055843,0.914879,2.891821
335.939247,1778663195.095654,1778663194.883031,1,0.130994,0.893987,-3.848329,-11.024387,0.846610,2.889207
336.046578,1778663195.202992,1778663194.983061,1,0.140295,0.891289,-3.829789,-11.044559,0.889627,2.887958
336.134321,1778663195.290753,1778663195.083004,1,0.134221,0.892219,-3.845746,-11.036795,0.836012,2.888613
336.223012,1778663195.379425,1778663195.183228,1,0.123607,0.863867,-3.751462,-11.044764,0.515398,2.903073
336.317773,1778663195.474184,1778663195.288127,1,0.113386,0.894408,-3.871328,-11.014226,0.745239,2.888111
336.439029,1778663195.595439,1778663195.382971,1,0.139764,0.890354,-3.818917,-11.041783,0.896972,2.890300
336.505036,1778663195.661451,1778663195.483028,1,0.124391,0.867174,-3.748103,-11.044204,0.538804,2.903095
336.641567,1778663195.797975,1778663195.582903,1,0.141512,0.891471,-3.820797,-11.046320,0.873807,2.890014
336.735853,1778663195.892263,1778663195.682985,1,0.143916,0.890490,-3.822251,-11.044039,0.895308,2.887632
336.824530,1778663195.980948,1778663195.782990,1,0.137219,0.893176,-3.838890,-11.036460,0.875313,2.887616
336.942617,1778663196.099030,1778663195.882993,1,0.138021,0.892837,-3.833807,-11.044974,0.890673,2.887665
337.036433,1778663196.192858,1778663195.984124,1,0.133288,0.893420,-3.851336,-11.030068,0.840623,2.888476
337.136234,1778663196.292643,1778663196.082998,1,0.138192,0.892832,-3.832083,-11.034817,0.890765,2.886816
337.242685,1778663196.399101,1778663196.183011,1,0.142268,0.889948,-3.804031,-11.049746,0.911321,2.891247
337.318900,1778663196.475316,1778663196.287543,1,0.112421,0.896373,-3.863073,-11.022406,0.734423,2.887799
337.462051,1778663196.618461,1778663196.383327,1,0.139564,0.891363,-3.819762,-11.050301,0.901884,2.890319
337.552294,1778663196.708704,1778663196.483024,1,0.141538,0.889353,-3.813752,-11.044043,0.901361,2.890541
337.655468,1778663196.811894,1778663196.583014,1,0.135979,0.892051,-3.830071,-11.043512,0.866422,2.888642
337.740637,1778663196.897047,1778663196.683032,1,0.138498,0.890697,-3.840792,-11.040848,0.870091,2.886727
337.841654,1778663196.998064,1778663196.783031,1,0.142229,0.890972,-3.824765,-11.043139,0.899258,2.888658
337.905017,1778663197.061455,1778663196.883080,1,0.121493,0.866725,-3.748368,-11.046345,0.533067,2.904085
338.042370,1778663197.198781,1778663196.983032,1,0.137044,0.891737,-3.828155,-11.041354,0.892088,2.887334
338.103278,1778663197.259687,1778663197.083004,1,0.123334,0.867326,-3.751055,-11.052258,0.538241,2.905438
338.242187,1778663197.398601,1778663197.183053,1,0.141336,0.890815,-3.818229,-11.046882,0.884455,2.890112
338.327387,1778663197.483804,1778663197.287899,1,0.114713,0.893870,-3.870656,-11.020683,0.745211,2.888055
338.436503,1778663197.592925,1778663197.383595,1,0.134382,0.893979,-3.855550,-11.035428,0.844971,2.886823
338.532387,1778663197.688803,1778663197.483073,1,0.134410,0.893850,-3.844653,-11.024708,0.846529,2.888707
338.639841,1778663197.796265,1778663197.583307,1,0.135435,0.891734,-3.842420,-11.038250,0.870866,2.887588
338.739078,1778663197.895490,1778663197.683099,1,0.140840,0.892195,-3.815566,-11.051064,0.901782,2.891257
338.841135,1778663197.997547,1778663197.783062,1,0.134523,0.895009,-3.840173,-11.033810,0.870499,2.887965
338.943257,1778663198.099666,1778663197.883070,1,0.137791,0.893312,-3.836050,-11.035687,0.859216,2.887909
338.997620,1778663198.154028,1778663197.983054,1,0.184510,0.794761,-3.578301,-10.940360,-0.484252,2.912166
339.132310,1778663198.288725,1778663198.083256,1,0.135898,0.892016,-3.861442,-11.031752,0.828945,2.885961
339.216757,1778663198.373168,1778663198.183045,1,0.125494,0.868189,-3.755065,-11.047462,0.523318,2.904376
339.329924,1778663198.486351,1778663198.287668,1,0.114997,0.895405,-3.861132,-11.021744,0.734181,2.889109
339.467779,1778663198.624189,1778663198.383107,1,0.127714,0.895698,-3.851643,-11.023546,0.827386,2.888318
339.549768,1778663198.706179,1778663198.483156,1,0.145543,0.888472,-3.819021,-11.045824,0.907191,2.889023
339.662513,1778663198.818939,1778663198.583049,1,0.145278,0.891152,-3.811775,-11.053906,0.920771,2.890513
339.762154,1778663198.918569,1778663198.683581,1,0.140524,0.890751,-3.836487,-11.040862,0.860455,2.888162
339.853786,1778663199.010200,1778663198.783053,1,0.135952,0.893385,-3.837525,-11.039005,0.867093,2.886847
339.899183,1778663199.055597,1778663198.883089,1,0.125058,0.864431,-3.746863,-11.048085,0.533338,2.904219
340.038206,1778663199.194630,1778663198.983374,1,0.138468,0.892431,-3.825309,-11.047702,0.900648,2.889924
340.115130,1778663199.271542,1778663199.083081,1,0.123122,0.864908,-3.752883,-11.046063,0.519831,2.904128
340.243721,1778663199.400130,1778663199.183098,1,0.135667,0.891942,-3.841540,-11.036211,0.837781,2.889527
340.313857,1778663199.470267,1778663199.287537,1,0.110121,0.897905,-3.874648,-11.010800,0.757053,2.885516
340.449018,1778663199.605431,1778663199.383444,1,0.139969,0.891775,-3.846304,-11.032338,0.842897,2.888335
340.547045,1778663199.703456,1778663199.483538,1,0.123731,0.866802,-3.749814,-11.050714,0.520924,2.903389
340.601668,1778663199.758080,1778663199.583191,1,0.120272,0.866830,-3.753989,-11.043133,0.522015,2.903460
340.754794,1778663199.911201,1778663199.683103,1,0.135396,0.893645,-3.838691,-11.041071,0.861063,2.890094
340.867101,1778663200.023517,1778663199.783096,1,0.137626,0.892597,-3.829900,-11.047543,0.893633,2.888400
340.953658,1778663200.110070,1778663199.883088,1,0.131493,0.895495,-3.851745,-11.028626,0.844448,2.887284
341.053298,1778663200.209713,1778663199.983426,1,0.139622,0.894124,-3.835227,-11.037547,0.885245,2.887339
341.140627,1778663200.297035,1778663200.083172,1,0.135255,0.890462,-3.852648,-11.024020,0.837357,2.887465
341.222368,1778663200.378780,1778663200.183095,1,0.133129,0.896289,-3.832895,-11.033952,0.854047,2.891503
341.322120,1778663200.478537,1778663200.287868,1,0.118875,0.893534,-3.876005,-11.012221,0.754325,2.884078
341.446550,1778663200.602961,1778663200.383101,1,0.140262,0.890573,-3.826417,-11.037336,0.870060,2.889007
341.551342,1778663200.707750,1778663200.483218,1,0.140239,0.891099,-3.831855,-11.047698,0.893723,2.887832
341.628842,1778663200.785249,1778663200.583315,1,0.119606,0.868763,-3.754950,-11.042313,0.527923,2.904229
341.713276,1778663200.869691,1778663200.683211,1,0.123713,0.865773,-3.746597,-11.049758,0.530495,2.903712
341.799693,1778663200.956142,1778663200.783934,1,0.122541,0.865368,-3.753890,-11.047082,0.518804,2.903772
341.939643,1778663201.096084,1778663200.883110,1,0.131209,0.894033,-3.851860,-11.028133,0.824181,2.888627
342.034787,1778663201.191197,1778663200.983012,1,0.141857,0.889222,-3.837415,-11.035928,0.888096,2.885462
342.125079,1778663201.281490,1778663201.083399,1,0.137014,0.894805,-3.851478,-11.026834,0.853152,2.887593
342.239070,1778663201.395481,1778663201.183090,1,0.135011,0.894055,-3.845445,-11.027361,0.859587,2.887671
342.327634,1778663201.484047,1778663201.288368,1,0.115096,0.895712,-3.867682,-11.017010,0.749651,2.887542
342.400739,1778663201.557152,1778663201.383634,1,0.122912,0.864155,-3.749519,-11.043447,0.511791,2.903351
342.562115,1778663201.718531,1778663201.483145,1,0.131729,0.893175,-3.847862,-11.029053,0.843378,2.887938
342.610575,1778663201.766983,1778663201.583129,1,0.187364,0.791096,-3.582309,-10.942509,-0.484245,2.911691
342.697850,1778663201.854263,1778663201.683111,1,0.121382,0.866082,-3.750322,-11.043786,0.536501,2.904399
342.799940,1778663201.956354,1778663201.783128,1,0.121417,0.866071,-3.744000,-11.041698,0.529298,2.904933
342.934040,1778663202.090449,1778663201.883142,1,0.135228,0.893885,-3.844489,-11.028503,0.866252,2.886422
343.037986,1778663202.194396,1778663201.983481,1,0.134000,0.895130,-3.842508,-11.038772,0.843440,2.888451
343.142049,1778663202.298473,1778663202.083136,1,0.137331,0.892689,-3.835893,-11.040604,0.863667,2.888230
343.243489,1778663202.399898,1778663202.183134,1,0.137545,0.890859,-3.840746,-11.038745,0.858005,2.888409
343.322174,1778663202.478585,1778663202.288005,1,0.111035,0.897068,-3.871605,-11.017184,0.734351,2.886327
343.449488,1778663202.605902,1778663202.383293,1,0.144887,0.889644,-3.811163,-11.060888,0.904504,2.890995
343.584354,1778663202.740763,1778663202.483375,1,0.136491,0.894070,-3.836682,-11.045641,0.889616,2.887893
343.692947,1778663202.849357,1778663202.583137,1,0.134224,0.893809,-3.837133,-11.029469,0.878160,2.889149
343.734839,1778663202.891253,1778663202.683363,1,0.187050,0.790216,-3.580078,-10.935003,-0.484062,2.912457
343.820976,1778663202.977410,1778663202.784023,1,0.123945,0.867139,-3.756085,-11.048115,0.531271,2.904232
343.941220,1778663203.097637,1778663202.883527,1,0.138096,0.894068,-3.833084,-11.037408,0.894359,2.886824
344.037146,1778663203.193558,1778663202.983154,1,0.140812,0.890509,-3.823580,-11.049440,0.894900,2.888276
344.172561,1778663203.328982,1778663203.083899,1,0.134885,0.895131,-3.848263,-11.033448,0.860704,2.887910
344.216982,1778663203.373391,1778663203.183172,1,0.185552,0.793351,-3.577467,-10.944655,-0.482860,2.912465
344.300704,1778663203.457116,1778663203.287646,1,0.197235,0.779028,-3.572601,-10.948869,-0.472118,2.914490
344.432390,1778663203.588800,1778663203.383203,1,0.138527,0.892548,-3.833493,-11.039980,0.870057,2.888257
344.533517,1778663203.689931,1778663203.483143,1,0.141143,0.891429,-3.840879,-11.034077,0.864662,2.887232
344.659616,1778663203.816027,1778663203.583298,1,0.140118,0.891985,-3.813900,-11.044249,0.905832,2.891121
344.719938,1778663203.876370,1778663203.683172,1,0.120433,0.864947,-3.754565,-11.045994,0.505388,2.903591
344.826618,1778663203.983031,1778663203.783070,1,0.135703,0.893068,-3.854975,-11.027152,0.848194,2.887397
344.966737,1778663204.123151,1778663203.883168,1,0.133516,0.893270,-3.834500,-11.034346,0.861822,2.888873
345.060429,1778663204.216846,1778663203.983173,1,0.140148,0.891307,-3.820565,-11.047711,0.895257,2.889125
345.139477,1778663204.295885,1778663204.083148,1,0.134595,0.893123,-3.843212,-11.030000,0.854141,2.887169
345.257955,1778663204.414367,1778663204.183175,1,0.147631,0.887132,-3.800761,-11.058143,0.929495,2.891956
345.325267,1778663204.481678,1778663204.287986,1,0.114180,0.894147,-3.867005,-11.014651,0.744080,2.886984
345.402577,1778663204.558989,1778663204.383167,1,0.121316,0.867375,-3.753626,-11.048380,0.543961,2.904070
345.540620,1778663204.697036,1778663204.483177,1,0.136802,0.894089,-3.841496,-11.035060,0.855989,2.888050
345.651619,1778663204.808034,1778663204.583187,1,0.136790,0.892408,-3.831323,-11.041817,0.872673,2.890191
