1.069,ros=1778663557.407357,level=20,name=hdl_global_localization.global_localization_node,msg=RANSAC : iteration:3225 matching_count:316 error:0.165458 inlier:0.542274
1.071,ros=1778663557.408545,level=20,name=hdl_global_localization.global_localization_node,msg=RANSAC : iteration:3658 matching_count:366 error:0.159225 inlier:0.72828
1.071,ros=1778663557.409518,level=20,name=hdl_global_localization.global_localization_node,msg=RANSAC : iteration:3997 matching_count:400 error:0.162235 inlier:0.566181
1.072,ros=1778663557.409690,level=20,name=hdl_global_localization.global_localization_node,msg=RANSAC : iteration:4070 matching_count:408 error:0.160204 inlier:0.695044
1.072,ros=1778663557.410316,level=20,name=hdl_global_localization.global_localization_node,msg=RANSAC : iteration:4357 matching_count:433 error:0.158272 inlier:0.497376
1.072,ros=1778663557.410223,level=20,name=hdl_global_localization.global_localization_node,msg=RANSAC : iteration:4323 matching_count:429 error:0.1612 inlier:0.205831
1.073,ros=1778663557.410137,level=20,name=hdl_global_localization.global_localization_node,msg=RANSAC : iteration:4258 matching_count:425 error:0.159287 inlier:0.553936
1.073,ros=1778663557.410773,level=20,name=hdl_global_localization.global_localization_node,msg=RANSAC : iteration:4545 matching_count:452 error:0.157235 inlier:0.777259
1.073,ros=1778663557.410798,level=20,name=hdl_global_localization.global_localization_node,msg=RANSAC : iteration:4568 matching_count:454 error:0.162366 inlier:0.284548
1.074,ros=1778663557.410674,level=20,name=hdl_global_localization.global_localization_node,msg=RANSAC : iteration:4492 matching_count:447 error:0.158801 inlier:0.608746
1.074,ros=1778663557.410847,level=20,name=hdl_global_localization.global_localization_node,msg=RANSAC : iteration:4635 matching_count:456 error:0.164204 inlier:0.328863
1.074,ros=1778663557.411152,level=20,name=hdl_global_localization.global_localization_node,msg=RANSAC : iteration:4811 matching_count:465 error:0.158323 inlier:0.705539
1.074,ros=1778663557.411165,level=20,name=hdl_global_localization.global_localization_node,msg=RANSAC : iteration:4814 matching_count:467 error:0.156794 inlier:0.42449
1.075,ros=1778663557.411612,level=20,name=hdl_global_localization.global_localization_node,msg=RANSAC : iteration:5023 matching_count:485 error:0.160317 inlier:0.332945
1.075,ros=1778663557.411775,level=20,name=hdl_global_localization.global_localization_node,msg=RANSAC : iteration:5101 matching_count:493 error:0.162748 inlier:0.314869
1.075,ros=1778663557.412099,level=20,name=hdl_global_localization.global_localization_node,msg=RANSAC : iteration:5221 matching_count:506 error:0.161154 inlier:0.598834
1.076,ros=1778663557.412705,level=20,name=hdl_global_localization.global_localization_node,msg=RANSAC : iteration:5414 matching_count:528 error:0.159202 inlier:0.531195
1.076,ros=1778663557.412762,level=20,name=hdl_global_localization.global_localization_node,msg=RANSAC : iteration:5452 matching_count:531 error:0.157009 inlier:0.881633
1.076,ros=1778663557.412727,level=20,name=hdl_global_localization.global_localization_node,msg=RANSAC : iteration:5416 matching_count:528 error:0.160221 inlier:0.727114
1.077,ros=1778663557.412887,level=20,name=hdl_global_localization.global_localization_node,msg=RANSAC : iteration:5514 matching_count:536 error:0.161819 inlier:0.509038
1.077,ros=1778663557.414143,level=20,name=hdl_global_localization.global_localization_node,msg=RANSAC : iteration:5649 matching_count:557 error:0.153629 inlier:0.737609
1.077,ros=1778663557.413201,level=20,name=hdl_global_localization.global_localization_node,msg=RANSAC : iteration:5605 matching_count:548 error:0.160252 inlier:0.660641
1.077,ros=1778663557.412978,level=20,name=hdl_global_localization.global_localization_node,msg=RANSAC : iteration:5550 matching_count:540 error:0.161069 inlier:0.658309
1.078,ros=1778663557.414682,level=20,name=hdl_global_localization.global_localization_node,msg=RANSAC : iteration:5750 matching_count:568 error:0.158899 inlier:0.786006
1.078,ros=1778663557.414960,level=20,name=hdl_global_localization.global_localization_node,msg=RANSAC : iteration:5807 matching_count:575 error:0.157605 inlier:0.413994
1.078,ros=1778663557.416006,level=20,name=hdl_global_localization.global_localization_node,msg=RANSAC : iteration:6265 matching_count:612 error:0.157435 inlier:0.350437
1.079,ros=1778663557.416316,level=20,name=hdl_global_localization.global_localization_node,msg=RANSAC : iteration:6403 matching_count:623 error:0.160162 inlier:0.705539
1.079,ros=1778663557.416467,level=20,name=hdl_global_localization.global_localization_node,msg=RANSAC : iteration:6450 matching_count:628 error:0.160977 inlier:0.620408
1.079,ros=1778663557.417338,level=20,name=hdl_global_localization.global_localization_node,msg=RANSAC : iteration:6649 matching_count:646 error:0.165374 inlier:0.439067
1.079,ros=1778663557.416954,level=20,name=hdl_global_localization.global_localization_node,msg=RANSAC : iteration:6536 matching_count:636 error:0.160698 inlier:0.641399
1.080,ros=1778663557.417999,level=20,name=hdl_global_localization.global_localization_node,msg=RANSAC : iteration:6791 matching_count:667 error:0.165591 inlier:0.149854
1.080,ros=1778663557.417701,level=20,name=hdl_global_localization.global_localization_node,msg=RANSAC : iteration:6730 matching_count:656 error:0.164555 inlier:0.241399
1.080,ros=1778663557.418335,level=20,name=hdl_global_localization.global_localization_node,msg=RANSAC : iteration:6955 matching_count:683 error:0.175961 inlier:0.539942
1.080,ros=1778663557.418413,level=20,name=hdl_global_localization.global_localization_node,msg=RANSAC : iteration:6984 matching_count:684 error:0.161506 inlier:0.307872
1.081,ros=1778663557.419060,level=20,name=hdl_global_localization.global_localization_node,msg=RANSAC : iteration:7243 matching_count:712 error:0.166993 inlier:0.48105
1.081,ros=1778663557.418492,level=20,name=hdl_global_localization.global_localization_node,msg=RANSAC : iteration:7027 matching_count:688 error:0.161002 inlier:0.453644
1.081,ros=1778663557.419087,level=20,name=hdl_global_localization.global_localization_node,msg=RANSAC : iteration:7251 matching_count:713 error:0.163966 inlier:0.74344
1.088,ros=1778663557.425052,level=20,name=hdl_global_localization.global_localization_node,msg=RANSAC : iteration:9066 matching_count:912 error:0.156884 inlier:0.253061
1.088,ros=1778663557.425417,level=20,name=hdl_global_localization.global_localization_node,msg=RANSAC : iteration:9146 matching_count:921 error:0.163043 inlier:0.427405
1.089,ros=1778663557.424771,level=20,name=hdl_global_localization.global_localization_node,msg=RANSAC : iteration:8984 matching_count:907 error:0.154935 inlier:0.307872
1.089,ros=1778663557.423278,level=20,name=hdl_global_localization.global_localization_node,msg=RANSAC : iteration:8615 matching_count:867 error:0.157414 inlier:0.625073
1.089,ros=1778663557.425588,level=20,name=hdl_global_localization.global_localization_node,msg=RANSAC : iteration:9166 matching_count:925 error:0.158646 inlier:0.527697
1.089,ros=1778663557.424588,level=20,name=hdl_global_localization.global_localization_node,msg=RANSAC : iteration:8931 matching_count:900 error:0.159916 inlier:0.641399
1.090,ros=1778663557.426075,level=20,name=hdl_global_localization.global_localization_node,msg=RANSAC : iteration:9290 matching_count:936 error:0.162215 inlier:0.559184
1.090,ros=1778663557.426127,level=20,name=hdl_global_localization.global_localization_node,msg=RANSAC : iteration:9303 matching_count:937 error:0.166026 inlier:0.230904
1.090,ros=1778663557.425262,level=20,name=hdl_global_localization.global_localization_node,msg=RANSAC : iteration:9119 matching_count:917 error:0.154865 inlier:0.246064
1.090,ros=1778663557.425730,level=20,name=hdl_global_localization.global_localization_node,msg=RANSAC : iteration:9186 matching_count:928 error:0.164928 inlier:0.222741
1.091,ros=1778663557.425730,level=20,name=hdl_global_localization.global_localization_node,msg=RANSAC : iteration:9186 matching_count:928 error:0.161737 inlier:0.444315
1.091,ros=1778663557.425270,level=20,name=hdl_global_localization.global_localization_node,msg=RANSAC : iteration:9119 matching_count:917 error:0.160479 inlier:0.518367
1.092,ros=1778663557.430709,level=20,name=hdl_global_localization.global_localization_node,msg=RANSAC : iteration:11045 matching_count:1120 error:0.159589 inlier:0.601749
1.092,ros=1778663557.430830,level=20,name=hdl_global_localization.global_localization_node,msg=RANSAC : iteration:11158 matching_count:1128 error:0.158583 inlier:0.488047
1.095,ros=1778663557.433192,level=20,name=hdl_global_localization.global_localization_node,msg=RANSAC : iteration:12333 matching_count:1272 error:0.159966 inlier:0.5207
1.095,ros=1778663557.432698,level=20,name=hdl_global_localization.global_localization_node,msg=RANSAC : iteration:12164 matching_count:1243 error:0.156936 inlier:0.0944606
1.095,ros=1778663557.433306,level=20,name=hdl_global_localization.global_localization_node,msg=RANSAC : iteration:12428 matching_count:1279 error:0.166199 inlier:0.444315
1.096,ros=1778663557.433382,level=20,name=hdl_global_localization.global_localization_node,msg=RANSAC : iteration:12487 matching_count:1285 error:0.161045 inlier:0.334694
1.096,ros=1778663557.433226,level=20,name=hdl_global_localization.global_localization_node,msg=RANSAC : iteration:12371 matching_count:1275 error:0.16223 inlier:0.686297
1.096,ros=1778663557.433661,level=20,name=hdl_global_localization.global_localization_node,msg=RANSAC : iteration:12687 matching_count:1303 error:0.160453 inlier:0.500875
1.096,ros=1778663557.433894,level=20,name=hdl_global_localization.global_localization_node,msg=RANSAC : iteration:12890 matching_count:1317 error:0.162273 inlier:0.179592
1.097,ros=1778663557.433009,level=20,name=hdl_global_localization.global_localization_node,msg=RANSAC : iteration:12259 matching_count:1261 error:0.152429 inlier:0.723032
1.097,ros=1778663557.434317,level=20,name=hdl_global_localization.global_localization_node,msg=RANSAC : iteration:13156 matching_count:1342 error:0.15961 inlier:0.360933
1.097,ros=1778663557.434506,level=20,name=hdl_global_localization.global_localization_node,msg=RANSAC : iteration:13253 matching_count:1352 error:0.161094 inlier:0.582507
1.098,ros=1778663557.435238,level=20,name=hdl_global_localization.global_localization_node,msg=RANSAC : iteration:13475 matching_count:1372 error:0.166257 inlier:0.460058
1.099,ros=1778663557.437352,level=20,name=hdl_global_localization.global_localization_node,msg=RANSAC : iteration:13965 matching_count:1429 error:0.15275 inlier:0.446647
1.100,ros=1778663557.437876,level=20,name=hdl_global_localization.global_localization_node,msg=RANSAC : iteration:14175 matching_count:1449 error:0.147986 inlier:0.312536
1.100,ros=1778663557.438330,level=20,name=hdl_global_localization.global_localization_node,msg=RANSAC : iteration:14278 matching_count:1466 error:0.158518 inlier:0.667055
1.100,ros=1778663557.438604,level=20,name=hdl_global_localization.global_localization_node,msg=RANSAC : iteration:14367 matching_count:1479 error:0.161425 inlier:0.448397
1.101,ros=1778663557.439080,level=20,name=hdl_global_localization.global_localization_node,msg=RANSAC : iteration:14523 matching_count:1500 error:0.15657 inlier:0.411079
1.102,ros=1778663557.439767,level=20,name=hdl_global_localization.global_localization_node,msg=RANSAC : iteration:14961 matching_count:1534 error:0.163327 inlier:0.490962
1.102,ros=1778663557.439721,level=20,name=hdl_global_localization.global_localization_node,msg=RANSAC : iteration:14960 matching_count:1533 error:0.160585 inlier:0.546939
1.102,ros=1778663557.439856,level=20,name=hdl_global_localization.global_localization_node,msg=RANSAC : iteration:15021 matching_count:1539 error:0.155843 inlier:0.371429
1.103,ros=1778663557.440389,level=20,name=hdl_global_localization.global_localization_node,msg=RANSAC : iteration:15103 matching_count:1551 error:0.158125 inlier:0.553936
1.103,ros=1778663557.440701,level=20,name=hdl_global_localization.global_localization_node,msg=RANSAC : iteration:15322 matching_count:1564 error:0.152978 inlier:0.321283
1.103,ros=1778663557.441042,level=20,name=hdl_global_localization.global_localization_node,msg=RANSAC : iteration:15519 matching_count:1583 error:0.158658 inlier:0.393003
1.104,ros=1778663557.441438,level=20,name=hdl_global_localization.global_localization_node,msg=RANSAC : iteration:15689 matching_count:1601 error:0.161925 inlier:0.467638
1.104,ros=1778663557.442122,level=20,name=hdl_global_localization.global_localization_node,msg=RANSAC : iteration:15872 matching_count:1625 error:0.153048 inlier:0.559184
1.104,ros=1778663557.441566,level=20,name=hdl_global_localization.global_localization_node,msg=RANSAC : iteration:15710 matching_count:1605 error:0.170367 inlier:0.753353
1.104,ros=1778663557.442102,level=20,name=hdl_global_localization.global_localization_node,msg=RANSAC : iteration:15863 matching_count:1624 error:0.163505 inlier:0.840233
1.105,ros=1778663557.443244,level=20,name=hdl_global_localization.global_localization_node,msg=RANSAC : iteration:16166 matching_count:1651 error:0.156314 inlier:0.226239
1.105,ros=1778663557.443394,level=20,name=hdl_global_localization.global_localization_node,msg=RANSAC : iteration:16251 matching_count:1654 error:0.157499 inlier:0.365598
1.105,ros=1778663557.443610,level=20,name=hdl_global_localization.global_localization_node,msg=RANSAC : iteration:16388 matching_count:1667 error:0.16061 inlier:0.664723
1.106,ros=1778663557.443474,level=20,name=hdl_global_localization.global_localization_node,msg=RANSAC : iteration:16293 matching_count:1659 error:0.159136 inlier:0.693878
1.106,ros=1778663557.443797,level=20,name=hdl_global_localization.global_localization_node,msg=RANSAC : iteration:16496 matching_count:1678 error:0.167512 inlier:0.172595
1.106,ros=1778663557.442995,level=20,name=hdl_global_localization.global_localization_node,msg=RANSAC : iteration:16125 matching_count:1645 error:0.161009 inlier:0.604665
1.107,ros=1778663557.443961,level=20,name=hdl_global_localization.global_localization_node,msg=RANSAC : iteration:16583 matching_count:1687 error:0.159435 inlier:0.324781
1.107,ros=1778663557.444182,level=20,name=hdl_global_localization.global_localization_node,msg=RANSAC : iteration:16662 matching_count:1699 error:0.155495 inlier:0.333528
1.107,ros=1778663557.444351,level=20,name=hdl_global_localization.global_localization_node,msg=RANSAC : iteration:16744 matching_count:1707 error:0.165027 inlier:0.402332
1.108,ros=1778663557.444562,level=20,name=hdl_global_localization.global_localization_node,msg=RANSAC : iteration:16902 matching_count:1721 error:0.161016 inlier:0.453061
1.108,ros=1778663557.444598,level=20,name=hdl_global_localization.global_localization_node,msg=RANSAC : iteration:16927 matching_count:1722 error:0.157771 inlier:0.356268
1.108,ros=1778663557.445166,level=20,name=hdl_global_localization.global_localization_node,msg=RANSAC : iteration:17080 matching_count:1737 error:0.142725 inlier:0.831487
1.108,ros=1778663557.445258,level=20,name=hdl_global_localization.global_localization_node,msg=RANSAC : iteration:17107 matching_count:1743 error:0.158725 inlier:0.518367
1.108,ros=1778663557.445155,level=20,name=hdl_global_localization.global_localization_node,msg=RANSAC : iteration:17075 matching_count:1737 error:0.154247 inlier:0.353353
1.109,ros=1778663557.445579,level=20,name=hdl_global_localization.global_localization_node,msg=RANSAC : iteration:17220 matching_count:1757 error:0.164835 inlier:0.168513
1.109,ros=1778663557.445704,level=20,name=hdl_global_localization.global_localization_node,msg=RANSAC : iteration:17262 matching_count:1763 error:0.158988 inlier:0.149854
1.109,ros=1778663557.445366,level=20,name=hdl_global_localization.global_localization_node,msg=RANSAC : iteration:17129 matching_count:1747 error:0.165451 inlier:0.606997
1.109,ros=1778663557.445308,level=20,name=hdl_global_localization.global_localization_node,msg=RANSAC : iteration:17122 matching_count:1745 error:0.160716 inlier:0.502041
1.110,ros=1778663557.447081,level=20,name=hdl_global_localization.global_localization_node,msg=RANSAC : iteration:17481 matching_count:1787 error:0.161755 inlier:0.460641
1.110,ros=1778663557.446657,level=20,name=hdl_global_localization.global_localization_node,msg=RANSAC : iteration:17429 matching_count:1782 error:0.160904 inlier:0.29621
1.110,ros=1778663557.447577,level=20,name=hdl_global_localization.global_localization_node,msg=RANSAC : iteration:17526 matching_count:1795 error:0.155718 inlier:0.495627
1.110,ros=1778663557.447886,level=20,name=hdl_global_localization.global_localization_node,msg=RANSAC : iteration:17653 matching_count:1807 error:0.137738 inlier:0.644315
1.111,ros=1778663557.447990,level=20,name=hdl_global_localization.global_localization_node,msg=RANSAC : iteration:17698 matching_count:1810 error:0.160338 inlier:0.774344
1.111,ros=1778663557.448372,level=20,name=hdl_global_localization.global_localization_node,msg=RANSAC : iteration:17868 matching_count:1820 error:0.159943 inlier:0.620991
1.111,ros=1778663557.448592,level=20,name=hdl_global_localization.global_localization_node,msg=RANSAC : iteration:17980 matching_count:1829 error:0.153392 inlier:0.333528
1.112,ros=1778663557.448381,level=20,name=hdl_global_localization.global_localization_node,msg=RANSAC : iteration:17869 matching_count:1820 error:0.15902 inlier:0.295627
1.112,ros=1778663557.448850,level=20,name=hdl_global_localization.global_localization_node,msg=RANSAC : iteration:18043 matching_count:1837 error:0.155974 inlier:0.482216
1.112,ros=1778663557.448873,level=20,name=hdl_global_localization.global_localization_node,msg=RANSAC : iteration:18043 matching_count:1837 error:0.160666 inlier:0.752187
1.112,ros=1778663557.448907,level=20,name=hdl_global_localization.global_localization_node,msg=RANSAC : iteration:18061 matching_count:1837 error:0.161279 inlier:0.507289
1.113,ros=1778663557.449067,level=20,name=hdl_global_localization.global_localization_node,msg=RANSAC : iteration:18087 matching_count:1843 error:0.164568 inlier:0.519534
1.113,ros=1778663557.450003,level=20,name=hdl_global_localization.global_localization_node,msg=RANSAC : iteration:18409 matching_count:1872 error:0.159416 inlier:0.633236
1.113,ros=1778663557.449744,level=20,name=hdl_global_localization.global_localization_node,msg=RANSAC : iteration:18332 matching_count:1863 error:0.163595 inlier:0.746356
1.114,ros=1778663557.449756,level=20,name=hdl_global_localization.global_localization_node,msg=RANSAC : iteration:18332 matching_count:1863 error:0.157126 inlier:0.446064
1.114,ros=1778663557.450114,level=20,name=hdl_global_localization.global_localization_node,msg=RANSAC : iteration:18422 matching_count:1875 error:0.160592 inlier:0.374927
1.114,ros=1778663557.449379,level=20,name=hdl_global_localization.global_localization_node,msg=RANSAC : iteration:18185 matching_count:1852 error:0.160369 inlier:0.318367
1.114,ros=1778663557.449866,level=20,name=hdl_global_localization.global_localization_node,msg=RANSAC : iteration:18366 matching_count:1867 error:0.159492 inlier:0.338776
1.115,ros=1778663557.449872,level=20,name=hdl_global_localization.global_localization_node,msg=RANSAC : iteration:18366 matching_count:1867 error:0.156477 inlier:0.74519
1.115,ros=1778663557.450752,level=20,name=hdl_global_localization.global_localization_node,msg=RANSAC : iteration:18703 matching_count:1903 error:0.162151 inlier:0.146939
1.115,ros=1778663557.450087,level=20,name=hdl_global_localization.global_localization_node,msg=RANSAC : iteration:18417 matching_count:1874 error:0.156119 inlier:0.365598
1.116,ros=1778663557.450784,level=20,name=hdl_global_localization.global_localization_node,msg=RANSAC : iteration:18711 matching_count:1905 error:0.16125 inlier:0.48688
1.116,ros=1778663557.450819,level=20,name=hdl_global_localization.global_localization_node,msg=RANSAC : iteration:18742 matching_count:1908 error:0.157364 inlier:0.492128
1.116,ros=1778663557.450838,level=20,name=hdl_global_localization.global_localization_node,msg=RANSAC : iteration:18746 matching_count:1908 error:0.160511 inlier:0.734111
1.116,ros=1778663557.450862,level=20,name=hdl_global_localization.global_localization_node,msg=RANSAC : iteration:18778 matching_count:1909 error:0.15745 inlier:0.519534
1.117,ros=1778663557.450696,level=20,name=hdl_global_localization.global_localization_node,msg=RANSAC : iteration:18666 matching_count:1900 error:0.159438 inlier:0.430321
1.117,ros=1778663557.450476,level=20,name=hdl_global_localization.global_localization_node,msg=RANSAC : iteration:18600 matching_count:1892 error:0.163295 inlier:0.442566
1.118,ros=1778663557.450752,level=20,name=hdl_global_localization.global_localization_node,msg=RANSAC : iteration:18703 matching_count:1903 error:0.162483 inlier:0.558601
1.119,ros=1778663557.451096,level=20,name=hdl_global_localization.global_localization_node,msg=RANSAC : iteration:18839 matching_count:1917 error:0.159982 inlier:0.741691
1.119,ros=1778663557.450877,level=20,name=hdl_global_localization.global_localization_node,msg=RANSAC : iteration:18794 matching_count:1910 error:0.160922 inlier:0.359184
1.119,ros=1778663557.450905,level=20,name=hdl_global_localization.global_localization_node,msg=RANSAC : iteration:18794 matching_count:1910 error:0.159473 inlier:0.450729
1.120,ros=1778663557.450499,level=20,name=hdl_global_localization.global_localization_node,msg=RANSAC : iteration:18604 matching_count:1892 error:0.164839 inlier:0.142274
1.120,ros=1778663557.450908,level=20,name=hdl_global_localization.global_localization_node,msg=RANSAC : iteration:18794 matching_count:1910 error:0.157927 inlier:0.493294
1.120,ros=1778663557.451820,level=20,name=hdl_global_localization.global_localization_node,msg=RANSAC : iteration:18873 matching_count:1921 error:0.159258 inlier:0.563265
1.120,ros=1778663557.450949,level=20,name=hdl_global_localization.global_localization_node,msg=RANSAC : iteration:18797 matching_count:1911 error:0.163797 inlier:0.208163
1.121,ros=1778663557.450670,level=20,name=hdl_global_localization.global_localization_node,msg=RANSAC : iteration:18650 matching_count:1899 error:0.157408 inlier:0.759767
1.121,ros=1778663557.451955,level=20,name=hdl_global_localization.global_localization_node,msg=RANSAC : iteration:18897 matching_count:1924 error:0.15987 inlier:0.623324
1.121,ros=1778663557.451970,level=20,name=hdl_global_localization.global_localization_node,msg=RANSAC : iteration:18924 matching_count:1925 error:0.164866 inlier:0.537609
1.121,ros=1778663557.451113,level=20,name=hdl_global_localization.global_localization_node,msg=RANSAC : iteration:18839 matching_count:1917 error:0.157961 inlier:0.471137
1.122,ros=1778663557.451113,level=20,name=hdl_global_localization.global_localization_node,msg=RANSAC : iteration:18839 matching_count:1917 error:0.157904 inlier:0.520117
1.122,ros=1778663557.451163,level=20,name=hdl_global_localization.global_localization_node,msg=RANSAC : iteration:18843 matching_count:1918 error:0.161985 inlier:0.393586
1.122,ros=1778663557.451187,level=20,name=hdl_global_localization.global_localization_node,msg=RANSAC : iteration:18843 matching_count:1918 error:0.161409 inlier:0.423324
1.122,ros=1778663557.451188,level=20,name=hdl_global_localization.global_localization_node,msg=RANSAC : iteration:18843 matching_count:1918 error:0.161205 inlier:0.372595
1.123,ros=1778663557.451225,level=20,name=hdl_global_localization.global_localization_node,msg=RANSAC : iteration:18843 matching_count:1918 error:0.158036 inlier:0.46414
1.123,ros=1778663557.451247,level=20,name=hdl_global_localization.global_localization_node,msg=RANSAC : iteration:18843 matching_count:1918 error:0.160513 inlier:0.784257
1.123,ros=1778663557.450927,level=20,name=hdl_global_localization.global_localization_node,msg=RANSAC : iteration:18797 matching_count:1910 error:0.162978 inlier:0.505539
1.124,ros=1778663557.451830,level=20,name=hdl_global_localization.global_localization_node,msg=RANSAC : iteration:18876 matching_count:1922 error:0.163133 inlier:0.0915452
1.124,ros=1778663557.451910,level=20,name=hdl_global_localization.global_localization_node,msg=RANSAC : iteration:18878 matching_count:1923 error:0.160048 inlier:0.802915
1.124,ros=1778663557.451012,level=20,name=hdl_global_localization.global_localization_node,msg=RANSAC : iteration:18809 matching_count:1913 error:0.160108 inlier:0.537609
1.125,ros=1778663557.450400,level=20,name=hdl_global_localization.global_localization_node,msg=RANSAC : iteration:18568 matching_count:1890 error:0.156112 inlier:0.322449
1.125,ros=1778663557.452061,level=20,name=hdl_global_localization.global_localization_node,msg=RANSAC : iteration:18963 matching_count:1929 error:0.159378 inlier:0.626822
1.125,ros=1778663557.452083,level=20,name=hdl_global_localization.global_localization_node,msg=RANSAC : iteration:18971 matching_count:1930 error:0.161738 inlier:0.327114
1.125,ros=1778663557.452468,level=20,name=hdl_global_localization.global_localization_node,msg=RANSAC : iteration:19048 matching_count:1940 error:0.160456 inlier:0.631487
1.126,ros=1778663557.452105,level=20,name=hdl_global_localization.global_localization_node,msg=RANSAC : iteration:18971 matching_count:1930 error:0.160154 inlier:0.423907
1.126,ros=1778663557.452106,level=20,name=hdl_global_localization.global_localization_node,msg=RANSAC : iteration:18971 matching_count:1930 error:0.163462 inlier:0.573178
1.126,ros=1778663557.452157,level=20,name=hdl_global_localization.global_localization_node,msg=RANSAC : iteration:18971 matching_count:1930 error:0.165973 inlier:0.798251
1.126,ros=1778663557.452162,level=20,name=hdl_global_localization.global_localization_node,msg=RANSAC : iteration:18971 matching_count:1930 error:0.160984 inlier:0.348688
1.127,ros=1778663557.452369,level=20,name=hdl_global_localization.global_localization_node,msg=RANSAC : iteration:19036 matching_count:1936 error:0.165352 inlier:0.881633
1.127,ros=1778663557.452398,level=20,name=hdl_global_localization.global_localization_node,msg=RANSAC : iteration:19040 matching_count:1938 error:0.158129 inlier:0.457143
1.127,ros=1778663557.452406,level=20,name=hdl_global_localization.global_localization_node,msg=RANSAC : iteration:19040 matching_count:1938 error:0.162483 inlier:0.377843
1.128,ros=1778663557.452601,level=20,name=hdl_global_localization.global_localization_node,msg=RANSAC : iteration:19107 matching_count:1948 error:0.159858 inlier:0.731778
1.128,ros=1778663557.452456,level=20,name=hdl_global_localization.global_localization_node,msg=RANSAC : iteration:19048 matching_count:1940 error:0.171977 inlier:0.528863
1.128,ros=1778663557.452090,level=20,name=hdl_global_localization.global_localization_node,msg=RANSAC : iteration:18971 matching_count:1930 error:0.15986 inlier:0.453644
1.129,ros=1778663557.452494,level=20,name=hdl_global_localization.global_localization_node,msg=RANSAC : iteration:19058 matching_count:1942 error:0.160836 inlier:0.71312
1.129,ros=1778663557.452686,level=20,name=hdl_global_localization.global_localization_node,msg=RANSAC : iteration:19164 matching_count:1953 error:0.160142 inlier:0.725364
1.129,ros=1778663557.452723,level=20,name=hdl_global_localization.global_localization_node,msg=RANSAC : iteration:19166 matching_count:1954 error:0.157293 inlier:0.484548
1.130,ros=1778663557.452781,level=20,name=hdl_global_localization.global_localization_node,msg=RANSAC : iteration:19172 matching_count:1955 error:0.162089 inlier:0.428571
1.130,ros=1778663557.452813,level=20,name=hdl_global_localization.global_localization_node,msg=RANSAC : iteration:19173 matching_count:1956 error:0.159458 inlier:0.380175
1.130,ros=1778663557.452908,level=20,name=hdl_global_localization.global_localization_node,msg=RANSAC : iteration:19181 matching_count:1957 error:0.163209 inlier:0.302624
1.131,ros=1778663557.452943,level=20,name=hdl_global_localization.global_localization_node,msg=RANSAC : iteration:19185 matching_count:1958 error:0.154343 inlier:0.236152
1.131,ros=1778663557.453029,level=20,name=hdl_global_localization.global_localization_node,msg=RANSAC : iteration:19204 matching_count:1959 error:0.162227 inlier:0.596501
1.131,ros=1778663557.453070,level=20,name=hdl_global_localization.global_localization_node,msg=RANSAC : iteration:19206 matching_count:1960 error:0.160218 inlier:0.469971
1.131,ros=1778663557.453139,level=20,name=hdl_global_localization.global_localization_node,msg=RANSAC : iteration:19225 matching_count:1961 error:0.162619 inlier:0.662391
1.132,ros=1778663557.453182,level=20,name=hdl_global_localization.global_localization_node,msg=RANSAC : iteration:19229 matching_count:1962 error:0.160632 inlier:0.132945
1.132,ros=1778663557.453259,level=20,name=hdl_global_localization.global_localization_node,msg=RANSAC : iteration:19239 matching_count:1963 error:0.156102 inlier:0.524198
1.132,ros=1778663557.453300,level=20,name=hdl_global_localization.global_localization_node,msg=RANSAC : iteration:19251 matching_count:1964 error:0.163541 inlier:0.377259
1.132,ros=1778663557.453378,level=20,name=hdl_global_localization.global_localization_node,msg=RANSAC : iteration:19264 matching_count:1965 error:0.161508 inlier:0.660058
1.133,ros=1778663557.453419,level=20,name=hdl_global_localization.global_localization_node,msg=RANSAC : iteration:19297 matching_count:1966 error:0.152174 inlier:0.313703
1.133,ros=1778663557.453504,level=20,name=hdl_global_localization.global_localization_node,msg=RANSAC : iteration:19299 matching_count:1967 error:0.162318 inlier:0.460058
1.133,ros=1778663557.453538,level=20,name=hdl_global_localization.global_localization_node,msg=RANSAC : iteration:19303 matching_count:1968 error:0.161695 inlier:0.606997
1.133,ros=1778663557.453623,level=20,name=hdl_global_localization.global_localization_node,msg=RANSAC : iteration:19305 matching_count:1969 error:0.159243 inlier:0.714286
1.134,ros=1778663557.453660,level=20,name=hdl_global_localization.global_localization_node,msg=RANSAC : iteration:19317 matching_count:1970 error:0.156927 inlier:0.497959
1.134,ros=1778663557.453740,level=20,name=hdl_global_localization.global_localization_node,msg=RANSAC : iteration:19322 matching_count:1971 error:0.162622 inlier:0.186006
1.134,ros=1778663557.453782,level=20,name=hdl_global_localization.global_localization_node,msg=RANSAC : iteration:19325 matching_count:1972 error:0.154036 inlier:0.369096
1.135,ros=1778663557.453874,level=20,name=hdl_global_localization.global_localization_node,msg=RANSAC : iteration:19336 matching_count:1973 error:0.157629 inlier:0.475802
1.135,ros=1778663557.453915,level=20,name=hdl_global_localization.global_localization_node,msg=RANSAC : iteration:19346 matching_count:1974 error:0.161952 inlier:0.667055
1.135,ros=1778663557.454018,level=20,name=hdl_global_localization.global_localization_node,msg=RANSAC : iteration:19352 matching_count:1975 error:0.155253 inlier:0.372595
1.136,ros=1778663557.454035,level=20,name=hdl_global_localization.global_localization_node,msg=RANSAC : iteration:19368 matching_count:1976 error:0.161525 inlier:0.255394
1.136,ros=1778663557.454138,level=20,name=hdl_global_localization.global_localization_node,msg=RANSAC : iteration:19418 matching_count:1977 error:0.182031 inlier:0.665889
1.136,ros=1778663557.454159,level=20,name=hdl_global_localization.global_localization_node,msg=RANSAC : iteration:19423 matching_count:1978 error:0.154547 inlier:0.611079
1.136,ros=1778663557.454265,level=20,name=hdl_global_localization.global_localization_node,msg=RANSAC : iteration:19443 matching_count:1979 error:0.157464 inlier:0.469971
1.137,ros=1778663557.454283,level=20,name=hdl_global_localization.global_localization_node,msg=RANSAC : iteration:19453 matching_count:1980 error:0.15956 inlier:0.573761
1.137,ros=1778663557.454382,level=20,name=hdl_global_localization.global_localization_node,msg=RANSAC : iteration:19455 matching_count:1981 error:0.157748 inlier:0.147522
1.138,ros=1778663557.454393,level=20,name=hdl_global_localization.global_localization_node,msg=RANSAC : iteration:19455 matching_count:1981 error:0.162053 inlier:0.152187
1.138,ros=1778663557.454502,level=20,name=hdl_global_localization.global_localization_node,msg=RANSAC : iteration:19464 matching_count:1983 error:0.160659 inlier:0.223324
1.139,ros=1778663557.452525,level=20,name=hdl_global_localization.global_localization_node,msg=RANSAC : iteration:19082 matching_count:1944 error:0.158958 inlier:0.387755
1.139,ros=1778663557.454623,level=20,name=hdl_global_localization.global_localization_node,msg=RANSAC : iteration:19490 matching_count:1985 error:0.155476 inlier:0.236735
1.139,ros=1778663557.454680,level=20,name=hdl_global_localization.global_localization_node,msg=RANSAC : iteration:19496 matching_count:1986 error:0.156372 inlier:0.117784
1.140,ros=1778663557.454750,level=20,name=hdl_global_localization.global_localization_node,msg=RANSAC : iteration:19502 matching_count:1987 error:0.146035 inlier:0.427988
1.140,ros=1778663557.454800,level=20,name=hdl_global_localization.global_localization_node,msg=RANSAC : iteration:19513 matching_count:1988 error:0.160482 inlier:0.317784
1.140,ros=1778663557.454873,level=20,name=hdl_global_localization.global_localization_node,msg=RANSAC : iteration:19518 matching_count:1989 error:0.159001 inlier:0.237318
1.141,ros=1778663557.454930,level=20,name=hdl_global_localization.global_localization_node,msg=RANSAC : iteration:19540 matching_count:1990 error:0.156797 inlier:0.640233
1.141,ros=1778663557.455005,level=20,name=hdl_global_localization.global_localization_node,msg=RANSAC : iteration:19552 matching_count:1991 error:0.160769 inlier:0.310204
1.141,ros=1778663557.455056,level=20,name=hdl_global_localization.global_localization_node,msg=RANSAC : iteration:19563 matching_count:1992 error:0.166314 inlier:0.405248
1.141,ros=1778663557.455131,level=20,name=hdl_global_localization.global_localization_node,msg=RANSAC : iteration:19568 matching_count:1993 error:0.158621 inlier:0.259475
1.142,ros=1778663557.455176,level=20,name=hdl_global_localization.global_localization_node,msg=RANSAC : iteration:19572 matching_count:1994 error:0.170108 inlier:0.588921
1.142,ros=1778663557.455251,level=20,name=hdl_global_localization.global_localization_node,msg=RANSAC : iteration:19574 matching_count:1995 error:0.161879 inlier:0.241399
1.142,ros=1778663557.455298,level=20,name=hdl_global_localization.global_localization_node,msg=RANSAC : iteration:19579 matching_count:1996 error:0.161337 inlier:0.526531
1.143,ros=1778663557.455369,level=20,name=hdl_global_localization.global_localization_node,msg=RANSAC : iteration:19591 matching_count:1997 error:0.154891 inlier:0.291545
1.143,ros=1778663557.455415,level=20,name=hdl_global_localization.global_localization_node,msg=RANSAC : iteration:19598 matching_count:1998 error:0.160686 inlier:0.735277
1.143,ros=1778663557.455493,level=20,name=hdl_global_localization.global_localization_node,msg=RANSAC : iteration:19614 matching_count:1999 error:0.160082 inlier:0.443732
1.144,ros=1778663557.455529,level=20,name=hdl_global_localization.global_localization_node,msg=RANSAC : iteration:19624 matching_count:2000 error:0.154637 inlier:0.113703
1.144,ros=1778663557.452553,level=20,name=hdl_global_localization.global_localization_node,msg=RANSAC : iteration:19087 matching_count:1946 error:0.162672 inlier:0.465306
1.145,ros=1778663557.455657,level=20,name=hdl_global_localization.global_localization_node,msg=RANSAC : iteration:19626 matching_count:2001 error:0.162445 inlier:0.373178
1.145,ros=1778663557.452595,level=20,name=hdl_global_localization.global_localization_node,msg=RANSAC : iteration:19107 matching_count:1948 error:0.160333 inlier:0.43965
1.145,ros=1778663557.452448,level=20,name=hdl_global_localization.global_localization_node,msg=RANSAC : iteration:19048 matching_count:1939 error:0.155203 inlier:0.429738
1.146,ros=1778663557.452606,level=20,name=hdl_global_localization.global_localization_node,msg=RANSAC : iteration:19107 matching_count:1948 error:0.152487 inlier:0.176676
1.146,ros=1778663557.452647,level=20,name=hdl_global_localization.global_localization_node,msg=RANSAC : iteration:19150 matching_count:1952 error:0.16231 inlier:0.444898
1.147,ros=1778663557.452647,level=20,name=hdl_global_localization.global_localization_node,msg=RANSAC : iteration:19150 matching_count:1952 error:0.158787 inlier:0.142857
1.147,ros=1778663557.452701,level=20,name=hdl_global_localization.global_localization_node,msg=RANSAC : iteration:19164 matching_count:1953 error:0.155833 inlier:0.372012
1.148,ros=1778663557.452703,level=20,name=hdl_global_localization.global_localization_node,msg=RANSAC : iteration:19164 matching_count:1953 error:0.161235 inlier:0.17551
1.148,ros=1778663557.452813,level=20,name=hdl_global_localization.global_localization_node,msg=RANSAC : iteration:19173 matching_count:1956 error:0.158096 inlier:0.325364
1.148,ros=1778663557.454505,level=20,name=hdl_global_localization.global_localization_node,msg=RANSAC : iteration:19464 matching_count:1983 error:0.158521 inlier:0.497959
1.148,ros=1778663557.452588,level=20,name=hdl_global_localization.global_localization_node,msg=RANSAC : iteration:19107 matching_count:1948 error:0.159797 inlier:0.4793
1.149,ros=1778663557.452595,level=20,name=hdl_global_localization.global_localization_node,msg=RANSAC : iteration:19107 matching_count:1948 error:0.161692 inlier:0.376093
1.149,ros=1778663557.455888,level=20,name=hdl_global_localization.global_localization_node,msg=RANSAC : iteration:19626 matching_count:2001 error:0.160495 inlier:0.667055
1.149,ros=1778663557.452579,level=20,name=hdl_global_localization.global_localization_node,msg=RANSAC : iteration:19106 matching_count:1947 error:0.160499 inlier:0.396501
1.149,ros=1778663557.456204,level=20,name=hdl_global_localization.global_localization_node,msg=RANSAC : iteration:19626 matching_count:2001 error:0.157273 inlier:0.193003
1.225,ros=1778663556.434146,level=20,name=HdlLocalizationNodelet,msg=Global localization candidate[7] trans=(1.92178, 1.54684, 0.0585539) error=0.167358 inlier=0.878857 ndt_converged=1 ndt_fitness=0.212633
1.226,ros=1778663556.570832,level=20,name=HdlLocalizationNodelet,msg=Global localization candidate[8] trans=(-1.91486, 2.3286, 0.434803) error=0.155811 inlier=0.870286 ndt_converged=1 ndt_fitness=0.10981
1.226,ros=1778663556.723937,level=20,name=HdlLocalizationNodelet,msg=Global localization candidate[9] trans=(-1.42285, 9.05334, 0.526636) error=0.155852 inlier=0.868571 ndt_converged=1 ndt_fitness=0.484374
1.227,ros=1778663556.724014,level=20,name=HdlLocalizationNodelet,msg=Best global localization candidate[8] fitness=0.10981 error=0.155811 inlier=0.870286 accepted_candidates=1
1.227,ros=1778663556.724026,level=30,name=HdlLocalizationNodelet,msg=hold global localization result until it is repeatable: consistent=2/3 window=5 xy_tol=0.8 yaw_tol=0.35
1.228,ros=1778663556.724038,level=30,name=HdlLocalizationNodelet,msg=auto relocalize failed; call /relocalize after the scan is stable or set /initialpose manually
1.228,ros=1778663556.726269,level=30,name=HdlLocalizationNodelet,msg=waiting for initial pose input or global relocalization!!
1.229,ros=1778663556.731290,level=30,name=HdlLocalizationNodelet,msg=waiting for initial pose input or global relocalization!!
1.230,ros=1778663556.737365,level=30,name=HdlLocalizationNodelet,msg=waiting for initial pose input or global relocalization!!
1.231,ros=1778663556.821491,level=30,name=HdlLocalizationNodelet,msg=waiting for initial pose input or global relocalization!!
1.232,ros=1778663556.919505,level=30,name=HdlLocalizationNodelet,msg=waiting for initial pose input or global relocalization!!
1.233,ros=1778663557.019962,level=30,name=HdlLocalizationNodelet,msg=waiting for initial pose input or global relocalization!!
1.234,ros=1778663557.117356,level=30,name=HdlLocalizationNodelet,msg=waiting for initial pose input or global relocalization!!
1.235,ros=1778663557.217899,level=30,name=HdlLocalizationNodelet,msg=waiting for initial pose input or global relocalization!!
1.236,ros=1778663557.313782,level=20,name=HdlLocalizationNodelet,msg=auto relocalize on start
1.237,ros=1778663557.326552,level=30,name=HdlLocalizationNodelet,msg=waiting for initial pose input or global relocalization!!
1.238,ros=1778663557.418923,level=30,name=HdlLocalizationNodelet,msg=waiting for initial pose input or global relocalization!!
1.239,ros=1778663557.460244,level=20,name=HdlLocalizationNodelet,msg=Global localization candidates: returned=10 requested=10 fitness_threshold=0.12 min_margin=0.1 query_points=14449
1.239,ros=1778663557.508724,level=20,name=HdlLocalizationNodelet,msg=Global localization candidate[0] trans=(1.28096, -0.00532675, 0.0121061) error=0.151089 inlier=0.934111 ndt_converged=1 ndt_fitness=0.120332
1.243,ros=1778663557.583529,level=20,name=HdlLocalizationNodelet,msg=Global localization candidate[1] trans=(-2.32118, 1.16667, 1.18391) error=0.156388 inlier=0.904956 ndt_converged=1 ndt_fitness=0.0755961
1.378,ros=1778663557.716185,level=20,name=HdlLocalizationNodelet,msg=Global localization candidate[2] trans=(4.94661, 6.15634, 0.426817) error=0.152642 inlier=0.894461 ndt_converged=1 ndt_fitness=0.763831
1.471,ros=1778663557.811897,level=20,name=HdlLocalizationNodelet,msg=Global localization candidate[3] trans=(-2.17428, 8.78483, 0.630949) error=0.158209 inlier=0.894461 ndt_converged=1 ndt_fitness=0.216497
1.594,ros=1778663557.934211,level=20,name=HdlLocalizationNodelet,msg=Global localization candidate[4] trans=(1.73277, 12.2018, 0.439291) error=0.165365 inlier=0.894461 ndt_converged=1 ndt_fitness=0.310581
1.697,ros=1778663558.037785,level=20,name=HdlLocalizationNodelet,msg=Global localization candidate[5] trans=(-5.07605, 3.17235, 0.403818) error=0.177339 inlier=0.888047 ndt_converged=1 ndt_fitness=0.394364
1.850,ros=1778663558.190925,level=20,name=HdlLocalizationNodelet,msg=Global localization candidate[6] trans=(-5.34068, 3.82656, 1.06596) error=0.159373 inlier=0.883382 ndt_converged=1 ndt_fitness=0.306605
1.996,ros=1778663558.336441,level=20,name=HdlLocalizationNodelet,msg=Global localization candidate[7] trans=(-1.61394, 11.1332, 0.807161) error=0.165352 inlier=0.881633 ndt_converged=1 ndt_fitness=0.547608
2.129,ros=1778663558.466968,level=20,name=HdlLocalizationNodelet,msg=Global localization candidate[8] trans=(5.01883, 8.64058, 0.528766) error=0.157009 inlier=0.881633 ndt_converged=1 ndt_fitness=0.578044
2.278,ros=1778663558.618786,level=20,name=HdlLocalizationNodelet,msg=Global localization candidate[9] trans=(-1.4299, 9.63933, -0.232847) error=0.157841 inlier=0.881633 ndt_converged=1 ndt_fitness=0.203968
2.278,ros=1778663558.618855,level=20,name=HdlLocalizationNodelet,msg=Best global localization candidate[1] fitness=0.0755961 error=0.156388 inlier=0.904956 accepted_candidates=1
2.279,ros=1778663558.618896,level=30,name=HdlLocalizationNodelet,msg=hold global localization result until it is repeatable: consistent=1/3 window=5 xy_tol=0.8 yaw_tol=0.35
2.279,ros=1778663558.618911,level=30,name=HdlLocalizationNodelet,msg=auto relocalize failed; call /relocalize after the scan is stable or set /initialpose manually
2.280,ros=1778663558.620760,level=30,name=HdlLocalizationNodelet,msg=waiting for initial pose input or global relocalization!!
2.285,ros=1778663558.625925,level=30,name=HdlLocalizationNodelet,msg=waiting for initial pose input or global relocalization!!
2.291,ros=1778663558.631572,level=30,name=HdlLocalizationNodelet,msg=waiting for initial pose input or global relocalization!!
2.297,ros=1778663558.636901,level=30,name=HdlLocalizationNodelet,msg=waiting for initial pose input or global relocalization!!
2.390,ros=1778663558.728100,level=30,name=HdlLocalizationNodelet,msg=waiting for initial pose input or global relocalization!!
2.434,ros=1778663558.774330,level=20,name=navigation_state_manager,msg=收到导航请求: navigation_command
2.435,ros=1778663558.774595,level=20,name=navigation_state_manager,msg=执行导航命令: stop_navigation
2.479,ros=1778663558.817853,level=30,name=HdlLocalizationNodelet,msg=waiting for initial pose input or global relocalization!!
2.583,ros=1778663558.918605,level=30,name=HdlLocalizationNodelet,msg=waiting for initial pose input or global relocalization!!
2.681,ros=1778663559.015071,level=30,name=HdlLocalizationNodelet,msg=waiting for initial pose input or global relocalization!!
2.777,ros=1778663559.116604,level=30,name=HdlLocalizationNodelet,msg=waiting for initial pose input or global relocalization!!
2.890,ros=1778663559.226094,level=30,name=HdlLocalizationNodelet,msg=waiting for initial pose input or global relocalization!!
2.974,ros=1778663559.313795,level=20,name=HdlLocalizationNodelet,msg=auto relocalize on start
2.983,ros=1778663559.322565,level=20,name=HdlLocalizationNodelet,msg=global localization height-filtered scan points: 14458 z=[0, inf]
2.984,ros=1778663559.323161,level=20,name=hdl_global_localization.global_localization_node,msg=Query Global Localization
2.985,ros=1778663559.323535,level=20,name=hdl_global_localization.global_localization_node,msg=Normal Estimation: Radius(1)
2.986,ros=1778663559.324733,level=20,name=hdl_global_localization.global_localization_node,msg=FPFH Extraction: Search Radius(3)
2.994,ros=1778663559.331923,level=30,name=HdlLocalizationNodelet,msg=waiting for initial pose input or global relocalization!!
3.001,ros=1778663559.341621,level=30,name=robot_realpose_publisher,msg=Failed to get TF map->base_footprint: Could not find a connection between 'map' and 'base_footprint' because they are not part of the same tree.Tf has two or more unconnected trees.
3.008,ros=1778663559.344230,level=20,name=hdl_global_localization.global_localization_node,msg=RANSAC : Precompute Nearest Features
3.048,ros=1778663559.388429,level=20,name=hdl_global_localization.global_localization_node,msg=RANSAC : Main Loop
3.048,ros=1778663559.388829,level=20,name=hdl_global_localization.global_localization_node,msg=RANSAC : iteration:90 matching_count:7 error:0.160361 inlier:0.325784
3.049,ros=1778663559.388924,level=20,name=hdl_global_localization.global_localization_node,msg=RANSAC : iteration:135 matching_count:12 error:0.164245 inlier:0.250871
3.049,ros=1778663559.388837,level=20,name=hdl_global_localization.global_localization_node,msg=RANSAC : iteration:90 matching_count:7 error:0.159528 inlier:0.606852
3.049,ros=1778663559.389009,level=20,name=hdl_global_localization.global_localization_node,msg=RANSAC : iteration:172 matching_count:17 error:0.160705 inlier:0.349013
3.049,ros=1778663559.388845,level=20,name=hdl_global_localization.global_localization_node,msg=RANSAC : iteration:104 matching_count:7 error:0.16245 inlier:0.385598
3.050,ros=1778663559.389129,level=20,name=hdl_global_localization.global_localization_node,msg=RANSAC : iteration:191 matching_count:20 error:0.15996 inlier:0.522067
3.050,ros=1778663559.389147,level=20,name=hdl_global_localization.global_localization_node,msg=RANSAC : iteration:231 matching_count:20 error:0.158044 inlier:0.545296
3.050,ros=1778663559.388955,level=20,name=hdl_global_localization.global_localization_node,msg=RANSAC : iteration:148 matching_count:14 error:0.160487 inlier:0.228223
3.051,ros=1778663559.388961,level=20,name=hdl_global_localization.global_localization_node,msg=RANSAC : iteration:161 matching_count:14 error:0.160544 inlier:0.490708
3.051,ros=1778663559.389019,level=20,name=hdl_global_localization.global_localization_node,msg=RANSAC : iteration:173 matching_count:18 error:0.16009 inlier:0.520325
3.051,ros=1778663559.388840,level=20,name=hdl_global_localization.global_localization_node,msg=RANSAC : iteration:94 matching_count:7 error:0.171139 inlier:0.281069
3.052,ros=1778663559.389029,level=20,name=hdl_global_localization.global_localization_node,msg=RANSAC : iteration:173 matching_count:18 error:0.165287 inlier:0.318815
3.052,ros=1778663559.389054,level=20,name=hdl_global_localization.global_localization_node,msg=RANSAC : iteration:180 matching_count:19 error:0.159393 inlier:0.555168
3.052,ros=1778663559.389062,level=20,name=hdl_global_localization.global_localization_node,msg=RANSAC : iteration:181 matching_count:19 error:0.161234 inlier:0.486063
3.055,ros=1778663559.392100,level=20,name=hdl_global_localization.global_localization_node,msg=RANSAC : iteration:1066 matching_count:98 error:0.153266 inlier:0.243902
3.055,ros=1778663559.391978,level=20,name=hdl_global_localization.global_localization_node,msg=RANSAC : iteration:1011 matching_count:94 error:0.15902 inlier:0.456446
3.056,ros=1778663559.392106,level=20,name=hdl_global_localization.global_localization_node,msg=RANSAC : iteration:1066 matching_count:98 error:0.167081 inlier:0.736353
3.056,ros=1778663559.393300,level=20,name=hdl_global_localization.global_localization_node,msg=RANSAC : iteration:1232 matching_count:123 error:0.158545 inlier:0.37863
3.056,ros=1778663559.393574,level=20,name=hdl_global_localization.global_localization_node,msg=RANSAC : iteration:1328 matching_count:134 error:0.156153 inlier:0.682927
3.056,ros=1778663559.393797,level=20,name=hdl_global_localization.global_localization_node,msg=RANSAC : iteration:1416 matching_count:141 error:0.160386 inlier:0.421022
3.057,ros=1778663559.394343,level=20,name=hdl_global_localization.global_localization_node,msg=RANSAC : iteration:1561 matching_count:155 error:0.15657 inlier:0.547038
3.057,ros=1778663559.395207,level=20,name=hdl_global_localization.global_localization_node,msg=RANSAC : iteration:1849 matching_count:179 error:0.152945 inlier:0.835075
3.057,ros=1778663559.395340,level=20,name=hdl_global_localization.global_localization_node,msg=RANSAC : iteration:1880 matching_count:186 error:0.159423 inlier:0.70964
3.058,ros=1778663559.394841,level=20,name=hdl_global_localization.global_localization_node,msg=RANSAC : iteration:1719 matching_count:169 error:0.158063 inlier:0.52381
3.058,ros=1778663559.395364,level=20,name=hdl_global_localization.global_localization_node,msg=RANSAC : iteration:1885 matching_count:187 error:0.157095 inlier:0.789779
3.058,ros=1778663559.395772,level=20,name=hdl_global_localization.global_localization_node,msg=RANSAC : iteration:2026 matching_count:202 error:0.164273 inlier:0.192799
3.058,ros=1778663559.396392,level=20,name=hdl_global_localization.global_localization_node,msg=RANSAC : iteration:2210 matching_count:224 error:0.161153 inlier:0.281069
3.059,ros=1778663559.396475,level=20,name=hdl_global_localization.global_localization_node,msg=RANSAC : iteration:2285 matching_count:229 error:0.160414 inlier:0.362369
3.059,ros=1778663559.396835,level=20,name=hdl_global_localization.global_localization_node,msg=RANSAC : iteration:2360 matching_count:241 error:0.162416 inlier:0.590012
3.059,ros=1778663559.397381,level=20,name=hdl_global_localization.global_localization_node,msg=RANSAC : iteration:2617 matching_count:264 error:0.157363 inlier:0.605691
3.059,ros=1778663559.397803,level=20,name=hdl_global_localization.global_localization_node,msg=RANSAC : iteration:2736 matching_count:276 error:0.144405 inlier:0.507549
3.060,ros=1778663559.397474,level=20,name=hdl_global_localization.global_localization_node,msg=RANSAC : iteration:2660 matching_count:269 error:0.160602 inlier:0.904181
3.060,ros=1778663559.398057,level=20,name=hdl_global_localization.global_localization_node,msg=RANSAC : iteration:2859 matching_count:288 error:0.158652 inlier:0.519744
3.060,ros=1778663559.398217,level=20,name=hdl_global_localization.global_localization_node,msg=RANSAC : iteration:2940 matching_count:296 error:0.15985 inlier:0.789779
3.061,ros=1778663559.398009,level=20,name=hdl_global_localization.global_localization_node,msg=RANSAC : iteration:2843 matching_count:287 error:0.160074 inlier:0.512776
3.061,ros=1778663559.398796,level=20,name=hdl_global_localization.global_localization_node,msg=RANSAC : iteration:3076 matching_count:308 error:0.171454 inlier:0.832172
3.061,ros=1778663559.399556,level=20,name=hdl_global_localization.global_localization_node,msg=RANSAC : iteration:3434 matching_count:339 error:0.162741 inlier:0.544135
3.062,ros=1778663559.399712,level=20,name=hdl_global_localization.global_localization_node,msg=RANSAC : iteration:3486 matching_count:346 error:0.159726 inlier:0.491289
3.062,ros=1778663559.399957,level=20,name=hdl_global_localization.global_localization_node,msg=RANSAC : iteration:3686 matching_count:360 error:0.16433 inlier:0.35482
3.062,ros=1778663559.400079,level=20,name=hdl_global_localization.global_localization_node,msg=RANSAC : iteration:3751 matching_count:364 error:0.162287 inlier:0.365854
3.063,ros=1778663559.400874,level=20,name=hdl_global_localization.global_localization_node,msg=RANSAC : iteration:4019 matching_count:395 error:0.162257 inlier:0.479094
3.063,ros=1778663559.401030,level=20,name=hdl_global_localization.global_localization_node,msg=RANSAC : iteration:4068 matching_count:402 error:0.160702 inlier:0.507549
3.063,ros=1778663559.401405,level=20,name=hdl_global_localization.global_localization_node,msg=RANSAC : iteration:4214 matching_count:416 error:0.160789 inlier:0.475029
3.063,ros=1778663559.400727,level=20,name=hdl_global_localization.global_localization_node,msg=RANSAC : iteration:3964 matching_count:387 error:0.172071 inlier:0.408246
3.064,ros=1778663559.402016,level=20,name=hdl_global_localization.global_localization_node,msg=RANSAC : iteration:4430 matching_count:436 error:0.159743 inlier:0.353078
3.064,ros=1778663559.402054,level=20,name=hdl_global_localization.global_localization_node,msg=RANSAC : iteration:4444 matching_count:438 error:0.155257 inlier:0.430314
3.064,ros=1778663559.401773,level=20,name=hdl_global_localization.global_localization_node,msg=RANSAC : iteration:4377 matching_count:427 error:0.167561 inlier:0.0743322
3.064,ros=1778663559.402311,level=20,name=hdl_global_localization.global_localization_node,msg=RANSAC : iteration:4643 matching_count:448 error:0.155242 inlier:0.770616
3.065,ros=1778663559.402688,level=20,name=hdl_global_localization.global_localization_node,msg=RANSAC : iteration:4820 matching_count:465 error:0.158602 inlier:0.542393
3.065,ros=1778663559.403129,level=20,name=hdl_global_localization.global_localization_node,msg=RANSAC : iteration:4947 matching_count:484 error:0.161445 inlier:0.458188
3.065,ros=1778663559.403113,level=20,name=hdl_global_localization.global_localization_node,msg=RANSAC : iteration:4938 matching_count:483 error:0.162127 inlier:0.410569
3.065,ros=1778663559.403274,level=20,name=hdl_global_localization.global_localization_node,msg=RANSAC : iteration:4996 matching_count:492 error:0.168803 inlier:0.74971
3.066,ros=1778663559.402869,level=20,name=hdl_global_localization.global_localization_node,msg=RANSAC : iteration:4858 matching_count:471 error:0.15764 inlier:0.491289
3.066,ros=1778663559.403456,level=20,name=hdl_global_localization.global_localization_node,msg=RANSAC : iteration:5042 matching_count:500 error:0.162467 inlier:0.359466
3.066,ros=1778663559.404004,level=20,name=hdl_global_localization.global_localization_node,msg=RANSAC : iteration:5228 matching_count:521 error:0.157807 inlier:0.614402
3.067,ros=1778663559.404145,level=20,name=hdl_global_localization.global_localization_node,msg=RANSAC : iteration:5288 matching_count:529 error:0.155803 inlier:0.332172
3.067,ros=1778663559.404406,level=20,name=hdl_global_localization.global_localization_node,msg=RANSAC : iteration:5332 matching_count:537 error:0.159103 inlier:0.20964
3.067,ros=1778663559.404637,level=20,name=hdl_global_localization.global_localization_node,msg=RANSAC : iteration:5421 matching_count:548 error:0.161071 inlier:0.204413
3.068,ros=1778663559.405612,level=20,name=hdl_global_localization.global_localization_node,msg=RANSAC : iteration:5731 matching_count:581 error:0.160793 inlier:0.440767
3.068,ros=1778663559.405589,level=20,name=hdl_global_localization.global_localization_node,msg=RANSAC : iteration:5730 matching_count:580 error:0.155856 inlier:0.573171
3.068,ros=1778663559.406410,level=20,name=hdl_global_localization.global_localization_node,msg=RANSAC : iteration:5932 matching_count:607 error:0.158199 inlier:0.510453
3.069,ros=1778663559.405910,level=20,name=hdl_global_localization.global_localization_node,msg=RANSAC : iteration:5783 matching_count:589 error:0.160964 inlier:0.436702
3.069,ros=1778663559.406940,level=20,name=hdl_global_localization.global_localization_node,msg=RANSAC : iteration:6071 matching_count:626 error:0.160686 inlier:0.849013
3.069,ros=1778663559.407326,level=20,name=hdl_global_localization.global_localization_node,msg=RANSAC : iteration:6178 matching_count:636 error:0.156133 inlier:0.702091
3.069,ros=1778663559.406720,level=20,name=hdl_global_localization.global_localization_node,msg=RANSAC : iteration:6058 matching_count:621 error:0.159257 inlier:0.31417
3.070,ros=1778663559.407717,level=20,name=hdl_global_localization.global_localization_node,msg=RANSAC : iteration:6306 matching_count:649 error:0.160501 inlier:0.812427
3.070,ros=1778663559.407994,level=20,name=hdl_global_localization.global_localization_node,msg=RANSAC : iteration:6411 matching_count:660 error:0.158563 inlier:0.361789
3.070,ros=1778663559.408175,level=20,name=hdl_global_localization.global_localization_node,msg=RANSAC : iteration:6464 matching_count:666 error:0.16393 inlier:0.454123
3.071,ros=1778663559.408348,level=20,name=hdl_global_localization.global_localization_node,msg=RANSAC : iteration:6488 matching_count:671 error:0.158623 inlier:0.595819
3.071,ros=1778663559.409135,level=20,name=hdl_global_localization.global_localization_node,msg=RANSAC : iteration:6808 matching_count:705 error:0.156483 inlier:0.390244
3.071,ros=1778663559.409708,level=20,name=hdl_global_localization.global_localization_node,msg=RANSAC : iteration:7005 matching_count:725 error:0.162923 inlier:0.0865273
3.072,ros=1778663559.409679,level=20,name=hdl_global_localization.global_localization_node,msg=RANSAC : iteration:6992 matching_count:723 error:0.158899 inlier:0.408246
3.072,ros=1778663559.410081,level=20,name=hdl_global_localization.global_localization_node,msg=RANSAC : iteration:7141 matching_count:740 error:0.15601 inlier:0.574332
3.072,ros=1778663559.410134,level=20,name=hdl_global_localization.global_localization_node,msg=RANSAC : iteration:7153 matching_count:742 error:0.159686 inlier:0.369919
3.075,ros=1778663559.412635,level=20,name=hdl_global_localization.global_localization_node,msg=RANSAC : iteration:8289 matching_count:852 error:0.156407 inlier:0.850755
3.076,ros=1778663559.412849,level=20,name=hdl_global_localization.global_localization_node,msg=RANSAC : iteration:8390 matching_count:860 error:0.157579 inlier:0.53194
3.076,ros=1778663559.412102,level=20,name=hdl_global_localization.global_localization_node,msg=RANSAC : iteration:8134 matching_count:833 error:0.162613 inlier:0.638211
3.076,ros=1778663559.412941,level=20,name=hdl_global_localization.global_localization_node,msg=RANSAC : iteration:8439 matching_count:864 error:0.159044 inlier:0.492451
3.076,ros=1778663559.413228,level=20,name=hdl_global_localization.global_localization_node,msg=RANSAC : iteration:8554 matching_count:875 error:0.160519 inlier:0.750871
3.077,ros=1778663559.413246,level=20,name=hdl_global_localization.global_localization_node,msg=RANSAC : iteration:8554 matching_count:875 error:0.15914 inlier:0.45993
3.077,ros=1778663559.412508,level=20,name=hdl_global_localization.global_localization_node,msg=RANSAC : iteration:8243 matching_count:847 error:0.16273 inlier:0.531359
3.077,ros=1778663559.413582,level=20,name=hdl_global_localization.global_localization_node,msg=RANSAC : iteration:8666 matching_count:885 error:0.160471 inlier:0.676539
3.078,ros=1778663559.413924,level=20,name=hdl_global_localization.global_localization_node,msg=RANSAC : iteration:8773 matching_count:896 error:0.159665 inlier:0.406504
3.081,ros=1778663559.415745,level=20,name=hdl_global_localization.global_localization_node,msg=RANSAC : iteration:9297 matching_count:946 error:0.159592 inlier:0.243322
3.081,ros=1778663559.416150,level=20,name=hdl_global_localization.global_localization_node,msg=RANSAC : iteration:9407 matching_count:959 error:0.158241 inlier:0.265389
3.082,ros=1778663559.416191,level=20,name=hdl_global_localization.global_localization_node,msg=RANSAC : iteration:9410 matching_count:960 error:0.15822 inlier:0.342625
3.082,ros=1778663559.415835,level=20,name=hdl_global_localization.global_localization_node,msg=RANSAC : iteration:9339 matching_count:949 error:0.161789 inlier:0.722997
3.082,ros=1778663559.415851,level=20,name=hdl_global_localization.global_localization_node,msg=RANSAC : iteration:9339 matching_count:949 error:0.159932 inlier:0.457607
3.082,ros=1778663559.416266,level=20,name=hdl_global_localization.global_localization_node,msg=RANSAC : iteration:9432 matching_count:962 error:0.1602 inlier:0.184669
3.083,ros=1778663559.415867,level=20,name=hdl_global_localization.global_localization_node,msg=RANSAC : iteration:9339 matching_count:949 error:0.160105 inlier:0.592334
3.083,ros=1778663559.415875,level=20,name=hdl_global_localization.global_localization_node,msg=RANSAC : iteration:9339 matching_count:949 error:0.165371 inlier:0.774681
3.083,ros=1778663559.418499,level=20,name=hdl_global_localization.global_localization_node,msg=RANSAC : iteration:9768 matching_count:998 error:0.158017 inlier:0.361789
3.083,ros=1778663559.421260,level=20,name=hdl_global_localization.global_localization_node,msg=RANSAC : iteration:10397 matching_count:1063 error:0.166475 inlier:0.585947
3.084,ros=1778663559.419205,level=20,name=hdl_global_localization.global_localization_node,msg=RANSAC : iteration:9931 matching_count:1016 error:0.172483 inlier:0.473868
3.084,ros=1778663559.422152,level=20,name=hdl_global_localization.global_localization_node,msg=RANSAC : iteration:10639 matching_count:1086 error:0.166567 inlier:0.899535
3.084,ros=1778663559.422701,level=20,name=hdl_global_localization.global_localization_node,msg=RANSAC : iteration:10889 matching_count:1109 error:0.161336 inlier:0.432056
3.084,ros=1778663559.422806,level=20,name=hdl_global_localization.global_localization_node,msg=RANSAC : iteration:10957 matching_count:1115 error:0.155393 inlier:0.421603
3.085,ros=1778663559.422820,level=20,name=hdl_global_localization.global_localization_node,msg=RANSAC : iteration:10958 matching_count:1115 error:0.158896 inlier:0.295006
3.085,ros=1778663559.422511,level=20,name=hdl_global_localization.global_localization_node,msg=RANSAC : iteration:10807 matching_count:1098 error:0.158864 inlier:0.386179
3.085,ros=1778663559.424070,level=20,name=hdl_global_localization.global_localization_node,msg=RANSAC : iteration:11387 matching_count:1157 error:0.160569 inlier:0.470383
3.086,ros=1778663559.424302,level=20,name=hdl_global_localization.global_localization_node,msg=RANSAC : iteration:11499 matching_count:1169 error:0.158587 inlier:0.279326
3.086,ros=1778663559.424349,level=20,name=hdl_global_localization.global_localization_node,msg=RANSAC : iteration:11504 matching_count:1172 error:0.158124 inlier:0.675377
3.086,ros=1778663559.423646,level=20,name=hdl_global_localization.global_localization_node,msg=RANSAC : iteration:11357 matching_count:1152 error:0.15753 inlier:0.74158
3.086,ros=1778663559.424482,level=20,name=hdl_global_localization.global_localization_node,msg=RANSAC : iteration:11533 matching_count:1178 error:0.161752 inlier:0.572009
3.087,ros=1778663559.424492,level=20,name=hdl_global_localization.global_localization_node,msg=RANSAC : iteration:11534 matching_count:1179 error:0.158936 inlier:0.478513
3.087,ros=1778663559.424542,level=20,name=hdl_global_localization.global_localization_node,msg=RANSAC : iteration:11540 matching_count:1181 error:0.16265 inlier:0.414053
3.087,ros=1778663559.426173,level=20,name=hdl_global_localization.global_localization_node,msg=RANSAC : iteration:12372 matching_count:1270 error:0.158327 inlier:0.422184
3.088,ros=1778663559.426626,level=20,name=hdl_global_localization.global_localization_node,msg=RANSAC : iteration:12550 matching_count:1297 error:0.159959 inlier:0.649826
3.088,ros=1778663559.426760,level=20,name=hdl_global_localization.global_localization_node,msg=RANSAC : iteration:12654 matching_count:1305 error:0.169143 inlier:0.372242
3.088,ros=1778663559.426859,level=20,name=hdl_global_localization.global_localization_node,msg=RANSAC : iteration:12709 matching_count:1311 error:0.152846 inlier:0.880952
3.088,ros=1778663559.427392,level=20,name=hdl_global_localization.global_localization_node,msg=RANSAC : iteration:12957 matching_count:1343 error:0.159886 inlier:0.221254
3.089,ros=1778663559.427718,level=20,name=hdl_global_localization.global_localization_node,msg=RANSAC : iteration:13078 matching_count:1359 error:0.159241 inlier:0.480836
3.089,ros=1778663559.427613,level=20,name=hdl_global_localization.global_localization_node,msg=RANSAC : iteration:13048 matching_count:1353 error:0.158911 inlier:0.832172
3.089,ros=1778663559.428181,level=20,name=hdl_global_localization.global_localization_node,msg=RANSAC : iteration:13285 matching_count:1381 error:0.159415 inlier:0.518583
3.089,ros=1778663559.428496,level=20,name=hdl_global_localization.global_localization_node,msg=RANSAC : iteration:13516 matching_count:1400 error:0.157133 inlier:0.631823
3.090,ros=1778663559.428668,level=20,name=hdl_global_localization.global_localization_node,msg=RANSAC : iteration:13618 matching_count:1410 error:0.157019 inlier:0.737515
3.090,ros=1778663559.428912,level=20,name=hdl_global_localization.global_localization_node,msg=RANSAC : iteration:13749 matching_count:1425 error:0.163961 inlier:0.47619
3.090,ros=1778663559.429238,level=20,name=hdl_global_localization.global_localization_node,msg=RANSAC : iteration:13882 matching_count:1445 error:0.158762 inlier:0.530197
3.090,ros=1778663559.428759,level=20,name=hdl_global_localization.global_localization_node,msg=RANSAC : iteration:13650 matching_count:1415 error:0.158975 inlier:0.490708
3.091,ros=1778663559.429620,level=20,name=hdl_global_localization.global_localization_node,msg=RANSAC : iteration:14168 matching_count:1469 error:0.154396 inlier:0.295006
3.091,ros=1778663559.429894,level=20,name=hdl_global_localization.global_localization_node,msg=RANSAC : iteration:14310 matching_count:1485 error:0.162714 inlier:0.530778
3.091,ros=1778663559.430210,level=20,name=hdl_global_localization.global_localization_node,msg=RANSAC : iteration:14482 matching_count:1502 error:0.177072 inlier:0.40302
3.092,ros=1778663559.430164,level=20,name=hdl_global_localization.global_localization_node,msg=RANSAC : iteration:14458 matching_count:1499 error:0.163572 inlier:0.64518
3.092,ros=1778663559.430448,level=20,name=hdl_global_localization.global_localization_node,msg=RANSAC : iteration:14606 matching_count:1516 error:0.160484 inlier:0.367015
3.092,ros=1778663559.430848,level=20,name=hdl_global_localization.global_localization_node,msg=RANSAC : iteration:14785 matching_count:1539 error:0.166137 inlier:0.427991
3.093,ros=1778663559.431371,level=20,name=hdl_global_localization.global_localization_node,msg=RANSAC : iteration:15028 matching_count:1564 error:0.159414 inlier:0.634146
3.093,ros=1778663559.431730,level=20,name=hdl_global_localization.global_localization_node,msg=RANSAC : iteration:15173 matching_count:1586 error:0.160952 inlier:0.339721
3.093,ros=1778663559.431675,level=20,name=hdl_global_localization.global_localization_node,msg=RANSAC : iteration:15158 matching_count:1582 error:0.179479 inlier:0.756098
3.093,ros=1778663559.431889,level=20,name=hdl_global_localization.global_localization_node,msg=RANSAC : iteration:15290 matching_count:1593 error:0.161498 inlier:0.316492
3.094,ros=1778663559.432191,level=20,name=hdl_global_localization.global_localization_node,msg=RANSAC : iteration:15516 matching_count:1613 error:0.16022 inlier:0.343786
3.094,ros=1778663559.432148,level=20,name=hdl_global_localization.global_localization_node,msg=RANSAC : iteration:15484 matching_count:1611 error:0.160539 inlier:0.62079
3.094,ros=1778663559.432267,level=20,name=hdl_global_localization.global_localization_node,msg=RANSAC : iteration:15579 matching_count:1618 error:0.1601 inlier:0.805459
3.094,ros=1778663559.432643,level=20,name=hdl_global_localization.global_localization_node,msg=RANSAC : iteration:15802 matching_count:1639 error:0.162421 inlier:0.698026
3.095,ros=1778663559.432668,level=20,name=hdl_global_localization.global_localization_node,msg=RANSAC : iteration:15813 matching_count:1641 error:0.16534 inlier:0.108014
3.095,ros=1778663559.433136,level=20,name=hdl_global_localization.global_localization_node,msg=RANSAC : iteration:15979 matching_count:1663 error:0.159236 inlier:0.461672
3.095,ros=1778663559.432881,level=20,name=hdl_global_localization.global_localization_node,msg=RANSAC : iteration:15922 matching_count:1652 error:0.168271 inlier:0.779907
3.095,ros=1778663559.432604,level=20,name=hdl_global_localization.global_localization_node,msg=RANSAC : iteration:15770 matching_count:1637 error:0.158231 inlier:0.414053
3.096,ros=1778663559.432881,level=20,name=hdl_global_localization.global_localization_node,msg=RANSAC : iteration:15922 matching_count:1652 error:0.161223 inlier:0.696864
3.096,ros=1778663559.433446,level=20,name=hdl_global_localization.global_localization_node,msg=RANSAC : iteration:16103 matching_count:1677 error:0.163146 inlier:0.127758
3.096,ros=1778663559.433621,level=20,name=hdl_global_localization.global_localization_node,msg=RANSAC : iteration:16169 matching_count:1684 error:0.160143 inlier:0.432056
3.097,ros=1778663559.434236,level=20,name=hdl_global_localization.global_localization_node,msg=RANSAC : iteration:16418 matching_count:1704 error:0.159305 inlier:0.629501
3.097,ros=1778663559.433865,level=20,name=hdl_global_localization.global_localization_node,msg=RANSAC : iteration:16309 matching_count:1694 error:0.1543 inlier:0.369919
3.097,ros=1778663559.434398,level=20,name=hdl_global_localization.global_localization_node,msg=RANSAC : iteration:16463 matching_count:1713 error:0.157811 inlier:0.608014
3.098,ros=1778663559.434507,level=20,name=hdl_global_localization.global_localization_node,msg=RANSAC : iteration:16489 matching_count:1718 error:0.156587 inlier:0.656794
3.098,ros=1778663559.434520,level=20,name=hdl_global_localization.global_localization_node,msg=RANSAC : iteration:16489 matching_count:1718 error:0.155496 inlier:0.263066
3.098,ros=1778663559.433299,level=20,name=hdl_global_localization.global_localization_node,msg=RANSAC : iteration:16034 matching_count:1670 error:0.157989 inlier:0.801974
3.098,ros=1778663559.434407,level=20,name=hdl_global_localization.global_localization_node,msg=RANSAC : iteration:16469 matching_count:1714 error:0.157142 inlier:0.45122
3.099,ros=1778663559.435025,level=20,name=hdl_global_localization.global_localization_node,msg=RANSAC : iteration:16622 matching_count:1732 error:0.158355 inlier:0.126597
3.099,ros=1778663559.435086,level=20,name=hdl_global_localization.global_localization_node,msg=RANSAC : iteration:16648 matching_count:1734 error:0.160739 inlier:0.632985
3.100,ros=1778663559.435680,level=20,name=hdl_global_localization.global_localization_node,msg=RANSAC : iteration:16902 matching_count:1761 error:0.160024 inlier:0.340302
3.101,ros=1778663559.435646,level=20,name=hdl_global_localization.global_localization_node,msg=RANSAC : iteration:16893 matching_count:1759 error:0.161456 inlier:0.414053
3.101,ros=1778663559.435807,level=20,name=hdl_global_localization.global_localization_node,msg=RANSAC : iteration:16943 matching_count:1765 error:0.14802 inlier:0.587108
3.101,ros=1778663559.435833,level=20,name=hdl_global_localization.global_localization_node,msg=RANSAC : iteration:16943 matching_count:1765 error:0.157592 inlier:0.25029
3.102,ros=1778663559.436097,level=20,name=hdl_global_localization.global_localization_node,msg=RANSAC : iteration:16985 matching_count:1771 error:0.15578 inlier:0.516841
3.102,ros=1778663559.436564,level=20,name=hdl_global_localization.global_localization_node,msg=RANSAC : iteration:17120 matching_count:1784 error:0.163291 inlier:0.494193
3.102,ros=1778663559.437388,level=20,name=hdl_global_localization.global_localization_node,msg=RANSAC : iteration:17403 matching_count:1808 error:0.161226 inlier:0.287456
3.103,ros=1778663559.437380,level=20,name=hdl_global_localization.global_localization_node,msg=RANSAC : iteration:17403 matching_count:1808 error:0.159066 inlier:0.462253
3.103,ros=1778663559.437627,level=20,name=hdl_global_localization.global_localization_node,msg=RANSAC : iteration:17483 matching_count:1817 error:0.155438 inlier:0.842044
3.103,ros=1778663559.439081,level=20,name=hdl_global_localization.global_localization_node,msg=RANSAC : iteration:17632 matching_count:1834 error:0.159386 inlier:0.618467
3.104,ros=1778663559.437514,level=20,name=hdl_global_localization.global_localization_node,msg=RANSAC : iteration:17451 matching_count:1813 error:0.161547 inlier:0.581301
3.104,ros=1778663559.439389,level=20,name=hdl_global_localization.global_localization_node,msg=RANSAC : iteration:17714 matching_count:1840 error:0.159433 inlier:0.400116
3.104,ros=1778663559.438323,level=20,name=hdl_global_localization.global_localization_node,msg=RANSAC : iteration:17598 matching_count:1830 error:0.158233 inlier:0.75784
3.104,ros=1778663559.440466,level=20,name=hdl_global_localization.global_localization_node,msg=RANSAC : iteration:17861 matching_count:1851 error:0.164326 inlier:0.629501
3.105,ros=1778663559.441154,level=20,name=hdl_global_localization.global_localization_node,msg=RANSAC : iteration:17934 matching_count:1861 error:0.15796 inlier:0.142857
3.105,ros=1778663559.441611,level=20,name=hdl_global_localization.global_localization_node,msg=RANSAC : iteration:18050 matching_count:1869 error:0.163423 inlier:0.530778
3.105,ros=1778663559.441914,level=20,name=hdl_global_localization.global_localization_node,msg=RANSAC : iteration:18109 matching_count:1876 error:0.158193 inlier:0.437282
3.106,ros=1778663559.442866,level=20,name=hdl_global_localization.global_localization_node,msg=RANSAC : iteration:18367 matching_count:1903 error:0.157036 inlier:0.545296
3.106,ros=1778663559.442969,level=20,name=hdl_global_localization.global_localization_node,msg=RANSAC : iteration:18367 matching_count:1903 error:0.162111 inlier:0.429152
3.106,ros=1778663559.443410,level=20,name=hdl_global_localization.global_localization_node,msg=RANSAC : iteration:18461 matching_count:1917 error:0.162927 inlier:0.482578
3.106,ros=1778663559.442035,level=20,name=hdl_global_localization.global_localization_node,msg=RANSAC : iteration:18125 matching_count:1878 error:0.167701 inlier:0.128339
3.107,ros=1778663559.443153,level=20,name=hdl_global_localization.global_localization_node,msg=RANSAC : iteration:18418 matching_count:1909 error:0.161022 inlier:0.339721
3.107,ros=1778663559.443194,level=20,name=hdl_global_localization.global_localization_node,msg=RANSAC : iteration:18433 matching_count:1912 error:0.162763 inlier:0.317654
3.107,ros=1778663559.443201,level=20,name=hdl_global_localization.global_localization_node,msg=RANSAC : iteration:18433 matching_count:1912 error:0.159144 inlier:0.414634
3.108,ros=1778663559.443652,level=20,name=hdl_global_localization.global_localization_node,msg=RANSAC : iteration:18511 matching_count:1922 error:0.162812 inlier:0.351336
3.108,ros=1778663559.443735,level=20,name=hdl_global_localization.global_localization_node,msg=RANSAC : iteration:18526 matching_count:1924 error:0.159213 inlier:0.579559
3.108,ros=1778663559.443751,level=20,name=hdl_global_localization.global_localization_node,msg=RANSAC : iteration:18526 matching_count:1924 error:0.160794 inlier:0.58072
3.108,ros=1778663559.443262,level=20,name=hdl_global_localization.global_localization_node,msg=RANSAC : iteration:18434 matching_count:1913 error:0.160604 inlier:0.576655
3.109,ros=1778663559.443307,level=20,name=hdl_global_localization.global_localization_node,msg=RANSAC : iteration:18436 matching_count:1914 error:0.161073 inlier:0.428571
3.109,ros=1778663559.443316,level=20,name=hdl_global_localization.global_localization_node,msg=RANSAC : iteration:18436 matching_count:1914 error:0.151559 inlier:0.875145
3.109,ros=1778663559.443021,level=20,name=hdl_global_localization.global_localization_node,msg=RANSAC : iteration:18378 matching_count:1904 error:0.160713 inlier:0.326945
3.109,ros=1778663559.443439,level=20,name=hdl_global_localization.global_localization_node,msg=RANSAC : iteration:18462 matching_count:1918 error:0.160627 inlier:0.686992
3.110,ros=1778663559.443945,level=20,name=hdl_global_localization.global_localization_node,msg=RANSAC : iteration:18607 matching_count:1930 error:0.162782 inlier:0.206736
3.110,ros=1778663559.444045,level=20,name=hdl_global_localization.global_localization_node,msg=RANSAC : iteration:18613 matching_count:1931 error:0.154682 inlier:0.659117
3.110,ros=1778663559.443583,level=20,name=hdl_global_localization.global_localization_node,msg=RANSAC : iteration:18493 matching_count:1920 error:0.163763 inlier:0.340302
3.110,ros=1778663559.443639,level=20,name=hdl_global_localization.global_localization_node,msg=RANSAC : iteration:18511 matching_count:1921 error:0.160125 inlier:0.524971
3.111,ros=1778663559.443744,level=20,name=hdl_global_localization.global_localization_node,msg=RANSAC : iteration:18526 matching_count:1924 error:0.15775 inlier:0.600465
3.111,ros=1778663559.444200,level=20,name=hdl_global_localization.global_localization_node,msg=RANSAC : iteration:18646 matching_count:1936 error:0.159444 inlier:0.794425
3.111,ros=1778663559.444277,level=20,name=hdl_global_localization.global_localization_node,msg=RANSAC : iteration:18652 matching_count:1937 error:0.161774 inlier:0.326945
3.112,ros=1778663559.443902,level=20,name=hdl_global_localization.global_localization_node,msg=RANSAC : iteration:18597 matching_count:1929 error:0.159961 inlier:0.530197
3.112,ros=1778663559.444333,level=20,name=hdl_global_localization.global_localization_node,msg=RANSAC : iteration:18656 matching_count:1938 error:0.158917 inlier:0.618467
3.112,ros=1778663559.443242,level=20,name=hdl_global_localization.global_localization_node,msg=RANSAC : iteration:18434 matching_count:1913 error:0.164168 inlier:0.329849
3.112,ros=1778663559.443911,level=20,name=hdl_global_localization.global_localization_node,msg=RANSAC : iteration:18597 matching_count:1929 error:0.153551 inlier:0.831591
3.113,ros=1778663559.443958,level=20,name=hdl_global_localization.global_localization_node,msg=RANSAC : iteration:18612 matching_count:1931 error:0.159671 inlier:0.770616
3.113,ros=1778663559.443970,level=20,name=hdl_global_localization.global_localization_node,msg=RANSAC : iteration:18612 matching_count:1931 error:0.161555 inlier:0.501742
3.113,ros=1778663559.443465,level=20,name=hdl_global_localization.global_localization_node,msg=RANSAC : iteration:18462 matching_count:1918 error:0.154399 inlier:0.736353
3.114,ros=1778663559.443246,level=20,name=hdl_global_localization.global_localization_node,msg=RANSAC : iteration:18434 matching_count:1913 error:0.170417 inlier:0.184088
3.114,ros=1778663559.443501,level=20,name=hdl_global_localization.global_localization_node,msg=RANSAC : iteration:18470 matching_count:1918 error:0.158986 inlier:0.660859
3.114,ros=1778663559.444070,level=20,name=hdl_global_localization.global_localization_node,msg=RANSAC : iteration:18613 matching_count:1932 error:0.155431 inlier:0.296748
3.114,ros=1778663559.444280,level=20,name=hdl_global_localization.global_localization_node,msg=RANSAC : iteration:18652 matching_count:1937 error:0.161451 inlier:0.550523
3.115,ros=1778663559.444287,level=20,name=hdl_global_localization.global_localization_node,msg=RANSAC : iteration:18652 matching_count:1937 error:0.156355 inlier:0.295587
3.115,ros=1778663559.443768,level=20,name=hdl_global_localization.global_localization_node,msg=RANSAC : iteration:18542 matching_count:1924 error:0.161395 inlier:0.811847
3.115,ros=1778663559.444786,level=20,name=hdl_global_localization.global_localization_node,msg=RANSAC : iteration:18760 matching_count:1951 error:0.158941 inlier:0.336237
3.116,ros=1778663559.444808,level=20,name=hdl_global_localization.global_localization_node,msg=RANSAC : iteration:18760 matching_count:1951 error:0.162949 inlier:0.563879
3.116,ros=1778663559.443903,level=20,name=hdl_global_localization.global_localization_node,msg=RANSAC : iteration:18597 matching_count:1929 error:0.158942 inlier:0.853659
3.116,ros=1778663559.444869,level=20,name=hdl_global_localization.global_localization_node,msg=RANSAC : iteration:18768 matching_count:1953 error:0.160807 inlier:0.494774
3.116,ros=1778663559.444474,level=20,name=hdl_global_localization.global_localization_node,msg=RANSAC : iteration:18699 matching_count:1943 error:0.165279 inlier:0.337398
3.117,ros=1778663559.444486,level=20,name=hdl_global_localization.global_localization_node,msg=RANSAC : iteration:18699 matching_count:1943 error:0.151551 inlier:0.236934
3.117,ros=1778663559.444950,level=20,name=hdl_global_localization.global_localization_node,msg=RANSAC : iteration:18797 matching_count:1956 error:0.157159 inlier:0.173635
3.117,ros=1778663559.444970,level=20,name=hdl_global_localization.global_localization_node,msg=RANSAC : iteration:18815 matching_count:1958 error:0.158457 inlier:0.730546
3.117,ros=1778663559.444576,level=20,name=hdl_global_localization.global_localization_node,msg=RANSAC : iteration:18708 matching_count:1943 error:0.167856 inlier:0.187573
3.118,ros=1778663559.444382,level=20,name=hdl_global_localization.global_localization_node,msg=RANSAC : iteration:18676 matching_count:1941 error:0.161303 inlier:0.563879
3.118,ros=1778663559.444855,level=20,name=hdl_global_localization.global_localization_node,msg=RANSAC : iteration:18768 matching_count:1953 error:0.157065 inlier:0.588269
3.118,ros=1778663559.444857,level=20,name=hdl_global_localization.global_localization_node,msg=RANSAC : iteration:18768 matching_count:1953 error:0.164926 inlier:0.302555
3.118,ros=1778663559.444458,level=20,name=hdl_global_localization.global_localization_node,msg=RANSAC : iteration:18699 matching_count:1943 error:0.162422 inlier:0.644019
3.119,ros=1778663559.444419,level=20,name=hdl_global_localization.global_localization_node,msg=RANSAC : iteration:18687 matching_count:1941 error:0.158821 inlier:0.563298
3.119,ros=1778663559.444939,level=20,name=hdl_global_localization.global_localization_node,msg=RANSAC : iteration:18795 matching_count:1956 error:0.160645 inlier:0.570848
3.119,ros=1778663559.444546,level=20,name=hdl_global_localization.global_localization_node,msg=RANSAC : iteration:18699 matching_count:1943 error:0.16257 inlier:0.572009
3.120,ros=1778663559.444973,level=20,name=hdl_global_localization.global_localization_node,msg=RANSAC : iteration:18815 matching_count:1958 error:0.160916 inlier:0.222416
3.120,ros=1778663559.444798,level=20,name=hdl_global_localization.global_localization_node,msg=RANSAC : iteration:18760 matching_count:1951 error:0.160359 inlier:0.29849
3.120,ros=1778663559.445044,level=20,name=hdl_global_localization.global_localization_node,msg=RANSAC : iteration:18881 matching_count:1959 error:0.158119 inlier:0.54878
3.120,ros=1778663559.445077,level=20,name=hdl_global_localization.global_localization_node,msg=RANSAC : iteration:18881 matching_count:1959 error:0.155918 inlier:0.80662
3.121,ros=1778663559.445076,level=20,name=hdl_global_localization.global_localization_node,msg=RANSAC : iteration:18881 matching_count:1959 error:0.157651 inlier:0.621951
3.121,ros=1778663559.445077,level=20,name=hdl_global_localization.global_localization_node,msg=RANSAC : iteration:18881 matching_count:1959 error:0.153606 inlier:0.537166
3.121,ros=1778663559.445079,level=20,name=hdl_global_localization.global_localization_node,msg=RANSAC : iteration:18881 matching_count:1959 error:0.15816 inlier:0.765389
3.121,ros=1778663559.445540,level=20,name=hdl_global_localization.global_localization_node,msg=RANSAC : iteration:19040 matching_count:1973 error:0.160583 inlier:0.506388
3.122,ros=1778663559.445332,level=20,name=hdl_global_localization.global_localization_node,msg=RANSAC : iteration:18947 matching_count:1965 error:0.1606 inlier:0.759582
3.122,ros=1778663559.445346,level=20,name=hdl_global_localization.global_localization_node,msg=RANSAC : iteration:18961 matching_count:1966 error:0.160247 inlier:0.706156
3.122,ros=1778663559.445354,level=20,name=hdl_global_localization.global_localization_node,msg=RANSAC : iteration:18961 matching_count:1966 error:0.151653 inlier:0.915796
3.122,ros=1778663559.445395,level=20,name=hdl_global_localization.global_localization_node,msg=RANSAC : iteration:18966 matching_count:1967 error:0.169094 inlier:0.804297
3.123,ros=1778663559.445433,level=20,name=hdl_global_localization.global_localization_node,msg=RANSAC : iteration:19018 matching_count:1969 error:0.153663 inlier:0.448316
3.123,ros=1778663559.445435,level=20,name=hdl_global_localization.global_localization_node,msg=RANSAC : iteration:19018 matching_count:1969 error:0.162802 inlier:0.817654
3.124,ros=1778663559.445455,level=20,name=hdl_global_localization.global_localization_node,msg=RANSAC : iteration:19018 matching_count:1969 error:0.160721 inlier:0.427991
3.124,ros=1778663559.445529,level=20,name=hdl_global_localization.global_localization_node,msg=RANSAC : iteration:19040 matching_count:1973 error:0.158855 inlier:0.851916
3.124,ros=1778663559.445737,level=20,name=hdl_global_localization.global_localization_node,msg=RANSAC : iteration:19151 matching_count:1982 error:0.155616 inlier:0.527294
3.125,ros=1778663559.445094,level=20,name=hdl_global_localization.global_localization_node,msg=RANSAC : iteration:18881 matching_count:1959 error:0.159127 inlier:0.385017
3.125,ros=1778663559.445576,level=20,name=hdl_global_localization.global_localization_node,msg=RANSAC : iteration:19049 matching_count:1975 error:0.15404 inlier:0.83101
3.125,ros=1778663559.445585,level=20,name=hdl_global_localization.global_localization_node,msg=RANSAC : iteration:19060 matching_count:1976 error:0.157333 inlier:0.45122
3.125,ros=1778663559.445906,level=20,name=hdl_global_localization.global_localization_node,msg=RANSAC : iteration:19171 matching_count:1986 error:0.159035 inlier:0.646341
3.126,ros=1778663559.445607,level=20,name=hdl_global_localization.global_localization_node,msg=RANSAC : iteration:19062 matching_count:1977 error:0.154849 inlier:0.152729
3.126,ros=1778663559.445632,level=20,name=hdl_global_localization.global_localization_node,msg=RANSAC : iteration:19077 matching_count:1978 error:0.162179 inlier:0.497677
3.127,ros=1778663559.445658,level=20,name=hdl_global_localization.global_localization_node,msg=RANSAC : iteration:19097 matching_count:1979 error:0.161179 inlier:0.335656
3.127,ros=1778663559.445678,level=20,name=hdl_global_localization.global_localization_node,msg=RANSAC : iteration:19115 matching_count:1980 error:0.161148 inlier:0.479675
3.128,ros=1778663559.445678,level=20,name=hdl_global_localization.global_localization_node,msg=RANSAC : iteration:19115 matching_count:1980 error:0.158513 inlier:0.667828
3.128,ros=1778663559.446063,level=20,name=hdl_global_localization.global_localization_node,msg=RANSAC : iteration:19233 matching_count:1993 error:0.161676 inlier:0.747967
3.128,ros=1778663559.445530,level=20,name=hdl_global_localization.global_localization_node,msg=RANSAC : iteration:19040 matching_count:1973 error:0.180757 inlier:0.381533
3.128,ros=1778663559.445749,level=20,name=hdl_global_localization.global_localization_node,msg=RANSAC : iteration:19153 matching_count:1983 error:0.161225 inlier:0.666667
3.129,ros=1778663559.445799,level=20,name=hdl_global_localization.global_localization_node,msg=RANSAC : iteration:19171 matching_count:1986 error:0.162803 inlier:0.460511
3.129,ros=1778663559.445808,level=20,name=hdl_global_localization.global_localization_node,msg=RANSAC : iteration:19171 matching_count:1986 error:0.16255 inlier:0.402439
3.129,ros=1778663559.446157,level=20,name=hdl_global_localization.global_localization_node,msg=RANSAC : iteration:19265 matching_count:1997 error:0.159607 inlier:0.421022
3.129,ros=1778663559.445861,level=20,name=hdl_global_localization.global_localization_node,msg=RANSAC : iteration:19171 matching_count:1986 error:0.163532 inlier:0.641115
3.130,ros=1778663559.446189,level=20,name=hdl_global_localization.global_localization_node,msg=RANSAC : iteration:19304 matching_count:1999 error:0.144402 inlier:0.220674
3.130,ros=1778663559.445602,level=20,name=hdl_global_localization.global_localization_node,msg=RANSAC : iteration:19062 matching_count:1977 error:0.161833 inlier:0.526713
3.130,ros=1778663559.446068,level=20,name=hdl_global_localization.global_localization_node,msg=RANSAC : iteration:19233 matching_count:1993 error:0.163493 inlier:0.128339
3.130,ros=1778663559.446070,level=20,name=hdl_global_localization.global_localization_node,msg=RANSAC : iteration:19233 matching_count:1993 error:0.160624 inlier:0.367596
3.131,ros=1778663559.445746,level=20,name=hdl_global_localization.global_localization_node,msg=RANSAC : iteration:19153 matching_count:1983 error:0.159132 inlier:0.826365
3.131,ros=1778663559.446083,level=20,name=hdl_global_localization.global_localization_node,msg=RANSAC : iteration:19236 matching_count:1994 error:0.16344 inlier:0.597561
3.131,ros=1778663559.446283,level=20,name=hdl_global_localization.global_localization_node,msg=RANSAC : iteration:19337 matching_count:2001 error:0.161405 inlier:0.415215
3.131,ros=1778663559.446158,level=20,name=hdl_global_localization.global_localization_node,msg=RANSAC : iteration:19265 matching_count:1997 error:0.158917 inlier:0.360627
3.132,ros=1778663559.445856,level=20,name=hdl_global_localization.global_localization_node,msg=RANSAC : iteration:19171 matching_count:1986 error:0.157725 inlier:0.5482
3.132,ros=1778663559.445884,level=20,name=hdl_global_localization.global_localization_node,msg=RANSAC : iteration:19171 matching_count:1986 error:0.163654 inlier:0.199187
3.132,ros=1778663559.446203,level=20,name=hdl_global_localization.global_localization_node,msg=RANSAC : iteration:19337 matching_count:2001 error:0.161607 inlier:0.494193
3.132,ros=1778663559.446238,level=20,name=hdl_global_localization.global_localization_node,msg=RANSAC : iteration:19337 matching_count:2001 error:0.160612 inlier:0.518583
3.133,ros=1778663559.446254,level=20,name=hdl_global_localization.global_localization_node,msg=RANSAC : iteration:19337 matching_count:2001 error:0.165092 inlier:0.47561
3.133,ros=1778663559.446276,level=20,name=hdl_global_localization.global_localization_node,msg=RANSAC : iteration:19337 matching_count:2001 error:0.157663 inlier:0.686411
3.133,ros=1778663559.446278,level=20,name=hdl_global_localization.global_localization_node,msg=RANSAC : iteration:19337 matching_count:2001 error:0.163048 inlier:0.553426
3.134,ros=1778663559.446145,level=20,name=hdl_global_localization.global_localization_node,msg=RANSAC : iteration:19265 matching_count:1997 error:0.159608 inlier:0.396051
3.134,ros=1778663559.446307,level=20,name=hdl_global_localization.global_localization_node,msg=RANSAC : iteration:19337 matching_count:2001 error:0.163639 inlier:0.350755
3.134,ros=1778663559.447560,level=20,name=HdlLocalizationNodelet,msg=Global localization candidates: returned=10 requested=10 fitness_threshold=0.12 min_margin=0.1 query_points=14458
3.278,ros=1778663559.618883,level=20,name=HdlLocalizationNodelet,msg=Global localization candidate[0] trans=(0.766344, 9.49932, 1.04815) error=0.159848 inlier=0.91928 ndt_converged=1 ndt_fitness=0.0947457
3.439,ros=1778663559.779204,level=20,name=HdlLocalizationNodelet,msg=Global localization candidate[1] trans=(-1.91944, 2.32057, -0.110682) error=0.151653 inlier=0.915796 ndt_converged=1 ndt_fitness=0.172398
3.566,ros=1778663559.906486,level=20,name=HdlLocalizationNodelet,msg=Global localization candidate[2] trans=(-1.19961, 1.12705, -0.203372) error=0.143566 inlier=0.91115 ndt_converged=1 ndt_fitness=0.298462
3.667,ros=1778663560.007487,level=20,name=HdlLocalizationNodelet,msg=Global localization candidate[3] trans=(6.1786, 10.5133, 0.161288) error=0.156771 inlier=0.909988 ndt_converged=1 ndt_fitness=0.267867
3.759,ros=1778663560.099563,level=20,name=HdlLocalizationNodelet,msg=Global localization candidate[4] trans=(5.07164, 4.23272, -0.0205912) error=0.160602 inlier=0.904181 ndt_converged=1 ndt_fitness=0.59189
3.918,ros=1778663560.258113,level=20,name=HdlLocalizationNodelet,msg=Global localization candidate[5] trans=(-0.029608, 10.2437, 0.442173) error=0.166567 inlier=0.899535 ndt_converged=1 ndt_fitness=0.357628
4.059,ros=1778663560.399272,level=20,name=HdlLocalizationNodelet,msg=Global localization candidate[6] trans=(-0.726366, 6.41319, 0.431894) error=0.167183 inlier=0.89489 ndt_converged=1 ndt_fitness=0.103483
4.132,ros=1778663560.472333,level=20,name=HdlLocalizationNodelet,msg=Global localization candidate[7] trans=(6.21961, 6.7932, 0.0331343) error=0.15897 inlier=0.894309 ndt_converged=1 ndt_fitness=0.238892
4.281,ros=1778663560.621223,level=20,name=HdlLocalizationNodelet,msg=Global localization candidate[8] trans=(-1.8204, 8.82967, 0.600107) error=0.153919 inlier=0.891986 ndt_converged=1 ndt_fitness=0.187391
4.448,ros=1778663560.788696,level=20,name=HdlLocalizationNodelet,msg=Global localization candidate[9] trans=(-2.85826, 10.6139, 0.0755739) error=0.151376 inlier=0.889082 ndt_converged=1 ndt_fitness=0.676071
4.448,ros=1778663560.788786,level=20,name=HdlLocalizationNodelet,msg=Best global localization candidate[0] fitness=0.0947457 error=0.159848 inlier=0.91928 accepted_candidates=2
4.449,ros=1778663560.788823,level=20,name=HdlLocalizationNodelet,msg=Second global localization candidate[6] fitness=0.103483 margin=0.0087368
4.449,ros=1778663560.788834,level=30,name=HdlLocalizationNodelet,msg=reject global localization result: ambiguous fitness margin 0.0087368 < 0.1
4.449,ros=1778663560.788849,level=30,name=HdlLocalizationNodelet,msg=auto relocalize failed; call /relocalize after the scan is stable or set /initialpose manually
4.450,ros=1778663560.790750,level=30,name=HdlLocalizationNodelet,msg=waiting for initial pose input or global relocalization!!
4.457,ros=1778663560.797552,level=30,name=HdlLocalizationNodelet,msg=waiting for initial pose input or global relocalization!!
4.479,ros=1778663560.818073,level=30,name=HdlLocalizationNodelet,msg=waiting for initial pose input or global relocalization!!
4.586,ros=1778663560.926265,level=30,name=HdlLocalizationNodelet,msg=waiting for initial pose input or global relocalization!!
4.679,ros=1778663561.018207,level=30,name=HdlLocalizationNodelet,msg=waiting for initial pose input or global relocalization!!
4.777,ros=1778663561.117377,level=30,name=HdlLocalizationNodelet,msg=waiting for initial pose input or global relocalization!!
4.890,ros=1778663561.230146,level=30,name=HdlLocalizationNodelet,msg=waiting for initial pose input or global relocalization!!
4.974,ros=1778663561.313811,level=20,name=HdlLocalizationNodelet,msg=auto relocalize on start
4.983,ros=1778663561.322995,level=20,name=hdl_global_localization.global_localization_node,msg=Query Global Localization
4.983,ros=1778663561.323386,level=20,name=hdl_global_localization.global_localization_node,msg=Normal Estimation: Radius(1)
4.984,ros=1778663561.324502,level=20,name=hdl_global_localization.global_localization_node,msg=FPFH Extraction: Search Radius(3)
4.989,ros=1778663561.328928,level=30,name=HdlLocalizationNodelet,msg=waiting for initial pose input or global relocalization!!
4.998,ros=1778663561.338096,level=20,name=hdl_global_localization.global_localization_node,msg=RANSAC : Precompute Nearest Features
5.004,ros=1778663561.342767,level=30,name=robot_realpose_publisher,msg=Failed to get TF map->base_footprint: Could not find a connection between 'map' and 'base_footprint' because they are not part of the same tree.Tf has two or more unconnected trees.
5.073,ros=1778663561.412918,level=30,name=HdlLocalizationNodelet,msg=waiting for initial pose input or global relocalization!!
5.095,ros=1778663561.435026,level=20,name=hdl_global_localization.global_localization_node,msg=RANSAC : Main Loop
5.099,ros=1778663561.435821,level=20,name=hdl_global_localization.global_localization_node,msg=RANSAC : iteration:66 matching_count:7 error:0.190658 inlier:0.44502
5.100,ros=1778663561.438040,level=20,name=hdl_global_localization.global_localization_node,msg=RANSAC : iteration:706 matching_count:74 error:0.159197 inlier:0.434657
5.100,ros=1778663561.438447,level=20,name=hdl_global_localization.global_localization_node,msg=RANSAC : iteration:820 matching_count:86 error:0.154082 inlier:0.506045
5.101,ros=1778663561.438690,level=20,name=hdl_global_localization.global_localization_node,msg=RANSAC : iteration:898 matching_count:96 error:0.158533 inlier:0.404145
5.101,ros=1778663561.438941,level=20,name=hdl_global_localization.global_localization_node,msg=RANSAC : iteration:1061 matching_count:105 error:0.157225 inlier:0.242372
5.101,ros=1778663561.438335,level=20,name=hdl_global_localization.global_localization_node,msg=RANSAC : iteration:802 matching_count:82 error:0.16155 inlier:0.459988
5.101,ros=1778663561.439067,level=20,name=hdl_global_localization.global_localization_node,msg=RANSAC : iteration:1113 matching_count:111 error:0.163083 inlier:0.25734
5.101,ros=1778663561.439300,level=20,name=hdl_global_localization.global_localization_node,msg=RANSAC : iteration:1182 matching_count:121 error:0.157176 inlier:0.368451
5.102,ros=1778663561.439743,level=20,name=hdl_global_localization.global_localization_node,msg=RANSAC : iteration:1355 matching_count:137 error:0.166336 inlier:0.311457
5.102,ros=1778663561.440030,level=20,name=hdl_global_localization.global_localization_node,msg=RANSAC : iteration:1525 matching_count:149 error:0.159322 inlier:0.72251
5.102,ros=1778663561.440203,level=20,name=hdl_global_localization.global_localization_node,msg=RANSAC : iteration:1646 matching_count:158 error:0.151963 inlier:0.392055
5.102,ros=1778663561.440436,level=20,name=hdl_global_localization.global_localization_node,msg=RANSAC : iteration:1742 matching_count:168 error:0.159135 inlier:0.437536
5.102,ros=1778663561.440291,level=20,name=hdl_global_localization.global_localization_node,msg=RANSAC : iteration:1691 matching_count:162 error:0.157661 inlier:0.377087
5.103,ros=1778663561.440304,level=20,name=hdl_global_localization.global_localization_node,msg=RANSAC : iteration:1691 matching_count:162 error:0.156952 inlier:0.545193
5.103,ros=1778663561.440578,level=20,name=hdl_global_localization.global_localization_node,msg=RANSAC : iteration:1788 matching_count:173 error:0.153344 inlier:0.267703
5.103,ros=1778663561.440077,level=20,name=hdl_global_localization.global_localization_node,msg=RANSAC : iteration:1559 matching_count:152 error:0.156547 inlier:0.177893
5.103,ros=1778663561.440510,level=20,name=hdl_global_localization.global_localization_node,msg=RANSAC : iteration:1763 matching_count:171 error:0.159097 inlier:0.451929
5.103,ros=1778663561.440335,level=20,name=hdl_global_localization.global_localization_node,msg=RANSAC : iteration:1701 matching_count:163 error:0.159288 inlier:0.535406
5.104,ros=1778663561.441471,level=20,name=hdl_global_localization.global_localization_node,msg=RANSAC : iteration:2004 matching_count:197 error:0.162564 inlier:0.520438
5.104,ros=1778663561.441311,level=20,name=hdl_global_localization.global_localization_node,msg=RANSAC : iteration:1950 matching_count:189 error:0.155918 inlier:0.522165
5.104,ros=1778663561.442001,level=20,name=hdl_global_localization.global_localization_node,msg=RANSAC : iteration:2249 matching_count:219 error:0.155612 inlier:0.373057
5.104,ros=1778663561.441829,level=20,name=hdl_global_localization.global_localization_node,msg=RANSAC : iteration:2167 matching_count:212 error:0.15806 inlier:0.471503
5.105,ros=1778663561.442090,level=20,name=hdl_global_localization.global_localization_node,msg=RANSAC : iteration:2286 matching_count:224 error:0.163622 inlier:0.469775
5.105,ros=1778663561.442268,level=20,name=hdl_global_localization.global_localization_node,msg=RANSAC : iteration:2400 matching_count:232 error:0.161955 inlier:0.489349
5.105,ros=1778663561.442517,level=20,name=hdl_global_localization.global_localization_node,msg=RANSAC : iteration:2444 matching_count:241 error:0.160507 inlier:0.274611
5.105,ros=1778663561.442844,level=20,name=hdl_global_localization.global_localization_node,msg=RANSAC : iteration:2631 matching_count:256 error:0.157667 inlier:0.619459
5.105,ros=1778663561.442922,level=20,name=hdl_global_localization.global_localization_node,msg=RANSAC : iteration:2664 matching_count:259 error:0.164355 inlier:0.292458
5.106,ros=1778663561.443130,level=20,name=hdl_global_localization.global_localization_node,msg=RANSAC : iteration:2719 matching_count:268 error:0.159798 inlier:0.778929
5.106,ros=1778663561.441783,level=20,name=hdl_global_localization.global_localization_node,msg=RANSAC : iteration:2151 matching_count:211 error:0.154023 inlier:0.492228
5.106,ros=1778663561.444123,level=20,name=hdl_global_localization.global_localization_node,msg=RANSAC : iteration:2854 matching_count:284 error:0.159368 inlier:0.419113
5.106,ros=1778663561.444285,level=20,name=hdl_global_localization.global_localization_node,msg=RANSAC : iteration:2935 matching_count:291 error:0.160112 inlier:0.278641
5.106,ros=1778663561.444777,level=20,name=hdl_global_localization.global_localization_node,msg=RANSAC : iteration:3159 matching_count:311 error:0.156775 inlier:0.24525
5.107,ros=1778663561.444696,level=20,name=hdl_global_localization.global_localization_node,msg=RANSAC : iteration:3126 matching_count:307 error:0.15462 inlier:0.478987
5.107,ros=1778663561.444393,level=20,name=hdl_global_localization.global_localization_node,msg=RANSAC : iteration:2955 matching_count:293 error:0.166135 inlier:0.237191
5.107,ros=1778663561.445205,level=20,name=hdl_global_localization.global_localization_node,msg=RANSAC : iteration:3326 matching_count:328 error:0.158864 inlier:0.385723
5.111,ros=1778663561.446476,level=20,name=hdl_global_localization.global_localization_node,msg=RANSAC : iteration:3870 matching_count:379 error:0.157706 inlier:0.556131
5.111,ros=1778663561.447053,level=20,name=hdl_global_localization.global_localization_node,msg=RANSAC : iteration:3999 matching_count:401 error:0.156405 inlier:0.454807
5.111,ros=1778663561.447120,level=20,name=hdl_global_localization.global_localization_node,msg=RANSAC : iteration:4036 matching_count:405 error:0.159599 inlier:0.45711
5.111,ros=1778663561.446908,level=20,name=hdl_global_localization.global_localization_node,msg=RANSAC : iteration:3963 matching_count:395 error:0.159734 inlier:0.299367
5.112,ros=1778663561.447413,level=20,name=hdl_global_localization.global_localization_node,msg=RANSAC : iteration:4185 matching_count:419 error:0.161538 inlier:0.579159
5.112,ros=1778663561.447459,level=20,name=hdl_global_localization.global_localization_node,msg=RANSAC : iteration:4201 matching_count:422 error:0.166949 inlier:0.320668
5.112,ros=1778663561.446804,level=20,name=hdl_global_localization.global_localization_node,msg=RANSAC : iteration:3958 matching_count:394 error:0.163545 inlier:0.282096
5.112,ros=1778663561.447917,level=20,name=hdl_global_localization.global_localization_node,msg=RANSAC : iteration:4250 matching_count:428 error:0.154341 inlier:0.538284
5.113,ros=1778663561.448149,level=20,name=hdl_global_localization.global_localization_node,msg=RANSAC : iteration:4325 matching_count:436 error:0.163546 inlier:0.324122
5.113,ros=1778663561.448363,level=20,name=hdl_global_localization.global_localization_node,msg=RANSAC : iteration:4413 matching_count:442 error:0.164577 inlier:0.172712
5.113,ros=1778663561.448561,level=20,name=hdl_global_localization.global_localization_node,msg=RANSAC : iteration:4469 matching_count:445 error:0.157276 inlier:0.580887
5.113,ros=1778663561.448788,level=20,name=hdl_global_localization.global_localization_node,msg=RANSAC : iteration:4510 matching_count:449 error:0.158393 inlier:0.356937
5.114,ros=1778663561.449647,level=20,name=hdl_global_localization.global_localization_node,msg=RANSAC : iteration:4610 matching_count:463 error:0.159847 inlier:0.395509
5.114,ros=1778663561.450048,level=20,name=hdl_global_localization.global_localization_node,msg=RANSAC : iteration:4672 matching_count:471 error:0.161098 inlier:0.601036
5.115,ros=1778663561.447372,level=20,name=hdl_global_localization.global_localization_node,msg=RANSAC : iteration:4173 matching_count:418 error:0.150508 inlier:0.594704
5.115,ros=1778663561.451528,level=20,name=hdl_global_localization.global_localization_node,msg=RANSAC : iteration:4892 matching_count:495 error:0.154344 inlier:0.455959
5.115,ros=1778663561.451202,level=20,name=hdl_global_localization.global_localization_node,msg=RANSAC : iteration:4813 matching_count:488 error:0.161581 inlier:0.251007
5.116,ros=1778663561.452704,level=20,name=hdl_global_localization.global_localization_node,msg=RANSAC : iteration:5208 matching_count:524 error:0.159493 inlier:0.553253
5.116,ros=1778663561.452729,level=20,name=hdl_global_localization.global_localization_node,msg=RANSAC : iteration:5224 matching_count:525 error:0.161914 inlier:0.586068
5.116,ros=1778663561.453214,level=20,name=hdl_global_localization.global_localization_node,msg=RANSAC : iteration:5271 matching_count:530 error:0.157884 inlier:0.489925
5.116,ros=1778663561.453483,level=20,name=hdl_global_localization.global_localization_node,msg=RANSAC : iteration:5373 matching_count:538 error:0.160909 inlier:0.340242
5.116,ros=1778663561.453879,level=20,name=hdl_global_localization.global_localization_node,msg=RANSAC : iteration:5477 matching_count:546 error:0.156041 inlier:0.519286
5.117,ros=1778663561.452000,level=20,name=hdl_global_localization.global_localization_node,msg=RANSAC : iteration:5033 matching_count:508 error:0.160636 inlier:0.507196
5.118,ros=1778663561.455532,level=20,name=hdl_global_localization.global_localization_node,msg=RANSAC : iteration:5958 matching_count:587 error:0.164174 inlier:0.400115
5.118,ros=1778663561.454852,level=20,name=hdl_global_localization.global_localization_node,msg=RANSAC : iteration:5660 matching_count:562 error:0.149792 inlier:0.51871
5.118,ros=1778663561.455926,level=20,name=hdl_global_localization.global_localization_node,msg=RANSAC : iteration:6149 matching_count:606 error:0.159094 inlier:0.548071
5.118,ros=1778663561.456264,level=20,name=hdl_global_localization.global_localization_node,msg=RANSAC : iteration:6251 matching_count:620 error:0.166131 inlier:0.331031
5.119,ros=1778663561.456647,level=20,name=hdl_global_localization.global_localization_node,msg=RANSAC : iteration:6305 matching_count:625 error:0.150845 inlier:0.47726
5.119,ros=1778663561.456909,level=20,name=hdl_global_localization.global_localization_node,msg=RANSAC : iteration:6344 matching_count:633 error:0.163926 inlier:0.647093
5.119,ros=1778663561.456031,level=20,name=hdl_global_localization.global_localization_node,msg=RANSAC : iteration:6165 matching_count:609 error:0.170085 inlier:0.0472078
5.119,ros=1778663561.457313,level=20,name=hdl_global_localization.global_localization_node,msg=RANSAC : iteration:6569 matching_count:649 error:0.165863 inlier:0.16753
5.119,ros=1778663561.457362,level=20,name=hdl_global_localization.global_localization_node,msg=RANSAC : iteration:6578 matching_count:650 error:0.161657 inlier:0.0587219
5.120,ros=1778663561.456808,level=20,name=hdl_global_localization.global_localization_node,msg=RANSAC : iteration:6315 matching_count:628 error:0.162063 inlier:0.617156
5.120,ros=1778663561.457973,level=20,name=hdl_global_localization.global_localization_node,msg=RANSAC : iteration:6770 matching_count:674 error:0.15522 inlier:0.506621
5.120,ros=1778663561.458167,level=20,name=hdl_global_localization.global_localization_node,msg=RANSAC : iteration:6870 matching_count:682 error:0.160635 inlier:0.232585
5.120,ros=1778663561.458408,level=20,name=hdl_global_localization.global_localization_node,msg=RANSAC : iteration:6970 matching_count:691 error:0.163887 inlier:0.433506
5.121,ros=1778663561.457823,level=20,name=hdl_global_localization.global_localization_node,msg=RANSAC : iteration:6686 matching_count:667 error:0.160698 inlier:0.335636
5.121,ros=1778663561.458100,level=20,name=hdl_global_localization.global_localization_node,msg=RANSAC : iteration:6864 matching_count:680 error:0.154343 inlier:0.236615
5.121,ros=1778663561.459280,level=20,name=hdl_global_localization.global_localization_node,msg=RANSAC : iteration:7193 matching_count:717 error:0.157907 inlier:0.506621
5.121,ros=1778663561.459558,level=20,name=hdl_global_localization.global_localization_node,msg=RANSAC : iteration:7270 matching_count:727 error:0.162152 inlier:0.279793
5.121,ros=1778663561.459712,level=20,name=hdl_global_localization.global_localization_node,msg=RANSAC : iteration:7323 matching_count:733 error:0.156277 inlier:0.331031
5.121,ros=1778663561.460062,level=20,name=hdl_global_localization.global_localization_node,msg=RANSAC : iteration:7455 matching_count:746 error:0.163025 inlier:0.767415
5.122,ros=1778663561.460016,level=20,name=hdl_global_localization.global_localization_node,msg=RANSAC : iteration:7449 matching_count:745 error:0.163442 inlier:0.256765
5.122,ros=1778663561.460215,level=20,name=hdl_global_localization.global_localization_node,msg=RANSAC : iteration:7506 matching_count:755 error:0.163826 inlier:0.744387
5.122,ros=1778663561.460753,level=20,name=hdl_global_localization.global_localization_node,msg=RANSAC : iteration:7697 matching_count:777 error:0.172799 inlier:0.0339666
5.122,ros=1778663561.460871,level=20,name=hdl_global_localization.global_localization_node,msg=RANSAC : iteration:7707 matching_count:780 error:0.15951 inlier:0.671848
5.123,ros=1778663561.461092,level=20,name=hdl_global_localization.global_localization_node,msg=RANSAC : iteration:7780 matching_count:788 error:0.16032 inlier:0.739206
5.123,ros=1778663561.461324,level=20,name=hdl_global_localization.global_localization_node,msg=RANSAC : iteration:7878 matching_count:799 error:0.160863 inlier:0.830743
5.123,ros=1778663561.461720,level=20,name=hdl_global_localization.global_localization_node,msg=RANSAC : iteration:8105 matching_count:819 error:0.149297 inlier:0.89004
5.123,ros=1778663561.461640,level=20,name=hdl_global_localization.global_localization_node,msg=RANSAC : iteration:8025 matching_count:815 error:0.16585 inlier:0.367876
5.123,ros=1778663561.461945,level=20,name=hdl_global_localization.global_localization_node,msg=RANSAC : iteration:8204 matching_count:827 error:0.158761 inlier:0.359816
5.124,ros=1778663561.462101,level=20,name=hdl_global_localization.global_localization_node,msg=RANSAC : iteration:8309 matching_count:837 error:0.157571 inlier:0.837651
5.124,ros=1778663561.462464,level=20,name=hdl_global_localization.global_localization_node,msg=RANSAC : iteration:8471 matching_count:855 error:0.158741 inlier:0.428325
5.124,ros=1778663561.462449,level=20,name=hdl_global_localization.global_localization_node,msg=RANSAC : iteration:8469 matching_count:854 error:0.158441 inlier:0.39148
5.124,ros=1778663561.462695,level=20,name=hdl_global_localization.global_localization_node,msg=RANSAC : iteration:8552 matching_count:867 error:0.163591 inlier:0.116292
5.124,ros=1778663561.462956,level=20,name=hdl_global_localization.global_localization_node,msg=RANSAC : iteration:8675 matching_count:879 error:0.176126 inlier:0.08981
5.125,ros=1778663561.463127,level=20,name=hdl_global_localization.global_localization_node,msg=RANSAC : iteration:8815 matching_count:890 error:0.16137 inlier:0.540587
5.125,ros=1778663561.463131,level=20,name=hdl_global_localization.global_localization_node,msg=RANSAC : iteration:8815 matching_count:891 error:0.16214 inlier:0.697755
5.125,ros=1778663561.462674,level=20,name=hdl_global_localization.global_localization_node,msg=RANSAC : iteration:8523 matching_count:864 error:0.157532 inlier:0.282671
5.125,ros=1778663561.463610,level=20,name=hdl_global_localization.global_localization_node,msg=RANSAC : iteration:8965 matching_count:905 error:0.16248 inlier:0.396661
5.126,ros=1778663561.464498,level=20,name=hdl_global_localization.global_localization_node,msg=RANSAC : iteration:9314 matching_count:949 error:0.160943 inlier:0.721359
5.126,ros=1778663561.464567,level=20,name=hdl_global_localization.global_localization_node,msg=RANSAC : iteration:9316 matching_count:950 error:0.161696 inlier:0.255037
5.126,ros=1778663561.464543,level=20,name=hdl_global_localization.global_localization_node,msg=RANSAC : iteration:9315 matching_count:950 error:0.160047 inlier:0.456534
5.126,ros=1778663561.465125,level=20,name=hdl_global_localization.global_localization_node,msg=RANSAC : iteration:9542 matching_count:977 error:0.156776 inlier:0.569372
5.127,ros=1778663561.465311,level=20,name=hdl_global_localization.global_localization_node,msg=RANSAC : iteration:9632 matching_count:986 error:0.161252 inlier:0.216465
5.127,ros=1778663561.465348,level=20,name=hdl_global_localization.global_localization_node,msg=RANSAC : iteration:9641 matching_count:989 error:0.159388 inlier:0.544041
5.127,ros=1778663561.465436,level=20,name=hdl_global_localization.global_localization_node,msg=RANSAC : iteration:9704 matching_count:994 error:0.16188 inlier:0.66494
5.127,ros=1778663561.465760,level=20,name=hdl_global_localization.global_localization_node,msg=RANSAC : iteration:9892 matching_count:1008 error:0.156516 inlier:0.205527
5.127,ros=1778663561.466047,level=20,name=hdl_global_localization.global_localization_node,msg=RANSAC : iteration:10074 matching_count:1021 error:0.163096 inlier:0.404721
5.128,ros=1778663561.466198,level=20,name=hdl_global_localization.global_localization_node,msg=RANSAC : iteration:10106 matching_count:1026 error:0.162819 inlier:0.727691
5.128,ros=1778663561.466403,level=20,name=hdl_global_localization.global_localization_node,msg=RANSAC : iteration:10163 matching_count:1034 error:0.155522 inlier:0.746114
5.128,ros=1778663561.466573,level=20,name=hdl_global_localization.global_localization_node,msg=RANSAC : iteration:10259 matching_count:1042 error:0.159176 inlier:0.1635
5.128,ros=1778663561.466763,level=20,name=hdl_global_localization.global_localization_node,msg=RANSAC : iteration:10352 matching_count:1053 error:0.158748 inlier:0.567645
5.128,ros=1778663561.466939,level=20,name=hdl_global_localization.global_localization_node,msg=RANSAC : iteration:10446 matching_count:1065 error:0.157976 inlier:0.1019
5.129,ros=1778663561.466965,level=20,name=hdl_global_localization.global_localization_node,msg=RANSAC : iteration:10478 matching_count:1067 error:0.157668 inlier:0.645366
5.129,ros=1778663561.467182,level=20,name=hdl_global_localization.global_localization_node,msg=RANSAC : iteration:10563 matching_count:1075 error:0.158332 inlier:0.496834
5.129,ros=1778663561.467474,level=20,name=hdl_global_localization.global_localization_node,msg=RANSAC : iteration:10656 matching_count:1088 error:0.164084 inlier:0.366724
5.129,ros=1778663561.467455,level=20,name=hdl_global_localization.global_localization_node,msg=RANSAC : iteration:10647 matching_count:1087 error:0.158 inlier:0.5711
5.129,ros=1778663561.467567,level=20,name=hdl_global_localization.global_localization_node,msg=RANSAC : iteration:10692 matching_count:1094 error:0.163694 inlier:0.554404
5.129,ros=1778663561.468162,level=20,name=hdl_global_localization.global_localization_node,msg=RANSAC : iteration:10883 matching_count:1114 error:0.156123 inlier:0.149683
5.130,ros=1778663561.468143,level=20,name=hdl_global_localization.global_localization_node,msg=RANSAC : iteration:10863 matching_count:1113 error:0.164947 inlier:0.751871
5.130,ros=1778663561.468318,level=20,name=hdl_global_localization.global_localization_node,msg=RANSAC : iteration:10990 matching_count:1122 error:0.160971 inlier:0.458261
5.130,ros=1778663561.468692,level=20,name=hdl_global_localization.global_localization_node,msg=RANSAC : iteration:11091 matching_count:1137 error:0.159021 inlier:0.618307
5.130,ros=1778663561.468882,level=20,name=hdl_global_localization.global_localization_node,msg=RANSAC : iteration:11166 matching_count:1147 error:0.156483 inlier:0.360967
5.130,ros=1778663561.468979,level=20,name=hdl_global_localization.global_localization_node,msg=RANSAC : iteration:11266 matching_count:1154 error:0.164259 inlier:0.438687
5.130,ros=1778663561.468929,level=20,name=hdl_global_localization.global_localization_node,msg=RANSAC : iteration:11232 matching_count:1150 error:0.16052 inlier:0.483592
5.131,ros=1778663561.469115,level=20,name=hdl_global_localization.global_localization_node,msg=RANSAC : iteration:11307 matching_count:1162 error:0.158094 inlier:0.82844
5.131,ros=1778663561.469386,level=20,name=hdl_global_localization.global_localization_node,msg=RANSAC : iteration:11443 matching_count:1177 error:0.157191 inlier:0.557858
5.131,ros=1778663561.468726,level=20,name=hdl_global_localization.global_localization_node,msg=RANSAC : iteration:11098 matching_count:1139 error:0.15556 inlier:0.637306
5.131,ros=1778663561.469580,level=20,name=hdl_global_localization.global_localization_node,msg=RANSAC : iteration:11632 matching_count:1188 error:0.160802 inlier:0.529073
5.131,ros=1778663561.470024,level=20,name=hdl_global_localization.global_localization_node,msg=RANSAC : iteration:11756 matching_count:1202 error:0.162855 inlier:0.69833
5.132,ros=1778663561.470129,level=20,name=hdl_global_localization.global_localization_node,msg=RANSAC : iteration:11802 matching_count:1209 error:0.177473 inlier:0.728843
5.132,ros=1778663561.470129,level=20,name=hdl_global_localization.global_localization_node,msg=RANSAC : iteration:11802 matching_count:1209 error:0.161393 inlier:0.243523
5.132,ros=1778663561.469513,level=20,name=hdl_global_localization.global_localization_node,msg=RANSAC : iteration:11609 matching_count:1185 error:0.162153 inlier:0.713299
5.132,ros=1778663561.470850,level=20,name=hdl_global_localization.global_localization_node,msg=RANSAC : iteration:12123 matching_count:1239 error:0.163966 inlier:0.55901
5.132,ros=1778663561.470510,level=20,name=hdl_global_localization.global_localization_node,msg=RANSAC : iteration:12024 matching_count:1227 error:0.164011 inlier:0.875648
5.133,ros=1778663561.470963,level=20,name=hdl_global_localization.global_localization_node,msg=RANSAC : iteration:12155 matching_count:1247 error:0.161307 inlier:0.170409
5.133,ros=1778663561.471228,level=20,name=hdl_global_localization.global_localization_node,msg=RANSAC : iteration:12270 matching_count:1257 error:0.158014 inlier:0.388601
5.133,ros=1778663561.471401,level=20,name=hdl_global_localization.global_localization_node,msg=RANSAC : iteration:12346 matching_count:1266 error:0.159359 inlier:0.2038
5.133,ros=1778663561.471575,level=20,name=hdl_global_localization.global_localization_node,msg=RANSAC : iteration:12392 matching_count:1273 error:0.158583 inlier:0.317214
5.133,ros=1778663561.471835,level=20,name=hdl_global_localization.global_localization_node,msg=RANSAC : iteration:12576 matching_count:1289 error:0.161853 inlier:0.565918
5.134,ros=1778663561.472131,level=20,name=hdl_global_localization.global_localization_node,msg=RANSAC : iteration:12783 matching_count:1306 error:0.152997 inlier:0.179044
5.134,ros=1778663561.472167,level=20,name=hdl_global_localization.global_localization_node,msg=RANSAC : iteration:12801 matching_count:1308 error:0.155452 inlier:0.378814
5.134,ros=1778663561.472354,level=20,name=hdl_global_localization.global_localization_node,msg=RANSAC : iteration:12931 matching_count:1317 error:0.160538 inlier:0.696028
5.134,ros=1778663561.472958,level=20,name=hdl_global_localization.global_localization_node,msg=RANSAC : iteration:13056 matching_count:1337 error:0.161492 inlier:0.238342
5.134,ros=1778663561.472810,level=20,name=hdl_global_localization.global_localization_node,msg=RANSAC : iteration:13010 matching_count:1328 error:0.164391 inlier:0.474381
5.134,ros=1778663561.472995,level=20,name=hdl_global_localization.global_localization_node,msg=RANSAC : iteration:13092 matching_count:1338 error:0.160445 inlier:0.446172
5.135,ros=1778663561.473368,level=20,name=hdl_global_localization.global_localization_node,msg=RANSAC : iteration:13231 matching_count:1356 error:0.159039 inlier:0.879102
5.135,ros=1778663561.473440,level=20,name=hdl_global_localization.global_localization_node,msg=RANSAC : iteration:13234 matching_count:1357 error:0.165154 inlier:0.430052
5.135,ros=1778663561.473432,level=20,name=hdl_global_localization.global_localization_node,msg=RANSAC : iteration:13234 matching_count:1357 error:0.158005 inlier:0.605642
5.135,ros=1778663561.474169,level=20,name=hdl_global_localization.global_localization_node,msg=RANSAC : iteration:13695 matching_count:1398 error:0.160601 inlier:0.448474
5.135,ros=1778663561.474182,level=20,name=hdl_global_localization.global_localization_node,msg=RANSAC : iteration:13698 matching_count:1400 error:0.162597 inlier:0.53886
5.136,ros=1778663561.474315,level=20,name=hdl_global_localization.global_localization_node,msg=RANSAC : iteration:13751 matching_count:1407 error:0.1582 inlier:0.414508
5.136,ros=1778663561.474703,level=20,name=hdl_global_localization.global_localization_node,msg=RANSAC : iteration:13945 matching_count:1427 error:0.161425 inlier:0.397237
5.136,ros=1778663561.474881,level=20,name=hdl_global_localization.global_localization_node,msg=RANSAC : iteration:14003 matching_count:1436 error:0.157721 inlier:0.48532
5.136,ros=1778663561.475138,level=20,name=hdl_global_localization.global_localization_node,msg=RANSAC : iteration:14100 matching_count:1450 error:0.149092 inlier:0.0909614
5.137,ros=1778663561.475097,level=20,name=hdl_global_localization.global_localization_node,msg=RANSAC : iteration:14054 matching_count:1447 error:0.163087 inlier:0.625216
5.137,ros=1778663561.475406,level=20,name=hdl_global_localization.global_localization_node,msg=RANSAC : iteration:14252 matching_count:1463 error:0.163059 inlier:0.170984
5.137,ros=1778663561.475602,level=20,name=hdl_global_localization.global_localization_node,msg=RANSAC : iteration:14331 matching_count:1473 error:0.160337 inlier:0.400691
5.137,ros=1778663561.475766,level=20,name=hdl_global_localization.global_localization_node,msg=RANSAC : iteration:14445 matching_count:1483 error:0.160876 inlier:0.792746
5.138,ros=1778663561.476244,level=20,name=hdl_global_localization.global_localization_node,msg=RANSAC : iteration:14692 matching_count:1505 error:0.162276 inlier:0.483592
5.138,ros=1778663561.476222,level=20,name=hdl_global_localization.global_localization_node,msg=RANSAC : iteration:14675 matching_count:1504 error:0.156558 inlier:0.586068
5.138,ros=1778663561.476395,level=20,name=hdl_global_localization.global_localization_node,msg=RANSAC : iteration:14790 matching_count:1514 error:0.163869 inlier:0.909039
5.138,ros=1778663561.476414,level=20,name=hdl_global_localization.global_localization_node,msg=RANSAC : iteration:14807 matching_count:1514 error:0.16332 inlier:0.469775
5.139,ros=1778663561.476647,level=20,name=hdl_global_localization.global_localization_node,msg=RANSAC : iteration:14913 matching_count:1525 error:0.158347 inlier:0.465746
5.139,ros=1778663561.476787,level=20,name=hdl_global_localization.global_localization_node,msg=RANSAC : iteration:14980 matching_count:1533 error:0.157558 inlier:0.377663
5.139,ros=1778663561.476842,level=20,name=hdl_global_localization.global_localization_node,msg=RANSAC : iteration:15004 matching_count:1536 error:0.155746 inlier:0.52677
5.140,ros=1778663561.477156,level=20,name=hdl_global_localization.global_localization_node,msg=RANSAC : iteration:15156 matching_count:1549 error:0.158972 inlier:0.590098
5.140,ros=1778663561.477732,level=20,name=hdl_global_localization.global_localization_node,msg=RANSAC : iteration:15397 matching_count:1568 error:0.163587 inlier:0.501439
5.140,ros=1778663561.477504,level=20,name=hdl_global_localization.global_localization_node,msg=RANSAC : iteration:15299 matching_count:1556 error:0.18336 inlier:0.571675
5.140,ros=1778663561.478119,level=20,name=hdl_global_localization.global_localization_node,msg=RANSAC : iteration:15589 matching_count:1584 error:0.162534 inlier:0.373057
5.141,ros=1778663561.478167,level=20,name=hdl_global_localization.global_localization_node,msg=RANSAC : iteration:15677 matching_count:1586 error:0.16012 inlier:0.457686
5.141,ros=1778663561.478292,level=20,name=hdl_global_localization.global_localization_node,msg=RANSAC : iteration:15737 matching_count:1592 error:0.162314 inlier:0.677605
5.141,ros=1778663561.478479,level=20,name=hdl_global_localization.global_localization_node,msg=RANSAC : iteration:15860 matching_count:1603 error:0.154523 inlier:0.345423
5.143,ros=1778663561.478656,level=20,name=hdl_global_localization.global_localization_node,msg=RANSAC : iteration:15937 matching_count:1610 error:0.155794 inlier:0.496258
5.143,ros=1778663561.479643,level=20,name=hdl_global_localization.global_localization_node,msg=RANSAC : iteration:16177 matching_count:1640 error:0.161839 inlier:0.257916
5.143,ros=1778663561.480240,level=20,name=hdl_global_localization.global_localization_node,msg=RANSAC : iteration:16361 matching_count:1654 error:0.160917 inlier:0.541163
5.144,ros=1778663561.480744,level=20,name=hdl_global_localization.global_localization_node,msg=RANSAC : iteration:16559 matching_count:1668 error:0.161726 inlier:0.725964
5.144,ros=1778663561.480842,level=20,name=hdl_global_localization.global_localization_node,msg=RANSAC : iteration:16616 matching_count:1672 error:0.156401 inlier:0.398964
5.144,ros=1778663561.480942,level=20,name=hdl_global_localization.global_localization_node,msg=RANSAC : iteration:16709 matching_count:1678 error:0.156596 inlier:0.26943
5.144,ros=1778663561.481286,level=20,name=hdl_global_localization.global_localization_node,msg=RANSAC : iteration:16905 matching_count:1687 error:0.159601 inlier:0.641336
5.145,ros=1778663561.481497,level=20,name=hdl_global_localization.global_localization_node,msg=RANSAC : iteration:17018 matching_count:1696 error:0.159403 inlier:0.749568
5.145,ros=1778663561.481317,level=20,name=hdl_global_localization.global_localization_node,msg=RANSAC : iteration:16916 matching_count:1689 error:0.163161 inlier:0.702936
5.145,ros=1778663561.481793,level=20,name=hdl_global_localization.global_localization_node,msg=RANSAC : iteration:17164 matching_count:1711 error:0.159385 inlier:0.433506
5.145,ros=1778663561.482391,level=20,name=hdl_global_localization.global_localization_node,msg=RANSAC : iteration:17310 matching_count:1720 error:0.159123 inlier:0.34312
5.145,ros=1778663561.483734,level=20,name=hdl_global_localization.global_localization_node,msg=RANSAC : iteration:17482 matching_count:1744 error:0.160617 inlier:0.782383
5.145,ros=1778663561.483728,level=20,name=hdl_global_localization.global_localization_node,msg=RANSAC : iteration:17482 matching_count:1744 error:0.156774 inlier:0.295337
5.146,ros=1778663561.483996,level=20,name=hdl_global_localization.global_localization_node,msg=RANSAC : iteration:17589 matching_count:1753 error:0.158074 inlier:0.56304
5.146,ros=1778663561.484342,level=20,name=hdl_global_localization.global_localization_node,msg=RANSAC : iteration:17724 matching_count:1769 error:0.15606 inlier:0.253886
5.146,ros=1778663561.484079,level=20,name=hdl_global_localization.global_localization_node,msg=RANSAC : iteration:17615 matching_count:1756 error:0.159328 inlier:0.378814
5.146,ros=1778663561.484633,level=20,name=hdl_global_localization.global_localization_node,msg=RANSAC : iteration:17873 matching_count:1782 error:0.161174 inlier:0.447899
5.146,ros=1778663561.485019,level=20,name=hdl_global_localization.global_localization_node,msg=RANSAC : iteration:17949 matching_count:1790 error:0.1634 inlier:0.38342
5.147,ros=1778663561.484545,level=20,name=hdl_global_localization.global_localization_node,msg=RANSAC : iteration:17791 matching_count:1777 error:0.160352 inlier:0.317789
5.147,ros=1778663561.485022,level=20,name=hdl_global_localization.global_localization_node,msg=RANSAC : iteration:17949 matching_count:1790 error:0.162731 inlier:0.480138
5.147,ros=1778663561.485211,level=20,name=hdl_global_localization.global_localization_node,msg=RANSAC : iteration:18026 matching_count:1802 error:0.157304 inlier:0.44905
5.147,ros=1778663561.485224,level=20,name=hdl_global_localization.global_localization_node,msg=RANSAC : iteration:18027 matching_count:1803 error:0.159477 inlier:0.26943
5.148,ros=1778663561.485252,level=20,name=hdl_global_localization.global_localization_node,msg=RANSAC : iteration:18032 matching_count:1804 error:0.166796 inlier:0.154865
5.148,ros=1778663561.485511,level=20,name=hdl_global_localization.global_localization_node,msg=RANSAC : iteration:18134 matching_count:1813 error:0.162022 inlier:0.638457
5.148,ros=1778663561.485306,level=20,name=hdl_global_localization.global_localization_node,msg=RANSAC : iteration:18056 matching_count:1806 error:0.169219 inlier:0.378814
5.148,ros=1778663561.485389,level=20,name=hdl_global_localization.global_localization_node,msg=RANSAC : iteration:18066 matching_count:1808 error:0.158571 inlier:0.541163
5.149,ros=1778663561.485072,level=20,name=hdl_global_localization.global_localization_node,msg=RANSAC : iteration:17974 matching_count:1793 error:0.15939 inlier:0.54692
5.149,ros=1778663561.485808,level=20,name=hdl_global_localization.global_localization_node,msg=RANSAC : iteration:18238 matching_count:1828 error:0.160586 inlier:0.567645
5.149,ros=1778663561.485930,level=20,name=hdl_global_localization.global_localization_node,msg=RANSAC : iteration:18308 matching_count:1835 error:0.156344 inlier:0.305124
5.149,ros=1778663561.486151,level=20,name=hdl_global_localization.global_localization_node,msg=RANSAC : iteration:18377 matching_count:1847 error:0.156262 inlier:0.613126
5.150,ros=1778663561.485914,level=20,name=hdl_global_localization.global_localization_node,msg=RANSAC : iteration:18304 matching_count:1834 error:0.155847 inlier:0.292458
5.150,ros=1778663561.486268,level=20,name=hdl_global_localization.global_localization_node,msg=RANSAC : iteration:18447 matching_count:1853 error:0.162654 inlier:0.56707
5.150,ros=1778663561.486745,level=20,name=hdl_global_localization.global_localization_node,msg=RANSAC : iteration:18775 matching_count:1879 error:0.155815 inlier:0.342545
5.151,ros=1778663561.487229,level=20,name=hdl_global_localization.global_localization_node,msg=RANSAC : iteration:18948 matching_count:1897 error:0.159565 inlier:0.306275
5.153,ros=1778663561.488415,level=20,name=hdl_global_localization.global_localization_node,msg=RANSAC : iteration:19091 matching_count:1906 error:0.15798 inlier:0.491077
5.154,ros=1778663561.487263,level=20,name=hdl_global_localization.global_localization_node,msg=RANSAC : iteration:18970 matching_count:1899 error:0.156275 inlier:0.350029
5.154,ros=1778663561.487320,level=20,name=hdl_global_localization.global_localization_node,msg=RANSAC : iteration:18970 matching_count:1899 error:0.159284 inlier:0.425446
5.155,ros=1778663561.488740,level=20,name=hdl_global_localization.global_localization_node,msg=RANSAC : iteration:19225 matching_count:1920 error:0.162377 inlier:0.503742
5.155,ros=1778663561.488540,level=20,name=hdl_global_localization.global_localization_node,msg=RANSAC : iteration:19133 matching_count:1912 error:0.157135 inlier:0.376511
5.155,ros=1778663561.488766,level=20,name=hdl_global_localization.global_localization_node,msg=RANSAC : iteration:19236 matching_count:1922 error:0.155255 inlier:0.52677
5.156,ros=1778663561.488547,level=20,name=hdl_global_localization.global_localization_node,msg=RANSAC : iteration:19133 matching_count:1912 error:0.157226 inlier:0.564767
5.156,ros=1778663561.488549,level=20,name=hdl_global_localization.global_localization_node,msg=RANSAC : iteration:19133 matching_count:1912 error:0.155272 inlier:0.385147
5.156,ros=1778663561.488595,level=20,name=hdl_global_localization.global_localization_node,msg=RANSAC : iteration:19157 matching_count:1914 error:0.163229 inlier:0.850317
5.156,ros=1778663561.487371,level=20,name=hdl_global_localization.global_localization_node,msg=RANSAC : iteration:18970 matching_count:1899 error:0.153769 inlier:0.241796
5.157,ros=1778663561.488400,level=20,name=hdl_global_localization.global_localization_node,msg=RANSAC : iteration:19061 matching_count:1905 error:0.155964 inlier:0.452504
5.157,ros=1778663561.488666,level=20,name=hdl_global_localization.global_localization_node,msg=RANSAC : iteration:19218 matching_count:1917 error:0.155457 inlier:0.637881
5.158,ros=1778663561.488718,level=20,name=hdl_global_localization.global_localization_node,msg=RANSAC : iteration:19225 matching_count:1920 error:0.164672 inlier:0.332758
5.158,ros=1778663561.489473,level=20,name=hdl_global_localization.global_localization_node,msg=RANSAC : iteration:19298 matching_count:1930 error:0.163996 inlier:0.138745
5.158,ros=1778663561.489499,level=20,name=hdl_global_localization.global_localization_node,msg=RANSAC : iteration:19327 matching_count:1932 error:0.16294 inlier:0.353483
5.159,ros=1778663561.489511,level=20,name=hdl_global_localization.global_localization_node,msg=RANSAC : iteration:19327 matching_count:1932 error:0.159972 inlier:0.202073
5.159,ros=1778663561.488768,level=20,name=hdl_global_localization.global_localization_node,msg=RANSAC : iteration:19237 matching_count:1922 error:0.157334 inlier:0.508923
5.159,ros=1778663561.488779,level=20,name=hdl_global_localization.global_localization_node,msg=RANSAC : iteration:19238 matching_count:1923 error:0.16141 inlier:0.25331
5.159,ros=1778663561.489577,level=20,name=hdl_global_localization.global_localization_node,msg=RANSAC : iteration:19344 matching_count:1935 error:0.155088 inlier:0.234312
5.160,ros=1778663561.488824,level=20,name=hdl_global_localization.global_localization_node,msg=RANSAC : iteration:19238 matching_count:1923 error:0.16056 inlier:0.331031
5.160,ros=1778663561.488842,level=20,name=hdl_global_localization.global_localization_node,msg=RANSAC : iteration:19238 matching_count:1923 error:0.158642 inlier:0.350029
5.160,ros=1778663561.488847,level=20,name=hdl_global_localization.global_localization_node,msg=RANSAC : iteration:19238 matching_count:1923 error:0.15845 inlier:0.135291
5.160,ros=1778663561.488855,level=20,name=hdl_global_localization.global_localization_node,msg=RANSAC : iteration:19238 matching_count:1923 error:0.15778 inlier:0.71445
5.161,ros=1778663561.489442,level=20,name=hdl_global_localization.global_localization_node,msg=RANSAC : iteration:19293 matching_count:1929 error:0.161522 inlier:0.504893
5.161,ros=1778663561.489449,level=20,name=hdl_global_localization.global_localization_node,msg=RANSAC : iteration:19293 matching_count:1929 error:0.162276 inlier:0.631549
5.161,ros=1778663561.488531,level=20,name=hdl_global_localization.global_localization_node,msg=RANSAC : iteration:19133 matching_count:1912 error:0.156462 inlier:0.731721
5.162,ros=1778663561.489514,level=20,name=hdl_global_localization.global_localization_node,msg=RANSAC : iteration:19334 matching_count:1932 error:0.162922 inlier:0.3673
5.162,ros=1778663561.489933,level=20,name=hdl_global_localization.global_localization_node,msg=RANSAC : iteration:19433 matching_count:1944 error:0.158868 inlier:0.283247
5.162,ros=1778663561.489961,level=20,name=hdl_global_localization.global_localization_node,msg=RANSAC : iteration:19471 matching_count:1946 error:0.161065 inlier:0.396661
5.162,ros=1778663561.489984,level=20,name=hdl_global_localization.global_localization_node,msg=RANSAC : iteration:19504 matching_count:1947 error:0.159112 inlier:0.276914
5.163,ros=1778663561.490015,level=20,name=hdl_global_localization.global_localization_node,msg=RANSAC : iteration:19507 matching_count:1948 error:0.165136 inlier:0.307427
5.163,ros=1778663561.490045,level=20,name=hdl_global_localization.global_localization_node,msg=RANSAC : iteration:19510 matching_count:1949 error:0.158279 inlier:0.652274
5.164,ros=1778663561.490089,level=20,name=hdl_global_localization.global_localization_node,msg=RANSAC : iteration:19515 matching_count:1950 error:0.155172 inlier:0.331031
5.164,ros=1778663561.490103,level=20,name=hdl_global_localization.global_localization_node,msg=RANSAC : iteration:19515 matching_count:1950 error:0.160621 inlier:0.628094
5.164,ros=1778663561.489653,level=20,name=hdl_global_localization.global_localization_node,msg=RANSAC : iteration:19353 matching_count:1937 error:0.161035 inlier:0.333909
5.164,ros=1778663561.490134,level=20,name=hdl_global_localization.global_localization_node,msg=RANSAC : iteration:19542 matching_count:1952 error:0.171518 inlier:0.527346
5.165,ros=1778663561.490177,level=20,name=hdl_global_localization.global_localization_node,msg=RANSAC : iteration:19557 matching_count:1954 error:0.158374 inlier:0.374208
5.165,ros=1778663561.489676,level=20,name=hdl_global_localization.global_localization_node,msg=RANSAC : iteration:19353 matching_count:1937 error:0.16077 inlier:0.881405
5.166,ros=1778663561.490231,level=20,name=hdl_global_localization.global_localization_node,msg=RANSAC : iteration:19565 matching_count:1955 error:0.157379 inlier:0.48129
5.166,ros=1778663561.489861,level=20,name=hdl_global_localization.global_localization_node,msg=RANSAC : iteration:19396 matching_count:1942 error:0.1575 inlier:0.259643
5.166,ros=1778663561.490342,level=20,name=hdl_global_localization.global_localization_node,msg=RANSAC : iteration:19585 matching_count:1957 error:0.155042 inlier:0.750144
5.167,ros=1778663561.489539,level=20,name=hdl_global_localization.global_localization_node,msg=RANSAC : iteration:19337 matching_count:1934 error:0.160386 inlier:0.626367
5.167,ros=1778663561.490057,level=20,name=hdl_global_localization.global_localization_node,msg=RANSAC : iteration:19510 matching_count:1949 error:0.159284 inlier:0.502015
5.167,ros=1778663561.487335,level=20,name=hdl_global_localization.global_localization_node,msg=RANSAC : iteration:18970 matching_count:1899 error:0.159477 inlier:0.490501
5.168,ros=1778663561.489619,level=20,name=hdl_global_localization.global_localization_node,msg=RANSAC : iteration:19353 matching_count:1937 error:0.155302 inlier:0.326425
5.168,ros=1778663561.489597,level=20,name=hdl_global_localization.global_localization_node,msg=RANSAC : iteration:19353 matching_count:1937 error:0.161211 inlier:0.700058
5.168,ros=1778663561.490216,level=20,name=hdl_global_localization.global_localization_node,msg=RANSAC : iteration:19565 matching_count:1955 error:0.164143 inlier:0.327001
5.168,ros=1778663561.490227,level=20,name=hdl_global_localization.global_localization_node,msg=RANSAC : iteration:19565 matching_count:1955 error:0.158003 inlier:0.677029
5.169,ros=1778663561.490528,level=20,name=hdl_global_localization.global_localization_node,msg=RANSAC : iteration:19645 matching_count:1965 error:0.157481 inlier:0.56707
5.169,ros=1778663561.490538,level=20,name=hdl_global_localization.global_localization_node,msg=RANSAC : iteration:19662 matching_count:1966 error:0.15625 inlier:0.63673
5.169,ros=1778663561.490582,level=20,name=hdl_global_localization.global_localization_node,msg=RANSAC : iteration:19693 matching_count:1968 error:0.154097 inlier:0.42487
5.170,ros=1778663561.490618,level=20,name=hdl_global_localization.global_localization_node,msg=RANSAC : iteration:19697 matching_count:1969 error:0.160625 inlier:0.685665
5.170,ros=1778663561.490238,level=20,name=hdl_global_localization.global_localization_node,msg=RANSAC : iteration:19566 matching_count:1955 error:0.157933 inlier:0.602188
5.170,ros=1778663561.490666,level=20,name=hdl_global_localization.global_localization_node,msg=RANSAC : iteration:19708 matching_count:1971 error:0.160018 inlier:0.393207
5.170,ros=1778663561.490257,level=20,name=hdl_global_localization.global_localization_node,msg=RANSAC : iteration:19581 matching_count:1956 error:0.157568 inlier:0.586068
5.171,ros=1778663561.490291,level=20,name=hdl_global_localization.global_localization_node,msg=RANSAC : iteration:19581 matching_count:1956 error:0.161029 inlier:0.810017
5.171,ros=1778663561.489888,level=20,name=hdl_global_localization.global_localization_node,msg=RANSAC : iteration:19416 matching_count:1943 error:0.161825 inlier:0.374208
5.171,ros=1778663561.490420,level=20,name=hdl_global_localization.global_localization_node,msg=RANSAC : iteration:19617 matching_count:1961 error:0.157812 inlier:0.778929
5.172,ros=1778663561.490480,level=20,name=hdl_global_localization.global_localization_node,msg=RANSAC : iteration:19639 matching_count:1964 error:0.151531 inlier:0.410478
5.172,ros=1778663561.490804,level=20,name=hdl_global_localization.global_localization_node,msg=RANSAC : iteration:19752 matching_count:1976 error:0.157724 inlier:0.770869
5.172,ros=1778663561.490523,level=20,name=hdl_global_localization.global_localization_node,msg=RANSAC : iteration:19644 matching_count:1965 error:0.159774 inlier:0.55095
5.173,ros=1778663561.490843,level=20,name=hdl_global_localization.global_localization_node,msg=RANSAC : iteration:19765 matching_count:1978 error:0.162626 inlier:0.552677
5.173,ros=1778663561.490630,level=20,name=hdl_global_localization.global_localization_node,msg=RANSAC : iteration:19697 matching_count:1969 error:0.158503 inlier:0.24122
5.173,ros=1778663561.489695,level=20,name=hdl_global_localization.global_localization_node,msg=RANSAC : iteration:19353 matching_count:1937 error:0.159235 inlier:0.495107
5.174,ros=1778663561.489664,level=20,name=hdl_global_localization.global_localization_node,msg=RANSAC : iteration:19353 matching_count:1937 error:0.156479 inlier:0.244675
5.174,ros=1778663561.490685,level=20,name=hdl_global_localization.global_localization_node,msg=RANSAC : iteration:19713 matching_count:1972 error:0.159121 inlier:0.497985
5.175,ros=1778663561.490715,level=20,name=hdl_global_localization.global_localization_node,msg=RANSAC : iteration:19727 matching_count:1973 error:0.156432 inlier:0.637881
5.175,ros=1778663561.490748,level=20,name=hdl_global_localization.global_localization_node,msg=RANSAC : iteration:19746 matching_count:1975 error:0.157031 inlier:0.0823258
5.175,ros=1778663561.490767,level=20,name=hdl_global_localization.global_localization_node,msg=RANSAC : iteration:19752 matching_count:1976 error:0.158109 inlier:0.283823
5.176,ros=1778663561.490788,level=20,name=hdl_global_localization.global_localization_node,msg=RANSAC : iteration:19752 matching_count:1976 error:0.155085 inlier:0.15141
5.176,ros=1778663561.490486,level=20,name=hdl_global_localization.global_localization_node,msg=RANSAC : iteration:19639 matching_count:1964 error:0.160674 inlier:0.752447
5.182,ros=1778663561.490845,level=20,name=hdl_global_localization.global_localization_node,msg=RANSAC : iteration:19765 matching_count:1978 error:0.159019 inlier:0.455383
5.182,ros=1778663561.490622,level=20,name=hdl_global_localization.global_localization_node,msg=RANSAC : iteration:19697 matching_count:1969 error:0.164736 inlier:0.45308
5.182,ros=1778663561.490851,level=20,name=hdl_global_localization.global_localization_node,msg=RANSAC : iteration:19774 matching_count:1979 error:0.161956 inlier:0.295912
5.183,ros=1778663561.490915,level=20,name=hdl_global_localization.global_localization_node,msg=RANSAC : iteration:19804 matching_count:1982 error:0.155311 inlier:0.254462
5.183,ros=1778663561.490928,level=20,name=hdl_global_localization.global_localization_node,msg=RANSAC : iteration:19804 matching_count:1982 error:0.156702 inlier:0.522165
5.184,ros=1778663561.491441,level=20,name=hdl_global_localization.global_localization_node,msg=RANSAC : iteration:19911 matching_count:1994 error:0.15291 inlier:0.260794
5.184,ros=1778663561.491456,level=20,name=hdl_global_localization.global_localization_node,msg=RANSAC : iteration:19911 matching_count:1994 error:0.16235 inlier:0.339666
5.184,ros=1778663561.490986,level=20,name=hdl_global_localization.global_localization_node,msg=RANSAC : iteration:19816 matching_count:1984 error:0.161609 inlier:0.490501
5.184,ros=1778663561.491000,level=20,name=hdl_global_localization.global_localization_node,msg=RANSAC : iteration:19816 matching_count:1984 error:0.157164 inlier:0.560737
5.185,ros=1778663561.491047,level=20,name=hdl_global_localization.global_localization_node,msg=RANSAC : iteration:19816 matching_count:1984 error:0.15936 inlier:0.312608
5.185,ros=1778663561.491067,level=20,name=hdl_global_localization.global_localization_node,msg=RANSAC : iteration:19819 matching_count:1984 error:0.174499 inlier:0.472654
5.185,ros=1778663561.491215,level=20,name=hdl_global_localization.global_localization_node,msg=RANSAC : iteration:19850 matching_count:1988 error:0.159587 inlier:0.224525
5.185,ros=1778663561.491245,level=20,name=hdl_global_localization.global_localization_node,msg=RANSAC : iteration:19850 matching_count:1988 error:0.176142 inlier:0.135291
5.185,ros=1778663561.491245,level=20,name=hdl_global_localization.global_localization_node,msg=RANSAC : iteration:19850 matching_count:1988 error:0.155764 inlier:0.346575
5.186,ros=1778663561.491699,level=20,name=hdl_global_localization.global_localization_node,msg=RANSAC : iteration:19965 matching_count:2001 error:0.16086 inlier:0.430052
5.186,ros=1778663561.491462,level=20,name=hdl_global_localization.global_localization_node,msg=RANSAC : iteration:19913 matching_count:1995 error:0.161673 inlier:0.517559
5.186,ros=1778663561.491730,level=20,name=hdl_global_localization.global_localization_node,msg=RANSAC : iteration:19965 matching_count:2001 error:0.158109 inlier:0.864709
5.186,ros=1778663561.491744,level=20,name=hdl_global_localization.global_localization_node,msg=RANSAC : iteration:19965 matching_count:2001 error:0.161303 inlier:0.535982
5.186,ros=1778663561.490934,level=20,name=hdl_global_localization.global_localization_node,msg=RANSAC : iteration:19804 matching_count:1982 error:0.160166 inlier:0.329879
5.187,ros=1778663561.491565,level=20,name=hdl_global_localization.global_localization_node,msg=RANSAC : iteration:19926 matching_count:1996 error:0.162794 inlier:0.584341
5.187,ros=1778663561.491568,level=20,name=hdl_global_localization.global_localization_node,msg=RANSAC : iteration:19926 matching_count:1996 error:0.16402 inlier:0.551526
5.187,ros=1778663561.490948,level=20,name=hdl_global_localization.global_localization_node,msg=RANSAC : iteration:19809 matching_count:1982 error:0.157987 inlier:0.397812
5.187,ros=1778663561.491675,level=20,name=hdl_global_localization.global_localization_node,msg=RANSAC : iteration:19965 matching_count:2001 error:0.157186 inlier:0.590098
5.187,ros=1778663561.491702,level=20,name=hdl_global_localization.global_localization_node,msg=RANSAC : iteration:19965 matching_count:2001 error:0.158048 inlier:0.366724
5.188,ros=1778663561.491448,level=20,name=hdl_global_localization.global_localization_node,msg=RANSAC : iteration:19911 matching_count:1994 error:0.167786 inlier:0.505469
5.188,ros=1778663561.491519,level=20,name=hdl_global_localization.global_localization_node,msg=RANSAC : iteration:19922 matching_count:1996 error:0.159819 inlier:0.290155
5.188,ros=1778663561.491537,level=20,name=hdl_global_localization.global_localization_node,msg=RANSAC : iteration:19922 matching_count:1996 error:0.163521 inlier:0.315486
5.188,ros=1778663561.491866,level=20,name=hdl_global_localization.global_localization_node,msg=RANSAC : iteration:19965 matching_count:2001 error:0.162092 inlier:0.458261
5.188,ros=1778663561.493257,level=20,name=HdlLocalizationNodelet,msg=Global localization candidates: returned=10 requested=10 fitness_threshold=0.12 min_margin=0.1 query_points=14559
5.228,ros=1778663561.568375,level=20,name=HdlLocalizationNodelet,msg=Global localization candidate[0] trans=(-1.06548, -0.484186, 0.62375) error=0.160118 inlier=0.923431 ndt_converged=1 ndt_fitness=0.0281548
5.280,ros=1778663561.617789,level=20,name=HdlLocalizationNodelet,msg=Global localization candidate[1] trans=(-5.41203, 1.05768, 0.15757) error=0.156781 inlier=0.913069 ndt_converged=1 ndt_fitness=0.0603421
5.455,ros=1778663561.793096,level=20,name=HdlLocalizationNodelet,msg=Global localization candidate[2] trans=(6.7039, 7.75683, 0.89427) error=0.154677 inlier=0.912493 ndt_converged=1 ndt_fitness=0.429948
5.618,ros=1778663561.958256,level=20,name=HdlLocalizationNodelet,msg=Global localization candidate[3] trans=(5.2825, 5.0686, 0.529567) error=0.163869 inlier=0.909039 ndt_converged=1 ndt_fitness=0.546148
5.719,ros=1778663562.059599,level=20,name=HdlLocalizationNodelet,msg=Global localization candidate[4] trans=(-4.67072, 3.67292, 0.46302) error=0.157065 inlier=0.899252 ndt_converged=1 ndt_fitness=0.469448
5.770,ros=1778663562.110301,level=20,name=HdlLocalizationNodelet,msg=Global localization candidate[5] trans=(-2.06804, 0.496507, 0.506609) error=0.157489 inlier=0.899252 ndt_converged=1 ndt_fitness=0.114072
5.938,ros=1778663562.278909,level=20,name=HdlLocalizationNodelet,msg=Global localization candidate[6] trans=(-0.774431, 2.63154, 0.0637627) error=0.139279 inlier=0.891192 ndt_converged=1 ndt_fitness=0.0590866
6.034,ros=1778663562.374744,level=20,name=HdlLocalizationNodelet,msg=Global localization candidate[7] trans=(5.48209, 7.38291, 0.347203) error=0.161014 inlier=0.890616 ndt_converged=1 ndt_fitness=0.779839
6.141,ros=1778663562.480882,level=20,name=HdlLocalizationNodelet,msg=Global localization candidate[8] trans=(-3.26197, -1.13547, 0.250417) error=0.149297 inlier=0.89004 ndt_converged=1 ndt_fitness=0.243777
6.294,ros=1778663562.634976,level=20,name=HdlLocalizationNodelet,msg=Global localization candidate[9] trans=(7.36454, 11.1507, 0.185504) error=0.167602 inlier=0.88601 ndt_converged=1 ndt_fitness=0.289604
6.295,ros=1778663562.635102,level=20,name=HdlLocalizationNodelet,msg=Best global localization candidate[0] fitness=0.0281548 error=0.160118 inlier=0.923431 accepted_candidates=4
6.295,ros=1778663562.635111,level=20,name=HdlLocalizationNodelet,msg=Second global localization candidate[6] fitness=0.0590866 margin=0.0309318
6.295,ros=1778663562.635119,level=30,name=HdlLocalizationNodelet,msg=reject global localization result: ambiguous fitness margin 0.0309318 < 0.1
6.295,ros=1778663562.635135,level=30,name=HdlLocalizationNodelet,msg=auto relocalize failed; call /relocalize after the scan is stable or set /initialpose manually
6.299,ros=1778663562.639174,level=30,name=HdlLocalizationNodelet,msg=waiting for initial pose input or global relocalization!!
6.304,ros=1778663562.644922,level=30,name=HdlLocalizationNodelet,msg=waiting for initial pose input or global relocalization!!
6.310,ros=1778663562.650121,level=30,name=HdlLocalizationNodelet,msg=waiting for initial pose input or global relocalization!!
6.382,ros=1778663562.719507,level=30,name=HdlLocalizationNodelet,msg=waiting for initial pose input or global relocalization!!
6.486,ros=1778663562.826473,level=30,name=HdlLocalizationNodelet,msg=waiting for initial pose input or global relocalization!!
6.592,ros=1778663562.928204,level=30,name=HdlLocalizationNodelet,msg=waiting for initial pose input or global relocalization!!
6.689,ros=1778663563.023654,level=30,name=HdlLocalizationNodelet,msg=waiting for initial pose input or global relocalization!!
6.782,ros=1778663563.119265,level=30,name=HdlLocalizationNodelet,msg=waiting for initial pose input or global relocalization!!
6.879,ros=1778663563.218720,level=30,name=HdlLocalizationNodelet,msg=waiting for initial pose input or global relocalization!!
6.974,ros=1778663563.313793,level=20,name=HdlLocalizationNodelet,msg=auto relocalize on start
6.981,ros=1778663563.319163,level=20,name=hdl_global_localization.global_localization_node,msg=Query Global Localization
6.982,ros=1778663563.319512,level=20,name=hdl_global_localization.global_localization_node,msg=Normal Estimation: Radius(1)
6.983,ros=1778663563.320681,level=20,name=hdl_global_localization.global_localization_node,msg=FPFH Extraction: Search Radius(3)
6.996,ros=1778663563.329559,level=30,name=HdlLocalizationNodelet,msg=waiting for initial pose input or global relocalization!!
7.004,ros=1778663563.335723,level=20,name=hdl_global_localization.global_localization_node,msg=RANSAC : Precompute Nearest Features
7.044,ros=1778663563.384658,level=20,name=hdl_global_localization.global_localization_node,msg=RANSAC : Main Loop
7.044,ros=1778663563.384994,level=20,name=hdl_global_localization.global_localization_node,msg=RANSAC : iteration:119 matching_count:11 error:0.155567 inlier:0.396752
7.045,ros=1778663563.385006,level=20,name=hdl_global_localization.global_localization_node,msg=RANSAC : iteration:119 matching_count:11 error:0.160267 inlier:0.757541
7.045,ros=1778663563.385178,level=20,name=hdl_global_localization.global_localization_node,msg=RANSAC : iteration:158 matching_count:16 error:0.163169 inlier:0.62181
7.045,ros=1778663563.385007,level=20,name=hdl_global_localization.global_localization_node,msg=RANSAC : iteration:119 matching_count:11 error:0.160107 inlier:0.462877
7.046,ros=1778663563.385012,level=20,name=hdl_global_localization.global_localization_node,msg=RANSAC : iteration:119 matching_count:11 error:0.164661 inlier:0.530742
7.046,ros=1778663563.385015,level=20,name=hdl_global_localization.global_localization_node,msg=RANSAC : iteration:119 matching_count:11 error:0.161022 inlier:0.486079
7.046,ros=1778663563.385430,level=20,name=hdl_global_localization.global_localization_node,msg=RANSAC : iteration:260 matching_count:21 error:0.158299 inlier:0.795244
7.047,ros=1778663563.385090,level=20,name=hdl_global_localization.global_localization_node,msg=RANSAC : iteration:149 matching_count:14 error:0.156541 inlier:0.61949
7.047,ros=1778663563.385093,level=20,name=hdl_global_localization.global_localization_node,msg=RANSAC : iteration:149 matching_count:14 error:0.154531 inlier:0.88109
7.047,ros=1778663563.385112,level=20,name=hdl_global_localization.global_localization_node,msg=RANSAC : iteration:149 matching_count:14 error:0.156018 inlier:0.545244
7.048,ros=1778663563.385620,level=20,name=hdl_global_localization.global_localization_node,msg=RANSAC : iteration:276 matching_count:25 error:0.164894 inlier:0.310905
7.048,ros=1778663563.385006,level=20,name=hdl_global_localization.global_localization_node,msg=RANSAC : iteration:119 matching_count:11 error:0.158255 inlier:0.470998
7.048,ros=1778663563.386002,level=20,name=hdl_global_localization.global_localization_node,msg=RANSAC : iteration:439 matching_count:41 error:0.159622 inlier:0.533643
7.048,ros=1778663563.386126,level=20,name=hdl_global_localization.global_localization_node,msg=RANSAC : iteration:493 matching_count:47 error:0.160789 inlier:0.443155
7.049,ros=1778663563.386092,level=20,name=hdl_global_localization.global_localization_node,msg=RANSAC : iteration:492 matching_count:46 error:0.160015 inlier:0.544084
7.049,ros=1778663563.386438,level=20,name=hdl_global_localization.global_localization_node,msg=RANSAC : iteration:593 matching_count:57 error:0.160491 inlier:0.522042
7.049,ros=1778663563.387629,level=20,name=hdl_global_localization.global_localization_node,msg=RANSAC : iteration:1001 matching_count:92 error:0.16163 inlier:0.665893
7.050,ros=1778663563.387637,level=20,name=hdl_global_localization.global_localization_node,msg=RANSAC : iteration:1001 matching_count:92 error:0.157839 inlier:0.340487
7.050,ros=1778663563.387905,level=20,name=hdl_global_localization.global_localization_node,msg=RANSAC : iteration:1024 matching_count:98 error:0.16239 inlier:0.328306
7.050,ros=1778663563.388330,level=20,name=hdl_global_localization.global_localization_node,msg=RANSAC : iteration:1132 matching_count:108 error:0.1609 inlier:0.2442
7.050,ros=1778663563.388708,level=20,name=hdl_global_localization.global_localization_node,msg=RANSAC : iteration:1281 matching_count:122 error:0.159203 inlier:0.684455
7.051,ros=1778663563.388909,level=20,name=hdl_global_localization.global_localization_node,msg=RANSAC : iteration:1414 matching_count:133 error:0.162729 inlier:0.804524
7.051,ros=1778663563.388910,level=20,name=hdl_global_localization.global_localization_node,msg=RANSAC : iteration:1414 matching_count:133 error:0.165952 inlier:0.777262
7.051,ros=1778663563.389383,level=20,name=hdl_global_localization.global_localization_node,msg=RANSAC : iteration:1597 matching_count:161 error:0.156679 inlier:0.324246
7.052,ros=1778663563.389528,level=20,name=hdl_global_localization.global_localization_node,msg=RANSAC : iteration:1714 matching_count:166 error:0.159569 inlier:0.384571
7.052,ros=1778663563.390001,level=20,name=hdl_global_localization.global_localization_node,msg=RANSAC : iteration:1845 matching_count:184 error:0.156564 inlier:0.470418
7.052,ros=1778663563.390506,level=20,name=hdl_global_localization.global_localization_node,msg=RANSAC : iteration:2032 matching_count:203 error:0.159804 inlier:0.591647
7.055,ros=1778663563.393255,level=20,name=hdl_global_localization.global_localization_node,msg=RANSAC : iteration:3395 matching_count:317 error:0.161235 inlier:0.556265
7.055,ros=1778663563.393599,level=20,name=hdl_global_localization.global_localization_node,msg=RANSAC : iteration:3571 matching_count:337 error:0.15633 inlier:0.149652
7.056,ros=1778663563.394056,level=20,name=hdl_global_localization.global_localization_node,msg=RANSAC : iteration:3674 matching_count:350 error:0.158238 inlier:0.354988
7.056,ros=1778663563.393703,level=20,name=hdl_global_localization.global_localization_node,msg=RANSAC : iteration:3603 matching_count:340 error:0.164036 inlier:0.342227
7.056,ros=1778663563.394578,level=20,name=hdl_global_localization.global_localization_node,msg=RANSAC : iteration:3920 matching_count:373 error:0.160405 inlier:0.588747
7.057,ros=1778663563.394750,level=20,name=hdl_global_localization.global_localization_node,msg=RANSAC : iteration:3988 matching_count:381 error:0.15603 inlier:0.776102
7.057,ros=1778663563.394980,level=20,name=hdl_global_localization.global_localization_node,msg=RANSAC : iteration:4050 matching_count:389 error:0.163696 inlier:0.25232
7.057,ros=1778663563.395409,level=20,name=hdl_global_localization.global_localization_node,msg=RANSAC : iteration:4311 matching_count:411 error:0.160889 inlier:0.74884
7.058,ros=1778663563.395129,level=20,name=hdl_global_localization.global_localization_node,msg=RANSAC : iteration:4158 matching_count:396 error:0.158924 inlier:0.50406
7.058,ros=1778663563.395695,level=20,name=hdl_global_localization.global_localization_node,msg=RANSAC : iteration:4394 matching_count:427 error:0.161194 inlier:0.437935
7.058,ros=1778663563.396270,level=20,name=hdl_global_localization.global_localization_node,msg=RANSAC : iteration:4653 matching_count:447 error:0.158618 inlier:0.230858
7.058,ros=1778663563.396469,level=20,name=hdl_global_localization.global_localization_node,msg=RANSAC : iteration:4712 matching_count:456 error:0.168244 inlier:0.609629
7.059,ros=1778663563.396898,level=20,name=hdl_global_localization.global_localization_node,msg=RANSAC : iteration:4809 matching_count:471 error:0.160321 inlier:0.506381
7.059,ros=1778663563.396910,level=20,name=hdl_global_localization.global_localization_node,msg=RANSAC : iteration:4810 matching_count:472 error:0.15907 inlier:0.477378
7.059,ros=1778663563.397115,level=20,name=hdl_global_localization.global_localization_node,msg=RANSAC : iteration:4916 matching_count:478 error:0.16467 inlier:0.526102
7.059,ros=1778663563.397559,level=20,name=hdl_global_localization.global_localization_node,msg=RANSAC : iteration:5074 matching_count:495 error:0.159892 inlier:0.707657
7.060,ros=1778663563.398043,level=20,name=hdl_global_localization.global_localization_node,msg=RANSAC : iteration:5301 matching_count:512 error:0.159651 inlier:0.513341
7.060,ros=1778663563.398066,level=20,name=hdl_global_localization.global_localization_node,msg=RANSAC : iteration:5301 matching_count:512 error:0.156998 inlier:0.348608
7.060,ros=1778663563.398517,level=20,name=hdl_global_localization.global_localization_node,msg=RANSAC : iteration:5455 matching_count:530 error:0.158204 inlier:0.37471
7.060,ros=1778663563.398891,level=20,name=hdl_global_localization.global_localization_node,msg=RANSAC : iteration:5600 matching_count:545 error:0.160027 inlier:0.390371
7.061,ros=1778663563.399197,level=20,name=hdl_global_localization.global_localization_node,msg=RANSAC : iteration:5636 matching_count:554 error:0.158356 inlier:0.445476
7.061,ros=1778663563.399445,level=20,name=hdl_global_localization.global_localization_node,msg=RANSAC : iteration:5796 matching_count:568 error:0.161465 inlier:0.259861
7.061,ros=1778663563.400077,level=20,name=hdl_global_localization.global_localization_node,msg=RANSAC : iteration:6049 matching_count:595 error:0.161996 inlier:0.733759
7.061,ros=1778663563.400208,level=20,name=hdl_global_localization.global_localization_node,msg=RANSAC : iteration:6133 matching_count:602 error:0.161138 inlier:0.5029
7.062,ros=1778663563.400168,level=20,name=hdl_global_localization.global_localization_node,msg=RANSAC : iteration:6106 matching_count:600 error:0.162525 inlier:0.438515
7.062,ros=1778663563.400301,level=20,name=hdl_global_localization.global_localization_node,msg=RANSAC : iteration:6155 matching_count:607 error:0.15919 inlier:0.344548
7.062,ros=1778663563.400124,level=20,name=hdl_global_localization.global_localization_node,msg=RANSAC : iteration:6080 matching_count:597 error:0.158798 inlier:0.488399
7.062,ros=1778663563.400687,level=20,name=hdl_global_localization.global_localization_node,msg=RANSAC : iteration:6394 matching_count:626 error:0.157072 inlier:0.446056
7.063,ros=1778663563.400862,level=20,name=hdl_global_localization.global_localization_node,msg=RANSAC : iteration:6468 matching_count:634 error:0.159653 inlier:0.442575
7.063,ros=1778663563.401086,level=20,name=hdl_global_localization.global_localization_node,msg=RANSAC : iteration:6514 matching_count:640 error:0.157534 inlier:0.636311
7.063,ros=1778663563.401260,level=20,name=hdl_global_localization.global_localization_node,msg=RANSAC : iteration:6593 matching_count:650 error:0.160963 inlier:0.194316
7.063,ros=1778663563.401212,level=20,name=hdl_global_localization.global_localization_node,msg=RANSAC : iteration:6566 matching_count:646 error:0.17043 inlier:0.537703
7.063,ros=1778663563.401653,level=20,name=hdl_global_localization.global_localization_node,msg=RANSAC : iteration:6792 matching_count:671 error:0.156107 inlier:0.820766
7.064,ros=1778663563.401833,level=20,name=hdl_global_localization.global_localization_node,msg=RANSAC : iteration:6871 matching_count:681 error:0.160776 inlier:0.451856
7.064,ros=1778663563.401952,level=20,name=hdl_global_localization.global_localization_node,msg=RANSAC : iteration:6987 matching_count:688 error:0.156286 inlier:0.324246
7.064,ros=1778663563.402556,level=20,name=hdl_global_localization.global_localization_node,msg=RANSAC : iteration:7187 matching_count:710 error:0.159067 inlier:0.388631
7.064,ros=1778663563.402340,level=20,name=hdl_global_localization.global_localization_node,msg=RANSAC : iteration:7133 matching_count:704 error:0.163667 inlier:0.364849
7.064,ros=1778663563.402469,level=20,name=hdl_global_localization.global_localization_node,msg=RANSAC : iteration:7160 matching_count:707 error:0.15704 inlier:0.350928
7.065,ros=1778663563.403114,level=20,name=hdl_global_localization.global_localization_node,msg=RANSAC : iteration:7348 matching_count:730 error:0.155601 inlier:0.24826
7.065,ros=1778663563.402143,level=20,name=hdl_global_localization.global_localization_node,msg=RANSAC : iteration:7103 matching_count:698 error:0.159885 inlier:0.590487
7.065,ros=1778663563.403051,level=20,name=hdl_global_localization.global_localization_node,msg=RANSAC : iteration:7346 matching_count:729 error:0.163303 inlier:0.732599
7.065,ros=1778663563.403836,level=20,name=hdl_global_localization.global_localization_node,msg=RANSAC : iteration:7653 matching_count:758 error:0.15981 inlier:0.309745
7.066,ros=1778663563.404022,level=20,name=hdl_global_localization.global_localization_node,msg=RANSAC : iteration:7734 matching_count:769 error:0.163287 inlier:0.227958
7.066,ros=1778663563.404147,level=20,name=hdl_global_localization.global_localization_node,msg=RANSAC : iteration:7788 matching_count:775 error:0.159335 inlier:0.446056
7.066,ros=1778663563.404602,level=20,name=hdl_global_localization.global_localization_node,msg=RANSAC : iteration:8005 matching_count:798 error:0.162353 inlier:0.278422
7.066,ros=1778663563.404813,level=20,name=hdl_global_localization.global_localization_node,msg=RANSAC : iteration:8092 matching_count:807 error:0.15826 inlier:0.570766
7.066,ros=1778663563.404428,level=20,name=hdl_global_localization.global_localization_node,msg=RANSAC : iteration:7916 matching_count:788 error:0.156236 inlier:0.718097
7.067,ros=1778663563.404550,level=20,name=hdl_global_localization.global_localization_node,msg=RANSAC : iteration:7981 matching_count:794 error:0.156226 inlier:0.428654
7.067,ros=1778663563.405026,level=20,name=hdl_global_localization.global_localization_node,msg=RANSAC : iteration:8190 matching_count:817 error:0.164281 inlier:0.484919
7.067,ros=1778663563.405690,level=20,name=hdl_global_localization.global_localization_node,msg=RANSAC : iteration:8503 matching_count:846 error:0.164545 inlier:0.767981
7.067,ros=1778663563.405752,level=20,name=hdl_global_localization.global_localization_node,msg=RANSAC : iteration:8513 matching_count:849 error:0.161965 inlier:0.37587
7.068,ros=1778663563.405997,level=20,name=hdl_global_localization.global_localization_node,msg=RANSAC : iteration:8618 matching_count:862 error:0.162658 inlier:0.430394
7.068,ros=1778663563.406576,level=20,name=hdl_global_localization.global_localization_node,msg=RANSAC : iteration:8875 matching_count:888 error:0.157825 inlier:0.259861
7.069,ros=1778663563.406899,level=20,name=hdl_global_localization.global_localization_node,msg=RANSAC : iteration:9046 matching_count:905 error:0.151546 inlier:0.397332
7.069,ros=1778663563.407457,level=20,name=hdl_global_localization.global_localization_node,msg=RANSAC : iteration:9261 matching_count:926 error:0.16403 inlier:0.549884
7.069,ros=1778663563.407955,level=20,name=hdl_global_localization.global_localization_node,msg=RANSAC : iteration:9484 matching_count:949 error:0.170042 inlier:0.463457
7.070,ros=1778663563.408310,level=20,name=hdl_global_localization.global_localization_node,msg=RANSAC : iteration:9644 matching_count:968 error:0.157336 inlier:0.633991
7.070,ros=1778663563.408944,level=20,name=hdl_global_localization.global_localization_node,msg=RANSAC : iteration:9943 matching_count:990 error:0.164007 inlier:0.698376
7.070,ros=1778663563.409299,level=20,name=hdl_global_localization.global_localization_node,msg=RANSAC : iteration:10017 matching_count:1005 error:0.159949 inlier:0.466357
7.071,ros=1778663563.409601,level=20,name=hdl_global_localization.global_localization_node,msg=RANSAC : iteration:10234 matching_count:1020 error:0.162972 inlier:0.449536
7.071,ros=1778663563.410081,level=20,name=hdl_global_localization.global_localization_node,msg=RANSAC : iteration:10517 matching_count:1047 error:0.16295 inlier:0.558585
7.071,ros=1778663563.410071,level=20,name=hdl_global_localization.global_localization_node,msg=RANSAC : iteration:10515 matching_count:1047 error:0.159594 inlier:0.143271
7.071,ros=1778663563.410220,level=20,name=hdl_global_localization.global_localization_node,msg=RANSAC : iteration:10663 matching_count:1058 error:0.158686 inlier:0.598028
7.072,ros=1778663563.410525,level=20,name=hdl_global_localization.global_localization_node,msg=RANSAC : iteration:10908 matching_count:1076 error:0.16118 inlier:0.364849
7.072,ros=1778663563.411204,level=20,name=hdl_global_localization.global_localization_node,msg=RANSAC : iteration:11313 matching_count:1115 error:0.15617 inlier:0.295244
7.072,ros=1778663563.411438,level=20,name=hdl_global_localization.global_localization_node,msg=RANSAC : iteration:11411 matching_count:1128 error:0.16022 inlier:0.647912
7.073,ros=1778663563.411771,level=20,name=hdl_global_localization.global_localization_node,msg=RANSAC : iteration:11587 matching_count:1148 error:0.167481 inlier:0.457657
7.073,ros=1778663563.412038,level=20,name=hdl_global_localization.global_localization_node,msg=RANSAC : iteration:11760 matching_count:1163 error:0.162838 inlier:0.207657
7.073,ros=1778663563.412382,level=20,name=hdl_global_localization.global_localization_node,msg=RANSAC : iteration:11895 matching_count:1181 error:0.161481 inlier:0.508121
7.073,ros=1778663563.412298,level=20,name=hdl_global_localization.global_localization_node,msg=RANSAC : iteration:11863 matching_count:1177 error:0.156926 inlier:0.357309
7.074,ros=1778663563.412867,level=20,name=hdl_global_localization.global_localization_node,msg=RANSAC : iteration:12149 matching_count:1212 error:0.16371 inlier:0.535383
7.074,ros=1778663563.413155,level=20,name=hdl_global_localization.global_localization_node,msg=RANSAC : iteration:12329 matching_count:1229 error:0.160747 inlier:0.575406
7.074,ros=1778663563.413345,level=20,name=hdl_global_localization.global_localization_node,msg=RANSAC : iteration:12437 matching_count:1244 error:0.160518 inlier:0.512761
7.075,ros=1778663563.413565,level=20,name=hdl_global_localization.global_localization_node,msg=RANSAC : iteration:12547 matching_count:1258 error:0.162057 inlier:0.796984
7.075,ros=1778663563.413852,level=20,name=hdl_global_localization.global_localization_node,msg=RANSAC : iteration:12663 matching_count:1277 error:0.160685 inlier:0.350348
7.075,ros=1778663563.414203,level=20,name=hdl_global_localization.global_localization_node,msg=RANSAC : iteration:12831 matching_count:1301 error:0.162301 inlier:0.583527
7.075,ros=1778663563.414128,level=20,name=hdl_global_localization.global_localization_node,msg=RANSAC : iteration:12804 matching_count:1297 error:0.166068 inlier:0.87239
7.076,ros=1778663563.414575,level=20,name=hdl_global_localization.global_localization_node,msg=RANSAC : iteration:13043 matching_count:1321 error:0.156227 inlier:0.287703
7.076,ros=1778663563.414856,level=20,name=hdl_global_localization.global_localization_node,msg=RANSAC : iteration:13231 matching_count:1337 error:0.146417 inlier:0.587007
7.076,ros=1778663563.415060,level=20,name=hdl_global_localization.global_localization_node,msg=RANSAC : iteration:13362 matching_count:1350 error:0.15071 inlier:0.0661253
7.076,ros=1778663563.415503,level=20,name=hdl_global_localization.global_localization_node,msg=RANSAC : iteration:13605 matching_count:1377 error:0.157094 inlier:0.418794
7.077,ros=1778663563.415586,level=20,name=hdl_global_localization.global_localization_node,msg=RANSAC : iteration:13684 matching_count:1382 error:0.154728 inlier:0.440835
7.077,ros=1778663563.415983,level=20,name=hdl_global_localization.global_localization_node,msg=RANSAC : iteration:13938 matching_count:1409 error:0.158443 inlier:0.274362
7.077,ros=1778663563.416297,level=20,name=hdl_global_localization.global_localization_node,msg=RANSAC : iteration:14170 matching_count:1426 error:0.153573 inlier:0.488979
7.077,ros=1778663563.416307,level=20,name=hdl_global_localization.global_localization_node,msg=RANSAC : iteration:14170 matching_count:1426 error:0.158087 inlier:0.741299
7.078,ros=1778663563.416691,level=20,name=hdl_global_localization.global_localization_node,msg=RANSAC : iteration:14462 matching_count:1451 error:0.158221 inlier:0.49884
7.078,ros=1778663563.416578,level=20,name=hdl_global_localization.global_localization_node,msg=RANSAC : iteration:14388 matching_count:1442 error:0.163065 inlier:0.50058
7.078,ros=1778663563.416919,level=20,name=hdl_global_localization.global_localization_node,msg=RANSAC : iteration:14555 matching_count:1466 error:0.16611 inlier:0.492459
7.079,ros=1778663563.417072,level=20,name=hdl_global_localization.global_localization_node,msg=RANSAC : iteration:14620 matching_count:1474 error:0.158457 inlier:0.607889
7.079,ros=1778663563.417120,level=20,name=hdl_global_localization.global_localization_node,msg=RANSAC : iteration:14633 matching_count:1477 error:0.161122 inlier:0.410093
7.079,ros=1778663563.417401,level=20,name=hdl_global_localization.global_localization_node,msg=RANSAC : iteration:14732 matching_count:1493 error:0.158536 inlier:0.333527
7.079,ros=1778663563.417525,level=20,name=hdl_global_localization.global_localization_node,msg=RANSAC : iteration:14772 matching_count:1501 error:0.164137 inlier:0.445476
7.080,ros=1778663563.417928,level=20,name=hdl_global_localization.global_localization_node,msg=RANSAC : iteration:14964 matching_count:1522 error:0.162701 inlier:0.608469
7.080,ros=1778663563.417972,level=20,name=hdl_global_localization.global_localization_node,msg=RANSAC : iteration:14996 matching_count:1526 error:0.156242 inlier:0.260441
7.080,ros=1778663563.418259,level=20,name=hdl_global_localization.global_localization_node,msg=RANSAC : iteration:15083 matching_count:1534 error:0.16044 inlier:0.522042
7.081,ros=1778663563.418775,level=20,name=hdl_global_localization.global_localization_node,msg=RANSAC : iteration:15315 matching_count:1560 error:0.159186 inlier:0.590487
7.081,ros=1778663563.419279,level=20,name=hdl_global_localization.global_localization_node,msg=RANSAC : iteration:15399 matching_count:1572 error:0.156839 inlier:0.712297
7.084,ros=1778663563.421359,level=20,name=hdl_global_localization.global_localization_node,msg=RANSAC : iteration:16484 matching_count:1673 error:0.167066 inlier:0.410093
7.085,ros=1778663563.422935,level=20,name=hdl_global_localization.global_localization_node,msg=RANSAC : iteration:16781 matching_count:1707 error:0.162309 inlier:0.438515
7.085,ros=1778663563.422828,level=20,name=hdl_global_localization.global_localization_node,msg=RANSAC : iteration:16748 matching_count:1704 error:0.156794 inlier:0.188515
7.092,ros=1778663563.429066,level=20,name=hdl_global_localization.global_localization_node,msg=RANSAC : iteration:19017 matching_count:1916 error:0.159206 inlier:0.62993
7.093,ros=1778663563.429499,level=20,name=hdl_global_localization.global_localization_node,msg=RANSAC : iteration:19018 matching_count:1917 error:0.167253 inlier:0.0812065
7.093,ros=1778663563.429922,level=20,name=hdl_global_localization.global_localization_node,msg=RANSAC : iteration:19019 matching_count:1918 error:0.159237 inlier:0.323086
7.093,ros=1778663563.428544,level=20,name=hdl_global_localization.global_localization_node,msg=RANSAC : iteration:18877 matching_count:1901 error:0.155441 inlier:0.108469
7.094,ros=1778663563.430178,level=20,name=hdl_global_localization.global_localization_node,msg=RANSAC : iteration:19028 matching_count:1919 error:0.157126 inlier:0.301624
7.094,ros=1778663563.430204,level=20,name=hdl_global_localization.global_localization_node,msg=RANSAC : iteration:19038 matching_count:1921 error:0.161279 inlier:0.390371
7.094,ros=1778663563.430272,level=20,name=hdl_global_localization.global_localization_node,msg=RANSAC : iteration:19053 matching_count:1922 error:0.158011 inlier:0.390951
7.094,ros=1778663563.428762,level=20,name=hdl_global_localization.global_localization_node,msg=RANSAC : iteration:18951 matching_count:1906 error:0.158869 inlier:0.211717
7.094,ros=1778663563.430313,level=20,name=hdl_global_localization.global_localization_node,msg=RANSAC : iteration:19068 matching_count:1923 error:0.158667 inlier:0.326566
7.095,ros=1778663563.430374,level=20,name=hdl_global_localization.global_localization_node,msg=RANSAC : iteration:19095 matching_count:1925 error:0.156925 inlier:0.349188
7.095,ros=1778663563.430388,level=20,name=hdl_global_localization.global_localization_node,msg=RANSAC : iteration:19095 matching_count:1925 error:0.186218 inlier:0.582367
7.097,ros=1778663563.428784,level=20,name=hdl_global_localization.global_localization_node,msg=RANSAC : iteration:18957 matching_count:1907 error:0.158882 inlier:0.698376
7.097,ros=1778663563.428380,level=20,name=hdl_global_localization.global_localization_node,msg=RANSAC : iteration:18850 matching_count:1897 error:0.16184 inlier:0.62935
7.097,ros=1778663563.428899,level=20,name=hdl_global_localization.global_localization_node,msg=RANSAC : iteration:18984 matching_count:1912 error:0.167097 inlier:0.147332
7.098,ros=1778663563.428127,level=20,name=hdl_global_localization.global_localization_node,msg=RANSAC : iteration:18690 matching_count:1886 error:0.158068 inlier:0.37471
7.098,ros=1778663563.428495,level=20,name=hdl_global_localization.global_localization_node,msg=RANSAC : iteration:18877 matching_count:1901 error:0.157236 inlier:0.722738
7.098,ros=1778663563.430575,level=20,name=hdl_global_localization.global_localization_node,msg=RANSAC : iteration:19158 matching_count:1931 error:0.160919 inlier:0.324246
7.098,ros=1778663563.430584,level=20,name=hdl_global_localization.global_localization_node,msg=RANSAC : iteration:19165 matching_count:1931 error:0.169077 inlier:0.0852668
7.099,ros=1778663563.430626,level=20,name=hdl_global_localization.global_localization_node,msg=RANSAC : iteration:19202 matching_count:1933 error:0.159364 inlier:0.87181
7.099,ros=1778663563.430636,level=20,name=hdl_global_localization.global_localization_node,msg=RANSAC : iteration:19202 matching_count:1933 error:0.159917 inlier:0.432135
7.099,ros=1778663563.430670,level=20,name=hdl_global_localization.global_localization_node,msg=RANSAC : iteration:19228 matching_count:1935 error:0.160421 inlier:0.465197
7.099,ros=1778663563.430153,level=20,name=hdl_global_localization.global_localization_node,msg=RANSAC : iteration:19021 matching_count:1919 error:0.162096 inlier:0.438515
7.100,ros=1778663563.430278,level=20,name=hdl_global_localization.global_localization_node,msg=RANSAC : iteration:19053 matching_count:1922 error:0.160499 inlier:0.695476
7.100,ros=1778663563.430727,level=20,name=hdl_global_localization.global_localization_node,msg=RANSAC : iteration:19238 matching_count:1938 error:0.163513 inlier:0.259861
7.101,ros=1778663563.430753,level=20,name=hdl_global_localization.global_localization_node,msg=RANSAC : iteration:19240 matching_count:1939 error:0.159197 inlier:0.460557
7.101,ros=1778663563.430762,level=20,name=hdl_global_localization.global_localization_node,msg=RANSAC : iteration:19240 matching_count:1939 error:0.1605 inlier:0.473898
7.101,ros=1778663563.430775,level=20,name=hdl_global_localization.global_localization_node,msg=RANSAC : iteration:19282 matching_count:1940 error:0.157301 inlier:0.513921
7.102,ros=1778663563.430807,level=20,name=hdl_global_localization.global_localization_node,msg=RANSAC : iteration:19314 matching_count:1942 error:0.159044 inlier:0.447796
7.102,ros=1778663563.430149,level=20,name=hdl_global_localization.global_localization_node,msg=RANSAC : iteration:19021 matching_count:1919 error:0.157972 inlier:0.463457
7.102,ros=1778663563.430838,level=20,name=hdl_global_localization.global_localization_node,msg=RANSAC : iteration:19320 matching_count:1944 error:0.170799 inlier:0.74942
7.103,ros=1778663563.430412,level=20,name=hdl_global_localization.global_localization_node,msg=RANSAC : iteration:19112 matching_count:1926 error:0.157308 inlier:0.5
7.103,ros=1778663563.431005,level=20,name=hdl_global_localization.global_localization_node,msg=RANSAC : iteration:19380 matching_count:1947 error:0.162435 inlier:0.50232
7.103,ros=1778663563.431070,level=20,name=hdl_global_localization.global_localization_node,msg=RANSAC : iteration:19385 matching_count:1948 error:0.158776 inlier:0.759281
7.103,ros=1778663563.431107,level=20,name=hdl_global_localization.global_localization_node,msg=RANSAC : iteration:19407 matching_count:1949 error:0.156973 inlier:0.299884
7.104,ros=1778663563.431166,level=20,name=hdl_global_localization.global_localization_node,msg=RANSAC : iteration:19409 matching_count:1950 error:0.163351 inlier:0.582947
7.104,ros=1778663563.431204,level=20,name=hdl_global_localization.global_localization_node,msg=RANSAC : iteration:19423 matching_count:1951 error:0.159316 inlier:0.49826
7.104,ros=1778663563.431265,level=20,name=hdl_global_localization.global_localization_node,msg=RANSAC : iteration:19427 matching_count:1952 error:0.160002 inlier:0.339327
7.104,ros=1778663563.431290,level=20,name=hdl_global_localization.global_localization_node,msg=RANSAC : iteration:19442 matching_count:1953 error:0.164796 inlier:0.819606
7.105,ros=1778663563.428572,level=20,name=hdl_global_localization.global_localization_node,msg=RANSAC : iteration:18877 matching_count:1901 error:0.161729 inlier:0.74884
7.105,ros=1778663563.430672,level=20,name=hdl_global_localization.global_localization_node,msg=RANSAC : iteration:19228 matching_count:1935 error:0.160961 inlier:0.181555
7.105,ros=1778663563.430812,level=20,name=hdl_global_localization.global_localization_node,msg=RANSAC : iteration:19314 matching_count:1942 error:0.165906 inlier:0.535963
7.105,ros=1778663563.430855,level=20,name=hdl_global_localization.global_localization_node,msg=RANSAC : iteration:19320 matching_count:1944 error:0.158714 inlier:0.211717
7.106,ros=1778663563.430870,level=20,name=hdl_global_localization.global_localization_node,msg=RANSAC : iteration:19320 matching_count:1944 error:0.157446 inlier:0.182135
7.106,ros=1778663563.431471,level=20,name=hdl_global_localization.global_localization_node,msg=RANSAC : iteration:19497 matching_count:1958 error:0.159364 inlier:0.62877
7.106,ros=1778663563.430279,level=20,name=hdl_global_localization.global_localization_node,msg=RANSAC : iteration:19053 matching_count:1922 error:0.16197 inlier:0.12181
7.106,ros=1778663563.430908,level=20,name=hdl_global_localization.global_localization_node,msg=RANSAC : iteration:19320 matching_count:1944 error:0.163275 inlier:0.165893
7.107,ros=1778663563.431526,level=20,name=hdl_global_localization.global_localization_node,msg=RANSAC : iteration:19548 matching_count:1962 error:0.160993 inlier:0.363689
7.107,ros=1778663563.431547,level=20,name=hdl_global_localization.global_localization_node,msg=RANSAC : iteration:19553 matching_count:1963 error:0.148505 inlier:0.195476
7.107,ros=1778663563.431570,level=20,name=hdl_global_localization.global_localization_node,msg=RANSAC : iteration:19561 matching_count:1964 error:0.157728 inlier:0.713457
7.107,ros=1778663563.431582,level=20,name=hdl_global_localization.global_localization_node,msg=RANSAC : iteration:19567 matching_count:1964 error:0.156829 inlier:0.441995
7.108,ros=1778663563.431600,level=20,name=hdl_global_localization.global_localization_node,msg=RANSAC : iteration:19603 matching_count:1966 error:0.160652 inlier:0.408353
7.109,ros=1778663563.431608,level=20,name=hdl_global_localization.global_localization_node,msg=RANSAC : iteration:19604 matching_count:1966 error:0.150801 inlier:0.325986
7.110,ros=1778663563.431657,level=20,name=hdl_global_localization.global_localization_node,msg=RANSAC : iteration:19630 matching_count:1968 error:0.153766 inlier:0.784223
7.110,ros=1778663563.431667,level=20,name=hdl_global_localization.global_localization_node,msg=RANSAC : iteration:19630 matching_count:1968 error:0.155787 inlier:0.288863
7.110,ros=1778663563.431686,level=20,name=hdl_global_localization.global_localization_node,msg=RANSAC : iteration:19633 matching_count:1970 error:0.162894 inlier:0.456497
7.110,ros=1778663563.431695,level=20,name=hdl_global_localization.global_localization_node,msg=RANSAC : iteration:19633 matching_count:1970 error:0.158416 inlier:0.558585
7.111,ros=1778663563.431709,level=20,name=hdl_global_localization.global_localization_node,msg=RANSAC : iteration:19664 matching_count:1972 error:0.158115 inlier:0.667633
7.111,ros=1778663563.431751,level=20,name=hdl_global_localization.global_localization_node,msg=RANSAC : iteration:19672 matching_count:1973 error:0.160353 inlier:0.557425
7.111,ros=1778663563.431295,level=20,name=hdl_global_localization.global_localization_node,msg=RANSAC : iteration:19442 matching_count:1953 error:0.161639 inlier:0.491299
7.111,ros=1778663563.430919,level=20,name=hdl_global_localization.global_localization_node,msg=RANSAC : iteration:19331 matching_count:1945 error:0.160376 inlier:0.664153
7.112,ros=1778663563.430468,level=20,name=hdl_global_localization.global_localization_node,msg=RANSAC : iteration:19125 matching_count:1926 error:0.161241 inlier:0.330626
7.112,ros=1778663563.430903,level=20,name=hdl_global_localization.global_localization_node,msg=RANSAC : iteration:19320 matching_count:1944 error:0.1564 inlier:0.607309
7.112,ros=1778663563.431830,level=20,name=hdl_global_localization.global_localization_node,msg=RANSAC : iteration:19710 matching_count:1977 error:0.16453 inlier:0.481439
7.113,ros=1778663563.431573,level=20,name=hdl_global_localization.global_localization_node,msg=RANSAC : iteration:19561 matching_count:1964 error:0.157542 inlier:0.777842
7.113,ros=1778663563.428765,level=20,name=hdl_global_localization.global_localization_node,msg=RANSAC : iteration:18951 matching_count:1906 error:0.161062 inlier:0.569026
7.113,ros=1778663563.431759,level=20,name=hdl_global_localization.global_localization_node,msg=RANSAC : iteration:19672 matching_count:1973 error:0.157073 inlier:0.785963
7.113,ros=1778663563.431765,level=20,name=hdl_global_localization.global_localization_node,msg=RANSAC : iteration:19672 matching_count:1973 error:0.157685 inlier:0.802204
7.114,ros=1778663563.430400,level=20,name=hdl_global_localization.global_localization_node,msg=RANSAC : iteration:19112 matching_count:1926 error:0.163154 inlier:0.381671
7.114,ros=1778663563.431993,level=20,name=hdl_global_localization.global_localization_node,msg=RANSAC : iteration:19791 matching_count:1984 error:0.162046 inlier:0.459977
7.114,ros=1778663563.432020,level=20,name=hdl_global_localization.global_localization_node,msg=RANSAC : iteration:19805 matching_count:1985 error:0.159575 inlier:0.517401
7.114,ros=1778663563.432034,level=20,name=hdl_global_localization.global_localization_node,msg=RANSAC : iteration:19815 matching_count:1986 error:0.160077 inlier:0.37877
7.115,ros=1778663563.431789,level=20,name=hdl_global_localization.global_localization_node,msg=RANSAC : iteration:19695 matching_count:1974 error:0.163837 inlier:0.548724
7.115,ros=1778663563.432095,level=20,name=hdl_global_localization.global_localization_node,msg=RANSAC : iteration:19828 matching_count:1988 error:0.159273 inlier:0.468097
7.115,ros=1778663563.432110,level=20,name=hdl_global_localization.global_localization_node,msg=RANSAC : iteration:19830 matching_count:1989 error:0.162866 inlier:0.294664
7.115,ros=1778663563.432128,level=20,name=hdl_global_localization.global_localization_node,msg=RANSAC : iteration:19837 matching_count:1990 error:0.163192 inlier:0.423434
7.116,ros=1778663563.432148,level=20,name=hdl_global_localization.global_localization_node,msg=RANSAC : iteration:19851 matching_count:1991 error:0.153359 inlier:0.284803
7.116,ros=1778663563.432189,level=20,name=hdl_global_localization.global_localization_node,msg=RANSAC : iteration:19862 matching_count:1992 error:0.160491 inlier:0.465197
7.116,ros=1778663563.432200,level=20,name=hdl_global_localization.global_localization_node,msg=RANSAC : iteration:19868 matching_count:1992 error:0.160039 inlier:0.484919
7.116,ros=1778663563.432214,level=20,name=hdl_global_localization.global_localization_node,msg=RANSAC : iteration:19878 matching_count:1994 error:0.155474 inlier:0.535383
7.117,ros=1778663563.432244,level=20,name=hdl_global_localization.global_localization_node,msg=RANSAC : iteration:19884 matching_count:1995 error:0.162262 inlier:0.407773
7.117,ros=1778663563.431866,level=20,name=hdl_global_localization.global_localization_node,msg=RANSAC : iteration:19729 matching_count:1978 error:0.146874 inlier:0.530742
7.117,ros=1778663563.431889,level=20,name=hdl_global_localization.global_localization_node,msg=RANSAC : iteration:19731 matching_count:1978 error:0.162341 inlier:0.367749
7.118,ros=1778663563.431895,level=20,name=hdl_global_localization.global_localization_node,msg=RANSAC : iteration:19731 matching_count:1979 error:0.157074 inlier:0.712297
7.118,ros=1778663563.431912,level=20,name=hdl_global_localization.global_localization_node,msg=RANSAC : iteration:19732 matching_count:1980 error:0.155224 inlier:0.279002
7.118,ros=1778663563.432371,level=20,name=hdl_global_localization.global_localization_node,msg=RANSAC : iteration:19951 matching_count:1998 error:0.161785 inlier:0.594548
7.118,ros=1778663563.432427,level=20,name=hdl_global_localization.global_localization_node,msg=RANSAC : iteration:19964 matching_count:2001 error:0.15448 inlier:0.313805
7.119,ros=1778663563.432450,level=20,name=hdl_global_localization.global_localization_node,msg=RANSAC : iteration:19964 matching_count:2001 error:0.158493 inlier:0.326566
7.119,ros=1778663563.432466,level=20,name=hdl_global_localization.global_localization_node,msg=RANSAC : iteration:19964 matching_count:2001 error:0.157952 inlier:0.617749
7.119,ros=1778663563.431570,level=20,name=hdl_global_localization.global_localization_node,msg=RANSAC : iteration:19561 matching_count:1964 error:0.157124 inlier:0.144432
7.119,ros=1778663563.431359,level=20,name=hdl_global_localization.global_localization_node,msg=RANSAC : iteration:19444 matching_count:1953 error:0.156116 inlier:0.711717
7.120,ros=1778663563.432274,level=20,name=hdl_global_localization.global_localization_node,msg=RANSAC : iteration:19884 matching_count:1995 error:0.171318 inlier:0.288283
7.120,ros=1778663563.432299,level=20,name=hdl_global_localization.global_localization_node,msg=RANSAC : iteration:19912 matching_count:1997 error:0.160619 inlier:0.478538
7.120,ros=1778663563.432305,level=20,name=hdl_global_localization.global_localization_node,msg=RANSAC : iteration:19912 matching_count:1997 error:0.158438 inlier:0.411253
7.121,ros=1778663563.432308,level=20,name=hdl_global_localization.global_localization_node,msg=RANSAC : iteration:19912 matching_count:1997 error:0.16328 inlier:0.697216
7.121,ros=1778663563.431797,level=20,name=hdl_global_localization.global_localization_node,msg=RANSAC : iteration:19698 matching_count:1975 error:0.161358 inlier:0.350348
7.121,ros=1778663563.431864,level=20,name=hdl_global_localization.global_localization_node,msg=RANSAC : iteration:19729 matching_count:1978 error:0.158138 inlier:0.471578
7.121,ros=1778663563.432361,level=20,name=hdl_global_localization.global_localization_node,msg=RANSAC : iteration:19918 matching_count:1998 error:0.161026 inlier:0.525522
7.122,ros=1778663563.432458,level=20,name=hdl_global_localization.global_localization_node,msg=RANSAC : iteration:19964 matching_count:2001 error:0.157012 inlier:0.417633
7.122,ros=1778663563.432205,level=20,name=hdl_global_localization.global_localization_node,msg=RANSAC : iteration:19815 matching_count:1986 error:0.160559 inlier:0.272622
7.122,ros=1778663563.432034,level=20,name=hdl_global_localization.global_localization_node,msg=RANSAC : iteration:19815 matching_count:1986 error:0.161584 inlier:0.520882
7.123,ros=1778663563.436322,level=20,name=hdl_global_localization.global_localization_node,msg=RANSAC : iteration:19964 matching_count:2001 error:0.163244 inlier:0.538283
7.123,ros=1778663563.437234,level=20,name=HdlLocalizationNodelet,msg=Global localization candidates: returned=10 requested=10 fitness_threshold=0.12 min_margin=0.1 query_points=14648
7.123,ros=1778663563.448890,level=30,name=robot_realpose_publisher,msg=Failed to get TF map->base_footprint: Could not find a connection between 'map' and 'base_footprint' because they are not part of the same tree.Tf has two or more unconnected trees.
7.151,ros=1778663563.491203,level=20,name=HdlLocalizationNodelet,msg=Global localization candidate[0] trans=(-0.734502, -0.475944, 1.10081) error=0.161168 inlier=0.931555 ndt_converged=1 ndt_fitness=0.0289689
7.263,ros=1778663563.603214,level=20,name=HdlLocalizationNodelet,msg=Global localization candidate[1] trans=(-4.64745, 0.380362, -0.323327) error=0.152597 inlier=0.929234 ndt_converged=1 ndt_fitness=0.0881144
7.418,ros=1778663563.758444,level=20,name=HdlLocalizationNodelet,msg=Global localization candidate[2] trans=(6.92104, 9.28137, 0.119514) error=0.155893 inlier=0.921694 ndt_converged=1 ndt_fitness=0.264875
7.564,ros=1778663563.904908,level=20,name=HdlLocalizationNodelet,msg=Global localization candidate[3] trans=(5.62536, 8.66494, -0.0658187) error=0.150483 inlier=0.896752 ndt_converged=1 ndt_fitness=0.386631
7.656,ros=1778663563.994741,level=20,name=HdlLocalizationNodelet,msg=Global localization candidate[4] trans=(5.22905, 3.66331, 0.294923) error=0.174633 inlier=0.894432 ndt_converged=1 ndt_fitness=0.536024
7.708,ros=1778663564.048632,level=20,name=HdlLocalizationNodelet,msg=Global localization candidate[5] trans=(4.48385, 2.77202, 0.565182) error=0.157294 inlier=0.893271 ndt_converged=1 ndt_fitness=0.178141
7.800,ros=1778663564.139993,level=20,name=HdlLocalizationNodelet,msg=Global localization candidate[6] trans=(9.30203, 11.0434, 0.498844) error=0.163771 inlier=0.893271 ndt_converged=1 ndt_fitness=0.234307
7.901,ros=1778663564.240986,level=20,name=HdlLocalizationNodelet,msg=Global localization candidate[7] trans=(2.37393, 12.1496, 0.917987) error=0.161621 inlier=0.889791 ndt_converged=1 ndt_fitness=0.308111
8.057,ros=1778663564.397136,level=20,name=HdlLocalizationNodelet,msg=Global localization candidate[8] trans=(4.71999, 4.35074, 0.694696) error=0.154531 inlier=0.88109 ndt_converged=1 ndt_fitness=0.541122
8.187,ros=1778663564.525252,level=20,name=HdlLocalizationNodelet,msg=Global localization candidate[9] trans=(6.36898, 11.7279, -0.127562) error=0.160325 inlier=0.88109 ndt_converged=1 ndt_fitness=0.272853
8.187,ros=1778663564.525327,level=20,name=HdlLocalizationNodelet,msg=Best global localization candidate[0] fitness=0.0289689 error=0.161168 inlier=0.931555 accepted_candidates=2
8.187,ros=1778663564.525337,level=20,name=HdlLocalizationNodelet,msg=Second global localization candidate[1] fitness=0.0881144 margin=0.0591455
8.188,ros=1778663564.525343,level=30,name=HdlLocalizationNodelet,msg=reject global localization result: ambiguous fitness margin 0.0591455 < 0.1
8.188,ros=1778663564.525354,level=30,name=HdlLocalizationNodelet,msg=auto relocalize failed; call /relocalize after the scan is stable or set /initialpose manually
8.188,ros=1778663564.527826,level=30,name=HdlLocalizationNodelet,msg=waiting for initial pose input or global relocalization!!
8.193,ros=1778663564.533686,level=30,name=HdlLocalizationNodelet,msg=waiting for initial pose input or global relocalization!!
8.198,ros=1778663564.538729,level=30,name=HdlLocalizationNodelet,msg=waiting for initial pose input or global relocalization!!
8.205,ros=1778663564.545844,level=30,name=HdlLocalizationNodelet,msg=waiting for initial pose input or global relocalization!!
8.280,ros=1778663564.620039,level=30,name=HdlLocalizationNodelet,msg=waiting for initial pose input or global relocalization!!
8.386,ros=1778663564.726096,level=30,name=HdlLocalizationNodelet,msg=waiting for initial pose input or global relocalization!!
8.494,ros=1778663564.834660,level=30,name=HdlLocalizationNodelet,msg=waiting for initial pose input or global relocalization!!
8.583,ros=1778663564.916060,level=30,name=HdlLocalizationNodelet,msg=waiting for initial pose input or global relocalization!!
8.680,ros=1778663565.020790,level=30,name=HdlLocalizationNodelet,msg=waiting for initial pose input or global relocalization!!
8.793,ros=1778663565.127405,level=30,name=HdlLocalizationNodelet,msg=waiting for initial pose input or global relocalization!!
8.880,ros=1778663565.220722,level=30,name=HdlLocalizationNodelet,msg=waiting for initial pose input or global relocalization!!
8.973,ros=1778663565.313861,level=20,name=HdlLocalizationNodelet,msg=auto relocalize on start
8.981,ros=1778663565.321636,level=20,name=HdlLocalizationNodelet,msg=global localization height-filtered scan points: 14976 z=[0, inf]
8.982,ros=1778663565.322359,level=20,name=hdl_global_localization.global_localization_node,msg=Query Global Localization
8.982,ros=1778663565.322730,level=20,name=hdl_global_localization.global_localization_node,msg=Normal Estimation: Radius(1)
8.983,ros=1778663565.323961,level=20,name=hdl_global_localization.global_localization_node,msg=FPFH Extraction: Search Radius(3)
8.990,ros=1778663565.330413,level=30,name=HdlLocalizationNodelet,msg=waiting for initial pose input or global relocalization!!
9.002,ros=1778663565.342673,level=20,name=hdl_global_localization.global_localization_node,msg=RANSAC : Precompute Nearest Features
9.040,ros=1778663565.380485,level=20,name=hdl_global_localization.global_localization_node,msg=RANSAC : Main Loop
9.040,ros=1778663565.380913,level=20,name=hdl_global_localization.global_localization_node,msg=RANSAC : iteration:120 matching_count:12 error:0.164222 inlier:0.361653
9.041,ros=1778663565.380986,level=20,name=hdl_global_localization.global_localization_node,msg=RANSAC : iteration:165 matching_count:16 error:0.159316 inlier:0.404707
9.041,ros=1778663565.380914,level=20,name=hdl_global_localization.global_localization_node,msg=RANSAC : iteration:120 matching_count:12 error:0.16111 inlier:0.575775
9.041,ros=1778663565.380914,level=20,name=hdl_global_localization.global_localization_node,msg=RANSAC : iteration:120 matching_count:12 error:0.154943 inlier:0.311137
9.041,ros=1778663565.380914,level=20,name=hdl_global_localization.global_localization_node,msg=RANSAC : iteration:120 matching_count:12 error:0.17066 inlier:0.216418
9.042,ros=1778663565.380917,level=20,name=hdl_global_localization.global_localization_node,msg=RANSAC : iteration:120 matching_count:12 error:0.157674 inlier:0.655568
9.042,ros=1778663565.380922,level=20,name=hdl_global_localization.global_localization_node,msg=RANSAC : iteration:122 matching_count:12 error:0.154152 inlier:0.592997
9.042,ros=1778663565.380925,level=20,name=hdl_global_localization.global_localization_node,msg=RANSAC : iteration:127 matching_count:12 error:0.15831 inlier:0.32147
9.042,ros=1778663565.381013,level=20,name=hdl_global_localization.global_localization_node,msg=RANSAC : iteration:165 matching_count:16 error:0.157884 inlier:0.466705
9.043,ros=1778663565.381016,level=20,name=hdl_global_localization.global_localization_node,msg=RANSAC : iteration:165 matching_count:16 error:0.164313 inlier:0.857061
9.043,ros=1778663565.381018,level=20,name=hdl_global_localization.global_localization_node,msg=RANSAC : iteration:165 matching_count:16 error:0.161164 inlier:0.318599
9.043,ros=1778663565.381027,level=20,name=hdl_global_localization.global_localization_node,msg=RANSAC : iteration:167 matching_count:17 error:0.157932 inlier:0.76062
9.043,ros=1778663565.381027,level=20,name=hdl_global_localization.global_localization_node,msg=RANSAC : iteration:167 matching_count:17 error:0.159355 inlier:0.663605
9.044,ros=1778663565.380914,level=20,name=hdl_global_localization.global_localization_node,msg=RANSAC : iteration:120 matching_count:12 error:0.166345 inlier:0.0958668
9.044,ros=1778663565.381039,level=20,name=hdl_global_localization.global_localization_node,msg=RANSAC : iteration:176 matching_count:17 error:0.162764 inlier:0.515499
9.044,ros=1778663565.381115,level=20,name=hdl_global_localization.global_localization_node,msg=RANSAC : iteration:189 matching_count:19 error:0.161403 inlier:0.326636
9.044,ros=1778663565.381115,level=20,name=hdl_global_localization.global_localization_node,msg=RANSAC : iteration:189 matching_count:19 error:0.165069 inlier:0.337543
9.045,ros=1778663565.381131,level=20,name=hdl_global_localization.global_localization_node,msg=RANSAC : iteration:189 matching_count:19 error:0.153118 inlier:0.306544
9.045,ros=1778663565.381171,level=20,name=hdl_global_localization.global_localization_node,msg=RANSAC : iteration:189 matching_count:19 error:0.162936 inlier:0.0373134
9.045,ros=1778663565.381461,level=20,name=hdl_global_localization.global_localization_node,msg=RANSAC : iteration:221 matching_count:23 error:0.158307 inlier:0.420207
9.046,ros=1778663565.382059,level=20,name=hdl_global_localization.global_localization_node,msg=RANSAC : iteration:406 matching_count:40 error:0.160594 inlier:0.623421
9.047,ros=1778663565.382757,level=20,name=hdl_global_localization.global_localization_node,msg=RANSAC : iteration:541 matching_count:53 error:0.159425 inlier:0.259472
9.048,ros=1778663565.385456,level=20,name=hdl_global_localization.global_localization_node,msg=RANSAC : iteration:1096 matching_count:111 error:0.157219 inlier:0.54248
9.048,ros=1778663565.385520,level=20,name=hdl_global_localization.global_localization_node,msg=RANSAC : iteration:1097 matching_count:112 error:0.16057 inlier:0.510333
9.049,ros=1778663565.387198,level=20,name=hdl_global_localization.global_localization_node,msg=RANSAC : iteration:1745 matching_count:174 error:0.158245 inlier:0.69116
9.050,ros=1778663565.387460,level=20,name=hdl_global_localization.global_localization_node,msg=RANSAC : iteration:1891 matching_count:187 error:0.157253 inlier:0.478186
9.051,ros=1778663565.389573,level=20,name=hdl_global_localization.global_localization_node,msg=RANSAC : iteration:2466 matching_count:244 error:0.159664 inlier:0.522962
9.051,ros=1778663565.389894,level=20,name=hdl_global_localization.global_localization_node,msg=RANSAC : iteration:2629 matching_count:260 error:0.160349 inlier:0.560276
9.054,ros=1778663565.392351,level=20,name=hdl_global_localization.global_localization_node,msg=RANSAC : iteration:3710 matching_count:372 error:0.159269 inlier:0.442595
9.054,ros=1778663565.392960,level=20,name=hdl_global_localization.global_localization_node,msg=RANSAC : iteration:3909 matching_count:399 error:0.159069 inlier:0.508611
9.054,ros=1778663565.393052,level=20,name=hdl_global_localization.global_localization_node,msg=RANSAC : iteration:3930 matching_count:403 error:0.158276 inlier:0.301378
9.055,ros=1778663565.393439,level=20,name=hdl_global_localization.global_localization_node,msg=RANSAC : iteration:4210 matching_count:423 error:0.156794 inlier:0.392078
9.055,ros=1778663565.393063,level=20,name=hdl_global_localization.global_localization_node,msg=RANSAC : iteration:3930 matching_count:403 error:0.153653 inlier:0.314007
9.055,ros=1778663565.393747,level=20,name=hdl_global_localization.global_localization_node,msg=RANSAC : iteration:4348 matching_count:440 error:0.17124 inlier:0.782434
9.055,ros=1778663565.393335,level=20,name=hdl_global_localization.global_localization_node,msg=RANSAC : iteration:4118 matching_count:417 error:0.159431 inlier:0.785878
9.056,ros=1778663565.394455,level=20,name=hdl_global_localization.global_localization_node,msg=RANSAC : iteration:4742 matching_count:474 error:0.159106 inlier:0.443169
9.056,ros=1778663565.394981,level=20,name=hdl_global_localization.global_localization_node,msg=RANSAC : iteration:5007 matching_count:500 error:0.161102 inlier:0.419633
9.057,ros=1778663565.394856,level=20,name=hdl_global_localization.global_localization_node,msg=RANSAC : iteration:4996 matching_count:496 error:0.169257 inlier:0.626292
9.058,ros=1778663565.394581,level=20,name=hdl_global_localization.global_localization_node,msg=RANSAC : iteration:4818 matching_count:480 error:0.160129 inlier:0.599885
9.058,ros=1778663565.396248,level=20,name=hdl_global_localization.global_localization_node,msg=RANSAC : iteration:5691 matching_count:563 error:0.160213 inlier:0.168197
9.059,ros=1778663565.396285,level=20,name=hdl_global_localization.global_localization_node,msg=RANSAC : iteration:5701 matching_count:566 error:0.14199 inlier:0.366246
9.059,ros=1778663565.396437,level=20,name=hdl_global_localization.global_localization_node,msg=RANSAC : iteration:5797 matching_count:573 error:0.146087 inlier:0.722158
9.060,ros=1778663565.397025,level=20,name=hdl_global_localization.global_localization_node,msg=RANSAC : iteration:6185 matching_count:606 error:0.168197 inlier:0.792193
9.060,ros=1778663565.398683,level=20,name=hdl_global_localization.global_localization_node,msg=RANSAC : iteration:6502 matching_count:651 error:0.161815 inlier:0.644087
9.061,ros=1778663565.398275,level=20,name=hdl_global_localization.global_localization_node,msg=RANSAC : iteration:6466 matching_count:642 error:0.159877 inlier:0.804248
9.061,ros=1778663565.398136,level=20,name=hdl_global_localization.global_localization_node,msg=RANSAC : iteration:6454 matching_count:640 error:0.1637 inlier:0.361079
9.061,ros=1778663565.399218,level=20,name=hdl_global_localization.global_localization_node,msg=RANSAC : iteration:6667 matching_count:671 error:0.160758 inlier:0.594145
9.061,ros=1778663565.399262,level=20,name=hdl_global_localization.global_localization_node,msg=RANSAC : iteration:6688 matching_count:673 error:0.15973 inlier:0.463835
9.062,ros=1778663565.399586,level=20,name=hdl_global_localization.global_localization_node,msg=RANSAC : iteration:6753 matching_count:685 error:0.158119 inlier:0.745121
9.062,ros=1778663565.399606,level=20,name=hdl_global_localization.global_localization_node,msg=RANSAC : iteration:6759 matching_count:686 error:0.158329 inlier:0.448335
9.062,ros=1778663565.399877,level=20,name=hdl_global_localization.global_localization_node,msg=RANSAC : iteration:6893 matching_count:696 error:0.160887 inlier:0.299656
9.063,ros=1778663565.400196,level=20,name=hdl_global_localization.global_localization_node,msg=RANSAC : iteration:7013 matching_count:714 error:0.158442 inlier:0.626866
9.063,ros=1778663565.400552,level=20,name=hdl_global_localization.global_localization_node,msg=RANSAC : iteration:7223 matching_count:734 error:0.161972 inlier:0.677382
9.063,ros=1778663565.400428,level=20,name=hdl_global_localization.global_localization_node,msg=RANSAC : iteration:7166 matching_count:727 error:0.162318 inlier:0.253157
9.063,ros=1778663565.400739,level=20,name=hdl_global_localization.global_localization_node,msg=RANSAC : iteration:7368 matching_count:742 error:0.156348 inlier:0.385189
9.064,ros=1778663565.401095,level=20,name=hdl_global_localization.global_localization_node,msg=RANSAC : iteration:7496 matching_count:753 error:0.158635 inlier:0.583238
9.064,ros=1778663565.401377,level=20,name=hdl_global_localization.global_localization_node,msg=RANSAC : iteration:7580 matching_count:760 error:0.158303 inlier:0.225029
9.064,ros=1778663565.402463,level=20,name=hdl_global_localization.global_localization_node,msg=RANSAC : iteration:7867 matching_count:785 error:0.160459 inlier:0.206085
9.065,ros=1778663565.402665,level=20,name=hdl_global_localization.global_localization_node,msg=RANSAC : iteration:7904 matching_count:792 error:0.156502 inlier:0.336969
9.065,ros=1778663565.403120,level=20,name=hdl_global_localization.global_localization_node,msg=RANSAC : iteration:8056 matching_count:804 error:0.158516 inlier:0.362227
9.065,ros=1778663565.403539,level=20,name=hdl_global_localization.global_localization_node,msg=RANSAC : iteration:8248 matching_count:821 error:0.153866 inlier:0.336395
9.066,ros=1778663565.403747,level=20,name=hdl_global_localization.global_localization_node,msg=RANSAC : iteration:8377 matching_count:832 error:0.181711 inlier:0.881171
9.066,ros=1778663565.404115,level=20,name=hdl_global_localization.global_localization_node,msg=RANSAC : iteration:8478 matching_count:847 error:0.163657 inlier:0.200344
9.066,ros=1778663565.404166,level=20,name=hdl_global_localization.global_localization_node,msg=RANSAC : iteration:8517 matching_count:848 error:0.163065 inlier:0.499426
9.066,ros=1778663565.404746,level=20,name=hdl_global_localization.global_localization_node,msg=RANSAC : iteration:8745 matching_count:876 error:0.161893 inlier:0.795637
9.067,ros=1778663565.405464,level=20,name=hdl_global_localization.global_localization_node,msg=RANSAC : iteration:8996 matching_count:900 error:0.15716 inlier:0.508611
9.067,ros=1778663565.405594,level=20,name=hdl_global_localization.global_localization_node,msg=RANSAC : iteration:9094 matching_count:907 error:0.158939 inlier:0.756028
9.067,ros=1778663565.406054,level=20,name=hdl_global_localization.global_localization_node,msg=RANSAC : iteration:9288 matching_count:932 error:0.158705 inlier:0.244546
9.068,ros=1778663565.406255,level=20,name=hdl_global_localization.global_localization_node,msg=RANSAC : iteration:9345 matching_count:938 error:0.160951 inlier:0.594145
9.068,ros=1778663565.406762,level=20,name=hdl_global_localization.global_localization_node,msg=RANSAC : iteration:9555 matching_count:961 error:0.151542 inlier:0.74225
9.068,ros=1778663565.406973,level=20,name=hdl_global_localization.global_localization_node,msg=RANSAC : iteration:9787 matching_count:972 error:0.159723 inlier:0.288749
9.068,ros=1778663565.406780,level=20,name=hdl_global_localization.global_localization_node,msg=RANSAC : iteration:9623 matching_count:961 error:0.157003 inlier:0.689437
9.069,ros=1778663565.407144,level=20,name=hdl_global_localization.global_localization_node,msg=RANSAC : iteration:9929 matching_count:983 error:0.159977 inlier:0.505166
9.069,ros=1778663565.407000,level=20,name=hdl_global_localization.global_localization_node,msg=RANSAC : iteration:9817 matching_count:974 error:0.158775 inlier:0.452928
9.070,ros=1778663565.407171,level=20,name=hdl_global_localization.global_localization_node,msg=RANSAC : iteration:9941 matching_count:984 error:0.148163 inlier:0.0464983
9.070,ros=1778663565.407176,level=20,name=hdl_global_localization.global_localization_node,msg=RANSAC : iteration:9942 matching_count:985 error:0.158105 inlier:0.493111
9.070,ros=1778663565.407197,level=20,name=hdl_global_localization.global_localization_node,msg=RANSAC : iteration:9945 matching_count:986 error:0.156314 inlier:0.0120551
9.070,ros=1778663565.407049,level=20,name=hdl_global_localization.global_localization_node,msg=RANSAC : iteration:9845 matching_count:977 error:0.155268 inlier:0.258324
9.071,ros=1778663565.407224,level=20,name=hdl_global_localization.global_localization_node,msg=RANSAC : iteration:9971 matching_count:988 error:0.182543 inlier:0.339265
9.071,ros=1778663565.406410,level=20,name=hdl_global_localization.global_localization_node,msg=RANSAC : iteration:9393 matching_count:942 error:0.159657 inlier:0.653846
9.071,ros=1778663565.407235,level=20,name=hdl_global_localization.global_localization_node,msg=RANSAC : iteration:9994 matching_count:988 error:0.148235 inlier:0.247991
9.072,ros=1778663565.409296,level=20,name=hdl_global_localization.global_localization_node,msg=RANSAC : iteration:11029 matching_count:1082 error:0.156498 inlier:0.517222
9.072,ros=1778663565.409526,level=20,name=hdl_global_localization.global_localization_node,msg=RANSAC : iteration:11106 matching_count:1091 error:0.159325 inlier:0.54248
9.075,ros=1778663565.413573,level=20,name=hdl_global_localization.global_localization_node,msg=RANSAC : iteration:12445 matching_count:1246 error:0.159873 inlier:0.815729
9.076,ros=1778663565.414485,level=20,name=hdl_global_localization.global_localization_node,msg=RANSAC : iteration:12593 matching_count:1271 error:0.159132 inlier:0.396096
9.076,ros=1778663565.414768,level=20,name=hdl_global_localization.global_localization_node,msg=RANSAC : iteration:12662 matching_count:1280 error:0.164631 inlier:0.455798
9.076,ros=1778663565.414598,level=20,name=hdl_global_localization.global_localization_node,msg=RANSAC : iteration:12610 matching_count:1273 error:0.158449 inlier:0.677382
9.076,ros=1778663565.414449,level=20,name=hdl_global_localization.global_localization_node,msg=RANSAC : iteration:12591 matching_count:1269 error:0.162135 inlier:0.522962
9.077,ros=1778663565.414882,level=20,name=hdl_global_localization.global_localization_node,msg=RANSAC : iteration:12675 matching_count:1282 error:0.163523 inlier:0.540758
9.077,ros=1778663565.414924,level=20,name=hdl_global_localization.global_localization_node,msg=RANSAC : iteration:12698 matching_count:1285 error:0.157582 inlier:0.440873
9.077,ros=1778663565.415011,level=20,name=hdl_global_localization.global_localization_node,msg=RANSAC : iteration:12735 matching_count:1289 error:0.162487 inlier:0.610792
9.077,ros=1778663565.415211,level=20,name=hdl_global_localization.global_localization_node,msg=RANSAC : iteration:12810 matching_count:1297 error:0.207045 inlier:0.309414
9.077,ros=1778663565.415022,level=20,name=hdl_global_localization.global_localization_node,msg=RANSAC : iteration:12735 matching_count:1289 error:0.158931 inlier:0.768657
9.078,ros=1778663565.415037,level=20,name=hdl_global_localization.global_localization_node,msg=RANSAC : iteration:12735 matching_count:1289 error:0.179758 inlier:0.283008
9.078,ros=1778663565.415042,level=20,name=hdl_global_localization.global_localization_node,msg=RANSAC : iteration:12735 matching_count:1289 error:0.164227 inlier:0.508037
9.078,ros=1778663565.415291,level=20,name=hdl_global_localization.global_localization_node,msg=RANSAC : iteration:12833 matching_count:1301 error:0.16184 inlier:0.287026
9.078,ros=1778663565.414793,level=20,name=hdl_global_localization.global_localization_node,msg=RANSAC : iteration:12668 matching_count:1281 error:0.156693 inlier:0.419059
9.078,ros=1778663565.415181,level=20,name=hdl_global_localization.global_localization_node,msg=RANSAC : iteration:12801 matching_count:1295 error:0.151434 inlier:0.265212
9.078,ros=1778663565.415194,level=20,name=hdl_global_localization.global_localization_node,msg=RANSAC : iteration:12809 matching_count:1295 error:0.161337 inlier:0.385763
9.079,ros=1778663565.415020,level=20,name=hdl_global_localization.global_localization_node,msg=RANSAC : iteration:12735 matching_count:1289 error:0.161911 inlier:0.489093
9.079,ros=1778663565.415229,level=20,name=hdl_global_localization.global_localization_node,msg=RANSAC : iteration:12826 matching_count:1298 error:0.161771 inlier:0.333525
9.079,ros=1778663565.415235,level=20,name=hdl_global_localization.global_localization_node,msg=RANSAC : iteration:12826 matching_count:1299 error:0.159936 inlier:0.7124
9.079,ros=1778663565.415274,level=20,name=hdl_global_localization.global_localization_node,msg=RANSAC : iteration:12833 matching_count:1300 error:0.148143 inlier:0.114237
9.079,ros=1778663565.415291,level=20,name=hdl_global_localization.global_localization_node,msg=RANSAC : iteration:12833 matching_count:1301 error:0.158137 inlier:0.299656
9.080,ros=1778663565.415296,level=20,name=hdl_global_localization.global_localization_node,msg=RANSAC : iteration:12834 matching_count:1301 error:0.15879 inlier:0.142939
9.080,ros=1778663565.416223,level=20,name=hdl_global_localization.global_localization_node,msg=RANSAC : iteration:13316 matching_count:1349 error:0.152799 inlier:0.638921
9.080,ros=1778663565.416185,level=20,name=hdl_global_localization.global_localization_node,msg=RANSAC : iteration:13304 matching_count:1346 error:0.160448 inlier:0.631458
9.080,ros=1778663565.416449,level=20,name=hdl_global_localization.global_localization_node,msg=RANSAC : iteration:13376 matching_count:1363 error:0.156071 inlier:0.458668
9.080,ros=1778663565.416378,level=20,name=hdl_global_localization.global_localization_node,msg=RANSAC : iteration:13358 matching_count:1359 error:0.146989 inlier:0.138921
9.081,ros=1778663565.416999,level=20,name=hdl_global_localization.global_localization_node,msg=RANSAC : iteration:13586 matching_count:1386 error:0.184277 inlier:0.128588
9.081,ros=1778663565.417112,level=20,name=hdl_global_localization.global_localization_node,msg=RANSAC : iteration:13631 matching_count:1392 error:0.16034 inlier:0.523536
9.081,ros=1778663565.417473,level=20,name=hdl_global_localization.global_localization_node,msg=RANSAC : iteration:13720 matching_count:1402 error:0.156282 inlier:0.439724
9.081,ros=1778663565.416734,level=20,name=hdl_global_localization.global_localization_node,msg=RANSAC : iteration:13513 matching_count:1378 error:0.155381 inlier:0.490815
9.081,ros=1778663565.417140,level=20,name=hdl_global_localization.global_localization_node,msg=RANSAC : iteration:13632 matching_count:1393 error:0.161702 inlier:0.562572
9.082,ros=1778663565.418552,level=20,name=hdl_global_localization.global_localization_node,msg=RANSAC : iteration:13828 matching_count:1418 error:0.182979 inlier:0.428817
9.082,ros=1778663565.418994,level=20,name=hdl_global_localization.global_localization_node,msg=RANSAC : iteration:13913 matching_count:1426 error:0.161832 inlier:0.639495
9.082,ros=1778663565.419418,level=20,name=hdl_global_localization.global_localization_node,msg=RANSAC : iteration:14006 matching_count:1434 error:0.15847 inlier:0.254305
9.082,ros=1778663565.419708,level=20,name=hdl_global_localization.global_localization_node,msg=RANSAC : iteration:14079 matching_count:1439 error:0.158756 inlier:0.588404
9.082,ros=1778663565.420106,level=20,name=hdl_global_localization.global_localization_node,msg=RANSAC : iteration:14143 matching_count:1449 error:0.160371 inlier:0.229047
9.083,ros=1778663565.420666,level=20,name=hdl_global_localization.global_localization_node,msg=RANSAC : iteration:14224 matching_count:1459 error:0.162505 inlier:0.47302
9.083,ros=1778663565.420485,level=20,name=hdl_global_localization.global_localization_node,msg=RANSAC : iteration:14209 matching_count:1456 error:0.195302 inlier:0.766361
9.083,ros=1778663565.420362,level=20,name=hdl_global_localization.global_localization_node,msg=RANSAC : iteration:14198 matching_count:1453 error:0.153742 inlier:0.397245
9.083,ros=1778663565.421060,level=20,name=hdl_global_localization.global_localization_node,msg=RANSAC : iteration:14335 matching_count:1472 error:0.157339 inlier:0.619977
9.083,ros=1778663565.421602,level=20,name=hdl_global_localization.global_localization_node,msg=RANSAC : iteration:14487 matching_count:1491 error:0.166109 inlier:0.199196
9.084,ros=1778663565.421830,level=20,name=hdl_global_localization.global_localization_node,msg=RANSAC : iteration:14582 matching_count:1499 error:0.159989 inlier:0.723881
9.084,ros=1778663565.421153,level=20,name=hdl_global_localization.global_localization_node,msg=RANSAC : iteration:14357 matching_count:1476 error:0.156049 inlier:0.653846
9.084,ros=1778663565.421685,level=20,name=hdl_global_localization.global_localization_node,msg=RANSAC : iteration:14499 matching_count:1493 error:0.159144 inlier:0.505741
9.084,ros=1778663565.421597,level=20,name=hdl_global_localization.global_localization_node,msg=RANSAC : iteration:14487 matching_count:1491 error:0.155389 inlier:0.358209
9.084,ros=1778663565.421194,level=20,name=hdl_global_localization.global_localization_node,msg=RANSAC : iteration:14358 matching_count:1477 error:0.161052 inlier:0.401263
9.085,ros=1778663565.422489,level=20,name=hdl_global_localization.global_localization_node,msg=RANSAC : iteration:14743 matching_count:1522 error:0.159859 inlier:0.759472
9.085,ros=1778663565.422700,level=20,name=hdl_global_localization.global_localization_node,msg=RANSAC : iteration:14909 matching_count:1529 error:0.162042 inlier:0.561998
9.085,ros=1778663565.422590,level=20,name=hdl_global_localization.global_localization_node,msg=RANSAC : iteration:14845 matching_count:1524 error:0.158473 inlier:0.649254
9.085,ros=1778663565.422740,level=20,name=hdl_global_localization.global_localization_node,msg=RANSAC : iteration:14937 matching_count:1532 error:0.162002 inlier:0.26349
9.085,ros=1778663565.422846,level=20,name=hdl_global_localization.global_localization_node,msg=RANSAC : iteration:14954 matching_count:1534 error:0.157752 inlier:0.455798
9.086,ros=1778663565.423058,level=20,name=hdl_global_localization.global_localization_node,msg=RANSAC : iteration:15138 matching_count:1545 error:0.160195 inlier:0.386912
9.086,ros=1778663565.422950,level=20,name=hdl_global_localization.global_localization_node,msg=RANSAC : iteration:15055 matching_count:1540 error:0.165578 inlier:0.101607
9.086,ros=1778663565.423242,level=20,name=hdl_global_localization.global_localization_node,msg=RANSAC : iteration:15207 matching_count:1554 error:0.160966 inlier:0.895522
9.087,ros=1778663565.423778,level=20,name=hdl_global_localization.global_localization_node,msg=RANSAC : iteration:15512 matching_count:1580 error:0.161355 inlier:0.413318
9.087,ros=1778663565.423386,level=20,name=hdl_global_localization.global_localization_node,msg=RANSAC : iteration:15304 matching_count:1561 error:0.157209 inlier:0.276119
9.087,ros=1778663565.424144,level=20,name=hdl_global_localization.global_localization_node,msg=RANSAC : iteration:15622 matching_count:1592 error:0.158022 inlier:0.480482
9.087,ros=1778663565.424283,level=20,name=hdl_global_localization.global_localization_node,msg=RANSAC : iteration:15675 matching_count:1598 error:0.158824 inlier:0.447761
9.087,ros=1778663565.424163,level=20,name=hdl_global_localization.global_localization_node,msg=RANSAC : iteration:15624 matching_count:1593 error:0.157714 inlier:0.572331
9.088,ros=1778663565.424287,level=20,name=hdl_global_localization.global_localization_node,msg=RANSAC : iteration:15675 matching_count:1598 error:0.159265 inlier:0.650402
9.088,ros=1778663565.424914,level=20,name=hdl_global_localization.global_localization_node,msg=RANSAC : iteration:15902 matching_count:1612 error:0.157927 inlier:0.47302
9.088,ros=1778663565.423922,level=20,name=hdl_global_localization.global_localization_node,msg=RANSAC : iteration:15547 matching_count:1585 error:0.163106 inlier:0.556257
9.088,ros=1778663565.424298,level=20,name=hdl_global_localization.global_localization_node,msg=RANSAC : iteration:15675 matching_count:1598 error:0.159589 inlier:0.256028
9.088,ros=1778663565.425532,level=20,name=hdl_global_localization.global_localization_node,msg=RANSAC : iteration:16058 matching_count:1627 error:0.155836 inlier:0.43341
9.089,ros=1778663565.425411,level=20,name=hdl_global_localization.global_localization_node,msg=RANSAC : iteration:16002 matching_count:1623 error:0.162208 inlier:0.531573
9.089,ros=1778663565.425117,level=20,name=hdl_global_localization.global_localization_node,msg=RANSAC : iteration:15954 matching_count:1617 error:0.156482 inlier:0.223881
9.089,ros=1778663565.425565,level=20,name=hdl_global_localization.global_localization_node,msg=RANSAC : iteration:16071 matching_count:1629 error:0.155111 inlier:0.703215
9.089,ros=1778663565.426191,level=20,name=hdl_global_localization.global_localization_node,msg=RANSAC : iteration:16258 matching_count:1647 error:0.160055 inlier:0.789897
9.089,ros=1778663565.425953,level=20,name=hdl_global_localization.global_localization_node,msg=RANSAC : iteration:16144 matching_count:1639 error:0.161977 inlier:0.533295
9.090,ros=1778663565.426192,level=20,name=hdl_global_localization.global_localization_node,msg=RANSAC : iteration:16258 matching_count:1647 error:0.158959 inlier:0.514925
9.090,ros=1778663565.426595,level=20,name=hdl_global_localization.global_localization_node,msg=RANSAC : iteration:16366 matching_count:1656 error:0.144156 inlier:0.169346
9.090,ros=1778663565.427248,level=20,name=hdl_global_localization.global_localization_node,msg=RANSAC : iteration:16542 matching_count:1678 error:0.159162 inlier:0.497704
9.090,ros=1778663565.427746,level=20,name=hdl_global_localization.global_localization_node,msg=RANSAC : iteration:16692 matching_count:1690 error:0.160547 inlier:0.573479
9.091,ros=1778663565.427625,level=20,name=hdl_global_localization.global_localization_node,msg=RANSAC : iteration:16604 matching_count:1686 error:0.152177 inlier:0.48163
9.091,ros=1778663565.427995,level=20,name=hdl_global_localization.global_localization_node,msg=RANSAC : iteration:16742 matching_count:1697 error:0.164369 inlier:0.506315
9.091,ros=1778663565.428856,level=20,name=hdl_global_localization.global_localization_node,msg=RANSAC : iteration:16987 matching_count:1720 error:0.157337 inlier:0.390356
9.091,ros=1778663565.429209,level=20,name=hdl_global_localization.global_localization_node,msg=RANSAC : iteration:17134 matching_count:1729 error:0.163403 inlier:0.549369
9.092,ros=1778663565.428794,level=20,name=hdl_global_localization.global_localization_node,msg=RANSAC : iteration:16955 matching_count:1717 error:0.162236 inlier:0.492537
9.092,ros=1778663565.429516,level=20,name=hdl_global_localization.global_localization_node,msg=RANSAC : iteration:17210 matching_count:1737 error:0.162695 inlier:0.807118
9.092,ros=1778663565.430687,level=20,name=hdl_global_localization.global_localization_node,msg=RANSAC : iteration:17457 matching_count:1763 error:0.158578 inlier:0.365672
9.092,ros=1778663565.429391,level=20,name=hdl_global_localization.global_localization_node,msg=RANSAC : iteration:17165 matching_count:1733 error:0.158154 inlier:0.681975
9.092,ros=1778663565.431108,level=20,name=hdl_global_localization.global_localization_node,msg=RANSAC : iteration:17641 matching_count:1780 error:0.16429 inlier:0.37256
9.094,ros=1778663565.431183,level=20,name=hdl_global_localization.global_localization_node,msg=RANSAC : iteration:17659 matching_count:1784 error:0.155129 inlier:0.324914
9.094,ros=1778663565.431010,level=20,name=hdl_global_localization.global_localization_node,msg=RANSAC : iteration:17585 matching_count:1776 error:0.15829 inlier:0.322044
9.094,ros=1778663565.431360,level=20,name=hdl_global_localization.global_localization_node,msg=RANSAC : iteration:17714 matching_count:1792 error:0.16022 inlier:0.649254
9.095,ros=1778663565.431224,level=20,name=hdl_global_localization.global_localization_node,msg=RANSAC : iteration:17679 matching_count:1786 error:0.156865 inlier:0.723307
9.095,ros=1778663565.431249,level=20,name=hdl_global_localization.global_localization_node,msg=RANSAC : iteration:17684 matching_count:1787 error:0.15868 inlier:0.618829
9.095,ros=1778663565.430872,level=20,name=hdl_global_localization.global_localization_node,msg=RANSAC : iteration:17501 matching_count:1770 error:0.160762 inlier:0.226751
9.095,ros=1778663565.431441,level=20,name=hdl_global_localization.global_localization_node,msg=RANSAC : iteration:17751 matching_count:1796 error:0.160701 inlier:0.364524
9.095,ros=1778663565.431297,level=20,name=hdl_global_localization.global_localization_node,msg=RANSAC : iteration:17700 matching_count:1790 error:0.158143 inlier:0.498852
9.096,ros=1778663565.431195,level=20,name=hdl_global_localization.global_localization_node,msg=RANSAC : iteration:17661 matching_count:1785 error:0.15961 inlier:0.598737
9.096,ros=1778663565.431219,level=20,name=hdl_global_localization.global_localization_node,msg=RANSAC : iteration:17679 matching_count:1786 error:0.160847 inlier:0.521814
9.096,ros=1778663565.431362,level=20,name=hdl_global_localization.global_localization_node,msg=RANSAC : iteration:17714 matching_count:1793 error:0.16068 inlier:0.754879
9.096,ros=1778663565.430253,level=20,name=hdl_global_localization.global_localization_node,msg=RANSAC : iteration:17327 matching_count:1752 error:0.155666 inlier:0.358209
9.096,ros=1778663565.430798,level=20,name=hdl_global_localization.global_localization_node,msg=RANSAC : iteration:17483 matching_count:1768 error:0.155671 inlier:0.32147
9.096,ros=1778663565.430885,level=20,name=hdl_global_localization.global_localization_node,msg=RANSAC : iteration:17518 matching_count:1770 error:0.156882 inlier:0.812859
9.097,ros=1778663565.431391,level=20,name=hdl_global_localization.global_localization_node,msg=RANSAC : iteration:17733 matching_count:1794 error:0.158728 inlier:0.471297
9.097,ros=1778663565.431420,level=20,name=hdl_global_localization.global_localization_node,msg=RANSAC : iteration:17736 matching_count:1795 error:0.16156 inlier:0.217566
9.097,ros=1778663565.431488,level=20,name=hdl_global_localization.global_localization_node,msg=RANSAC : iteration:17775 matching_count:1799 error:0.154113 inlier:0.357635
9.097,ros=1778663565.431626,level=20,name=hdl_global_localization.global_localization_node,msg=RANSAC : iteration:17814 matching_count:1805 error:0.151852 inlier:0.173938
9.098,ros=1778663565.431757,level=20,name=hdl_global_localization.global_localization_node,msg=RANSAC : iteration:17873 matching_count:1812 error:0.159565 inlier:0.337543
9.098,ros=1778663565.431926,level=20,name=hdl_global_localization.global_localization_node,msg=RANSAC : iteration:17986 matching_count:1819 error:0.160393 inlier:0.467279
9.098,ros=1778663565.432221,level=20,name=hdl_global_localization.global_localization_node,msg=RANSAC : iteration:18118 matching_count:1834 error:0.162292 inlier:0.450631
9.098,ros=1778663565.431837,level=20,name=hdl_global_localization.global_localization_node,msg=RANSAC : iteration:17937 matching_count:1815 error:0.164932 inlier:0.813433
9.098,ros=1778663565.431934,level=20,name=hdl_global_localization.global_localization_node,msg=RANSAC : iteration:17994 matching_count:1820 error:0.16177 inlier:0.735362
9.098,ros=1778663565.432253,level=20,name=hdl_global_localization.global_localization_node,msg=RANSAC : iteration:18132 matching_count:1835 error:0.160183 inlier:0.420207
9.099,ros=1778663565.432362,level=20,name=hdl_global_localization.global_localization_node,msg=RANSAC : iteration:18183 matching_count:1840 error:0.151639 inlier:0.854191
9.099,ros=1778663565.432495,level=20,name=hdl_global_localization.global_localization_node,msg=RANSAC : iteration:18299 matching_count:1849 error:0.160971 inlier:0.706085
9.099,ros=1778663565.432901,level=20,name=hdl_global_localization.global_localization_node,msg=RANSAC : iteration:18535 matching_count:1869 error:0.159242 inlier:0.50287
9.099,ros=1778663565.434718,level=20,name=hdl_global_localization.global_localization_node,msg=RANSAC : iteration:18756 matching_count:1888 error:0.161728 inlier:0.784156
9.100,ros=1778663565.437578,level=20,name=hdl_global_localization.global_localization_node,msg=RANSAC : iteration:18901 matching_count:1902 error:0.160304 inlier:0.760046
9.100,ros=1778663565.438231,level=20,name=hdl_global_localization.global_localization_node,msg=RANSAC : iteration:19063 matching_count:1917 error:0.160398 inlier:0.601033
9.100,ros=1778663565.433141,level=20,name=hdl_global_localization.global_localization_node,msg=RANSAC : iteration:18620 matching_count:1876 error:0.16552 inlier:0.417336
9.100,ros=1778663565.438284,level=20,name=hdl_global_localization.global_localization_node,msg=RANSAC : iteration:19085 matching_count:1919 error:0.159232 inlier:0.67853
9.100,ros=1778663565.435360,level=20,name=hdl_global_localization.global_localization_node,msg=RANSAC : iteration:18784 matching_count:1892 error:0.162722 inlier:0.328932
9.101,ros=1778663565.437563,level=20,name=hdl_global_localization.global_localization_node,msg=RANSAC : iteration:18892 matching_count:1902 error:0.162231 inlier:0.666475
9.101,ros=1778663565.433317,level=20,name=hdl_global_localization.global_localization_node,msg=RANSAC : iteration:18690 matching_count:1881 error:0.161782 inlier:0.654994
9.101,ros=1778663565.434587,level=20,name=hdl_global_localization.global_localization_node,msg=RANSAC : iteration:18700 matching_count:1884 error:0.156701 inlier:0.498852
9.102,ros=1778663565.437981,level=20,name=hdl_global_localization.global_localization_node,msg=RANSAC : iteration:18974 matching_count:1909 error:0.164566 inlier:0.312859
9.102,ros=1778663565.438164,level=20,name=hdl_global_localization.global_localization_node,msg=RANSAC : iteration:19031 matching_count:1915 error:0.162835 inlier:0.778416
9.102,ros=1778663565.438495,level=20,name=hdl_global_localization.global_localization_node,msg=RANSAC : iteration:19151 matching_count:1926 error:0.156447 inlier:0.605626
9.102,ros=1778663565.438515,level=20,name=hdl_global_localization.global_localization_node,msg=RANSAC : iteration:19158 matching_count:1927 error:0.159682 inlier:0.704363
9.102,ros=1778663565.438560,level=20,name=hdl_global_localization.global_localization_node,msg=RANSAC : iteration:19183 matching_count:1928 error:0.160194 inlier:0.43628
9.103,ros=1778663565.438574,level=20,name=hdl_global_localization.global_localization_node,msg=RANSAC : iteration:19185 matching_count:1928 error:0.161652 inlier:0.462113
9.103,ros=1778663565.438602,level=20,name=hdl_global_localization.global_localization_node,msg=RANSAC : iteration:19210 matching_count:1929 error:0.17227 inlier:0.132606
9.103,ros=1778663565.438667,level=20,name=hdl_global_localization.global_localization_node,msg=RANSAC : iteration:19213 matching_count:1931 error:0.14806 inlier:0.788175
9.103,ros=1778663565.438703,level=20,name=hdl_global_localization.global_localization_node,msg=RANSAC : iteration:19234 matching_count:1932 error:0.159088 inlier:0.531573
9.103,ros=1778663565.438715,level=20,name=hdl_global_localization.global_localization_node,msg=RANSAC : iteration:19235 matching_count:1932 error:0.164047 inlier:0.390356
9.104,ros=1778663565.438294,level=20,name=hdl_global_localization.global_localization_node,msg=RANSAC : iteration:19085 matching_count:1919 error:0.166052 inlier:0.319173
9.104,ros=1778663565.438780,level=20,name=hdl_global_localization.global_localization_node,msg=RANSAC : iteration:19262 matching_count:1934 error:0.160444 inlier:0.495408
9.104,ros=1778663565.438339,level=20,name=hdl_global_localization.global_localization_node,msg=RANSAC : iteration:19097 matching_count:1921 error:0.163053 inlier:0.470723
9.104,ros=1778663565.438810,level=20,name=hdl_global_localization.global_localization_node,msg=RANSAC : iteration:19303 matching_count:1935 error:0.158029 inlier:0.700918
9.104,ros=1778663565.438832,level=20,name=hdl_global_localization.global_localization_node,msg=RANSAC : iteration:19333 matching_count:1937 error:0.159013 inlier:0.357061
9.105,ros=1778663565.438889,level=20,name=hdl_global_localization.global_localization_node,msg=RANSAC : iteration:19358 matching_count:1939 error:0.161847 inlier:0.799082
9.105,ros=1778663565.438907,level=20,name=hdl_global_localization.global_localization_node,msg=RANSAC : iteration:19359 matching_count:1940 error:0.154837 inlier:0.294489
9.105,ros=1778663565.438935,level=20,name=hdl_global_localization.global_localization_node,msg=RANSAC : iteration:19365 matching_count:1941 error:0.165162 inlier:0.620551
9.105,ros=1778663565.438949,level=20,name=hdl_global_localization.global_localization_node,msg=RANSAC : iteration:19372 matching_count:1942 error:0.162424 inlier:0.601033
9.105,ros=1778663565.438977,level=20,name=hdl_global_localization.global_localization_node,msg=RANSAC : iteration:19385 matching_count:1943 error:0.157744 inlier:0.351894
9.106,ros=1778663565.439019,level=20,name=hdl_global_localization.global_localization_node,msg=RANSAC : iteration:19394 matching_count:1944 error:0.161625 inlier:0.483927
9.106,ros=1778663565.439044,level=20,name=hdl_global_localization.global_localization_node,msg=RANSAC : iteration:19412 matching_count:1945 error:0.158256 inlier:0.464409
9.106,ros=1778663565.439055,level=20,name=hdl_global_localization.global_localization_node,msg=RANSAC : iteration:19428 matching_count:1945 error:0.160517 inlier:0.54248
9.106,ros=1778663565.439063,level=20,name=hdl_global_localization.global_localization_node,msg=RANSAC : iteration:19440 matching_count:1946 error:0.159622 inlier:0.674512
9.106,ros=1778663565.434822,level=20,name=hdl_global_localization.global_localization_node,msg=RANSAC : iteration:18770 matching_count:1890 error:0.159031 inlier:0.855339
9.107,ros=1778663565.439135,level=20,name=hdl_global_localization.global_localization_node,msg=RANSAC : iteration:19460 matching_count:1948 error:0.15106 inlier:0.351894
9.107,ros=1778663565.438402,level=20,name=hdl_global_localization.global_localization_node,msg=RANSAC : iteration:19103 matching_count:1923 error:0.157839 inlier:0.512629
9.107,ros=1778663565.439164,level=20,name=hdl_global_localization.global_localization_node,msg=RANSAC : iteration:19468 matching_count:1951 error:0.157775 inlier:0.514925
9.107,ros=1778663565.439243,level=20,name=hdl_global_localization.global_localization_node,msg=RANSAC : iteration:19469 matching_count:1952 error:0.158197 inlier:0.567738
9.107,ros=1778663565.439256,level=20,name=hdl_global_localization.global_localization_node,msg=RANSAC : iteration:19470 matching_count:1952 error:0.162228 inlier:0.424799
9.107,ros=1778663565.439279,level=20,name=hdl_global_localization.global_localization_node,msg=RANSAC : iteration:19471 matching_count:1953 error:0.163758 inlier:0.30023
9.108,ros=1778663565.439332,level=20,name=hdl_global_localization.global_localization_node,msg=RANSAC : iteration:19519 matching_count:1955 error:0.157927 inlier:0.617107
9.108,ros=1778663565.438286,level=20,name=hdl_global_localization.global_localization_node,msg=RANSAC : iteration:19085 matching_count:1919 error:0.163438 inlier:0.549943
9.108,ros=1778663565.439378,level=20,name=hdl_global_localization.global_localization_node,msg=RANSAC : iteration:19538 matching_count:1956 error:0.160952 inlier:0.19977
9.108,ros=1778663565.439405,level=20,name=hdl_global_localization.global_localization_node,msg=RANSAC : iteration:19555 matching_count:1958 error:0.159547 inlier:0.407577
9.108,ros=1778663565.439461,level=20,name=hdl_global_localization.global_localization_node,msg=RANSAC : iteration:19557 matching_count:1959 error:0.158881 inlier:0.462687
9.109,ros=1778663565.439471,level=20,name=hdl_global_localization.global_localization_node,msg=RANSAC : iteration:19557 matching_count:1959 error:0.16368 inlier:0.509185
9.109,ros=1778663565.439498,level=20,name=hdl_global_localization.global_localization_node,msg=RANSAC : iteration:19567 matching_count:1961 error:0.16117 inlier:0.691734
9.109,ros=1778663565.439511,level=20,name=hdl_global_localization.global_localization_node,msg=RANSAC : iteration:19568 matching_count:1961 error:0.157313 inlier:0.76349
9.109,ros=1778663565.439548,level=20,name=hdl_global_localization.global_localization_node,msg=RANSAC : iteration:19588 matching_count:1963 error:0.159287 inlier:0.496556
9.109,ros=1778663565.439588,level=20,name=hdl_global_localization.global_localization_node,msg=RANSAC : iteration:19602 matching_count:1964 error:0.160401 inlier:0.611366
9.110,ros=1778663565.439619,level=20,name=hdl_global_localization.global_localization_node,msg=RANSAC : iteration:19612 matching_count:1965 error:0.16142 inlier:0.459242
9.110,ros=1778663565.437550,level=20,name=hdl_global_localization.global_localization_node,msg=RANSAC : iteration:18888 matching_count:1901 error:0.159239 inlier:0.590126
9.110,ros=1778663565.437936,level=20,name=hdl_global_localization.global_localization_node,msg=RANSAC : iteration:18964 matching_count:1908 error:0.159031 inlier:0.187715
9.110,ros=1778663565.439695,level=20,name=hdl_global_localization.global_localization_node,msg=RANSAC : iteration:19629 matching_count:1968 error:0.161283 inlier:0.843284
9.110,ros=1778663565.439249,level=20,name=hdl_global_localization.global_localization_node,msg=RANSAC : iteration:19469 matching_count:1952 error:0.160918 inlier:0.575775
9.111,ros=1778663565.438371,level=20,name=hdl_global_localization.global_localization_node,msg=RANSAC : iteration:19097 matching_count:1921 error:0.167282 inlier:0.158439
9.111,ros=1778663565.434587,level=20,name=hdl_global_localization.global_localization_node,msg=RANSAC : iteration:18700 matching_count:1883 error:0.162024 inlier:0.716418
9.111,ros=1778663565.439333,level=20,name=hdl_global_localization.global_localization_node,msg=RANSAC : iteration:19519 matching_count:1955 error:0.157501 inlier:0.770953
9.111,ros=1778663565.439807,level=20,name=hdl_global_localization.global_localization_node,msg=RANSAC : iteration:19678 matching_count:1973 error:0.158695 inlier:0.704363
9.111,ros=1778663565.439831,level=20,name=hdl_global_localization.global_localization_node,msg=RANSAC : iteration:19679 matching_count:1974 error:0.161684 inlier:0.561424
9.111,ros=1778663565.439862,level=20,name=hdl_global_localization.global_localization_node,msg=RANSAC : iteration:19680 matching_count:1975 error:0.15622 inlier:0.243972
9.112,ros=1778663565.439628,level=20,name=hdl_global_localization.global_localization_node,msg=RANSAC : iteration:19612 matching_count:1965 error:0.158072 inlier:0.812859
9.112,ros=1778663565.438235,level=20,name=hdl_global_localization.global_localization_node,msg=RANSAC : iteration:19063 matching_count:1917 error:0.159721 inlier:0.360505
9.112,ros=1778663565.439133,level=20,name=hdl_global_localization.global_localization_node,msg=RANSAC : iteration:19460 matching_count:1948 error:0.15917 inlier:0.495982
9.112,ros=1778663565.439953,level=20,name=hdl_global_localization.global_localization_node,msg=RANSAC : iteration:19711 matching_count:1978 error:0.158918 inlier:0.427669
9.113,ros=1778663565.438707,level=20,name=hdl_global_localization.global_localization_node,msg=RANSAC : iteration:19234 matching_count:1932 error:0.158521 inlier:0.56085
9.113,ros=1778663565.439983,level=20,name=hdl_global_localization.global_localization_node,msg=RANSAC : iteration:19725 matching_count:1980 error:0.158575 inlier:0.530425
9.113,ros=1778663565.439151,level=20,name=hdl_global_localization.global_localization_node,msg=RANSAC : iteration:19467 matching_count:1950 error:0.161888 inlier:0.468427
9.113,ros=1778663565.439735,level=20,name=hdl_global_localization.global_localization_node,msg=RANSAC : iteration:19651 matching_count:1970 error:0.15622 inlier:0.310563
9.113,ros=1778663565.440033,level=20,name=hdl_global_localization.global_localization_node,msg=RANSAC : iteration:19752 matching_count:1983 error:0.169768 inlier:0.814007
9.113,ros=1778663565.440048,level=20,name=hdl_global_localization.global_localization_node,msg=RANSAC : iteration:19753 matching_count:1984 error:0.167091 inlier:0.454076
9.114,ros=1778663565.440078,level=20,name=hdl_global_localization.global_localization_node,msg=RANSAC : iteration:19765 matching_count:1986 error:0.15738 inlier:0.575775
9.114,ros=1778663565.439870,level=20,name=hdl_global_localization.global_localization_node,msg=RANSAC : iteration:19680 matching_count:1975 error:0.159963 inlier:0.325488
9.114,ros=1778663565.439932,level=20,name=hdl_global_localization.global_localization_node,msg=RANSAC : iteration:19711 matching_count:1977 error:0.161236 inlier:0.498278
9.114,ros=1778663565.438418,level=20,name=hdl_global_localization.global_localization_node,msg=RANSAC : iteration:19103 matching_count:1923 error:0.16281 inlier:0.282434
9.115,ros=1778663565.439976,level=20,name=hdl_global_localization.global_localization_node,msg=RANSAC : iteration:19725 matching_count:1980 error:0.158167 inlier:0.340413
9.115,ros=1778663565.439726,level=20,name=hdl_global_localization.global_localization_node,msg=RANSAC : iteration:19651 matching_count:1969 error:0.158064 inlier:0.353617
9.115,ros=1778663565.439742,level=20,name=hdl_global_localization.global_localization_node,msg=RANSAC : iteration:19651 matching_count:1970 error:0.161565 inlier:0.316877
9.115,ros=1778663565.440181,level=20,name=hdl_global_localization.global_localization_node,msg=RANSAC : iteration:19797 matching_count:1992 error:0.153817 inlier:0.343858
9.115,ros=1778663565.440205,level=20,name=hdl_global_localization.global_localization_node,msg=RANSAC : iteration:19812 matching_count:1994 error:0.169246 inlier:0.551665
9.116,ros=1778663565.440222,level=20,name=hdl_global_localization.global_localization_node,msg=RANSAC : iteration:19819 matching_count:1995 error:0.155174 inlier:0.423651
9.116,ros=1778663565.440094,level=20,name=hdl_global_localization.global_localization_node,msg=RANSAC : iteration:19772 matching_count:1986 error:0.163304 inlier:0.426521
9.116,ros=1778663565.440107,level=20,name=hdl_global_localization.global_localization_node,msg=RANSAC : iteration:19773 matching_count:1988 error:0.163884 inlier:0.580367
9.116,ros=1778663565.440273,level=20,name=hdl_global_localization.global_localization_node,msg=RANSAC : iteration:19838 matching_count:1997 error:0.159885 inlier:0.486223
9.116,ros=1778663565.440146,level=20,name=hdl_global_localization.global_localization_node,msg=RANSAC : iteration:19788 matching_count:1991 error:0.160912 inlier:0.561424
9.117,ros=1778663565.440290,level=20,name=hdl_global_localization.global_localization_node,msg=RANSAC : iteration:19848 matching_count:1999 error:0.157627 inlier:0.336969
9.117,ros=1778663565.439866,level=20,name=hdl_global_localization.global_localization_node,msg=RANSAC : iteration:19680 matching_count:1975 error:0.159817 inlier:0.525832
9.117,ros=1778663565.440183,level=20,name=hdl_global_localization.global_localization_node,msg=RANSAC : iteration:19800 matching_count:1992 error:0.166244 inlier:0.799656
9.118,ros=1778663565.439624,level=20,name=hdl_global_localization.global_localization_node,msg=RANSAC : iteration:19612 matching_count:1965 error:0.163376 inlier:0.640069
9.118,ros=1778663565.440361,level=20,name=hdl_global_localization.global_localization_node,msg=RANSAC : iteration:19864 matching_count:2001 error:0.161195 inlier:0.537313
9.118,ros=1778663565.440372,level=20,name=hdl_global_localization.global_localization_node,msg=RANSAC : iteration:19864 matching_count:2001 error:0.158186 inlier:0.297359
9.118,ros=1778663565.440377,level=20,name=hdl_global_localization.global_localization_node,msg=RANSAC : iteration:19864 matching_count:2001 error:0.160498 inlier:0.297359
9.118,ros=1778663565.440147,level=20,name=hdl_global_localization.global_localization_node,msg=RANSAC : iteration:19788 matching_count:1991 error:0.160214 inlier:0.659013
9.119,ros=1778663565.438614,level=20,name=hdl_global_localization.global_localization_node,msg=RANSAC : iteration:19210 matching_count:1930 error:0.154152 inlier:0.254879
9.120,ros=1778663565.440312,level=20,name=hdl_global_localization.global_localization_node,msg=RANSAC : iteration:19864 matching_count:2001 error:0.159226 inlier:0.665327
9.120,ros=1778663565.440223,level=20,name=hdl_global_localization.global_localization_node,msg=RANSAC : iteration:19819 matching_count:1995 error:0.1553 inlier:0.580941
9.120,ros=1778663565.440363,level=20,name=hdl_global_localization.global_localization_node,msg=RANSAC : iteration:19864 matching_count:2001 error:0.160328 inlier:0.442021
9.120,ros=1778663565.440084,level=20,name=hdl_global_localization.global_localization_node,msg=RANSAC : iteration:19765 matching_count:1986 error:0.159495 inlier:0.197474
9.121,ros=1778663565.440266,level=20,name=hdl_global_localization.global_localization_node,msg=RANSAC : iteration:19828 matching_count:1997 error:0.159168 inlier:0.436854
9.121,ros=1778663565.440111,level=20,name=hdl_global_localization.global_localization_node,msg=RANSAC : iteration:19773 matching_count:1988 error:0.159259 inlier:0.776119
9.121,ros=1778663565.440412,level=20,name=hdl_global_localization.global_localization_node,msg=RANSAC : iteration:19864 matching_count:2001 error:0.160858 inlier:0.593571
9.121,ros=1778663565.440300,level=20,name=hdl_global_localization.global_localization_node,msg=RANSAC : iteration:19860 matching_count:2000 error:0.161264 inlier:0.592423
9.121,ros=1778663565.442152,level=20,name=HdlLocalizationNodelet,msg=Global localization candidates: returned=10 requested=10 fitness_threshold=0.12 min_margin=0.1 query_points=14976
9.201,ros=1778663565.540859,level=30,name=robot_realpose_publisher,msg=Failed to get TF map->base_footprint: Could not find a connection between 'map' and 'base_footprint' because they are not part of the same tree.Tf has two or more unconnected trees.
9.267,ros=1778663565.608014,level=20,name=HdlLocalizationNodelet,msg=Global localization candidate[0] trans=(5.91831, 5.2673, -0.207397) error=0.154837 inlier=0.9093 ndt_converged=1 ndt_fitness=0.481359
9.417,ros=1778663565.757437,level=20,name=HdlLocalizationNodelet,msg=Global localization candidate[1] trans=(7.15473, 7.48766, 0.458147) error=0.162244 inlier=0.907003 ndt_converged=1 ndt_fitness=0.232469
9.575,ros=1778663565.913168,level=20,name=HdlLocalizationNodelet,msg=Global localization candidate[2] trans=(-3.09851, 5.69505, 0.213519) error=0.157314 inlier=0.906429 ndt_converged=1 ndt_fitness=0.104048
9.681,ros=1778663566.021267,level=20,name=HdlLocalizationNodelet,msg=Global localization candidate[3] trans=(3.01246, 4.68938, -0.121433) error=0.15659 inlier=0.905855 ndt_converged=1 ndt_fitness=0.215805
9.846,ros=1778663566.186538,level=20,name=HdlLocalizationNodelet,msg=Global localization candidate[4] trans=(-4.94969, -0.923558, 2.127) error=0.156745 inlier=0.901837 ndt_converged=1 ndt_fitness=0.0920076
9.938,ros=1778663566.278976,level=20,name=HdlLocalizationNodelet,msg=Global localization candidate[5] trans=(-5.24098, -0.178243, 0.654154) error=0.160966 inlier=0.895522 ndt_converged=1 ndt_fitness=0.103848
10.024,ros=1778663566.364385,level=20,name=HdlLocalizationNodelet,msg=Global localization candidate[6] trans=(5.47061, 10.0705, 0.230988) error=0.163426 inlier=0.893226 ndt_converged=1 ndt_fitness=0.373184
10.169,ros=1778663566.509699,level=20,name=HdlLocalizationNodelet,msg=Global localization candidate[7] trans=(4.93642, 6.16869, 0.103325) error=0.165446 inlier=0.892652 ndt_converged=1 ndt_fitness=0.640591
10.313,ros=1778663566.652904,level=20,name=HdlLocalizationNodelet,msg=Global localization candidate[8] trans=(-1.62034, 9.33867, 0.714479) error=0.170322 inlier=0.884615 ndt_converged=1 ndt_fitness=0.584144
10.471,ros=1778663566.811310,level=20,name=HdlLocalizationNodelet,msg=Global localization candidate[9] trans=(8.39865, 4.51334, 0.0110614) error=0.158869 inlier=0.883467 ndt_converged=1 ndt_fitness=0.259466
10.471,ros=1778663566.811431,level=20,name=HdlLocalizationNodelet,msg=Best global localization candidate[4] fitness=0.0920076 error=0.156745 inlier=0.901837 accepted_candidates=3
10.472,ros=1778663566.811445,level=20,name=HdlLocalizationNodelet,msg=Second global localization candidate[5] fitness=0.103848 margin=0.01184
10.472,ros=1778663566.811457,level=30,name=HdlLocalizationNodelet,msg=reject global localization result: ambiguous fitness margin 0.01184 < 0.1
10.472,ros=1778663566.811473,level=30,name=HdlLocalizationNodelet,msg=auto relocalize failed; call /relocalize after the scan is stable or set /initialpose manually
10.473,ros=1778663566.813874,level=30,name=HdlLocalizationNodelet,msg=waiting for initial pose input or global relocalization!!
10.478,ros=1778663566.819007,level=30,name=HdlLocalizationNodelet,msg=waiting for initial pose input or global relocalization!!
10.489,ros=1778663566.829413,level=30,name=HdlLocalizationNodelet,msg=waiting for initial pose input or global relocalization!!
10.494,ros=1778663566.834747,level=30,name=HdlLocalizationNodelet,msg=waiting for initial pose input or global relocalization!!
10.582,ros=1778663566.917948,level=30,name=HdlLocalizationNodelet,msg=waiting for initial pose input or global relocalization!!
10.687,ros=1778663567.027336,level=30,name=HdlLocalizationNodelet,msg=waiting for initial pose input or global relocalization!!
10.786,ros=1778663567.121028,level=30,name=HdlLocalizationNodelet,msg=waiting for initial pose input or global relocalization!!
10.902,ros=1778663567.242130,level=30,name=HdlLocalizationNodelet,msg=waiting for initial pose input or global relocalization!!
10.974,ros=1778663567.313822,level=20,name=HdlLocalizationNodelet,msg=auto relocalize on start
10.988,ros=1778663567.327588,level=20,name=hdl_global_localization.global_localization_node,msg=Query Global Localization
10.989,ros=1778663567.328037,level=20,name=hdl_global_localization.global_localization_node,msg=Normal Estimation: Radius(1)
10.990,ros=1778663567.328890,level=30,name=HdlLocalizationNodelet,msg=waiting for initial pose input or global relocalization!!
10.991,ros=1778663567.330134,level=20,name=hdl_global_localization.global_localization_node,msg=FPFH Extraction: Search Radius(3)
11.006,ros=1778663567.346186,level=20,name=hdl_global_localization.global_localization_node,msg=RANSAC : Precompute Nearest Features
11.055,ros=1778663567.395064,level=20,name=hdl_global_localization.global_localization_node,msg=RANSAC : Main Loop
11.055,ros=1778663567.395596,level=20,name=hdl_global_localization.global_localization_node,msg=RANSAC : iteration:69 matching_count:10 error:0.159593 inlier:0.694138
11.055,ros=1778663567.395645,level=20,name=hdl_global_localization.global_localization_node,msg=RANSAC : iteration:81 matching_count:12 error:0.158117 inlier:0.312826
11.056,ros=1778663567.395607,level=20,name=hdl_global_localization.global_localization_node,msg=RANSAC : iteration:70 matching_count:10 error:0.153118 inlier:0.526407
11.056,ros=1778663567.395610,level=20,name=hdl_global_localization.global_localization_node,msg=RANSAC : iteration:69 matching_count:10 error:0.157802 inlier:0.854324
11.056,ros=1778663567.395617,level=20,name=hdl_global_localization.global_localization_node,msg=RANSAC : iteration:74 matching_count:11 error:0.161484 inlier:0.0882182
11.056,ros=1778663567.395905,level=20,name=hdl_global_localization.global_localization_node,msg=RANSAC : iteration:133 matching_count:21 error:0.164769 inlier:0.240279
11.057,ros=1778663567.395934,level=20,name=hdl_global_localization.global_localization_node,msg=RANSAC : iteration:139 matching_count:21 error:0.160351 inlier:0.511898
11.057,ros=1778663567.395670,level=20,name=hdl_global_localization.global_localization_node,msg=RANSAC : iteration:94 matching_count:14 error:0.15803 inlier:0.57632
11.057,ros=1778663567.395687,level=20,name=hdl_global_localization.global_localization_node,msg=RANSAC : iteration:94 matching_count:14 error:0.157726 inlier:0.325015
11.058,ros=1778663567.395596,level=20,name=hdl_global_localization.global_localization_node,msg=RANSAC : iteration:69 matching_count:10 error:0.160812 inlier:0.832269
11.058,ros=1778663567.396045,level=20,name=hdl_global_localization.global_localization_node,msg=RANSAC : iteration:165 matching_count:26 error:0.158488 inlier:0.669762
11.058,ros=1778663567.395727,level=20,name=hdl_global_localization.global_localization_node,msg=RANSAC : iteration:94 matching_count:14 error:0.162344 inlier:0.60534
11.059,ros=1778663567.396053,level=20,name=hdl_global_localization.global_localization_node,msg=RANSAC : iteration:165 matching_count:26 error:0.165342 inlier:0.813697
11.059,ros=1778663567.396245,level=20,name=hdl_global_localization.global_localization_node,msg=RANSAC : iteration:219 matching_count:34 error:0.16249 inlier:0.850261
11.059,ros=1778663567.396741,level=20,name=hdl_global_localization.global_localization_node,msg=RANSAC : iteration:375 matching_count:46 error:0.172693 inlier:0.163088
11.060,ros=1778663567.396946,level=20,name=hdl_global_localization.global_localization_node,msg=RANSAC : iteration:437 matching_count:53 error:0.159759 inlier:0.710969
11.060,ros=1778663567.397166,level=20,name=hdl_global_localization.global_localization_node,msg=RANSAC : iteration:525 matching_count:60 error:0.165278 inlier:0.886825
11.060,ros=1778663567.397673,level=20,name=hdl_global_localization.global_localization_node,msg=RANSAC : iteration:699 matching_count:74 error:0.15539 inlier:0.488683
11.060,ros=1778663567.397687,level=20,name=hdl_global_localization.global_localization_node,msg=RANSAC : iteration:710 matching_count:75 error:0.157233 inlier:0.494486
11.061,ros=1778663567.397002,level=20,name=hdl_global_localization.global_localization_node,msg=RANSAC : iteration:467 matching_count:55 error:0.161955 inlier:0.508416
11.062,ros=1778663567.397741,level=20,name=hdl_global_localization.global_localization_node,msg=RANSAC : iteration:715 matching_count:77 error:0.160939 inlier:0.511898
11.062,ros=1778663567.397758,level=20,name=hdl_global_localization.global_localization_node,msg=RANSAC : iteration:767 matching_count:79 error:0.161172 inlier:0.539756
11.063,ros=1778663567.397805,level=20,name=hdl_global_localization.global_localization_node,msg=RANSAC : iteration:778 matching_count:80 error:0.159172 inlier:0.342426
11.063,ros=1778663567.397401,level=20,name=hdl_global_localization.global_localization_node,msg=RANSAC : iteration:645 matching_count:69 error:0.16339 inlier:0.515961
11.063,ros=1778663567.397858,level=20,name=hdl_global_localization.global_localization_node,msg=RANSAC : iteration:781 matching_count:81 error:0.156956 inlier:0.612885
11.063,ros=1778663567.397461,level=20,name=hdl_global_localization.global_localization_node,msg=RANSAC : iteration:645 matching_count:69 error:0.163 inlier:0.390598
11.064,ros=1778663567.397464,level=20,name=hdl_global_localization.global_localization_node,msg=RANSAC : iteration:645 matching_count:69 error:0.158564 inlier:0.512478
11.064,ros=1778663567.397468,level=20,name=hdl_global_localization.global_localization_node,msg=RANSAC : iteration:645 matching_count:69 error:0.161317 inlier:0.677307
11.064,ros=1778663567.397484,level=20,name=hdl_global_localization.global_localization_node,msg=RANSAC : iteration:645 matching_count:69 error:0.160119 inlier:0.431225
11.064,ros=1778663567.397161,level=20,name=hdl_global_localization.global_localization_node,msg=RANSAC : iteration:525 matching_count:60 error:0.156282 inlier:0.472432
11.065,ros=1778663567.397763,level=20,name=hdl_global_localization.global_localization_node,msg=RANSAC : iteration:767 matching_count:79 error:0.15736 inlier:0.598375
11.065,ros=1778663567.397078,level=20,name=hdl_global_localization.global_localization_node,msg=RANSAC : iteration:513 matching_count:58 error:0.161199 inlier:0.723157
11.065,ros=1778663567.396380,level=20,name=hdl_global_localization.global_localization_node,msg=RANSAC : iteration:230 matching_count:36 error:0.155528 inlier:0.405107
11.066,ros=1778663567.397955,level=20,name=hdl_global_localization.global_localization_node,msg=RANSAC : iteration:816 matching_count:83 error:0.157477 inlier:0.539176
11.066,ros=1778663567.398171,level=20,name=hdl_global_localization.global_localization_node,msg=RANSAC : iteration:872 matching_count:91 error:0.161803 inlier:0.556007
11.066,ros=1778663567.398341,level=20,name=hdl_global_localization.global_localization_node,msg=RANSAC : iteration:911 matching_count:95 error:0.157979 inlier:0.364481
11.066,ros=1778663567.398768,level=20,name=hdl_global_localization.global_localization_node,msg=RANSAC : iteration:1047 matching_count:109 error:0.15756 inlier:0.504933
11.067,ros=1778663567.398890,level=20,name=hdl_global_localization.global_localization_node,msg=RANSAC : iteration:1089 matching_count:115 error:0.155352 inlier:0.336622
11.067,ros=1778663567.399244,level=20,name=hdl_global_localization.global_localization_node,msg=RANSAC : iteration:1270 matching_count:126 error:0.160752 inlier:0.608241
11.067,ros=1778663567.399405,level=20,name=hdl_global_localization.global_localization_node,msg=RANSAC : iteration:1320 matching_count:134 error:0.161142 inlier:0.544399
11.068,ros=1778663567.399953,level=20,name=hdl_global_localization.global_localization_node,msg=RANSAC : iteration:1545 matching_count:151 error:0.163033 inlier:0.291933
11.068,ros=1778663567.400614,level=20,name=hdl_global_localization.global_localization_node,msg=RANSAC : iteration:1712 matching_count:171 error:0.159603 inlier:0.496228
11.068,ros=1778663567.400676,level=20,name=hdl_global_localization.global_localization_node,msg=RANSAC : iteration:1741 matching_count:174 error:0.162876 inlier:0.184562
11.069,ros=1778663567.405672,level=20,name=hdl_global_localization.global_localization_node,msg=RANSAC : iteration:1800 matching_count:183 error:0.158619 inlier:0.699362
11.069,ros=1778663567.405959,level=20,name=hdl_global_localization.global_localization_node,msg=RANSAC : iteration:1849 matching_count:191 error:0.158526 inlier:0.42484
11.069,ros=1778663567.406759,level=20,name=hdl_global_localization.global_localization_node,msg=RANSAC : iteration:1957 matching_count:206 error:0.161818 inlier:0.298897
11.069,ros=1778663567.406897,level=20,name=hdl_global_localization.global_localization_node,msg=RANSAC : iteration:2005 matching_count:209 error:0.166073 inlier:0.455601
11.070,ros=1778663567.407052,level=20,name=hdl_global_localization.global_localization_node,msg=RANSAC : iteration:2027 matching_count:215 error:0.161825 inlier:0.402205
11.070,ros=1778663567.407550,level=20,name=hdl_global_localization.global_localization_node,msg=RANSAC : iteration:2210 matching_count:230 error:0.151377 inlier:0.692397
11.070,ros=1778663567.407951,level=20,name=hdl_global_localization.global_localization_node,msg=RANSAC : iteration:2332 matching_count:244 error:0.162922 inlier:0.307023
11.071,ros=1778663567.408192,level=20,name=hdl_global_localization.global_localization_node,msg=RANSAC : iteration:2405 matching_count:255 error:0.160668 inlier:0.694719
11.071,ros=1778663567.408652,level=20,name=hdl_global_localization.global_localization_node,msg=RANSAC : iteration:2675 matching_count:278 error:0.161827 inlier:0.416715
11.071,ros=1778663567.409014,level=20,name=hdl_global_localization.global_localization_node,msg=RANSAC : iteration:2759 matching_count:287 error:0.164668 inlier:0.224608
11.071,ros=1778663567.408825,level=20,name=hdl_global_localization.global_localization_node,msg=RANSAC : iteration:2699 matching_count:282 error:0.158222 inlier:0.59083
11.072,ros=1778663567.409890,level=20,name=hdl_global_localization.global_localization_node,msg=RANSAC : iteration:2981 matching_count:317 error:0.154853 inlier:0.561811
11.072,ros=1778663567.410440,level=20,name=hdl_global_localization.global_localization_node,msg=RANSAC : iteration:3202 matching_count:336 error:0.160291 inlier:0.395241
11.073,ros=1778663567.410650,level=20,name=hdl_global_localization.global_localization_node,msg=RANSAC : iteration:3259 matching_count:344 error:0.158814 inlier:0.34881
11.073,ros=1778663567.411634,level=20,name=hdl_global_localization.global_localization_node,msg=RANSAC : iteration:3520 matching_count:376 error:0.16126 inlier:0.331399
11.073,ros=1778663567.412115,level=20,name=hdl_global_localization.global_localization_node,msg=RANSAC : iteration:3614 matching_count:392 error:0.159799 inlier:0.517702
11.074,ros=1778663567.412317,level=20,name=hdl_global_localization.global_localization_node,msg=RANSAC : iteration:3691 matching_count:400 error:0.161261 inlier:0.200813
11.074,ros=1778663567.412390,level=20,name=hdl_global_localization.global_localization_node,msg=RANSAC : iteration:3727 matching_count:403 error:0.159322 inlier:0.680789
11.074,ros=1778663567.412768,level=20,name=hdl_global_localization.global_localization_node,msg=RANSAC : iteration:3922 matching_count:425 error:0.162789 inlier:0.359837
11.075,ros=1778663567.412988,level=20,name=hdl_global_localization.global_localization_node,msg=RANSAC : iteration:4005 matching_count:436 error:0.162405 inlier:0.598955
11.075,ros=1778663567.413001,level=20,name=hdl_global_localization.global_localization_node,msg=RANSAC : iteration:4005 matching_count:437 error:0.161783 inlier:0.618688
11.078,ros=1778663567.415001,level=20,name=hdl_global_localization.global_localization_node,msg=RANSAC : iteration:4848 matching_count:530 error:0.158661 inlier:0.367382
11.078,ros=1778663567.416387,level=20,name=hdl_global_localization.global_localization_node,msg=RANSAC : iteration:5336 matching_count:580 error:0.163877 inlier:0.323273
11.079,ros=1778663567.416414,level=20,name=hdl_global_localization.global_localization_node,msg=RANSAC : iteration:5337 matching_count:580 error:0.158792 inlier:0.54498
11.079,ros=1778663567.417191,level=20,name=hdl_global_localization.global_localization_node,msg=RANSAC : iteration:5556 matching_count:606 error:0.162911 inlier:0.471271
11.079,ros=1778663567.417019,level=20,name=hdl_global_localization.global_localization_node,msg=RANSAC : iteration:5470 matching_count:598 error:0.154761 inlier:0.630296
11.080,ros=1778663567.416000,level=20,name=hdl_global_localization.global_localization_node,msg=RANSAC : iteration:5196 matching_count:568 error:0.162604 inlier:0.229251
11.081,ros=1778663567.417920,level=20,name=hdl_global_localization.global_localization_node,msg=RANSAC : iteration:5734 matching_count:628 error:0.168107 inlier:0.629135
11.081,ros=1778663567.417984,level=20,name=hdl_global_localization.global_localization_node,msg=RANSAC : iteration:5768 matching_count:632 error:0.161817 inlier:0.532792
11.081,ros=1778663567.417986,level=20,name=hdl_global_localization.global_localization_node,msg=RANSAC : iteration:5768 matching_count:632 error:0.165963 inlier:0.282066
11.082,ros=1778663567.418064,level=20,name=hdl_global_localization.global_localization_node,msg=RANSAC : iteration:5776 matching_count:632 error:0.162101 inlier:0.735345
11.082,ros=1778663567.418706,level=20,name=hdl_global_localization.global_localization_node,msg=RANSAC : iteration:6004 matching_count:658 error:0.162963 inlier:0.620429
11.083,ros=1778663567.418351,level=20,name=hdl_global_localization.global_localization_node,msg=RANSAC : iteration:5884 matching_count:644 error:0.162925 inlier:0.299478
11.083,ros=1778663567.419114,level=20,name=hdl_global_localization.global_localization_node,msg=RANSAC : iteration:6186 matching_count:674 error:0.161779 inlier:0.797446
11.083,ros=1778663567.419176,level=20,name=hdl_global_localization.global_localization_node,msg=RANSAC : iteration:6232 matching_count:678 error:0.159733 inlier:0.445734
11.083,ros=1778663567.419107,level=20,name=hdl_global_localization.global_localization_node,msg=RANSAC : iteration:6186 matching_count:674 error:0.159308 inlier:0.704585
11.084,ros=1778663567.418997,level=20,name=hdl_global_localization.global_localization_node,msg=RANSAC : iteration:6134 matching_count:668 error:0.160835 inlier:0.626814
11.084,ros=1778663567.419206,level=20,name=hdl_global_localization.global_localization_node,msg=RANSAC : iteration:6241 matching_count:680 error:0.159675 inlier:0.812536
11.084,ros=1778663567.419250,level=20,name=hdl_global_localization.global_localization_node,msg=RANSAC : iteration:6248 matching_count:681 error:0.156955 inlier:0.632037
11.085,ros=1778663567.419415,level=20,name=hdl_global_localization.global_localization_node,msg=RANSAC : iteration:6300 matching_count:686 error:0.161032 inlier:0.239698
11.086,ros=1778663567.420822,level=20,name=hdl_global_localization.global_localization_node,msg=RANSAC : iteration:6783 matching_count:736 error:0.160362 inlier:0.703424
11.086,ros=1778663567.420205,level=20,name=hdl_global_localization.global_localization_node,msg=RANSAC : iteration:6683 matching_count:715 error:0.159017 inlier:0.56065
11.086,ros=1778663567.423178,level=20,name=hdl_global_localization.global_localization_node,msg=RANSAC : iteration:7037 matching_count:763 error:0.157959 inlier:0.435868
11.087,ros=1778663567.423545,level=20,name=hdl_global_localization.global_localization_node,msg=RANSAC : iteration:7127 matching_count:770 error:0.161039 inlier:0.506094
11.087,ros=1778663567.424328,level=20,name=hdl_global_localization.global_localization_node,msg=RANSAC : iteration:7282 matching_count:782 error:0.162319 inlier:0.57574
11.087,ros=1778663567.423260,level=20,name=hdl_global_localization.global_localization_node,msg=RANSAC : iteration:7091 matching_count:766 error:0.161876 inlier:0.572258
11.088,ros=1778663567.425945,level=20,name=hdl_global_localization.global_localization_node,msg=RANSAC : iteration:7609 matching_count:814 error:0.152954 inlier:0.43877
11.088,ros=1778663567.426055,level=20,name=hdl_global_localization.global_localization_node,msg=RANSAC : iteration:7652 matching_count:819 error:0.164259 inlier:0.246082
11.088,ros=1778663567.426268,level=20,name=hdl_global_localization.global_localization_node,msg=RANSAC : iteration:7758 matching_count:828 error:0.151418 inlier:0.223447
11.089,ros=1778663567.426353,level=20,name=hdl_global_localization.global_localization_node,msg=RANSAC : iteration:7771 matching_count:831 error:0.160004 inlier:0.597795
11.089,ros=1778663567.426807,level=20,name=hdl_global_localization.global_localization_node,msg=RANSAC : iteration:7937 matching_count:848 error:0.157179 inlier:0.661056
11.089,ros=1778663567.427135,level=20,name=hdl_global_localization.global_localization_node,msg=RANSAC : iteration:8050 matching_count:861 error:0.1601 inlier:0.612885
11.090,ros=1778663567.427146,level=20,name=hdl_global_localization.global_localization_node,msg=RANSAC : iteration:8052 matching_count:861 error:0.159894 inlier:0.735926
11.090,ros=1778663567.427177,level=20,name=hdl_global_localization.global_localization_node,msg=RANSAC : iteration:8066 matching_count:863 error:0.161948 inlier:0.338944
11.090,ros=1778663567.427025,level=20,name=hdl_global_localization.global_localization_node,msg=RANSAC : iteration:8033 matching_count:857 error:0.161435 inlier:0.66686
11.090,ros=1778663567.427692,level=20,name=hdl_global_localization.global_localization_node,msg=RANSAC : iteration:8170 matching_count:878 error:0.163562 inlier:0.728381
11.091,ros=1778663567.428313,level=20,name=hdl_global_localization.global_localization_node,msg=RANSAC : iteration:8383 matching_count:896 error:0.161138 inlier:0.268137
11.091,ros=1778663567.428569,level=20,name=hdl_global_localization.global_localization_node,msg=RANSAC : iteration:8481 matching_count:904 error:0.162625 inlier:0.542078
11.091,ros=1778663567.429762,level=20,name=hdl_global_localization.global_localization_node,msg=RANSAC : iteration:8870 matching_count:945 error:0.157855 inlier:0.426582
11.091,ros=1778663567.429572,level=20,name=hdl_global_localization.global_localization_node,msg=RANSAC : iteration:8804 matching_count:940 error:0.164417 inlier:0.719675
11.092,ros=1778663567.430023,level=20,name=hdl_global_localization.global_localization_node,msg=RANSAC : iteration:9005 matching_count:957 error:0.160848 inlier:0.435287
11.092,ros=1778663567.429859,level=20,name=hdl_global_localization.global_localization_node,msg=RANSAC : iteration:8951 matching_count:948 error:0.161723 inlier:0.657574
11.092,ros=1778663567.430224,level=20,name=hdl_global_localization.global_localization_node,msg=RANSAC : iteration:9162 matching_count:968 error:0.159217 inlier:0.608822
11.092,ros=1778663567.430589,level=20,name=hdl_global_localization.global_localization_node,msg=RANSAC : iteration:9321 matching_count:985 error:0.164468 inlier:0.710389
11.093,ros=1778663567.431136,level=20,name=hdl_global_localization.global_localization_node,msg=RANSAC : iteration:9616 matching_count:1008 error:0.159499 inlier:0.489843
11.093,ros=1778663567.431200,level=20,name=hdl_global_localization.global_localization_node,msg=RANSAC : iteration:9656 matching_count:1011 error:0.159944 inlier:0.633198
11.093,ros=1778663567.431117,level=20,name=hdl_global_localization.global_localization_node,msg=RANSAC : iteration:9605 matching_count:1007 error:0.161655 inlier:0.50029
11.094,ros=1778663567.431573,level=20,name=hdl_global_localization.global_localization_node,msg=RANSAC : iteration:9816 matching_count:1033 error:0.155112 inlier:0.375508
11.094,ros=1778663567.431590,level=20,name=hdl_global_localization.global_localization_node,msg=RANSAC : iteration:9833 matching_count:1035 error:0.165965 inlier:0.366802
11.094,ros=1778663567.432214,level=20,name=hdl_global_localization.global_localization_node,msg=RANSAC : iteration:9975 matching_count:1051 error:0.164271 inlier:0.429483
11.094,ros=1778663567.431810,level=20,name=hdl_global_localization.global_localization_node,msg=RANSAC : iteration:9942 matching_count:1046 error:0.162856 inlier:0.380731
11.095,ros=1778663567.432431,level=20,name=hdl_global_localization.global_localization_node,msg=RANSAC : iteration:10047 matching_count:1059 error:0.158709 inlier:0.735345
11.095,ros=1778663567.433037,level=20,name=hdl_global_localization.global_localization_node,msg=RANSAC : iteration:10244 matching_count:1083 error:0.162201 inlier:0.513639
11.095,ros=1778663567.433245,level=20,name=hdl_global_localization.global_localization_node,msg=RANSAC : iteration:10373 matching_count:1095 error:0.157492 inlier:0.456181
11.095,ros=1778663567.433316,level=20,name=hdl_global_localization.global_localization_node,msg=RANSAC : iteration:10406 matching_count:1097 error:0.16076 inlier:0.754498
11.096,ros=1778663567.433891,level=20,name=hdl_global_localization.global_localization_node,msg=RANSAC : iteration:10621 matching_count:1119 error:0.172731 inlier:0.816599
11.096,ros=1778663567.434478,level=20,name=hdl_global_localization.global_localization_node,msg=RANSAC : iteration:10800 matching_count:1137 error:0.160333 inlier:0.689495
11.097,ros=1778663567.434480,level=20,name=hdl_global_localization.global_localization_node,msg=RANSAC : iteration:10800 matching_count:1137 error:0.160702 inlier:0.752176
11.097,ros=1778663567.434667,level=20,name=hdl_global_localization.global_localization_node,msg=RANSAC : iteration:10879 matching_count:1145 error:0.17414 inlier:0.533952
11.097,ros=1778663567.434686,level=20,name=hdl_global_localization.global_localization_node,msg=RANSAC : iteration:10879 matching_count:1145 error:0.163895 inlier:0.519443
11.098,ros=1778663567.435527,level=20,name=hdl_global_localization.global_localization_node,msg=RANSAC : iteration:11289 matching_count:1174 error:0.15941 inlier:0.664539
11.098,ros=1778663567.435290,level=20,name=hdl_global_localization.global_localization_node,msg=RANSAC : iteration:11133 matching_count:1164 error:0.16277 inlier:0.43935
11.098,ros=1778663567.435779,level=20,name=hdl_global_localization.global_localization_node,msg=RANSAC : iteration:11454 matching_count:1187 error:0.157758 inlier:0.614626
11.098,ros=1778663567.435805,level=20,name=hdl_global_localization.global_localization_node,msg=RANSAC : iteration:11479 matching_count:1189 error:0.162433 inlier:0.707487
11.099,ros=1778663567.435621,level=20,name=hdl_global_localization.global_localization_node,msg=RANSAC : iteration:11347 matching_count:1179 error:0.157037 inlier:0.369704
11.099,ros=1778663567.435863,level=20,name=hdl_global_localization.global_localization_node,msg=RANSAC : iteration:11505 matching_count:1191 error:0.194886 inlier:0.285548
11.099,ros=1778663567.435676,level=20,name=hdl_global_localization.global_localization_node,msg=RANSAC : iteration:11371 matching_count:1181 error:0.160147 inlier:0.717353
11.099,ros=1778663567.435682,level=20,name=hdl_global_localization.global_localization_node,msg=RANSAC : iteration:11371 matching_count:1182 error:0.164674 inlier:0.785839
11.099,ros=1778663567.435717,level=20,name=hdl_global_localization.global_localization_node,msg=RANSAC : iteration:11406 matching_count:1184 error:0.158906 inlier:0.632618
11.100,ros=1778663567.435768,level=20,name=hdl_global_localization.global_localization_node,msg=RANSAC : iteration:11453 matching_count:1187 error:0.159918 inlier:0.601857
11.100,ros=1778663567.435774,level=20,name=hdl_global_localization.global_localization_node,msg=RANSAC : iteration:11453 matching_count:1187 error:0.170684 inlier:0.239698
11.100,ros=1778663567.435552,level=20,name=hdl_global_localization.global_localization_node,msg=RANSAC : iteration:11324 matching_count:1176 error:0.160228 inlier:0.49971
11.100,ros=1778663567.435805,level=20,name=hdl_global_localization.global_localization_node,msg=RANSAC : iteration:11479 matching_count:1189 error:0.163485 inlier:0.498549
11.100,ros=1778663567.436145,level=20,name=hdl_global_localization.global_localization_node,msg=RANSAC : iteration:11582 matching_count:1203 error:0.159334 inlier:0.468369
11.101,ros=1778663567.435984,level=20,name=hdl_global_localization.global_localization_node,msg=RANSAC : iteration:11526 matching_count:1196 error:0.16155 inlier:0.65119
11.101,ros=1778663567.436058,level=20,name=hdl_global_localization.global_localization_node,msg=RANSAC : iteration:11556 matching_count:1199 error:0.159584 inlier:0.304701
11.101,ros=1778663567.436569,level=20,name=hdl_global_localization.global_localization_node,msg=RANSAC : iteration:11728 matching_count:1215 error:0.162936 inlier:0.598955
11.101,ros=1778663567.436346,level=20,name=hdl_global_localization.global_localization_node,msg=RANSAC : iteration:11659 matching_count:1208 error:0.157382 inlier:0.540337
11.101,ros=1778663567.436625,level=20,name=hdl_global_localization.global_localization_node,msg=RANSAC : iteration:11772 matching_count:1218 error:0.16401 inlier:0.340685
11.102,ros=1778663567.436631,level=20,name=hdl_global_localization.global_localization_node,msg=RANSAC : iteration:11772 matching_count:1218 error:0.158557 inlier:0.630296
11.102,ros=1778663567.436631,level=20,name=hdl_global_localization.global_localization_node,msg=RANSAC : iteration:11772 matching_count:1218 error:0.169294 inlier:0.426001
11.102,ros=1778663567.437012,level=20,name=hdl_global_localization.global_localization_node,msg=RANSAC : iteration:12022 matching_count:1234 error:0.156695 inlier:0.390598
11.102,ros=1778663567.437129,level=20,name=hdl_global_localization.global_localization_node,msg=RANSAC : iteration:12085 matching_count:1239 error:0.15978 inlier:0.223447
11.102,ros=1778663567.437073,level=20,name=hdl_global_localization.global_localization_node,msg=RANSAC : iteration:12059 matching_count:1237 error:0.161628 inlier:0.670923
11.103,ros=1778663567.438130,level=20,name=hdl_global_localization.global_localization_node,msg=RANSAC : iteration:12331 matching_count:1270 error:0.15771 inlier:0.248984
11.103,ros=1778663567.437676,level=20,name=hdl_global_localization.global_localization_node,msg=RANSAC : iteration:12220 matching_count:1258 error:0.158585 inlier:0.812536
11.103,ros=1778663567.438456,level=20,name=hdl_global_localization.global_localization_node,msg=RANSAC : iteration:12406 matching_count:1281 error:0.161593 inlier:0.601857
11.103,ros=1778663567.439109,level=20,name=hdl_global_localization.global_localization_node,msg=RANSAC : iteration:12463 matching_count:1289 error:0.16092 inlier:0.533372
11.104,ros=1778663567.439957,level=20,name=hdl_global_localization.global_localization_node,msg=RANSAC : iteration:12519 matching_count:1294 error:0.157382 inlier:0.118979
11.104,ros=1778663567.438558,level=20,name=hdl_global_localization.global_localization_node,msg=RANSAC : iteration:12430 matching_count:1284 error:0.162038 inlier:0.566454
11.104,ros=1778663567.438066,level=20,name=hdl_global_localization.global_localization_node,msg=RANSAC : iteration:12288 matching_count:1267 error:0.161811 inlier:0.437028
11.104,ros=1778663567.441484,level=20,name=hdl_global_localization.global_localization_node,msg=RANSAC : iteration:12666 matching_count:1309 error:0.167394 inlier:0.156703
11.104,ros=1778663567.441931,level=20,name=hdl_global_localization.global_localization_node,msg=RANSAC : iteration:12817 matching_count:1319 error:0.147274 inlier:0.822403
11.105,ros=1778663567.442525,level=20,name=hdl_global_localization.global_localization_node,msg=RANSAC : iteration:13118 matching_count:1340 error:0.159335 inlier:0.411492
11.105,ros=1778663567.442628,level=20,name=hdl_global_localization.global_localization_node,msg=RANSAC : iteration:13169 matching_count:1346 error:0.149562 inlier:0.40975
11.105,ros=1778663567.442656,level=20,name=hdl_global_localization.global_localization_node,msg=RANSAC : iteration:13175 matching_count:1347 error:0.160041 inlier:0.716193
11.105,ros=1778663567.443317,level=20,name=hdl_global_localization.global_localization_node,msg=RANSAC : iteration:13413 matching_count:1364 error:0.155395 inlier:0.53105
11.105,ros=1778663567.443214,level=20,name=hdl_global_localization.global_localization_node,msg=RANSAC : iteration:13379 matching_count:1361 error:0.155671 inlier:0.717353
11.106,ros=1778663567.443876,level=20,name=hdl_global_localization.global_localization_node,msg=RANSAC : iteration:13562 matching_count:1376 error:0.158657 inlier:0.172374
11.106,ros=1778663567.444247,level=20,name=hdl_global_localization.global_localization_node,msg=RANSAC : iteration:13653 matching_count:1389 error:0.158313 inlier:0.56065
11.106,ros=1778663567.444622,level=20,name=hdl_global_localization.global_localization_node,msg=RANSAC : iteration:13891 matching_count:1404 error:0.161739 inlier:0.482298
11.106,ros=1778663567.444287,level=20,name=hdl_global_localization.global_localization_node,msg=RANSAC : iteration:13653 matching_count:1389 error:0.16072 inlier:0.432966
11.106,ros=1778663567.444561,level=20,name=hdl_global_localization.global_localization_node,msg=RANSAC : iteration:13805 matching_count:1401 error:0.158771 inlier:0.464887
11.106,ros=1778663567.445098,level=20,name=hdl_global_localization.global_localization_node,msg=RANSAC : iteration:14141 matching_count:1424 error:0.156138 inlier:0.417295
11.107,ros=1778663567.445114,level=20,name=hdl_global_localization.global_localization_node,msg=RANSAC : iteration:14155 matching_count:1425 error:0.159701 inlier:0.635519
11.107,ros=1778663567.445446,level=20,name=hdl_global_localization.global_localization_node,msg=RANSAC : iteration:14313 matching_count:1441 error:0.160112 inlier:0.452699
11.107,ros=1778663567.445997,level=20,name=hdl_global_localization.global_localization_node,msg=RANSAC : iteration:14534 matching_count:1464 error:0.15985 inlier:0.481718
11.108,ros=1778663567.446208,level=20,name=hdl_global_localization.global_localization_node,msg=RANSAC : iteration:14616 matching_count:1477 error:0.159347 inlier:0.413813
11.108,ros=1778663567.446469,level=20,name=hdl_global_localization.global_localization_node,msg=RANSAC : iteration:14761 matching_count:1494 error:0.159554 inlier:0.814277
11.108,ros=1778663567.446519,level=20,name=hdl_global_localization.global_localization_node,msg=RANSAC : iteration:14794 matching_count:1497 error:0.159114 inlier:0.611143
11.108,ros=1778663567.446528,level=20,name=hdl_global_localization.global_localization_node,msg=RANSAC : iteration:14797 matching_count:1498 error:0.159299 inlier:0.702844
11.108,ros=1778663567.446060,level=20,name=hdl_global_localization.global_localization_node,msg=RANSAC : iteration:14550 matching_count:1468 error:0.160537 inlier:0.208358
11.109,ros=1778663567.446856,level=20,name=hdl_global_localization.global_localization_node,msg=RANSAC : iteration:14943 matching_count:1510 error:0.161247 inlier:0.81776
11.109,ros=1778663567.446640,level=20,name=hdl_global_localization.global_localization_node,msg=RANSAC : iteration:14866 matching_count:1503 error:0.160542 inlier:0.764945
11.109,ros=1778663567.446857,level=20,name=hdl_global_localization.global_localization_node,msg=RANSAC : iteration:14948 matching_count:1510 error:0.163669 inlier:0.412652
11.109,ros=1778663567.446607,level=20,name=hdl_global_localization.global_localization_node,msg=RANSAC : iteration:14866 matching_count:1503 error:0.160912 inlier:0.604759
11.109,ros=1778663567.447109,level=20,name=hdl_global_localization.global_localization_node,msg=RANSAC : iteration:15096 matching_count:1525 error:0.151264 inlier:0.907719
11.110,ros=1778663567.447205,level=20,name=hdl_global_localization.global_localization_node,msg=RANSAC : iteration:15125 matching_count:1527 error:0.157647 inlier:0.699942
11.110,ros=1778663567.447250,level=20,name=hdl_global_localization.global_localization_node,msg=RANSAC : iteration:15159 matching_count:1530 error:0.161871 inlier:0.543239
11.110,ros=1778663567.447150,level=20,name=hdl_global_localization.global_localization_node,msg=RANSAC : iteration:15098 matching_count:1526 error:0.159436 inlier:0.377249
11.110,ros=1778663567.446980,level=20,name=hdl_global_localization.global_localization_node,msg=RANSAC : iteration:15023 matching_count:1517 error:0.159561 inlier:0.482298
11.110,ros=1778663567.447497,level=20,name=hdl_global_localization.global_localization_node,msg=RANSAC : iteration:15269 matching_count:1543 error:0.163315 inlier:0.836912
11.111,ros=1778663567.447509,level=20,name=hdl_global_localization.global_localization_node,msg=RANSAC : iteration:15282 matching_count:1544 error:0.161763 inlier:0.705165
11.111,ros=1778663567.447430,level=20,name=hdl_global_localization.global_localization_node,msg=RANSAC : iteration:15241 matching_count:1540 error:0.155107 inlier:0.123041
11.111,ros=1778663567.447155,level=20,name=hdl_global_localization.global_localization_node,msg=RANSAC : iteration:15098 matching_count:1526 error:0.160392 inlier:0.846779
11.111,ros=1778663567.447563,level=20,name=hdl_global_localization.global_localization_node,msg=RANSAC : iteration:15301 matching_count:1548 error:0.160089 inlier:0.477075
11.111,ros=1778663567.447376,level=20,name=hdl_global_localization.global_localization_node,msg=RANSAC : iteration:15219 matching_count:1537 error:0.157874 inlier:0.208938
11.112,ros=1778663567.447321,level=20,name=hdl_global_localization.global_localization_node,msg=RANSAC : iteration:15187 matching_count:1534 error:0.15633 inlier:0.526407
11.112,ros=1778663567.447931,level=20,name=hdl_global_localization.global_localization_node,msg=RANSAC : iteration:15460 matching_count:1561 error:0.157973 inlier:0.414393
11.112,ros=1778663567.447953,level=20,name=hdl_global_localization.global_localization_node,msg=RANSAC : iteration:15489 matching_count:1563 error:0.164039 inlier:0.453279
11.112,ros=1778663567.447954,level=20,name=hdl_global_localization.global_localization_node,msg=RANSAC : iteration:15489 matching_count:1563 error:0.16336 inlier:0.526988
11.113,ros=1778663567.447997,level=20,name=hdl_global_localization.global_localization_node,msg=RANSAC : iteration:15516 matching_count:1565 error:0.156535 inlier:0.542658
11.113,ros=1778663567.448119,level=20,name=hdl_global_localization.global_localization_node,msg=RANSAC : iteration:15567 matching_count:1570 error:0.160057 inlier:0.838073
11.114,ros=1778663567.448880,level=20,name=hdl_global_localization.global_localization_node,msg=RANSAC : iteration:15839 matching_count:1601 error:0.154503 inlier:0.388276
11.114,ros=1778663567.449345,level=20,name=hdl_global_localization.global_localization_node,msg=RANSAC : iteration:15890 matching_count:1610 error:0.15779 inlier:0.352873
11.114,ros=1778663567.449793,level=20,name=hdl_global_localization.global_localization_node,msg=RANSAC : iteration:16021 matching_count:1618 error:0.157926 inlier:0.474753
11.114,ros=1778663567.448649,level=20,name=hdl_global_localization.global_localization_node,msg=RANSAC : iteration:15802 matching_count:1595 error:0.16397 inlier:0.504933
11.115,ros=1778663567.448447,level=20,name=hdl_global_localization.global_localization_node,msg=RANSAC : iteration:15747 matching_count:1589 error:0.158245 inlier:0.405107
11.115,ros=1778663567.450993,level=20,name=hdl_global_localization.global_localization_node,msg=RANSAC : iteration:16230 matching_count:1641 error:0.160377 inlier:0.722577
11.120,ros=1778663567.455595,level=20,name=hdl_global_localization.global_localization_node,msg=RANSAC : iteration:17291 matching_count:1735 error:0.145687 inlier:0.270459
11.120,ros=1778663567.456345,level=20,name=hdl_global_localization.global_localization_node,msg=RANSAC : iteration:17406 matching_count:1755 error:0.163167 inlier:0.614626
11.120,ros=1778663567.456104,level=20,name=hdl_global_localization.global_localization_node,msg=RANSAC : iteration:17379 matching_count:1748 error:0.159546 inlier:0.349391
11.121,ros=1778663567.456880,level=20,name=hdl_global_localization.global_localization_node,msg=RANSAC : iteration:17551 matching_count:1768 error:0.156762 inlier:0.420778
11.121,ros=1778663567.456187,level=20,name=hdl_global_localization.global_localization_node,msg=RANSAC : iteration:17389 matching_count:1752 error:0.160645 inlier:0.662217
11.121,ros=1778663567.457115,level=20,name=hdl_global_localization.global_localization_node,msg=RANSAC : iteration:17603 matching_count:1776 error:0.151166 inlier:0.477655
11.121,ros=1778663567.457183,level=20,name=hdl_global_localization.global_localization_node,msg=RANSAC : iteration:17603 matching_count:1776 error:0.171385 inlier:0.557168
11.121,ros=1778663567.456573,level=20,name=hdl_global_localization.global_localization_node,msg=RANSAC : iteration:17471 matching_count:1762 error:0.158888 inlier:0.284388
11.122,ros=1778663567.458034,level=20,name=hdl_global_localization.global_localization_node,msg=RANSAC : iteration:17694 matching_count:1786 error:0.161373 inlier:0.357516
11.122,ros=1778663567.457696,level=20,name=hdl_global_localization.global_localization_node,msg=RANSAC : iteration:17644 matching_count:1782 error:0.159233 inlier:0.441672
11.122,ros=1778663567.459116,level=20,name=hdl_global_localization.global_localization_node,msg=RANSAC : iteration:17924 matching_count:1811 error:0.160576 inlier:0.388276
11.122,ros=1778663567.458730,level=20,name=hdl_global_localization.global_localization_node,msg=RANSAC : iteration:17858 matching_count:1804 error:0.15956 inlier:0.582124
11.123,ros=1778663567.459730,level=20,name=hdl_global_localization.global_localization_node,msg=RANSAC : iteration:18088 matching_count:1830 error:0.157975 inlier:0.380731
11.123,ros=1778663567.459615,level=20,name=hdl_global_localization.global_localization_node,msg=RANSAC : iteration:18071 matching_count:1825 error:0.154759 inlier:0.59083
11.123,ros=1778663567.459743,level=20,name=hdl_global_localization.global_localization_node,msg=RANSAC : iteration:18095 matching_count:1830 error:0.160524 inlier:0.403947
11.123,ros=1778663567.460185,level=20,name=hdl_global_localization.global_localization_node,msg=RANSAC : iteration:18167 matching_count:1843 error:0.160777 inlier:0.526407
11.123,ros=1778663567.461187,level=20,name=hdl_global_localization.global_localization_node,msg=RANSAC : iteration:18363 matching_count:1865 error:0.161245 inlier:0.347069
11.124,ros=1778663567.461271,level=20,name=hdl_global_localization.global_localization_node,msg=RANSAC : iteration:18402 matching_count:1867 error:0.147241 inlier:0.797446
11.124,ros=1778663567.461516,level=20,name=hdl_global_localization.global_localization_node,msg=RANSAC : iteration:18466 matching_count:1874 error:0.163604 inlier:0.589669
11.124,ros=1778663567.462272,level=20,name=hdl_global_localization.global_localization_node,msg=RANSAC : iteration:18698 matching_count:1897 error:0.161342 inlier:0.611724
11.124,ros=1778663567.462204,level=20,name=hdl_global_localization.global_localization_node,msg=RANSAC : iteration:18678 matching_count:1897 error:0.159864 inlier:0.799187
11.124,ros=1778663567.463055,level=20,name=hdl_global_localization.global_localization_node,msg=RANSAC : iteration:18829 matching_count:1915 error:0.160784 inlier:0.487522
11.125,ros=1778663567.462729,level=20,name=hdl_global_localization.global_localization_node,msg=RANSAC : iteration:18781 matching_count:1908 error:0.161865 inlier:0.266976
11.125,ros=1778663567.462773,level=20,name=hdl_global_localization.global_localization_node,msg=RANSAC : iteration:18788 matching_count:1909 error:0.158865 inlier:0.740569
11.125,ros=1778663567.461987,level=20,name=hdl_global_localization.global_localization_node,msg=RANSAC : iteration:18644 matching_count:1893 error:0.159287 inlier:0.42368
11.126,ros=1778663567.462795,level=20,name=hdl_global_localization.global_localization_node,msg=RANSAC : iteration:18788 matching_count:1909 error:0.155556 inlier:0.407429
11.126,ros=1778663567.461973,level=20,name=hdl_global_localization.global_localization_node,msg=RANSAC : iteration:18644 matching_count:1893 error:0.155475 inlier:0.327916
11.126,ros=1778663567.462834,level=20,name=hdl_global_localization.global_localization_node,msg=RANSAC : iteration:18788 matching_count:1909 error:0.166956 inlier:0.304121
11.127,ros=1778663567.463239,level=20,name=hdl_global_localization.global_localization_node,msg=RANSAC : iteration:18928 matching_count:1923 error:0.160698 inlier:0.771329
11.127,ros=1778663567.463261,level=20,name=hdl_global_localization.global_localization_node,msg=RANSAC : iteration:18947 matching_count:1924 error:0.157969 inlier:0.540917
11.127,ros=1778663567.463280,level=20,name=hdl_global_localization.global_localization_node,msg=RANSAC : iteration:18953 matching_count:1925 error:0.159513 inlier:0.720836
11.127,ros=1778663567.462931,level=20,name=hdl_global_localization.global_localization_node,msg=RANSAC : iteration:18796 matching_count:1911 error:0.158325 inlier:0.581544
11.127,ros=1778663567.463036,level=20,name=hdl_global_localization.global_localization_node,msg=RANSAC : iteration:18829 matching_count:1915 error:0.160522 inlier:0.525827
11.128,ros=1778663567.462677,level=20,name=hdl_global_localization.global_localization_node,msg=RANSAC : iteration:18762 matching_count:1905 error:0.160428 inlier:0.328497
11.128,ros=1778663567.463087,level=20,name=hdl_global_localization.global_localization_node,msg=RANSAC : iteration:18869 matching_count:1917 error:0.163759 inlier:0.744051
11.128,ros=1778663567.463387,level=20,name=hdl_global_localization.global_localization_node,msg=RANSAC : iteration:18980 matching_count:1929 error:0.161854 inlier:0.403947
11.128,ros=1778663567.463121,level=20,name=hdl_global_localization.global_localization_node,msg=RANSAC : iteration:18888 matching_count:1919 error:0.160118 inlier:0.564132
11.128,ros=1778663567.463172,level=20,name=hdl_global_localization.global_localization_node,msg=RANSAC : iteration:18900 matching_count:1921 error:0.15827 inlier:0.6361
11.129,ros=1778663567.463184,level=20,name=hdl_global_localization.global_localization_node,msg=RANSAC : iteration:18900 matching_count:1921 error:0.161759 inlier:0.304701
11.129,ros=1778663567.463187,level=20,name=hdl_global_localization.global_localization_node,msg=RANSAC : iteration:18900 matching_count:1921 error:0.159443 inlier:0.417295
11.129,ros=1778663567.463197,level=20,name=hdl_global_localization.global_localization_node,msg=RANSAC : iteration:18905 matching_count:1922 error:0.160407 inlier:0.637841
11.129,ros=1778663567.462840,level=20,name=hdl_global_localization.global_localization_node,msg=RANSAC : iteration:18788 matching_count:1909 error:0.161532 inlier:0.255369
11.129,ros=1778663567.463556,level=20,name=hdl_global_localization.global_localization_node,msg=RANSAC : iteration:19061 matching_count:1936 error:0.157443 inlier:0.507835
11.129,ros=1778663567.463338,level=20,name=hdl_global_localization.global_localization_node,msg=RANSAC : iteration:18959 matching_count:1927 error:0.158396 inlier:0.62101
11.130,ros=1778663567.463360,level=20,name=hdl_global_localization.global_localization_node,msg=RANSAC : iteration:18964 matching_count:1928 error:0.16008 inlier:0.680789
11.130,ros=1778663567.463381,level=20,name=hdl_global_localization.global_localization_node,msg=RANSAC : iteration:18980 matching_count:1929 error:0.161962 inlier:0.315148
11.130,ros=1778663567.463621,level=20,name=hdl_global_localization.global_localization_node,msg=RANSAC : iteration:19090 matching_count:1940 error:0.156217 inlier:0.635519
11.130,ros=1778663567.463406,level=20,name=hdl_global_localization.global_localization_node,msg=RANSAC : iteration:19002 matching_count:1930 error:0.159725 inlier:0.542658
11.130,ros=1778663567.463470,level=20,name=hdl_global_localization.global_localization_node,msg=RANSAC : iteration:19044 matching_count:1933 error:0.15372 inlier:0.399884
11.130,ros=1778663567.463669,level=20,name=hdl_global_localization.global_localization_node,msg=RANSAC : iteration:19113 matching_count:1943 error:0.161254 inlier:0.551364
11.131,ros=1778663567.463492,level=20,name=hdl_global_localization.global_localization_node,msg=RANSAC : iteration:19045 matching_count:1934 error:0.163283 inlier:0.558909
11.131,ros=1778663567.463512,level=20,name=hdl_global_localization.global_localization_node,msg=RANSAC : iteration:19050 matching_count:1934 error:0.158876 inlier:0.228091
11.131,ros=1778663567.463307,level=20,name=hdl_global_localization.global_localization_node,msg=RANSAC : iteration:18956 matching_count:1926 error:0.169779 inlier:0.642484
11.131,ros=1778663567.463565,level=20,name=hdl_global_localization.global_localization_node,msg=RANSAC : iteration:19073 matching_count:1937 error:0.163046 inlier:0.37899
11.131,ros=1778663567.463595,level=20,name=hdl_global_localization.global_localization_node,msg=RANSAC : iteration:19078 matching_count:1939 error:0.150039 inlier:0.228671
11.132,ros=1778663567.462668,level=20,name=hdl_global_localization.global_localization_node,msg=RANSAC : iteration:18762 matching_count:1905 error:0.165119 inlier:0.910041
11.132,ros=1778663567.463641,level=20,name=hdl_global_localization.global_localization_node,msg=RANSAC : iteration:19106 matching_count:1942 error:0.160005 inlier:0.652931
11.132,ros=1778663567.463661,level=20,name=hdl_global_localization.global_localization_node,msg=RANSAC : iteration:19111 matching_count:1943 error:0.159879 inlier:0.566454
11.132,ros=1778663567.463675,level=20,name=hdl_global_localization.global_localization_node,msg=RANSAC : iteration:19113 matching_count:1944 error:0.161866 inlier:0.539176
11.132,ros=1778663567.464038,level=20,name=hdl_global_localization.global_localization_node,msg=RANSAC : iteration:19180 matching_count:1953 error:0.158551 inlier:0.677887
11.132,ros=1778663567.463732,level=20,name=hdl_global_localization.global_localization_node,msg=RANSAC : iteration:19131 matching_count:1946 error:0.15668 inlier:0.637261
11.133,ros=1778663567.463748,level=20,name=hdl_global_localization.global_localization_node,msg=RANSAC : iteration:19131 matching_count:1946 error:0.16149 inlier:0.313407
11.133,ros=1778663567.463753,level=20,name=hdl_global_localization.global_localization_node,msg=RANSAC : iteration:19131 matching_count:1946 error:0.163596 inlier:0.56065
11.133,ros=1778663567.463474,level=20,name=hdl_global_localization.global_localization_node,msg=RANSAC : iteration:19044 matching_count:1933 error:0.176457 inlier:0.461405
11.133,ros=1778663567.463765,level=20,name=hdl_global_localization.global_localization_node,msg=RANSAC : iteration:19131 matching_count:1946 error:0.159228 inlier:0.544399
11.133,ros=1778663567.463798,level=20,name=hdl_global_localization.global_localization_node,msg=RANSAC : iteration:19131 matching_count:1946 error:0.160603 inlier:0.580383
11.134,ros=1778663567.463828,level=20,name=hdl_global_localization.global_localization_node,msg=RANSAC : iteration:19131 matching_count:1946 error:0.162624 inlier:0.699942
11.134,ros=1778663567.463984,level=20,name=hdl_global_localization.global_localization_node,msg=RANSAC : iteration:19172 matching_count:1951 error:0.142873 inlier:0.761463
11.134,ros=1778663567.463681,level=20,name=hdl_global_localization.global_localization_node,msg=RANSAC : iteration:19113 matching_count:1944 error:0.165097 inlier:0.311085
11.134,ros=1778663567.464245,level=20,name=hdl_global_localization.global_localization_node,msg=RANSAC : iteration:19241 matching_count:1963 error:0.159387 inlier:0.836912
11.134,ros=1778663567.464077,level=20,name=hdl_global_localization.global_localization_node,msg=RANSAC : iteration:19194 matching_count:1955 error:0.162321 inlier:0.54614
11.135,ros=1778663567.464102,level=20,name=hdl_global_localization.global_localization_node,msg=RANSAC : iteration:19198 matching_count:1957 error:0.160555 inlier:0.268137
11.135,ros=1778663567.464103,level=20,name=hdl_global_localization.global_localization_node,msg=RANSAC : iteration:19198 matching_count:1957 error:0.161936 inlier:0.428323
11.135,ros=1778663567.464126,level=20,name=hdl_global_localization.global_localization_node,msg=RANSAC : iteration:19203 matching_count:1958 error:0.162138 inlier:0.62101
11.135,ros=1778663567.464147,level=20,name=hdl_global_localization.global_localization_node,msg=RANSAC : iteration:19218 matching_count:1958 error:0.155698 inlier:0.799187
11.135,ros=1778663567.464186,level=20,name=hdl_global_localization.global_localization_node,msg=RANSAC : iteration:19232 matching_count:1961 error:0.154912 inlier:0.18224
11.136,ros=1778663567.464201,level=20,name=hdl_global_localization.global_localization_node,msg=RANSAC : iteration:19232 matching_count:1961 error:0.159831 inlier:0.709228
11.136,ros=1778663567.464392,level=20,name=hdl_global_localization.global_localization_node,msg=RANSAC : iteration:19309 matching_count:1971 error:0.159999 inlier:0.40917
11.136,ros=1778663567.464063,level=20,name=hdl_global_localization.global_localization_node,msg=RANSAC : iteration:19194 matching_count:1955 error:0.156892 inlier:0.627974
11.136,ros=1778663567.464249,level=20,name=hdl_global_localization.global_localization_node,msg=RANSAC : iteration:19241 matching_count:1963 error:0.158799 inlier:0.665119
11.136,ros=1778663567.464251,level=20,name=hdl_global_localization.global_localization_node,msg=RANSAC : iteration:19250 matching_count:1963 error:0.159968 inlier:0.223447
11.137,ros=1778663567.464266,level=20,name=hdl_global_localization.global_localization_node,msg=RANSAC : iteration:19259 matching_count:1965 error:0.160178 inlier:0.414974
11.137,ros=1778663567.464321,level=20,name=hdl_global_localization.global_localization_node,msg=RANSAC : iteration:19289 matching_count:1968 error:0.158026 inlier:0.401045
11.137,ros=1778663567.464330,level=20,name=hdl_global_localization.global_localization_node,msg=RANSAC : iteration:19289 matching_count:1968 error:0.160291 inlier:0.598375
11.137,ros=1778663567.464353,level=20,name=hdl_global_localization.global_localization_node,msg=RANSAC : iteration:19293 matching_count:1969 error:0.164183 inlier:0.218224
11.137,ros=1778663567.464557,level=20,name=hdl_global_localization.global_localization_node,msg=RANSAC : iteration:19384 matching_count:1979 error:0.155374 inlier:0.414974
11.138,ros=1778663567.464573,level=20,name=hdl_global_localization.global_localization_node,msg=RANSAC : iteration:19419 matching_count:1980 error:0.158748 inlier:0.34823
11.138,ros=1778663567.464368,level=20,name=hdl_global_localization.global_localization_node,msg=RANSAC : iteration:19308 matching_count:1970 error:0.1609 inlier:0.2426
11.138,ros=1778663567.464230,level=20,name=hdl_global_localization.global_localization_node,msg=RANSAC : iteration:19241 matching_count:1963 error:0.159741 inlier:0.562391
11.138,ros=1778663567.464401,level=20,name=hdl_global_localization.global_localization_node,msg=RANSAC : iteration:19313 matching_count:1972 error:0.15893 inlier:0.629716
11.139,ros=1778663567.464451,level=20,name=hdl_global_localization.global_localization_node,msg=RANSAC : iteration:19325 matching_count:1973 error:0.160336 inlier:0.28787
11.139,ros=1778663567.464454,level=20,name=hdl_global_localization.global_localization_node,msg=RANSAC : iteration:19325 matching_count:1974 error:0.156988 inlier:0.794544
11.139,ros=1778663567.464673,level=20,name=hdl_global_localization.global_localization_node,msg=RANSAC : iteration:19475 matching_count:1986 error:0.161422 inlier:0.718514
11.139,ros=1778663567.464490,level=20,name=hdl_global_localization.global_localization_node,msg=RANSAC : iteration:19353 matching_count:1976 error:0.160974 inlier:0.525247
11.139,ros=1778663567.464501,level=20,name=hdl_global_localization.global_localization_node,msg=RANSAC : iteration:19358 matching_count:1977 error:0.148092 inlier:0.69646
11.140,ros=1778663567.464723,level=20,name=hdl_global_localization.global_localization_node,msg=RANSAC : iteration:19498 matching_count:1989 error:0.157741 inlier:0.578062
11.140,ros=1778663567.464764,level=20,name=hdl_global_localization.global_localization_node,msg=RANSAC : iteration:19518 matching_count:1991 error:0.158905 inlier:0.116077
11.140,ros=1778663567.464784,level=20,name=hdl_global_localization.global_localization_node,msg=RANSAC : iteration:19519 matching_count:1991 error:0.163815 inlier:0.533952
11.140,ros=1778663567.464614,level=20,name=hdl_global_localization.global_localization_node,msg=RANSAC : iteration:19436 matching_count:1983 error:0.16024 inlier:0.702263
11.140,ros=1778663567.464649,level=20,name=hdl_global_localization.global_localization_node,msg=RANSAC : iteration:19470 matching_count:1985 error:0.158078 inlier:0.645966
11.141,ros=1778663567.464669,level=20,name=hdl_global_localization.global_localization_node,msg=RANSAC : iteration:19475 matching_count:1986 error:0.166958 inlier:0.347069
11.141,ros=1778663567.464360,level=20,name=hdl_global_localization.global_localization_node,msg=RANSAC : iteration:19308 matching_count:1969 error:0.161343 inlier:0.160766
11.141,ros=1778663567.464477,level=20,name=hdl_global_localization.global_localization_node,msg=RANSAC : iteration:19337 matching_count:1975 error:0.157042 inlier:0.248404
11.141,ros=1778663567.464906,level=20,name=hdl_global_localization.global_localization_node,msg=RANSAC : iteration:19640 matching_count:1997 error:0.157358 inlier:0.633778
11.141,ros=1778663567.464692,level=20,name=hdl_global_localization.global_localization_node,msg=RANSAC : iteration:19497 matching_count:1987 error:0.163943 inlier:0.46953
11.142,ros=1778663567.464962,level=20,name=hdl_global_localization.global_localization_node,msg=RANSAC : iteration:19655 matching_count:1999 error:0.163668 inlier:0.586187
11.142,ros=1778663567.464580,level=20,name=hdl_global_localization.global_localization_node,msg=RANSAC : iteration:19419 matching_count:1981 error:0.161957 inlier:0.354614
11.142,ros=1778663567.464793,level=20,name=hdl_global_localization.global_localization_node,msg=RANSAC : iteration:19557 matching_count:1992 error:0.156941 inlier:0.655252
11.142,ros=1778663567.464800,level=20,name=hdl_global_localization.global_localization_node,msg=RANSAC : iteration:19564 matching_count:1992 error:0.157469 inlier:0.751016
11.142,ros=1778663567.464818,level=20,name=hdl_global_localization.global_localization_node,msg=RANSAC : iteration:19577 matching_count:1993 error:0.163244 inlier:0.478236
11.143,ros=1778663567.464829,level=20,name=hdl_global_localization.global_localization_node,msg=RANSAC : iteration:19590 matching_count:1994 error:0.160165 inlier:0.354614
11.143,ros=1778663567.465059,level=20,name=hdl_global_localization.global_localization_node,msg=RANSAC : iteration:19678 matching_count:2001 error:0.158224 inlier:0.42484
11.143,ros=1778663567.464681,level=20,name=hdl_global_localization.global_localization_node,msg=RANSAC : iteration:19482 matching_count:1987 error:0.155912 inlier:0.520604
11.143,ros=1778663567.464906,level=20,name=hdl_global_localization.global_localization_node,msg=RANSAC : iteration:19637 matching_count:1997 error:0.159576 inlier:0.391178
11.143,ros=1778663567.464916,level=20,name=hdl_global_localization.global_localization_node,msg=RANSAC : iteration:19648 matching_count:1998 error:0.159158 inlier:0.634939
11.144,ros=1778663567.464940,level=20,name=hdl_global_localization.global_localization_node,msg=RANSAC : iteration:19655 matching_count:1999 error:0.161425 inlier:0.551944
11.144,ros=1778663567.464957,level=20,name=hdl_global_localization.global_localization_node,msg=RANSAC : iteration:19655 matching_count:1999 error:0.160029 inlier:0.51538
11.144,ros=1778663567.464703,level=20,name=hdl_global_localization.global_localization_node,msg=RANSAC : iteration:19497 matching_count:1988 error:0.15538 inlier:0.886825
11.145,ros=1778663567.465009,level=20,name=hdl_global_localization.global_localization_node,msg=RANSAC : iteration:19678 matching_count:2001 error:0.159 inlier:0.647127
11.145,ros=1778663567.465014,level=20,name=hdl_global_localization.global_localization_node,msg=RANSAC : iteration:19678 matching_count:2001 error:0.159815 inlier:0.312826
11.146,ros=1778663567.464583,level=20,name=hdl_global_localization.global_localization_node,msg=RANSAC : iteration:19419 matching_count:1981 error:0.162582 inlier:0.289611
11.146,ros=1778663567.465075,level=20,name=hdl_global_localization.global_localization_node,msg=RANSAC : iteration:19678 matching_count:2001 error:0.164915 inlier:0.542078
11.146,ros=1778663567.466134,level=20,name=HdlLocalizationNodelet,msg=Global localization candidates: returned=10 requested=10 fitness_threshold=0.12 min_margin=0.1 query_points=14602
11.202,ros=1778663567.541911,level=30,name=robot_realpose_publisher,msg=Failed to get TF map->base_footprint: Could not find a connection between 'map' and 'base_footprint' because they are not part of the same tree.Tf has two or more unconnected trees.
11.289,ros=1778663567.629551,level=20,name=HdlLocalizationNodelet,msg=Global localization candidate[0] trans=(5.28108, 6.29446, 0.598508) error=0.160888 inlier=0.912943 ndt_converged=1 ndt_fitness=0.635728
11.358,ros=1778663567.698623,level=20,name=HdlLocalizationNodelet,msg=Global localization candidate[1] trans=(-1.4442, 1.3799, -0.355537) error=0.157093 inlier=0.910621 ndt_converged=1 ndt_fitness=0.0910433
11.415,ros=1778663567.755800,level=20,name=HdlLocalizationNodelet,msg=Global localization candidate[2] trans=(-0.878802, 0.0730891, -0.560348) error=0.165119 inlier=0.910041 ndt_converged=1 ndt_fitness=0.0284248
11.527,ros=1778663567.867354,level=20,name=HdlLocalizationNodelet,msg=Global localization candidate[3] trans=(1.80795, 13.6711, 0.0498579) error=0.151264 inlier=0.907719 ndt_converged=1 ndt_fitness=0.270688
11.582,ros=1778663567.921256,level=20,name=HdlLocalizationNodelet,msg=Global localization candidate[4] trans=(5.07383, 5.76248, 0.0378858) error=0.159924 inlier=0.903656 ndt_converged=1 ndt_fitness=0.671924
11.645,ros=1778663567.985471,level=20,name=HdlLocalizationNodelet,msg=Global localization candidate[5] trans=(2.73794, 12.8659, 0.487246) error=0.170704 inlier=0.895531 ndt_converged=1 ndt_fitness=0.250951
11.803,ros=1778663568.143234,level=20,name=HdlLocalizationNodelet,msg=Global localization candidate[6] trans=(6.57902, 6.48966, 0.853523) error=0.158375 inlier=0.895531 ndt_converged=1 ndt_fitness=0.324224
11.942,ros=1778663568.282334,level=20,name=HdlLocalizationNodelet,msg=Global localization candidate[7] trans=(-2.87551, 9.85474, 0.611965) error=0.158117 inlier=0.890308 ndt_converged=1 ndt_fitness=0.140458
12.016,ros=1778663568.355827,level=20,name=HdlLocalizationNodelet,msg=Global localization candidate[8] trans=(-1.02344, 10.7898, 0.395978) error=0.165278 inlier=0.886825 ndt_converged=1 ndt_fitness=0.210627
12.109,ros=1778663568.449755,level=20,name=HdlLocalizationNodelet,msg=Global localization candidate[9] trans=(-2.84425, -0.242831, -0.160964) error=0.15538 inlier=0.886825 ndt_converged=1 ndt_fitness=0.23322
12.110,ros=1778663568.449824,level=20,name=HdlLocalizationNodelet,msg=Best global localization candidate[2] fitness=0.0284248 error=0.165119 inlier=0.910041 accepted_candidates=2
12.110,ros=1778663568.449877,level=20,name=HdlLocalizationNodelet,msg=Second global localization candidate[1] fitness=0.0910433 margin=0.0626185
12.110,ros=1778663568.449887,level=30,name=HdlLocalizationNodelet,msg=reject global localization result: ambiguous fitness margin 0.0626185 < 0.1
12.111,ros=1778663568.449900,level=30,name=HdlLocalizationNodelet,msg=auto relocalize failed; call /relocalize after the scan is stable or set /initialpose manually
12.113,ros=1778663568.453121,level=30,name=HdlLocalizationNodelet,msg=waiting for initial pose input or global relocalization!!
12.120,ros=1778663568.460659,level=30,name=HdlLocalizationNodelet,msg=waiting for initial pose input or global relocalization!!
12.130,ros=1778663568.470122,level=30,name=HdlLocalizationNodelet,msg=waiting for initial pose input or global relocalization!!
12.178,ros=1778663568.517487,level=30,name=HdlLocalizationNodelet,msg=waiting for initial pose input or global relocalization!!
12.290,ros=1778663568.626836,level=30,name=HdlLocalizationNodelet,msg=waiting for initial pose input or global relocalization!!
12.382,ros=1778663568.718813,level=30,name=HdlLocalizationNodelet,msg=waiting for initial pose input or global relocalization!!
12.476,ros=1778663568.816953,level=30,name=HdlLocalizationNodelet,msg=waiting for initial pose input or global relocalization!!
12.577,ros=1778663568.917358,level=30,name=HdlLocalizationNodelet,msg=waiting for initial pose input or global relocalization!!
12.683,ros=1778663569.023313,level=30,name=HdlLocalizationNodelet,msg=waiting for initial pose input or global relocalization!!
12.780,ros=1778663569.120236,level=30,name=HdlLocalizationNodelet,msg=waiting for initial pose input or global relocalization!!
12.887,ros=1778663569.219649,level=30,name=HdlLocalizationNodelet,msg=waiting for initial pose input or global relocalization!!
12.973,ros=1778663569.313807,level=20,name=HdlLocalizationNodelet,msg=auto relocalize on start
12.983,ros=1778663569.322858,level=30,name=HdlLocalizationNodelet,msg=waiting for initial pose input or global relocalization!!
12.986,ros=1778663569.325886,level=20,name=hdl_global_localization.global_localization_node,msg=Query Global Localization
12.986,ros=1778663569.326603,level=20,name=hdl_global_localization.global_localization_node,msg=Normal Estimation: Radius(1)
12.990,ros=1778663569.330315,level=20,name=hdl_global_localization.global_localization_node,msg=FPFH Extraction: Search Radius(3)
13.005,ros=1778663569.345657,level=20,name=hdl_global_localization.global_localization_node,msg=RANSAC : Precompute Nearest Features
13.075,ros=1778663569.415250,level=30,name=HdlLocalizationNodelet,msg=waiting for initial pose input or global relocalization!!
13.086,ros=1778663569.426280,level=20,name=hdl_global_localization.global_localization_node,msg=RANSAC : Main Loop
13.086,ros=1778663569.426619,level=20,name=hdl_global_localization.global_localization_node,msg=RANSAC : iteration:59 matching_count:10 error:0.157777 inlier:0.163732
13.086,ros=1778663569.426620,level=20,name=hdl_global_localization.global_localization_node,msg=RANSAC : iteration:59 matching_count:10 error:0.156231 inlier:0.768192
13.086,ros=1778663569.426625,level=20,name=hdl_global_localization.global_localization_node,msg=RANSAC : iteration:59 matching_count:10 error:0.15986 inlier:0.717136
13.087,ros=1778663569.426824,level=20,name=hdl_global_localization.global_localization_node,msg=RANSAC : iteration:127 matching_count:19 error:0.158458 inlier:0.495892
13.087,ros=1778663569.426869,level=20,name=hdl_global_localization.global_localization_node,msg=RANSAC : iteration:131 matching_count:20 error:0.150201 inlier:0.237676
13.087,ros=1778663569.426912,level=20,name=hdl_global_localization.global_localization_node,msg=RANSAC : iteration:132 matching_count:20 error:0.158431 inlier:0.300469
13.087,ros=1778663569.426637,level=20,name=hdl_global_localization.global_localization_node,msg=RANSAC : iteration:59 matching_count:10 error:0.156997 inlier:0.346244
13.088,ros=1778663569.427024,level=20,name=hdl_global_localization.global_localization_node,msg=RANSAC : iteration:170 matching_count:23 error:0.158144 inlier:0.256455
13.088,ros=1778663569.426692,level=20,name=hdl_global_localization.global_localization_node,msg=RANSAC : iteration:101 matching_count:14 error:0.168878 inlier:0.123826
13.088,ros=1778663569.427105,level=20,name=hdl_global_localization.global_localization_node,msg=RANSAC : iteration:176 matching_count:25 error:0.164726 inlier:0.526408
13.088,ros=1778663569.426729,level=20,name=hdl_global_localization.global_localization_node,msg=RANSAC : iteration:101 matching_count:14 error:0.168142 inlier:0.25
13.088,ros=1778663569.426729,level=20,name=hdl_global_localization.global_localization_node,msg=RANSAC : iteration:101 matching_count:14 error:0.159076 inlier:0.310446
13.089,ros=1778663569.427189,level=20,name=hdl_global_localization.global_localization_node,msg=RANSAC : iteration:237 matching_count:28 error:0.159411 inlier:0.498239
13.089,ros=1778663569.427224,level=20,name=hdl_global_localization.global_localization_node,msg=RANSAC : iteration:256 matching_count:29 error:0.159937 inlier:0.616784
13.089,ros=1778663569.427264,level=20,name=hdl_global_localization.global_localization_node,msg=RANSAC : iteration:281 matching_count:30 error:0.159467 inlier:0.617371
13.089,ros=1778663569.426886,level=20,name=hdl_global_localization.global_localization_node,msg=RANSAC : iteration:131 matching_count:20 error:0.157745 inlier:0.261737
13.089,ros=1778663569.426892,level=20,name=hdl_global_localization.global_localization_node,msg=RANSAC : iteration:131 matching_count:20 error:0.157995 inlier:0.101526
13.090,ros=1778663569.426895,level=20,name=hdl_global_localization.global_localization_node,msg=RANSAC : iteration:131 matching_count:20 error:0.15783 inlier:0.201878
13.090,ros=1778663569.426637,level=20,name=hdl_global_localization.global_localization_node,msg=RANSAC : iteration:59 matching_count:10 error:0.15959 inlier:0.682512
13.090,ros=1778663569.427872,level=20,name=hdl_global_localization.global_localization_node,msg=RANSAC : iteration:392 matching_count:44 error:0.167768 inlier:0.251761
13.090,ros=1778663569.426750,level=20,name=hdl_global_localization.global_localization_node,msg=RANSAC : iteration:115 matching_count:15 error:0.161695 inlier:0.497066
13.091,ros=1778663569.428276,level=20,name=hdl_global_localization.global_localization_node,msg=RANSAC : iteration:552 matching_count:57 error:0.161895 inlier:0.413146
13.091,ros=1778663569.427912,level=20,name=hdl_global_localization.global_localization_node,msg=RANSAC : iteration:395 matching_count:45 error:0.158938 inlier:0.575704
13.091,ros=1778663569.427741,level=20,name=hdl_global_localization.global_localization_node,msg=RANSAC : iteration:331 matching_count:39 error:0.161838 inlier:0.503521
13.091,ros=1778663569.428683,level=20,name=hdl_global_localization.global_localization_node,msg=RANSAC : iteration:744 matching_count:71 error:0.163251 inlier:0.292254
13.091,ros=1778663569.429085,level=20,name=hdl_global_localization.global_localization_node,msg=RANSAC : iteration:825 matching_count:78 error:0.158076 inlier:0.296948
13.092,ros=1778663569.428976,level=20,name=hdl_global_localization.global_localization_node,msg=RANSAC : iteration:819 matching_count:76 error:0.161632 inlier:0.339202
13.092,ros=1778663569.429335,level=20,name=hdl_global_localization.global_localization_node,msg=RANSAC : iteration:904 matching_count:91 error:0.159827 inlier:0.546362
13.092,ros=1778663569.429474,level=20,name=hdl_global_localization.global_localization_node,msg=RANSAC : iteration:917 matching_count:96 error:0.158692 inlier:0.325117
13.092,ros=1778663569.430413,level=20,name=hdl_global_localization.global_localization_node,msg=RANSAC : iteration:1251 matching_count:122 error:0.171179 inlier:0.422535
13.092,ros=1778663569.429595,level=20,name=hdl_global_localization.global_localization_node,msg=RANSAC : iteration:927 matching_count:97 error:0.158541 inlier:0.388498
13.093,ros=1778663569.430819,level=20,name=hdl_global_localization.global_localization_node,msg=RANSAC : iteration:1339 matching_count:134 error:0.154624 inlier:0.167254
13.093,ros=1778663569.429514,level=20,name=hdl_global_localization.global_localization_node,msg=RANSAC : iteration:917 matching_count:96 error:0.160122 inlier:0.550469
13.093,ros=1778663569.431063,level=20,name=hdl_global_localization.global_localization_node,msg=RANSAC : iteration:1456 matching_count:144 error:0.156895 inlier:0.623826
13.093,ros=1778663569.431338,level=20,name=hdl_global_localization.global_localization_node,msg=RANSAC : iteration:1511 matching_count:153 error:0.157989 inlier:0.460681
13.094,ros=1778663569.431713,level=20,name=hdl_global_localization.global_localization_node,msg=RANSAC : iteration:1657 matching_count:167 error:0.159776 inlier:0.617958
13.094,ros=1778663569.431253,level=20,name=hdl_global_localization.global_localization_node,msg=RANSAC : iteration:1505 matching_count:150 error:0.158182 inlier:0.484742
13.094,ros=1778663569.431496,level=20,name=hdl_global_localization.global_localization_node,msg=RANSAC : iteration:1576 matching_count:159 error:0.158967 inlier:0.68662
13.094,ros=1778663569.432089,level=20,name=hdl_global_localization.global_localization_node,msg=RANSAC : iteration:1866 matching_count:185 error:0.162543 inlier:0.490023
13.095,ros=1778663569.432373,level=20,name=hdl_global_localization.global_localization_node,msg=RANSAC : iteration:1938 matching_count:198 error:0.155349 inlier:0.771127
13.095,ros=1778663569.433021,level=20,name=hdl_global_localization.global_localization_node,msg=RANSAC : iteration:2218 matching_count:223 error:0.158922 inlier:0.817488
13.095,ros=1778663569.433656,level=20,name=hdl_global_localization.global_localization_node,msg=RANSAC : iteration:2362 matching_count:242 error:0.158336 inlier:0.362676
13.096,ros=1778663569.433905,level=20,name=hdl_global_localization.global_localization_node,msg=RANSAC : iteration:2486 matching_count:253 error:0.163337 inlier:0.697183
13.096,ros=1778663569.434249,level=20,name=hdl_global_localization.global_localization_node,msg=RANSAC : iteration:2588 matching_count:262 error:0.15819 inlier:0.57277
13.096,ros=1778663569.434704,level=20,name=hdl_global_localization.global_localization_node,msg=RANSAC : iteration:2714 matching_count:277 error:0.160403 inlier:0.648474
13.096,ros=1778663569.435004,level=20,name=hdl_global_localization.global_localization_node,msg=RANSAC : iteration:2838 matching_count:291 error:0.160561 inlier:0.525235
13.097,ros=1778663569.435511,level=20,name=hdl_global_localization.global_localization_node,msg=RANSAC : iteration:3172 matching_count:316 error:0.160645 inlier:0.183099
13.097,ros=1778663569.435826,level=20,name=hdl_global_localization.global_localization_node,msg=RANSAC : iteration:3378 matching_count:332 error:0.156547 inlier:0.736502
13.097,ros=1778663569.435482,level=20,name=hdl_global_localization.global_localization_node,msg=RANSAC : iteration:3164 matching_count:315 error:0.156719 inlier:0.734155
13.098,ros=1778663569.436457,level=20,name=hdl_global_localization.global_localization_node,msg=RANSAC : iteration:3834 matching_count:364 error:0.163658 inlier:0.223592
13.098,ros=1778663569.436540,level=20,name=hdl_global_localization.global_localization_node,msg=RANSAC : iteration:3879 matching_count:370 error:0.159468 inlier:0.357981
13.098,ros=1778663569.436559,level=20,name=hdl_global_localization.global_localization_node,msg=RANSAC : iteration:3886 matching_count:371 error:0.157896 inlier:0.198944
13.099,ros=1778663569.436794,level=20,name=hdl_global_localization.global_localization_node,msg=RANSAC : iteration:4036 matching_count:385 error:0.158522 inlier:0.455399
13.099,ros=1778663569.437091,level=20,name=hdl_global_localization.global_localization_node,msg=RANSAC : iteration:4203 matching_count:401 error:0.160176 inlier:0.876174
13.099,ros=1778663569.437155,level=20,name=hdl_global_localization.global_localization_node,msg=RANSAC : iteration:4217 matching_count:405 error:0.155483 inlier:0.416667
13.099,ros=1778663569.437189,level=20,name=hdl_global_localization.global_localization_node,msg=RANSAC : iteration:4262 matching_count:407 error:0.161779 inlier:0.573357
13.100,ros=1778663569.437724,level=20,name=hdl_global_localization.global_localization_node,msg=RANSAC : iteration:4547 matching_count:431 error:0.154042 inlier:0.440141
13.100,ros=1778663569.437881,level=20,name=hdl_global_localization.global_localization_node,msg=RANSAC : iteration:4601 matching_count:436 error:0.166575 inlier:0.237089
13.100,ros=1778663569.437852,level=20,name=hdl_global_localization.global_localization_node,msg=RANSAC : iteration:4600 matching_count:435 error:0.161498 inlier:0.269953
13.100,ros=1778663569.438212,level=20,name=hdl_global_localization.global_localization_node,msg=RANSAC : iteration:4746 matching_count:452 error:0.158906 inlier:0.552817
13.100,ros=1778663569.437903,level=20,name=hdl_global_localization.global_localization_node,msg=RANSAC : iteration:4639 matching_count:438 error:0.151217 inlier:0.633216
13.101,ros=1778663569.438638,level=20,name=hdl_global_localization.global_localization_node,msg=RANSAC : iteration:4928 matching_count:470 error:0.162465 inlier:0.496479
13.101,ros=1778663569.438837,level=20,name=hdl_global_localization.global_localization_node,msg=RANSAC : iteration:4979 matching_count:477 error:0.14014 inlier:0.329225
13.101,ros=1778663569.438694,level=20,name=hdl_global_localization.global_localization_node,msg=RANSAC : iteration:4942 matching_count:472 error:0.158259 inlier:0.616784
13.101,ros=1778663569.439662,level=20,name=hdl_global_localization.global_localization_node,msg=RANSAC : iteration:5201 matching_count:502 error:0.159176 inlier:0.506455
13.102,ros=1778663569.439847,level=20,name=hdl_global_localization.global_localization_node,msg=RANSAC : iteration:5292 matching_count:511 error:0.162847 inlier:0.743545
13.102,ros=1778663569.439861,level=20,name=hdl_global_localization.global_localization_node,msg=RANSAC : iteration:5299 matching_count:513 error:0.156588 inlier:0.443662
13.102,ros=1778663569.440342,level=20,name=hdl_global_localization.global_localization_node,msg=RANSAC : iteration:5450 matching_count:528 error:0.160772 inlier:0.447183
13.102,ros=1778663569.440705,level=20,name=hdl_global_localization.global_localization_node,msg=RANSAC : iteration:5605 matching_count:544 error:0.160526 inlier:0.393192
13.103,ros=1778663569.440490,level=20,name=hdl_global_localization.global_localization_node,msg=RANSAC : iteration:5548 matching_count:534 error:0.158231 inlier:0.323357
13.103,ros=1778663569.441347,level=20,name=hdl_global_localization.global_localization_node,msg=RANSAC : iteration:5917 matching_count:567 error:0.153007 inlier:0.762324
13.103,ros=1778663569.441511,level=20,name=hdl_global_localization.global_localization_node,msg=RANSAC : iteration:5969 matching_count:572 error:0.159712 inlier:0.328052
13.104,ros=1778663569.442245,level=20,name=hdl_global_localization.global_localization_node,msg=RANSAC : iteration:6374 matching_count:606 error:0.159592 inlier:0.467723
13.104,ros=1778663569.442413,level=20,name=hdl_global_localization.global_localization_node,msg=RANSAC : iteration:6420 matching_count:611 error:0.15834 inlier:0.416667
13.104,ros=1778663569.442592,level=20,name=hdl_global_localization.global_localization_node,msg=RANSAC : iteration:6512 matching_count:620 error:0.162681 inlier:0.838028
13.105,ros=1778663569.442452,level=20,name=hdl_global_localization.global_localization_node,msg=RANSAC : iteration:6436 matching_count:614 error:0.158677 inlier:0.793427
13.105,ros=1778663569.442658,level=20,name=hdl_global_localization.global_localization_node,msg=RANSAC : iteration:6560 matching_count:622 error:0.161702 inlier:0.524061
13.105,ros=1778663569.442841,level=20,name=hdl_global_localization.global_localization_node,msg=RANSAC : iteration:6600 matching_count:628 error:0.160376 inlier:0.406103
13.105,ros=1778663569.442844,level=20,name=hdl_global_localization.global_localization_node,msg=RANSAC : iteration:6600 matching_count:628 error:0.157335 inlier:0.712441
13.105,ros=1778663569.441545,level=20,name=hdl_global_localization.global_localization_node,msg=RANSAC : iteration:5989 matching_count:572 error:0.159398 inlier:0.437207
13.106,ros=1778663569.443659,level=20,name=hdl_global_localization.global_localization_node,msg=RANSAC : iteration:7103 matching_count:666 error:0.160469 inlier:0.339202
13.106,ros=1778663569.443820,level=20,name=hdl_global_localization.global_localization_node,msg=RANSAC : iteration:7147 matching_count:674 error:0.157489 inlier:0.374413
13.106,ros=1778663569.443968,level=20,name=hdl_global_localization.global_localization_node,msg=RANSAC : iteration:7227 matching_count:681 error:0.158543 inlier:0.605047
13.106,ros=1778663569.444098,level=20,name=hdl_global_localization.global_localization_node,msg=RANSAC : iteration:7321 matching_count:687 error:0.180195 inlier:0.369718
13.106,ros=1778663569.443446,level=20,name=hdl_global_localization.global_localization_node,msg=RANSAC : iteration:7006 matching_count:657 error:0.167897 inlier:0.602113
13.107,ros=1778663569.443676,level=20,name=hdl_global_localization.global_localization_node,msg=RANSAC : iteration:7118 matching_count:668 error:0.160294 inlier:0.714789
13.107,ros=1778663569.444535,level=20,name=hdl_global_localization.global_localization_node,msg=RANSAC : iteration:7477 matching_count:701 error:0.167351 inlier:0.38439
13.107,ros=1778663569.445071,level=20,name=hdl_global_localization.global_localization_node,msg=RANSAC : iteration:7639 matching_count:715 error:0.158288 inlier:0.355634
13.107,ros=1778663569.444681,level=20,name=hdl_global_localization.global_localization_node,msg=RANSAC : iteration:7533 matching_count:705 error:0.158883 inlier:0.801643
13.108,ros=1778663569.445047,level=20,name=hdl_global_localization.global_localization_node,msg=RANSAC : iteration:7590 matching_count:714 error:0.150555 inlier:0.323357
13.108,ros=1778663569.445337,level=20,name=hdl_global_localization.global_localization_node,msg=RANSAC : iteration:7711 matching_count:724 error:0.156234 inlier:0.266432
13.108,ros=1778663569.445340,level=20,name=hdl_global_localization.global_localization_node,msg=RANSAC : iteration:7711 matching_count:724 error:0.162095 inlier:0.563967
13.108,ros=1778663569.445937,level=20,name=hdl_global_localization.global_localization_node,msg=RANSAC : iteration:7983 matching_count:745 error:0.160082 inlier:0.661972
13.108,ros=1778663569.446139,level=20,name=hdl_global_localization.global_localization_node,msg=RANSAC : iteration:8062 matching_count:753 error:0.163049 inlier:0.315141
13.109,ros=1778663569.446264,level=20,name=hdl_global_localization.global_localization_node,msg=RANSAC : iteration:8088 matching_count:758 error:0.156467 inlier:0.414906
13.109,ros=1778663569.446024,level=20,name=hdl_global_localization.global_localization_node,msg=RANSAC : iteration:8034 matching_count:748 error:0.162176 inlier:0.575117
13.109,ros=1778663569.446418,level=20,name=hdl_global_localization.global_localization_node,msg=RANSAC : iteration:8136 matching_count:765 error:0.159682 inlier:0.642019
13.109,ros=1778663569.446597,level=20,name=hdl_global_localization.global_localization_node,msg=RANSAC : iteration:8252 matching_count:774 error:0.157274 inlier:0.548709
13.110,ros=1778663569.446563,level=20,name=hdl_global_localization.global_localization_node,msg=RANSAC : iteration:8209 matching_count:772 error:0.158065 inlier:0.61385
13.110,ros=1778663569.447163,level=20,name=hdl_global_localization.global_localization_node,msg=RANSAC : iteration:8556 matching_count:791 error:0.157339 inlier:0.361502
13.110,ros=1778663569.446755,level=20,name=hdl_global_localization.global_localization_node,msg=RANSAC : iteration:8394 matching_count:781 error:0.161019 inlier:0.676643
13.110,ros=1778663569.447383,level=20,name=hdl_global_localization.global_localization_node,msg=RANSAC : iteration:8663 matching_count:803 error:0.158066 inlier:0.349178
13.111,ros=1778663569.447242,level=20,name=hdl_global_localization.global_localization_node,msg=RANSAC : iteration:8575 matching_count:796 error:0.16068 inlier:0.462441
13.111,ros=1778663569.447267,level=20,name=hdl_global_localization.global_localization_node,msg=RANSAC : iteration:8579 matching_count:797 error:0.160528 inlier:0.724178
13.111,ros=1778663569.448548,level=20,name=hdl_global_localization.global_localization_node,msg=RANSAC : iteration:8919 matching_count:833 error:0.158837 inlier:0.269953
13.111,ros=1778663569.448608,level=20,name=hdl_global_localization.global_localization_node,msg=RANSAC : iteration:8942 matching_count:835 error:0.15874 inlier:0.532864
13.112,ros=1778663569.448986,level=20,name=hdl_global_localization.global_localization_node,msg=RANSAC : iteration:9038 matching_count:844 error:0.160831 inlier:0.31338
13.113,ros=1778663569.448702,level=20,name=hdl_global_localization.global_localization_node,msg=RANSAC : iteration:8974 matching_count:837 error:0.161507 inlier:0.635563
13.113,ros=1778663569.450105,level=20,name=hdl_global_localization.global_localization_node,msg=RANSAC : iteration:9225 matching_count:869 error:0.167843 inlier:0.764671
13.113,ros=1778663569.449766,level=20,name=hdl_global_localization.global_localization_node,msg=RANSAC : iteration:9166 matching_count:861 error:0.152501 inlier:0.723592
13.114,ros=1778663569.450341,level=20,name=hdl_global_localization.global_localization_node,msg=RANSAC : iteration:9350 matching_count:879 error:0.15745 inlier:0.513498
13.114,ros=1778663569.450626,level=20,name=hdl_global_localization.global_localization_node,msg=RANSAC : iteration:9447 matching_count:889 error:0.163194 inlier:0.523474
13.114,ros=1778663569.450798,level=20,name=hdl_global_localization.global_localization_node,msg=RANSAC : iteration:9501 matching_count:895 error:0.166094 inlier:0.690728
13.114,ros=1778663569.451039,level=20,name=hdl_global_localization.global_localization_node,msg=RANSAC : iteration:9667 matching_count:908 error:0.156067 inlier:0.374413
13.115,ros=1778663569.451265,level=20,name=hdl_global_localization.global_localization_node,msg=RANSAC : iteration:9838 matching_count:922 error:0.160197 inlier:0.576878
13.115,ros=1778663569.451366,level=20,name=hdl_global_localization.global_localization_node,msg=RANSAC : iteration:9967 matching_count:929 error:0.159809 inlier:0.691315
13.115,ros=1778663569.451266,level=20,name=hdl_global_localization.global_localization_node,msg=RANSAC : iteration:9838 matching_count:922 error:0.156789 inlier:0.149061
13.115,ros=1778663569.451981,level=20,name=hdl_global_localization.global_localization_node,msg=RANSAC : iteration:10085 matching_count:945 error:0.159237 inlier:0.555751
13.115,ros=1778663569.452545,level=20,name=hdl_global_localization.global_localization_node,msg=RANSAC : iteration:10135 matching_count:952 error:0.160766 inlier:0.31162
13.116,ros=1778663569.451454,level=20,name=hdl_global_localization.global_localization_node,msg=RANSAC : iteration:10001 matching_count:935 error:0.157499 inlier:0.410798
13.116,ros=1778663569.453528,level=20,name=hdl_global_localization.global_localization_node,msg=RANSAC : iteration:10289 matching_count:967 error:0.153919 inlier:0.108568
13.116,ros=1778663569.453907,level=20,name=hdl_global_localization.global_localization_node,msg=RANSAC : iteration:10404 matching_count:974 error:0.16018 inlier:0.713615
13.116,ros=1778663569.454050,level=20,name=hdl_global_localization.global_localization_node,msg=RANSAC : iteration:10457 matching_count:978 error:0.166517 inlier:0.340376
13.116,ros=1778663569.453569,level=20,name=hdl_global_localization.global_localization_node,msg=RANSAC : iteration:10289 matching_count:967 error:0.171749 inlier:0.190141
13.116,ros=1778663569.454054,level=20,name=hdl_global_localization.global_localization_node,msg=RANSAC : iteration:10457 matching_count:978 error:0.164989 inlier:0.278169
13.117,ros=1778663569.454397,level=20,name=hdl_global_localization.global_localization_node,msg=RANSAC : iteration:10601 matching_count:990 error:0.156728 inlier:0.709507
13.117,ros=1778663569.454521,level=20,name=hdl_global_localization.global_localization_node,msg=RANSAC : iteration:10654 matching_count:995 error:0.157821 inlier:0.562207
13.117,ros=1778663569.455241,level=20,name=hdl_global_localization.global_localization_node,msg=RANSAC : iteration:10906 matching_count:1016 error:0.162288 inlier:0.65669
13.118,ros=1778663569.455699,level=20,name=hdl_global_localization.global_localization_node,msg=RANSAC : iteration:11176 matching_count:1032 error:0.156816 inlier:0.349178
13.118,ros=1778663569.456096,level=20,name=hdl_global_localization.global_localization_node,msg=RANSAC : iteration:11287 matching_count:1048 error:0.159347 inlier:0.603873
13.118,ros=1778663569.456491,level=20,name=hdl_global_localization.global_localization_node,msg=RANSAC : iteration:11450 matching_count:1064 error:0.157105 inlier:0.603873
13.119,ros=1778663569.456675,level=20,name=hdl_global_localization.global_localization_node,msg=RANSAC : iteration:11516 matching_count:1070 error:0.162724 inlier:0.523474
13.119,ros=1778663569.456563,level=20,name=hdl_global_localization.global_localization_node,msg=RANSAC : iteration:11490 matching_count:1067 error:0.159478 inlier:0.584507
13.119,ros=1778663569.456682,level=20,name=hdl_global_localization.global_localization_node,msg=RANSAC : iteration:11517 matching_count:1071 error:0.161256 inlier:0.213615
13.119,ros=1778663569.457005,level=20,name=hdl_global_localization.global_localization_node,msg=RANSAC : iteration:11596 matching_count:1079 error:0.162249 inlier:0.349178
13.119,ros=1778663569.457250,level=20,name=hdl_global_localization.global_localization_node,msg=RANSAC : iteration:11655 matching_count:1086 error:0.158049 inlier:0.56338
13.120,ros=1778663569.457508,level=20,name=hdl_global_localization.global_localization_node,msg=RANSAC : iteration:11814 matching_count:1097 error:0.160371 inlier:0.419014
13.120,ros=1778663569.457696,level=20,name=hdl_global_localization.global_localization_node,msg=RANSAC : iteration:11877 matching_count:1103 error:0.161777 inlier:0.455986
13.120,ros=1778663569.458062,level=20,name=hdl_global_localization.global_localization_node,msg=RANSAC : iteration:11993 matching_count:1115 error:0.164303 inlier:0.29108
13.120,ros=1778663569.458062,level=20,name=hdl_global_localization.global_localization_node,msg=RANSAC : iteration:11994 matching_count:1115 error:0.162055 inlier:0.534038
13.120,ros=1778663569.458178,level=20,name=hdl_global_localization.global_localization_node,msg=RANSAC : iteration:12037 matching_count:1119 error:0.16208 inlier:0.312207
13.121,ros=1778663569.458221,level=20,name=hdl_global_localization.global_localization_node,msg=RANSAC : iteration:12045 matching_count:1121 error:0.1601 inlier:0.448357
13.121,ros=1778663569.458559,level=20,name=hdl_global_localization.global_localization_node,msg=RANSAC : iteration:12179 matching_count:1136 error:0.160536 inlier:0.404343
13.121,ros=1778663569.459088,level=20,name=hdl_global_localization.global_localization_node,msg=RANSAC : iteration:12442 matching_count:1156 error:0.166363 inlier:0.160211
13.121,ros=1778663569.459211,level=20,name=hdl_global_localization.global_localization_node,msg=RANSAC : iteration:12457 matching_count:1160 error:0.161462 inlier:0.203638
13.121,ros=1778663569.459402,level=20,name=hdl_global_localization.global_localization_node,msg=RANSAC : iteration:12561 matching_count:1168 error:0.152352 inlier:0.111502
13.122,ros=1778663569.459207,level=20,name=hdl_global_localization.global_localization_node,msg=RANSAC : iteration:12457 matching_count:1160 error:0.177471 inlier:0.829225
13.122,ros=1778663569.459044,level=20,name=hdl_global_localization.global_localization_node,msg=RANSAC : iteration:12427 matching_count:1156 error:0.158772 inlier:0.473592
13.122,ros=1778663569.459838,level=20,name=hdl_global_localization.global_localization_node,msg=RANSAC : iteration:12672 matching_count:1181 error:0.169113 inlier:0.215376
13.122,ros=1778663569.460034,level=20,name=hdl_global_localization.global_localization_node,msg=RANSAC : iteration:12755 matching_count:1189 error:0.159665 inlier:0.298709
13.123,ros=1778663569.460177,level=20,name=hdl_global_localization.global_localization_node,msg=RANSAC : iteration:12823 matching_count:1195 error:0.16434 inlier:0.396714
13.123,ros=1778663569.459916,level=20,name=hdl_global_localization.global_localization_node,msg=RANSAC : iteration:12698 matching_count:1184 error:0.157927 inlier:0.571596
13.123,ros=1778663569.459937,level=20,name=hdl_global_localization.global_localization_node,msg=RANSAC : iteration:12700 matching_count:1184 error:0.153987 inlier:0.63439
13.123,ros=1778663569.459785,level=20,name=hdl_global_localization.global_localization_node,msg=RANSAC : iteration:12644 matching_count:1179 error:0.157005 inlier:0.71831
13.123,ros=1778663569.460236,level=20,name=hdl_global_localization.global_localization_node,msg=RANSAC : iteration:12832 matching_count:1198 error:0.155712 inlier:0.502934
13.124,ros=1778663569.460595,level=20,name=hdl_global_localization.global_localization_node,msg=RANSAC : iteration:12956 matching_count:1211 error:0.150201 inlier:0.224765
13.124,ros=1778663569.460111,level=20,name=hdl_global_localization.global_localization_node,msg=RANSAC : iteration:12795 matching_count:1192 error:0.164988 inlier:0.660798
13.124,ros=1778663569.460768,level=20,name=hdl_global_localization.global_localization_node,msg=RANSAC : iteration:12997 matching_count:1218 error:0.159741 inlier:0.169601
13.124,ros=1778663569.460629,level=20,name=hdl_global_localization.global_localization_node,msg=RANSAC : iteration:12956 matching_count:1211 error:0.155722 inlier:0.548122
13.124,ros=1778663569.460919,level=20,name=hdl_global_localization.global_localization_node,msg=RANSAC : iteration:13029 matching_count:1224 error:0.157521 inlier:0.264085
13.125,ros=1778663569.460676,level=20,name=hdl_global_localization.global_localization_node,msg=RANSAC : iteration:12981 matching_count:1214 error:0.160151 inlier:0.599178
13.125,ros=1778663569.461223,level=20,name=hdl_global_localization.global_localization_node,msg=RANSAC : iteration:13141 matching_count:1235 error:0.163736 inlier:0.292254
13.125,ros=1778663569.461080,level=20,name=hdl_global_localization.global_localization_node,msg=RANSAC : iteration:13078 matching_count:1229 error:0.15733 inlier:0.590962
13.125,ros=1778663569.461499,level=20,name=hdl_global_localization.global_localization_node,msg=RANSAC : iteration:13261 matching_count:1246 error:0.16009 inlier:0.48885
13.126,ros=1778663569.462061,level=20,name=hdl_global_localization.global_localization_node,msg=RANSAC : iteration:13426 matching_count:1265 error:0.159871 inlier:0.553404
13.126,ros=1778663569.462162,level=20,name=hdl_global_localization.global_localization_node,msg=RANSAC : iteration:13467 matching_count:1269 error:0.150317 inlier:0.903169
13.127,ros=1778663569.462444,level=20,name=hdl_global_localization.global_localization_node,msg=RANSAC : iteration:13502 matching_count:1274 error:0.148486 inlier:0.0839202
13.127,ros=1778663569.462102,level=20,name=hdl_global_localization.global_localization_node,msg=RANSAC : iteration:13453 matching_count:1267 error:0.16326 inlier:0.610915
13.127,ros=1778663569.462634,level=20,name=hdl_global_localization.global_localization_node,msg=RANSAC : iteration:13538 matching_count:1279 error:0.154844 inlier:0.408451
13.127,ros=1778663569.463138,level=20,name=hdl_global_localization.global_localization_node,msg=RANSAC : iteration:13689 matching_count:1293 error:0.158899 inlier:0.738263
13.127,ros=1778663569.463670,level=20,name=hdl_global_localization.global_localization_node,msg=RANSAC : iteration:13705 matching_count:1296 error:0.155946 inlier:0.143779
13.128,ros=1778663569.462723,level=20,name=hdl_global_localization.global_localization_node,msg=RANSAC : iteration:13570 matching_count:1282 error:0.158354 inlier:0.588615
13.128,ros=1778663569.463197,level=20,name=hdl_global_localization.global_localization_node,msg=RANSAC : iteration:13698 matching_count:1294 error:0.163149 inlier:0.211854
13.128,ros=1778663569.464935,level=20,name=hdl_global_localization.global_localization_node,msg=RANSAC : iteration:13974 matching_count:1320 error:0.165306 inlier:0.167254
13.128,ros=1778663569.465198,level=20,name=hdl_global_localization.global_localization_node,msg=RANSAC : iteration:14110 matching_count:1331 error:0.157064 inlier:0.735915
13.128,ros=1778663569.466015,level=20,name=hdl_global_localization.global_localization_node,msg=RANSAC : iteration:14391 matching_count:1353 error:0.157172 inlier:0.497066
13.129,ros=1778663569.466023,level=20,name=hdl_global_localization.global_localization_node,msg=RANSAC : iteration:14391 matching_count:1353 error:0.15982 inlier:0.552817
13.129,ros=1778663569.466751,level=20,name=hdl_global_localization.global_localization_node,msg=RANSAC : iteration:14568 matching_count:1370 error:0.163051 inlier:0.701291
13.129,ros=1778663569.466954,level=20,name=hdl_global_localization.global_localization_node,msg=RANSAC : iteration:14654 matching_count:1378 error:0.155331 inlier:0.331573
13.129,ros=1778663569.466754,level=20,name=hdl_global_localization.global_localization_node,msg=RANSAC : iteration:14573 matching_count:1371 error:0.156894 inlier:0.546948
13.129,ros=1778663569.468123,level=20,name=hdl_global_localization.global_localization_node,msg=RANSAC : iteration:14781 matching_count:1396 error:0.163053 inlier:0.809859
13.130,ros=1778663569.467577,level=20,name=hdl_global_localization.global_localization_node,msg=RANSAC : iteration:14748 matching_count:1392 error:0.158516 inlier:0.626761
13.130,ros=1778663569.468585,level=20,name=hdl_global_localization.global_localization_node,msg=RANSAC : iteration:15031 matching_count:1417 error:0.156068 inlier:0.565728
13.130,ros=1778663569.468844,level=20,name=hdl_global_localization.global_localization_node,msg=RANSAC : iteration:15181 matching_count:1429 error:0.165214 inlier:0.509977
13.130,ros=1778663569.468436,level=20,name=hdl_global_localization.global_localization_node,msg=RANSAC : iteration:14908 matching_count:1410 error:0.162714 inlier:0.526995
13.130,ros=1778663569.469324,level=20,name=hdl_global_localization.global_localization_node,msg=RANSAC : iteration:15388 matching_count:1455 error:0.165092 inlier:0.883216
13.131,ros=1778663569.469033,level=20,name=hdl_global_localization.global_localization_node,msg=RANSAC : iteration:15284 matching_count:1439 error:0.160049 inlier:0.441901
13.131,ros=1778663569.469564,level=20,name=hdl_global_localization.global_localization_node,msg=RANSAC : iteration:15508 matching_count:1467 error:0.164477 inlier:0.151995
13.131,ros=1778663569.469432,level=20,name=hdl_global_localization.global_localization_node,msg=RANSAC : iteration:15445 matching_count:1461 error:0.162424 inlier:0.266432
13.131,ros=1778663569.469712,level=20,name=hdl_global_localization.global_localization_node,msg=RANSAC : iteration:15550 matching_count:1473 error:0.164019 inlier:0.749413
13.131,ros=1778663569.470117,level=20,name=hdl_global_localization.global_localization_node,msg=RANSAC : iteration:15699 matching_count:1488 error:0.161639 inlier:0.811033
13.132,ros=1778663569.470602,level=20,name=hdl_global_localization.global_localization_node,msg=RANSAC : iteration:16097 matching_count:1516 error:0.160544 inlier:0.617371
13.133,ros=1778663569.470668,level=20,name=hdl_global_localization.global_localization_node,msg=RANSAC : iteration:16140 matching_count:1520 error:0.159256 inlier:0.456573
13.133,ros=1778663569.470786,level=20,name=hdl_global_localization.global_localization_node,msg=RANSAC : iteration:16234 matching_count:1529 error:0.153877 inlier:0.213615
13.133,ros=1778663569.470853,level=20,name=hdl_global_localization.global_localization_node,msg=RANSAC : iteration:16270 matching_count:1533 error:0.158908 inlier:0.542254
13.134,ros=1778663569.471271,level=20,name=hdl_global_localization.global_localization_node,msg=RANSAC : iteration:16591 matching_count:1561 error:0.162587 inlier:0.275235
13.134,ros=1778663569.471330,level=20,name=hdl_global_localization.global_localization_node,msg=RANSAC : iteration:16598 matching_count:1564 error:0.159833 inlier:0.474178
13.134,ros=1778663569.471488,level=20,name=hdl_global_localization.global_localization_node,msg=RANSAC : iteration:16688 matching_count:1573 error:0.148445 inlier:0.0369718
13.134,ros=1778663569.471365,level=20,name=hdl_global_localization.global_localization_node,msg=RANSAC : iteration:16606 matching_count:1566 error:0.157005 inlier:0.569836
13.134,ros=1778663569.471795,level=20,name=hdl_global_localization.global_localization_node,msg=RANSAC : iteration:16859 matching_count:1591 error:0.167479 inlier:0.82277
13.135,ros=1778663569.471902,level=20,name=hdl_global_localization.global_localization_node,msg=RANSAC : iteration:16896 matching_count:1595 error:0.154541 inlier:0.623239
13.135,ros=1778663569.472110,level=20,name=hdl_global_localization.global_localization_node,msg=RANSAC : iteration:16980 matching_count:1606 error:0.167877 inlier:0.507042
13.135,ros=1778663569.472242,level=20,name=hdl_global_localization.global_localization_node,msg=RANSAC : iteration:17031 matching_count:1612 error:0.16085 inlier:0.340376
13.135,ros=1778663569.472430,level=20,name=hdl_global_localization.global_localization_node,msg=RANSAC : iteration:17066 matching_count:1618 error:0.161097 inlier:0.399061
13.135,ros=1778663569.473617,level=20,name=hdl_global_localization.global_localization_node,msg=RANSAC : iteration:17170 matching_count:1626 error:0.15309 inlier:0.537559
13.136,ros=1778663569.473848,level=20,name=hdl_global_localization.global_localization_node,msg=RANSAC : iteration:17241 matching_count:1633 error:0.153321 inlier:0.327465
13.136,ros=1778663569.474254,level=20,name=hdl_global_localization.global_localization_node,msg=RANSAC : iteration:17368 matching_count:1652 error:0.156886 inlier:0.534038
13.136,ros=1778663569.474470,level=20,name=hdl_global_localization.global_localization_node,msg=RANSAC : iteration:17473 matching_count:1663 error:0.150909 inlier:0.748239
13.136,ros=1778663569.474279,level=20,name=hdl_global_localization.global_localization_node,msg=RANSAC : iteration:17375 matching_count:1654 error:0.157473 inlier:0.710681
13.136,ros=1778663569.474556,level=20,name=hdl_global_localization.global_localization_node,msg=RANSAC : iteration:17567 matching_count:1669 error:0.158929 inlier:0.559859
13.137,ros=1778663569.474683,level=20,name=hdl_global_localization.global_localization_node,msg=RANSAC : iteration:17659 matching_count:1677 error:0.159 inlier:0.550469
13.137,ros=1778663569.474688,level=20,name=hdl_global_localization.global_localization_node,msg=RANSAC : iteration:17659 matching_count:1677 error:0.157734 inlier:0.761737
13.137,ros=1778663569.475677,level=20,name=hdl_global_localization.global_localization_node,msg=RANSAC : iteration:18059 matching_count:1716 error:0.15794 inlier:0.704225
13.137,ros=1778663569.475600,level=20,name=hdl_global_localization.global_localization_node,msg=RANSAC : iteration:18043 matching_count:1713 error:0.167507 inlier:0.403756
13.138,ros=1778663569.476108,level=20,name=hdl_global_localization.global_localization_node,msg=RANSAC : iteration:18194 matching_count:1728 error:0.157803 inlier:0.446596
13.138,ros=1778663569.475674,level=20,name=hdl_global_localization.global_localization_node,msg=RANSAC : iteration:18059 matching_count:1716 error:0.158403 inlier:0.467136
13.138,ros=1778663569.476602,level=20,name=hdl_global_localization.global_localization_node,msg=RANSAC : iteration:18478 matching_count:1749 error:0.15678 inlier:0.610329
13.138,ros=1778663569.476653,level=20,name=hdl_global_localization.global_localization_node,msg=RANSAC : iteration:18491 matching_count:1752 error:0.157205 inlier:0.318662
13.138,ros=1778663569.476769,level=20,name=hdl_global_localization.global_localization_node,msg=RANSAC : iteration:18555 matching_count:1759 error:0.161446 inlier:0.728286
13.139,ros=1778663569.477017,level=20,name=hdl_global_localization.global_localization_node,msg=RANSAC : iteration:18624 matching_count:1770 error:0.156864 inlier:0.169014
13.139,ros=1778663569.477432,level=20,name=hdl_global_localization.global_localization_node,msg=RANSAC : iteration:18887 matching_count:1791 error:0.156532 inlier:0.372653
13.139,ros=1778663569.477293,level=20,name=hdl_global_localization.global_localization_node,msg=RANSAC : iteration:18816 matching_count:1783 error:0.161683 inlier:0.589202
13.139,ros=1778663569.477511,level=20,name=hdl_global_localization.global_localization_node,msg=RANSAC : iteration:19006 matching_count:1796 error:0.155949 inlier:0.576878
13.139,ros=1778663569.477834,level=20,name=hdl_global_localization.global_localization_node,msg=RANSAC : iteration:19153 matching_count:1812 error:0.155625 inlier:0.869131
13.139,ros=1778663569.477733,level=20,name=hdl_global_localization.global_localization_node,msg=RANSAC : iteration:19116 matching_count:1807 error:0.15835 inlier:0.793427
13.140,ros=1778663569.477880,level=20,name=hdl_global_localization.global_localization_node,msg=RANSAC : iteration:19162 matching_count:1814 error:0.161351 inlier:0.485329
13.140,ros=1778663569.478487,level=20,name=hdl_global_localization.global_localization_node,msg=RANSAC : iteration:19388 matching_count:1832 error:0.158021 inlier:0.677817
13.140,ros=1778663569.478516,level=20,name=hdl_global_localization.global_localization_node,msg=RANSAC : iteration:19438 matching_count:1834 error:0.162803 inlier:0.782277
13.140,ros=1778663569.478809,level=20,name=hdl_global_localization.global_localization_node,msg=RANSAC : iteration:19596 matching_count:1850 error:0.157255 inlier:0.362676
13.140,ros=1778663569.478612,level=20,name=hdl_global_localization.global_localization_node,msg=RANSAC : iteration:19499 matching_count:1839 error:0.156533 inlier:0.393192
13.141,ros=1778663569.478921,level=20,name=hdl_global_localization.global_localization_node,msg=RANSAC : iteration:19644 matching_count:1856 error:0.159961 inlier:0.265845
13.141,ros=1778663569.479108,level=20,name=hdl_global_localization.global_localization_node,msg=RANSAC : iteration:19723 matching_count:1866 error:0.16081 inlier:0.774061
13.141,ros=1778663569.479298,level=20,name=hdl_global_localization.global_localization_node,msg=RANSAC : iteration:19883 matching_count:1877 error:0.170098 inlier:0.478286
13.141,ros=1778663569.479369,level=20,name=hdl_global_localization.global_localization_node,msg=RANSAC : iteration:19914 matching_count:1881 error:0.162388 inlier:0.792254
13.141,ros=1778663569.479339,level=20,name=hdl_global_localization.global_localization_node,msg=RANSAC : iteration:19891 matching_count:1879 error:0.158569 inlier:0.503521
13.142,ros=1778663569.479730,level=20,name=hdl_global_localization.global_localization_node,msg=RANSAC : iteration:20086 matching_count:1902 error:0.156913 inlier:0.75939
13.142,ros=1778663569.479733,level=20,name=hdl_global_localization.global_localization_node,msg=RANSAC : iteration:20086 matching_count:1902 error:0.160014 inlier:0.248239
13.142,ros=1778663569.479760,level=20,name=hdl_global_localization.global_localization_node,msg=RANSAC : iteration:20086 matching_count:1902 error:0.159386 inlier:0.275822
13.143,ros=1778663569.479782,level=20,name=hdl_global_localization.global_localization_node,msg=RANSAC : iteration:20086 matching_count:1902 error:0.160292 inlier:0.605634
13.143,ros=1778663569.479999,level=20,name=hdl_global_localization.global_localization_node,msg=RANSAC : iteration:20234 matching_count:1910 error:0.157529 inlier:0.603873
13.144,ros=1778663569.479506,level=20,name=hdl_global_localization.global_localization_node,msg=RANSAC : iteration:19979 matching_count:1890 error:0.158177 inlier:0.240023
13.144,ros=1778663569.480033,level=20,name=hdl_global_localization.global_localization_node,msg=RANSAC : iteration:20246 matching_count:1913 error:0.158585 inlier:0.603873
13.144,ros=1778663569.480045,level=20,name=hdl_global_localization.global_localization_node,msg=RANSAC : iteration:20246 matching_count:1913 error:0.160652 inlier:0.492371
13.144,ros=1778663569.480408,level=20,name=hdl_global_localization.global_localization_node,msg=RANSAC : iteration:20328 matching_count:1924 error:0.157351 inlier:0.376761
13.145,ros=1778663569.480101,level=20,name=hdl_global_localization.global_localization_node,msg=RANSAC : iteration:20246 matching_count:1913 error:0.157385 inlier:0.514085
13.145,ros=1778663569.480111,level=20,name=hdl_global_localization.global_localization_node,msg=RANSAC : iteration:20246 matching_count:1913 error:0.164389 inlier:0.485915
13.145,ros=1778663569.480219,level=20,name=hdl_global_localization.global_localization_node,msg=RANSAC : iteration:20281 matching_count:1917 error:0.160801 inlier:0.7723
13.145,ros=1778663569.480219,level=20,name=hdl_global_localization.global_localization_node,msg=RANSAC : iteration:20273 matching_count:1916 error:0.160735 inlier:0.5
13.146,ros=1778663569.480315,level=20,name=hdl_global_localization.global_localization_node,msg=RANSAC : iteration:20308 matching_count:1920 error:0.158911 inlier:0.198357
13.146,ros=1778663569.480537,level=20,name=hdl_global_localization.global_localization_node,msg=RANSAC : iteration:20387 matching_count:1930 error:0.161006 inlier:0.536385
13.146,ros=1778663569.480551,level=20,name=hdl_global_localization.global_localization_node,msg=RANSAC : iteration:20393 matching_count:1931 error:0.14072 inlier:0.836268
13.146,ros=1778663569.480076,level=20,name=hdl_global_localization.global_localization_node,msg=RANSAC : iteration:20246 matching_count:1913 error:0.158124 inlier:0.610329
13.147,ros=1778663569.480583,level=20,name=hdl_global_localization.global_localization_node,msg=RANSAC : iteration:20434 matching_count:1933 error:0.158635 inlier:0.597418
13.147,ros=1778663569.480604,level=20,name=hdl_global_localization.global_localization_node,msg=RANSAC : iteration:20463 matching_count:1935 error:0.150897 inlier:0.246479
13.147,ros=1778663569.480474,level=20,name=hdl_global_localization.global_localization_node,msg=RANSAC : iteration:20370 matching_count:1927 error:0.164679 inlier:0.591549
13.148,ros=1778663569.480448,level=20,name=hdl_global_localization.global_localization_node,msg=RANSAC : iteration:20336 matching_count:1926 error:0.161546 inlier:0.372653
13.148,ros=1778663569.480486,level=20,name=hdl_global_localization.global_localization_node,msg=RANSAC : iteration:20370 matching_count:1927 error:0.159761 inlier:0.478873
13.148,ros=1778663569.480675,level=20,name=hdl_global_localization.global_localization_node,msg=RANSAC : iteration:20477 matching_count:1939 error:0.162298 inlier:0.531103
13.149,ros=1778663569.480697,level=20,name=hdl_global_localization.global_localization_node,msg=RANSAC : iteration:20481 matching_count:1940 error:0.163712 inlier:0.518779
13.149,ros=1778663569.480717,level=20,name=hdl_global_localization.global_localization_node,msg=RANSAC : iteration:20488 matching_count:1941 error:0.158901 inlier:0.276408
13.149,ros=1778663569.480353,level=20,name=hdl_global_localization.global_localization_node,msg=RANSAC : iteration:20315 matching_count:1920 error:0.159491 inlier:0.492371
13.150,ros=1778663569.480442,level=20,name=hdl_global_localization.global_localization_node,msg=RANSAC : iteration:20336 matching_count:1926 error:0.165007 inlier:0.173122
13.150,ros=1778663569.480796,level=20,name=hdl_global_localization.global_localization_node,msg=RANSAC : iteration:20520 matching_count:1943 error:0.161984 inlier:0.257042
13.150,ros=1778663569.480483,level=20,name=hdl_global_localization.global_localization_node,msg=RANSAC : iteration:20370 matching_count:1927 error:0.161994 inlier:0.876174
13.150,ros=1778663569.480835,level=20,name=hdl_global_localization.global_localization_node,msg=RANSAC : iteration:20528 matching_count:1945 error:0.161752 inlier:0.283451
13.151,ros=1778663569.480657,level=20,name=hdl_global_localization.global_localization_node,msg=RANSAC : iteration:20475 matching_count:1938 error:0.160783 inlier:0.293427
13.151,ros=1778663569.480896,level=20,name=hdl_global_localization.global_localization_node,msg=RANSAC : iteration:20563 matching_count:1948 error:0.159809 inlier:0.625587
13.154,ros=1778663569.480706,level=20,name=hdl_global_localization.global_localization_node,msg=RANSAC : iteration:20481 matching_count:1940 error:0.146394 inlier:0.694249
13.154,ros=1778663569.480336,level=20,name=hdl_global_localization.global_localization_node,msg=RANSAC : iteration:20308 matching_count:1920 error:0.157215 inlier:0.306925
13.155,ros=1778663569.480720,level=20,name=hdl_global_localization.global_localization_node,msg=RANSAC : iteration:20488 matching_count:1941 error:0.161161 inlier:0.525235
13.155,ros=1778663569.480761,level=20,name=hdl_global_localization.global_localization_node,msg=RANSAC : iteration:20516 matching_count:1943 error:0.16063 inlier:0.808099
13.155,ros=1778663569.480495,level=20,name=hdl_global_localization.global_localization_node,msg=RANSAC : iteration:20375 matching_count:1928 error:0.159624 inlier:0.296362
13.156,ros=1778663569.480782,level=20,name=hdl_global_localization.global_localization_node,msg=RANSAC : iteration:20516 matching_count:1943 error:0.153652 inlier:0.142019
13.156,ros=1778663569.480606,level=20,name=hdl_global_localization.global_localization_node,msg=RANSAC : iteration:20463 matching_count:1935 error:0.159248 inlier:0.402582
13.156,ros=1778663569.480822,level=20,name=hdl_global_localization.global_localization_node,msg=RANSAC : iteration:20528 matching_count:1945 error:0.160296 inlier:0.543427
13.156,ros=1778663569.480652,level=20,name=hdl_global_localization.global_localization_node,msg=RANSAC : iteration:20475 matching_count:1938 error:0.150674 inlier:0.448944
13.157,ros=1778663569.481158,level=20,name=hdl_global_localization.global_localization_node,msg=RANSAC : iteration:20634 matching_count:1957 error:0.161165 inlier:0.382042
13.157,ros=1778663569.481181,level=20,name=hdl_global_localization.global_localization_node,msg=RANSAC : iteration:20639 matching_count:1959 error:0.159853 inlier:0.459507
13.157,ros=1778663569.480909,level=20,name=hdl_global_localization.global_localization_node,msg=RANSAC : iteration:20563 matching_count:1948 error:0.159386 inlier:0.838615
13.158,ros=1778663569.480911,level=20,name=hdl_global_localization.global_localization_node,msg=RANSAC : iteration:20563 matching_count:1948 error:0.158255 inlier:0.539906
13.159,ros=1778663569.481227,level=20,name=hdl_global_localization.global_localization_node,msg=RANSAC : iteration:20669 matching_count:1961 error:0.163263 inlier:0.207746
13.160,ros=1778663569.481245,level=20,name=hdl_global_localization.global_localization_node,msg=RANSAC : iteration:20685 matching_count:1963 error:0.163412 inlier:0.526995
13.160,ros=1778663569.481267,level=20,name=hdl_global_localization.global_localization_node,msg=RANSAC : iteration:20691 matching_count:1964 error:0.154509 inlier:0.22007
13.160,ros=1778663569.480948,level=20,name=hdl_global_localization.global_localization_node,msg=RANSAC : iteration:20582 matching_count:1950 error:0.161276 inlier:0.291667
13.160,ros=1778663569.480700,level=20,name=hdl_global_localization.global_localization_node,msg=RANSAC : iteration:20481 matching_count:1940 error:0.155923 inlier:0.299883
13.161,ros=1778663569.480978,level=20,name=hdl_global_localization.global_localization_node,msg=RANSAC : iteration:20589 matching_count:1951 error:0.158645 inlier:0.546948
13.161,ros=1778663569.480998,level=20,name=hdl_global_localization.global_localization_node,msg=RANSAC : iteration:20589 matching_count:1951 error:0.159841 inlier:0.518779
13.161,ros=1778663569.481031,level=20,name=hdl_global_localization.global_localization_node,msg=RANSAC : iteration:20589 matching_count:1951 error:0.161443 inlier:0.542254
13.161,ros=1778663569.481079,level=20,name=hdl_global_localization.global_localization_node,msg=RANSAC : iteration:20600 matching_count:1953 error:0.162059 inlier:0.189554
13.162,ros=1778663569.481145,level=20,name=hdl_global_localization.global_localization_node,msg=RANSAC : iteration:20634 matching_count:1957 error:0.16041 inlier:0.61561
13.162,ros=1778663569.481426,level=20,name=hdl_global_localization.global_localization_node,msg=RANSAC : iteration:20751 matching_count:1971 error:0.159055 inlier:0.360329
13.163,ros=1778663569.481272,level=20,name=hdl_global_localization.global_localization_node,msg=RANSAC : iteration:20691 matching_count:1964 error:0.155683 inlier:0.410798
13.163,ros=1778663569.481300,level=20,name=hdl_global_localization.global_localization_node,msg=RANSAC : iteration:20692 matching_count:1965 error:0.157506 inlier:0.764085
13.163,ros=1778663569.481466,level=20,name=hdl_global_localization.global_localization_node,msg=RANSAC : iteration:20790 matching_count:1974 error:0.157329 inlier:0.539319
13.164,ros=1778663569.481477,level=20,name=hdl_global_localization.global_localization_node,msg=RANSAC : iteration:20803 matching_count:1975 error:0.164512 inlier:0.41608
13.164,ros=1778663569.481337,level=20,name=hdl_global_localization.global_localization_node,msg=RANSAC : iteration:20706 matching_count:1967 error:0.161883 inlier:0.547535
13.164,ros=1778663569.481524,level=20,name=hdl_global_localization.global_localization_node,msg=RANSAC : iteration:20819 matching_count:1978 error:0.159584 inlier:0.798122
13.165,ros=1778663569.481535,level=20,name=hdl_global_localization.global_localization_node,msg=RANSAC : iteration:20819 matching_count:1978 error:0.165498 inlier:0.164319
13.165,ros=1778663569.481548,level=20,name=hdl_global_localization.global_localization_node,msg=RANSAC : iteration:20833 matching_count:1979 error:0.160866 inlier:0.36385
13.165,ros=1778663569.481397,level=20,name=hdl_global_localization.global_localization_node,msg=RANSAC : iteration:20750 matching_count:1970 error:0.162863 inlier:0.525235
13.165,ros=1778663569.481604,level=20,name=hdl_global_localization.global_localization_node,msg=RANSAC : iteration:20874 matching_count:1982 error:0.160194 inlier:0.367958
13.166,ros=1778663569.481627,level=20,name=hdl_global_localization.global_localization_node,msg=RANSAC : iteration:20874 matching_count:1982 error:0.159832 inlier:0.491784
13.166,ros=1778663569.481434,level=20,name=hdl_global_localization.global_localization_node,msg=RANSAC : iteration:20762 matching_count:1972 error:0.157703 inlier:0.683685
13.166,ros=1778663569.481445,level=20,name=hdl_global_localization.global_localization_node,msg=RANSAC : iteration:20777 matching_count:1973 error:0.176823 inlier:0.663732
13.166,ros=1778663569.480925,level=20,name=hdl_global_localization.global_localization_node,msg=RANSAC : iteration:20573 matching_count:1949 error:0.159914 inlier:0.285798
13.167,ros=1778663569.481309,level=20,name=hdl_global_localization.global_localization_node,msg=RANSAC : iteration:20692 matching_count:1965 error:0.160564 inlier:0.783451
13.167,ros=1778663569.481514,level=20,name=hdl_global_localization.global_localization_node,msg=RANSAC : iteration:20815 matching_count:1977 error:0.153475 inlier:0.585681
13.167,ros=1778663569.481549,level=20,name=hdl_global_localization.global_localization_node,msg=RANSAC : iteration:20833 matching_count:1979 error:0.159557 inlier:0.704225
13.167,ros=1778663569.481346,level=20,name=hdl_global_localization.global_localization_node,msg=RANSAC : iteration:20706 matching_count:1967 error:0.158151 inlier:0.743545
13.168,ros=1778663569.481558,level=20,name=hdl_global_localization.global_localization_node,msg=RANSAC : iteration:20871 matching_count:1980 error:0.159233 inlier:0.691901
13.168,ros=1778663569.481349,level=20,name=hdl_global_localization.global_localization_node,msg=RANSAC : iteration:20706 matching_count:1967 error:0.161595 inlier:0.542254
13.168,ros=1778663569.481634,level=20,name=hdl_global_localization.global_localization_node,msg=RANSAC : iteration:20876 matching_count:1983 error:0.156425 inlier:0.631455
13.169,ros=1778663569.481645,level=20,name=hdl_global_localization.global_localization_node,msg=RANSAC : iteration:20880 matching_count:1984 error:0.167293 inlier:0.25
13.169,ros=1778663569.481668,level=20,name=hdl_global_localization.global_localization_node,msg=RANSAC : iteration:20892 matching_count:1984 error:0.156689 inlier:0.551056
13.169,ros=1778663569.481211,level=20,name=hdl_global_localization.global_localization_node,msg=RANSAC : iteration:20659 matching_count:1960 error:0.16072 inlier:0.168427
13.169,ros=1778663569.482001,level=20,name=hdl_global_localization.global_localization_node,msg=RANSAC : iteration:21005 matching_count:1997 error:0.163625 inlier:0.359155
13.170,ros=1778663569.482019,level=20,name=hdl_global_localization.global_localization_node,msg=RANSAC : iteration:21005 matching_count:1997 error:0.162893 inlier:0.247066
13.170,ros=1778663569.481726,level=20,name=hdl_global_localization.global_localization_node,msg=RANSAC : iteration:20896 matching_count:1986 error:0.157303 inlier:0.230634
13.170,ros=1778663569.482040,level=20,name=hdl_global_localization.global_localization_node,msg=RANSAC : iteration:21041 matching_count:1999 error:0.165345 inlier:0.55223
13.170,ros=1778663569.482051,level=20,name=hdl_global_localization.global_localization_node,msg=RANSAC : iteration:21045 matching_count:2000 error:0.15872 inlier:0.588028
13.171,ros=1778663569.481776,level=20,name=hdl_global_localization.global_localization_node,msg=RANSAC : iteration:20896 matching_count:1986 error:0.160694 inlier:0.389085
13.171,ros=1778663569.481928,level=20,name=hdl_global_localization.global_localization_node,msg=RANSAC : iteration:20956 matching_count:1992 error:0.162005 inlier:0.561033
13.171,ros=1778663569.481945,level=20,name=hdl_global_localization.global_localization_node,msg=RANSAC : iteration:20978 matching_count:1994 error:0.155648 inlier:0.505282
13.171,ros=1778663569.481957,level=20,name=hdl_global_localization.global_localization_node,msg=RANSAC : iteration:20980 matching_count:1994 error:0.161316 inlier:0.230047
13.172,ros=1778663569.482022,level=20,name=hdl_global_localization.global_localization_node,msg=RANSAC : iteration:21017 matching_count:1997 error:0.154471 inlier:0.568662
13.172,ros=1778663569.482044,level=20,name=hdl_global_localization.global_localization_node,msg=RANSAC : iteration:21045 matching_count:1999 error:0.15742 inlier:0.464202
13.172,ros=1778663569.481742,level=20,name=hdl_global_localization.global_localization_node,msg=RANSAC : iteration:20896 matching_count:1986 error:0.15603 inlier:0.286385
13.173,ros=1778663569.481756,level=20,name=hdl_global_localization.global_localization_node,msg=RANSAC : iteration:20896 matching_count:1986 error:0.16162 inlier:0.280516
13.173,ros=1778663569.482062,level=20,name=hdl_global_localization.global_localization_node,msg=RANSAC : iteration:21048 matching_count:2001 error:0.165465 inlier:0.523474
13.173,ros=1778663569.482121,level=20,name=hdl_global_localization.global_localization_node,msg=RANSAC : iteration:21048 matching_count:2001 error:0.165656 inlier:0.785798
13.174,ros=1778663569.482121,level=20,name=hdl_global_localization.global_localization_node,msg=RANSAC : iteration:21048 matching_count:2001 error:0.157199 inlier:0.610329
13.174,ros=1778663569.482128,level=20,name=hdl_global_localization.global_localization_node,msg=RANSAC : iteration:21048 matching_count:2001 error:0.158762 inlier:0.0909624
13.174,ros=1778663569.481672,level=20,name=hdl_global_localization.global_localization_node,msg=RANSAC : iteration:20892 matching_count:1985 error:0.164853 inlier:0.469484
13.174,ros=1778663569.482152,level=20,name=hdl_global_localization.global_localization_node,msg=RANSAC : iteration:21048 matching_count:2001 error:0.153331 inlier:0.382042
13.175,ros=1778663569.482154,level=20,name=hdl_global_localization.global_localization_node,msg=RANSAC : iteration:21048 matching_count:2001 error:0.155188 inlier:0.328638
13.175,ros=1778663569.483462,level=20,name=HdlLocalizationNodelet,msg=Global localization candidates: returned=10 requested=10 fitness_threshold=0.12 min_margin=0.1 query_points=14501
13.300,ros=1778663569.640546,level=30,name=robot_realpose_publisher,msg=Failed to get TF map->base_footprint: Could not find a connection between 'map' and 'base_footprint' because they are not part of the same tree.Tf has two or more unconnected trees.
13.312,ros=1778663569.652347,level=20,name=HdlLocalizationNodelet,msg=Global localization candidate[0] trans=(0.00653505, 5.86496, 0.544791) error=0.172121 inlier=0.92723 ndt_converged=1 ndt_fitness=0.101345
13.429,ros=1778663569.769757,level=20,name=HdlLocalizationNodelet,msg=Global localization candidate[1] trans=(-2.80789, 9.69491, 0.688664) error=0.167901 inlier=0.919601 ndt_converged=1 ndt_fitness=0.26587
13.549,ros=1778663569.888949,level=20,name=HdlLocalizationNodelet,msg=Global localization candidate[2] trans=(-0.132301, 1.96184, -0.228884) error=0.150468 inlier=0.91784 ndt_converged=1 ndt_fitness=0.0285794
13.595,ros=1778663569.935054,level=20,name=HdlLocalizationNodelet,msg=Global localization candidate[3] trans=(0.156154, 2.82716, 0.25575) error=0.150317 inlier=0.903169 ndt_converged=1 ndt_fitness=0.187288
13.731,ros=1778663570.071038,level=20,name=HdlLocalizationNodelet,msg=Global localization candidate[4] trans=(2.31982, 12.4122, 1.1464) error=0.162911 inlier=0.901408 ndt_converged=1 ndt_fitness=0.298489
13.827,ros=1778663570.168005,level=20,name=HdlLocalizationNodelet,msg=Global localization candidate[5] trans=(6.33764, 8.64343, -0.258942) error=0.158404 inlier=0.893192 ndt_converged=1 ndt_fitness=0.337571
13.910,ros=1778663570.250778,level=20,name=HdlLocalizationNodelet,msg=Global localization candidate[6] trans=(2.56274, 9.38107, 0.389658) error=0.162382 inlier=0.891432 ndt_converged=1 ndt_fitness=0.381642
13.951,ros=1778663570.291181,level=20,name=HdlLocalizationNodelet,msg=Global localization candidate[7] trans=(-1.42257, -0.0232937, 0.232193) error=0.151708 inlier=0.888498 ndt_converged=1 ndt_fitness=0.242067
14.068,ros=1778663570.408197,level=20,name=HdlLocalizationNodelet,msg=Global localization candidate[8] trans=(8.2111, 7.07524, 0.249764) error=0.162505 inlier=0.887911 ndt_converged=1 ndt_fitness=0.215619
14.116,ros=1778663570.456681,level=20,name=HdlLocalizationNodelet,msg=Global localization candidate[9] trans=(-0.511434, 2.91524, 0.293479) error=0.157965 inlier=0.886737 ndt_converged=1 ndt_fitness=0.223854
14.117,ros=1778663570.456807,level=20,name=HdlLocalizationNodelet,msg=Best global localization candidate[2] fitness=0.0285794 error=0.150468 inlier=0.91784 accepted_candidates=2
14.117,ros=1778663570.456829,level=20,name=HdlLocalizationNodelet,msg=Second global localization candidate[0] fitness=0.101345 margin=0.0727653
14.117,ros=1778663570.456836,level=30,name=HdlLocalizationNodelet,msg=reject global localization result: ambiguous fitness margin 0.0727653 < 0.1
14.117,ros=1778663570.456854,level=30,name=HdlLocalizationNodelet,msg=auto relocalize failed; call /relocalize after the scan is stable or set /initialpose manually
14.118,ros=1778663570.458848,level=30,name=HdlLocalizationNodelet,msg=waiting for initial pose input or global relocalization!!
14.125,ros=1778663570.465522,level=30,name=HdlLocalizationNodelet,msg=waiting for initial pose input or global relocalization!!
14.131,ros=1778663570.471280,level=30,name=HdlLocalizationNodelet,msg=waiting for initial pose input or global relocalization!!
14.177,ros=1778663570.515467,level=30,name=HdlLocalizationNodelet,msg=waiting for initial pose input or global relocalization!!
14.272,ros=1778663570.612367,level=20,name=HdlLocalizationNodelet,msg=initial pose received!!
14.402,ros=1778663570.741496,level=20,name=robot_realpose_publisher,msg=TF ready: map->base_footprint
31.897,ros=1778663588.235240,level=20,name=controller_server,msg=Running Nav2 LifecycleNode rcl preshutdown (controller_server)
31.898,ros=1778663588.235355,level=20,name=controller_server,msg=Destroying bond (controller_server) to lifecycle manager.
31.898,ros=1778663588.235363,level=20,name=bt_navigator,msg=Running Nav2 LifecycleNode rcl preshutdown (bt_navigator)
31.900,ros=1778663588.235419,level=20,name=planner_server,msg=Running Nav2 LifecycleNode rcl preshutdown (planner_server)
31.900,ros=1778663588.235437,level=20,name=bt_navigator,msg=Destroying bond (bt_navigator) to lifecycle manager.
31.902,ros=1778663588.235613,level=20,name=planner_server,msg=Cleaning up
31.981,ros=1778663588.320656,level=20,name=global_costmap.global_costmap,msg=Cleaning up
31.992,ros=1778663588.331743,level=20,name=planner_server,msg=Cleaning up plugin GridBased of type NavfnPlanner
31.993,ros=1778663588.332056,level=20,name=planner_server,msg=Destroying plugin GridBased of type NavfnPlanner
32.016,ros=1778663588.355968,level=20,name=planner_server,msg=Destroying bond (planner_server) to lifecycle manager.
45.363,ros=1778663601.703112,level=30,name=fast_lio_node,msg=No point, skip this scan!

45.433,ros=1778663601.773394,level=20,name=HdlLocalizationNodelet,msg=wait for global localization services
45.444,ros=1778663601.784702,level=20,name=HdlLocalizationNodelet,msg=create registration method for localization
45.445,ros=1778663601.784743,level=20,name=HdlLocalizationNodelet,msg=NDT_OMP is selected
45.446,ros=1778663601.786051,level=20,name=HdlLocalizationNodelet,msg=search_method DIRECT7 is selected
45.446,ros=1778663601.786118,level=20,name=HdlLocalizationNodelet,msg=create registration method for fallback during relocalization
45.449,ros=1778663601.786134,level=20,name=HdlLocalizationNodelet,msg=NDT_OMP is selected
45.450,ros=1778663601.786160,level=20,name=HdlLocalizationNodelet,msg=search_method DIRECT7 is selected
45.469,ros=1778663601.809031,level=20,name=fast_lio_node,msg=Initialize the map kdtree
45.601,ros=1778663601.941083,level=40,name=HdlLocalizationNodelet,msg=point cloud cannot be transformed into target frame!!
45.681,ros=1778663602.020415,level=40,name=HdlLocalizationNodelet,msg=point cloud cannot be transformed into target frame!!
45.785,ros=1778663602.124929,level=30,name=HdlLocalizationNodelet,msg=waiting for initial pose input or global relocalization!!
45.899,ros=1778663602.238627,level=30,name=HdlLocalizationNodelet,msg=waiting for initial pose input or global relocalization!!
45.987,ros=1778663602.327480,level=30,name=HdlLocalizationNodelet,msg=waiting for initial pose input or global relocalization!!
46.077,ros=1778663602.417819,level=30,name=HdlLocalizationNodelet,msg=waiting for initial pose input or global relocalization!!
46.208,ros=1778663602.548267,level=30,name=HdlLocalizationNodelet,msg=waiting for initial pose input or global relocalization!!
46.287,ros=1778663602.627136,level=30,name=HdlLocalizationNodelet,msg=waiting for initial pose input or global relocalization!!
46.384,ros=1778663602.720467,level=30,name=HdlLocalizationNodelet,msg=waiting for initial pose input or global relocalization!!
46.416,ros=1778663602.756110,level=20,name=HdlLocalizationNodelet,msg=globalmap received!
46.445,ros=1778663602.785633,level=20,name=HdlLocalizationNodelet,msg=set globalmap for global localization!
46.486,ros=1778663602.824968,level=30,name=HdlLocalizationNodelet,msg=waiting for initial pose input or global relocalization!!
46.512,ros=1778663602.851084,level=20,name=hdl_global_localization.global_localization_node,msg=Global Map Received
46.529,ros=1778663602.868515,level=20,name=hdl_global_localization.global_localization_node,msg=Normal Estimation: Radius(1)
46.555,ros=1778663602.892862,level=20,name=hdl_global_localization.global_localization_node,msg=FPFH Extraction: Search Radius(3)
46.606,ros=1778663602.942263,level=30,name=HdlLocalizationNodelet,msg=waiting for initial pose input or global relocalization!!
46.708,ros=1778663603.046240,level=30,name=HdlLocalizationNodelet,msg=waiting for initial pose input or global relocalization!!
46.822,ros=1778663603.156494,level=30,name=HdlLocalizationNodelet,msg=waiting for initial pose input or global relocalization!!
46.946,ros=1778663603.262806,level=30,name=HdlLocalizationNodelet,msg=waiting for initial pose input or global relocalization!!
47.026,ros=1778663603.360251,level=30,name=HdlLocalizationNodelet,msg=waiting for initial pose input or global relocalization!!
47.149,ros=1778663603.488207,level=30,name=HdlLocalizationNodelet,msg=waiting for initial pose input or global relocalization!!
47.229,ros=1778663603.567437,level=30,name=HdlLocalizationNodelet,msg=waiting for initial pose input or global relocalization!!
47.348,ros=1778663603.684911,level=30,name=HdlLocalizationNodelet,msg=waiting for initial pose input or global relocalization!!
47.422,ros=1778663603.753599,level=30,name=HdlLocalizationNodelet,msg=waiting for initial pose input or global relocalization!!
47.513,ros=1778663603.852540,level=30,name=HdlLocalizationNodelet,msg=waiting for initial pose input or global relocalization!!
47.611,ros=1778663603.945346,level=30,name=HdlLocalizationNodelet,msg=waiting for initial pose input or global relocalization!!
47.691,ros=1778663604.031309,level=30,name=HdlLocalizationNodelet,msg=waiting for initial pose input or global relocalization!!
47.806,ros=1778663604.140666,level=30,name=HdlLocalizationNodelet,msg=waiting for initial pose input or global relocalization!!
47.941,ros=1778663604.279314,level=30,name=HdlLocalizationNodelet,msg=waiting for initial pose input or global relocalization!!
48.091,ros=1778663604.397503,level=30,name=HdlLocalizationNodelet,msg=waiting for initial pose input or global relocalization!!
48.174,ros=1778663604.508560,level=30,name=HdlLocalizationNodelet,msg=waiting for initial pose input or global relocalization!!
48.257,ros=1778663604.585982,level=30,name=HdlLocalizationNodelet,msg=waiting for initial pose input or global relocalization!!
48.327,ros=1778663604.649423,level=30,name=HdlLocalizationNodelet,msg=waiting for initial pose input or global relocalization!!
48.411,ros=1778663604.750079,level=30,name=HdlLocalizationNodelet,msg=waiting for initial pose input or global relocalization!!
48.487,ros=1778663604.826293,level=30,name=HdlLocalizationNodelet,msg=waiting for initial pose input or global relocalization!!
48.568,ros=1778663604.908206,level=20,name=hdl_global_localization.global_localization_node,msg=RANSAC params: voxel_based=1 max_corr=0.8 similarity=0.5 randomness=3 max_iterations=80000 matching_budget=2000 min_inlier=0.12
48.582,ros=1778663604.922172,level=30,name=HdlLocalizationNodelet,msg=waiting for initial pose input or global relocalization!!
48.639,ros=1778663604.979993,level=20,name=hdl_global_localization.global_localization_node,msg=DONE
48.640,ros=1778663604.980480,level=20,name=HdlLocalizationNodelet,msg=globalmap set for global localization
48.682,ros=1778663605.021323,level=30,name=HdlLocalizationNodelet,msg=waiting for initial pose input or global relocalization!!
48.781,ros=1778663605.121159,level=30,name=HdlLocalizationNodelet,msg=waiting for initial pose input or global relocalization!!
48.878,ros=1778663605.217701,level=30,name=HdlLocalizationNodelet,msg=waiting for initial pose input or global relocalization!!
48.983,ros=1778663605.323844,level=30,name=HdlLocalizationNodelet,msg=waiting for initial pose input or global relocalization!!
49.077,ros=1778663605.416705,level=30,name=HdlLocalizationNodelet,msg=waiting for initial pose input or global relocalization!!
49.192,ros=1778663605.532446,level=30,name=HdlLocalizationNodelet,msg=waiting for initial pose input or global relocalization!!
49.280,ros=1778663605.619538,level=30,name=HdlLocalizationNodelet,msg=waiting for initial pose input or global relocalization!!
49.311,ros=1778663605.650471,level=20,name=navigation_state_manager,msg=导航状态管理器启动完成 - 负责导航执行和状态管理
49.311,ros=1778663605.650811,level=20,name=navigation_state_manager,msg=位置容差: 0.15m, 方向容差: 0.3rad
49.387,ros=1778663605.726801,level=30,name=HdlLocalizationNodelet,msg=waiting for initial pose input or global relocalization!!
49.445,ros=1778663605.784755,level=20,name=HdlLocalizationNodelet,msg=auto relocalize on start
49.450,ros=1778663605.790566,level=20,name=HdlLocalizationNodelet,msg=global localization height-filtered scan points: 14573 z=[0, inf]
49.487,ros=1778663605.825512,level=30,name=HdlLocalizationNodelet,msg=waiting for initial pose input or global relocalization!!
49.582,ros=1778663605.922321,level=30,name=HdlLocalizationNodelet,msg=waiting for initial pose input or global relocalization!!
49.681,ros=1778663606.016755,level=30,name=HdlLocalizationNodelet,msg=waiting for initial pose input or global relocalization!!
49.710,ros=1778663606.036501,level=20,name=hdl_global_localization.global_localization_node,msg=Query Global Localization
49.711,ros=1778663606.050452,level=20,name=hdl_global_localization.global_localization_node,msg=Normal Estimation: Radius(1)
49.715,ros=1778663606.053968,level=20,name=hdl_global_localization.global_localization_node,msg=FPFH Extraction: Search Radius(3)
49.733,ros=1778663606.073079,level=20,name=hdl_global_localization.global_localization_node,msg=RANSAC : Precompute Nearest Features
49.778,ros=1778663606.118308,level=20,name=hdl_global_localization.global_localization_node,msg=RANSAC : Main Loop
49.778,ros=1778663606.118391,level=30,name=HdlLocalizationNodelet,msg=waiting for initial pose input or global relocalization!!
49.781,ros=1778663606.120842,level=20,name=hdl_global_localization.global_localization_node,msg=RANSAC : iteration:162 matching_count:12 error:0.163013 inlier:0.616056
49.786,ros=1778663606.121260,level=20,name=hdl_global_localization.global_localization_node,msg=RANSAC : iteration:321 matching_count:25 error:0.160069 inlier:0.474695
49.787,ros=1778663606.122027,level=20,name=hdl_global_localization.global_localization_node,msg=RANSAC : iteration:481 matching_count:46 error:0.158656 inlier:0.328679
49.787,ros=1778663606.122061,level=20,name=hdl_global_localization.global_localization_node,msg=RANSAC : iteration:486 matching_count:47 error:0.164843 inlier:0.619546
49.788,ros=1778663606.124204,level=20,name=hdl_global_localization.global_localization_node,msg=RANSAC : iteration:901 matching_count:89 error:0.1661 inlier:0.407795
49.788,ros=1778663606.124277,level=20,name=hdl_global_localization.global_localization_node,msg=RANSAC : iteration:914 matching_count:91 error:0.160465 inlier:0.82897
49.789,ros=1778663606.126761,level=20,name=hdl_global_localization.global_localization_node,msg=RANSAC : iteration:1227 matching_count:123 error:0.158667 inlier:0.571844
49.789,ros=1778663606.120858,level=20,name=hdl_global_localization.global_localization_node,msg=RANSAC : iteration:162 matching_count:12 error:0.160649 inlier:0.612565
49.789,ros=1778663606.127926,level=20,name=hdl_global_localization.global_localization_node,msg=RANSAC : iteration:1545 matching_count:151 error:0.158555 inlier:0.428156
49.789,ros=1778663606.127762,level=20,name=hdl_global_localization.global_localization_node,msg=RANSAC : iteration:1488 matching_count:145 error:0.164977 inlier:0.532868
49.790,ros=1778663606.128076,level=20,name=hdl_global_localization.global_localization_node,msg=RANSAC : iteration:1598 matching_count:157 error:0.158583 inlier:0.687027
49.790,ros=1778663606.128088,level=20,name=hdl_global_localization.global_localization_node,msg=RANSAC : iteration:1605 matching_count:157 error:0.161348 inlier:0.385689
49.790,ros=1778663606.128681,level=20,name=hdl_global_localization.global_localization_node,msg=RANSAC : iteration:1766 matching_count:183 error:0.161121 inlier:0.354857
49.790,ros=1778663606.128658,level=20,name=hdl_global_localization.global_localization_node,msg=RANSAC : iteration:1734 matching_count:182 error:0.160099 inlier:0.55032
49.790,ros=1778663606.128725,level=20,name=hdl_global_localization.global_localization_node,msg=RANSAC : iteration:1786 matching_count:185 error:0.165138 inlier:0.186736
49.791,ros=1778663606.129745,level=20,name=hdl_global_localization.global_localization_node,msg=RANSAC : iteration:2333 matching_count:234 error:0.161292 inlier:0.550902
49.791,ros=1778663606.129761,level=20,name=hdl_global_localization.global_localization_node,msg=RANSAC : iteration:2347 matching_count:235 error:0.161501 inlier:0.394415
49.791,ros=1778663606.129953,level=20,name=hdl_global_localization.global_localization_node,msg=RANSAC : iteration:2417 matching_count:245 error:0.157816 inlier:0.661431
49.791,ros=1778663606.129989,level=20,name=hdl_global_localization.global_localization_node,msg=RANSAC : iteration:2427 matching_count:248 error:0.158569 inlier:0.537522
49.792,ros=1778663606.130789,level=20,name=hdl_global_localization.global_localization_node,msg=RANSAC : iteration:2876 matching_count:291 error:0.158582 inlier:0.327516
49.792,ros=1778663606.130859,level=20,name=hdl_global_localization.global_localization_node,msg=RANSAC : iteration:2893 matching_count:294 error:0.155381 inlier:0.299011
49.792,ros=1778663606.130981,level=20,name=hdl_global_localization.global_localization_node,msg=RANSAC : iteration:2987 matching_count:302 error:0.16314 inlier:0.593368
49.792,ros=1778663606.130970,level=20,name=hdl_global_localization.global_localization_node,msg=RANSAC : iteration:2987 matching_count:302 error:0.160533 inlier:0.453752
49.793,ros=1778663606.131115,level=20,name=hdl_global_localization.global_localization_node,msg=RANSAC : iteration:3073 matching_count:311 error:0.15776 inlier:0.283886
49.793,ros=1778663606.131327,level=20,name=hdl_global_localization.global_localization_node,msg=RANSAC : iteration:3239 matching_count:325 error:0.153578 inlier:0.276323
49.793,ros=1778663606.131278,level=20,name=hdl_global_localization.global_localization_node,msg=RANSAC : iteration:3191 matching_count:322 error:0.160424 inlier:0.516579
49.793,ros=1778663606.131693,level=20,name=hdl_global_localization.global_localization_node,msg=RANSAC : iteration:3466 matching_count:347 error:0.160818 inlier:0.297266
49.793,ros=1778663606.131716,level=20,name=hdl_global_localization.global_localization_node,msg=RANSAC : iteration:3467 matching_count:348 error:0.158215 inlier:0.210588
49.794,ros=1778663606.132095,level=20,name=hdl_global_localization.global_localization_node,msg=RANSAC : iteration:3744 matching_count:368 error:0.158055 inlier:0.410122
49.794,ros=1778663606.132259,level=20,name=hdl_global_localization.global_localization_node,msg=RANSAC : iteration:3870 matching_count:378 error:0.146307 inlier:0.287958
49.794,ros=1778663606.128857,level=20,name=hdl_global_localization.global_localization_node,msg=RANSAC : iteration:1886 matching_count:191 error:0.160435 inlier:0.688191
49.794,ros=1778663606.132291,level=20,name=hdl_global_localization.global_localization_node,msg=RANSAC : iteration:3884 matching_count:380 error:0.154927 inlier:0.618965
49.794,ros=1778663606.132505,level=20,name=hdl_global_localization.global_localization_node,msg=RANSAC : iteration:4006 matching_count:388 error:0.159464 inlier:0.444444
49.795,ros=1778663606.133325,level=20,name=hdl_global_localization.global_localization_node,msg=RANSAC : iteration:4452 matching_count:426 error:0.159857 inlier:0.447353
49.795,ros=1778663606.132779,level=20,name=hdl_global_localization.global_localization_node,msg=RANSAC : iteration:4250 matching_count:402 error:0.157714 inlier:0.502036
49.795,ros=1778663606.133364,level=20,name=hdl_global_localization.global_localization_node,msg=RANSAC : iteration:4475 matching_count:428 error:0.162427 inlier:0.69459
49.795,ros=1778663606.132982,level=20,name=hdl_global_localization.global_localization_node,msg=RANSAC : iteration:4318 matching_count:411 error:0.15477 inlier:0.250145
49.796,ros=1778663606.134029,level=20,name=hdl_global_localization.global_localization_node,msg=RANSAC : iteration:4745 matching_count:454 error:0.165268 inlier:0.247237
49.796,ros=1778663606.134126,level=20,name=hdl_global_localization.global_localization_node,msg=RANSAC : iteration:4749 matching_count:456 error:0.158332 inlier:0.494474
49.796,ros=1778663606.134378,level=20,name=hdl_global_localization.global_localization_node,msg=RANSAC : iteration:4894 matching_count:467 error:0.16113 inlier:0.691681
49.796,ros=1778663606.134668,level=20,name=hdl_global_localization.global_localization_node,msg=RANSAC : iteration:5080 matching_count:480 error:0.163677 inlier:0.203607
49.796,ros=1778663606.135108,level=20,name=hdl_global_localization.global_localization_node,msg=RANSAC : iteration:5358 matching_count:502 error:0.16308 inlier:0.51018
49.797,ros=1778663606.135242,level=20,name=hdl_global_localization.global_localization_node,msg=RANSAC : iteration:5453 matching_count:510 error:0.159357 inlier:0.780105
49.797,ros=1778663606.135417,level=20,name=hdl_global_localization.global_localization_node,msg=RANSAC : iteration:5545 matching_count:520 error:0.159578 inlier:0.381617
49.797,ros=1778663606.135569,level=20,name=hdl_global_localization.global_localization_node,msg=RANSAC : iteration:5621 matching_count:530 error:0.160283 inlier:0.6242
49.797,ros=1778663606.135786,level=20,name=hdl_global_localization.global_localization_node,msg=RANSAC : iteration:5674 matching_count:540 error:0.159405 inlier:0.361838
49.797,ros=1778663606.135877,level=20,name=hdl_global_localization.global_localization_node,msg=RANSAC : iteration:5700 matching_count:543 error:0.16181 inlier:0.475276
49.798,ros=1778663606.135730,level=20,name=hdl_global_localization.global_localization_node,msg=RANSAC : iteration:5649 matching_count:537 error:0.160413 inlier:0.725422
49.798,ros=1778663606.135752,level=20,name=hdl_global_localization.global_localization_node,msg=RANSAC : iteration:5660 matching_count:538 error:0.15823 inlier:0.401978
49.798,ros=1778663606.136662,level=20,name=hdl_global_localization.global_localization_node,msg=RANSAC : iteration:6151 matching_count:582 error:0.166933 inlier:0.47993
49.798,ros=1778663606.136892,level=20,name=hdl_global_localization.global_localization_node,msg=RANSAC : iteration:6222 matching_count:593 error:0.157156 inlier:0.395579
49.798,ros=1778663606.136910,level=20,name=hdl_global_localization.global_localization_node,msg=RANSAC : iteration:6225 matching_count:594 error:0.157386 inlier:0.43281
49.799,ros=1778663606.137410,level=20,name=hdl_global_localization.global_localization_node,msg=RANSAC : iteration:6401 matching_count:617 error:0.15964 inlier:0.566027
49.799,ros=1778663606.137807,level=20,name=hdl_global_localization.global_localization_node,msg=RANSAC : iteration:6517 matching_count:635 error:0.159747 inlier:0.337987
49.799,ros=1778663606.137945,level=20,name=hdl_global_localization.global_localization_node,msg=RANSAC : iteration:6622 matching_count:642 error:0.160566 inlier:0.344386
49.799,ros=1778663606.137483,level=20,name=hdl_global_localization.global_localization_node,msg=RANSAC : iteration:6416 matching_count:619 error:0.158733 inlier:0.714951
49.800,ros=1778663606.138124,level=20,name=hdl_global_localization.global_localization_node,msg=RANSAC : iteration:6711 matching_count:653 error:0.163463 inlier:0.485748
49.800,ros=1778663606.138622,level=20,name=hdl_global_localization.global_localization_node,msg=RANSAC : iteration:6952 matching_count:676 error:0.162589 inlier:0.307155
49.800,ros=1778663606.138811,level=20,name=hdl_global_localization.global_localization_node,msg=RANSAC : iteration:7035 matching_count:687 error:0.159515 inlier:0.361838
49.800,ros=1778663606.138666,level=20,name=hdl_global_localization.global_localization_node,msg=RANSAC : iteration:6963 matching_count:679 error:0.155185 inlier:0.190809
49.801,ros=1778663606.139039,level=20,name=hdl_global_localization.global_localization_node,msg=RANSAC : iteration:7206 matching_count:702 error:0.15857 inlier:0.512507
49.801,ros=1778663606.139079,level=20,name=hdl_global_localization.global_localization_node,msg=RANSAC : iteration:7214 matching_count:703 error:0.15776 inlier:0.310064
49.801,ros=1778663606.139391,level=20,name=hdl_global_localization.global_localization_node,msg=RANSAC : iteration:7329 matching_count:722 error:0.163958 inlier:0.215241
49.801,ros=1778663606.139610,level=20,name=hdl_global_localization.global_localization_node,msg=RANSAC : iteration:7418 matching_count:732 error:0.153339 inlier:0.286213
49.802,ros=1778663606.139716,level=20,name=hdl_global_localization.global_localization_node,msg=RANSAC : iteration:7441 matching_count:736 error:0.165767 inlier:0.560209
49.802,ros=1778663606.140189,level=20,name=hdl_global_localization.global_localization_node,msg=RANSAC : iteration:7685 matching_count:755 error:0.162089 inlier:0.236184
49.802,ros=1778663606.140466,level=20,name=hdl_global_localization.global_localization_node,msg=RANSAC : iteration:7779 matching_count:766 error:0.160147 inlier:0.404887
49.802,ros=1778663606.140362,level=20,name=hdl_global_localization.global_localization_node,msg=RANSAC : iteration:7745 matching_count:761 error:0.159502 inlier:0.285049
49.803,ros=1778663606.140542,level=20,name=hdl_global_localization.global_localization_node,msg=RANSAC : iteration:7845 matching_count:769 error:0.158093 inlier:0.431646
49.803,ros=1778663606.140750,level=20,name=hdl_global_localization.global_localization_node,msg=RANSAC : iteration:7951 matching_count:778 error:0.162749 inlier:0.354857
49.803,ros=1778663606.141064,level=20,name=hdl_global_localization.global_localization_node,msg=RANSAC : iteration:8138 matching_count:793 error:0.158421 inlier:0.649796
49.804,ros=1778663606.141831,level=20,name=hdl_global_localization.global_localization_node,msg=RANSAC : iteration:8434 matching_count:822 error:0.160665 inlier:0.392088
49.804,ros=1778663606.141774,level=20,name=hdl_global_localization.global_localization_node,msg=RANSAC : iteration:8417 matching_count:821 error:0.158144 inlier:0.83886
49.804,ros=1778663606.142098,level=20,name=hdl_global_localization.global_localization_node,msg=RANSAC : iteration:8563 matching_count:833 error:0.162629 inlier:0.568354
49.804,ros=1778663606.142231,level=20,name=hdl_global_localization.global_localization_node,msg=RANSAC : iteration:8601 matching_count:838 error:0.160509 inlier:0.714369
49.804,ros=1778663606.142592,level=20,name=hdl_global_localization.global_localization_node,msg=RANSAC : iteration:8718 matching_count:851 error:0.155563 inlier:0.289703
49.807,ros=1778663606.145142,level=20,name=hdl_global_localization.global_localization_node,msg=RANSAC : iteration:9755 matching_count:963 error:0.159429 inlier:0.196626
49.808,ros=1778663606.145383,level=20,name=hdl_global_localization.global_localization_node,msg=RANSAC : iteration:9892 matching_count:978 error:0.164361 inlier:0.210006
49.808,ros=1778663606.146223,level=20,name=hdl_global_localization.global_localization_node,msg=RANSAC : iteration:10225 matching_count:1015 error:0.158965 inlier:0.573589
49.809,ros=1778663606.146475,level=20,name=hdl_global_localization.global_localization_node,msg=RANSAC : iteration:10301 matching_count:1026 error:0.130612 inlier:0.570681
49.809,ros=1778663606.146666,level=20,name=hdl_global_localization.global_localization_node,msg=RANSAC : iteration:10398 matching_count:1035 error:0.161338 inlier:0.405468
49.813,ros=1778663606.148046,level=20,name=hdl_global_localization.global_localization_node,msg=RANSAC : iteration:10832 matching_count:1076 error:0.161901 inlier:0.599767
49.814,ros=1778663606.148381,level=20,name=hdl_global_localization.global_localization_node,msg=RANSAC : iteration:10983 matching_count:1089 error:0.155912 inlier:0.169284
49.814,ros=1778663606.149046,level=20,name=hdl_global_localization.global_localization_node,msg=RANSAC : iteration:11227 matching_count:1114 error:0.149187 inlier:0.0511926
49.814,ros=1778663606.149978,level=20,name=hdl_global_localization.global_localization_node,msg=RANSAC : iteration:11653 matching_count:1152 error:0.160358 inlier:0.41943
49.815,ros=1778663606.152823,level=20,name=hdl_global_localization.global_localization_node,msg=RANSAC : iteration:12451 matching_count:1239 error:0.156856 inlier:0.615474
49.816,ros=1778663606.152646,level=20,name=hdl_global_localization.global_localization_node,msg=RANSAC : iteration:12423 matching_count:1233 error:0.16349 inlier:0.820244
49.816,ros=1778663606.151874,level=20,name=hdl_global_localization.global_localization_node,msg=RANSAC : iteration:12108 matching_count:1201 error:0.164571 inlier:0.81559
49.816,ros=1778663606.153652,level=20,name=hdl_global_localization.global_localization_node,msg=RANSAC : iteration:12722 matching_count:1267 error:0.169157 inlier:0.240838
49.816,ros=1778663606.153342,level=20,name=hdl_global_localization.global_localization_node,msg=RANSAC : iteration:12590 matching_count:1257 error:0.158961 inlier:0.210588
49.816,ros=1778663606.154078,level=20,name=hdl_global_localization.global_localization_node,msg=RANSAC : iteration:12858 matching_count:1280 error:0.156347 inlier:0.529959
49.817,ros=1778663606.154226,level=20,name=hdl_global_localization.global_localization_node,msg=RANSAC : iteration:12912 matching_count:1284 error:0.156611 inlier:0.0587551
49.817,ros=1778663606.153346,level=20,name=hdl_global_localization.global_localization_node,msg=RANSAC : iteration:12590 matching_count:1257 error:0.156337 inlier:0.326353
49.817,ros=1778663606.154587,level=20,name=hdl_global_localization.global_localization_node,msg=RANSAC : iteration:13052 matching_count:1297 error:0.154971 inlier:0.656195
49.818,ros=1778663606.155108,level=20,name=hdl_global_localization.global_localization_node,msg=RANSAC : iteration:13364 matching_count:1318 error:0.162043 inlier:0.858639
49.818,ros=1778663606.156042,level=20,name=hdl_global_localization.global_localization_node,msg=RANSAC : iteration:13491 matching_count:1336 error:0.159326 inlier:0.3758
49.819,ros=1778663606.156488,level=20,name=hdl_global_localization.global_localization_node,msg=RANSAC : iteration:13631 matching_count:1353 error:0.159496 inlier:0.445026
49.819,ros=1778663606.156364,level=20,name=hdl_global_localization.global_localization_node,msg=RANSAC : iteration:13600 matching_count:1347 error:0.158102 inlier:0.319953
49.819,ros=1778663606.157068,level=20,name=hdl_global_localization.global_localization_node,msg=RANSAC : iteration:13817 matching_count:1372 error:0.160273 inlier:0.57708
49.819,ros=1778663606.157439,level=20,name=hdl_global_localization.global_localization_node,msg=RANSAC : iteration:13963 matching_count:1387 error:0.162653 inlier:0.521233
49.820,ros=1778663606.157897,level=20,name=hdl_global_localization.global_localization_node,msg=RANSAC : iteration:14079 matching_count:1400 error:0.151652 inlier:0.453752
49.820,ros=1778663606.158154,level=20,name=hdl_global_localization.global_localization_node,msg=RANSAC : iteration:14183 matching_count:1413 error:0.160406 inlier:0.72833
49.820,ros=1778663606.158481,level=20,name=hdl_global_localization.global_localization_node,msg=RANSAC : iteration:14327 matching_count:1428 error:0.157653 inlier:0.45957
49.820,ros=1778663606.159002,level=20,name=hdl_global_localization.global_localization_node,msg=RANSAC : iteration:14557 matching_count:1452 error:0.160005 inlier:0.495637
49.821,ros=1778663606.159139,level=20,name=hdl_global_localization.global_localization_node,msg=RANSAC : iteration:14594 matching_count:1458 error:0.161762 inlier:0.527632
49.821,ros=1778663606.159203,level=20,name=hdl_global_localization.global_localization_node,msg=RANSAC : iteration:14608 matching_count:1460 error:0.161653 inlier:0.351949
49.821,ros=1778663606.159563,level=20,name=hdl_global_localization.global_localization_node,msg=RANSAC : iteration:14789 matching_count:1472 error:0.159266 inlier:0.22164
49.822,ros=1778663606.159908,level=20,name=hdl_global_localization.global_localization_node,msg=RANSAC : iteration:14941 matching_count:1485 error:0.159449 inlier:0.243165
49.822,ros=1778663606.159919,level=20,name=hdl_global_localization.global_localization_node,msg=RANSAC : iteration:14941 matching_count:1485 error:0.158608 inlier:0.668994
49.822,ros=1778663606.159512,level=20,name=hdl_global_localization.global_localization_node,msg=RANSAC : iteration:14769 matching_count:1470 error:0.157033 inlier:0.514252
49.822,ros=1778663606.159961,level=20,name=hdl_global_localization.global_localization_node,msg=RANSAC : iteration:14986 matching_count:1487 error:0.1544 inlier:0.762071
49.823,ros=1778663606.159969,level=20,name=hdl_global_localization.global_localization_node,msg=RANSAC : iteration:14987 matching_count:1487 error:0.158384 inlier:0.595113
49.823,ros=1778663606.159358,level=20,name=hdl_global_localization.global_localization_node,msg=RANSAC : iteration:14694 matching_count:1465 error:0.160205 inlier:0.57708
49.823,ros=1778663606.160025,level=20,name=hdl_global_localization.global_localization_node,msg=RANSAC : iteration:15001 matching_count:1490 error:0.163644 inlier:0.277487
49.823,ros=1778663606.160048,level=20,name=hdl_global_localization.global_localization_node,msg=RANSAC : iteration:15009 matching_count:1492 error:0.155794 inlier:0.582315
49.824,ros=1778663606.160055,level=20,name=hdl_global_localization.global_localization_node,msg=RANSAC : iteration:15009 matching_count:1492 error:0.157108 inlier:0.676556
49.824,ros=1778663606.160071,level=20,name=hdl_global_localization.global_localization_node,msg=RANSAC : iteration:15037 matching_count:1493 error:0.155383 inlier:0.691681
49.824,ros=1778663606.160335,level=20,name=hdl_global_localization.global_localization_node,msg=RANSAC : iteration:15153 matching_count:1505 error:0.15935 inlier:0.570681
49.824,ros=1778663606.160120,level=20,name=hdl_global_localization.global_localization_node,msg=RANSAC : iteration:15067 matching_count:1495 error:0.157456 inlier:0.394415
49.825,ros=1778663606.160124,level=20,name=hdl_global_localization.global_localization_node,msg=RANSAC : iteration:15067 matching_count:1495 error:0.165371 inlier:0.370564
49.825,ros=1778663606.160381,level=20,name=hdl_global_localization.global_localization_node,msg=RANSAC : iteration:15193 matching_count:1507 error:0.172006 inlier:0.418266
49.825,ros=1778663606.160159,level=20,name=hdl_global_localization.global_localization_node,msg=RANSAC : iteration:15072 matching_count:1497 error:0.155687 inlier:0.40954
49.825,ros=1778663606.160235,level=20,name=hdl_global_localization.global_localization_node,msg=RANSAC : iteration:15125 matching_count:1501 error:0.157161 inlier:0.723677
49.826,ros=1778663606.160494,level=20,name=hdl_global_localization.global_localization_node,msg=RANSAC : iteration:15262 matching_count:1514 error:0.196094 inlier:0.556137
49.826,ros=1778663606.160537,level=20,name=hdl_global_localization.global_localization_node,msg=RANSAC : iteration:15268 matching_count:1516 error:0.157478 inlier:0.454334
49.826,ros=1778663606.160914,level=20,name=hdl_global_localization.global_localization_node,msg=RANSAC : iteration:15396 matching_count:1535 error:0.157238 inlier:0.712624
49.827,ros=1778663606.160879,level=20,name=hdl_global_localization.global_localization_node,msg=RANSAC : iteration:15387 matching_count:1533 error:0.15832 inlier:0.464805
49.827,ros=1778663606.161344,level=20,name=hdl_global_localization.global_localization_node,msg=RANSAC : iteration:15576 matching_count:1553 error:0.161773 inlier:0.644561
49.827,ros=1778663606.161774,level=20,name=hdl_global_localization.global_localization_node,msg=RANSAC : iteration:15805 matching_count:1572 error:0.158117 inlier:0.33566
49.828,ros=1778663606.165957,level=20,name=hdl_global_localization.global_localization_node,msg=RANSAC : iteration:16110 matching_count:1599 error:0.165344 inlier:0.222222
49.828,ros=1778663606.166332,level=20,name=hdl_global_localization.global_localization_node,msg=RANSAC : iteration:16283 matching_count:1615 error:0.161074 inlier:0.403723
49.828,ros=1778663606.166733,level=20,name=hdl_global_localization.global_localization_node,msg=RANSAC : iteration:16437 matching_count:1633 error:0.164747 inlier:0.356021
49.829,ros=1778663606.167223,level=20,name=hdl_global_localization.global_localization_node,msg=RANSAC : iteration:16662 matching_count:1653 error:0.151251 inlier:0.461315
49.829,ros=1778663606.167573,level=20,name=hdl_global_localization.global_localization_node,msg=RANSAC : iteration:16781 matching_count:1669 error:0.162797 inlier:0.567772
49.829,ros=1778663606.167177,level=20,name=hdl_global_localization.global_localization_node,msg=RANSAC : iteration:16656 matching_count:1651 error:0.156725 inlier:0.527051
49.829,ros=1778663606.168431,level=20,name=hdl_global_localization.global_localization_node,msg=RANSAC : iteration:17113 matching_count:1704 error:0.156499 inlier:0.440954
49.830,ros=1778663606.168249,level=20,name=hdl_global_localization.global_localization_node,msg=RANSAC : iteration:17038 matching_count:1695 error:0.160423 inlier:0.449098
49.830,ros=1778663606.168051,level=20,name=hdl_global_localization.global_localization_node,msg=RANSAC : iteration:16954 matching_count:1687 error:0.158192 inlier:0.123328
49.830,ros=1778663606.169387,level=20,name=hdl_global_localization.global_localization_node,msg=RANSAC : iteration:17637 matching_count:1749 error:0.157318 inlier:0.438045
49.831,ros=1778663606.169492,level=20,name=hdl_global_localization.global_localization_node,msg=RANSAC : iteration:17674 matching_count:1756 error:0.158321 inlier:0.347877
49.831,ros=1778663606.169907,level=20,name=hdl_global_localization.global_localization_node,msg=RANSAC : iteration:17900 matching_count:1782 error:0.158677 inlier:0.264107
49.831,ros=1778663606.170082,level=20,name=hdl_global_localization.global_localization_node,msg=RANSAC : iteration:18010 matching_count:1794 error:0.159397 inlier:0.672484
49.831,ros=1778663606.170228,level=20,name=hdl_global_localization.global_localization_node,msg=RANSAC : iteration:18074 matching_count:1803 error:0.165347 inlier:0.250145
49.832,ros=1778663606.170670,level=20,name=hdl_global_localization.global_localization_node,msg=RANSAC : iteration:18327 matching_count:1828 error:0.160443 inlier:0.595695
49.832,ros=1778663606.171088,level=20,name=hdl_global_localization.global_localization_node,msg=RANSAC : iteration:18518 matching_count:1853 error:0.158498 inlier:0.565445
49.832,ros=1778663606.170851,level=20,name=hdl_global_localization.global_localization_node,msg=RANSAC : iteration:18415 matching_count:1838 error:0.160035 inlier:0.180337
49.832,ros=1778663606.171670,level=20,name=hdl_global_localization.global_localization_node,msg=RANSAC : iteration:18818 matching_count:1887 error:0.155606 inlier:0.289122
49.833,ros=1778663606.171719,level=20,name=hdl_global_localization.global_localization_node,msg=RANSAC : iteration:18831 matching_count:1892 error:0.159802 inlier:0.656195
49.833,ros=1778663606.171962,level=20,name=hdl_global_localization.global_localization_node,msg=RANSAC : iteration:19063 matching_count:1907 error:0.159201 inlier:0.136126
49.833,ros=1778663606.171985,level=20,name=hdl_global_localization.global_localization_node,msg=RANSAC : iteration:19093 matching_count:1909 error:0.159995 inlier:0.415939
49.834,ros=1778663606.171768,level=20,name=hdl_global_localization.global_localization_node,msg=RANSAC : iteration:18877 matching_count:1895 error:0.165779 inlier:0.348458
49.834,ros=1778663606.171854,level=20,name=hdl_global_localization.global_localization_node,msg=RANSAC : iteration:18927 matching_count:1900 error:0.159538 inlier:0.677138
49.834,ros=1778663606.172007,level=20,name=hdl_global_localization.global_localization_node,msg=RANSAC : iteration:19120 matching_count:1912 error:0.164986 inlier:0.527051
49.834,ros=1778663606.172011,level=20,name=hdl_global_localization.global_localization_node,msg=RANSAC : iteration:19120 matching_count:1912 error:0.163638 inlier:0.371728
49.835,ros=1778663606.172150,level=20,name=hdl_global_localization.global_localization_node,msg=RANSAC : iteration:19210 matching_count:1921 error:0.15183 inlier:0.14776
49.835,ros=1778663606.172164,level=20,name=hdl_global_localization.global_localization_node,msg=RANSAC : iteration:19212 matching_count:1922 error:0.16286 inlier:0.581152
49.835,ros=1778663606.172172,level=20,name=hdl_global_localization.global_localization_node,msg=RANSAC : iteration:19216 matching_count:1923 error:0.158108 inlier:0.557301
49.836,ros=1778663606.172069,level=20,name=hdl_global_localization.global_localization_node,msg=RANSAC : iteration:19155 matching_count:1916 error:0.155595 inlier:0.430483
49.836,ros=1778663606.172073,level=20,name=hdl_global_localization.global_localization_node,msg=RANSAC : iteration:19155 matching_count:1916 error:0.157771 inlier:0.721931
49.836,ros=1778663606.172220,level=20,name=hdl_global_localization.global_localization_node,msg=RANSAC : iteration:19261 matching_count:1927 error:0.15677 inlier:0.411867
49.836,ros=1778663606.172111,level=20,name=hdl_global_localization.global_localization_node,msg=RANSAC : iteration:19190 matching_count:1919 error:0.156057 inlier:0.33217
49.837,ros=1778663606.172243,level=20,name=hdl_global_localization.global_localization_node,msg=RANSAC : iteration:19267 matching_count:1928 error:0.158431 inlier:0.475276
49.837,ros=1778663606.172250,level=20,name=hdl_global_localization.global_localization_node,msg=RANSAC : iteration:19269 matching_count:1929 error:0.156175 inlier:0.527632
49.837,ros=1778663606.172258,level=20,name=hdl_global_localization.global_localization_node,msg=RANSAC : iteration:19280 matching_count:1930 error:0.162956 inlier:0.538104
49.837,ros=1778663606.172158,level=20,name=hdl_global_localization.global_localization_node,msg=RANSAC : iteration:19212 matching_count:1922 error:0.16307 inlier:0.400814
49.838,ros=1778663606.172050,level=20,name=hdl_global_localization.global_localization_node,msg=RANSAC : iteration:19152 matching_count:1915 error:0.159403 inlier:0.538685
49.838,ros=1778663606.172301,level=20,name=hdl_global_localization.global_localization_node,msg=RANSAC : iteration:19312 matching_count:1933 error:0.156214 inlier:0.340314
49.838,ros=1778663606.172081,level=20,name=hdl_global_localization.global_localization_node,msg=RANSAC : iteration:19162 matching_count:1917 error:0.156655 inlier:0.381617
49.839,ros=1778663606.172323,level=20,name=hdl_global_localization.global_localization_node,msg=RANSAC : iteration:19315 matching_count:1935 error:0.168608 inlier:0.115765
49.839,ros=1778663606.172119,level=20,name=hdl_global_localization.global_localization_node,msg=RANSAC : iteration:19195 matching_count:1919 error:0.162898 inlier:0.41943
49.839,ros=1778663606.172122,level=20,name=hdl_global_localization.global_localization_node,msg=RANSAC : iteration:19198 matching_count:1919 error:0.164087 inlier:0.243165
49.839,ros=1778663606.172355,level=20,name=hdl_global_localization.global_localization_node,msg=RANSAC : iteration:19340 matching_count:1938 error:0.155686 inlier:0.603258
49.840,ros=1778663606.172305,level=20,name=hdl_global_localization.global_localization_node,msg=RANSAC : iteration:19312 matching_count:1934 error:0.15744 inlier:0.872019
49.840,ros=1778663606.172409,level=20,name=hdl_global_localization.global_localization_node,msg=RANSAC : iteration:19378 matching_count:1941 error:0.15959 inlier:0.613147
49.840,ros=1778663606.172426,level=20,name=hdl_global_localization.global_localization_node,msg=RANSAC : iteration:19383 matching_count:1941 error:0.157648 inlier:0.370564
49.840,ros=1778663606.172225,level=20,name=hdl_global_localization.global_localization_node,msg=RANSAC : iteration:19261 matching_count:1927 error:0.157462 inlier:0.576498
49.841,ros=1778663606.172329,level=20,name=hdl_global_localization.global_localization_node,msg=RANSAC : iteration:19321 matching_count:1936 error:0.160642 inlier:0.710878
49.841,ros=1778663606.172339,level=20,name=hdl_global_localization.global_localization_node,msg=RANSAC : iteration:19330 matching_count:1937 error:0.157627 inlier:0.478767
49.841,ros=1778663606.172345,level=20,name=hdl_global_localization.global_localization_node,msg=RANSAC : iteration:19339 matching_count:1938 error:0.156807 inlier:0.432228
49.841,ros=1778663606.171808,level=20,name=hdl_global_localization.global_localization_node,msg=RANSAC : iteration:18924 matching_count:1897 error:0.160939 inlier:0.657941
49.841,ros=1778663606.172409,level=20,name=hdl_global_localization.global_localization_node,msg=RANSAC : iteration:19378 matching_count:1941 error:0.160542 inlier:0.468877
49.842,ros=1778663606.172410,level=20,name=hdl_global_localization.global_localization_node,msg=RANSAC : iteration:19378 matching_count:1941 error:0.158942 inlier:0.609075
49.842,ros=1778663606.172065,level=20,name=hdl_global_localization.global_localization_node,msg=RANSAC : iteration:19155 matching_count:1916 error:0.162998 inlier:0.820244
49.842,ros=1778663606.172420,level=20,name=hdl_global_localization.global_localization_node,msg=RANSAC : iteration:19378 matching_count:1941 error:0.16022 inlier:0.376963
49.843,ros=1778663606.172204,level=20,name=hdl_global_localization.global_localization_node,msg=RANSAC : iteration:19256 matching_count:1926 error:0.16212 inlier:0.737056
49.843,ros=1778663606.172429,level=20,name=hdl_global_localization.global_localization_node,msg=RANSAC : iteration:19383 matching_count:1942 error:0.158322 inlier:0.605003
49.844,ros=1778663606.172441,level=20,name=hdl_global_localization.global_localization_node,msg=RANSAC : iteration:19404 matching_count:1942 error:0.161141 inlier:0.468877
49.845,ros=1778663606.172458,level=20,name=hdl_global_localization.global_localization_node,msg=RANSAC : iteration:19417 matching_count:1944 error:0.159175 inlier:0.297266
49.845,ros=1778663606.172519,level=20,name=hdl_global_localization.global_localization_node,msg=RANSAC : iteration:19470 matching_count:1947 error:0.160484 inlier:0.675974
49.845,ros=1778663606.172525,level=20,name=hdl_global_localization.global_localization_node,msg=RANSAC : iteration:19470 matching_count:1947 error:0.157817 inlier:0.770797
49.846,ros=1778663606.172527,level=20,name=hdl_global_localization.global_localization_node,msg=RANSAC : iteration:19470 matching_count:1947 error:0.161187 inlier:0.438045
49.846,ros=1778663606.172311,level=20,name=hdl_global_localization.global_localization_node,msg=RANSAC : iteration:19312 matching_count:1934 error:0.160601 inlier:0.425829
49.846,ros=1778663606.172750,level=20,name=hdl_global_localization.global_localization_node,msg=RANSAC : iteration:19613 matching_count:1959 error:0.159428 inlier:0.571844
49.847,ros=1778663606.172787,level=20,name=hdl_global_localization.global_localization_node,msg=RANSAC : iteration:19618 matching_count:1960 error:0.159407 inlier:0.816172
49.847,ros=1778663606.172570,level=20,name=hdl_global_localization.global_localization_node,msg=RANSAC : iteration:19480 matching_count:1949 error:0.154746 inlier:0.239674
49.847,ros=1778663606.172831,level=20,name=hdl_global_localization.global_localization_node,msg=RANSAC : iteration:19630 matching_count:1962 error:0.166265 inlier:0.0273415
49.848,ros=1778663606.172641,level=20,name=hdl_global_localization.global_localization_node,msg=RANSAC : iteration:19533 matching_count:1953 error:0.140955 inlier:0.763816
49.848,ros=1778663606.172659,level=20,name=hdl_global_localization.global_localization_node,msg=RANSAC : iteration:19549 matching_count:1954 error:0.160159 inlier:0.442699
49.848,ros=1778663606.172667,level=20,name=hdl_global_localization.global_localization_node,msg=RANSAC : iteration:19559 matching_count:1955 error:0.159408 inlier:0.534031
49.849,ros=1778663606.172683,level=20,name=hdl_global_localization.global_localization_node,msg=RANSAC : iteration:19565 matching_count:1956 error:0.177703 inlier:0.716696
49.849,ros=1778663606.172716,level=20,name=hdl_global_localization.global_localization_node,msg=RANSAC : iteration:19607 matching_count:1958 error:0.154506 inlier:0.844095
49.849,ros=1778663606.172919,level=20,name=hdl_global_localization.global_localization_node,msg=RANSAC : iteration:19685 matching_count:1968 error:0.159659 inlier:0.519488
49.849,ros=1778663606.172931,level=20,name=hdl_global_localization.global_localization_node,msg=RANSAC : iteration:19686 matching_count:1969 error:0.162598 inlier:0.599767
49.850,ros=1778663606.172789,level=20,name=hdl_global_localization.global_localization_node,msg=RANSAC : iteration:19621 matching_count:1961 error:0.165278 inlier:0.417685
49.850,ros=1778663606.172548,level=20,name=hdl_global_localization.global_localization_node,msg=RANSAC : iteration:19476 matching_count:1948 error:0.158869 inlier:0.280977
49.850,ros=1778663606.172978,level=20,name=hdl_global_localization.global_localization_node,msg=RANSAC : iteration:19719 matching_count:1972 error:0.169626 inlier:0.40256
49.850,ros=1778663606.173009,level=20,name=hdl_global_localization.global_localization_node,msg=RANSAC : iteration:19757 matching_count:1973 error:0.156343 inlier:0.26178
49.851,ros=1778663606.172877,level=20,name=hdl_global_localization.global_localization_node,msg=RANSAC : iteration:19672 matching_count:1966 error:0.158284 inlier:0.706806
49.851,ros=1778663606.172911,level=20,name=hdl_global_localization.global_localization_node,msg=RANSAC : iteration:19685 matching_count:1968 error:0.166099 inlier:0.356021
49.851,ros=1778663606.172920,level=20,name=hdl_global_localization.global_localization_node,msg=RANSAC : iteration:19686 matching_count:1968 error:0.153785 inlier:0.360675
49.851,ros=1778663606.173058,level=20,name=hdl_global_localization.global_localization_node,msg=RANSAC : iteration:19783 matching_count:1977 error:0.161869 inlier:0.261198
49.852,ros=1778663606.172757,level=20,name=hdl_global_localization.global_localization_node,msg=RANSAC : iteration:19618 matching_count:1960 error:0.16128 inlier:0.37929
49.852,ros=1778663606.172757,level=20,name=hdl_global_localization.global_localization_node,msg=RANSAC : iteration:19618 matching_count:1960 error:0.148478 inlier:0.0674811
49.855,ros=1778663606.172963,level=20,name=hdl_global_localization.global_localization_node,msg=RANSAC : iteration:19719 matching_count:1972 error:0.169162 inlier:0.0919139
49.855,ros=1778663606.172980,level=20,name=hdl_global_localization.global_localization_node,msg=RANSAC : iteration:19738 matching_count:1972 error:0.158188 inlier:0.438627
49.855,ros=1778663606.173146,level=20,name=hdl_global_localization.global_localization_node,msg=RANSAC : iteration:19824 matching_count:1982 error:0.160131 inlier:0.657941
49.856,ros=1778663606.173017,level=20,name=hdl_global_localization.global_localization_node,msg=RANSAC : iteration:19757 matching_count:1974 error:0.152434 inlier:0.229785
49.856,ros=1778663606.173029,level=20,name=hdl_global_localization.global_localization_node,msg=RANSAC : iteration:19768 matching_count:1975 error:0.160328 inlier:0.72135
49.856,ros=1778663606.172795,level=20,name=hdl_global_localization.global_localization_node,msg=RANSAC : iteration:19621 matching_count:1961 error:0.162264 inlier:0.596859
49.856,ros=1778663606.173041,level=20,name=hdl_global_localization.global_localization_node,msg=RANSAC : iteration:19776 matching_count:1976 error:0.162998 inlier:0.517743
49.857,ros=1778663606.172541,level=20,name=hdl_global_localization.global_localization_node,msg=RANSAC : iteration:19476 matching_count:1947 error:0.157876 inlier:0.365329
49.857,ros=1778663606.173240,level=20,name=hdl_global_localization.global_localization_node,msg=RANSAC : iteration:19910 matching_count:1988 error:0.157249 inlier:0.757999
49.857,ros=1778663606.173251,level=20,name=hdl_global_localization.global_localization_node,msg=RANSAC : iteration:19923 matching_count:1989 error:0.159646 inlier:0.247818
49.857,ros=1778663606.173263,level=20,name=hdl_global_localization.global_localization_node,msg=RANSAC : iteration:19934 matching_count:1990 error:0.16241 inlier:0.628272
49.857,ros=1778663606.173133,level=20,name=hdl_global_localization.global_localization_node,msg=RANSAC : iteration:19824 matching_count:1982 error:0.161348 inlier:0.418266
49.858,ros=1778663606.173293,level=20,name=hdl_global_localization.global_localization_node,msg=RANSAC : iteration:19967 matching_count:1993 error:0.161863 inlier:0.36242
49.858,ros=1778663606.173155,level=20,name=hdl_global_localization.global_localization_node,msg=RANSAC : iteration:19855 matching_count:1983 error:0.164555 inlier:0.428738
49.858,ros=1778663606.172640,level=20,name=hdl_global_localization.global_localization_node,msg=RANSAC : iteration:19533 matching_count:1953 error:0.156799 inlier:0.431065
49.859,ros=1778663606.173201,level=20,name=hdl_global_localization.global_localization_node,msg=RANSAC : iteration:19878 matching_count:1986 error:0.161019 inlier:0.421757
49.859,ros=1778663606.173207,level=20,name=hdl_global_localization.global_localization_node,msg=RANSAC : iteration:19878 matching_count:1986 error:0.150219 inlier:0.164049
49.860,ros=1778663606.173103,level=20,name=hdl_global_localization.global_localization_node,msg=RANSAC : iteration:19807 matching_count:1980 error:0.161742 inlier:0.488656
49.860,ros=1778663606.173253,level=20,name=hdl_global_localization.global_localization_node,msg=RANSAC : iteration:19934 matching_count:1989 error:0.156979 inlier:0.826062
49.860,ros=1778663606.173126,level=20,name=hdl_global_localization.global_localization_node,msg=RANSAC : iteration:19824 matching_count:1982 error:0.160931 inlier:0.469459
49.861,ros=1778663606.173163,level=20,name=hdl_global_localization.global_localization_node,msg=RANSAC : iteration:19871 matching_count:1984 error:0.158996 inlier:0.439791
49.861,ros=1778663606.173328,level=20,name=hdl_global_localization.global_localization_node,msg=RANSAC : iteration:19976 matching_count:1994 error:0.160046 inlier:0.762653
49.861,ros=1778663606.173117,level=20,name=hdl_global_localization.global_localization_node,msg=RANSAC : iteration:19822 matching_count:1981 error:0.162795 inlier:0.59395
49.861,ros=1778663606.173335,level=20,name=hdl_global_localization.global_localization_node,msg=RANSAC : iteration:19976 matching_count:1994 error:0.158446 inlier:0.284468
49.862,ros=1778663606.173352,level=20,name=hdl_global_localization.global_localization_node,msg=RANSAC : iteration:19976 matching_count:1994 error:0.162784 inlier:0.551483
49.862,ros=1778663606.173702,level=20,name=hdl_global_localization.global_localization_node,msg=RANSAC : iteration:20014 matching_count:2001 error:0.164269 inlier:0.247237
49.862,ros=1778663606.173357,level=20,name=hdl_global_localization.global_localization_node,msg=RANSAC : iteration:19976 matching_count:1994 error:0.163315 inlier:0.841768
49.862,ros=1778663606.173374,level=20,name=hdl_global_localization.global_localization_node,msg=RANSAC : iteration:19976 matching_count:1994 error:0.156667 inlier:0.485748
49.863,ros=1778663606.173377,level=20,name=hdl_global_localization.global_localization_node,msg=RANSAC : iteration:19976 matching_count:1994 error:0.163704 inlier:0.754508
49.863,ros=1778663606.173541,level=20,name=hdl_global_localization.global_localization_node,msg=RANSAC : iteration:20001 matching_count:1999 error:0.16305 inlier:0.281559
49.863,ros=1778663606.173541,level=20,name=hdl_global_localization.global_localization_node,msg=RANSAC : iteration:20001 matching_count:1999 error:0.168259 inlier:0.810355
49.864,ros=1778663606.173579,level=20,name=hdl_global_localization.global_localization_node,msg=RANSAC : iteration:20001 matching_count:1999 error:0.165222 inlier:0.617801
49.864,ros=1778663606.173602,level=20,name=hdl_global_localization.global_localization_node,msg=RANSAC : iteration:20001 matching_count:1999 error:0.160382 inlier:0.502618
49.864,ros=1778663606.173612,level=20,name=hdl_global_localization.global_localization_node,msg=RANSAC : iteration:20001 matching_count:1999 error:0.158782 inlier:0.72135
49.864,ros=1778663606.173355,level=20,name=hdl_global_localization.global_localization_node,msg=RANSAC : iteration:19976 matching_count:1994 error:0.156199 inlier:0.52356
49.865,ros=1778663606.173717,level=20,name=hdl_global_localization.global_localization_node,msg=RANSAC : iteration:20014 matching_count:2001 error:0.159073 inlier:0.46655
49.865,ros=1778663606.175280,level=20,name=HdlLocalizationNodelet,msg=Global localization candidates: returned=10 requested=10 fitness_threshold=0.12 min_margin=0.1 query_points=14573
50.043,ros=1778663606.381859,level=20,name=HdlLocalizationNodelet,msg=Global localization candidate[0] trans=(-1.41711, 2.77812, -0.367006) error=0.162846 inlier=0.92961 ndt_converged=1 ndt_fitness=0.0859261
50.183,ros=1778663606.522478,level=20,name=HdlLocalizationNodelet,msg=Global localization candidate[1] trans=(-4.63213, 2.65262, 1.4082) error=0.157044 inlier=0.907504 ndt_converged=1 ndt_fitness=0.0619238
50.263,ros=1778663606.603754,level=20,name=HdlLocalizationNodelet,msg=Global localization candidate[2] trans=(2.14246, 7.90071, 0.375416) error=0.154827 inlier=0.89936 ndt_converged=1 ndt_fitness=0.37746
50.345,ros=1778663606.685195,level=20,name=HdlLocalizationNodelet,msg=Global localization candidate[3] trans=(-0.425586, 1.07799, -0.471494) error=0.160745 inlier=0.896451 ndt_converged=1 ndt_fitness=0.0288808
50.494,ros=1778663606.833282,level=20,name=HdlLocalizationNodelet,msg=Global localization candidate[4] trans=(5.1707, 3.51907, 0.233639) error=0.171965 inlier=0.894124 ndt_converged=1 ndt_fitness=0.435103
50.638,ros=1778663606.978118,level=20,name=HdlLocalizationNodelet,msg=Global localization candidate[5] trans=(4.16077, 8.39736, 0.385625) error=0.165489 inlier=0.892379 ndt_converged=1 ndt_fitness=0.304342
50.766,ros=1778663607.106349,level=20,name=HdlLocalizationNodelet,msg=Global localization candidate[6] trans=(6.99685, -2.01246, -0.122018) error=0.158077 inlier=0.883653 ndt_converged=1 ndt_fitness=0.293226
50.834,ros=1778663607.175047,level=20,name=HdlLocalizationNodelet,msg=Global localization candidate[7] trans=(4.61572, 6.03847, 0.0498619) error=0.16706 inlier=0.881908 ndt_converged=1 ndt_fitness=0.893604
51.066,ros=1778663607.405639,level=20,name=HdlLocalizationNodelet,msg=Global localization candidate[8] trans=(6.19537, 10.0728, 0.34485) error=0.15653 inlier=0.880163 ndt_converged=1 ndt_fitness=0.289417
51.152,ros=1778663607.492744,level=20,name=HdlLocalizationNodelet,msg=Global localization candidate[9] trans=(6.26115, -1.99445, -0.0720325) error=0.146076 inlier=0.879581 ndt_converged=1 ndt_fitness=0.292307
51.153,ros=1778663607.492832,level=20,name=HdlLocalizationNodelet,msg=Best global localization candidate[3] fitness=0.0288808 error=0.160745 inlier=0.896451 accepted_candidates=3
51.153,ros=1778663607.492841,level=20,name=HdlLocalizationNodelet,msg=Second global localization candidate[1] fitness=0.0619238 margin=0.0330429
51.157,ros=1778663607.492852,level=30,name=HdlLocalizationNodelet,msg=reject global localization result: ambiguous fitness margin 0.0330429 < 0.1
51.157,ros=1778663607.492869,level=30,name=HdlLocalizationNodelet,msg=auto relocalize failed; call /relocalize after the scan is stable or set /initialpose manually
51.157,ros=1778663607.495486,level=30,name=HdlLocalizationNodelet,msg=waiting for initial pose input or global relocalization!!
51.161,ros=1778663607.501421,level=30,name=HdlLocalizationNodelet,msg=waiting for initial pose input or global relocalization!!
51.170,ros=1778663607.509885,level=30,name=HdlLocalizationNodelet,msg=waiting for initial pose input or global relocalization!!
51.181,ros=1778663607.520362,level=30,name=HdlLocalizationNodelet,msg=waiting for initial pose input or global relocalization!!
51.185,ros=1778663607.525684,level=30,name=HdlLocalizationNodelet,msg=waiting for initial pose input or global relocalization!!
51.284,ros=1778663607.623435,level=30,name=HdlLocalizationNodelet,msg=waiting for initial pose input or global relocalization!!
51.380,ros=1778663607.719933,level=30,name=HdlLocalizationNodelet,msg=waiting for initial pose input or global relocalization!!
51.444,ros=1778663607.784700,level=20,name=HdlLocalizationNodelet,msg=auto relocalize on start
51.450,ros=1778663607.790263,level=20,name=hdl_global_localization.global_localization_node,msg=Query Global Localization
51.450,ros=1778663607.790808,level=20,name=hdl_global_localization.global_localization_node,msg=Normal Estimation: Radius(1)
51.452,ros=1778663607.792469,level=20,name=hdl_global_localization.global_localization_node,msg=FPFH Extraction: Search Radius(3)
51.466,ros=1778663607.804842,level=20,name=hdl_global_localization.global_localization_node,msg=RANSAC : Precompute Nearest Features
51.507,ros=1778663607.847277,level=20,name=hdl_global_localization.global_localization_node,msg=RANSAC : Main Loop
51.507,ros=1778663607.847926,level=20,name=hdl_global_localization.global_localization_node,msg=RANSAC : iteration:28 matching_count:7 error:0.154378 inlier:0.352601
51.508,ros=1778663607.848007,level=20,name=hdl_global_localization.global_localization_node,msg=RANSAC : iteration:62 matching_count:12 error:0.164159 inlier:0.421965
51.508,ros=1778663607.848050,level=20,name=hdl_global_localization.global_localization_node,msg=RANSAC : iteration:109 matching_count:14 error:0.169144 inlier:0.590751
51.508,ros=1778663607.848103,level=20,name=hdl_global_localization.global_localization_node,msg=RANSAC : iteration:135 matching_count:17 error:0.161497 inlier:0.784393
51.508,ros=1778663607.848173,level=20,name=hdl_global_localization.global_localization_node,msg=RANSAC : iteration:163 matching_count:19 error:0.163902 inlier:0.352023
51.509,ros=1778663607.848253,level=20,name=hdl_global_localization.global_localization_node,msg=RANSAC : iteration:172 matching_count:20 error:0.162289 inlier:0.616763
51.509,ros=1778663607.847946,level=20,name=hdl_global_localization.global_localization_node,msg=RANSAC : iteration:39 matching_count:8 error:0.158219 inlier:0.316185
51.509,ros=1778663607.848345,level=20,name=hdl_global_localization.global_localization_node,msg=RANSAC : iteration:182 matching_count:21 error:0.157047 inlier:0.545665
51.509,ros=1778663607.848364,level=20,name=hdl_global_localization.global_localization_node,msg=RANSAC : iteration:194 matching_count:22 error:0.161631 inlier:0.515029
51.509,ros=1778663607.848453,level=20,name=hdl_global_localization.global_localization_node,msg=RANSAC : iteration:203 matching_count:25 error:0.158355 inlier:0.333526
51.509,ros=1778663607.847934,level=20,name=hdl_global_localization.global_localization_node,msg=RANSAC : iteration:28 matching_count:7 error:0.157926 inlier:0.491329
51.510,ros=1778663607.848062,level=20,name=hdl_global_localization.global_localization_node,msg=RANSAC : iteration:111 matching_count:15 error:0.159796 inlier:0.311561
51.510,ros=1778663607.848115,level=20,name=hdl_global_localization.global_localization_node,msg=RANSAC : iteration:143 matching_count:18 error:0.158693 inlier:0.549133
51.510,ros=1778663607.848128,level=20,name=hdl_global_localization.global_localization_node,msg=RANSAC : iteration:143 matching_count:18 error:0.148409 inlier:0.417919
51.510,ros=1778663607.848057,level=20,name=hdl_global_localization.global_localization_node,msg=RANSAC : iteration:111 matching_count:15 error:0.160507 inlier:0.452601
51.510,ros=1778663607.848183,level=20,name=hdl_global_localization.global_localization_node,msg=RANSAC : iteration:163 matching_count:19 error:0.156064 inlier:0.363584
51.511,ros=1778663607.847935,level=20,name=hdl_global_localization.global_localization_node,msg=RANSAC : iteration:29 matching_count:7 error:0.159776 inlier:0.684971
51.511,ros=1778663607.848490,level=20,name=hdl_global_localization.global_localization_node,msg=RANSAC : iteration:215 matching_count:27 error:0.157568 inlier:0.546243
51.511,ros=1778663607.849254,level=20,name=hdl_global_localization.global_localization_node,msg=RANSAC : iteration:410 matching_count:48 error:0.157189 inlier:0.317919
51.511,ros=1778663607.849122,level=20,name=hdl_global_localization.global_localization_node,msg=RANSAC : iteration:386 matching_count:44 error:0.149586 inlier:0.290751
51.512,ros=1778663607.849908,level=20,name=hdl_global_localization.global_localization_node,msg=RANSAC : iteration:571 matching_count:63 error:0.162581 inlier:0.582081
51.512,ros=1778663607.849301,level=20,name=hdl_global_localization.global_localization_node,msg=RANSAC : iteration:428 matching_count:49 error:0.161226 inlier:0.339884
51.512,ros=1778663607.850384,level=20,name=hdl_global_localization.global_localization_node,msg=RANSAC : iteration:830 matching_count:85 error:0.160306 inlier:0.457803
51.513,ros=1778663607.850850,level=20,name=hdl_global_localization.global_localization_node,msg=RANSAC : iteration:1071 matching_count:107 error:0.15354 inlier:0.417919
51.514,ros=1778663607.851076,level=20,name=hdl_global_localization.global_localization_node,msg=RANSAC : iteration:1202 matching_count:121 error:0.157637 inlier:0.77341
51.514,ros=1778663607.851058,level=20,name=hdl_global_localization.global_localization_node,msg=RANSAC : iteration:1198 matching_count:120 error:0.160126 inlier:0.434104
51.514,ros=1778663607.851755,level=20,name=hdl_global_localization.global_localization_node,msg=RANSAC : iteration:1498 matching_count:142 error:0.155055 inlier:0.213873
51.515,ros=1778663607.851460,level=20,name=hdl_global_localization.global_localization_node,msg=RANSAC : iteration:1294 matching_count:132 error:0.153991 inlier:0.228902
51.515,ros=1778663607.851490,level=20,name=hdl_global_localization.global_localization_node,msg=RANSAC : iteration:1321 matching_count:132 error:0.158344 inlier:0.313295
51.516,ros=1778663607.851427,level=20,name=hdl_global_localization.global_localization_node,msg=RANSAC : iteration:1259 matching_count:130 error:0.155193 inlier:0.443353
51.519,ros=1778663607.852467,level=20,name=hdl_global_localization.global_localization_node,msg=RANSAC : iteration:1840 matching_count:170 error:0.16532 inlier:0.531214
51.519,ros=1778663607.853623,level=20,name=hdl_global_localization.global_localization_node,msg=RANSAC : iteration:2155 matching_count:204 error:0.157982 inlier:0.839884
51.520,ros=1778663607.853744,level=20,name=hdl_global_localization.global_localization_node,msg=RANSAC : iteration:2184 matching_count:206 error:0.161682 inlier:0.46185
51.520,ros=1778663607.854278,level=20,name=hdl_global_localization.global_localization_node,msg=RANSAC : iteration:2333 matching_count:224 error:0.156046 inlier:0.617341
51.520,ros=1778663607.855207,level=20,name=hdl_global_localization.global_localization_node,msg=RANSAC : iteration:2543 matching_count:248 error:0.158592 inlier:0.421965
51.521,ros=1778663607.856007,level=20,name=hdl_global_localization.global_localization_node,msg=RANSAC : iteration:2739 matching_count:270 error:0.156855 inlier:0.49711
51.521,ros=1778663607.859201,level=20,name=hdl_global_localization.global_localization_node,msg=RANSAC : iteration:3065 matching_count:300 error:0.1696 inlier:0.428324
51.521,ros=1778663607.859963,level=20,name=hdl_global_localization.global_localization_node,msg=RANSAC : iteration:3196 matching_count:315 error:0.161042 inlier:0.332948
51.521,ros=1778663607.859505,level=20,name=hdl_global_localization.global_localization_node,msg=RANSAC : iteration:3100 matching_count:306 error:0.159562 inlier:0.692486
51.522,ros=1778663607.859779,level=20,name=hdl_global_localization.global_localization_node,msg=RANSAC : iteration:3153 matching_count:310 error:0.15905 inlier:0.25896
51.522,ros=1778663607.860514,level=20,name=hdl_global_localization.global_localization_node,msg=RANSAC : iteration:3386 matching_count:337 error:0.159172 inlier:0.439884
51.522,ros=1778663607.860492,level=20,name=hdl_global_localization.global_localization_node,msg=RANSAC : iteration:3371 matching_count:336 error:0.151391 inlier:0.609249
51.523,ros=1778663607.861161,level=20,name=hdl_global_localization.global_localization_node,msg=RANSAC : iteration:3674 matching_count:367 error:0.162554 inlier:0.500578
51.523,ros=1778663607.861365,level=20,name=hdl_global_localization.global_localization_node,msg=RANSAC : iteration:3818 matching_count:379 error:0.157096 inlier:0.606358
51.523,ros=1778663607.861609,level=20,name=hdl_global_localization.global_localization_node,msg=RANSAC : iteration:3891 matching_count:391 error:0.1624 inlier:0.534104
51.523,ros=1778663607.862008,level=20,name=hdl_global_localization.global_localization_node,msg=RANSAC : iteration:4143 matching_count:415 error:0.168526 inlier:0.380347
51.524,ros=1778663607.862319,level=20,name=hdl_global_localization.global_localization_node,msg=RANSAC : iteration:4328 matching_count:431 error:0.158363 inlier:0.622543
51.524,ros=1778663607.862233,level=20,name=hdl_global_localization.global_localization_node,msg=RANSAC : iteration:4249 matching_count:427 error:0.158344 inlier:0.57052
51.524,ros=1778663607.862664,level=20,name=hdl_global_localization.global_localization_node,msg=RANSAC : iteration:4517 matching_count:451 error:0.156655 inlier:0.616763
51.524,ros=1778663607.862699,level=20,name=hdl_global_localization.global_localization_node,msg=RANSAC : iteration:4525 matching_count:453 error:0.166027 inlier:0.635838
51.525,ros=1778663607.863080,level=20,name=hdl_global_localization.global_localization_node,msg=RANSAC : iteration:4643 matching_count:464 error:0.158541 inlier:0.19422
51.525,ros=1778663607.863327,level=20,name=hdl_global_localization.global_localization_node,msg=RANSAC : iteration:4801 matching_count:476 error:0.162162 inlier:0.498266
51.525,ros=1778663607.863525,level=20,name=hdl_global_localization.global_localization_node,msg=RANSAC : iteration:4868 matching_count:485 error:0.159078 inlier:0.582081
51.526,ros=1778663607.863820,level=20,name=hdl_global_localization.global_localization_node,msg=RANSAC : iteration:5009 matching_count:499 error:0.161451 inlier:0.187283
51.526,ros=1778663607.863649,level=20,name=hdl_global_localization.global_localization_node,msg=RANSAC : iteration:4908 matching_count:491 error:0.158 inlier:0.292486
51.526,ros=1778663607.863802,level=20,name=hdl_global_localization.global_localization_node,msg=RANSAC : iteration:5004 matching_count:498 error:0.158132 inlier:0.724855
51.526,ros=1778663607.863934,level=20,name=hdl_global_localization.global_localization_node,msg=RANSAC : iteration:5047 matching_count:504 error:0.164257 inlier:0.445087
51.527,ros=1778663607.864998,level=20,name=hdl_global_localization.global_localization_node,msg=RANSAC : iteration:5480 matching_count:552 error:0.163029 inlier:0.301156
51.527,ros=1778663607.865229,level=20,name=hdl_global_localization.global_localization_node,msg=RANSAC : iteration:5514 matching_count:561 error:0.157744 inlier:0.341618
51.527,ros=1778663607.865317,level=20,name=hdl_global_localization.global_localization_node,msg=RANSAC : iteration:5528 matching_count:566 error:0.160579 inlier:0.249133
51.528,ros=1778663607.865498,level=20,name=hdl_global_localization.global_localization_node,msg=RANSAC : iteration:5636 matching_count:574 error:0.166969 inlier:0.279191
51.528,ros=1778663607.865773,level=20,name=hdl_global_localization.global_localization_node,msg=RANSAC : iteration:5774 matching_count:587 error:0.155359 inlier:0.639306
51.528,ros=1778663607.866095,level=20,name=hdl_global_localization.global_localization_node,msg=RANSAC : iteration:5858 matching_count:599 error:0.158213 inlier:0.257225
51.528,ros=1778663607.866163,level=20,name=hdl_global_localization.global_localization_node,msg=RANSAC : iteration:5873 matching_count:601 error:0.163849 inlier:0.52948
51.529,ros=1778663607.866678,level=20,name=hdl_global_localization.global_localization_node,msg=RANSAC : iteration:6048 matching_count:618 error:0.164342 inlier:0.37052
51.529,ros=1778663607.866917,level=20,name=hdl_global_localization.global_localization_node,msg=RANSAC : iteration:6163 matching_count:629 error:0.155378 inlier:0.614451
51.529,ros=1778663607.867083,level=20,name=hdl_global_localization.global_localization_node,msg=RANSAC : iteration:6231 matching_count:638 error:0.158555 inlier:0.521965
51.530,ros=1778663607.867972,level=20,name=hdl_global_localization.global_localization_node,msg=RANSAC : iteration:6532 matching_count:670 error:0.170552 inlier:0.257803
51.530,ros=1778663607.868117,level=20,name=hdl_global_localization.global_localization_node,msg=RANSAC : iteration:6608 matching_count:676 error:0.157276 inlier:0.433526
51.530,ros=1778663607.868258,level=20,name=hdl_global_localization.global_localization_node,msg=RANSAC : iteration:6656 matching_count:682 error:0.16206 inlier:0.22948
51.531,ros=1778663607.869212,level=20,name=hdl_global_localization.global_localization_node,msg=RANSAC : iteration:7084 matching_count:723 error:0.159434 inlier:0.789017
51.531,ros=1778663607.869683,level=20,name=hdl_global_localization.global_localization_node,msg=RANSAC : iteration:7264 matching_count:737 error:0.162773 inlier:0.621387
51.531,ros=1778663607.869957,level=20,name=hdl_global_localization.global_localization_node,msg=RANSAC : iteration:7354 matching_count:748 error:0.167247 inlier:0.359538
51.531,ros=1778663607.869900,level=20,name=hdl_global_localization.global_localization_node,msg=RANSAC : iteration:7338 matching_count:745 error:0.160005 inlier:0.584971
51.532,ros=1778663607.870207,level=20,name=hdl_global_localization.global_localization_node,msg=RANSAC : iteration:7445 matching_count:759 error:0.160957 inlier:0.5
51.532,ros=1778663607.870217,level=20,name=hdl_global_localization.global_localization_node,msg=RANSAC : iteration:7448 matching_count:760 error:0.146792 inlier:0.224277
51.532,ros=1778663607.870685,level=20,name=hdl_global_localization.global_localization_node,msg=RANSAC : iteration:7724 matching_count:787 error:0.15849 inlier:0.782659
51.532,ros=1778663607.870959,level=20,name=hdl_global_localization.global_localization_node,msg=RANSAC : iteration:7904 matching_count:806 error:0.160346 inlier:0.63526
51.533,ros=1778663607.871362,level=20,name=hdl_global_localization.global_localization_node,msg=RANSAC : iteration:8028 matching_count:821 error:0.159125 inlier:0.202312
51.533,ros=1778663607.871846,level=20,name=hdl_global_localization.global_localization_node,msg=RANSAC : iteration:8243 matching_count:844 error:0.155706 inlier:0.77341
51.533,ros=1778663607.871926,level=20,name=hdl_global_localization.global_localization_node,msg=RANSAC : iteration:8262 matching_count:848 error:0.157007 inlier:0.245665
51.534,ros=1778663607.872285,level=20,name=hdl_global_localization.global_localization_node,msg=RANSAC : iteration:8429 matching_count:863 error:0.158844 inlier:0.556069
51.534,ros=1778663607.872710,level=20,name=hdl_global_localization.global_localization_node,msg=RANSAC : iteration:8642 matching_count:881 error:0.16189 inlier:0.2
51.534,ros=1778663607.873015,level=20,name=hdl_global_localization.global_localization_node,msg=RANSAC : iteration:8851 matching_count:898 error:0.156656 inlier:0.543931
51.534,ros=1778663607.872713,level=20,name=hdl_global_localization.global_localization_node,msg=RANSAC : iteration:8642 matching_count:881 error:0.165307 inlier:0.293642
51.535,ros=1778663607.873316,level=20,name=hdl_global_localization.global_localization_node,msg=RANSAC : iteration:9020 matching_count:915 error:0.156825 inlier:0.434104
51.535,ros=1778663607.873543,level=20,name=hdl_global_localization.global_localization_node,msg=RANSAC : iteration:9114 matching_count:931 error:0.161423 inlier:0.816763
51.535,ros=1778663607.873672,level=20,name=hdl_global_localization.global_localization_node,msg=RANSAC : iteration:9219 matching_count:938 error:0.161418 inlier:0.566474
51.535,ros=1778663607.873936,level=20,name=hdl_global_localization.global_localization_node,msg=RANSAC : iteration:9402 matching_count:952 error:0.155509 inlier:0.687861
51.536,ros=1778663607.874282,level=20,name=hdl_global_localization.global_localization_node,msg=RANSAC : iteration:9547 matching_count:973 error:0.155654 inlier:0.275723
51.536,ros=1778663607.874595,level=20,name=hdl_global_localization.global_localization_node,msg=RANSAC : iteration:9780 matching_count:989 error:0.160464 inlier:0.410983
51.536,ros=1778663607.874949,level=20,name=hdl_global_localization.global_localization_node,msg=RANSAC : iteration:10043 matching_count:1010 error:0.164638 inlier:0.359538
51.536,ros=1778663607.874810,level=20,name=hdl_global_localization.global_localization_node,msg=RANSAC : iteration:9937 matching_count:1000 error:0.158732 inlier:0.572832
51.537,ros=1778663607.875235,level=20,name=hdl_global_localization.global_localization_node,msg=RANSAC : iteration:10173 matching_count:1020 error:0.15688 inlier:0.385549
51.537,ros=1778663607.875891,level=20,name=hdl_global_localization.global_localization_node,msg=RANSAC : iteration:10515 matching_count:1050 error:0.157189 inlier:0.354335
51.537,ros=1778663607.876229,level=20,name=hdl_global_localization.global_localization_node,msg=RANSAC : iteration:10669 matching_count:1067 error:0.155641 inlier:0.464162
51.538,ros=1778663607.875997,level=20,name=hdl_global_localization.global_localization_node,msg=RANSAC : iteration:10555 matching_count:1055 error:0.158551 inlier:0.476301
51.538,ros=1778663607.876432,level=20,name=hdl_global_localization.global_localization_node,msg=RANSAC : iteration:10797 matching_count:1078 error:0.160709 inlier:0.385549
51.538,ros=1778663607.876910,level=20,name=hdl_global_localization.global_localization_node,msg=RANSAC : iteration:11102 matching_count:1107 error:0.154383 inlier:0.499422
51.538,ros=1778663607.877071,level=20,name=hdl_global_localization.global_localization_node,msg=RANSAC : iteration:11139 matching_count:1113 error:0.163384 inlier:0.589595
51.539,ros=1778663607.877186,level=20,name=hdl_global_localization.global_localization_node,msg=RANSAC : iteration:11220 matching_count:1121 error:0.156796 inlier:0.495954
51.539,ros=1778663607.877003,level=20,name=hdl_global_localization.global_localization_node,msg=RANSAC : iteration:11124 matching_count:1112 error:0.156966 inlier:0.544509
51.539,ros=1778663607.877610,level=20,name=hdl_global_localization.global_localization_node,msg=RANSAC : iteration:11414 matching_count:1141 error:0.167176 inlier:0.354335
51.540,ros=1778663607.878008,level=20,name=hdl_global_localization.global_localization_node,msg=RANSAC : iteration:11649 matching_count:1163 error:0.156879 inlier:0.480925
51.540,ros=1778663607.878032,level=20,name=hdl_global_localization.global_localization_node,msg=RANSAC : iteration:11675 matching_count:1165 error:0.15519 inlier:0.163006
51.540,ros=1778663607.878023,level=20,name=hdl_global_localization.global_localization_node,msg=RANSAC : iteration:11667 matching_count:1164 error:0.156315 inlier:0.610983
51.540,ros=1778663607.878828,level=20,name=hdl_global_localization.global_localization_node,msg=RANSAC : iteration:12012 matching_count:1200 error:0.141663 inlier:0.857803
51.541,ros=1778663607.878973,level=20,name=hdl_global_localization.global_localization_node,msg=RANSAC : iteration:12080 matching_count:1206 error:0.162193 inlier:0.397688
51.541,ros=1778663607.879586,level=20,name=hdl_global_localization.global_localization_node,msg=RANSAC : iteration:12291 matching_count:1229 error:0.157035 inlier:0.353179
51.541,ros=1778663607.879967,level=20,name=hdl_global_localization.global_localization_node,msg=RANSAC : iteration:12445 matching_count:1245 error:0.156773 inlier:0.659538
51.541,ros=1778663607.880542,level=20,name=hdl_global_localization.global_localization_node,msg=RANSAC : iteration:12671 matching_count:1268 error:0.160539 inlier:0.681503
51.542,ros=1778663607.880461,level=20,name=hdl_global_localization.global_localization_node,msg=RANSAC : iteration:12628 matching_count:1266 error:0.163299 inlier:0.495954
51.542,ros=1778663607.880515,level=20,name=hdl_global_localization.global_localization_node,msg=RANSAC : iteration:12670 matching_count:1268 error:0.157749 inlier:0.70578
51.542,ros=1778663607.880965,level=20,name=hdl_global_localization.global_localization_node,msg=RANSAC : iteration:12866 matching_count:1294 error:0.166864 inlier:0.366474
51.542,ros=1778663607.880997,level=20,name=hdl_global_localization.global_localization_node,msg=RANSAC : iteration:12936 matching_count:1295 error:0.154903 inlier:0.287283
51.543,ros=1778663607.881163,level=20,name=hdl_global_localization.global_localization_node,msg=RANSAC : iteration:13041 matching_count:1306 error:0.162645 inlier:0.22948
51.543,ros=1778663607.881458,level=20,name=hdl_global_localization.global_localization_node,msg=RANSAC : iteration:13252 matching_count:1325 error:0.161528 inlier:0.617919
51.543,ros=1778663607.881549,level=20,name=hdl_global_localization.global_localization_node,msg=RANSAC : iteration:13290 matching_count:1329 error:0.157751 inlier:0.497688
51.544,ros=1778663607.882014,level=20,name=hdl_global_localization.global_localization_node,msg=RANSAC : iteration:13547 matching_count:1354 error:0.156429 inlier:0.342197
51.544,ros=1778663607.882174,level=20,name=hdl_global_localization.global_localization_node,msg=RANSAC : iteration:13651 matching_count:1363 error:0.164169 inlier:0.631214
51.544,ros=1778663607.882714,level=20,name=hdl_global_localization.global_localization_node,msg=RANSAC : iteration:13788 matching_count:1380 error:0.161371 inlier:0.147399
51.544,ros=1778663607.882200,level=20,name=hdl_global_localization.global_localization_node,msg=RANSAC : iteration:13658 matching_count:1364 error:0.158045 inlier:0.395376
51.545,ros=1778663607.882331,level=20,name=hdl_global_localization.global_localization_node,msg=RANSAC : iteration:13679 matching_count:1369 error:0.161678 inlier:0.727746
51.545,ros=1778663607.882819,level=20,name=hdl_global_localization.global_localization_node,msg=RANSAC : iteration:13840 matching_count:1386 error:0.157406 inlier:0.809827
51.545,ros=1778663607.882913,level=20,name=hdl_global_localization.global_localization_node,msg=RANSAC : iteration:13852 matching_count:1390 error:0.160635 inlier:0.612717
51.545,ros=1778663607.883381,level=20,name=hdl_global_localization.global_localization_node,msg=RANSAC : iteration:14041 matching_count:1408 error:0.16069 inlier:0.609827
51.545,ros=1778663607.882864,level=20,name=hdl_global_localization.global_localization_node,msg=RANSAC : iteration:13851 matching_count:1389 error:0.16326 inlier:0.439306
51.546,ros=1778663607.883500,level=20,name=hdl_global_localization.global_localization_node,msg=RANSAC : iteration:14114 matching_count:1414 error:0.159869 inlier:0.540462
51.546,ros=1778663607.883440,level=20,name=hdl_global_localization.global_localization_node,msg=RANSAC : iteration:14067 matching_count:1410 error:0.156816 inlier:0.268786
51.546,ros=1778663607.883458,level=20,name=hdl_global_localization.global_localization_node,msg=RANSAC : iteration:14087 matching_count:1412 error:0.159441 inlier:0.680925
51.546,ros=1778663607.883383,level=20,name=hdl_global_localization.global_localization_node,msg=RANSAC : iteration:14041 matching_count:1408 error:0.159694 inlier:0.646821
51.546,ros=1778663607.883649,level=20,name=hdl_global_localization.global_localization_node,msg=RANSAC : iteration:14181 matching_count:1422 error:0.161917 inlier:0.1
51.547,ros=1778663607.884124,level=20,name=hdl_global_localization.global_localization_node,msg=RANSAC : iteration:14352 matching_count:1442 error:0.159855 inlier:0.520231
51.547,ros=1778663607.884115,level=20,name=hdl_global_localization.global_localization_node,msg=RANSAC : iteration:14347 matching_count:1442 error:0.160637 inlier:0.346243
51.547,ros=1778663607.884388,level=20,name=hdl_global_localization.global_localization_node,msg=RANSAC : iteration:14472 matching_count:1460 error:0.163559 inlier:0.559538
51.547,ros=1778663607.884760,level=20,name=hdl_global_localization.global_localization_node,msg=RANSAC : iteration:14619 matching_count:1474 error:0.159044 inlier:0.524277
51.547,ros=1778663607.884641,level=20,name=hdl_global_localization.global_localization_node,msg=RANSAC : iteration:14567 matching_count:1470 error:0.163787 inlier:0.486127
51.548,ros=1778663607.885037,level=20,name=hdl_global_localization.global_localization_node,msg=RANSAC : iteration:14656 matching_count:1481 error:0.159904 inlier:0.303468
51.548,ros=1778663607.885871,level=20,name=hdl_global_localization.global_localization_node,msg=RANSAC : iteration:14879 matching_count:1504 error:0.157295 inlier:0.447977
51.548,ros=1778663607.885741,level=20,name=hdl_global_localization.global_localization_node,msg=RANSAC : iteration:14842 matching_count:1500 error:0.161925 inlier:0.469364
51.548,ros=1778663607.886034,level=20,name=hdl_global_localization.global_localization_node,msg=RANSAC : iteration:14970 matching_count:1509 error:0.158764 inlier:0.716763
51.548,ros=1778663607.886508,level=20,name=hdl_global_localization.global_localization_node,msg=RANSAC : iteration:15029 matching_count:1518 error:0.160727 inlier:0.340462
51.549,ros=1778663607.887343,level=20,name=hdl_global_localization.global_localization_node,msg=RANSAC : iteration:15285 matching_count:1543 error:0.165583 inlier:0.421387
51.549,ros=1778663607.887328,level=20,name=hdl_global_localization.global_localization_node,msg=RANSAC : iteration:15276 matching_count:1541 error:0.159336 inlier:0.621387
51.549,ros=1778663607.888013,level=20,name=hdl_global_localization.global_localization_node,msg=RANSAC : iteration:15563 matching_count:1577 error:0.16302 inlier:0.297688
51.550,ros=1778663607.888540,level=20,name=hdl_global_localization.global_localization_node,msg=RANSAC : iteration:15801 matching_count:1602 error:0.16411 inlier:0.369942
51.550,ros=1778663607.888555,level=20,name=hdl_global_localization.global_localization_node,msg=RANSAC : iteration:15801 matching_count:1602 error:0.166954 inlier:0.172832
51.550,ros=1778663607.888253,level=20,name=hdl_global_localization.global_localization_node,msg=RANSAC : iteration:15668 matching_count:1590 error:0.158456 inlier:0.527168
51.550,ros=1778663607.888915,level=20,name=hdl_global_localization.global_localization_node,msg=RANSAC : iteration:15966 matching_count:1618 error:0.160228 inlier:0.428324
51.551,ros=1778663607.889416,level=20,name=hdl_global_localization.global_localization_node,msg=RANSAC : iteration:16242 matching_count:1647 error:0.161808 inlier:0.52948
51.551,ros=1778663607.889766,level=20,name=hdl_global_localization.global_localization_node,msg=RANSAC : iteration:16361 matching_count:1663 error:0.159835 inlier:0.269364
51.551,ros=1778663607.889985,level=20,name=hdl_global_localization.global_localization_node,msg=RANSAC : iteration:16460 matching_count:1674 error:0.15835 inlier:0.345665
51.552,ros=1778663607.890625,level=20,name=hdl_global_localization.global_localization_node,msg=RANSAC : iteration:16826 matching_count:1711 error:0.159313 inlier:0.539884
51.552,ros=1778663607.890786,level=20,name=hdl_global_localization.global_localization_node,msg=RANSAC : iteration:16955 matching_count:1722 error:0.15521 inlier:0.146243
51.552,ros=1778663607.890956,level=20,name=hdl_global_localization.global_localization_node,msg=RANSAC : iteration:17015 matching_count:1732 error:0.160217 inlier:0.708092
51.553,ros=1778663607.891434,level=20,name=hdl_global_localization.global_localization_node,msg=RANSAC : iteration:17244 matching_count:1760 error:0.167943 inlier:0.315607
51.553,ros=1778663607.891448,level=20,name=hdl_global_localization.global_localization_node,msg=RANSAC : iteration:17271 matching_count:1762 error:0.160175 inlier:0.588439
51.555,ros=1778663607.891531,level=20,name=hdl_global_localization.global_localization_node,msg=RANSAC : iteration:17299 matching_count:1766 error:0.156816 inlier:0.287283
51.555,ros=1778663607.891464,level=20,name=hdl_global_localization.global_localization_node,msg=RANSAC : iteration:17278 matching_count:1763 error:0.158586 inlier:0.66185
51.556,ros=1778663607.892093,level=20,name=hdl_global_localization.global_localization_node,msg=RANSAC : iteration:17560 matching_count:1798 error:0.155822 inlier:0.885549
51.556,ros=1778663607.892351,level=20,name=hdl_global_localization.global_localization_node,msg=RANSAC : iteration:17708 matching_count:1813 error:0.158412 inlier:0.501734
51.556,ros=1778663607.892360,level=20,name=hdl_global_localization.global_localization_node,msg=RANSAC : iteration:17713 matching_count:1814 error:0.158685 inlier:0.696532
51.557,ros=1778663607.892560,level=20,name=hdl_global_localization.global_localization_node,msg=RANSAC : iteration:17794 matching_count:1824 error:0.1601 inlier:0.335838
51.557,ros=1778663607.892878,level=20,name=hdl_global_localization.global_localization_node,msg=RANSAC : iteration:18073 matching_count:1842 error:0.161078 inlier:0.465318
51.557,ros=1778663607.893005,level=20,name=hdl_global_localization.global_localization_node,msg=RANSAC : iteration:18098 matching_count:1849 error:0.154045 inlier:0.410983
51.557,ros=1778663607.893592,level=20,name=hdl_global_localization.global_localization_node,msg=RANSAC : iteration:18298 matching_count:1867 error:0.157656 inlier:0.474566
51.558,ros=1778663607.892988,level=20,name=hdl_global_localization.global_localization_node,msg=RANSAC : iteration:18098 matching_count:1849 error:0.154211 inlier:0.272254
51.558,ros=1778663607.896475,level=20,name=hdl_global_localization.global_localization_node,msg=RANSAC : iteration:18584 matching_count:1893 error:0.157209 inlier:0.347977
51.558,ros=1778663607.896562,level=20,name=hdl_global_localization.global_localization_node,msg=RANSAC : iteration:18609 matching_count:1897 error:0.154937 inlier:0.369942
51.558,ros=1778663607.896767,level=20,name=hdl_global_localization.global_localization_node,msg=RANSAC : iteration:18682 matching_count:1908 error:0.160266 inlier:0.37341
51.559,ros=1778663607.896600,level=20,name=hdl_global_localization.global_localization_node,msg=RANSAC : iteration:18617 matching_count:1899 error:0.15507 inlier:0.278613
51.559,ros=1778663607.896964,level=20,name=hdl_global_localization.global_localization_node,msg=RANSAC : iteration:18812 matching_count:1919 error:0.149106 inlier:0.405202
51.559,ros=1778663607.896978,level=20,name=hdl_global_localization.global_localization_node,msg=RANSAC : iteration:18829 matching_count:1920 error:0.157913 inlier:0.482081
51.559,ros=1778663607.896822,level=20,name=hdl_global_localization.global_localization_node,msg=RANSAC : iteration:18725 matching_count:1911 error:0.159635 inlier:0.260116
51.560,ros=1778663607.896839,level=20,name=hdl_global_localization.global_localization_node,msg=RANSAC : iteration:18730 matching_count:1912 error:0.160675 inlier:0.460116
51.560,ros=1778663607.897025,level=20,name=hdl_global_localization.global_localization_node,msg=RANSAC : iteration:18843 matching_count:1923 error:0.15857 inlier:0.411561
51.560,ros=1778663607.896893,level=20,name=hdl_global_localization.global_localization_node,msg=RANSAC : iteration:18755 matching_count:1915 error:0.156001 inlier:0.310405
51.560,ros=1778663607.896720,level=20,name=hdl_global_localization.global_localization_node,msg=RANSAC : iteration:18658 matching_count:1905 error:0.162161 inlier:0.730058
51.561,ros=1778663607.896923,level=20,name=hdl_global_localization.global_localization_node,msg=RANSAC : iteration:18785 matching_count:1917 error:0.158795 inlier:0.705202
51.561,ros=1778663607.896939,level=20,name=hdl_global_localization.global_localization_node,msg=RANSAC : iteration:18796 matching_count:1918 error:0.169542 inlier:0.236994
51.561,ros=1778663607.896957,level=20,name=hdl_global_localization.global_localization_node,msg=RANSAC : iteration:18807 matching_count:1919 error:0.157717 inlier:0.718497
51.561,ros=1778663607.896794,level=20,name=hdl_global_localization.global_localization_node,msg=RANSAC : iteration:18694 matching_count:1910 error:0.166452 inlier:0.706358
51.562,ros=1778663607.896804,level=20,name=hdl_global_localization.global_localization_node,msg=RANSAC : iteration:18715 matching_count:1910 error:0.162137 inlier:0.289017
51.562,ros=1778663607.897008,level=20,name=hdl_global_localization.global_localization_node,msg=RANSAC : iteration:18839 matching_count:1922 error:0.158749 inlier:0.727746
51.562,ros=1778663607.897303,level=20,name=hdl_global_localization.global_localization_node,msg=RANSAC : iteration:18928 matching_count:1932 error:0.160052 inlier:0.361272
51.562,ros=1778663607.896864,level=20,name=hdl_global_localization.global_localization_node,msg=RANSAC : iteration:18753 matching_count:1914 error:0.159232 inlier:0.880925
51.562,ros=1778663607.897059,level=20,name=hdl_global_localization.global_localization_node,msg=RANSAC : iteration:18854 matching_count:1925 error:0.159243 inlier:0.540462
51.563,ros=1778663607.897365,level=20,name=hdl_global_localization.global_localization_node,msg=RANSAC : iteration:18948 matching_count:1935 error:0.161443 inlier:0.631214
51.563,ros=1778663607.897378,level=20,name=hdl_global_localization.global_localization_node,msg=RANSAC : iteration:18950 matching_count:1936 error:0.162926 inlier:0.221965
51.563,ros=1778663607.897075,level=20,name=hdl_global_localization.global_localization_node,msg=RANSAC : iteration:18854 matching_count:1925 error:0.154438 inlier:0.548555
51.563,ros=1778663607.897106,level=20,name=hdl_global_localization.global_localization_node,msg=RANSAC : iteration:18854 matching_count:1925 error:0.16548 inlier:0.582081
51.563,ros=1778663607.897441,level=20,name=hdl_global_localization.global_localization_node,msg=RANSAC : iteration:18990 matching_count:1940 error:0.158727 inlier:0.579191
51.564,ros=1778663607.897145,level=20,name=hdl_global_localization.global_localization_node,msg=RANSAC : iteration:18854 matching_count:1925 error:0.153814 inlier:0.248555
51.564,ros=1778663607.897488,level=20,name=hdl_global_localization.global_localization_node,msg=RANSAC : iteration:18996 matching_count:1942 error:0.159848 inlier:0.397688
51.564,ros=1778663607.897504,level=20,name=hdl_global_localization.global_localization_node,msg=RANSAC : iteration:19001 matching_count:1943 error:0.166218 inlier:0.428324
51.564,ros=1778663607.897017,level=20,name=hdl_global_localization.global_localization_node,msg=RANSAC : iteration:18843 matching_count:1923 error:0.163854 inlier:0.127746
51.565,ros=1778663607.897330,level=20,name=hdl_global_localization.global_localization_node,msg=RANSAC : iteration:18940 matching_count:1933 error:0.163658 inlier:0.489595
51.565,ros=1778663607.897358,level=20,name=hdl_global_localization.global_localization_node,msg=RANSAC : iteration:18947 matching_count:1935 error:0.163161 inlier:0.268208
51.565,ros=1778663607.897389,level=20,name=hdl_global_localization.global_localization_node,msg=RANSAC : iteration:18958 matching_count:1937 error:0.157308 inlier:0.524277
51.565,ros=1778663607.897416,level=20,name=hdl_global_localization.global_localization_node,msg=RANSAC : iteration:18987 matching_count:1939 error:0.16258 inlier:0.872254
51.565,ros=1778663607.897619,level=20,name=hdl_global_localization.global_localization_node,msg=RANSAC : iteration:19049 matching_count:1949 error:0.158353 inlier:0.652601
51.566,ros=1778663607.897451,level=20,name=hdl_global_localization.global_localization_node,msg=RANSAC : iteration:18990 matching_count:1940 error:0.155185 inlier:0.765896
51.566,ros=1778663607.897654,level=20,name=hdl_global_localization.global_localization_node,msg=RANSAC : iteration:19058 matching_count:1950 error:0.163962 inlier:0.365318
51.566,ros=1778663607.897513,level=20,name=hdl_global_localization.global_localization_node,msg=RANSAC : iteration:19001 matching_count:1943 error:0.16079 inlier:0.456647
51.566,ros=1778663607.897557,level=20,name=hdl_global_localization.global_localization_node,msg=RANSAC : iteration:19022 matching_count:1946 error:0.158349 inlier:0.315029
51.567,ros=1778663607.897570,level=20,name=hdl_global_localization.global_localization_node,msg=RANSAC : iteration:19023 matching_count:1946 error:0.156537 inlier:0.524277
51.567,ros=1778663607.897740,level=20,name=hdl_global_localization.global_localization_node,msg=RANSAC : iteration:19107 matching_count:1954 error:0.16316 inlier:0.3
51.567,ros=1778663607.897577,level=20,name=hdl_global_localization.global_localization_node,msg=RANSAC : iteration:19028 matching_count:1947 error:0.161297 inlier:0.512139
51.567,ros=1778663607.897281,level=20,name=hdl_global_localization.global_localization_node,msg=RANSAC : iteration:18900 matching_count:1931 error:0.154053 inlier:0.603468
51.568,ros=1778663607.897833,level=20,name=hdl_global_localization.global_localization_node,msg=RANSAC : iteration:19138 matching_count:1958 error:0.154556 inlier:0.432948
51.568,ros=1778663607.897633,level=20,name=hdl_global_localization.global_localization_node,msg=RANSAC : iteration:19049 matching_count:1949 error:0.158483 inlier:0.394798
51.568,ros=1778663607.897859,level=20,name=hdl_global_localization.global_localization_node,msg=RANSAC : iteration:19145 matching_count:1959 error:0.159661 inlier:0.743931
51.568,ros=1778663607.897670,level=20,name=hdl_global_localization.global_localization_node,msg=RANSAC : iteration:19079 matching_count:1951 error:0.160372 inlier:0.50289
51.569,ros=1778663607.897680,level=20,name=hdl_global_localization.global_localization_node,msg=RANSAC : iteration:19079 matching_count:1952 error:0.16214 inlier:0.560116
51.569,ros=1778663607.897909,level=20,name=hdl_global_localization.global_localization_node,msg=RANSAC : iteration:19164 matching_count:1962 error:0.159661 inlier:0.827746
51.569,ros=1778663607.897120,level=20,name=hdl_global_localization.global_localization_node,msg=RANSAC : iteration:18854 matching_count:1925 error:0.163168 inlier:0.405202
51.569,ros=1778663607.897951,level=20,name=hdl_global_localization.global_localization_node,msg=RANSAC : iteration:19172 matching_count:1964 error:0.161999 inlier:0.656069
51.570,ros=1778663607.897065,level=20,name=hdl_global_localization.global_localization_node,msg=RANSAC : iteration:18854 matching_count:1925 error:0.162398 inlier:0.221387
51.570,ros=1778663607.897748,level=20,name=hdl_global_localization.global_localization_node,msg=RANSAC : iteration:19122 matching_count:1955 error:0.160673 inlier:0.444509
51.570,ros=1778663607.898001,level=20,name=hdl_global_localization.global_localization_node,msg=RANSAC : iteration:19202 matching_count:1967 error:0.163183 inlier:0.36185
51.570,ros=1778663607.897833,level=20,name=hdl_global_localization.global_localization_node,msg=RANSAC : iteration:19138 matching_count:1958 error:0.155731 inlier:0.159538
51.570,ros=1778663607.898035,level=20,name=hdl_global_localization.global_localization_node,msg=RANSAC : iteration:19242 matching_count:1970 error:0.159962 inlier:0.560116
51.571,ros=1778663607.897843,level=20,name=hdl_global_localization.global_localization_node,msg=RANSAC : iteration:19138 matching_count:1958 error:0.167954 inlier:0.545087
51.571,ros=1778663607.897465,level=20,name=hdl_global_localization.global_localization_node,msg=RANSAC : iteration:18994 matching_count:1941 error:0.162185 inlier:0.453757
51.571,ros=1778663607.897681,level=20,name=hdl_global_localization.global_localization_node,msg=RANSAC : iteration:19079 matching_count:1952 error:0.172888 inlier:0.293642
51.571,ros=1778663607.897926,level=20,name=hdl_global_localization.global_localization_node,msg=RANSAC : iteration:19172 matching_count:1964 error:0.162387 inlier:0.558382
51.572,ros=1778663607.897942,level=20,name=hdl_global_localization.global_localization_node,msg=RANSAC : iteration:19172 matching_count:1964 error:0.161749 inlier:0.579769
51.572,ros=1778663607.897730,level=20,name=hdl_global_localization.global_localization_node,msg=RANSAC : iteration:19100 matching_count:1954 error:0.159886 inlier:0.853757
51.572,ros=1778663607.897995,level=20,name=hdl_global_localization.global_localization_node,msg=RANSAC : iteration:19202 matching_count:1967 error:0.159938 inlier:0.476879
51.572,ros=1778663607.898002,level=20,name=hdl_global_localization.global_localization_node,msg=RANSAC : iteration:19202 matching_count:1967 error:0.159409 inlier:0.601734
51.572,ros=1778663607.897801,level=20,name=hdl_global_localization.global_localization_node,msg=RANSAC : iteration:19128 matching_count:1957 error:0.162316 inlier:0.276879
51.573,ros=1778663607.897587,level=20,name=hdl_global_localization.global_localization_node,msg=RANSAC : iteration:19028 matching_count:1947 error:0.171026 inlier:0.239306
51.573,ros=1778663607.898053,level=20,name=hdl_global_localization.global_localization_node,msg=RANSAC : iteration:19246 matching_count:1971 error:0.159249 inlier:0.457803
51.573,ros=1778663607.898250,level=20,name=hdl_global_localization.global_localization_node,msg=RANSAC : iteration:19359 matching_count:1982 error:0.158246 inlier:0.357803
51.573,ros=1778663607.898090,level=20,name=hdl_global_localization.global_localization_node,msg=RANSAC : iteration:19271 matching_count:1972 error:0.164132 inlier:0.282081
51.574,ros=1778663607.898090,level=20,name=hdl_global_localization.global_localization_node,msg=RANSAC : iteration:19272 matching_count:1972 error:0.161108 inlier:0.581503
51.574,ros=1778663607.898126,level=20,name=hdl_global_localization.global_localization_node,msg=RANSAC : iteration:19308 matching_count:1975 error:0.161263 inlier:0.534682
51.574,ros=1778663607.898134,level=20,name=hdl_global_localization.global_localization_node,msg=RANSAC : iteration:19308 matching_count:1975 error:0.160059 inlier:0.468208
51.574,ros=1778663607.898178,level=20,name=hdl_global_localization.global_localization_node,msg=RANSAC : iteration:19322 matching_count:1978 error:0.158589 inlier:0.396532
51.575,ros=1778663607.898193,level=20,name=hdl_global_localization.global_localization_node,msg=RANSAC : iteration:19347 matching_count:1979 error:0.160623 inlier:0.465318
51.575,ros=1778663607.898206,level=20,name=hdl_global_localization.global_localization_node,msg=RANSAC : iteration:19348 matching_count:1980 error:0.157673 inlier:0.80578
51.575,ros=1778663607.898412,level=20,name=hdl_global_localization.global_localization_node,msg=RANSAC : iteration:19432 matching_count:1989 error:0.161635 inlier:0.638728
51.575,ros=1778663607.898258,level=20,name=hdl_global_localization.global_localization_node,msg=RANSAC : iteration:19359 matching_count:1982 error:0.157634 inlier:0.731792
51.575,ros=1778663607.898489,level=20,name=hdl_global_localization.global_localization_node,msg=RANSAC : iteration:19444 matching_count:1992 error:0.158376 inlier:0.357803
51.576,ros=1778663607.898502,level=20,name=hdl_global_localization.global_localization_node,msg=RANSAC : iteration:19444 matching_count:1992 error:0.162416 inlier:0.669364
51.576,ros=1778663607.898278,level=20,name=hdl_global_localization.global_localization_node,msg=RANSAC : iteration:19364 matching_count:1983 error:0.161161 inlier:0.408092
51.576,ros=1778663607.898313,level=20,name=hdl_global_localization.global_localization_node,msg=RANSAC : iteration:19381 matching_count:1985 error:0.156847 inlier:0.559538
51.576,ros=1778663607.898063,level=20,name=hdl_global_localization.global_localization_node,msg=RANSAC : iteration:19246 matching_count:1971 error:0.160475 inlier:0.486127
51.577,ros=1778663607.898326,level=20,name=hdl_global_localization.global_localization_node,msg=RANSAC : iteration:19383 matching_count:1986 error:0.160754 inlier:0.538728
51.577,ros=1778663607.898606,level=20,name=hdl_global_localization.global_localization_node,msg=RANSAC : iteration:19504 matching_count:1998 error:0.155675 inlier:0.724855
51.577,ros=1778663607.898617,level=20,name=hdl_global_localization.global_localization_node,msg=RANSAC : iteration:19508 matching_count:1998 error:0.165555 inlier:0.649133
51.577,ros=1778663607.898371,level=20,name=hdl_global_localization.global_localization_node,msg=RANSAC : iteration:19396 matching_count:1987 error:0.158191 inlier:0.39711
51.578,ros=1778663607.898643,level=20,name=hdl_global_localization.global_localization_node,msg=RANSAC : iteration:19515 matching_count:2000 error:0.155576 inlier:0.295954
51.578,ros=1778663607.898412,level=20,name=hdl_global_localization.global_localization_node,msg=RANSAC : iteration:19434 matching_count:1989 error:0.159046 inlier:0.506358
51.578,ros=1778663607.898490,level=20,name=hdl_global_localization.global_localization_node,msg=RANSAC : iteration:19444 matching_count:1992 error:0.162454 inlier:0.22948
51.578,ros=1778663607.898507,level=20,name=hdl_global_localization.global_localization_node,msg=RANSAC : iteration:19453 matching_count:1992 error:0.160835 inlier:0.257225
51.579,ros=1778663607.898269,level=20,name=hdl_global_localization.global_localization_node,msg=RANSAC : iteration:19364 matching_count:1983 error:0.167015 inlier:0.52659
51.579,ros=1778663607.898564,level=20,name=hdl_global_localization.global_localization_node,msg=RANSAC : iteration:19498 matching_count:1996 error:0.159224 inlier:0.34104
51.579,ros=1778663607.898619,level=20,name=hdl_global_localization.global_localization_node,msg=RANSAC : iteration:19509 matching_count:1999 error:0.151528 inlier:0.780925
51.579,ros=1778663607.898623,level=20,name=hdl_global_localization.global_localization_node,msg=RANSAC : iteration:19509 matching_count:1999 error:0.158409 inlier:0.124855
51.579,ros=1778663607.898382,level=20,name=hdl_global_localization.global_localization_node,msg=RANSAC : iteration:19398 matching_count:1988 error:0.156337 inlier:0.479769
51.580,ros=1778663607.898336,level=20,name=hdl_global_localization.global_localization_node,msg=RANSAC : iteration:19396 matching_count:1987 error:0.16026 inlier:0.572254
51.580,ros=1778663607.898695,level=20,name=hdl_global_localization.global_localization_node,msg=RANSAC : iteration:19520 matching_count:2001 error:0.160993 inlier:0.452601
51.580,ros=1778663607.898209,level=20,name=hdl_global_localization.global_localization_node,msg=RANSAC : iteration:19348 matching_count:1980 error:0.161245 inlier:0.388439
51.580,ros=1778663607.898723,level=20,name=hdl_global_localization.global_localization_node,msg=RANSAC : iteration:19520 matching_count:2001 error:0.159782 inlier:0.753757
51.581,ros=1778663607.898741,level=20,name=hdl_global_localization.global_localization_node,msg=RANSAC : iteration:19520 matching_count:2001 error:0.159427 inlier:0.485549
51.581,ros=1778663607.898267,level=20,name=hdl_global_localization.global_localization_node,msg=RANSAC : iteration:19364 matching_count:1983 error:0.162315 inlier:0.472832
51.581,ros=1778663607.898696,level=20,name=hdl_global_localization.global_localization_node,msg=RANSAC : iteration:19520 matching_count:2001 error:0.158637 inlier:0.580347
51.722,ros=1778663608.060634,level=30,name=HdlLocalizationNodelet,msg=waiting for initial pose input or global relocalization!!
51.730,ros=1778663608.060809,level=20,name=HdlLocalizationNodelet,msg=Global localization candidates: returned=10 requested=10 fitness_threshold=0.12 min_margin=0.1 query_points=14655
51.778,ros=1778663608.117320,level=20,name=HdlLocalizationNodelet,msg=Global localization candidate[0] trans=(-0.89087, 0.224727, -0.400652) error=0.164105 inlier=0.924855 ndt_converged=1 ndt_fitness=0.0283192
51.919,ros=1778663608.258585,level=20,name=HdlLocalizationNodelet,msg=Global localization candidate[1] trans=(-0.424211, 3.08854, 0.599474) error=0.162231 inlier=0.923121 ndt_converged=1 ndt_fitness=0.0687497
51.969,ros=1778663608.308034,level=20,name=HdlLocalizationNodelet,msg=Global localization candidate[2] trans=(-2.65144, 0.386237, 0.235519) error=0.153685 inlier=0.918497 ndt_converged=1 ndt_fitness=0.219058
52.069,ros=1778663608.409275,level=20,name=HdlLocalizationNodelet,msg=Global localization candidate[3] trans=(6.98335, 4.57872, 0.198314) error=0.16891 inlier=0.913873 ndt_converged=1 ndt_fitness=0.417371
52.251,ros=1778663608.591993,level=20,name=HdlLocalizationNodelet,msg=Global localization candidate[4] trans=(-2.1621, 9.96501, 0.264693) error=0.152954 inlier=0.912717 ndt_converged=1 ndt_fitness=0.138661
52.325,ros=1778663608.665429,level=20,name=HdlLocalizationNodelet,msg=Global localization candidate[5] trans=(-0.641993, 0.843019, 0.426102) error=0.155559 inlier=0.911561 ndt_converged=1 ndt_fitness=0.118789
52.454,ros=1778663608.794760,level=20,name=HdlLocalizationNodelet,msg=Global localization candidate[6] trans=(0.162379, 7.33578, 0.572508) error=0.156147 inlier=0.89422 ndt_converged=1 ndt_fitness=0.27305
52.562,ros=1778663608.902548,level=20,name=HdlLocalizationNodelet,msg=Global localization candidate[7] trans=(-0.718476, 11.5842, 1.15326) error=0.162278 inlier=0.891329 ndt_converged=1 ndt_fitness=0.501409
52.683,ros=1778663609.023049,level=20,name=HdlLocalizationNodelet,msg=Global localization candidate[8] trans=(-2.79545, 10.0945, 0.342398) error=0.155822 inlier=0.885549 ndt_converged=1 ndt_fitness=0.195595
52.737,ros=1778663609.077062,level=20,name=HdlLocalizationNodelet,msg=Global localization candidate[9] trans=(-4.03938, -1.45357, 0.294963) error=0.156814 inlier=0.883237 ndt_converged=1 ndt_fitness=0.141199
52.737,ros=1778663609.077160,level=20,name=HdlLocalizationNodelet,msg=Best global localization candidate[0] fitness=0.0283192 error=0.164105 inlier=0.924855 accepted_candidates=3
52.737,ros=1778663609.077176,level=20,name=HdlLocalizationNodelet,msg=Second global localization candidate[1] fitness=0.0687497 margin=0.0404305
52.737,ros=1778663609.077188,level=30,name=HdlLocalizationNodelet,msg=reject global localization result: ambiguous fitness margin 0.0404305 < 0.1
52.737,ros=1778663609.077203,level=30,name=HdlLocalizationNodelet,msg=auto relocalize failed; call /relocalize after the scan is stable or set /initialpose manually
52.739,ros=1778663609.079234,level=30,name=HdlLocalizationNodelet,msg=waiting for initial pose input or global relocalization!!
52.749,ros=1778663609.085676,level=30,name=HdlLocalizationNodelet,msg=waiting for initial pose input or global relocalization!!
52.752,ros=1778663609.092155,level=30,name=HdlLocalizationNodelet,msg=waiting for initial pose input or global relocalization!!
52.781,ros=1778663609.121405,level=30,name=HdlLocalizationNodelet,msg=waiting for initial pose input or global relocalization!!
52.883,ros=1778663609.222549,level=30,name=HdlLocalizationNodelet,msg=waiting for initial pose input or global relocalization!!
52.983,ros=1778663609.322410,level=30,name=HdlLocalizationNodelet,msg=waiting for initial pose input or global relocalization!!
53.078,ros=1778663609.418714,level=30,name=HdlLocalizationNodelet,msg=waiting for initial pose input or global relocalization!!
53.178,ros=1778663609.516737,level=30,name=HdlLocalizationNodelet,msg=waiting for initial pose input or global relocalization!!
53.281,ros=1778663609.621924,level=30,name=HdlLocalizationNodelet,msg=waiting for initial pose input or global relocalization!!
53.389,ros=1778663609.729290,level=30,name=HdlLocalizationNodelet,msg=waiting for initial pose input or global relocalization!!
53.444,ros=1778663609.784710,level=20,name=HdlLocalizationNodelet,msg=auto relocalize on start
53.450,ros=1778663609.790598,level=20,name=hdl_global_localization.global_localization_node,msg=Query Global Localization
53.450,ros=1778663609.791106,level=20,name=hdl_global_localization.global_localization_node,msg=Normal Estimation: Radius(1)
53.455,ros=1778663609.792150,level=20,name=hdl_global_localization.global_localization_node,msg=FPFH Extraction: Search Radius(3)
53.464,ros=1778663609.803623,level=20,name=hdl_global_localization.global_localization_node,msg=RANSAC : Precompute Nearest Features
53.485,ros=1778663609.825549,level=30,name=HdlLocalizationNodelet,msg=waiting for initial pose input or global relocalization!!
53.511,ros=1778663609.851289,level=20,name=hdl_global_localization.global_localization_node,msg=RANSAC : Main Loop
53.511,ros=1778663609.851656,level=20,name=hdl_global_localization.global_localization_node,msg=RANSAC : iteration:74 matching_count:10 error:0.150268 inlier:0.25799
53.511,ros=1778663609.851727,level=20,name=hdl_global_localization.global_localization_node,msg=RANSAC : iteration:87 matching_count:13 error:0.163017 inlier:0.22545
53.512,ros=1778663609.851660,level=20,name=hdl_global_localization.global_localization_node,msg=RANSAC : iteration:74 matching_count:10 error:0.159806 inlier:0.7914
53.512,ros=1778663609.851891,level=20,name=hdl_global_localization.global_localization_node,msg=RANSAC : iteration:103 matching_count:15 error:0.157009 inlier:0.682743
53.513,ros=1778663609.851665,level=20,name=hdl_global_localization.global_localization_node,msg=RANSAC : iteration:75 matching_count:10 error:0.158181 inlier:0.443928
53.514,ros=1778663609.851964,level=20,name=hdl_global_localization.global_localization_node,msg=RANSAC : iteration:146 matching_count:18 error:0.157049 inlier:0.326554
53.515,ros=1778663609.852845,level=20,name=hdl_global_localization.global_localization_node,msg=RANSAC : iteration:436 matching_count:43 error:0.159677 inlier:0.248693
53.517,ros=1778663609.852370,level=20,name=hdl_global_localization.global_localization_node,msg=RANSAC : iteration:267 matching_count:29 error:0.162417 inlier:0.460198
53.519,ros=1778663609.856854,level=20,name=hdl_global_localization.global_localization_node,msg=RANSAC : iteration:1827 matching_count:178 error:0.16385 inlier:0.692621
53.520,ros=1778663609.858201,level=20,name=hdl_global_localization.global_localization_node,msg=RANSAC : iteration:2271 matching_count:223 error:0.161508 inlier:0.457292
53.521,ros=1778663609.860559,level=20,name=hdl_global_localization.global_localization_node,msg=RANSAC : iteration:3607 matching_count:343 error:0.160355 inlier:0.600813
53.522,ros=1778663609.861428,level=20,name=hdl_global_localization.global_localization_node,msg=RANSAC : iteration:4215 matching_count:396 error:0.159883 inlier:0.356769
53.524,ros=1778663609.862710,level=20,name=hdl_global_localization.global_localization_node,msg=RANSAC : iteration:4906 matching_count:468 error:0.160642 inlier:0.801278
53.524,ros=1778663609.862996,level=20,name=hdl_global_localization.global_localization_node,msg=RANSAC : iteration:5053 matching_count:486 error:0.161362 inlier:0.658338
53.525,ros=1778663609.864154,level=20,name=hdl_global_localization.global_localization_node,msg=RANSAC : iteration:5775 matching_count:548 error:0.160815 inlier:0.479954
53.526,ros=1778663609.864645,level=20,name=hdl_global_localization.global_localization_node,msg=RANSAC : iteration:6036 matching_count:576 error:0.158908 inlier:0.343405
53.526,ros=1778663609.864987,level=20,name=hdl_global_localization.global_localization_node,msg=RANSAC : iteration:6199 matching_count:596 error:0.159801 inlier:0.214991
53.527,ros=1778663609.865000,level=20,name=hdl_global_localization.global_localization_node,msg=RANSAC : iteration:6209 matching_count:597 error:0.155649 inlier:0.490413
53.527,ros=1778663609.865477,level=20,name=hdl_global_localization.global_localization_node,msg=RANSAC : iteration:6467 matching_count:627 error:0.165344 inlier:0.823359
53.528,ros=1778663609.866810,level=20,name=hdl_global_localization.global_localization_node,msg=RANSAC : iteration:7098 matching_count:695 error:0.161026 inlier:0.396862
53.528,ros=1778663609.867250,level=20,name=hdl_global_localization.global_localization_node,msg=RANSAC : iteration:7316 matching_count:717 error:0.164691 inlier:0.38466
53.529,ros=1778663609.867959,level=20,name=hdl_global_localization.global_localization_node,msg=RANSAC : iteration:7756 matching_count:756 error:0.162853 inlier:0.349797
53.530,ros=1778663609.868655,level=20,name=hdl_global_localization.global_localization_node,msg=RANSAC : iteration:8163 matching_count:799 error:0.159857 inlier:0.50552
53.530,ros=1778663609.868832,level=20,name=hdl_global_localization.global_localization_node,msg=RANSAC : iteration:8239 matching_count:810 error:0.154597 inlier:0.248112
53.531,ros=1778663609.868886,level=20,name=hdl_global_localization.global_localization_node,msg=RANSAC : iteration:8243 matching_count:812 error:0.160456 inlier:0.482859
53.532,ros=1778663609.869464,level=20,name=hdl_global_localization.global_localization_node,msg=RANSAC : iteration:8553 matching_count:847 error:0.156059 inlier:0.511331
53.533,ros=1778663609.869493,level=20,name=hdl_global_localization.global_localization_node,msg=RANSAC : iteration:8564 matching_count:849 error:0.154372 inlier:0.446833
53.534,ros=1778663609.869498,level=20,name=hdl_global_localization.global_localization_node,msg=RANSAC : iteration:8565 matching_count:850 error:0.160913 inlier:0.624637
53.535,ros=1778663609.869522,level=20,name=hdl_global_localization.global_localization_node,msg=RANSAC : iteration:8579 matching_count:851 error:0.160546 inlier:0.457873
53.535,ros=1778663609.869704,level=20,name=hdl_global_localization.global_localization_node,msg=RANSAC : iteration:8702 matching_count:864 error:0.156708 inlier:0.398605
53.536,ros=1778663609.869805,level=20,name=hdl_global_localization.global_localization_node,msg=RANSAC : iteration:8779 matching_count:871 error:0.153175 inlier:0.432307
53.537,ros=1778663609.870011,level=20,name=hdl_global_localization.global_localization_node,msg=RANSAC : iteration:8903 matching_count:882 error:0.16307 inlier:0.507263
53.537,ros=1778663609.870034,level=20,name=hdl_global_localization.global_localization_node,msg=RANSAC : iteration:8946 matching_count:884 error:0.161793 inlier:0.563626
53.537,ros=1778663609.871236,level=20,name=hdl_global_localization.global_localization_node,msg=RANSAC : iteration:9359 matching_count:923 error:0.157595 inlier:0.485764
53.538,ros=1778663609.872414,level=20,name=hdl_global_localization.global_localization_node,msg=RANSAC : iteration:9380 matching_count:924 error:0.164181 inlier:0.299245
53.538,ros=1778663609.876457,level=20,name=hdl_global_localization.global_localization_node,msg=RANSAC : iteration:9834 matching_count:978 error:0.158783 inlier:0.536897
53.538,ros=1778663609.872802,level=20,name=hdl_global_localization.global_localization_node,msg=RANSAC : iteration:9674 matching_count:957 error:0.152435 inlier:0.365485
53.539,ros=1778663609.877276,level=20,name=hdl_global_localization.global_localization_node,msg=RANSAC : iteration:10110 matching_count:1002 error:0.184654 inlier:0.255084
53.539,ros=1778663609.877677,level=20,name=hdl_global_localization.global_localization_node,msg=RANSAC : iteration:10338 matching_count:1016 error:0.164638 inlier:0.272516
53.539,ros=1778663609.876942,level=20,name=hdl_global_localization.global_localization_node,msg=RANSAC : iteration:10005 matching_count:993 error:0.159737 inlier:0.415456
53.540,ros=1778663609.878087,level=20,name=hdl_global_localization.global_localization_node,msg=RANSAC : iteration:10508 matching_count:1036 error:0.158707 inlier:0.324811
53.540,ros=1778663609.878604,level=20,name=hdl_global_localization.global_localization_node,msg=RANSAC : iteration:10796 matching_count:1061 error:0.158409 inlier:0.601395
53.541,ros=1778663609.879372,level=20,name=hdl_global_localization.global_localization_node,msg=RANSAC : iteration:11046 matching_count:1093 error:0.162548 inlier:0.452644
53.541,ros=1778663609.879956,level=20,name=hdl_global_localization.global_localization_node,msg=RANSAC : iteration:11276 matching_count:1118 error:0.157198 inlier:0.518884
53.542,ros=1778663609.879709,level=20,name=hdl_global_localization.global_localization_node,msg=RANSAC : iteration:11189 matching_count:1107 error:0.163576 inlier:0.253341
53.542,ros=1778663609.879977,level=20,name=hdl_global_localization.global_localization_node,msg=RANSAC : iteration:11276 matching_count:1118 error:0.162309 inlier:0.493318
53.543,ros=1778663609.880000,level=20,name=hdl_global_localization.global_localization_node,msg=RANSAC : iteration:11276 matching_count:1118 error:0.16176 inlier:0.769901
53.543,ros=1778663609.880548,level=20,name=hdl_global_localization.global_localization_node,msg=RANSAC : iteration:11531 matching_count:1144 error:0.15903 inlier:0.617083
53.544,ros=1778663609.880705,level=20,name=hdl_global_localization.global_localization_node,msg=RANSAC : iteration:11649 matching_count:1152 error:0.165935 inlier:0.624637
53.544,ros=1778663609.881163,level=20,name=hdl_global_localization.global_localization_node,msg=RANSAC : iteration:11941 matching_count:1177 error:0.159466 inlier:0.773969
53.545,ros=1778663609.881579,level=20,name=hdl_global_localization.global_localization_node,msg=RANSAC : iteration:12173 matching_count:1204 error:0.16117 inlier:0.729227
53.545,ros=1778663609.881468,level=20,name=hdl_global_localization.global_localization_node,msg=RANSAC : iteration:12101 matching_count:1198 error:0.160264 inlier:0.412551
53.546,ros=1778663609.882087,level=20,name=hdl_global_localization.global_localization_node,msg=RANSAC : iteration:12397 matching_count:1232 error:0.15794 inlier:0.414294
53.546,ros=1778663609.884676,level=20,name=hdl_global_localization.global_localization_node,msg=RANSAC : iteration:12718 matching_count:1264 error:0.163202 inlier:0.441023
53.547,ros=1778663609.885460,level=20,name=hdl_global_localization.global_localization_node,msg=RANSAC : iteration:13140 matching_count:1300 error:0.159801 inlier:0.821034
53.547,ros=1778663609.886077,level=20,name=hdl_global_localization.global_localization_node,msg=RANSAC : iteration:13400 matching_count:1331 error:0.158075 inlier:0.160372
53.548,ros=1778663609.886704,level=20,name=hdl_global_localization.global_localization_node,msg=RANSAC : iteration:13774 matching_count:1367 error:0.164856 inlier:0.418361
53.548,ros=1778663609.887022,level=20,name=hdl_global_localization.global_localization_node,msg=RANSAC : iteration:13986 matching_count:1386 error:0.162324 inlier:0.528762
53.549,ros=1778663609.887574,level=20,name=hdl_global_localization.global_localization_node,msg=RANSAC : iteration:14354 matching_count:1420 error:0.1536 inlier:0.879721
53.549,ros=1778663609.888108,level=20,name=hdl_global_localization.global_localization_node,msg=RANSAC : iteration:14594 matching_count:1453 error:0.158558 inlier:0.454387
53.549,ros=1778663609.888507,level=20,name=hdl_global_localization.global_localization_node,msg=RANSAC : iteration:14769 matching_count:1475 error:0.158623 inlier:0.633934
53.550,ros=1778663609.888598,level=20,name=hdl_global_localization.global_localization_node,msg=RANSAC : iteration:14829 matching_count:1479 error:0.158826 inlier:0.493899
53.550,ros=1778663609.888553,level=20,name=hdl_global_localization.global_localization_node,msg=RANSAC : iteration:14794 matching_count:1477 error:0.153878 inlier:0.62638
53.550,ros=1778663609.889137,level=20,name=hdl_global_localization.global_localization_node,msg=RANSAC : iteration:15096 matching_count:1508 error:0.161013 inlier:0.545613
53.550,ros=1778663609.889575,level=20,name=hdl_global_localization.global_localization_node,msg=RANSAC : iteration:15417 matching_count:1537 error:0.166146 inlier:0.299245
53.551,ros=1778663609.889763,level=20,name=hdl_global_localization.global_localization_node,msg=RANSAC : iteration:15587 matching_count:1550 error:0.159221 inlier:0.701336
53.551,ros=1778663609.889894,level=20,name=hdl_global_localization.global_localization_node,msg=RANSAC : iteration:15709 matching_count:1559 error:0.155354 inlier:0.43405
53.552,ros=1778663609.890579,level=20,name=hdl_global_localization.global_localization_node,msg=RANSAC : iteration:16229 matching_count:1601 error:0.157812 inlier:0.330622
53.553,ros=1778663609.891586,level=20,name=hdl_global_localization.global_localization_node,msg=RANSAC : iteration:16885 matching_count:1658 error:0.163464 inlier:0.537478
53.554,ros=1778663609.893036,level=20,name=hdl_global_localization.global_localization_node,msg=RANSAC : iteration:17430 matching_count:1723 error:0.160081 inlier:0.386984
53.555,ros=1778663609.893101,level=20,name=hdl_global_localization.global_localization_node,msg=RANSAC : iteration:17444 matching_count:1725 error:0.16078 inlier:0.265543
53.555,ros=1778663609.893641,level=20,name=hdl_global_localization.global_localization_node,msg=RANSAC : iteration:17695 matching_count:1752 error:0.161014 inlier:0.699593
53.556,ros=1778663609.894659,level=20,name=hdl_global_localization.global_localization_node,msg=RANSAC : iteration:18349 matching_count:1812 error:0.159546 inlier:0.746078
53.556,ros=1778663609.894975,level=20,name=hdl_global_localization.global_localization_node,msg=RANSAC : iteration:18577 matching_count:1833 error:0.155664 inlier:0.396281
53.557,ros=1778663609.895400,level=20,name=hdl_global_localization.global_localization_node,msg=RANSAC : iteration:18776 matching_count:1860 error:0.160075 inlier:0.497966
53.558,ros=1778663609.896501,level=20,name=hdl_global_localization.global_localization_node,msg=RANSAC : iteration:19418 matching_count:1911 error:0.158872 inlier:0.399768
53.558,ros=1778663609.896438,level=20,name=hdl_global_localization.global_localization_node,msg=RANSAC : iteration:19365 matching_count:1908 error:0.173098 inlier:0.0894829
53.559,ros=1778663609.896467,level=20,name=hdl_global_localization.global_localization_node,msg=RANSAC : iteration:19374 matching_count:1909 error:0.170088 inlier:0.0720511
53.559,ros=1778663609.896246,level=20,name=hdl_global_localization.global_localization_node,msg=RANSAC : iteration:19249 matching_count:1898 error:0.153824 inlier:0.578733
53.560,ros=1778663609.896482,level=20,name=hdl_global_localization.global_localization_node,msg=RANSAC : iteration:19375 matching_count:1909 error:0.156629 inlier:0.658919
53.560,ros=1778663609.896501,level=20,name=hdl_global_localization.global_localization_node,msg=RANSAC : iteration:19418 matching_count:1911 error:0.161517 inlier:0.287042
53.561,ros=1778663609.896252,level=20,name=hdl_global_localization.global_localization_node,msg=RANSAC : iteration:19255 matching_count:1898 error:0.160652 inlier:0.761766
53.561,ros=1778663609.896564,level=20,name=hdl_global_localization.global_localization_node,msg=RANSAC : iteration:19447 matching_count:1915 error:0.157457 inlier:0.748983
53.561,ros=1778663609.896573,level=20,name=hdl_global_localization.global_localization_node,msg=RANSAC : iteration:19447 matching_count:1915 error:0.160069 inlier:0.775131
53.562,ros=1778663609.896587,level=20,name=hdl_global_localization.global_localization_node,msg=RANSAC : iteration:19460 matching_count:1916 error:0.156749 inlier:0.400349
53.562,ros=1778663609.896596,level=20,name=hdl_global_localization.global_localization_node,msg=RANSAC : iteration:19460 matching_count:1916 error:0.164042 inlier:0.364904
53.563,ros=1778663609.896609,level=20,name=hdl_global_localization.global_localization_node,msg=RANSAC : iteration:19460 matching_count:1916 error:0.177487 inlier:0.497385
53.563,ros=1778663609.896619,level=20,name=hdl_global_localization.global_localization_node,msg=RANSAC : iteration:19473 matching_count:1916 error:0.15768 inlier:0.592679
53.564,ros=1778663609.896642,level=20,name=hdl_global_localization.global_localization_node,msg=RANSAC : iteration:19484 matching_count:1918 error:0.155625 inlier:0.376525
53.565,ros=1778663609.896680,level=20,name=hdl_global_localization.global_localization_node,msg=RANSAC : iteration:19492 matching_count:1920 error:0.159568 inlier:0.501453
53.565,ros=1778663609.896681,level=20,name=hdl_global_localization.global_localization_node,msg=RANSAC : iteration:19497 matching_count:1920 error:0.164332 inlier:0.321325
53.566,ros=1778663609.896703,level=20,name=hdl_global_localization.global_localization_node,msg=RANSAC : iteration:19509 matching_count:1922 error:0.160935 inlier:0.764091
53.566,ros=1778663609.896713,level=20,name=hdl_global_localization.global_localization_node,msg=RANSAC : iteration:19512 matching_count:1922 error:0.155811 inlier:0.705404
53.567,ros=1778663609.896735,level=20,name=hdl_global_localization.global_localization_node,msg=RANSAC : iteration:19521 matching_count:1924 error:0.1616 inlier:0.281813
53.568,ros=1778663609.896749,level=20,name=hdl_global_localization.global_localization_node,msg=RANSAC : iteration:19524 matching_count:1925 error:0.159979 inlier:0.279489
53.569,ros=1778663609.896775,level=20,name=hdl_global_localization.global_localization_node,msg=RANSAC : iteration:19524 matching_count:1925 error:0.158392 inlier:0.506682
53.569,ros=1778663609.896794,level=20,name=hdl_global_localization.global_localization_node,msg=RANSAC : iteration:19524 matching_count:1925 error:0.160434 inlier:0.390471
53.569,ros=1778663609.896801,level=20,name=hdl_global_localization.global_localization_node,msg=RANSAC : iteration:19524 matching_count:1925 error:0.163564 inlier:0.186519
53.570,ros=1778663609.896824,level=20,name=hdl_global_localization.global_localization_node,msg=RANSAC : iteration:19524 matching_count:1925 error:0.157404 inlier:0.386984
53.570,ros=1778663609.896826,level=20,name=hdl_global_localization.global_localization_node,msg=RANSAC : iteration:19524 matching_count:1925 error:0.154473 inlier:0.333527
53.571,ros=1778663609.896956,level=20,name=hdl_global_localization.global_localization_node,msg=RANSAC : iteration:19609 matching_count:1931 error:0.1599 inlier:0.746659
53.571,ros=1778663609.897124,level=20,name=hdl_global_localization.global_localization_node,msg=RANSAC : iteration:19726 matching_count:1942 error:0.159308 inlier:0.321906
53.571,ros=1778663609.896987,level=20,name=hdl_global_localization.global_localization_node,msg=RANSAC : iteration:19611 matching_count:1933 error:0.153959 inlier:0.0947124
53.572,ros=1778663609.897032,level=20,name=hdl_global_localization.global_localization_node,msg=RANSAC : iteration:19631 matching_count:1936 error:0.162281 inlier:0.806508
53.572,ros=1778663609.897054,level=20,name=hdl_global_localization.global_localization_node,msg=RANSAC : iteration:19660 matching_count:1937 error:0.157931 inlier:0.332365
53.573,ros=1778663609.897206,level=20,name=hdl_global_localization.global_localization_node,msg=RANSAC : iteration:19745 matching_count:1945 error:0.15427 inlier:0.839047
53.573,ros=1778663609.897230,level=20,name=hdl_global_localization.global_localization_node,msg=RANSAC : iteration:19753 matching_count:1946 error:0.157923 inlier:0.553167
53.574,ros=1778663609.897081,level=20,name=hdl_global_localization.global_localization_node,msg=RANSAC : iteration:19675 matching_count:1939 error:0.161465 inlier:0.388727
53.574,ros=1778663609.897308,level=20,name=hdl_global_localization.global_localization_node,msg=RANSAC : iteration:19774 matching_count:1948 error:0.159021 inlier:0.626961
53.576,ros=1778663609.896974,level=20,name=hdl_global_localization.global_localization_node,msg=RANSAC : iteration:19610 matching_count:1932 error:0.157741 inlier:0.42301
53.577,ros=1778663609.897154,level=20,name=hdl_global_localization.global_localization_node,msg=RANSAC : iteration:19738 matching_count:1944 error:0.167617 inlier:0.414294
53.578,ros=1778663609.897160,level=20,name=hdl_global_localization.global_localization_node,msg=RANSAC : iteration:19738 matching_count:1944 error:0.159385 inlier:0.69785
53.578,ros=1778663609.897371,level=20,name=hdl_global_localization.global_localization_node,msg=RANSAC : iteration:19806 matching_count:1952 error:0.159606 inlier:0.549099
53.579,ros=1778663609.897198,level=20,name=hdl_global_localization.global_localization_node,msg=RANSAC : iteration:19745 matching_count:1945 error:0.16006 inlier:0.573504
53.580,ros=1778663609.897205,level=20,name=hdl_global_localization.global_localization_node,msg=RANSAC : iteration:19745 matching_count:1945 error:0.155891 inlier:0.696107
53.580,ros=1778663609.897058,level=20,name=hdl_global_localization.global_localization_node,msg=RANSAC : iteration:19660 matching_count:1937 error:0.162138 inlier:0.294596
53.581,ros=1778663609.897212,level=20,name=hdl_global_localization.global_localization_node,msg=RANSAC : iteration:19753 matching_count:1946 error:0.136447 inlier:0.421848
53.581,ros=1778663609.897220,level=20,name=hdl_global_localization.global_localization_node,msg=RANSAC : iteration:19753 matching_count:1946 error:0.158693 inlier:0.503777
53.581,ros=1778663609.897073,level=20,name=hdl_global_localization.global_localization_node,msg=RANSAC : iteration:19673 matching_count:1938 error:0.159463 inlier:0.651947
53.582,ros=1778663609.897511,level=20,name=hdl_global_localization.global_localization_node,msg=RANSAC : iteration:19857 matching_count:1959 error:0.164739 inlier:0.162696
53.582,ros=1778663609.897351,level=20,name=hdl_global_localization.global_localization_node,msg=RANSAC : iteration:19804 matching_count:1951 error:0.1568 inlier:0.62638
53.583,ros=1778663609.897171,level=20,name=hdl_global_localization.global_localization_node,msg=RANSAC : iteration:19738 matching_count:1944 error:0.158284 inlier:0.461941
53.583,ros=1778663609.897569,level=20,name=hdl_global_localization.global_localization_node,msg=RANSAC : iteration:19876 matching_count:1963 error:0.159266 inlier:0.7362
53.584,ros=1778663609.897585,level=20,name=hdl_global_localization.global_localization_node,msg=RANSAC : iteration:19876 matching_count:1963 error:0.156311 inlier:0.717025
53.584,ros=1778663609.897603,level=20,name=hdl_global_localization.global_localization_node,msg=RANSAC : iteration:19894 matching_count:1964 error:0.157016 inlier:0.466589
53.585,ros=1778663609.897429,level=20,name=hdl_global_localization.global_localization_node,msg=RANSAC : iteration:19824 matching_count:1955 error:0.160126 inlier:0.723998
53.587,ros=1778663609.897641,level=20,name=hdl_global_localization.global_localization_node,msg=RANSAC : iteration:19934 matching_count:1966 error:0.159388 inlier:0.629285
53.588,ros=1778663609.897649,level=20,name=hdl_global_localization.global_localization_node,msg=RANSAC : iteration:19946 matching_count:1967 error:0.15285 inlier:0.727484
53.588,ros=1778663609.897497,level=20,name=hdl_global_localization.global_localization_node,msg=RANSAC : iteration:19857 matching_count:1959 error:0.162016 inlier:0.334108
53.589,ros=1778663609.897114,level=20,name=hdl_global_localization.global_localization_node,msg=RANSAC : iteration:19712 matching_count:1940 error:0.14984 inlier:0.484602
53.589,ros=1778663609.897759,level=20,name=hdl_global_localization.global_localization_node,msg=RANSAC : iteration:19989 matching_count:1970 error:0.163835 inlier:0.51656
53.590,ros=1778663609.897543,level=20,name=hdl_global_localization.global_localization_node,msg=RANSAC : iteration:19864 matching_count:1961 error:0.164419 inlier:0.457873
53.591,ros=1778663609.897389,level=20,name=hdl_global_localization.global_localization_node,msg=RANSAC : iteration:19821 matching_count:1953 error:0.156116 inlier:0.192911
53.591,ros=1778663609.897414,level=20,name=hdl_global_localization.global_localization_node,msg=RANSAC : iteration:19824 matching_count:1955 error:0.160947 inlier:0.725741
53.591,ros=1778663609.897632,level=20,name=hdl_global_localization.global_localization_node,msg=RANSAC : iteration:19934 matching_count:1966 error:0.164368 inlier:0.616502
53.592,ros=1778663609.897437,level=20,name=hdl_global_localization.global_localization_node,msg=RANSAC : iteration:19829 matching_count:1956 error:0.167321 inlier:0.260895
53.592,ros=1778663609.897454,level=20,name=hdl_global_localization.global_localization_node,msg=RANSAC : iteration:19836 matching_count:1957 error:0.157279 inlier:0.482859
53.596,ros=1778663609.897655,level=20,name=hdl_global_localization.global_localization_node,msg=RANSAC : iteration:19946 matching_count:1967 error:0.160572 inlier:0.384079
53.597,ros=1778663609.897946,level=20,name=hdl_global_localization.global_localization_node,msg=RANSAC : iteration:20064 matching_count:1978 error:0.155466 inlier:0.418361
53.597,ros=1778663609.897696,level=20,name=hdl_global_localization.global_localization_node,msg=RANSAC : iteration:19989 matching_count:1970 error:0.151899 inlier:0.270192
53.598,ros=1778663609.897973,level=20,name=hdl_global_localization.global_localization_node,msg=RANSAC : iteration:20075 matching_count:1980 error:0.162724 inlier:0.452063
53.598,ros=1778663609.897995,level=20,name=hdl_global_localization.global_localization_node,msg=RANSAC : iteration:20096 matching_count:1982 error:0.156609 inlier:0.267286
53.598,ros=1778663609.898009,level=20,name=hdl_global_localization.global_localization_node,msg=RANSAC : iteration:20097 matching_count:1983 error:0.15926 inlier:0.561883
53.598,ros=1778663609.898029,level=20,name=hdl_global_localization.global_localization_node,msg=RANSAC : iteration:20105 matching_count:1984 error:0.162812 inlier:0.720511
53.599,ros=1778663609.898044,level=20,name=hdl_global_localization.global_localization_node,msg=RANSAC : iteration:20122 matching_count:1984 error:0.157541 inlier:0.342824
53.599,ros=1778663609.897532,level=20,name=hdl_global_localization.global_localization_node,msg=RANSAC : iteration:19864 matching_count:1961 error:0.161408 inlier:0.490413
53.599,ros=1778663609.897765,level=20,name=hdl_global_localization.global_localization_node,msg=RANSAC : iteration:19992 matching_count:1970 error:0.161 inlier:0.447995
53.602,ros=1778663609.897747,level=20,name=hdl_global_localization.global_localization_node,msg=RANSAC : iteration:19989 matching_count:1970 error:0.160997 inlier:0.435793
53.603,ros=1778663609.898096,level=20,name=hdl_global_localization.global_localization_node,msg=RANSAC : iteration:20178 matching_count:1988 error:0.16479 inlier:0.201627
53.603,ros=1778663609.897956,level=20,name=hdl_global_localization.global_localization_node,msg=RANSAC : iteration:20064 matching_count:1979 error:0.15936 inlier:0.388146
53.603,ros=1778663609.897965,level=20,name=hdl_global_localization.global_localization_node,msg=RANSAC : iteration:20075 matching_count:1980 error:0.160379 inlier:0.446252
53.603,ros=1778663609.897714,level=20,name=hdl_global_localization.global_localization_node,msg=RANSAC : iteration:19989 matching_count:1970 error:0.162472 inlier:0.295758
53.603,ros=1778663609.898163,level=20,name=hdl_global_localization.global_localization_node,msg=RANSAC : iteration:20203 matching_count:1992 error:0.161949 inlier:0.867519
53.604,ros=1778663609.898081,level=20,name=hdl_global_localization.global_localization_node,msg=RANSAC : iteration:20165 matching_count:1987 error:0.16153 inlier:0.633934
53.604,ros=1778663609.897778,level=20,name=hdl_global_localization.global_localization_node,msg=RANSAC : iteration:20007 matching_count:1970 error:0.163111 inlier:0.606043
53.604,ros=1778663609.898250,level=20,name=hdl_global_localization.global_localization_node,msg=RANSAC : iteration:20246 matching_count:1995 error:0.159228 inlier:0.682743
53.604,ros=1778663609.898130,level=20,name=hdl_global_localization.global_localization_node,msg=RANSAC : iteration:20189 matching_count:1990 error:0.168035 inlier:0.485764
53.604,ros=1778663609.897658,level=20,name=hdl_global_localization.global_localization_node,msg=RANSAC : iteration:19963 matching_count:1968 error:0.157952 inlier:0.834399
53.605,ros=1778663609.898137,level=20,name=hdl_global_localization.global_localization_node,msg=RANSAC : iteration:20189 matching_count:1990 error:0.159302 inlier:0.353864
53.605,ros=1778663609.898159,level=20,name=hdl_global_localization.global_localization_node,msg=RANSAC : iteration:20203 matching_count:1992 error:0.164091 inlier:0.343986
53.607,ros=1778663609.898338,level=20,name=hdl_global_localization.global_localization_node,msg=RANSAC : iteration:20318 matching_count:2001 error:0.156638 inlier:0.655433
53.607,ros=1778663609.898050,level=20,name=hdl_global_localization.global_localization_node,msg=RANSAC : iteration:20152 matching_count:1984 error:0.165051 inlier:0.524114
53.608,ros=1778663609.898165,level=20,name=hdl_global_localization.global_localization_node,msg=RANSAC : iteration:20205 matching_count:1992 error:0.156066 inlier:0.3957
53.608,ros=1778663609.898377,level=20,name=hdl_global_localization.global_localization_node,msg=RANSAC : iteration:20318 matching_count:2001 error:0.161791 inlier:0.368972
53.608,ros=1778663609.897953,level=20,name=hdl_global_localization.global_localization_node,msg=RANSAC : iteration:20064 matching_count:1979 error:0.15532 inlier:0.200465
53.608,ros=1778663609.898399,level=20,name=hdl_global_localization.global_localization_node,msg=RANSAC : iteration:20318 matching_count:2001 error:0.159261 inlier:0.423591
53.609,ros=1778663609.898233,level=20,name=hdl_global_localization.global_localization_node,msg=RANSAC : iteration:20224 matching_count:1993 error:0.156313 inlier:0.709471
53.609,ros=1778663609.898245,level=20,name=hdl_global_localization.global_localization_node,msg=RANSAC : iteration:20246 matching_count:1994 error:0.146092 inlier:0.15921
53.609,ros=1778663609.898130,level=20,name=hdl_global_localization.global_localization_node,msg=RANSAC : iteration:20189 matching_count:1990 error:0.164168 inlier:0.611273
53.609,ros=1778663609.898324,level=20,name=hdl_global_localization.global_localization_node,msg=RANSAC : iteration:20306 matching_count:2000 error:0.164438 inlier:0.430564
53.609,ros=1778663609.898377,level=20,name=hdl_global_localization.global_localization_node,msg=RANSAC : iteration:20318 matching_count:2001 error:0.165527 inlier:0.366066
53.610,ros=1778663609.898177,level=20,name=hdl_global_localization.global_localization_node,msg=RANSAC : iteration:20208 matching_count:1993 error:0.157199 inlier:0.279489
53.610,ros=1778663609.898396,level=20,name=hdl_global_localization.global_localization_node,msg=RANSAC : iteration:20318 matching_count:2001 error:0.161886 inlier:0.546775
53.610,ros=1778663609.898230,level=20,name=hdl_global_localization.global_localization_node,msg=RANSAC : iteration:20218 matching_count:1993 error:0.161131 inlier:0.632191
53.610,ros=1778663609.898456,level=20,name=hdl_global_localization.global_localization_node,msg=RANSAC : iteration:20318 matching_count:2001 error:0.158293 inlier:0.420686
53.610,ros=1778663609.898561,level=20,name=hdl_global_localization.global_localization_node,msg=RANSAC : iteration:20318 matching_count:2001 error:0.153569 inlier:0.0976177
53.611,ros=1778663609.901173,level=20,name=HdlLocalizationNodelet,msg=Global localization candidates: returned=10 requested=10 fitness_threshold=0.12 min_margin=0.1 query_points=14574
53.626,ros=1778663609.966699,level=20,name=HdlLocalizationNodelet,msg=Global localization candidate[0] trans=(-3.93634, 0.522018, 0.276061) error=0.149824 inlier=0.925625 ndt_converged=1 ndt_fitness=0.0916496
53.676,ros=1778663610.016491,level=20,name=HdlLocalizationNodelet,msg=Global localization candidate[1] trans=(-0.243973, -0.0697131, 0.967217) error=0.150798 inlier=0.921557 ndt_converged=1 ndt_fitness=0.0282705
53.756,ros=1778663610.096300,level=20,name=HdlLocalizationNodelet,msg=Global localization candidate[2] trans=(6.33863, 7.86927, -0.366924) error=0.158819 inlier=0.905288 ndt_converged=1 ndt_fitness=0.656901
53.925,ros=1778663610.265168,level=20,name=HdlLocalizationNodelet,msg=Global localization candidate[3] trans=(4.96082, 4.9102, 0.263779) error=0.152209 inlier=0.903544 ndt_converged=1 ndt_fitness=0.586505
54.003,ros=1778663610.343793,level=20,name=HdlLocalizationNodelet,msg=Global localization candidate[4] trans=(5.57555, 7.3767, 0.611465) error=0.161569 inlier=0.902963 ndt_converged=1 ndt_fitness=0.795433
54.141,ros=1778663610.481707,level=20,name=HdlLocalizationNodelet,msg=Global localization candidate[5] trans=(0.738647, 8.03038, 0.626582) error=0.165873 inlier=0.898896 ndt_converged=1 ndt_fitness=0.231539
54.231,ros=1778663610.571677,level=20,name=HdlLocalizationNodelet,msg=Global localization candidate[6] trans=(0.459691, 11.1936, 1.1988) error=0.161395 inlier=0.898315 ndt_converged=1 ndt_fitness=0.206802
54.377,ros=1778663610.717906,level=20,name=HdlLocalizationNodelet,msg=Global localization candidate[7] trans=(10.1474, 10.6153, 0.630374) error=0.163485 inlier=0.889018 ndt_converged=1 ndt_fitness=0.302255
54.511,ros=1778663610.851268,level=20,name=HdlLocalizationNodelet,msg=Global localization candidate[8] trans=(0.226228, 5.11311, 0.385092) error=0.162372 inlier=0.887856 ndt_converged=1 ndt_fitness=0.346004
54.689,ros=1778663611.028952,level=20,name=HdlLocalizationNodelet,msg=Global localization candidate[9] trans=(-2.56146, 9.70319, 0.198905) error=0.15612 inlier=0.887856 ndt_converged=1 ndt_fitness=0.341458
54.689,ros=1778663611.029053,level=20,name=HdlLocalizationNodelet,msg=Best global localization candidate[1] fitness=0.0282705 error=0.150798 inlier=0.921557 accepted_candidates=2
54.689,ros=1778663611.029067,level=20,name=HdlLocalizationNodelet,msg=Second global localization candidate[0] fitness=0.0916496 margin=0.0633791
54.690,ros=1778663611.029076,level=30,name=HdlLocalizationNodelet,msg=reject global localization result: ambiguous fitness margin 0.0633791 < 0.1
54.690,ros=1778663611.029093,level=30,name=HdlLocalizationNodelet,msg=auto relocalize failed; call /relocalize after the scan is stable or set /initialpose manually
54.691,ros=1778663611.031621,level=30,name=HdlLocalizationNodelet,msg=waiting for initial pose input or global relocalization!!
54.698,ros=1778663611.038031,level=30,name=HdlLocalizationNodelet,msg=waiting for initial pose input or global relocalization!!
54.711,ros=1778663611.051658,level=30,name=HdlLocalizationNodelet,msg=waiting for initial pose input or global relocalization!!
54.722,ros=1778663611.062869,level=30,name=HdlLocalizationNodelet,msg=waiting for initial pose input or global relocalization!!
54.777,ros=1778663611.117491,level=30,name=HdlLocalizationNodelet,msg=waiting for initial pose input or global relocalization!!
54.880,ros=1778663611.220596,level=30,name=HdlLocalizationNodelet,msg=waiting for initial pose input or global relocalization!!
54.978,ros=1778663611.318384,level=30,name=HdlLocalizationNodelet,msg=waiting for initial pose input or global relocalization!!
55.061,ros=1778663611.401581,level=30,name=robot_realpose_publisher,msg=Failed to get TF map->base_footprint: Could not find a connection between 'map' and 'base_footprint' because they are not part of the same tree.Tf has two or more unconnected trees.
55.080,ros=1778663611.420702,level=30,name=HdlLocalizationNodelet,msg=waiting for initial pose input or global relocalization!!
55.180,ros=1778663611.519990,level=30,name=HdlLocalizationNodelet,msg=waiting for initial pose input or global relocalization!!
55.277,ros=1778663611.617258,level=30,name=HdlLocalizationNodelet,msg=waiting for initial pose input or global relocalization!!
55.378,ros=1778663611.718400,level=30,name=HdlLocalizationNodelet,msg=waiting for initial pose input or global relocalization!!
55.444,ros=1778663611.784699,level=20,name=HdlLocalizationNodelet,msg=auto relocalize on start
55.448,ros=1778663611.788264,level=20,name=HdlLocalizationNodelet,msg=global localization height-filtered scan points: 14571 z=[0, inf]
55.449,ros=1778663611.788611,level=20,name=hdl_global_localization.global_localization_node,msg=Query Global Localization
55.449,ros=1778663611.788952,level=20,name=hdl_global_localization.global_localization_node,msg=Normal Estimation: Radius(1)
55.449,ros=1778663611.789771,level=20,name=hdl_global_localization.global_localization_node,msg=FPFH Extraction: Search Radius(3)
55.464,ros=1778663611.804243,level=20,name=hdl_global_localization.global_localization_node,msg=RANSAC : Precompute Nearest Features
55.500,ros=1778663611.840074,level=20,name=hdl_global_localization.global_localization_node,msg=RANSAC : Main Loop
55.500,ros=1778663611.840668,level=20,name=hdl_global_localization.global_localization_node,msg=RANSAC : iteration:90 matching_count:10 error:0.156509 inlier:0.220998
55.501,ros=1778663611.840667,level=20,name=hdl_global_localization.global_localization_node,msg=RANSAC : iteration:90 matching_count:10 error:0.174876 inlier:0.0823666
55.501,ros=1778663611.840668,level=20,name=hdl_global_localization.global_localization_node,msg=RANSAC : iteration:90 matching_count:10 error:0.161395 inlier:0.656032
55.501,ros=1778663611.840668,level=20,name=hdl_global_localization.global_localization_node,msg=RANSAC : iteration:91 matching_count:11 error:0.162717 inlier:0.315545
55.502,ros=1778663611.840984,level=20,name=hdl_global_localization.global_localization_node,msg=RANSAC : iteration:130 matching_count:18 error:0.161354 inlier:0.706497
55.503,ros=1778663611.840672,level=20,name=hdl_global_localization.global_localization_node,msg=RANSAC : iteration:92 matching_count:11 error:0.152023 inlier:0.230858
55.504,ros=1778663611.840674,level=20,name=hdl_global_localization.global_localization_node,msg=RANSAC : iteration:92 matching_count:11 error:0.154994 inlier:0.477958
55.504,ros=1778663611.840843,level=20,name=hdl_global_localization.global_localization_node,msg=RANSAC : iteration:108 matching_count:15 error:0.162715 inlier:0.365429
55.505,ros=1778663611.842049,level=20,name=hdl_global_localization.global_localization_node,msg=RANSAC : iteration:253 matching_count:34 error:0.158262 inlier:0.451856
55.505,ros=1778663611.842697,level=20,name=hdl_global_localization.global_localization_node,msg=RANSAC : iteration:402 matching_count:51 error:0.158853 inlier:0.514501
55.505,ros=1778663611.843523,level=20,name=hdl_global_localization.global_localization_node,msg=RANSAC : iteration:604 matching_count:74 error:0.15817 inlier:0.810905
55.506,ros=1778663611.843987,level=20,name=hdl_global_localization.global_localization_node,msg=RANSAC : iteration:787 matching_count:95 error:0.159187 inlier:0.446636
55.506,ros=1778663611.844194,level=20,name=hdl_global_localization.global_localization_node,msg=RANSAC : iteration:918 matching_count:105 error:0.159459 inlier:0.200116
55.506,ros=1778663611.842904,level=20,name=hdl_global_localization.global_localization_node,msg=RANSAC : iteration:461 matching_count:56 error:0.161273 inlier:0.381671
55.507,ros=1778663611.844351,level=20,name=hdl_global_localization.global_localization_node,msg=RANSAC : iteration:992 matching_count:111 error:0.190384 inlier:0.298724
55.507,ros=1778663611.844128,level=20,name=hdl_global_localization.global_localization_node,msg=RANSAC : iteration:906 matching_count:103 error:0.160889 inlier:0.37529
55.507,ros=1778663611.844142,level=20,name=hdl_global_localization.global_localization_node,msg=RANSAC : iteration:911 matching_count:104 error:0.162293 inlier:0.507541
55.507,ros=1778663611.844651,level=20,name=hdl_global_localization.global_localization_node,msg=RANSAC : iteration:1053 matching_count:122 error:0.162848 inlier:0.868329
55.508,ros=1778663611.845096,level=20,name=hdl_global_localization.global_localization_node,msg=RANSAC : iteration:1202 matching_count:140 error:0.146157 inlier:0.818445
55.508,ros=1778663611.845112,level=20,name=hdl_global_localization.global_localization_node,msg=RANSAC : iteration:1202 matching_count:140 error:0.161629 inlier:0.364269
55.508,ros=1778663611.845125,level=20,name=hdl_global_localization.global_localization_node,msg=RANSAC : iteration:1219 matching_count:141 error:0.172409 inlier:0.793503
55.508,ros=1778663611.844986,level=20,name=hdl_global_localization.global_localization_node,msg=RANSAC : iteration:1138 matching_count:135 error:0.161586 inlier:0.283063
55.509,ros=1778663611.845570,level=20,name=hdl_global_localization.global_localization_node,msg=RANSAC : iteration:1431 matching_count:156 error:0.157747 inlier:0.521462
55.509,ros=1778663611.845599,level=20,name=hdl_global_localization.global_localization_node,msg=RANSAC : iteration:1452 matching_count:158 error:0.161361 inlier:0.564965
55.509,ros=1778663611.845060,level=20,name=hdl_global_localization.global_localization_node,msg=RANSAC : iteration:1194 matching_count:139 error:0.157569 inlier:0.37819
55.509,ros=1778663611.845651,level=20,name=hdl_global_localization.global_localization_node,msg=RANSAC : iteration:1468 matching_count:160 error:0.156223 inlier:0.12123
55.510,ros=1778663611.845181,level=20,name=hdl_global_localization.global_localization_node,msg=RANSAC : iteration:1292 matching_count:144 error:0.160046 inlier:0.267981
55.511,ros=1778663611.845690,level=20,name=hdl_global_localization.global_localization_node,msg=RANSAC : iteration:1470 matching_count:161 error:0.16004 inlier:0.393852
55.511,ros=1778663611.844799,level=20,name=hdl_global_localization.global_localization_node,msg=RANSAC : iteration:1092 matching_count:127 error:0.165836 inlier:0.219838
55.511,ros=1778663611.845773,level=20,name=hdl_global_localization.global_localization_node,msg=RANSAC : iteration:1488 matching_count:164 error:0.157121 inlier:0.350348
55.512,ros=1778663611.845800,level=20,name=hdl_global_localization.global_localization_node,msg=RANSAC : iteration:1493 matching_count:165 error:0.160525 inlier:0.49652
55.512,ros=1778663611.843977,level=20,name=hdl_global_localization.global_localization_node,msg=RANSAC : iteration:780 matching_count:94 error:0.158192 inlier:0.712297
55.512,ros=1778663611.845874,level=20,name=hdl_global_localization.global_localization_node,msg=RANSAC : iteration:1504 matching_count:167 error:0.151145 inlier:0.804524
55.512,ros=1778663611.845655,level=20,name=hdl_global_localization.global_localization_node,msg=RANSAC : iteration:1468 matching_count:160 error:0.162793 inlier:0.509861
55.512,ros=1778663611.845121,level=20,name=hdl_global_localization.global_localization_node,msg=RANSAC : iteration:1211 matching_count:140 error:0.158368 inlier:0.299884
55.512,ros=1778663611.845945,level=20,name=hdl_global_localization.global_localization_node,msg=RANSAC : iteration:1515 matching_count:169 error:0.162381 inlier:0.545244
55.513,ros=1778663611.845734,level=20,name=hdl_global_localization.global_localization_node,msg=RANSAC : iteration:1486 matching_count:163 error:0.157524 inlier:0.24594
55.513,ros=1778663611.846070,level=20,name=hdl_global_localization.global_localization_node,msg=RANSAC : iteration:1536 matching_count:173 error:0.159287 inlier:0.558005
55.513,ros=1778663611.846090,level=20,name=hdl_global_localization.global_localization_node,msg=RANSAC : iteration:1551 matching_count:174 error:0.164663 inlier:0.661253
55.513,ros=1778663611.845223,level=20,name=hdl_global_localization.global_localization_node,msg=RANSAC : iteration:1293 matching_count:145 error:0.161481 inlier:0.194896
55.514,ros=1778663611.845377,level=20,name=hdl_global_localization.global_localization_node,msg=RANSAC : iteration:1342 matching_count:149 error:0.168359 inlier:0.432135
55.514,ros=1778663611.844983,level=20,name=hdl_global_localization.global_localization_node,msg=RANSAC : iteration:1138 matching_count:135 error:0.156363 inlier:0.333527
55.514,ros=1778663611.844604,level=20,name=hdl_global_localization.global_localization_node,msg=RANSAC : iteration:1044 matching_count:121 error:0.160159 inlier:0.656032
55.514,ros=1778663611.845684,level=20,name=hdl_global_localization.global_localization_node,msg=RANSAC : iteration:1470 matching_count:161 error:0.154898 inlier:0.731439
55.514,ros=1778663611.845206,level=20,name=hdl_global_localization.global_localization_node,msg=RANSAC : iteration:1292 matching_count:144 error:0.162653 inlier:0.316705
55.514,ros=1778663611.846004,level=20,name=hdl_global_localization.global_localization_node,msg=RANSAC : iteration:1524 matching_count:171 error:0.162506 inlier:0.37065
55.515,ros=1778663611.845220,level=20,name=hdl_global_localization.global_localization_node,msg=RANSAC : iteration:1293 matching_count:145 error:0.155599 inlier:0.433875
55.515,ros=1778663611.846289,level=20,name=hdl_global_localization.global_localization_node,msg=RANSAC : iteration:1608 matching_count:182 error:0.160917 inlier:0.681555
55.515,ros=1778663611.846098,level=20,name=hdl_global_localization.global_localization_node,msg=RANSAC : iteration:1551 matching_count:174 error:0.181758 inlier:0.24826
55.515,ros=1778663611.846339,level=20,name=hdl_global_localization.global_localization_node,msg=RANSAC : iteration:1617 matching_count:183 error:0.161976 inlier:0.432135
55.515,ros=1778663611.846380,level=20,name=hdl_global_localization.global_localization_node,msg=RANSAC : iteration:1629 matching_count:185 error:0.160252 inlier:0.602668
55.516,ros=1778663611.845784,level=20,name=hdl_global_localization.global_localization_node,msg=RANSAC : iteration:1488 matching_count:164 error:0.162514 inlier:0.49536
55.516,ros=1778663611.846438,level=20,name=hdl_global_localization.global_localization_node,msg=RANSAC : iteration:1638 matching_count:187 error:0.161439 inlier:0.814965
55.516,ros=1778663611.846454,level=20,name=hdl_global_localization.global_localization_node,msg=RANSAC : iteration:1638 matching_count:187 error:0.160728 inlier:0.699536
55.516,ros=1778663611.846478,level=20,name=hdl_global_localization.global_localization_node,msg=RANSAC : iteration:1655 matching_count:189 error:0.158391 inlier:0.553944
55.516,ros=1778663611.846531,level=20,name=hdl_global_localization.global_localization_node,msg=RANSAC : iteration:1657 matching_count:190 error:0.162197 inlier:0.334107
55.517,ros=1778663611.846561,level=20,name=hdl_global_localization.global_localization_node,msg=RANSAC : iteration:1676 matching_count:191 error:0.158265 inlier:0.7471
55.517,ros=1778663611.845603,level=20,name=hdl_global_localization.global_localization_node,msg=RANSAC : iteration:1452 matching_count:158 error:0.156234 inlier:0.662413
55.517,ros=1778663611.846660,level=20,name=hdl_global_localization.global_localization_node,msg=RANSAC : iteration:1701 matching_count:193 error:0.160977 inlier:0.633411
55.517,ros=1778663611.846292,level=20,name=hdl_global_localization.global_localization_node,msg=RANSAC : iteration:1608 matching_count:182 error:0.144538 inlier:0.288863
55.518,ros=1778663611.847482,level=20,name=hdl_global_localization.global_localization_node,msg=RANSAC : iteration:1983 matching_count:223 error:0.156022 inlier:0.422274
55.518,ros=1778663611.847331,level=20,name=hdl_global_localization.global_localization_node,msg=RANSAC : iteration:1906 matching_count:217 error:0.154139 inlier:0.422854
55.518,ros=1778663611.848348,level=20,name=hdl_global_localization.global_localization_node,msg=RANSAC : iteration:2214 matching_count:237 error:0.157793 inlier:0.692575
55.519,ros=1778663611.847682,level=20,name=hdl_global_localization.global_localization_node,msg=RANSAC : iteration:2071 matching_count:227 error:0.185801 inlier:0.100348
55.519,ros=1778663611.849262,level=20,name=hdl_global_localization.global_localization_node,msg=RANSAC : iteration:2468 matching_count:256 error:0.159561 inlier:0.818445
55.519,ros=1778663611.850518,level=20,name=hdl_global_localization.global_localization_node,msg=RANSAC : iteration:2509 matching_count:261 error:0.157048 inlier:0.520302
55.520,ros=1778663611.847507,level=20,name=hdl_global_localization.global_localization_node,msg=RANSAC : iteration:1990 matching_count:224 error:0.157157 inlier:0.791183
55.520,ros=1778663611.854436,level=20,name=hdl_global_localization.global_localization_node,msg=RANSAC : iteration:2593 matching_count:274 error:0.157773 inlier:0.243039
55.520,ros=1778663611.855059,level=20,name=hdl_global_localization.global_localization_node,msg=RANSAC : iteration:2617 matching_count:279 error:0.159919 inlier:0.448956
55.520,ros=1778663611.855490,level=20,name=hdl_global_localization.global_localization_node,msg=RANSAC : iteration:2627 matching_count:283 error:0.161057 inlier:0.300464
55.520,ros=1778663611.856749,level=20,name=hdl_global_localization.global_localization_node,msg=RANSAC : iteration:2743 matching_count:294 error:0.158102 inlier:0.612529
55.521,ros=1778663611.857460,level=20,name=hdl_global_localization.global_localization_node,msg=RANSAC : iteration:2794 matching_count:300 error:0.160251 inlier:0.813225
55.521,ros=1778663611.858204,level=20,name=hdl_global_localization.global_localization_node,msg=RANSAC : iteration:2849 matching_count:307 error:0.157941 inlier:0.764501
55.521,ros=1778663611.858453,level=20,name=hdl_global_localization.global_localization_node,msg=RANSAC : iteration:2898 matching_count:315 error:0.161078 inlier:0.300464
55.521,ros=1778663611.858301,level=20,name=hdl_global_localization.global_localization_node,msg=RANSAC : iteration:2868 matching_count:310 error:0.154559 inlier:0.480858
55.522,ros=1778663611.858557,level=20,name=hdl_global_localization.global_localization_node,msg=RANSAC : iteration:2923 matching_count:318 error:0.160986 inlier:0.49884
55.522,ros=1778663611.858996,level=20,name=hdl_global_localization.global_localization_node,msg=RANSAC : iteration:3008 matching_count:328 error:0.148295 inlier:0.230858
55.522,ros=1778663611.859436,level=20,name=hdl_global_localization.global_localization_node,msg=RANSAC : iteration:3167 matching_count:343 error:0.156216 inlier:0.649652
55.522,ros=1778663611.860208,level=20,name=hdl_global_localization.global_localization_node,msg=RANSAC : iteration:3421 matching_count:364 error:0.157993 inlier:0.533643
55.522,ros=1778663611.858856,level=20,name=hdl_global_localization.global_localization_node,msg=RANSAC : iteration:2978 matching_count:324 error:0.14288 inlier:0.459977
55.523,ros=1778663611.860409,level=20,name=hdl_global_localization.global_localization_node,msg=RANSAC : iteration:3504 matching_count:371 error:0.160993 inlier:0.334687
55.523,ros=1778663611.861333,level=20,name=hdl_global_localization.global_localization_node,msg=RANSAC : iteration:3724 matching_count:394 error:0.160594 inlier:0.545244
55.523,ros=1778663611.860951,level=20,name=hdl_global_localization.global_localization_node,msg=RANSAC : iteration:3572 matching_count:382 error:0.161475 inlier:0.562645
55.523,ros=1778663611.861076,level=20,name=hdl_global_localization.global_localization_node,msg=RANSAC : iteration:3666 matching_count:386 error:0.15617 inlier:0.37529
55.524,ros=1778663611.861985,level=20,name=hdl_global_localization.global_localization_node,msg=RANSAC : iteration:3946 matching_count:418 error:0.15204 inlier:0.256961
55.524,ros=1778663611.861358,level=20,name=hdl_global_localization.global_localization_node,msg=RANSAC : iteration:3732 matching_count:395 error:0.159851 inlier:0.349768
55.524,ros=1778663611.862590,level=20,name=hdl_global_localization.global_localization_node,msg=RANSAC : iteration:4231 matching_count:444 error:0.160153 inlier:0.353828
55.524,ros=1778663611.862761,level=20,name=hdl_global_localization.global_localization_node,msg=RANSAC : iteration:4294 matching_count:453 error:0.158238 inlier:0.74478
55.525,ros=1778663611.862732,level=20,name=hdl_global_localization.global_localization_node,msg=RANSAC : iteration:4285 matching_count:452 error:0.155385 inlier:0.191995
55.525,ros=1778663611.863229,level=20,name=hdl_global_localization.global_localization_node,msg=RANSAC : iteration:4448 matching_count:473 error:0.159878 inlier:0.694316
55.525,ros=1778663611.863425,level=20,name=hdl_global_localization.global_localization_node,msg=RANSAC : iteration:4557 matching_count:482 error:0.1519 inlier:0.484919
55.525,ros=1778663611.863670,level=20,name=hdl_global_localization.global_localization_node,msg=RANSAC : iteration:4657 matching_count:492 error:0.159844 inlier:0.727958
55.526,ros=1778663611.863663,level=20,name=hdl_global_localization.global_localization_node,msg=RANSAC : iteration:4657 matching_count:492 error:0.163595 inlier:0.589327
55.526,ros=1778663611.863951,level=20,name=hdl_global_localization.global_localization_node,msg=RANSAC : iteration:4773 matching_count:508 error:0.150208 inlier:0.149072
55.526,ros=1778663611.863765,level=20,name=hdl_global_localization.global_localization_node,msg=RANSAC : iteration:4680 matching_count:497 error:0.157142 inlier:0.0649652
55.526,ros=1778663611.863777,level=20,name=hdl_global_localization.global_localization_node,msg=RANSAC : iteration:4681 matching_count:498 error:0.155247 inlier:0.530162
55.526,ros=1778663611.863626,level=20,name=hdl_global_localization.global_localization_node,msg=RANSAC : iteration:4655 matching_count:490 error:0.159081 inlier:0.527842
55.527,ros=1778663611.863874,level=20,name=hdl_global_localization.global_localization_node,msg=RANSAC : iteration:4749 matching_count:503 error:0.151677 inlier:0.13051
55.528,ros=1778663611.864659,level=20,name=hdl_global_localization.global_localization_node,msg=RANSAC : iteration:5009 matching_count:533 error:0.167383 inlier:0.171114
55.528,ros=1778663611.865249,level=20,name=hdl_global_localization.global_localization_node,msg=RANSAC : iteration:5187 matching_count:553 error:0.15805 inlier:0.788863
55.528,ros=1778663611.865274,level=20,name=hdl_global_localization.global_localization_node,msg=RANSAC : iteration:5188 matching_count:554 error:0.15849 inlier:0.75406
55.529,ros=1778663611.865526,level=20,name=hdl_global_localization.global_localization_node,msg=RANSAC : iteration:5289 matching_count:565 error:0.161803 inlier:0.729698
55.529,ros=1778663611.867034,level=20,name=hdl_global_localization.global_localization_node,msg=RANSAC : iteration:5850 matching_count:617 error:0.152933 inlier:0.766241
55.530,ros=1778663611.867134,level=20,name=hdl_global_localization.global_localization_node,msg=RANSAC : iteration:5881 matching_count:619 error:0.163517 inlier:0.564965
55.530,ros=1778663611.867616,level=20,name=hdl_global_localization.global_localization_node,msg=RANSAC : iteration:5943 matching_count:630 error:0.16148 inlier:0.38109
55.530,ros=1778663611.868232,level=20,name=hdl_global_localization.global_localization_node,msg=RANSAC : iteration:6149 matching_count:648 error:0.162304 inlier:0.295244
55.530,ros=1778663611.868292,level=20,name=hdl_global_localization.global_localization_node,msg=RANSAC : iteration:6177 matching_count:651 error:0.163468 inlier:0.781903
55.531,ros=1778663611.868528,level=20,name=hdl_global_localization.global_localization_node,msg=RANSAC : iteration:6259 matching_count:663 error:0.158967 inlier:0.62297
55.531,ros=1778663611.868015,level=20,name=hdl_global_localization.global_localization_node,msg=RANSAC : iteration:6083 matching_count:641 error:0.160076 inlier:0.676914
55.531,ros=1778663611.868391,level=20,name=hdl_global_localization.global_localization_node,msg=RANSAC : iteration:6218 matching_count:656 error:0.156397 inlier:0.294084
55.532,ros=1778663611.868432,level=20,name=hdl_global_localization.global_localization_node,msg=RANSAC : iteration:6230 matching_count:658 error:0.162952 inlier:0.2442
55.532,ros=1778663611.868454,level=20,name=hdl_global_localization.global_localization_node,msg=RANSAC : iteration:6239 matching_count:659 error:0.175074 inlier:0.614849
55.532,ros=1778663611.866687,level=20,name=hdl_global_localization.global_localization_node,msg=RANSAC : iteration:5750 matching_count:608 error:0.152872 inlier:0.238979
55.533,ros=1778663611.868667,level=20,name=hdl_global_localization.global_localization_node,msg=RANSAC : iteration:6321 matching_count:668 error:0.161743 inlier:0.24594
55.533,ros=1778663611.868710,level=20,name=hdl_global_localization.global_localization_node,msg=RANSAC : iteration:6336 matching_count:670 error:0.168731 inlier:0.408353
55.533,ros=1778663611.869532,level=20,name=hdl_global_localization.global_localization_node,msg=RANSAC : iteration:6568 matching_count:696 error:0.15841 inlier:0.605568
55.534,ros=1778663611.869657,level=20,name=hdl_global_localization.global_localization_node,msg=RANSAC : iteration:6644 matching_count:702 error:0.157852 inlier:0.319026
55.534,ros=1778663611.870514,level=20,name=hdl_global_localization.global_localization_node,msg=RANSAC : iteration:6971 matching_count:738 error:0.169756 inlier:0.779002
55.534,ros=1778663611.870729,level=20,name=hdl_global_localization.global_localization_node,msg=RANSAC : iteration:7159 matching_count:749 error:0.154482 inlier:0.888051
55.534,ros=1778663611.871268,level=20,name=hdl_global_localization.global_localization_node,msg=RANSAC : iteration:7330 matching_count:764 error:0.157501 inlier:0.407773
55.535,ros=1778663611.872933,level=20,name=hdl_global_localization.global_localization_node,msg=RANSAC : iteration:7451 matching_count:774 error:0.159417 inlier:0.401972
55.535,ros=1778663611.870877,level=20,name=hdl_global_localization.global_localization_node,msg=RANSAC : iteration:7232 matching_count:758 error:0.167271 inlier:0.382831
55.535,ros=1778663611.873474,level=20,name=hdl_global_localization.global_localization_node,msg=RANSAC : iteration:7636 matching_count:790 error:0.158473 inlier:0.474478
55.536,ros=1778663611.874274,level=20,name=hdl_global_localization.global_localization_node,msg=RANSAC : iteration:7836 matching_count:818 error:0.158168 inlier:0.459977
55.536,ros=1778663611.874449,level=20,name=hdl_global_localization.global_localization_node,msg=RANSAC : iteration:7900 matching_count:826 error:0.162903 inlier:0.488979
55.536,ros=1778663611.873853,level=20,name=hdl_global_localization.global_localization_node,msg=RANSAC : iteration:7751 matching_count:803 error:0.161559 inlier:0.792343
55.536,ros=1778663611.874711,level=20,name=hdl_global_localization.global_localization_node,msg=RANSAC : iteration:7991 matching_count:835 error:0.16308 inlier:0.221578
55.537,ros=1778663611.875011,level=20,name=hdl_global_localization.global_localization_node,msg=RANSAC : iteration:8161 matching_count:849 error:0.151399 inlier:0.229698
55.537,ros=1778663611.875331,level=20,name=hdl_global_localization.global_localization_node,msg=RANSAC : iteration:8282 matching_count:865 error:0.160433 inlier:0.393852
55.537,ros=1778663611.875620,level=20,name=hdl_global_localization.global_localization_node,msg=RANSAC : iteration:8400 matching_count:877 error:0.160375 inlier:0.650232
55.538,ros=1778663611.875449,level=20,name=hdl_global_localization.global_localization_node,msg=RANSAC : iteration:8315 matching_count:870 error:0.158495 inlier:0.529002
55.538,ros=1778663611.875883,level=20,name=hdl_global_localization.global_localization_node,msg=RANSAC : iteration:8544 matching_count:892 error:0.161084 inlier:0.480858
55.538,ros=1778663611.875722,level=20,name=hdl_global_localization.global_localization_node,msg=RANSAC : iteration:8425 matching_count:883 error:0.155606 inlier:0.169954
55.539,ros=1778663611.876276,level=20,name=hdl_global_localization.global_localization_node,msg=RANSAC : iteration:8899 matching_count:913 error:0.149841 inlier:0.294084
55.539,ros=1778663611.876792,level=20,name=hdl_global_localization.global_localization_node,msg=RANSAC : iteration:9139 matching_count:932 error:0.160775 inlier:0.399072
55.539,ros=1778663611.877056,level=20,name=hdl_global_localization.global_localization_node,msg=RANSAC : iteration:9278 matching_count:940 error:0.155358 inlier:0.544664
55.540,ros=1778663611.877322,level=20,name=hdl_global_localization.global_localization_node,msg=RANSAC : iteration:9334 matching_count:950 error:0.159022 inlier:0.553364
55.540,ros=1778663611.876593,level=20,name=hdl_global_localization.global_localization_node,msg=RANSAC : iteration:9066 matching_count:926 error:0.159883 inlier:0.585847
55.540,ros=1778663611.877748,level=20,name=hdl_global_localization.global_localization_node,msg=RANSAC : iteration:9520 matching_count:965 error:0.161422 inlier:0.490139
55.542,ros=1778663611.878542,level=20,name=hdl_global_localization.global_localization_node,msg=RANSAC : iteration:9682 matching_count:987 error:0.154276 inlier:0.422274
55.542,ros=1778663611.878950,level=20,name=hdl_global_localization.global_localization_node,msg=RANSAC : iteration:9788 matching_count:1000 error:0.157753 inlier:0.470418
55.542,ros=1778663611.879695,level=20,name=hdl_global_localization.global_localization_node,msg=RANSAC : iteration:10076 matching_count:1024 error:0.162404 inlier:0.448956
55.543,ros=1778663611.879419,level=20,name=hdl_global_localization.global_localization_node,msg=RANSAC : iteration:9980 matching_count:1012 error:0.157484 inlier:0.179814
55.543,ros=1778663611.880331,level=20,name=hdl_global_localization.global_localization_node,msg=RANSAC : iteration:10249 matching_count:1048 error:0.161931 inlier:0.62761
55.544,ros=1778663611.880745,level=20,name=hdl_global_localization.global_localization_node,msg=RANSAC : iteration:10322 matching_count:1060 error:0.159837 inlier:0.726798
55.544,ros=1778663611.880425,level=20,name=hdl_global_localization.global_localization_node,msg=RANSAC : iteration:10279 matching_count:1053 error:0.157751 inlier:0.718097
55.544,ros=1778663611.880753,level=20,name=hdl_global_localization.global_localization_node,msg=RANSAC : iteration:10322 matching_count:1060 error:0.160743 inlier:0.24884
55.544,ros=1778663611.881063,level=20,name=hdl_global_localization.global_localization_node,msg=RANSAC : iteration:10399 matching_count:1066 error:0.158783 inlier:0.36949
55.545,ros=1778663611.882011,level=20,name=hdl_global_localization.global_localization_node,msg=RANSAC : iteration:10662 matching_count:1093 error:0.158237 inlier:0.587587
55.545,ros=1778663611.881377,level=20,name=hdl_global_localization.global_localization_node,msg=RANSAC : iteration:10498 matching_count:1078 error:0.156632 inlier:0.708237
55.545,ros=1778663611.882355,level=20,name=hdl_global_localization.global_localization_node,msg=RANSAC : iteration:10705 matching_count:1100 error:0.159287 inlier:0.7558
55.546,ros=1778663611.882697,level=20,name=hdl_global_localization.global_localization_node,msg=RANSAC : iteration:10795 matching_count:1109 error:0.15934 inlier:0.665313
55.546,ros=1778663611.882940,level=20,name=hdl_global_localization.global_localization_node,msg=RANSAC : iteration:10867 matching_count:1116 error:0.163937 inlier:0.0533643
55.546,ros=1778663611.883787,level=20,name=hdl_global_localization.global_localization_node,msg=RANSAC : iteration:11054 matching_count:1139 error:0.158052 inlier:0.536543
55.546,ros=1778663611.884037,level=20,name=hdl_global_localization.global_localization_node,msg=RANSAC : iteration:11119 matching_count:1147 error:0.153568 inlier:0.449536
55.547,ros=1778663611.884272,level=20,name=hdl_global_localization.global_localization_node,msg=RANSAC : iteration:11230 matching_count:1156 error:0.157777 inlier:0.24652
55.547,ros=1778663611.884209,level=20,name=hdl_global_localization.global_localization_node,msg=RANSAC : iteration:11170 matching_count:1152 error:0.16648 inlier:0.37355
55.547,ros=1778663611.885257,level=20,name=hdl_global_localization.global_localization_node,msg=RANSAC : iteration:11470 matching_count:1180 error:0.156661 inlier:0.763341
55.551,ros=1778663611.886888,level=20,name=hdl_global_localization.global_localization_node,msg=RANSAC : iteration:12121 matching_count:1238 error:0.159706 inlier:0.663573
55.552,ros=1778663611.886931,level=20,name=hdl_global_localization.global_localization_node,msg=RANSAC : iteration:12141 matching_count:1241 error:0.160859 inlier:0.283063
55.552,ros=1778663611.888735,level=20,name=hdl_global_localization.global_localization_node,msg=RANSAC : iteration:12742 matching_count:1307 error:0.161338 inlier:0.705336
55.552,ros=1778663611.888183,level=20,name=hdl_global_localization.global_localization_node,msg=RANSAC : iteration:12568 matching_count:1289 error:0.161947 inlier:0.232019
55.553,ros=1778663611.888850,level=20,name=hdl_global_localization.global_localization_node,msg=RANSAC : iteration:12806 matching_count:1310 error:0.154388 inlier:0.770302
55.553,ros=1778663611.888918,level=20,name=hdl_global_localization.global_localization_node,msg=RANSAC : iteration:12840 matching_count:1312 error:0.158458 inlier:0.787123
55.553,ros=1778663611.888931,level=20,name=hdl_global_localization.global_localization_node,msg=RANSAC : iteration:12853 matching_count:1312 error:0.155893 inlier:0.367749
55.553,ros=1778663611.888594,level=20,name=hdl_global_localization.global_localization_node,msg=RANSAC : iteration:12701 matching_count:1304 error:0.136319 inlier:0.433875
55.554,ros=1778663611.888097,level=20,name=hdl_global_localization.global_localization_node,msg=RANSAC : iteration:12519 matching_count:1286 error:0.157252 inlier:0.365429
55.555,ros=1778663611.890362,level=20,name=hdl_global_localization.global_localization_node,msg=RANSAC : iteration:13234 matching_count:1345 error:0.157998 inlier:0.726218
55.555,ros=1778663611.889311,level=20,name=hdl_global_localization.global_localization_node,msg=RANSAC : iteration:12975 matching_count:1324 error:0.156329 inlier:0.345128
55.556,ros=1778663611.891751,level=20,name=hdl_global_localization.global_localization_node,msg=RANSAC : iteration:13494 matching_count:1373 error:0.156105 inlier:0.36891
55.559,ros=1778663611.894792,level=20,name=hdl_global_localization.global_localization_node,msg=RANSAC : iteration:14141 matching_count:1443 error:0.160865 inlier:0.589327
55.560,ros=1778663611.896936,level=20,name=hdl_global_localization.global_localization_node,msg=RANSAC : iteration:14439 matching_count:1476 error:0.160068 inlier:0.75464
55.560,ros=1778663611.897355,level=20,name=hdl_global_localization.global_localization_node,msg=RANSAC : iteration:14487 matching_count:1487 error:0.158093 inlier:0.534223
55.560,ros=1778663611.897297,level=20,name=hdl_global_localization.global_localization_node,msg=RANSAC : iteration:14480 matching_count:1486 error:0.173556 inlier:0.472158
55.561,ros=1778663611.897494,level=20,name=hdl_global_localization.global_localization_node,msg=RANSAC : iteration:14524 matching_count:1492 error:0.160293 inlier:0.676914
55.561,ros=1778663611.897871,level=20,name=hdl_global_localization.global_localization_node,msg=RANSAC : iteration:14553 matching_count:1498 error:0.157144 inlier:0.574246
55.561,ros=1778663611.899309,level=20,name=hdl_global_localization.global_localization_node,msg=RANSAC : iteration:14948 matching_count:1529 error:0.15881 inlier:0.62065
55.562,ros=1778663611.899441,level=20,name=hdl_global_localization.global_localization_node,msg=RANSAC : iteration:14978 matching_count:1534 error:0.156244 inlier:0.513921
55.562,ros=1778663611.899823,level=20,name=hdl_global_localization.global_localization_node,msg=RANSAC : iteration:15155 matching_count:1546 error:0.153884 inlier:0.423434
55.562,ros=1778663611.900366,level=20,name=hdl_global_localization.global_localization_node,msg=RANSAC : iteration:15501 matching_count:1570 error:0.158233 inlier:0.513341
55.562,ros=1778663611.900465,level=20,name=hdl_global_localization.global_localization_node,msg=RANSAC : iteration:15591 matching_count:1577 error:0.159072 inlier:0.855568
55.563,ros=1778663611.901514,level=20,name=hdl_global_localization.global_localization_node,msg=RANSAC : iteration:15809 matching_count:1602 error:0.160907 inlier:0.388051
55.564,ros=1778663611.901761,level=20,name=hdl_global_localization.global_localization_node,msg=RANSAC : iteration:15848 matching_count:1610 error:0.17107 inlier:0.446636
55.564,ros=1778663611.902492,level=20,name=hdl_global_localization.global_localization_node,msg=RANSAC : iteration:16239 matching_count:1649 error:0.158264 inlier:0.547564
55.565,ros=1778663611.902632,level=20,name=hdl_global_localization.global_localization_node,msg=RANSAC : iteration:16301 matching_count:1656 error:0.158547 inlier:0.445476
55.565,ros=1778663611.903326,level=20,name=hdl_global_localization.global_localization_node,msg=RANSAC : iteration:16545 matching_count:1682 error:0.159558 inlier:0.604408
55.566,ros=1778663611.903020,level=20,name=hdl_global_localization.global_localization_node,msg=RANSAC : iteration:16416 matching_count:1670 error:0.164239 inlier:0.196056
55.566,ros=1778663611.902912,level=20,name=hdl_global_localization.global_localization_node,msg=RANSAC : iteration:16396 matching_count:1668 error:0.161674 inlier:0.323086
55.566,ros=1778663611.903841,level=20,name=hdl_global_localization.global_localization_node,msg=RANSAC : iteration:16751 matching_count:1704 error:0.155219 inlier:0.49942
55.567,ros=1778663611.903912,level=20,name=hdl_global_localization.global_localization_node,msg=RANSAC : iteration:16783 matching_count:1706 error:0.150608 inlier:0.705336
55.567,ros=1778663611.904476,level=20,name=hdl_global_localization.global_localization_node,msg=RANSAC : iteration:16913 matching_count:1723 error:0.159133 inlier:0.700116
55.567,ros=1778663611.904336,level=20,name=hdl_global_localization.global_localization_node,msg=RANSAC : iteration:16864 matching_count:1718 error:0.163186 inlier:0.835267
55.567,ros=1778663611.903738,level=20,name=hdl_global_localization.global_localization_node,msg=RANSAC : iteration:16672 matching_count:1698 error:0.162195 inlier:0.400812
55.568,ros=1778663611.904487,level=20,name=hdl_global_localization.global_localization_node,msg=RANSAC : iteration:16913 matching_count:1723 error:0.161479 inlier:0.38109
55.568,ros=1778663611.904810,level=20,name=hdl_global_localization.global_localization_node,msg=RANSAC : iteration:16995 matching_count:1734 error:0.158724 inlier:0.704176
55.569,ros=1778663611.906080,level=20,name=hdl_global_localization.global_localization_node,msg=RANSAC : iteration:17441 matching_count:1776 error:0.16038 inlier:0.348028
55.569,ros=1778663611.906811,level=20,name=hdl_global_localization.global_localization_node,msg=RANSAC : iteration:17658 matching_count:1800 error:0.156542 inlier:0.331787
55.569,ros=1778663611.906763,level=20,name=hdl_global_localization.global_localization_node,msg=RANSAC : iteration:17658 matching_count:1800 error:0.162621 inlier:0.5058
55.570,ros=1778663611.907873,level=20,name=hdl_global_localization.global_localization_node,msg=RANSAC : iteration:17970 matching_count:1831 error:0.156903 inlier:0.382831
55.570,ros=1778663611.907552,level=20,name=hdl_global_localization.global_localization_node,msg=RANSAC : iteration:17836 matching_count:1820 error:0.161046 inlier:0.507541
55.570,ros=1778663611.908149,level=20,name=hdl_global_localization.global_localization_node,msg=RANSAC : iteration:18080 matching_count:1841 error:0.160852 inlier:0.75116
55.571,ros=1778663611.908377,level=20,name=hdl_global_localization.global_localization_node,msg=RANSAC : iteration:18149 matching_count:1848 error:0.158482 inlier:0.50232
55.571,ros=1778663611.908770,level=20,name=hdl_global_localization.global_localization_node,msg=RANSAC : iteration:18345 matching_count:1866 error:0.159167 inlier:0.538863
55.571,ros=1778663611.908787,level=20,name=hdl_global_localization.global_localization_node,msg=RANSAC : iteration:18345 matching_count:1866 error:0.158384 inlier:0.356729
55.572,ros=1778663611.908256,level=20,name=hdl_global_localization.global_localization_node,msg=RANSAC : iteration:18109 matching_count:1845 error:0.159745 inlier:0.779582
55.572,ros=1778663611.908878,level=20,name=hdl_global_localization.global_localization_node,msg=RANSAC : iteration:18346 matching_count:1867 error:0.158826 inlier:0.487239
55.572,ros=1778663611.909364,level=20,name=hdl_global_localization.global_localization_node,msg=RANSAC : iteration:18575 matching_count:1886 error:0.154591 inlier:0.358469
55.572,ros=1778663611.909198,level=20,name=hdl_global_localization.global_localization_node,msg=RANSAC : iteration:18522 matching_count:1880 error:0.164844 inlier:0.0951276
55.573,ros=1778663611.909622,level=20,name=hdl_global_localization.global_localization_node,msg=RANSAC : iteration:18676 matching_count:1897 error:0.158215 inlier:0.172274
55.573,ros=1778663611.909765,level=20,name=hdl_global_localization.global_localization_node,msg=RANSAC : iteration:18734 matching_count:1901 error:0.161222 inlier:0.354988
55.573,ros=1778663611.909868,level=20,name=hdl_global_localization.global_localization_node,msg=RANSAC : iteration:18792 matching_count:1906 error:0.160366 inlier:0.589327
55.574,ros=1778663611.909876,level=20,name=hdl_global_localization.global_localization_node,msg=RANSAC : iteration:18792 matching_count:1906 error:0.160936 inlier:0.296404
55.574,ros=1778663611.909938,level=20,name=hdl_global_localization.global_localization_node,msg=RANSAC : iteration:18831 matching_count:1909 error:0.164064 inlier:0.443735
55.576,ros=1778663611.909960,level=20,name=hdl_global_localization.global_localization_node,msg=RANSAC : iteration:18845 matching_count:1910 error:0.155246 inlier:0.676914
55.576,ros=1778663611.910169,level=20,name=hdl_global_localization.global_localization_node,msg=RANSAC : iteration:18980 matching_count:1920 error:0.160771 inlier:0.511601
55.576,ros=1778663611.910270,level=20,name=hdl_global_localization.global_localization_node,msg=RANSAC : iteration:18990 matching_count:1921 error:0.160879 inlier:0.473898
55.577,ros=1778663611.909991,level=20,name=hdl_global_localization.global_localization_node,msg=RANSAC : iteration:18865 matching_count:1911 error:0.15948 inlier:0.549884
55.577,ros=1778663611.910027,level=20,name=hdl_global_localization.global_localization_node,msg=RANSAC : iteration:18875 matching_count:1914 error:0.157607 inlier:0.382251
55.577,ros=1778663611.910083,level=20,name=hdl_global_localization.global_localization_node,msg=RANSAC : iteration:18881 matching_count:1916 error:0.156592 inlier:0.37471
55.578,ros=1778663611.910089,level=20,name=hdl_global_localization.global_localization_node,msg=RANSAC : iteration:18881 matching_count:1916 error:0.157456 inlier:0.190835
55.578,ros=1778663611.910414,level=20,name=hdl_global_localization.global_localization_node,msg=RANSAC : iteration:19014 matching_count:1926 error:0.160241 inlier:0.808005
55.578,ros=1778663611.910121,level=20,name=hdl_global_localization.global_localization_node,msg=RANSAC : iteration:18894 matching_count:1917 error:0.160385 inlier:0.715777
55.579,ros=1778663611.910466,level=20,name=hdl_global_localization.global_localization_node,msg=RANSAC : iteration:19042 matching_count:1929 error:0.16143 inlier:0.400232
55.580,ros=1778663611.910536,level=20,name=hdl_global_localization.global_localization_node,msg=RANSAC : iteration:19054 matching_count:1930 error:0.161574 inlier:0.332947
55.581,ros=1778663611.910114,level=20,name=hdl_global_localization.global_localization_node,msg=RANSAC : iteration:18887 matching_count:1917 error:0.156905 inlier:0.353248
55.581,ros=1778663611.910576,level=20,name=hdl_global_localization.global_localization_node,msg=RANSAC : iteration:19059 matching_count:1931 error:0.159357 inlier:0.338747
55.581,ros=1778663611.910594,level=20,name=hdl_global_localization.global_localization_node,msg=RANSAC : iteration:19074 matching_count:1932 error:0.148819 inlier:0.426914
55.581,ros=1778663611.910661,level=20,name=hdl_global_localization.global_localization_node,msg=RANSAC : iteration:19082 matching_count:1934 error:0.161468 inlier:0.506961
55.582,ros=1778663611.910694,level=20,name=hdl_global_localization.global_localization_node,msg=RANSAC : iteration:19084 matching_count:1935 error:0.158502 inlier:0.362529
55.582,ros=1778663611.910136,level=20,name=hdl_global_localization.global_localization_node,msg=RANSAC : iteration:18949 matching_count:1919 error:0.159844 inlier:0.49884
55.582,ros=1778663611.910237,level=20,name=hdl_global_localization.global_localization_node,msg=RANSAC : iteration:18990 matching_count:1921 error:0.160715 inlier:0.592807
55.583,ros=1778663611.909975,level=20,name=hdl_global_localization.global_localization_node,msg=RANSAC : iteration:18853 matching_count:1911 error:0.160161 inlier:0.533063
55.583,ros=1778663611.910280,level=20,name=hdl_global_localization.global_localization_node,msg=RANSAC : iteration:18991 matching_count:1922 error:0.158703 inlier:0.74942
55.583,ros=1778663611.910295,level=20,name=hdl_global_localization.global_localization_node,msg=RANSAC : iteration:18991 matching_count:1922 error:0.160626 inlier:0.154872
55.583,ros=1778663611.910855,level=20,name=hdl_global_localization.global_localization_node,msg=RANSAC : iteration:19123 matching_count:1940 error:0.158569 inlier:0.522622
55.584,ros=1778663611.910874,level=20,name=hdl_global_localization.global_localization_node,msg=RANSAC : iteration:19165 matching_count:1941 error:0.154591 inlier:0.555684
55.584,ros=1778663611.910921,level=20,name=hdl_global_localization.global_localization_node,msg=RANSAC : iteration:19171 matching_count:1943 error:0.159883 inlier:0.0777262
55.584,ros=1778663611.910949,level=20,name=hdl_global_localization.global_localization_node,msg=RANSAC : iteration:19191 matching_count:1944 error:0.165951 inlier:0.12645
55.584,ros=1778663611.910978,level=20,name=hdl_global_localization.global_localization_node,msg=RANSAC : iteration:19205 matching_count:1945 error:0.172778 inlier:0.513341
55.585,ros=1778663611.910990,level=20,name=hdl_global_localization.global_localization_node,msg=RANSAC : iteration:19206 matching_count:1945 error:0.157174 inlier:0.414733
55.585,ros=1778663611.911041,level=20,name=hdl_global_localization.global_localization_node,msg=RANSAC : iteration:19218 matching_count:1947 error:0.159121 inlier:0.7558
55.586,ros=1778663611.910597,level=20,name=hdl_global_localization.global_localization_node,msg=RANSAC : iteration:19074 matching_count:1932 error:0.160478 inlier:0.854988
55.586,ros=1778663611.909645,level=20,name=hdl_global_localization.global_localization_node,msg=RANSAC : iteration:18679 matching_count:1898 error:0.158395 inlier:0.261601
55.586,ros=1778663611.910710,level=20,name=hdl_global_localization.global_localization_node,msg=RANSAC : iteration:19084 matching_count:1935 error:0.161493 inlier:0.291763
55.586,ros=1778663611.910208,level=20,name=hdl_global_localization.global_localization_node,msg=RANSAC : iteration:18990 matching_count:1921 error:0.161126 inlier:0.50116
55.587,ros=1778663611.910724,level=20,name=hdl_global_localization.global_localization_node,msg=RANSAC : iteration:19088 matching_count:1936 error:0.164885 inlier:0.464037
55.587,ros=1778663611.910204,level=20,name=hdl_global_localization.global_localization_node,msg=RANSAC : iteration:18990 matching_count:1921 error:0.173245 inlier:0.468097
55.587,ros=1778663611.910781,level=20,name=hdl_global_localization.global_localization_node,msg=RANSAC : iteration:19110 matching_count:1938 error:0.157741 inlier:0.660093
55.587,ros=1778663611.911228,level=20,name=hdl_global_localization.global_localization_node,msg=RANSAC : iteration:19285 matching_count:1955 error:0.160725 inlier:0.450696
55.588,ros=1778663611.910921,level=20,name=hdl_global_localization.global_localization_node,msg=RANSAC : iteration:19171 matching_count:1943 error:0.16911 inlier:0.299884
55.588,ros=1778663611.910925,level=20,name=hdl_global_localization.global_localization_node,msg=RANSAC : iteration:19171 matching_count:1943 error:0.160073 inlier:0.283063
55.588,ros=1778663611.911272,level=20,name=hdl_global_localization.global_localization_node,msg=RANSAC : iteration:19287 matching_count:1957 error:0.157702 inlier:0.181555
55.588,ros=1778663611.911280,level=20,name=hdl_global_localization.global_localization_node,msg=RANSAC : iteration:19288 matching_count:1958 error:0.162189 inlier:0.75522
55.589,ros=1778663611.911329,level=20,name=hdl_global_localization.global_localization_node,msg=RANSAC : iteration:19302 matching_count:1960 error:0.163705 inlier:0.49884
55.589,ros=1778663611.911341,level=20,name=hdl_global_localization.global_localization_node,msg=RANSAC : iteration:19302 matching_count:1960 error:0.166783 inlier:0.231439
55.589,ros=1778663611.911350,level=20,name=hdl_global_localization.global_localization_node,msg=RANSAC : iteration:19312 matching_count:1961 error:0.162272 inlier:0.62123
55.590,ros=1778663611.911381,level=20,name=hdl_global_localization.global_localization_node,msg=RANSAC : iteration:19340 matching_count:1963 error:0.158002 inlier:0.309745
55.590,ros=1778663611.911396,level=20,name=hdl_global_localization.global_localization_node,msg=RANSAC : iteration:19343 matching_count:1963 error:0.16136 inlier:0.356148
55.590,ros=1778663611.911440,level=20,name=hdl_global_localization.global_localization_node,msg=RANSAC : iteration:19366 matching_count:1965 error:0.160684 inlier:0.814385
55.590,ros=1778663611.911182,level=20,name=hdl_global_localization.global_localization_node,msg=RANSAC : iteration:19276 matching_count:1953 error:0.154125 inlier:0.396172
55.591,ros=1778663611.911464,level=20,name=hdl_global_localization.global_localization_node,msg=RANSAC : iteration:19372 matching_count:1966 error:0.161829 inlier:0.415313
55.591,ros=1778663611.910415,level=20,name=hdl_global_localization.global_localization_node,msg=RANSAC : iteration:19022 matching_count:1926 error:0.16395 inlier:0.306265
55.591,ros=1778663611.911575,level=20,name=hdl_global_localization.global_localization_node,msg=RANSAC : iteration:19412 matching_count:1968 error:0.15766 inlier:0.402552
55.591,ros=1778663611.911688,level=20,name=hdl_global_localization.global_localization_node,msg=RANSAC : iteration:19413 matching_count:1970 error:0.159272 inlier:0.439675
55.592,ros=1778663611.911339,level=20,name=hdl_global_localization.global_localization_node,msg=RANSAC : iteration:19302 matching_count:1960 error:0.160588 inlier:0.756961
55.592,ros=1778663611.910422,level=20,name=hdl_global_localization.global_localization_node,msg=RANSAC : iteration:19024 matching_count:1927 error:0.157163 inlier:0.12993
55.592,ros=1778663611.910836,level=20,name=hdl_global_localization.global_localization_node,msg=RANSAC : iteration:19117 matching_count:1940 error:0.160902 inlier:0.616589
55.592,ros=1778663611.911105,level=20,name=hdl_global_localization.global_localization_node,msg=RANSAC : iteration:19240 matching_count:1949 error:0.158999 inlier:0.633991
55.593,ros=1778663611.911382,level=20,name=hdl_global_localization.global_localization_node,msg=RANSAC : iteration:19340 matching_count:1963 error:0.157091 inlier:0.591647
55.593,ros=1778663611.912453,level=20,name=hdl_global_localization.global_localization_node,msg=RANSAC : iteration:19492 matching_count:1975 error:0.158228 inlier:0.223898
55.593,ros=1778663611.911050,level=20,name=hdl_global_localization.global_localization_node,msg=RANSAC : iteration:19218 matching_count:1947 error:0.136624 inlier:0.603248
55.594,ros=1778663611.911500,level=20,name=hdl_global_localization.global_localization_node,msg=RANSAC : iteration:19408 matching_count:1968 error:0.160312 inlier:0.462297
55.594,ros=1778663611.912581,level=20,name=hdl_global_localization.global_localization_node,msg=RANSAC : iteration:19528 matching_count:1979 error:0.161184 inlier:0.486079
55.595,ros=1778663611.912658,level=20,name=hdl_global_localization.global_localization_node,msg=RANSAC : iteration:19528 matching_count:1979 error:0.158911 inlier:0.0777262
55.595,ros=1778663611.911565,level=20,name=hdl_global_localization.global_localization_node,msg=RANSAC : iteration:19408 matching_count:1968 error:0.164886 inlier:0.175754
55.595,ros=1778663611.912865,level=20,name=hdl_global_localization.global_localization_node,msg=RANSAC : iteration:19551 matching_count:1982 error:0.158294 inlier:0.779002
55.596,ros=1778663611.911107,level=20,name=hdl_global_localization.global_localization_node,msg=RANSAC : iteration:19240 matching_count:1949 error:0.150478 inlier:0.37007
55.596,ros=1778663611.911833,level=20,name=hdl_global_localization.global_localization_node,msg=RANSAC : iteration:19426 matching_count:1972 error:0.16001 inlier:0.415313
55.596,ros=1778663611.911238,level=20,name=hdl_global_localization.global_localization_node,msg=RANSAC : iteration:19285 matching_count:1955 error:0.149405 inlier:0.454756
55.596,ros=1778663611.913018,level=20,name=hdl_global_localization.global_localization_node,msg=RANSAC : iteration:19618 matching_count:1986 error:0.159038 inlier:0.406032
55.597,ros=1778663611.911147,level=20,name=hdl_global_localization.global_localization_node,msg=RANSAC : iteration:19265 matching_count:1951 error:0.157265 inlier:0.405452
55.597,ros=1778663611.913072,level=20,name=hdl_global_localization.global_localization_node,msg=RANSAC : iteration:19628 matching_count:1987 error:0.162504 inlier:0.62181
55.597,ros=1778663611.911440,level=20,name=hdl_global_localization.global_localization_node,msg=RANSAC : iteration:19366 matching_count:1965 error:0.160165 inlier:0.562645
55.597,ros=1778663611.912601,level=20,name=hdl_global_localization.global_localization_node,msg=RANSAC : iteration:19528 matching_count:1979 error:0.163135 inlier:0.658933
55.598,ros=1778663611.912601,level=20,name=hdl_global_localization.global_localization_node,msg=RANSAC : iteration:19528 matching_count:1979 error:0.162552 inlier:0.448376
55.598,ros=1778663611.913303,level=20,name=hdl_global_localization.global_localization_node,msg=RANSAC : iteration:19671 matching_count:1992 error:0.163291 inlier:0.441415
55.598,ros=1778663611.913334,level=20,name=hdl_global_localization.global_localization_node,msg=RANSAC : iteration:19678 matching_count:1993 error:0.157145 inlier:0.433875
55.599,ros=1778663611.913356,level=20,name=hdl_global_localization.global_localization_node,msg=RANSAC : iteration:19686 matching_count:1994 error:0.162407 inlier:0.456497
55.599,ros=1778663611.913404,level=20,name=hdl_global_localization.global_localization_node,msg=RANSAC : iteration:19695 matching_count:1995 error:0.157081 inlier:0.37761
55.599,ros=1778663611.913455,level=20,name=hdl_global_localization.global_localization_node,msg=RANSAC : iteration:19710 matching_count:1996 error:0.155082 inlier:0.277262
55.599,ros=1778663611.911541,level=20,name=hdl_global_localization.global_localization_node,msg=RANSAC : iteration:19408 matching_count:1968 error:0.160971 inlier:0.403712
55.600,ros=1778663611.912665,level=20,name=hdl_global_localization.global_localization_node,msg=RANSAC : iteration:19531 matching_count:1979 error:0.162417 inlier:0.388631
55.600,ros=1778663611.912878,level=20,name=hdl_global_localization.global_localization_node,msg=RANSAC : iteration:19551 matching_count:1982 error:0.163308 inlier:0.271462
55.600,ros=1778663611.911701,level=20,name=hdl_global_localization.global_localization_node,msg=RANSAC : iteration:19413 matching_count:1970 error:0.157758 inlier:0.207077
55.601,ros=1778663611.913036,level=20,name=hdl_global_localization.global_localization_node,msg=RANSAC : iteration:19618 matching_count:1986 error:0.166063 inlier:0.37123
55.601,ros=1778663611.913043,level=20,name=hdl_global_localization.global_localization_node,msg=RANSAC : iteration:19618 matching_count:1986 error:0.159857 inlier:0.345708
55.601,ros=1778663611.913075,level=20,name=hdl_global_localization.global_localization_node,msg=RANSAC : iteration:19628 matching_count:1987 error:0.15961 inlier:0.792923
55.601,ros=1778663611.911844,level=20,name=hdl_global_localization.global_localization_node,msg=RANSAC : iteration:19426 matching_count:1972 error:0.16186 inlier:0.356729
55.602,ros=1778663611.912455,level=20,name=hdl_global_localization.global_localization_node,msg=RANSAC : iteration:19492 matching_count:1975 error:0.15754 inlier:0.198956
55.602,ros=1778663611.913162,level=20,name=hdl_global_localization.global_localization_node,msg=RANSAC : iteration:19651 matching_count:1989 error:0.156468 inlier:0.569026
55.602,ros=1778663611.913171,level=20,name=hdl_global_localization.global_localization_node,msg=RANSAC : iteration:19651 matching_count:1989 error:0.160747 inlier:0.719838
55.602,ros=1778663611.913481,level=20,name=hdl_global_localization.global_localization_node,msg=RANSAC : iteration:19710 matching_count:1996 error:0.161711 inlier:0.457077
55.603,ros=1778663611.911511,level=20,name=hdl_global_localization.global_localization_node,msg=RANSAC : iteration:19408 matching_count:1968 error:0.163284 inlier:0.276102
55.603,ros=1778663611.913501,level=20,name=hdl_global_localization.global_localization_node,msg=RANSAC : iteration:19713 matching_count:1997 error:0.163112 inlier:0.146752
55.603,ros=1778663611.913516,level=20,name=hdl_global_localization.global_localization_node,msg=RANSAC : iteration:19713 matching_count:1997 error:0.160013 inlier:0.287123
55.604,ros=1778663611.913589,level=20,name=hdl_global_localization.global_localization_node,msg=RANSAC : iteration:19738 matching_count:1999 error:0.142184 inlier:0.886891
55.604,ros=1778663611.913652,level=20,name=hdl_global_localization.global_localization_node,msg=RANSAC : iteration:19754 matching_count:2001 error:0.156094 inlier:0.668794
55.604,ros=1778663611.913667,level=20,name=hdl_global_localization.global_localization_node,msg=RANSAC : iteration:19754 matching_count:2001 error:0.156722 inlier:0.281903
55.605,ros=1778663611.913726,level=20,name=hdl_global_localization.global_localization_node,msg=RANSAC : iteration:19754 matching_count:2001 error:0.159766 inlier:0.411253
55.605,ros=1778663611.913726,level=20,name=hdl_global_localization.global_localization_node,msg=RANSAC : iteration:19754 matching_count:2001 error:0.163541 inlier:0.772622
55.605,ros=1778663611.915162,level=20,name=HdlLocalizationNodelet,msg=Global localization candidates: returned=10 requested=10 fitness_threshold=0.12 min_margin=0.1 query_points=14571
55.771,ros=1778663612.111234,level=20,name=HdlLocalizationNodelet,msg=Global localization candidate[0] trans=(-2.61048, 9.9818, 0.534429) error=0.154527 inlier=0.914153 ndt_converged=1 ndt_fitness=0.136323
55.927,ros=1778663612.267641,level=20,name=HdlLocalizationNodelet,msg=Global localization candidate[1] trans=(0.404101, 10.6617, 0.863655) error=0.161438 inlier=0.892691 ndt_converged=1 ndt_fitness=0.342718
56.002,ros=1778663612.341921,level=20,name=HdlLocalizationNodelet,msg=Global localization candidate[2] trans=(-1.95779, 1.9901, 0.546639) error=0.161196 inlier=0.890951 ndt_converged=1 ndt_fitness=0.0804533
56.102,ros=1778663612.442263,level=20,name=HdlLocalizationNodelet,msg=Global localization candidate[3] trans=(-4.30801, 3.31514, 1.54767) error=0.160261 inlier=0.890371 ndt_converged=1 ndt_fitness=0.434636
56.244,ros=1778663612.584440,level=20,name=HdlLocalizationNodelet,msg=Global localization candidate[4] trans=(6.1077, 4.26041, 0.617424) error=0.162073 inlier=0.889791 ndt_converged=1 ndt_fitness=0.385276
56.378,ros=1778663612.718013,level=20,name=HdlLocalizationNodelet,msg=Global localization candidate[5] trans=(-1.63926, 5.52152, -0.028264) error=0.14951 inlier=0.889791 ndt_converged=1 ndt_fitness=0.113515
56.502,ros=1778663612.839224,level=20,name=HdlLocalizationNodelet,msg=Global localization candidate[6] trans=(7.47726, 10.4935, 0.523146) error=0.161485 inlier=0.889211 ndt_converged=1 ndt_fitness=0.269359
56.609,ros=1778663612.949661,level=20,name=HdlLocalizationNodelet,msg=Global localization candidate[7] trans=(1.32911, 10.242, 0.529843) error=0.154482 inlier=0.888051 ndt_converged=1 ndt_fitness=0.190295
56.720,ros=1778663613.059840,level=20,name=HdlLocalizationNodelet,msg=Global localization candidate[8] trans=(1.22164, 4.78267, 0.131367) error=0.142184 inlier=0.886891 ndt_converged=1 ndt_fitness=0.258266
56.871,ros=1778663613.211811,level=20,name=HdlLocalizationNodelet,msg=Global localization candidate[9] trans=(-1.97726, 10.0961, -0.125497) error=0.169308 inlier=0.886311 ndt_converged=1 ndt_fitness=0.213631
56.871,ros=1778663613.211902,level=20,name=HdlLocalizationNodelet,msg=Best global localization candidate[2] fitness=0.0804533 error=0.161196 inlier=0.890951 accepted_candidates=2
56.872,ros=1778663613.211919,level=20,name=HdlLocalizationNodelet,msg=Second global localization candidate[5] fitness=0.113515 margin=0.0330615
56.872,ros=1778663613.211933,level=30,name=HdlLocalizationNodelet,msg=reject global localization result: ambiguous fitness margin 0.0330615 < 0.1
56.872,ros=1778663613.211949,level=30,name=HdlLocalizationNodelet,msg=auto relocalize failed; call /relocalize after the scan is stable or set /initialpose manually
56.874,ros=1778663613.214427,level=30,name=HdlLocalizationNodelet,msg=waiting for initial pose input or global relocalization!!
56.881,ros=1778663613.221226,level=30,name=HdlLocalizationNodelet,msg=waiting for initial pose input or global relocalization!!
56.886,ros=1778663613.226354,level=30,name=HdlLocalizationNodelet,msg=waiting for initial pose input or global relocalization!!
56.892,ros=1778663613.233110,level=30,name=HdlLocalizationNodelet,msg=waiting for initial pose input or global relocalization!!
56.894,ros=1778663613.234795,level=20,name=HdlLocalizationNodelet,msg=initial pose received!!
57.163,ros=1778663613.503154,level=20,name=robot_realpose_publisher,msg=TF ready: map->base_footprint
58.255,ros=1778663614.594099,level=20,name=planner_server,msg=Configuring
58.255,ros=1778663614.594163,level=20,name=global_costmap.global_costmap,msg=Configuring
58.265,ros=1778663614.605309,level=20,name=global_costmap.global_costmap,msg=Using plugin "static_layer"
58.275,ros=1778663614.615264,level=20,name=global_costmap.global_costmap,msg=Subscribing to the map topic (/map) with transient local durability
58.279,ros=1778663614.618922,level=20,name=global_costmap.global_costmap,msg=Initialized plugin "static_layer"
58.279,ros=1778663614.618987,level=20,name=global_costmap.global_costmap,msg=Using plugin "obstacle_layer"
58.280,ros=1778663614.620105,level=20,name=global_costmap.global_costmap,msg=Subscribed to Topics: 
58.280,ros=1778663614.620188,level=20,name=global_costmap.global_costmap,msg=Initialized plugin "obstacle_layer"
58.280,ros=1778663614.620203,level=20,name=global_costmap.global_costmap,msg=Using plugin "inflation_layer"
58.280,ros=1778663614.621005,level=20,name=global_costmap.global_costmap,msg=Initialized plugin "inflation_layer"
58.375,ros=1778663614.714416,level=20,name=global_costmap.global_costmap,msg=StaticLayer: Resizing costmap to 660 X 781 at 0.050000 m/pix
58.378,ros=1778663614.715825,level=20,name=planner_server,msg=Created global planner plugin GridBased of type nav2_navfn_planner::NavfnPlanner
58.381,ros=1778663614.715956,level=20,name=planner_server,msg=Configuring plugin GridBased of type NavfnPlanner
58.382,ros=1778663614.717201,level=20,name=planner_server,msg=Planner Server has GridBased  planners available.
58.398,ros=1778663614.738672,level=20,name=controller_server,msg=Configuring controller interface
58.398,ros=1778663614.738714,level=20,name=controller_server,msg=getting progress checker plugins..
58.399,ros=1778663614.739228,level=20,name=controller_server,msg=getting goal checker plugins..
58.399,ros=1778663614.739980,level=20,name=controller_server,msg=Controller frequency set to 20.0000Hz
58.400,ros=1778663614.740025,level=20,name=local_costmap.local_costmap,msg=Configuring
58.411,ros=1778663614.751806,level=20,name=local_costmap.local_costmap,msg=Using plugin "static_layer"
58.417,ros=1778663614.755490,level=20,name=local_costmap.local_costmap,msg=Subscribing to the map topic (/map) with transient local durability
58.418,ros=1778663614.758218,level=20,name=local_costmap.local_costmap,msg=Initialized plugin "static_layer"
58.418,ros=1778663614.758269,level=20,name=local_costmap.local_costmap,msg=Using plugin "obstacle_layer"
58.420,ros=1778663614.759452,level=20,name=local_costmap.local_costmap,msg=Subscribed to Topics: 
58.420,ros=1778663614.759495,level=20,name=local_costmap.local_costmap,msg=Initialized plugin "obstacle_layer"
58.421,ros=1778663614.759501,level=20,name=local_costmap.local_costmap,msg=Using plugin "inflation_layer"
58.421,ros=1778663614.759721,level=20,name=local_costmap.local_costmap,msg=Initialized plugin "inflation_layer"
58.447,ros=1778663614.787684,level=20,name=controller_server,msg=Created progress_checker : progress_checker of type nav2_controller::SimpleProgressChecker
58.447,ros=1778663614.787712,level=20,name=local_costmap.local_costmap,msg=StaticLayer: Resizing costmap to 660 X 781 at 0.050000 m/pix
58.448,ros=1778663614.788207,level=20,name=controller_server,msg=Controller Server has progress_checker  progress checkers available.
58.448,ros=1778663614.788888,level=20,name=controller_server,msg=Created goal checker : goal_checker of type nav2_controller::SimpleGoalChecker
58.449,ros=1778663614.789165,level=20,name=controller_server,msg=Controller Server has goal_checker  goal checkers available.
58.457,ros=1778663614.796522,level=20,name=controller_server,msg=Created controller : FollowPath of type dwb_core::DWBLocalPlanner
58.457,ros=1778663614.797084,level=20,name=controller_server,msg=Setting transform_tolerance to 0.100000
58.472,ros=1778663614.812069,level=40,name=controller_server,msg=Couldn't load critics! Caught exception: No critics defined for FollowPath
58.479,ros=1778663614.816426,level=40,name=controller_server,msg=Caught exception in callback for transition 10
58.480,ros=1778663614.816498,level=40,name=controller_server,msg=Original error: Couldn't load critics! Caught exception: No critics defined for FollowPath
58.481,ros=1778663614.816534,level=30,name=controller_server,msg=Callback returned ERROR during the transition: configure
58.482,ros=1778663614.816547,level=50,name=controller_server,msg=Lifecycle node controller_server does not have error state implemented
58.482,ros=1778663614.817003,level=40,name=lifecycle_manager_navigation,msg=Failed to change state for node: controller_server
58.482,ros=1778663614.817057,level=40,name=lifecycle_manager_navigation,msg=Failed to bring up all requested nodes. Aborting bringup.
83.713,ros=1778663640.053236,level=20,name=planner_server,msg=Running Nav2 LifecycleNode rcl preshutdown (planner_server)
83.713,ros=1778663640.053328,level=20,name=planner_server,msg=Cleaning up
83.719,ros=1778663640.055776,level=20,name=controller_server,msg=Running Nav2 LifecycleNode rcl preshutdown (controller_server)
83.719,ros=1778663640.055848,level=20,name=controller_server,msg=Destroying bond (controller_server) to lifecycle manager.
83.736,ros=1778663640.073186,level=20,name=global_costmap.global_costmap,msg=Cleaning up
83.784,ros=1778663640.123451,level=20,name=planner_server,msg=Cleaning up plugin GridBased of type NavfnPlanner
83.792,ros=1778663640.125393,level=20,name=planner_server,msg=Destroying plugin GridBased of type NavfnPlanner
83.830,ros=1778663640.169616,level=20,name=planner_server,msg=Destroying bond (planner_server) to lifecycle manager.
179.404,ros=1778663735.744734,level=20,name=HdlLocalizationNodelet,msg=wait for global localization services
179.407,ros=1778663735.748102,level=20,name=HdlLocalizationNodelet,msg=create registration method for localization
179.408,ros=1778663735.748141,level=20,name=HdlLocalizationNodelet,msg=NDT_OMP is selected
179.408,ros=1778663735.748740,level=20,name=HdlLocalizationNodelet,msg=search_method DIRECT7 is selected
179.408,ros=1778663735.748762,level=20,name=HdlLocalizationNodelet,msg=create registration method for fallback during relocalization
179.409,ros=1778663735.748770,level=20,name=HdlLocalizationNodelet,msg=NDT_OMP is selected
179.409,ros=1778663735.748788,level=20,name=HdlLocalizationNodelet,msg=search_method DIRECT7 is selected
179.599,ros=1778663735.939510,level=40,name=HdlLocalizationNodelet,msg=point cloud cannot be transformed into target frame!!
179.679,ros=1778663736.019063,level=40,name=HdlLocalizationNodelet,msg=point cloud cannot be transformed into target frame!!
179.781,ros=1778663736.120574,level=30,name=HdlLocalizationNodelet,msg=waiting for initial pose input or global relocalization!!
179.892,ros=1778663736.233000,level=30,name=HdlLocalizationNodelet,msg=waiting for initial pose input or global relocalization!!
179.987,ros=1778663736.327400,level=30,name=HdlLocalizationNodelet,msg=waiting for initial pose input or global relocalization!!
180.087,ros=1778663736.426405,level=30,name=HdlLocalizationNodelet,msg=waiting for initial pose input or global relocalization!!
180.197,ros=1778663736.537273,level=30,name=HdlLocalizationNodelet,msg=waiting for initial pose input or global relocalization!!
180.286,ros=1778663736.626280,level=30,name=HdlLocalizationNodelet,msg=waiting for initial pose input or global relocalization!!
180.389,ros=1778663736.729353,level=30,name=HdlLocalizationNodelet,msg=waiting for initial pose input or global relocalization!!
180.429,ros=1778663736.768652,level=20,name=HdlLocalizationNodelet,msg=globalmap received!
180.454,ros=1778663736.794799,level=20,name=HdlLocalizationNodelet,msg=set globalmap for global localization!
180.498,ros=1778663736.838111,level=30,name=HdlLocalizationNodelet,msg=waiting for initial pose input or global relocalization!!
181.194,ros=1778663736.917144,level=30,name=HdlLocalizationNodelet,msg=waiting for initial pose input or global relocalization!!
181.206,ros=1778663737.098748,level=30,name=HdlLocalizationNodelet,msg=waiting for initial pose input or global relocalization!!
181.231,ros=1778663737.151994,level=30,name=HdlLocalizationNodelet,msg=waiting for initial pose input or global relocalization!!
181.244,ros=1778663737.305181,level=30,name=HdlLocalizationNodelet,msg=waiting for initial pose input or global relocalization!!
181.259,ros=1778663737.370716,level=30,name=HdlLocalizationNodelet,msg=waiting for initial pose input or global relocalization!!
181.299,ros=1778663737.451275,level=30,name=HdlLocalizationNodelet,msg=waiting for initial pose input or global relocalization!!
181.309,ros=1778663737.581768,level=30,name=HdlLocalizationNodelet,msg=waiting for initial pose input or global relocalization!!
181.315,ros=1778663737.641492,level=30,name=HdlLocalizationNodelet,msg=waiting for initial pose input or global relocalization!!
181.424,ros=1778663737.762295,level=30,name=HdlLocalizationNodelet,msg=waiting for initial pose input or global relocalization!!
181.508,ros=1778663737.846797,level=30,name=HdlLocalizationNodelet,msg=waiting for initial pose input or global relocalization!!
181.630,ros=1778663737.957915,level=30,name=HdlLocalizationNodelet,msg=waiting for initial pose input or global relocalization!!
181.701,ros=1778663738.032805,level=30,name=HdlLocalizationNodelet,msg=waiting for initial pose input or global relocalization!!
181.800,ros=1778663738.139313,level=30,name=HdlLocalizationNodelet,msg=waiting for initial pose input or global relocalization!!
182.023,ros=1778663738.317226,level=30,name=HdlLocalizationNodelet,msg=waiting for initial pose input or global relocalization!!
182.033,ros=1778663738.373476,level=30,name=HdlLocalizationNodelet,msg=waiting for initial pose input or global relocalization!!
182.118,ros=1778663738.439995,level=30,name=HdlLocalizationNodelet,msg=waiting for initial pose input or global relocalization!!
182.272,ros=1778663738.587695,level=30,name=HdlLocalizationNodelet,msg=waiting for initial pose input or global relocalization!!
182.329,ros=1778663738.665773,level=30,name=HdlLocalizationNodelet,msg=waiting for initial pose input or global relocalization!!
182.393,ros=1778663738.722033,level=30,name=HdlLocalizationNodelet,msg=waiting for initial pose input or global relocalization!!
182.488,ros=1778663738.827071,level=30,name=HdlLocalizationNodelet,msg=waiting for initial pose input or global relocalization!!
182.597,ros=1778663738.936966,level=30,name=HdlLocalizationNodelet,msg=waiting for initial pose input or global relocalization!!
182.737,ros=1778663739.076986,level=20,name=hdl_global_localization.global_localization_node,msg=RANSAC params: voxel_based=1 max_corr=0.8 similarity=0.5 randomness=3 max_iterations=80000 matching_budget=2000 min_inlier=0.12
182.766,ros=1778663739.106938,level=30,name=HdlLocalizationNodelet,msg=waiting for initial pose input or global relocalization!!
182.790,ros=1778663739.125552,level=30,name=HdlLocalizationNodelet,msg=waiting for initial pose input or global relocalization!!
182.824,ros=1778663739.164358,level=20,name=hdl_global_localization.global_localization_node,msg=DONE
182.824,ros=1778663739.164715,level=20,name=HdlLocalizationNodelet,msg=globalmap set for global localization
182.876,ros=1778663739.216195,level=30,name=HdlLocalizationNodelet,msg=waiting for initial pose input or global relocalization!!
183.000,ros=1778663739.340077,level=30,name=HdlLocalizationNodelet,msg=waiting for initial pose input or global relocalization!!
183.091,ros=1778663739.431597,level=30,name=HdlLocalizationNodelet,msg=waiting for initial pose input or global relocalization!!
183.177,ros=1778663739.515602,level=30,name=HdlLocalizationNodelet,msg=waiting for initial pose input or global relocalization!!
183.278,ros=1778663739.617568,level=30,name=HdlLocalizationNodelet,msg=waiting for initial pose input or global relocalization!!
183.382,ros=1778663739.721362,level=30,name=HdlLocalizationNodelet,msg=waiting for initial pose input or global relocalization!!
183.409,ros=1778663739.748102,level=20,name=HdlLocalizationNodelet,msg=auto relocalize on start
183.412,ros=1778663739.752449,level=20,name=HdlLocalizationNodelet,msg=global localization height-filtered scan points: 18980 z=[0, inf]
183.413,ros=1778663739.753163,level=20,name=hdl_global_localization.global_localization_node,msg=Query Global Localization
183.415,ros=1778663739.753574,level=20,name=hdl_global_localization.global_localization_node,msg=Normal Estimation: Radius(1)
183.416,ros=1778663739.754568,level=20,name=hdl_global_localization.global_localization_node,msg=FPFH Extraction: Search Radius(3)
183.435,ros=1778663739.771961,level=20,name=hdl_global_localization.global_localization_node,msg=RANSAC : Precompute Nearest Features
183.480,ros=1778663739.820550,level=20,name=hdl_global_localization.global_localization_node,msg=RANSAC : Main Loop
183.488,ros=1778663739.826861,level=20,name=hdl_global_localization.global_localization_node,msg=RANSAC : iteration:439 matching_count:49 error:0.155543 inlier:0.412774
183.489,ros=1778663739.827094,level=20,name=hdl_global_localization.global_localization_node,msg=RANSAC : iteration:506 matching_count:62 error:0.158403 inlier:0.416587
183.489,ros=1778663739.827252,level=20,name=hdl_global_localization.global_localization_node,msg=RANSAC : iteration:563 matching_count:69 error:0.161348 inlier:0.312679
183.489,ros=1778663739.827250,level=20,name=hdl_global_localization.global_localization_node,msg=RANSAC : iteration:563 matching_count:69 error:0.160328 inlier:0.565777
183.490,ros=1778663739.828030,level=20,name=hdl_global_localization.global_localization_node,msg=RANSAC : iteration:817 matching_count:103 error:0.155908 inlier:0.22021
183.490,ros=1778663739.827713,level=20,name=hdl_global_localization.global_localization_node,msg=RANSAC : iteration:737 matching_count:89 error:0.165389 inlier:0.709724
183.490,ros=1778663739.828510,level=20,name=hdl_global_localization.global_localization_node,msg=RANSAC : iteration:1005 matching_count:124 error:0.16153 inlier:0.431363
183.490,ros=1778663739.828456,level=20,name=hdl_global_localization.global_localization_node,msg=RANSAC : iteration:977 matching_count:121 error:0.163028 inlier:0.614871
183.490,ros=1778663739.828276,level=20,name=hdl_global_localization.global_localization_node,msg=RANSAC : iteration:893 matching_count:113 error:0.160053 inlier:0.564347
183.491,ros=1778663739.828912,level=20,name=hdl_global_localization.global_localization_node,msg=RANSAC : iteration:1216 matching_count:139 error:0.162644 inlier:0.762631
183.491,ros=1778663739.829235,level=20,name=hdl_global_localization.global_localization_node,msg=RANSAC : iteration:1413 matching_count:152 error:0.163161 inlier:0.564824
183.491,ros=1778663739.829785,level=20,name=hdl_global_localization.global_localization_node,msg=RANSAC : iteration:1691 matching_count:174 error:0.159031 inlier:0.518112
183.491,ros=1778663739.829931,level=20,name=hdl_global_localization.global_localization_node,msg=RANSAC : iteration:1738 matching_count:180 error:0.16347 inlier:0.747378
183.493,ros=1778663739.830102,level=20,name=hdl_global_localization.global_localization_node,msg=RANSAC : iteration:1803 matching_count:188 error:0.161929 inlier:0.581506
183.493,ros=1778663739.830738,level=20,name=hdl_global_localization.global_localization_node,msg=RANSAC : iteration:2150 matching_count:220 error:0.157955 inlier:0.557674
183.494,ros=1778663739.831035,level=20,name=hdl_global_localization.global_localization_node,msg=RANSAC : iteration:2351 matching_count:237 error:0.158588 inlier:0.513823
183.494,ros=1778663739.831349,level=20,name=hdl_global_localization.global_localization_node,msg=RANSAC : iteration:2423 matching_count:248 error:0.160172 inlier:0.674452
183.494,ros=1778663739.831509,level=20,name=hdl_global_localization.global_localization_node,msg=RANSAC : iteration:2546 matching_count:255 error:0.159636 inlier:0.36511
183.495,ros=1778663739.831889,level=20,name=hdl_global_localization.global_localization_node,msg=RANSAC : iteration:2769 matching_count:271 error:0.163253 inlier:0.678265
183.495,ros=1778663739.832343,level=20,name=hdl_global_localization.global_localization_node,msg=RANSAC : iteration:2966 matching_count:293 error:0.162071 inlier:0.454242
183.495,ros=1778663739.832421,level=20,name=hdl_global_localization.global_localization_node,msg=RANSAC : iteration:3003 matching_count:298 error:0.15937 inlier:0.299333
183.496,ros=1778663739.833559,level=20,name=hdl_global_localization.global_localization_node,msg=RANSAC : iteration:3003 matching_count:298 error:0.166043 inlier:0.86225
183.496,ros=1778663739.834281,level=20,name=hdl_global_localization.global_localization_node,msg=RANSAC : iteration:3284 matching_count:325 error:0.158681 inlier:0.521926
183.496,ros=1778663739.834502,level=20,name=hdl_global_localization.global_localization_node,msg=RANSAC : iteration:3447 matching_count:337 error:0.160353 inlier:0.321735
183.497,ros=1778663739.834968,level=20,name=hdl_global_localization.global_localization_node,msg=RANSAC : iteration:3762 matching_count:357 error:0.165478 inlier:0.29409
183.497,ros=1778663739.834672,level=20,name=hdl_global_localization.global_localization_node,msg=RANSAC : iteration:3548 matching_count:344 error:0.162444 inlier:0.86082
183.497,ros=1778663739.834893,level=20,name=hdl_global_localization.global_localization_node,msg=RANSAC : iteration:3723 matching_count:354 error:0.163489 inlier:0.371306
183.497,ros=1778663739.835213,level=20,name=hdl_global_localization.global_localization_node,msg=RANSAC : iteration:3893 matching_count:369 error:0.157893 inlier:0.756911
183.498,ros=1778663739.836013,level=20,name=hdl_global_localization.global_localization_node,msg=RANSAC : iteration:4234 matching_count:403 error:0.159855 inlier:0.542898
183.498,ros=1778663739.835491,level=20,name=hdl_global_localization.global_localization_node,msg=RANSAC : iteration:4024 matching_count:381 error:0.161228 inlier:0.469495
183.498,ros=1778663739.836323,level=20,name=hdl_global_localization.global_localization_node,msg=RANSAC : iteration:4312 matching_count:415 error:0.156945 inlier:0.474261
183.498,ros=1778663739.836723,level=20,name=hdl_global_localization.global_localization_node,msg=RANSAC : iteration:4424 matching_count:430 error:0.156185 inlier:0.396092
183.499,ros=1778663739.837448,level=20,name=hdl_global_localization.global_localization_node,msg=RANSAC : iteration:4699 matching_count:457 error:0.165677 inlier:0.805052
183.499,ros=1778663739.837477,level=20,name=hdl_global_localization.global_localization_node,msg=RANSAC : iteration:4718 matching_count:459 error:0.162791 inlier:0.484747
183.499,ros=1778663739.837887,level=20,name=hdl_global_localization.global_localization_node,msg=RANSAC : iteration:4843 matching_count:473 error:0.161183 inlier:0.254528
183.499,ros=1778663739.838169,level=20,name=hdl_global_localization.global_localization_node,msg=RANSAC : iteration:4982 matching_count:486 error:0.156033 inlier:0.330315
183.500,ros=1778663739.838431,level=20,name=hdl_global_localization.global_localization_node,msg=RANSAC : iteration:5143 matching_count:501 error:0.158312 inlier:0.777884
183.500,ros=1778663739.838630,level=20,name=hdl_global_localization.global_localization_node,msg=RANSAC : iteration:5221 matching_count:508 error:0.162659 inlier:0.549571
183.501,ros=1778663739.839137,level=20,name=hdl_global_localization.global_localization_node,msg=RANSAC : iteration:5512 matching_count:537 error:0.165713 inlier:0.864633
183.501,ros=1778663739.840053,level=20,name=hdl_global_localization.global_localization_node,msg=RANSAC : iteration:6148 matching_count:586 error:0.160759 inlier:0.680648
183.502,ros=1778663739.840338,level=20,name=hdl_global_localization.global_localization_node,msg=RANSAC : iteration:6331 matching_count:601 error:0.156839 inlier:0.378932
183.502,ros=1778663739.840619,level=20,name=hdl_global_localization.global_localization_node,msg=RANSAC : iteration:6450 matching_count:613 error:0.16295 inlier:0.213537
183.502,ros=1778663739.840895,level=20,name=hdl_global_localization.global_localization_node,msg=RANSAC : iteration:6518 matching_count:621 error:0.161938 inlier:0.428027
183.503,ros=1778663739.841319,level=20,name=hdl_global_localization.global_localization_node,msg=RANSAC : iteration:6695 matching_count:639 error:0.159155 inlier:0.744042
183.503,ros=1778663739.841081,level=20,name=hdl_global_localization.global_localization_node,msg=RANSAC : iteration:6596 matching_count:629 error:0.160973 inlier:0.801239
183.503,ros=1778663739.841926,level=20,name=hdl_global_localization.global_localization_node,msg=RANSAC : iteration:7091 matching_count:675 error:0.153198 inlier:0.920877
183.503,ros=1778663739.842180,level=20,name=hdl_global_localization.global_localization_node,msg=RANSAC : iteration:7359 matching_count:691 error:0.156807 inlier:0.656816
183.504,ros=1778663739.842346,level=20,name=hdl_global_localization.global_localization_node,msg=RANSAC : iteration:7474 matching_count:701 error:0.157136 inlier:0.486177
183.504,ros=1778663739.842606,level=20,name=hdl_global_localization.global_localization_node,msg=RANSAC : iteration:7581 matching_count:716 error:0.160251 inlier:0.699714
183.504,ros=1778663739.842721,level=20,name=hdl_global_localization.global_localization_node,msg=RANSAC : iteration:7608 matching_count:719 error:0.162966 inlier:0.755005
183.504,ros=1778663739.843140,level=20,name=hdl_global_localization.global_localization_node,msg=RANSAC : iteration:7794 matching_count:741 error:0.158717 inlier:0.802193
183.505,ros=1778663739.843064,level=20,name=hdl_global_localization.global_localization_node,msg=RANSAC : iteration:7746 matching_count:738 error:0.160227 inlier:0.756911
183.505,ros=1778663739.843525,level=20,name=hdl_global_localization.global_localization_node,msg=RANSAC : iteration:7929 matching_count:764 error:0.162808 inlier:0.589133
183.505,ros=1778663739.843531,level=20,name=hdl_global_localization.global_localization_node,msg=RANSAC : iteration:7929 matching_count:764 error:0.166111 inlier:0.539561
183.506,ros=1778663739.843163,level=20,name=hdl_global_localization.global_localization_node,msg=RANSAC : iteration:7800 matching_count:743 error:0.157683 inlier:0.472831
183.506,ros=1778663739.843906,level=20,name=hdl_global_localization.global_localization_node,msg=RANSAC : iteration:8095 matching_count:783 error:0.159332 inlier:0.580553
183.506,ros=1778663739.844106,level=20,name=hdl_global_localization.global_localization_node,msg=RANSAC : iteration:8264 matching_count:793 error:0.16036 inlier:0.388465
183.506,ros=1778663739.843920,level=20,name=hdl_global_localization.global_localization_node,msg=RANSAC : iteration:8097 matching_count:784 error:0.159371 inlier:0.43041
183.507,ros=1778663739.844038,level=20,name=hdl_global_localization.global_localization_node,msg=RANSAC : iteration:8228 matching_count:790 error:0.162742 inlier:0.162059
183.507,ros=1778663739.844485,level=20,name=hdl_global_localization.global_localization_node,msg=RANSAC : iteration:8466 matching_count:812 error:0.1551 inlier:0.483317
183.507,ros=1778663739.845100,level=20,name=hdl_global_localization.global_localization_node,msg=RANSAC : iteration:8847 matching_count:837 error:0.155637 inlier:0.497617
183.508,ros=1778663739.845522,level=20,name=hdl_global_localization.global_localization_node,msg=RANSAC : iteration:9006 matching_count:850 error:0.158494 inlier:0.594852
183.508,ros=1778663739.845957,level=20,name=hdl_global_localization.global_localization_node,msg=RANSAC : iteration:9172 matching_count:866 error:0.158321 inlier:0.616778
183.508,ros=1778663739.846299,level=20,name=hdl_global_localization.global_localization_node,msg=RANSAC : iteration:9208 matching_count:874 error:0.160651 inlier:0.340801
183.509,ros=1778663739.846835,level=20,name=hdl_global_localization.global_localization_node,msg=RANSAC : iteration:9403 matching_count:893 error:0.163446 inlier:0.438513
183.509,ros=1778663739.846779,level=20,name=hdl_global_localization.global_localization_node,msg=RANSAC : iteration:9363 matching_count:891 error:0.160209 inlier:0.28551
183.509,ros=1778663739.846889,level=20,name=hdl_global_localization.global_localization_node,msg=RANSAC : iteration:9415 matching_count:895 error:0.164461 inlier:0.255958
183.510,ros=1778663739.847240,level=20,name=hdl_global_localization.global_localization_node,msg=RANSAC : iteration:9546 matching_count:908 error:0.165731 inlier:0.600095
183.510,ros=1778663739.847918,level=20,name=hdl_global_localization.global_localization_node,msg=RANSAC : iteration:9781 matching_count:929 error:0.15984 inlier:0.652526
183.510,ros=1778663739.848351,level=20,name=hdl_global_localization.global_localization_node,msg=RANSAC : iteration:10144 matching_count:947 error:0.160069 inlier:0.333651
183.510,ros=1778663739.848512,level=20,name=hdl_global_localization.global_localization_node,msg=RANSAC : iteration:10252 matching_count:955 error:0.15441 inlier:0.403241
183.511,ros=1778663739.848840,level=20,name=hdl_global_localization.global_localization_node,msg=RANSAC : iteration:10384 matching_count:968 error:0.157348 inlier:0.388942
183.511,ros=1778663739.849228,level=20,name=hdl_global_localization.global_localization_node,msg=RANSAC : iteration:10554 matching_count:985 error:0.164302 inlier:0.299809
183.511,ros=1778663739.849513,level=20,name=hdl_global_localization.global_localization_node,msg=RANSAC : iteration:10648 matching_count:996 error:0.159864 inlier:0.57817
183.512,ros=1778663739.849563,level=20,name=hdl_global_localization.global_localization_node,msg=RANSAC : iteration:10662 matching_count:998 error:0.156676 inlier:0.402765
183.512,ros=1778663739.849453,level=20,name=hdl_global_localization.global_localization_node,msg=RANSAC : iteration:10616 matching_count:994 error:0.161585 inlier:0.466635
183.512,ros=1778663739.850495,level=20,name=hdl_global_localization.global_localization_node,msg=RANSAC : iteration:10977 matching_count:1030 error:0.166726 inlier:0.485701
183.512,ros=1778663739.850585,level=20,name=hdl_global_localization.global_localization_node,msg=RANSAC : iteration:10999 matching_count:1034 error:0.163374 inlier:0.616301
183.513,ros=1778663739.850776,level=20,name=hdl_global_localization.global_localization_node,msg=RANSAC : iteration:11052 matching_count:1042 error:0.162703 inlier:0.431363
183.513,ros=1778663739.851530,level=20,name=hdl_global_localization.global_localization_node,msg=RANSAC : iteration:11262 matching_count:1064 error:0.164998 inlier:0.248332
183.513,ros=1778663739.850943,level=20,name=hdl_global_localization.global_localization_node,msg=RANSAC : iteration:11104 matching_count:1048 error:0.157308 inlier:0.506196
183.514,ros=1778663739.852180,level=20,name=hdl_global_localization.global_localization_node,msg=RANSAC : iteration:11529 matching_count:1092 error:0.158621 inlier:0.806006
183.514,ros=1778663739.851767,level=20,name=hdl_global_localization.global_localization_node,msg=RANSAC : iteration:11396 matching_count:1074 error:0.172428 inlier:0.197807
183.514,ros=1778663739.852731,level=20,name=hdl_global_localization.global_localization_node,msg=RANSAC : iteration:11797 matching_count:1115 error:0.161991 inlier:0.606768
183.514,ros=1778663739.852758,level=20,name=hdl_global_localization.global_localization_node,msg=RANSAC : iteration:11800 matching_count:1117 error:0.149813 inlier:0.601525
183.515,ros=1778663739.853387,level=20,name=hdl_global_localization.global_localization_node,msg=RANSAC : iteration:12171 matching_count:1147 error:0.163604 inlier:0.216873
183.515,ros=1778663739.853415,level=20,name=hdl_global_localization.global_localization_node,msg=RANSAC : iteration:12174 matching_count:1149 error:0.15825 inlier:0.389418
183.515,ros=1778663739.853781,level=20,name=hdl_global_localization.global_localization_node,msg=RANSAC : iteration:12387 matching_count:1165 error:0.15728 inlier:0.645377
183.516,ros=1778663739.854678,level=20,name=hdl_global_localization.global_localization_node,msg=RANSAC : iteration:12777 matching_count:1208 error:0.158637 inlier:0.506673
183.516,ros=1778663739.854930,level=20,name=hdl_global_localization.global_localization_node,msg=RANSAC : iteration:12916 matching_count:1225 error:0.16374 inlier:0.431363
183.516,ros=1778663739.855045,level=20,name=hdl_global_localization.global_localization_node,msg=RANSAC : iteration:12971 matching_count:1231 error:0.156269 inlier:0.7755
183.517,ros=1778663739.855323,level=20,name=hdl_global_localization.global_localization_node,msg=RANSAC : iteration:13136 matching_count:1248 error:0.158903 inlier:0.754528
183.517,ros=1778663739.855382,level=20,name=hdl_global_localization.global_localization_node,msg=RANSAC : iteration:13148 matching_count:1251 error:0.160271 inlier:0.50572
183.517,ros=1778663739.855845,level=20,name=hdl_global_localization.global_localization_node,msg=RANSAC : iteration:13358 matching_count:1280 error:0.160085 inlier:0.368446
183.518,ros=1778663739.855895,level=20,name=hdl_global_localization.global_localization_node,msg=RANSAC : iteration:13360 matching_count:1282 error:0.157286 inlier:0.602002
183.518,ros=1778663739.856143,level=20,name=hdl_global_localization.global_localization_node,msg=RANSAC : iteration:13437 matching_count:1294 error:0.159897 inlier:0.437083
183.518,ros=1778663739.856202,level=20,name=hdl_global_localization.global_localization_node,msg=RANSAC : iteration:13453 matching_count:1296 error:0.15881 inlier:0.755958
183.519,ros=1778663739.855931,level=20,name=hdl_global_localization.global_localization_node,msg=RANSAC : iteration:13367 matching_count:1284 error:0.153219 inlier:0.704957
183.519,ros=1778663739.856217,level=20,name=hdl_global_localization.global_localization_node,msg=RANSAC : iteration:13460 matching_count:1297 error:0.154512 inlier:0.185891
183.519,ros=1778663739.856007,level=20,name=hdl_global_localization.global_localization_node,msg=RANSAC : iteration:13382 matching_count:1287 error:0.159429 inlier:0.393232
183.520,ros=1778663739.855819,level=20,name=hdl_global_localization.global_localization_node,msg=RANSAC : iteration:13340 matching_count:1278 error:0.162782 inlier:0.382269
183.520,ros=1778663739.854977,level=20,name=hdl_global_localization.global_localization_node,msg=RANSAC : iteration:12935 matching_count:1227 error:0.157982 inlier:0.872736
183.520,ros=1778663739.856306,level=20,name=hdl_global_localization.global_localization_node,msg=RANSAC : iteration:13507 matching_count:1301 error:0.157706 inlier:0.274547
183.520,ros=1778663739.856336,level=20,name=hdl_global_localization.global_localization_node,msg=RANSAC : iteration:13519 matching_count:1302 error:0.161761 inlier:0.357483
183.521,ros=1778663739.856355,level=20,name=hdl_global_localization.global_localization_node,msg=RANSAC : iteration:13529 matching_count:1303 error:0.160629 inlier:0.36511
183.521,ros=1778663739.855525,level=20,name=hdl_global_localization.global_localization_node,msg=RANSAC : iteration:13233 matching_count:1261 error:0.166377 inlier:0.793613
183.521,ros=1778663739.856442,level=20,name=hdl_global_localization.global_localization_node,msg=RANSAC : iteration:13559 matching_count:1306 error:0.161115 inlier:0.36225
183.852,ros=1778663739.856452,level=20,name=hdl_global_localization.global_localization_node,msg=RANSAC : iteration:13576 matching_count:1307 error:0.160193 inlier:0.752145
183.853,ros=1778663739.856491,level=20,name=hdl_global_localization.global_localization_node,msg=RANSAC : iteration:13598 matching_count:1308 error:0.163117 inlier:0.432316
183.854,ros=1778663739.856508,level=20,name=hdl_global_localization.global_localization_node,msg=RANSAC : iteration:13606 matching_count:1309 error:0.159762 inlier:0.476168
183.854,ros=1778663739.856544,level=20,name=hdl_global_localization.global_localization_node,msg=RANSAC : iteration:13625 matching_count:1310 error:0.162011 inlier:0.511916
183.854,ros=1778663739.856552,level=20,name=hdl_global_localization.global_localization_node,msg=RANSAC : iteration:13630 matching_count:1311 error:0.160159 inlier:0.625357
183.855,ros=1778663739.856567,level=20,name=hdl_global_localization.global_localization_node,msg=RANSAC : iteration:13656 matching_count:1312 error:0.15885 inlier:0.402765
183.855,ros=1778663739.856600,level=20,name=hdl_global_localization.global_localization_node,msg=RANSAC : iteration:13665 matching_count:1313 error:0.158272 inlier:0.535748
183.856,ros=1778663739.856636,level=20,name=hdl_global_localization.global_localization_node,msg=RANSAC : iteration:13669 matching_count:1314 error:0.15968 inlier:0.743565
183.856,ros=1778663739.855326,level=20,name=hdl_global_localization.global_localization_node,msg=RANSAC : iteration:13136 matching_count:1248 error:0.157684 inlier:0.5653
183.856,ros=1778663739.856651,level=20,name=hdl_global_localization.global_localization_node,msg=RANSAC : iteration:13683 matching_count:1315 error:0.160081 inlier:0.446616
183.857,ros=1778663739.856361,level=20,name=hdl_global_localization.global_localization_node,msg=RANSAC : iteration:13529 matching_count:1303 error:0.166931 inlier:0.474261
183.857,ros=1778663739.856698,level=20,name=hdl_global_localization.global_localization_node,msg=RANSAC : iteration:13704 matching_count:1318 error:0.16136 inlier:0.547664
183.857,ros=1778663739.855278,level=20,name=hdl_global_localization.global_localization_node,msg=RANSAC : iteration:13112 matching_count:1246 error:0.157764 inlier:0.536225
183.858,ros=1778663739.856775,level=20,name=hdl_global_localization.global_localization_node,msg=RANSAC : iteration:13737 matching_count:1319 error:0.161671 inlier:0.474738
183.858,ros=1778663739.856829,level=20,name=hdl_global_localization.global_localization_node,msg=RANSAC : iteration:13749 matching_count:1321 error:0.16289 inlier:0.577693
183.858,ros=1778663739.855610,level=20,name=hdl_global_localization.global_localization_node,msg=RANSAC : iteration:13271 matching_count:1267 error:0.160513 inlier:0.405148
183.859,ros=1778663739.856709,level=20,name=hdl_global_localization.global_localization_node,msg=RANSAC : iteration:13704 matching_count:1318 error:0.161535 inlier:0.358437
183.859,ros=1778663739.856241,level=20,name=hdl_global_localization.global_localization_node,msg=RANSAC : iteration:13466 matching_count:1299 error:0.162886 inlier:0.700667
183.859,ros=1778663739.855983,level=20,name=hdl_global_localization.global_localization_node,msg=RANSAC : iteration:13378 matching_count:1286 error:0.15934 inlier:0.785033
183.860,ros=1778663739.856241,level=20,name=hdl_global_localization.global_localization_node,msg=RANSAC : iteration:13467 matching_count:1299 error:0.16385 inlier:0.267398
183.860,ros=1778663739.856405,level=20,name=hdl_global_localization.global_localization_node,msg=RANSAC : iteration:13551 matching_count:1305 error:0.159192 inlier:0.199237
183.860,ros=1778663739.856743,level=20,name=hdl_global_localization.global_localization_node,msg=RANSAC : iteration:13704 matching_count:1318 error:0.152805 inlier:0.828408
183.861,ros=1778663739.856744,level=20,name=hdl_global_localization.global_localization_node,msg=RANSAC : iteration:13704 matching_count:1318 error:0.162374 inlier:0.464252
183.861,ros=1778663739.857108,level=20,name=hdl_global_localization.global_localization_node,msg=RANSAC : iteration:13812 matching_count:1329 error:0.157538 inlier:0.576263
183.862,ros=1778663739.857134,level=20,name=hdl_global_localization.global_localization_node,msg=RANSAC : iteration:13815 matching_count:1330 error:0.159818 inlier:0.353194
183.862,ros=1778663739.857146,level=20,name=hdl_global_localization.global_localization_node,msg=RANSAC : iteration:13815 matching_count:1330 error:0.162454 inlier:0.431363
183.863,ros=1778663739.857158,level=20,name=hdl_global_localization.global_localization_node,msg=RANSAC : iteration:13820 matching_count:1331 error:0.159638 inlier:0.274547
183.863,ros=1778663739.857185,level=20,name=hdl_global_localization.global_localization_node,msg=RANSAC : iteration:13824 matching_count:1333 error:0.157787 inlier:0.72307
183.863,ros=1778663739.857207,level=20,name=hdl_global_localization.global_localization_node,msg=RANSAC : iteration:13827 matching_count:1334 error:0.165916 inlier:0.524309
183.863,ros=1778663739.857245,level=20,name=hdl_global_localization.global_localization_node,msg=RANSAC : iteration:13855 matching_count:1335 error:0.161419 inlier:0.382745
183.864,ros=1778663739.857262,level=20,name=hdl_global_localization.global_localization_node,msg=RANSAC : iteration:13863 matching_count:1336 error:0.16117 inlier:0.630601
183.864,ros=1778663739.857275,level=20,name=hdl_global_localization.global_localization_node,msg=RANSAC : iteration:13869 matching_count:1337 error:0.164101 inlier:0.263584
183.864,ros=1778663739.857308,level=20,name=hdl_global_localization.global_localization_node,msg=RANSAC : iteration:13886 matching_count:1338 error:0.166427 inlier:0.21878
183.866,ros=1778663739.857349,level=20,name=hdl_global_localization.global_localization_node,msg=RANSAC : iteration:13906 matching_count:1339 error:0.156459 inlier:0.29552
183.866,ros=1778663739.857360,level=20,name=hdl_global_localization.global_localization_node,msg=RANSAC : iteration:13908 matching_count:1340 error:0.160834 inlier:0.321258
183.867,ros=1778663739.857379,level=20,name=hdl_global_localization.global_localization_node,msg=RANSAC : iteration:13912 matching_count:1341 error:0.162205 inlier:0.494757
183.867,ros=1778663739.857413,level=20,name=hdl_global_localization.global_localization_node,msg=RANSAC : iteration:13916 matching_count:1342 error:0.160046 inlier:0.613918
183.867,ros=1778663739.857453,level=20,name=hdl_global_localization.global_localization_node,msg=RANSAC : iteration:13929 matching_count:1343 error:0.159 inlier:0.408961
183.868,ros=1778663739.857481,level=20,name=hdl_global_localization.global_localization_node,msg=RANSAC : iteration:13934 matching_count:1344 error:0.16086 inlier:0.41897
183.868,ros=1778663739.856767,level=20,name=hdl_global_localization.global_localization_node,msg=RANSAC : iteration:13723 matching_count:1319 error:0.165871 inlier:0.513823
183.868,ros=1778663739.857549,level=20,name=hdl_global_localization.global_localization_node,msg=RANSAC : iteration:13982 matching_count:1346 error:0.161362 inlier:0.815062
183.869,ros=1778663739.856868,level=20,name=hdl_global_localization.global_localization_node,msg=RANSAC : iteration:13749 matching_count:1321 error:0.159717 inlier:0.406578
183.869,ros=1778663739.857606,level=20,name=hdl_global_localization.global_localization_node,msg=RANSAC : iteration:13984 matching_count:1347 error:0.160297 inlier:0.4204
183.869,ros=1778663739.856925,level=20,name=hdl_global_localization.global_localization_node,msg=RANSAC : iteration:13750 matching_count:1322 error:0.163338 inlier:0.312679
183.869,ros=1778663739.857000,level=20,name=hdl_global_localization.global_localization_node,msg=RANSAC : iteration:13771 matching_count:1324 error:0.165747 inlier:0.503337
183.869,ros=1778663739.857038,level=20,name=hdl_global_localization.global_localization_node,msg=RANSAC : iteration:13790 matching_count:1326 error:0.162083 inlier:0.410867
183.870,ros=1778663739.857069,level=20,name=hdl_global_localization.global_localization_node,msg=RANSAC : iteration:13805 matching_count:1328 error:0.160802 inlier:0.422307
183.870,ros=1778663739.857715,level=20,name=hdl_global_localization.global_localization_node,msg=RANSAC : iteration:14074 matching_count:1354 error:0.160086 inlier:0.532412
183.870,ros=1778663739.857733,level=20,name=hdl_global_localization.global_localization_node,msg=RANSAC : iteration:14077 matching_count:1355 error:0.161625 inlier:0.546235
183.870,ros=1778663739.857740,level=20,name=hdl_global_localization.global_localization_node,msg=RANSAC : iteration:14077 matching_count:1355 error:0.16666 inlier:0.43184
183.871,ros=1778663739.857753,level=20,name=hdl_global_localization.global_localization_node,msg=RANSAC : iteration:14093 matching_count:1357 error:0.1581 inlier:0.380839
183.871,ros=1778663739.857759,level=20,name=hdl_global_localization.global_localization_node,msg=RANSAC : iteration:14093 matching_count:1357 error:0.161082 inlier:0.450906
183.871,ros=1778663739.855973,level=20,name=hdl_global_localization.global_localization_node,msg=RANSAC : iteration:13376 matching_count:1285 error:0.157255 inlier:0.560057
183.871,ros=1778663739.856202,level=20,name=hdl_global_localization.global_localization_node,msg=RANSAC : iteration:13453 matching_count:1296 error:0.166797 inlier:0.362726
183.872,ros=1778663739.857818,level=20,name=hdl_global_localization.global_localization_node,msg=RANSAC : iteration:14118 matching_count:1360 error:0.164436 inlier:0.233556
183.872,ros=1778663739.857840,level=20,name=hdl_global_localization.global_localization_node,msg=RANSAC : iteration:14162 matching_count:1362 error:0.157102 inlier:0.728313
183.872,ros=1778663739.857511,level=20,name=hdl_global_localization.global_localization_node,msg=RANSAC : iteration:13981 matching_count:1345 error:0.161858 inlier:0.280744
183.872,ros=1778663739.857857,level=20,name=hdl_global_localization.global_localization_node,msg=RANSAC : iteration:14168 matching_count:1363 error:0.165547 inlier:0.20877
183.872,ros=1778663739.857917,level=20,name=hdl_global_localization.global_localization_node,msg=RANSAC : iteration:14185 matching_count:1365 error:0.160075 inlier:0.296949
183.873,ros=1778663739.857927,level=20,name=hdl_global_localization.global_localization_node,msg=RANSAC : iteration:14186 matching_count:1366 error:0.160065 inlier:0.549094
183.873,ros=1778663739.857945,level=20,name=hdl_global_localization.global_localization_node,msg=RANSAC : iteration:14192 matching_count:1367 error:0.158222 inlier:0.331745
183.873,ros=1778663739.857744,level=20,name=hdl_global_localization.global_localization_node,msg=RANSAC : iteration:14077 matching_count:1355 error:0.157789 inlier:0.725929
183.873,ros=1778663739.857767,level=20,name=hdl_global_localization.global_localization_node,msg=RANSAC : iteration:14095 matching_count:1358 error:0.160637 inlier:0.306006
183.873,ros=1778663739.857843,level=20,name=hdl_global_localization.global_localization_node,msg=RANSAC : iteration:14162 matching_count:1362 error:0.163318 inlier:0.604862
183.874,ros=1778663739.857650,level=20,name=hdl_global_localization.global_localization_node,msg=RANSAC : iteration:14061 matching_count:1352 error:0.160513 inlier:0.612011
183.874,ros=1778663739.856641,level=20,name=hdl_global_localization.global_localization_node,msg=RANSAC : iteration:13669 matching_count:1314 error:0.157231 inlier:0.493327
183.874,ros=1778663739.857947,level=20,name=hdl_global_localization.global_localization_node,msg=RANSAC : iteration:14192 matching_count:1367 error:0.159249 inlier:0.70877
183.874,ros=1778663739.857947,level=20,name=hdl_global_localization.global_localization_node,msg=RANSAC : iteration:14192 matching_count:1367 error:0.159045 inlier:0.362726
183.874,ros=1778663739.857613,level=20,name=hdl_global_localization.global_localization_node,msg=RANSAC : iteration:13986 matching_count:1348 error:0.162586 inlier:0.471401
183.875,ros=1778663739.858086,level=20,name=hdl_global_localization.global_localization_node,msg=RANSAC : iteration:14239 matching_count:1373 error:0.159078 inlier:0.56244
183.875,ros=1778663739.858099,level=20,name=hdl_global_localization.global_localization_node,msg=RANSAC : iteration:14244 matching_count:1374 error:0.160609 inlier:0.702097
183.875,ros=1778663739.858129,level=20,name=hdl_global_localization.global_localization_node,msg=RANSAC : iteration:14252 matching_count:1376 error:0.155953 inlier:0.534795
183.875,ros=1778663739.858153,level=20,name=hdl_global_localization.global_localization_node,msg=RANSAC : iteration:14259 matching_count:1377 error:0.157953 inlier:0.478074
183.875,ros=1778663739.858186,level=20,name=hdl_global_localization.global_localization_node,msg=RANSAC : iteration:14270 matching_count:1378 error:0.170556 inlier:0.295043
183.875,ros=1778663739.858231,level=20,name=hdl_global_localization.global_localization_node,msg=RANSAC : iteration:14295 matching_count:1379 error:0.156977 inlier:0.510486
183.876,ros=1778663739.857455,level=20,name=hdl_global_localization.global_localization_node,msg=RANSAC : iteration:13929 matching_count:1343 error:0.158141 inlier:0.759295
183.876,ros=1778663739.858254,level=20,name=hdl_global_localization.global_localization_node,msg=RANSAC : iteration:14297 matching_count:1380 error:0.15323 inlier:0.234032
183.876,ros=1778663739.858019,level=20,name=hdl_global_localization.global_localization_node,msg=RANSAC : iteration:14214 matching_count:1370 error:0.157 inlier:0.424214
183.876,ros=1778663739.858023,level=20,name=hdl_global_localization.global_localization_node,msg=RANSAC : iteration:14214 matching_count:1370 error:0.150639 inlier:0.424214
183.876,ros=1778663739.858352,level=20,name=hdl_global_localization.global_localization_node,msg=RANSAC : iteration:14346 matching_count:1384 error:0.152124 inlier:0.295043
183.877,ros=1778663739.858389,level=20,name=hdl_global_localization.global_localization_node,msg=RANSAC : iteration:14350 matching_count:1386 error:0.15596 inlier:0.451382
183.877,ros=1778663739.856885,level=20,name=hdl_global_localization.global_localization_node,msg=RANSAC : iteration:13749 matching_count:1321 error:0.156515 inlier:0.439943
183.877,ros=1778663739.858437,level=20,name=hdl_global_localization.global_localization_node,msg=RANSAC : iteration:14370 matching_count:1388 error:0.164493 inlier:0.387989
183.877,ros=1778663739.858450,level=20,name=hdl_global_localization.global_localization_node,msg=RANSAC : iteration:14376 matching_count:1389 error:0.159173 inlier:0.488561
183.878,ros=1778663739.858487,level=20,name=hdl_global_localization.global_localization_node,msg=RANSAC : iteration:14388 matching_count:1390 error:0.16277 inlier:0.362726
183.878,ros=1778663739.858160,level=20,name=hdl_global_localization.global_localization_node,msg=RANSAC : iteration:14259 matching_count:1377 error:0.156704 inlier:0.375596
183.878,ros=1778663739.858554,level=20,name=hdl_global_localization.global_localization_node,msg=RANSAC : iteration:14408 matching_count:1392 error:0.16261 inlier:0.506673
183.878,ros=1778663739.858588,level=20,name=hdl_global_localization.global_localization_node,msg=RANSAC : iteration:14422 matching_count:1393 error:0.16414 inlier:0.623451
183.878,ros=1778663739.858238,level=20,name=hdl_global_localization.global_localization_node,msg=RANSAC : iteration:14295 matching_count:1379 error:0.156713 inlier:0.412774
183.878,ros=1778663739.858660,level=20,name=hdl_global_localization.global_localization_node,msg=RANSAC : iteration:14467 matching_count:1395 error:0.160561 inlier:0.363203
183.879,ros=1778663739.858668,level=20,name=hdl_global_localization.global_localization_node,msg=RANSAC : iteration:14477 matching_count:1395 error:0.16228 inlier:0.241182
183.879,ros=1778663739.858692,level=20,name=hdl_global_localization.global_localization_node,msg=RANSAC : iteration:14488 matching_count:1397 error:0.160856 inlier:0.764538
183.879,ros=1778663739.857954,level=20,name=hdl_global_localization.global_localization_node,msg=RANSAC : iteration:14192 matching_count:1367 error:0.160859 inlier:0.56244
183.879,ros=1778663739.858359,level=20,name=hdl_global_localization.global_localization_node,msg=RANSAC : iteration:14346 matching_count:1384 error:0.164987 inlier:0.770257
183.880,ros=1778663739.858233,level=20,name=hdl_global_localization.global_localization_node,msg=RANSAC : iteration:14295 matching_count:1379 error:0.158719 inlier:0.490467
183.880,ros=1778663739.858767,level=20,name=hdl_global_localization.global_localization_node,msg=RANSAC : iteration:14532 matching_count:1401 error:0.160538 inlier:0.626787
183.880,ros=1778663739.858798,level=20,name=hdl_global_localization.global_localization_node,msg=RANSAC : iteration:14586 matching_count:1403 error:0.158551 inlier:0.519542
183.880,ros=1778663739.858825,level=20,name=hdl_global_localization.global_localization_node,msg=RANSAC : iteration:14588 matching_count:1404 error:0.161563 inlier:0.586273
183.880,ros=1778663739.858838,level=20,name=hdl_global_localization.global_localization_node,msg=RANSAC : iteration:14602 matching_count:1405 error:0.155214 inlier:0.537655
183.880,ros=1778663739.858852,level=20,name=hdl_global_localization.global_localization_node,msg=RANSAC : iteration:14619 matching_count:1406 error:0.16418 inlier:0.320782
183.881,ros=1778663739.858905,level=20,name=hdl_global_localization.global_localization_node,msg=RANSAC : iteration:14625 matching_count:1407 error:0.160786 inlier:0.538132
183.881,ros=1778663739.858921,level=20,name=hdl_global_localization.global_localization_node,msg=RANSAC : iteration:14632 matching_count:1408 error:0.159514 inlier:0.122021
184.188,ros=1778663739.858927,level=20,name=hdl_global_localization.global_localization_node,msg=RANSAC : iteration:14632 matching_count:1408 error:0.160359 inlier:0.358913
184.188,ros=1778663739.857247,level=20,name=hdl_global_localization.global_localization_node,msg=RANSAC : iteration:13855 matching_count:1335 error:0.158299 inlier:0.510963
184.188,ros=1778663739.857953,level=20,name=hdl_global_localization.global_localization_node,msg=RANSAC : iteration:14192 matching_count:1367 error:0.15952 inlier:0.626787
184.189,ros=1778663739.859021,level=20,name=hdl_global_localization.global_localization_node,msg=RANSAC : iteration:14668 matching_count:1412 error:0.159089 inlier:0.71878
184.189,ros=1778663739.859038,level=20,name=hdl_global_localization.global_localization_node,msg=RANSAC : iteration:14681 matching_count:1413 error:0.157233 inlier:0.516683
184.189,ros=1778663739.858934,level=20,name=hdl_global_localization.global_localization_node,msg=RANSAC : iteration:14640 matching_count:1409 error:0.158866 inlier:0.290753
184.189,ros=1778663739.858524,level=20,name=hdl_global_localization.global_localization_node,msg=RANSAC : iteration:14392 matching_count:1391 error:0.158926 inlier:0.372736
184.189,ros=1778663739.858954,level=20,name=hdl_global_localization.global_localization_node,msg=RANSAC : iteration:14650 matching_count:1411 error:0.15999 inlier:0.624404
184.190,ros=1778663739.858082,level=20,name=hdl_global_localization.global_localization_node,msg=RANSAC : iteration:14239 matching_count:1373 error:0.164321 inlier:0.3551
184.190,ros=1778663739.859111,level=20,name=hdl_global_localization.global_localization_node,msg=RANSAC : iteration:14708 matching_count:1416 error:0.15502 inlier:0.781697
184.190,ros=1778663739.858534,level=20,name=hdl_global_localization.global_localization_node,msg=RANSAC : iteration:14407 matching_count:1392 error:0.164292 inlier:0.43327
184.190,ros=1778663739.859149,level=20,name=hdl_global_localization.global_localization_node,msg=RANSAC : iteration:14734 matching_count:1417 error:0.154088 inlier:0.408484
184.190,ros=1778663739.859158,level=20,name=hdl_global_localization.global_localization_node,msg=RANSAC : iteration:14749 matching_count:1417 error:0.159222 inlier:0.375119
184.191,ros=1778663739.859178,level=20,name=hdl_global_localization.global_localization_node,msg=RANSAC : iteration:14786 matching_count:1419 error:0.160328 inlier:0.390372
184.191,ros=1778663739.859225,level=20,name=hdl_global_localization.global_localization_node,msg=RANSAC : iteration:14801 matching_count:1420 error:0.1607 inlier:0.551478
184.191,ros=1778663739.859257,level=20,name=hdl_global_localization.global_localization_node,msg=RANSAC : iteration:14804 matching_count:1421 error:0.157682 inlier:0.456625
184.191,ros=1778663739.859275,level=20,name=hdl_global_localization.global_localization_node,msg=RANSAC : iteration:14821 matching_count:1423 error:0.162014 inlier:0.501907
184.191,ros=1778663739.858356,level=20,name=hdl_global_localization.global_localization_node,msg=RANSAC : iteration:14346 matching_count:1384 error:0.161892 inlier:0.488561
184.191,ros=1778663739.859260,level=20,name=hdl_global_localization.global_localization_node,msg=RANSAC : iteration:14804 matching_count:1421 error:0.169604 inlier:0.491897
184.193,ros=1778663739.859039,level=20,name=hdl_global_localization.global_localization_node,msg=RANSAC : iteration:14681 matching_count:1413 error:0.159963 inlier:0.619638
184.193,ros=1778663739.859357,level=20,name=hdl_global_localization.global_localization_node,msg=RANSAC : iteration:14847 matching_count:1427 error:0.156885 inlier:0.71878
184.193,ros=1778663739.858843,level=20,name=hdl_global_localization.global_localization_node,msg=RANSAC : iteration:14602 matching_count:1405 error:0.159727 inlier:0.304099
184.193,ros=1778663739.859385,level=20,name=hdl_global_localization.global_localization_node,msg=RANSAC : iteration:14851 matching_count:1428 error:0.163309 inlier:0.7102
184.193,ros=1778663739.859390,level=20,name=hdl_global_localization.global_localization_node,msg=RANSAC : iteration:14859 matching_count:1429 error:0.157146 inlier:0.473308
184.194,ros=1778663739.859413,level=20,name=hdl_global_localization.global_localization_node,msg=RANSAC : iteration:14883 matching_count:1431 error:0.160307 inlier:0.386559
184.194,ros=1778663739.859283,level=20,name=hdl_global_localization.global_localization_node,msg=RANSAC : iteration:14821 matching_count:1423 error:0.161716 inlier:0.621544
184.194,ros=1778663739.859455,level=20,name=hdl_global_localization.global_localization_node,msg=RANSAC : iteration:14898 matching_count:1434 error:0.168757 inlier:0.379886
184.194,ros=1778663739.859490,level=20,name=hdl_global_localization.global_localization_node,msg=RANSAC : iteration:14900 matching_count:1435 error:0.157697 inlier:0.42755
184.194,ros=1778663739.859515,level=20,name=hdl_global_localization.global_localization_node,msg=RANSAC : iteration:14903 matching_count:1436 error:0.160623 inlier:0.577216
184.195,ros=1778663739.859541,level=20,name=hdl_global_localization.global_localization_node,msg=RANSAC : iteration:14907 matching_count:1437 error:0.154763 inlier:0.301239
184.195,ros=1778663739.859573,level=20,name=hdl_global_localization.global_localization_node,msg=RANSAC : iteration:14913 matching_count:1438 error:0.157847 inlier:0.363203
184.195,ros=1778663739.859583,level=20,name=hdl_global_localization.global_localization_node,msg=RANSAC : iteration:14917 matching_count:1439 error:0.162193 inlier:0.591039
184.195,ros=1778663739.859613,level=20,name=hdl_global_localization.global_localization_node,msg=RANSAC : iteration:14918 matching_count:1440 error:0.162602 inlier:0.612488
184.195,ros=1778663739.859621,level=20,name=hdl_global_localization.global_localization_node,msg=RANSAC : iteration:14919 matching_count:1440 error:0.155564 inlier:0.486177
184.196,ros=1778663739.859673,level=20,name=hdl_global_localization.global_localization_node,msg=RANSAC : iteration:14945 matching_count:1442 error:0.163569 inlier:0.345091
184.196,ros=1778663739.859679,level=20,name=hdl_global_localization.global_localization_node,msg=RANSAC : iteration:14945 matching_count:1442 error:0.158977 inlier:0.299809
184.196,ros=1778663739.858622,level=20,name=hdl_global_localization.global_localization_node,msg=RANSAC : iteration:14434 matching_count:1394 error:0.157928 inlier:0.254528
184.196,ros=1778663739.859717,level=20,name=hdl_global_localization.global_localization_node,msg=RANSAC : iteration:14983 matching_count:1445 error:0.162829 inlier:0.346997
184.196,ros=1778663739.859726,level=20,name=hdl_global_localization.global_localization_node,msg=RANSAC : iteration:14999 matching_count:1445 error:0.162255 inlier:0.297903
184.196,ros=1778663739.859515,level=20,name=hdl_global_localization.global_localization_node,msg=RANSAC : iteration:14903 matching_count:1436 error:0.162073 inlier:0.341754
184.197,ros=1778663739.859774,level=20,name=hdl_global_localization.global_localization_node,msg=RANSAC : iteration:15045 matching_count:1448 error:0.161856 inlier:0.687798
184.197,ros=1778663739.859821,level=20,name=hdl_global_localization.global_localization_node,msg=RANSAC : iteration:15047 matching_count:1449 error:0.161556 inlier:0.520019
184.197,ros=1778663739.859830,level=20,name=hdl_global_localization.global_localization_node,msg=RANSAC : iteration:15048 matching_count:1450 error:0.167675 inlier:0.553861
184.197,ros=1778663739.859848,level=20,name=hdl_global_localization.global_localization_node,msg=RANSAC : iteration:15053 matching_count:1451 error:0.161962 inlier:0.216397
184.197,ros=1778663739.859902,level=20,name=hdl_global_localization.global_localization_node,msg=RANSAC : iteration:15054 matching_count:1452 error:0.158124 inlier:0.537178
184.197,ros=1778663739.859921,level=20,name=hdl_global_localization.global_localization_node,msg=RANSAC : iteration:15065 matching_count:1453 error:0.154238 inlier:0.49428
184.198,ros=1778663739.859927,level=20,name=hdl_global_localization.global_localization_node,msg=RANSAC : iteration:15065 matching_count:1453 error:0.158946 inlier:0.642517
184.198,ros=1778663739.859119,level=20,name=hdl_global_localization.global_localization_node,msg=RANSAC : iteration:14708 matching_count:1416 error:0.16682 inlier:0.192088
184.200,ros=1778663739.859995,level=20,name=hdl_global_localization.global_localization_node,msg=RANSAC : iteration:15086 matching_count:1457 error:0.161006 inlier:0.759771
184.200,ros=1778663739.860017,level=20,name=hdl_global_localization.global_localization_node,msg=RANSAC : iteration:15098 matching_count:1458 error:0.157053 inlier:0.516683
184.201,ros=1778663739.860033,level=20,name=hdl_global_localization.global_localization_node,msg=RANSAC : iteration:15101 matching_count:1459 error:0.156781 inlier:0.442326
184.201,ros=1778663739.860039,level=20,name=hdl_global_localization.global_localization_node,msg=RANSAC : iteration:15101 matching_count:1459 error:0.155139 inlier:0.445186
184.201,ros=1778663739.860066,level=20,name=hdl_global_localization.global_localization_node,msg=RANSAC : iteration:15125 matching_count:1460 error:0.15593 inlier:0.42469
184.201,ros=1778663739.860097,level=20,name=hdl_global_localization.global_localization_node,msg=RANSAC : iteration:15128 matching_count:1461 error:0.162039 inlier:0.79123
184.201,ros=1778663739.860115,level=20,name=hdl_global_localization.global_localization_node,msg=RANSAC : iteration:15128 matching_count:1461 error:0.155339 inlier:0.29123
184.202,ros=1778663739.860383,level=20,name=hdl_global_localization.global_localization_node,msg=RANSAC : iteration:15167 matching_count:1464 error:0.158627 inlier:0.662059
184.202,ros=1778663739.860403,level=20,name=hdl_global_localization.global_localization_node,msg=RANSAC : iteration:15178 matching_count:1465 error:0.166489 inlier:0.252145
184.202,ros=1778663739.859545,level=20,name=hdl_global_localization.global_localization_node,msg=RANSAC : iteration:14907 matching_count:1437 error:0.162432 inlier:0.682078
184.202,ros=1778663739.858907,level=20,name=hdl_global_localization.global_localization_node,msg=RANSAC : iteration:14625 matching_count:1407 error:0.169903 inlier:0.295043
184.202,ros=1778663739.859413,level=20,name=hdl_global_localization.global_localization_node,msg=RANSAC : iteration:14883 matching_count:1431 error:0.156198 inlier:0.743565
184.202,ros=1778663739.860549,level=20,name=hdl_global_localization.global_localization_node,msg=RANSAC : iteration:15200 matching_count:1469 error:0.162799 inlier:0.432793
184.203,ros=1778663739.860581,level=20,name=hdl_global_localization.global_localization_node,msg=RANSAC : iteration:15206 matching_count:1470 error:0.158621 inlier:0.621544
184.203,ros=1778663739.858772,level=20,name=hdl_global_localization.global_localization_node,msg=RANSAC : iteration:14532 matching_count:1401 error:0.162325 inlier:0.449476
184.203,ros=1778663739.860155,level=20,name=hdl_global_localization.global_localization_node,msg=RANSAC : iteration:15128 matching_count:1461 error:0.15945 inlier:0.706864
184.203,ros=1778663739.859940,level=20,name=hdl_global_localization.global_localization_node,msg=RANSAC : iteration:15077 matching_count:1455 error:0.160446 inlier:0.273117
184.204,ros=1778663739.860688,level=20,name=hdl_global_localization.global_localization_node,msg=RANSAC : iteration:15233 matching_count:1474 error:0.160667 inlier:0.387989
184.204,ros=1778663739.860719,level=20,name=hdl_global_localization.global_localization_node,msg=RANSAC : iteration:15247 matching_count:1475 error:0.160649 inlier:0.337464
184.204,ros=1778663739.859834,level=20,name=hdl_global_localization.global_localization_node,msg=RANSAC : iteration:15048 matching_count:1450 error:0.161983 inlier:0.179695
184.204,ros=1778663739.860196,level=20,name=hdl_global_localization.global_localization_node,msg=RANSAC : iteration:15128 matching_count:1461 error:0.159324 inlier:0.748332
184.204,ros=1778663739.859933,level=20,name=hdl_global_localization.global_localization_node,msg=RANSAC : iteration:15066 matching_count:1454 error:0.161865 inlier:0.605338
184.204,ros=1778663739.860404,level=20,name=hdl_global_localization.global_localization_node,msg=RANSAC : iteration:15178 matching_count:1465 error:0.162851 inlier:0.42755
184.205,ros=1778663739.859682,level=20,name=hdl_global_localization.global_localization_node,msg=RANSAC : iteration:14947 matching_count:1443 error:0.158329 inlier:0.446139
184.205,ros=1778663739.860874,level=20,name=hdl_global_localization.global_localization_node,msg=RANSAC : iteration:15339 matching_count:1480 error:0.155938 inlier:0.463775
184.205,ros=1778663739.860894,level=20,name=hdl_global_localization.global_localization_node,msg=RANSAC : iteration:15342 matching_count:1481 error:0.157671 inlier:0.762631
184.205,ros=1778663739.860931,level=20,name=hdl_global_localization.global_localization_node,msg=RANSAC : iteration:15345 matching_count:1482 error:0.162152 inlier:0.456149
184.205,ros=1778663739.860968,level=20,name=hdl_global_localization.global_localization_node,msg=RANSAC : iteration:15346 matching_count:1483 error:0.161234 inlier:0.816492
184.206,ros=1778663739.860481,level=20,name=hdl_global_localization.global_localization_node,msg=RANSAC : iteration:15199 matching_count:1468 error:0.158758 inlier:0.461392
184.206,ros=1778663739.860585,level=20,name=hdl_global_localization.global_localization_node,msg=RANSAC : iteration:15206 matching_count:1470 error:0.157747 inlier:0.776454
184.206,ros=1778663739.860137,level=20,name=hdl_global_localization.global_localization_node,msg=RANSAC : iteration:15128 matching_count:1461 error:0.143627 inlier:0.654433
184.206,ros=1778663739.860601,level=20,name=hdl_global_localization.global_localization_node,msg=RANSAC : iteration:15214 matching_count:1471 error:0.155199 inlier:0.310772
184.206,ros=1778663739.861062,level=20,name=hdl_global_localization.global_localization_node,msg=RANSAC : iteration:15419 matching_count:1488 error:0.167105 inlier:0.740705
184.207,ros=1778663739.861092,level=20,name=hdl_global_localization.global_localization_node,msg=RANSAC : iteration:15425 matching_count:1490 error:0.160361 inlier:0.814585
184.207,ros=1778663739.861123,level=20,name=hdl_global_localization.global_localization_node,msg=RANSAC : iteration:15446 matching_count:1491 error:0.166219 inlier:0.214967
184.207,ros=1778663739.860726,level=20,name=hdl_global_localization.global_localization_node,msg=RANSAC : iteration:15247 matching_count:1475 error:0.159855 inlier:0.534318
184.207,ros=1778663739.860812,level=20,name=hdl_global_localization.global_localization_node,msg=RANSAC : iteration:15279 matching_count:1478 error:0.156884 inlier:0.773594
184.207,ros=1778663739.860813,level=20,name=hdl_global_localization.global_localization_node,msg=RANSAC : iteration:15279 matching_count:1478 error:0.158399 inlier:0.306482
184.208,ros=1778663739.859777,level=20,name=hdl_global_localization.global_localization_node,msg=RANSAC : iteration:15045 matching_count:1448 error:0.157073 inlier:0.179218
184.208,ros=1778663739.860720,level=20,name=hdl_global_localization.global_localization_node,msg=RANSAC : iteration:15247 matching_count:1475 error:0.16222 inlier:0.628694
184.208,ros=1778663739.861218,level=20,name=hdl_global_localization.global_localization_node,msg=RANSAC : iteration:15521 matching_count:1497 error:0.161334 inlier:0.620591
184.208,ros=1778663739.861250,level=20,name=hdl_global_localization.global_localization_node,msg=RANSAC : iteration:15527 matching_count:1498 error:0.162692 inlier:0.390372
184.208,ros=1778663739.861027,level=20,name=hdl_global_localization.global_localization_node,msg=RANSAC : iteration:15364 matching_count:1485 error:0.160232 inlier:0.660629
184.208,ros=1778663739.861284,level=20,name=hdl_global_localization.global_localization_node,msg=RANSAC : iteration:15560 matching_count:1500 error:0.160064 inlier:0.340324
184.209,ros=1778663739.861295,level=20,name=hdl_global_localization.global_localization_node,msg=RANSAC : iteration:15567 matching_count:1500 error:0.164459 inlier:0.289323
184.209,ros=1778663739.861319,level=20,name=hdl_global_localization.global_localization_node,msg=RANSAC : iteration:15580 matching_count:1502 error:0.171954 inlier:0.178265
184.522,ros=1778663739.861135,level=20,name=hdl_global_localization.global_localization_node,msg=RANSAC : iteration:15450 matching_count:1491 error:0.154422 inlier:0.36225
184.524,ros=1778663739.861349,level=20,name=hdl_global_localization.global_localization_node,msg=RANSAC : iteration:15597 matching_count:1503 error:0.160412 inlier:0.293613
184.524,ros=1778663739.861361,level=20,name=hdl_global_localization.global_localization_node,msg=RANSAC : iteration:15601 matching_count:1505 error:0.163781 inlier:0.115348
184.524,ros=1778663739.861188,level=20,name=hdl_global_localization.global_localization_node,msg=RANSAC : iteration:15473 matching_count:1495 error:0.158222 inlier:0.439943
184.525,ros=1778663739.861379,level=20,name=hdl_global_localization.global_localization_node,msg=RANSAC : iteration:15612 matching_count:1506 error:0.169664 inlier:0.790753
184.525,ros=1778663739.861419,level=20,name=hdl_global_localization.global_localization_node,msg=RANSAC : iteration:15635 matching_count:1508 error:0.161164 inlier:0.635367
184.525,ros=1778663739.861449,level=20,name=hdl_global_localization.global_localization_node,msg=RANSAC : iteration:15658 matching_count:1509 error:0.158098 inlier:0.50429
184.525,ros=1778663739.860976,level=20,name=hdl_global_localization.global_localization_node,msg=RANSAC : iteration:15346 matching_count:1483 error:0.156293 inlier:0.396092
184.526,ros=1778663739.861021,level=20,name=hdl_global_localization.global_localization_node,msg=RANSAC : iteration:15356 matching_count:1485 error:0.160581 inlier:0.767874
184.527,ros=1778663739.861167,level=20,name=hdl_global_localization.global_localization_node,msg=RANSAC : iteration:15470 matching_count:1494 error:0.155459 inlier:0.519542
184.527,ros=1778663739.861490,level=20,name=hdl_global_localization.global_localization_node,msg=RANSAC : iteration:15687 matching_count:1512 error:0.162832 inlier:0.456149
184.527,ros=1778663739.861527,level=20,name=hdl_global_localization.global_localization_node,msg=RANSAC : iteration:15720 matching_count:1514 error:0.160589 inlier:0.750715
184.528,ros=1778663739.861563,level=20,name=hdl_global_localization.global_localization_node,msg=RANSAC : iteration:15741 matching_count:1515 error:0.158902 inlier:0.582936
184.528,ros=1778663739.861575,level=20,name=hdl_global_localization.global_localization_node,msg=RANSAC : iteration:15752 matching_count:1515 error:0.157898 inlier:0.464728
184.529,ros=1778663739.861850,level=20,name=hdl_global_localization.global_localization_node,msg=RANSAC : iteration:15951 matching_count:1527 error:0.158979 inlier:0.314585
184.529,ros=1778663739.862143,level=20,name=hdl_global_localization.global_localization_node,msg=RANSAC : iteration:16110 matching_count:1540 error:0.158968 inlier:0.310296
184.529,ros=1778663739.864117,level=20,name=hdl_global_localization.global_localization_node,msg=RANSAC : iteration:16886 matching_count:1615 error:0.158252 inlier:0.647283
184.530,ros=1778663739.864851,level=20,name=hdl_global_localization.global_localization_node,msg=RANSAC : iteration:17082 matching_count:1642 error:0.156762 inlier:0.137274
184.530,ros=1778663739.864867,level=20,name=hdl_global_localization.global_localization_node,msg=RANSAC : iteration:17082 matching_count:1642 error:0.152379 inlier:0.107722
184.530,ros=1778663739.864909,level=20,name=hdl_global_localization.global_localization_node,msg=RANSAC : iteration:17096 matching_count:1644 error:0.164818 inlier:0.247855
184.531,ros=1778663739.864932,level=20,name=hdl_global_localization.global_localization_node,msg=RANSAC : iteration:17100 matching_count:1644 error:0.160622 inlier:0.56673
184.531,ros=1778663739.864949,level=20,name=hdl_global_localization.global_localization_node,msg=RANSAC : iteration:17124 matching_count:1645 error:0.1574 inlier:0.725929
184.532,ros=1778663739.864999,level=20,name=hdl_global_localization.global_localization_node,msg=RANSAC : iteration:17132 matching_count:1647 error:0.162207 inlier:0.511916
184.532,ros=1778663739.865045,level=20,name=hdl_global_localization.global_localization_node,msg=RANSAC : iteration:17142 matching_count:1648 error:0.16181 inlier:0.369399
184.532,ros=1778663739.865067,level=20,name=hdl_global_localization.global_localization_node,msg=RANSAC : iteration:17160 matching_count:1649 error:0.164629 inlier:0.339847
184.532,ros=1778663739.869255,level=20,name=hdl_global_localization.global_localization_node,msg=RANSAC : iteration:18191 matching_count:1761 error:0.157045 inlier:0.783603
184.535,ros=1778663739.870349,level=20,name=hdl_global_localization.global_localization_node,msg=RANSAC : iteration:18620 matching_count:1803 error:0.157622 inlier:0.766444
184.539,ros=1778663739.870381,level=20,name=hdl_global_localization.global_localization_node,msg=RANSAC : iteration:18635 matching_count:1805 error:0.164206 inlier:0.29266
184.876,ros=1778663739.870390,level=20,name=hdl_global_localization.global_localization_node,msg=RANSAC : iteration:18635 matching_count:1805 error:0.159751 inlier:0.596759
184.876,ros=1778663739.870405,level=20,name=hdl_global_localization.global_localization_node,msg=RANSAC : iteration:18646 matching_count:1806 error:0.157157 inlier:0.301716
184.877,ros=1778663739.870419,level=20,name=hdl_global_localization.global_localization_node,msg=RANSAC : iteration:18651 matching_count:1808 error:0.158882 inlier:0.659676
184.877,ros=1778663739.870235,level=20,name=hdl_global_localization.global_localization_node,msg=RANSAC : iteration:18524 matching_count:1797 error:0.163421 inlier:0.0700667
184.877,ros=1778663739.869999,level=20,name=hdl_global_localization.global_localization_node,msg=RANSAC : iteration:18425 matching_count:1787 error:0.155247 inlier:0.505243
184.881,ros=1778663739.873636,level=20,name=hdl_global_localization.global_localization_node,msg=RANSAC : iteration:19796 matching_count:1917 error:0.152534 inlier:0.443756
184.884,ros=1778663739.873409,level=20,name=hdl_global_localization.global_localization_node,msg=RANSAC : iteration:19720 matching_count:1909 error:0.161965 inlier:0.648236
184.891,ros=1778663739.873735,level=20,name=hdl_global_localization.global_localization_node,msg=RANSAC : iteration:19871 matching_count:1922 error:0.170819 inlier:0.290753
184.900,ros=1778663739.873750,level=20,name=hdl_global_localization.global_localization_node,msg=RANSAC : iteration:19885 matching_count:1923 error:0.156538 inlier:0.35081
184.907,ros=1778663739.874034,level=20,name=hdl_global_localization.global_localization_node,msg=RANSAC : iteration:19982 matching_count:1933 error:0.161329 inlier:0.372736
184.931,ros=1778663739.873761,level=20,name=hdl_global_localization.global_localization_node,msg=RANSAC : iteration:19890 matching_count:1924 error:0.161309 inlier:0.790276
184.932,ros=1778663739.874130,level=20,name=hdl_global_localization.global_localization_node,msg=RANSAC : iteration:20041 matching_count:1936 error:0.158816 inlier:0.341277
184.933,ros=1778663739.874156,level=20,name=hdl_global_localization.global_localization_node,msg=RANSAC : iteration:20044 matching_count:1937 error:0.166491 inlier:0.324118
184.934,ros=1778663739.874168,level=20,name=hdl_global_localization.global_localization_node,msg=RANSAC : iteration:20045 matching_count:1937 error:0.151384 inlier:0.0662536
184.935,ros=1778663739.874194,level=20,name=hdl_global_localization.global_localization_node,msg=RANSAC : iteration:20055 matching_count:1938 error:0.162172 inlier:0.450429
184.936,ros=1778663739.873852,level=20,name=hdl_global_localization.global_localization_node,msg=RANSAC : iteration:19922 matching_count:1927 error:0.159986 inlier:0.591039
184.937,ros=1778663739.873616,level=20,name=hdl_global_localization.global_localization_node,msg=RANSAC : iteration:19777 matching_count:1916 error:0.157212 inlier:0.310772
184.937,ros=1778663739.873887,level=20,name=hdl_global_localization.global_localization_node,msg=RANSAC : iteration:19938 matching_count:1929 error:0.161788 inlier:0.751192
184.938,ros=1778663739.874328,level=20,name=hdl_global_localization.global_localization_node,msg=RANSAC : iteration:20084 matching_count:1943 error:0.151779 inlier:0.156339
184.939,ros=1778663739.874398,level=20,name=hdl_global_localization.global_localization_node,msg=RANSAC : iteration:20095 matching_count:1944 error:0.160994 inlier:0.629647
184.940,ros=1778663739.873580,level=20,name=hdl_global_localization.global_localization_node,msg=RANSAC : iteration:19777 matching_count:1915 error:0.160596 inlier:0.680648
184.941,ros=1778663739.874442,level=20,name=hdl_global_localization.global_localization_node,msg=RANSAC : iteration:20103 matching_count:1945 error:0.161305 inlier:0.530505
184.941,ros=1778663739.874466,level=20,name=hdl_global_localization.global_localization_node,msg=RANSAC : iteration:20114 matching_count:1947 error:0.15221 inlier:0.791706
184.942,ros=1778663739.874516,level=20,name=hdl_global_localization.global_localization_node,msg=RANSAC : iteration:20118 matching_count:1948 error:0.158125 inlier:0.237369
184.942,ros=1778663739.874539,level=20,name=hdl_global_localization.global_localization_node,msg=RANSAC : iteration:20159 matching_count:1949 error:0.154714 inlier:0.559104
184.942,ros=1778663739.874002,level=20,name=hdl_global_localization.global_localization_node,msg=RANSAC : iteration:19982 matching_count:1932 error:0.158352 inlier:0.519542
184.943,ros=1778663739.873761,level=20,name=hdl_global_localization.global_localization_node,msg=RANSAC : iteration:19890 matching_count:1924 error:0.162079 inlier:0.65062
184.943,ros=1778663739.874625,level=20,name=hdl_global_localization.global_localization_node,msg=RANSAC : iteration:20176 matching_count:1951 error:0.162272 inlier:0.27979
184.943,ros=1778663739.873852,level=20,name=hdl_global_localization.global_localization_node,msg=RANSAC : iteration:19922 matching_count:1927 error:0.1593 inlier:0.417541
184.943,ros=1778663739.874216,level=20,name=hdl_global_localization.global_localization_node,msg=RANSAC : iteration:20057 matching_count:1939 error:0.161832 inlier:0.459962
184.943,ros=1778663739.874263,level=20,name=hdl_global_localization.global_localization_node,msg=RANSAC : iteration:20075 matching_count:1940 error:0.158774 inlier:0.531459
184.944,ros=1778663739.874701,level=20,name=hdl_global_localization.global_localization_node,msg=RANSAC : iteration:20201 matching_count:1955 error:0.157478 inlier:0.305052
184.944,ros=1778663739.874719,level=20,name=hdl_global_localization.global_localization_node,msg=RANSAC : iteration:20227 matching_count:1957 error:0.151637 inlier:0.668732
184.944,ros=1778663739.874733,level=20,name=hdl_global_localization.global_localization_node,msg=RANSAC : iteration:20227 matching_count:1957 error:0.16001 inlier:0.28837
184.944,ros=1778663739.873916,level=20,name=hdl_global_localization.global_localization_node,msg=RANSAC : iteration:19953 matching_count:1929 error:0.159884 inlier:0.485224
184.945,ros=1778663739.873966,level=20,name=hdl_global_localization.global_localization_node,msg=RANSAC : iteration:19972 matching_count:1932 error:0.158524 inlier:0.451382
184.945,ros=1778663739.874548,level=20,name=hdl_global_localization.global_localization_node,msg=RANSAC : iteration:20159 matching_count:1949 error:0.153981 inlier:0.806959
184.945,ros=1778663739.873966,level=20,name=hdl_global_localization.global_localization_node,msg=RANSAC : iteration:19972 matching_count:1932 error:0.155411 inlier:0.63346
184.945,ros=1778663739.874570,level=20,name=hdl_global_localization.global_localization_node,msg=RANSAC : iteration:20164 matching_count:1950 error:0.159422 inlier:0.513346
184.946,ros=1778663739.873790,level=20,name=hdl_global_localization.global_localization_node,msg=RANSAC : iteration:19911 matching_count:1925 error:0.158687 inlier:0.36225
184.946,ros=1778663739.874651,level=20,name=hdl_global_localization.global_localization_node,msg=RANSAC : iteration:20183 matching_count:1953 error:0.166709 inlier:0.234986
184.946,ros=1778663739.874277,level=20,name=hdl_global_localization.global_localization_node,msg=RANSAC : iteration:20075 matching_count:1940 error:0.157608 inlier:0.680648
184.946,ros=1778663739.874288,level=20,name=hdl_global_localization.global_localization_node,msg=RANSAC : iteration:20077 matching_count:1941 error:0.145779 inlier:0.370829
184.947,ros=1778663739.874408,level=20,name=hdl_global_localization.global_localization_node,msg=RANSAC : iteration:20095 matching_count:1944 error:0.161484 inlier:0.331268
184.947,ros=1778663739.874758,level=20,name=hdl_global_localization.global_localization_node,msg=RANSAC : iteration:20252 matching_count:1959 error:0.162561 inlier:0.475214
184.947,ros=1778663739.874771,level=20,name=hdl_global_localization.global_localization_node,msg=RANSAC : iteration:20252 matching_count:1959 error:0.163436 inlier:0.556721
184.947,ros=1778663739.874805,level=20,name=hdl_global_localization.global_localization_node,msg=RANSAC : iteration:20252 matching_count:1959 error:0.159028 inlier:0.624404
184.947,ros=1778663739.874833,level=20,name=hdl_global_localization.global_localization_node,msg=RANSAC : iteration:20252 matching_count:1959 error:0.158417 inlier:0.3551
184.948,ros=1778663739.875217,level=20,name=hdl_global_localization.global_localization_node,msg=RANSAC : iteration:20358 matching_count:1972 error:0.156993 inlier:0.532888
184.948,ros=1778663739.874846,level=20,name=hdl_global_localization.global_localization_node,msg=RANSAC : iteration:20252 matching_count:1959 error:0.159525 inlier:0.58103
184.948,ros=1778663739.874947,level=20,name=hdl_global_localization.global_localization_node,msg=RANSAC : iteration:20314 matching_count:1963 error:0.163925 inlier:0.439466
184.949,ros=1778663739.874969,level=20,name=hdl_global_localization.global_localization_node,msg=RANSAC : iteration:20327 matching_count:1964 error:0.157406 inlier:0.550048
184.949,ros=1778663739.875032,level=20,name=hdl_global_localization.global_localization_node,msg=RANSAC : iteration:20334 matching_count:1967 error:0.158214 inlier:0.348904
184.949,ros=1778663739.875057,level=20,name=hdl_global_localization.global_localization_node,msg=RANSAC : iteration:20334 matching_count:1967 error:0.158483 inlier:0.621068
184.949,ros=1778663739.875064,level=20,name=hdl_global_localization.global_localization_node,msg=RANSAC : iteration:20334 matching_count:1967 error:0.16076 inlier:0.553861
184.949,ros=1778663739.875070,level=20,name=hdl_global_localization.global_localization_node,msg=RANSAC : iteration:20337 matching_count:1967 error:0.158104 inlier:0.595806
184.950,ros=1778663739.875139,level=20,name=hdl_global_localization.global_localization_node,msg=RANSAC : iteration:20345 matching_count:1970 error:0.158047 inlier:0.50429
184.950,ros=1778663739.875451,level=20,name=hdl_global_localization.global_localization_node,msg=RANSAC : iteration:20456 matching_count:1981 error:0.155824 inlier:0.426597
184.950,ros=1778663739.875197,level=20,name=hdl_global_localization.global_localization_node,msg=RANSAC : iteration:20348 matching_count:1971 error:0.163834 inlier:0.78837
184.950,ros=1778663739.875207,level=20,name=hdl_global_localization.global_localization_node,msg=RANSAC : iteration:20358 matching_count:1972 error:0.157784 inlier:0.355577
184.951,ros=1778663739.874840,level=20,name=hdl_global_localization.global_localization_node,msg=RANSAC : iteration:20252 matching_count:1959 error:0.163378 inlier:0.550524
184.953,ros=1778663739.875540,level=20,name=hdl_global_localization.global_localization_node,msg=RANSAC : iteration:20505 matching_count:1985 error:0.156245 inlier:0.701144
184.954,ros=1778663739.875552,level=20,name=hdl_global_localization.global_localization_node,msg=RANSAC : iteration:20551 matching_count:1986 error:0.161105 inlier:0.560534
184.954,ros=1778663739.875309,level=20,name=hdl_global_localization.global_localization_node,msg=RANSAC : iteration:20404 matching_count:1975 error:0.157987 inlier:0.730219
184.954,ros=1778663739.875327,level=20,name=hdl_global_localization.global_localization_node,msg=RANSAC : iteration:20414 matching_count:1976 error:0.158194 inlier:0.380362
184.955,ros=1778663739.875374,level=20,name=hdl_global_localization.global_localization_node,msg=RANSAC : iteration:20423 matching_count:1978 error:0.159498 inlier:0.626311
184.955,ros=1778663739.875643,level=20,name=hdl_global_localization.global_localization_node,msg=RANSAC : iteration:20621 matching_count:1990 error:0.158823 inlier:0.456149
184.955,ros=1778663739.875439,level=20,name=hdl_global_localization.global_localization_node,msg=RANSAC : iteration:20456 matching_count:1981 error:0.161743 inlier:0.519066
184.955,ros=1778663739.875160,level=20,name=hdl_global_localization.global_localization_node,msg=RANSAC : iteration:20345 matching_count:1970 error:0.16155 inlier:0.341754
184.956,ros=1778663739.875518,level=20,name=hdl_global_localization.global_localization_node,msg=RANSAC : iteration:20505 matching_count:1985 error:0.161265 inlier:0.759295
184.956,ros=1778663739.875527,level=20,name=hdl_global_localization.global_localization_node,msg=RANSAC : iteration:20505 matching_count:1985 error:0.160074 inlier:0.43899
184.956,ros=1778663739.875535,level=20,name=hdl_global_localization.global_localization_node,msg=RANSAC : iteration:20505 matching_count:1985 error:0.161206 inlier:0.50429
184.957,ros=1778663739.875297,level=20,name=hdl_global_localization.global_localization_node,msg=RANSAC : iteration:20404 matching_count:1975 error:0.156404 inlier:0.43613
184.957,ros=1778663739.875304,level=20,name=hdl_global_localization.global_localization_node,msg=RANSAC : iteration:20404 matching_count:1975 error:0.151703 inlier:0.560057
184.957,ros=1778663739.875578,level=20,name=hdl_global_localization.global_localization_node,msg=RANSAC : iteration:20590 matching_count:1988 error:0.157299 inlier:0.528122
184.958,ros=1778663739.875885,level=20,name=hdl_global_localization.global_localization_node,msg=RANSAC : iteration:20701 matching_count:2000 error:0.158465 inlier:0.580076
184.958,ros=1778663739.875898,level=20,name=hdl_global_localization.global_localization_node,msg=RANSAC : iteration:20701 matching_count:2000 error:0.160522 inlier:0.712583
184.958,ros=1778663739.875653,level=20,name=hdl_global_localization.global_localization_node,msg=RANSAC : iteration:20635 matching_count:1991 error:0.159881 inlier:0.463298
184.959,ros=1778663739.875936,level=20,name=hdl_global_localization.global_localization_node,msg=RANSAC : iteration:20710 matching_count:2001 error:0.162171 inlier:0.152526
184.959,ros=1778663739.875670,level=20,name=hdl_global_localization.global_localization_node,msg=RANSAC : iteration:20646 matching_count:1992 error:0.161963 inlier:0.838418
184.960,ros=1778663739.875725,level=20,name=hdl_global_localization.global_localization_node,msg=RANSAC : iteration:20656 matching_count:1994 error:0.160567 inlier:0.818875
184.960,ros=1778663739.875741,level=20,name=hdl_global_localization.global_localization_node,msg=RANSAC : iteration:20656 matching_count:1994 error:0.155975 inlier:0.627741
184.960,ros=1778663739.875790,level=20,name=hdl_global_localization.global_localization_node,msg=RANSAC : iteration:20665 matching_count:1996 error:0.158425 inlier:0.521926
184.963,ros=1778663739.875795,level=20,name=hdl_global_localization.global_localization_node,msg=RANSAC : iteration:20665 matching_count:1996 error:0.158815 inlier:0.35081
184.964,ros=1778663739.875809,level=20,name=hdl_global_localization.global_localization_node,msg=RANSAC : iteration:20667 matching_count:1997 error:0.160385 inlier:0.574357
184.964,ros=1778663739.875648,level=20,name=hdl_global_localization.global_localization_node,msg=RANSAC : iteration:20629 matching_count:1990 error:0.162106 inlier:0.781697
184.964,ros=1778663739.875419,level=20,name=hdl_global_localization.global_localization_node,msg=RANSAC : iteration:20445 matching_count:1979 error:0.158593 inlier:0.738799
184.964,ros=1778663739.875906,level=20,name=hdl_global_localization.global_localization_node,msg=RANSAC : iteration:20710 matching_count:2001 error:0.154486 inlier:0.404194
184.965,ros=1778663739.875922,level=20,name=hdl_global_localization.global_localization_node,msg=RANSAC : iteration:20710 matching_count:2001 error:0.166808 inlier:0.459009
184.965,ros=1778663739.875661,level=20,name=hdl_global_localization.global_localization_node,msg=RANSAC : iteration:20635 matching_count:1991 error:0.166287 inlier:0.400381
184.965,ros=1778663739.875977,level=20,name=hdl_global_localization.global_localization_node,msg=RANSAC : iteration:20710 matching_count:2001 error:0.164815 inlier:0.469495
184.966,ros=1778663739.875993,level=20,name=hdl_global_localization.global_localization_node,msg=RANSAC : iteration:20710 matching_count:2001 error:0.155757 inlier:0.647283
185.412,ros=1778663741.752100,level=20,name=hdl_global_localization.global_localization_node,msg=Query Global Localization
185.412,ros=1778663741.752410,level=20,name=hdl_global_localization.global_localization_node,msg=Normal Estimation: Radius(1)
185.412,ros=1778663741.753134,level=20,name=hdl_global_localization.global_localization_node,msg=FPFH Extraction: Search Radius(3)
185.415,ros=1778663739.877383,level=20,name=HdlLocalizationNodelet,msg=Global localization candidates: returned=10 requested=10 fitness_threshold=0.12 min_margin=0.1 query_points=18980
185.416,ros=1778663740.155274,level=20,name=HdlLocalizationNodelet,msg=Global localization candidate[0] trans=(6.07661, 5.93099, 0.176299) error=0.153198 inlier=0.920877 ndt_converged=1 ndt_fitness=0.693028
185.416,ros=1778663740.276406,level=20,name=HdlLocalizationNodelet,msg=Global localization candidate[1] trans=(1.89294, 12.8455, 0.929119) error=0.16018 inlier=0.916111 ndt_converged=1 ndt_fitness=0.407246
185.417,ros=1778663740.339149,level=20,name=HdlLocalizationNodelet,msg=Global localization candidate[2] trans=(-3.42726, 1.07677, 0.6711) error=0.163147 inlier=0.899905 ndt_converged=1 ndt_fitness=0.106547
185.417,ros=1778663740.537410,level=20,name=HdlLocalizationNodelet,msg=Global localization candidate[3] trans=(-1.93413, 8.09483, 0.534723) error=0.157669 inlier=0.897045 ndt_converged=1 ndt_fitness=0.794207
185.417,ros=1778663740.707582,level=20,name=HdlLocalizationNodelet,msg=Global localization candidate[4] trans=(-5.95595, -2.02276, 1.06092) error=0.160985 inlier=0.895138 ndt_converged=1 ndt_fitness=0.109564
185.418,ros=1778663740.863853,level=20,name=HdlLocalizationNodelet,msg=Global localization candidate[5] trans=(13.8974, 12.7246, 0.466718) error=0.159662 inlier=0.893708 ndt_converged=1 ndt_fitness=0.941635
185.418,ros=1778663741.013770,level=20,name=HdlLocalizationNodelet,msg=Global localization candidate[6] trans=(8.64992, 9.29068, 0.544128) error=0.156259 inlier=0.891325 ndt_converged=1 ndt_fitness=0.3766
185.419,ros=1778663741.094168,level=20,name=HdlLocalizationNodelet,msg=Global localization candidate[7] trans=(2.48773, 12.8632, 0.599781) error=0.158672 inlier=0.888465 ndt_converged=1 ndt_fitness=0.394268
185.419,ros=1778663741.316401,level=20,name=HdlLocalizationNodelet,msg=Global localization candidate[8] trans=(7.17395, 7.46677, 0.771902) error=0.154972 inlier=0.888465 ndt_converged=1 ndt_fitness=0.468405
185.419,ros=1778663741.507451,level=20,name=HdlLocalizationNodelet,msg=Global localization candidate[9] trans=(1.86439, 9.0361, -0.286875) error=0.155515 inlier=0.885605 ndt_converged=1 ndt_fitness=0.585046
185.419,ros=1778663741.507540,level=20,name=HdlLocalizationNodelet,msg=Best global localization candidate[2] fitness=0.106547 error=0.163147 inlier=0.899905 accepted_candidates=2
185.420,ros=1778663741.507550,level=20,name=HdlLocalizationNodelet,msg=Second global localization candidate[4] fitness=0.109564 margin=0.00301728
185.420,ros=1778663741.507558,level=30,name=HdlLocalizationNodelet,msg=reject global localization result: ambiguous fitness margin 0.00301728 < 0.1
185.420,ros=1778663741.507574,level=30,name=HdlLocalizationNodelet,msg=auto relocalize failed; call /relocalize after the scan is stable or set /initialpose manually
185.420,ros=1778663741.510149,level=30,name=HdlLocalizationNodelet,msg=waiting for initial pose input or global relocalization!!
185.421,ros=1778663741.516047,level=30,name=HdlLocalizationNodelet,msg=waiting for initial pose input or global relocalization!!
185.421,ros=1778663741.521844,level=30,name=HdlLocalizationNodelet,msg=waiting for initial pose input or global relocalization!!
185.422,ros=1778663741.529472,level=30,name=HdlLocalizationNodelet,msg=waiting for initial pose input or global relocalization!!
185.422,ros=1778663741.615072,level=30,name=HdlLocalizationNodelet,msg=waiting for initial pose input or global relocalization!!
185.422,ros=1778663741.718344,level=30,name=HdlLocalizationNodelet,msg=waiting for initial pose input or global relocalization!!
185.422,ros=1778663741.748135,level=20,name=HdlLocalizationNodelet,msg=auto relocalize on start
185.435,ros=1778663741.775089,level=20,name=hdl_global_localization.global_localization_node,msg=RANSAC : Precompute Nearest Features
185.477,ros=1778663741.814404,level=20,name=hdl_global_localization.global_localization_node,msg=RANSAC : Main Loop
185.477,ros=1778663741.814809,level=20,name=hdl_global_localization.global_localization_node,msg=RANSAC : iteration:77 matching_count:6 error:0.159524 inlier:0.681072
185.478,ros=1778663741.815141,level=20,name=hdl_global_localization.global_localization_node,msg=RANSAC : iteration:185 matching_count:19 error:0.162285 inlier:0.463895
185.478,ros=1778663741.815698,level=20,name=hdl_global_localization.global_localization_node,msg=RANSAC : iteration:315 matching_count:33 error:0.157335 inlier:0.531729
185.478,ros=1778663741.815322,level=20,name=hdl_global_localization.global_localization_node,msg=RANSAC : iteration:262 matching_count:25 error:0.159324 inlier:0.572757
185.478,ros=1778663741.816533,level=20,name=hdl_global_localization.global_localization_node,msg=RANSAC : iteration:553 matching_count:54 error:0.157462 inlier:0.615427
185.479,ros=1778663741.816910,level=30,name=HdlLocalizationNodelet,msg=waiting for initial pose input or global relocalization!!
185.479,ros=1778663741.816643,level=20,name=hdl_global_localization.global_localization_node,msg=RANSAC : iteration:596 matching_count:57 error:0.162839 inlier:0.535011
185.479,ros=1778663741.815953,level=20,name=hdl_global_localization.global_localization_node,msg=RANSAC : iteration:358 matching_count:39 error:0.159545 inlier:0.834245
185.479,ros=1778663741.816700,level=20,name=hdl_global_localization.global_localization_node,msg=RANSAC : iteration:605 matching_count:59 error:0.159078 inlier:0.459519
185.479,ros=1778663741.817042,level=20,name=hdl_global_localization.global_localization_node,msg=RANSAC : iteration:726 matching_count:71 error:0.15834 inlier:0.561816
185.480,ros=1778663741.816743,level=20,name=hdl_global_localization.global_localization_node,msg=RANSAC : iteration:620 matching_count:59 error:0.157493 inlier:0.502735
185.480,ros=1778663741.817118,level=20,name=hdl_global_localization.global_localization_node,msg=RANSAC : iteration:739 matching_count:74 error:0.157899 inlier:0.601204
185.480,ros=1778663741.817130,level=20,name=hdl_global_localization.global_localization_node,msg=RANSAC : iteration:739 matching_count:74 error:0.160371 inlier:0.415755
185.480,ros=1778663741.817160,level=20,name=hdl_global_localization.global_localization_node,msg=RANSAC : iteration:743 matching_count:76 error:0.159989 inlier:0.497265
185.481,ros=1778663741.817181,level=20,name=hdl_global_localization.global_localization_node,msg=RANSAC : iteration:746 matching_count:77 error:0.170609 inlier:0.633479
185.481,ros=1778663741.817221,level=20,name=hdl_global_localization.global_localization_node,msg=RANSAC : iteration:756 matching_count:78 error:0.162608 inlier:0.210613
185.481,ros=1778663741.816871,level=20,name=hdl_global_localization.global_localization_node,msg=RANSAC : iteration:660 matching_count:64 error:0.162572 inlier:0.222648
185.481,ros=1778663741.817247,level=20,name=hdl_global_localization.global_localization_node,msg=RANSAC : iteration:757 matching_count:79 error:0.158534 inlier:0.104486
185.481,ros=1778663741.817308,level=20,name=hdl_global_localization.global_localization_node,msg=RANSAC : iteration:776 matching_count:81 error:0.155601 inlier:0.863239
185.481,ros=1778663741.817321,level=20,name=hdl_global_localization.global_localization_node,msg=RANSAC : iteration:776 matching_count:81 error:0.157577 inlier:0.307987
185.482,ros=1778663741.816978,level=20,name=hdl_global_localization.global_localization_node,msg=RANSAC : iteration:688 matching_count:68 error:0.153529 inlier:0.88512
185.486,ros=1778663741.822052,level=20,name=hdl_global_localization.global_localization_node,msg=RANSAC : iteration:2280 matching_count:229 error:0.159641 inlier:0.275711
185.487,ros=1778663741.822660,level=20,name=hdl_global_localization.global_localization_node,msg=RANSAC : iteration:2421 matching_count:241 error:0.176771 inlier:0.071663
185.487,ros=1778663741.822910,level=20,name=hdl_global_localization.global_localization_node,msg=RANSAC : iteration:2480 matching_count:248 error:0.160527 inlier:0.608315
185.488,ros=1778663741.822312,level=20,name=hdl_global_localization.global_localization_node,msg=RANSAC : iteration:2315 matching_count:233 error:0.158349 inlier:0.373632
185.488,ros=1778663741.823295,level=20,name=hdl_global_localization.global_localization_node,msg=RANSAC : iteration:2550 matching_count:255 error:0.160704 inlier:0.410832
185.488,ros=1778663741.823366,level=20,name=hdl_global_localization.global_localization_node,msg=RANSAC : iteration:2568 matching_count:256 error:0.156455 inlier:0.474836
185.488,ros=1778663741.822281,level=20,name=hdl_global_localization.global_localization_node,msg=RANSAC : iteration:2315 matching_count:233 error:0.157029 inlier:0.537199
185.489,ros=1778663741.823235,level=20,name=hdl_global_localization.global_localization_node,msg=RANSAC : iteration:2532 matching_count:253 error:0.161711 inlier:0.597374
185.489,ros=1778663741.824990,level=20,name=hdl_global_localization.global_localization_node,msg=RANSAC : iteration:2914 matching_count:279 error:0.159327 inlier:0.44256
185.489,ros=1778663741.824911,level=20,name=hdl_global_localization.global_localization_node,msg=RANSAC : iteration:2858 matching_count:276 error:0.158943 inlier:0.532276
185.490,ros=1778663741.825127,level=20,name=hdl_global_localization.global_localization_node,msg=RANSAC : iteration:2987 matching_count:283 error:0.160511 inlier:0.798687
185.490,ros=1778663741.826196,level=20,name=hdl_global_localization.global_localization_node,msg=RANSAC : iteration:3248 matching_count:306 error:0.15567 inlier:0.177243
185.490,ros=1778663741.826149,level=20,name=hdl_global_localization.global_localization_node,msg=RANSAC : iteration:3240 matching_count:304 error:0.160047 inlier:0.388403
185.490,ros=1778663741.826796,level=20,name=hdl_global_localization.global_localization_node,msg=RANSAC : iteration:3385 matching_count:320 error:0.158408 inlier:0.419037
185.491,ros=1778663741.827139,level=20,name=hdl_global_localization.global_localization_node,msg=RANSAC : iteration:3495 matching_count:331 error:0.16904 inlier:0.504923
185.491,ros=1778663741.826460,level=20,name=hdl_global_localization.global_localization_node,msg=RANSAC : iteration:3289 matching_count:311 error:0.157431 inlier:0.317834
185.491,ros=1778663741.827229,level=20,name=hdl_global_localization.global_localization_node,msg=RANSAC : iteration:3523 matching_count:333 error:0.16104 inlier:0.381838
185.492,ros=1778663741.827281,level=20,name=hdl_global_localization.global_localization_node,msg=RANSAC : iteration:3528 matching_count:334 error:0.162297 inlier:0.554705
185.492,ros=1778663741.827310,level=20,name=hdl_global_localization.global_localization_node,msg=RANSAC : iteration:3532 matching_count:335 error:0.161709 inlier:0.758753
185.492,ros=1778663741.827909,level=20,name=hdl_global_localization.global_localization_node,msg=RANSAC : iteration:3622 matching_count:349 error:0.163769 inlier:0.251094
185.493,ros=1778663741.829118,level=20,name=hdl_global_localization.global_localization_node,msg=RANSAC : iteration:3803 matching_count:361 error:0.159268 inlier:0.469365
185.493,ros=1778663741.829537,level=20,name=hdl_global_localization.global_localization_node,msg=RANSAC : iteration:4005 matching_count:372 error:0.159796 inlier:0.533917
185.493,ros=1778663741.829798,level=20,name=hdl_global_localization.global_localization_node,msg=RANSAC : iteration:4112 matching_count:381 error:0.154933 inlier:0.0311816
185.494,ros=1778663741.830152,level=20,name=hdl_global_localization.global_localization_node,msg=RANSAC : iteration:4272 matching_count:393 error:0.162512 inlier:0.488512
185.494,ros=1778663741.830627,level=20,name=hdl_global_localization.global_localization_node,msg=RANSAC : iteration:4364 matching_count:404 error:0.15564 inlier:0.234683
185.495,ros=1778663741.831145,level=20,name=hdl_global_localization.global_localization_node,msg=RANSAC : iteration:4490 matching_count:419 error:0.15945 inlier:0.564004
185.495,ros=1778663741.831193,level=20,name=hdl_global_localization.global_localization_node,msg=RANSAC : iteration:4500 matching_count:420 error:0.163612 inlier:0.344639
185.496,ros=1778663741.831460,level=20,name=hdl_global_localization.global_localization_node,msg=RANSAC : iteration:4569 matching_count:427 error:0.163161 inlier:0.496718
185.496,ros=1778663741.832886,level=20,name=hdl_global_localization.global_localization_node,msg=RANSAC : iteration:4709 matching_count:439 error:0.160486 inlier:0.515317
185.497,ros=1778663741.833750,level=20,name=hdl_global_localization.global_localization_node,msg=RANSAC : iteration:5020 matching_count:471 error:0.167685 inlier:0.493982
185.497,ros=1778663741.834320,level=20,name=hdl_global_localization.global_localization_node,msg=RANSAC : iteration:5156 matching_count:484 error:0.160273 inlier:0.762582
185.497,ros=1778663741.834708,level=20,name=hdl_global_localization.global_localization_node,msg=RANSAC : iteration:5332 matching_count:498 error:0.15967 inlier:0.706783
185.498,ros=1778663741.835030,level=20,name=hdl_global_localization.global_localization_node,msg=RANSAC : iteration:5510 matching_count:510 error:0.157569 inlier:0.595733
185.498,ros=1778663741.834563,level=20,name=hdl_global_localization.global_localization_node,msg=RANSAC : iteration:5265 matching_count:491 error:0.155746 inlier:0.769694
185.498,ros=1778663741.835932,level=20,name=hdl_global_localization.global_localization_node,msg=RANSAC : iteration:5737 matching_count:528 error:0.162699 inlier:0.700766
185.498,ros=1778663741.836523,level=20,name=hdl_global_localization.global_localization_node,msg=RANSAC : iteration:5875 matching_count:538 error:0.15392 inlier:0.448578
185.499,ros=1778663741.836765,level=20,name=hdl_global_localization.global_localization_node,msg=RANSAC : iteration:6046 matching_count:549 error:0.15649 inlier:0.0886214
185.499,ros=1778663741.837079,level=20,name=hdl_global_localization.global_localization_node,msg=RANSAC : iteration:6206 matching_count:559 error:0.158831 inlier:0.415755
185.499,ros=1778663741.837362,level=20,name=hdl_global_localization.global_localization_node,msg=RANSAC : iteration:6289 matching_count:568 error:0.16127 inlier:0.721007
185.499,ros=1778663741.837482,level=20,name=hdl_global_localization.global_localization_node,msg=RANSAC : iteration:6356 matching_count:573 error:0.161382 inlier:0.639497
185.500,ros=1778663741.837009,level=20,name=hdl_global_localization.global_localization_node,msg=RANSAC : iteration:6130 matching_count:557 error:0.160979 inlier:0.56674
185.500,ros=1778663741.836646,level=20,name=hdl_global_localization.global_localization_node,msg=RANSAC : iteration:5943 matching_count:542 error:0.166298 inlier:0.306893
185.500,ros=1778663741.837529,level=20,name=hdl_global_localization.global_localization_node,msg=RANSAC : iteration:6382 matching_count:576 error:0.155267 inlier:0.509847
185.501,ros=1778663741.837491,level=20,name=hdl_global_localization.global_localization_node,msg=RANSAC : iteration:6362 matching_count:574 error:0.162134 inlier:0.633479
185.501,ros=1778663741.837957,level=20,name=hdl_global_localization.global_localization_node,msg=RANSAC : iteration:6556 matching_count:593 error:0.158134 inlier:0.670678
185.501,ros=1778663741.838135,level=20,name=hdl_global_localization.global_localization_node,msg=RANSAC : iteration:6636 matching_count:601 error:0.161707 inlier:0.682713
185.502,ros=1778663741.838104,level=20,name=hdl_global_localization.global_localization_node,msg=RANSAC : iteration:6595 matching_count:599 error:0.160936 inlier:0.751094
185.502,ros=1778663741.839057,level=20,name=hdl_global_localization.global_localization_node,msg=RANSAC : iteration:6959 matching_count:632 error:0.164421 inlier:0.700219
185.502,ros=1778663741.838702,level=20,name=hdl_global_localization.global_localization_node,msg=RANSAC : iteration:6830 matching_count:623 error:0.160159 inlier:0.559628
185.502,ros=1778663741.839103,level=20,name=hdl_global_localization.global_localization_node,msg=RANSAC : iteration:6969 matching_count:634 error:0.152879 inlier:0.606674
185.503,ros=1778663741.839298,level=20,name=hdl_global_localization.global_localization_node,msg=RANSAC : iteration:7015 matching_count:642 error:0.155878 inlier:0.113786
185.503,ros=1778663741.839288,level=20,name=hdl_global_localization.global_localization_node,msg=RANSAC : iteration:7012 matching_count:641 error:0.158756 inlier:0.595186
185.503,ros=1778663741.839883,level=20,name=hdl_global_localization.global_localization_node,msg=RANSAC : iteration:7310 matching_count:666 error:0.156009 inlier:0.524617
185.503,ros=1778663741.841511,level=20,name=hdl_global_localization.global_localization_node,msg=RANSAC : iteration:7545 matching_count:687 error:0.160614 inlier:0.308534
185.504,ros=1778663741.840050,level=20,name=hdl_global_localization.global_localization_node,msg=RANSAC : iteration:7427 matching_count:670 error:0.160939 inlier:0.769694
185.504,ros=1778663741.840191,level=20,name=hdl_global_localization.global_localization_node,msg=RANSAC : iteration:7460 matching_count:674 error:0.156682 inlier:0.358315
185.504,ros=1778663741.841562,level=20,name=hdl_global_localization.global_localization_node,msg=RANSAC : iteration:7589 matching_count:690 error:0.157477 inlier:0.593545
185.504,ros=1778663741.841594,level=20,name=hdl_global_localization.global_localization_node,msg=RANSAC : iteration:7611 matching_count:692 error:0.162594 inlier:0.599562
185.508,ros=1778663741.843713,level=20,name=hdl_global_localization.global_localization_node,msg=RANSAC : iteration:8580 matching_count:770 error:0.148298 inlier:0.392779
185.509,ros=1778663741.843733,level=20,name=hdl_global_localization.global_localization_node,msg=RANSAC : iteration:8594 matching_count:772 error:0.155288 inlier:0.657549
185.509,ros=1778663741.843498,level=20,name=hdl_global_localization.global_localization_node,msg=RANSAC : iteration:8338 matching_count:759 error:0.162226 inlier:0.723195
185.509,ros=1778663741.847275,level=20,name=hdl_global_localization.global_localization_node,msg=RANSAC : iteration:9519 matching_count:839 error:0.157381 inlier:0.377462
185.510,ros=1778663741.847350,level=20,name=hdl_global_localization.global_localization_node,msg=RANSAC : iteration:9578 matching_count:841 error:0.158678 inlier:0.269147
185.510,ros=1778663741.847384,level=20,name=hdl_global_localization.global_localization_node,msg=RANSAC : iteration:9584 matching_count:842 error:0.159049 inlier:0.519694
185.510,ros=1778663741.847931,level=20,name=hdl_global_localization.global_localization_node,msg=RANSAC : iteration:9780 matching_count:858 error:0.160224 inlier:0.353392
185.511,ros=1778663741.848495,level=20,name=hdl_global_localization.global_localization_node,msg=RANSAC : iteration:9940 matching_count:878 error:0.161846 inlier:0.219365
185.511,ros=1778663741.848632,level=20,name=hdl_global_localization.global_localization_node,msg=RANSAC : iteration:10013 matching_count:884 error:0.152239 inlier:0.595186
185.512,ros=1778663741.848679,level=20,name=hdl_global_localization.global_localization_node,msg=RANSAC : iteration:10052 matching_count:886 error:0.16176 inlier:0.485777
185.512,ros=1778663741.848885,level=20,name=hdl_global_localization.global_localization_node,msg=RANSAC : iteration:10108 matching_count:894 error:0.161423 inlier:0.570569
185.512,ros=1778663741.848990,level=20,name=hdl_global_localization.global_localization_node,msg=RANSAC : iteration:10126 matching_count:899 error:0.16394 inlier:0.362144
185.512,ros=1778663741.849132,level=20,name=hdl_global_localization.global_localization_node,msg=RANSAC : iteration:10152 matching_count:904 error:0.15558 inlier:0.42779
185.513,ros=1778663741.849148,level=20,name=hdl_global_localization.global_localization_node,msg=RANSAC : iteration:10164 matching_count:905 error:0.162919 inlier:0.554158
185.513,ros=1778663741.849380,level=20,name=hdl_global_localization.global_localization_node,msg=RANSAC : iteration:10271 matching_count:914 error:0.158932 inlier:0.636214
185.513,ros=1778663741.849477,level=20,name=hdl_global_localization.global_localization_node,msg=RANSAC : iteration:10298 matching_count:916 error:0.166103 inlier:0.217177
185.514,ros=1778663741.850046,level=20,name=hdl_global_localization.global_localization_node,msg=RANSAC : iteration:10420 matching_count:930 error:0.171919 inlier:0.224836
185.514,ros=1778663741.849856,level=20,name=hdl_global_localization.global_localization_node,msg=RANSAC : iteration:10361 matching_count:923 error:0.160642 inlier:0.719365
185.514,ros=1778663741.850193,level=20,name=hdl_global_localization.global_localization_node,msg=RANSAC : iteration:10473 matching_count:936 error:0.155345 inlier:0.695842
185.514,ros=1778663741.850959,level=20,name=hdl_global_localization.global_localization_node,msg=RANSAC : iteration:10632 matching_count:953 error:0.157239 inlier:0.820022
185.515,ros=1778663741.850141,level=20,name=hdl_global_localization.global_localization_node,msg=RANSAC : iteration:10437 matching_count:933 error:0.159887 inlier:0.523523
185.515,ros=1778663741.851113,level=20,name=hdl_global_localization.global_localization_node,msg=RANSAC : iteration:10717 matching_count:959 error:0.161015 inlier:0.323851
185.515,ros=1778663741.851374,level=20,name=hdl_global_localization.global_localization_node,msg=RANSAC : iteration:10929 matching_count:972 error:0.160523 inlier:0.486324
185.515,ros=1778663741.851426,level=20,name=hdl_global_localization.global_localization_node,msg=RANSAC : iteration:10964 matching_count:974 error:0.159579 inlier:0.444201
185.516,ros=1778663741.851688,level=20,name=hdl_global_localization.global_localization_node,msg=RANSAC : iteration:11048 matching_count:981 error:0.164316 inlier:0.486871
185.516,ros=1778663741.853555,level=20,name=hdl_global_localization.global_localization_node,msg=RANSAC : iteration:11305 matching_count:1011 error:0.122907 inlier:0.141685
185.517,ros=1778663741.853459,level=20,name=hdl_global_localization.global_localization_node,msg=RANSAC : iteration:11302 matching_count:1009 error:0.158403 inlier:0.369803
185.517,ros=1778663741.853929,level=20,name=hdl_global_localization.global_localization_node,msg=RANSAC : iteration:11415 matching_count:1018 error:0.16424 inlier:0.178884
185.517,ros=1778663741.854773,level=20,name=hdl_global_localization.global_localization_node,msg=RANSAC : iteration:11858 matching_count:1043 error:0.154813 inlier:0.486871
185.517,ros=1778663741.854853,level=20,name=hdl_global_localization.global_localization_node,msg=RANSAC : iteration:11873 matching_count:1045 error:0.148587 inlier:0.526258
185.518,ros=1778663741.855170,level=20,name=hdl_global_localization.global_localization_node,msg=RANSAC : iteration:11939 matching_count:1053 error:0.166229 inlier:0.256565
185.518,ros=1778663741.855513,level=20,name=hdl_global_localization.global_localization_node,msg=RANSAC : iteration:12047 matching_count:1061 error:0.15942 inlier:0.401532
185.518,ros=1778663741.856520,level=20,name=hdl_global_localization.global_localization_node,msg=RANSAC : iteration:12495 matching_count:1093 error:0.156963 inlier:0.613786
185.518,ros=1778663741.855713,level=20,name=hdl_global_localization.global_localization_node,msg=RANSAC : iteration:12144 matching_count:1068 error:0.165258 inlier:0.141685
185.519,ros=1778663741.856960,level=20,name=hdl_global_localization.global_localization_node,msg=RANSAC : iteration:12739 matching_count:1109 error:0.156219 inlier:0.75
185.519,ros=1778663741.857202,level=20,name=hdl_global_localization.global_localization_node,msg=RANSAC : iteration:12815 matching_count:1115 error:0.157962 inlier:0.556893
185.519,ros=1778663741.857565,level=20,name=hdl_global_localization.global_localization_node,msg=RANSAC : iteration:13001 matching_count:1129 error:0.160491 inlier:0.411926
185.520,ros=1778663741.857041,level=20,name=hdl_global_localization.global_localization_node,msg=RANSAC : iteration:12762 matching_count:1111 error:0.160517 inlier:0.900985
185.520,ros=1778663741.858143,level=20,name=hdl_global_localization.global_localization_node,msg=RANSAC : iteration:13257 matching_count:1153 error:0.161353 inlier:0.522976
185.520,ros=1778663741.858614,level=20,name=hdl_global_localization.global_localization_node,msg=RANSAC : iteration:13597 matching_count:1176 error:0.15877 inlier:0.856127
185.521,ros=1778663741.858505,level=20,name=hdl_global_localization.global_localization_node,msg=RANSAC : iteration:13567 matching_count:1172 error:0.159158 inlier:0.526258
185.521,ros=1778663741.858790,level=20,name=hdl_global_localization.global_localization_node,msg=RANSAC : iteration:13668 matching_count:1184 error:0.154933 inlier:0.36105
185.522,ros=1778663741.859006,level=20,name=hdl_global_localization.global_localization_node,msg=RANSAC : iteration:13737 matching_count:1193 error:0.158878 inlier:0.270788
185.522,ros=1778663741.859227,level=20,name=hdl_global_localization.global_localization_node,msg=RANSAC : iteration:13859 matching_count:1203 error:0.161143 inlier:0.587527
185.522,ros=1778663741.859749,level=20,name=hdl_global_localization.global_localization_node,msg=RANSAC : iteration:14010 matching_count:1216 error:0.155062 inlier:0.307987
185.522,ros=1778663741.860056,level=20,name=hdl_global_localization.global_localization_node,msg=RANSAC : iteration:14127 matching_count:1229 error:0.154804 inlier:0.648249
185.523,ros=1778663741.860579,level=20,name=hdl_global_localization.global_localization_node,msg=RANSAC : iteration:14314 matching_count:1250 error:0.160323 inlier:0.301422
185.523,ros=1778663741.860089,level=20,name=hdl_global_localization.global_localization_node,msg=RANSAC : iteration:14127 matching_count:1229 error:0.161017 inlier:0.124179
185.523,ros=1778663741.860160,level=20,name=hdl_global_localization.global_localization_node,msg=RANSAC : iteration:14150 matching_count:1232 error:0.159804 inlier:0.345733
185.523,ros=1778663741.860508,level=20,name=hdl_global_localization.global_localization_node,msg=RANSAC : iteration:14300 matching_count:1247 error:0.161059 inlier:0.477571
185.524,ros=1778663741.860768,level=20,name=hdl_global_localization.global_localization_node,msg=RANSAC : iteration:14400 matching_count:1258 error:0.162033 inlier:0.405908
185.524,ros=1778663741.860794,level=20,name=hdl_global_localization.global_localization_node,msg=RANSAC : iteration:14413 matching_count:1260 error:0.16158 inlier:0.419584
185.524,ros=1778663741.860811,level=20,name=hdl_global_localization.global_localization_node,msg=RANSAC : iteration:14413 matching_count:1260 error:0.154635 inlier:0.259847
185.525,ros=1778663741.860584,level=20,name=hdl_global_localization.global_localization_node,msg=RANSAC : iteration:14314 matching_count:1250 error:0.158936 inlier:0.810175
185.525,ros=1778663741.860602,level=20,name=hdl_global_localization.global_localization_node,msg=RANSAC : iteration:14334 matching_count:1251 error:0.171872 inlier:0.323851
185.525,ros=1778663741.861842,level=20,name=hdl_global_localization.global_localization_node,msg=RANSAC : iteration:14733 matching_count:1294 error:0.157744 inlier:0.733042
185.525,ros=1778663741.862501,level=20,name=hdl_global_localization.global_localization_node,msg=RANSAC : iteration:14960 matching_count:1312 error:0.158639 inlier:0.356674
185.526,ros=1778663741.862281,level=20,name=hdl_global_localization.global_localization_node,msg=RANSAC : iteration:14879 matching_count:1304 error:0.164003 inlier:0.706783
185.526,ros=1778663741.862520,level=20,name=hdl_global_localization.global_localization_node,msg=RANSAC : iteration:15004 matching_count:1314 error:0.158519 inlier:0.269147
185.526,ros=1778663741.862588,level=20,name=hdl_global_localization.global_localization_node,msg=RANSAC : iteration:15032 matching_count:1317 error:0.157801 inlier:0.180525
185.527,ros=1778663741.862750,level=20,name=hdl_global_localization.global_localization_node,msg=RANSAC : iteration:15060 matching_count:1323 error:0.168722 inlier:0.0322757
185.527,ros=1778663741.863082,level=20,name=hdl_global_localization.global_localization_node,msg=RANSAC : iteration:15223 matching_count:1336 error:0.158434 inlier:0.714442
185.527,ros=1778663741.862875,level=20,name=hdl_global_localization.global_localization_node,msg=RANSAC : iteration:15095 matching_count:1327 error:0.161444 inlier:0.35558
185.528,ros=1778663741.863011,level=20,name=hdl_global_localization.global_localization_node,msg=RANSAC : iteration:15183 matching_count:1334 error:0.162955 inlier:0.395514
185.528,ros=1778663741.862748,level=20,name=hdl_global_localization.global_localization_node,msg=RANSAC : iteration:15060 matching_count:1323 error:0.159829 inlier:0.673414
185.528,ros=1778663741.862828,level=20,name=hdl_global_localization.global_localization_node,msg=RANSAC : iteration:15095 matching_count:1327 error:0.16423 inlier:0.430525
185.528,ros=1778663741.863259,level=20,name=hdl_global_localization.global_localization_node,msg=RANSAC : iteration:15321 matching_count:1345 error:0.16163 inlier:0.563457
185.529,ros=1778663741.863884,level=20,name=hdl_global_localization.global_localization_node,msg=RANSAC : iteration:15426 matching_count:1359 error:0.160627 inlier:0.471554
185.529,ros=1778663741.863947,level=20,name=hdl_global_localization.global_localization_node,msg=RANSAC : iteration:15437 matching_count:1360 error:0.161087 inlier:0.525164
185.529,ros=1778663741.864529,level=20,name=hdl_global_localization.global_localization_node,msg=RANSAC : iteration:15577 matching_count:1374 error:0.155678 inlier:0.753282
185.529,ros=1778663741.864600,level=20,name=hdl_global_localization.global_localization_node,msg=RANSAC : iteration:15605 matching_count:1376 error:0.158121 inlier:0.839716
185.530,ros=1778663741.864625,level=20,name=hdl_global_localization.global_localization_node,msg=RANSAC : iteration:15618 matching_count:1377 error:0.15946 inlier:0.751094
185.530,ros=1778663741.864660,level=20,name=hdl_global_localization.global_localization_node,msg=RANSAC : iteration:15621 matching_count:1378 error:0.157409 inlier:0.612144
185.530,ros=1778663741.863431,level=20,name=hdl_global_localization.global_localization_node,msg=RANSAC : iteration:15368 matching_count:1349 error:0.167135 inlier:0.290481
185.531,ros=1778663741.863652,level=20,name=hdl_global_localization.global_localization_node,msg=RANSAC : iteration:15382 matching_count:1352 error:0.158285 inlier:0.721554
185.532,ros=1778663741.866102,level=20,name=hdl_global_localization.global_localization_node,msg=RANSAC : iteration:15947 matching_count:1407 error:0.159927 inlier:0.414661
185.533,ros=1778663741.866375,level=20,name=hdl_global_localization.global_localization_node,msg=RANSAC : iteration:16007 matching_count:1414 error:0.149938 inlier:0.561269
185.533,ros=1778663741.868241,level=20,name=hdl_global_localization.global_localization_node,msg=RANSAC : iteration:16378 matching_count:1441 error:0.150671 inlier:0.431072
185.533,ros=1778663741.866982,level=20,name=hdl_global_localization.global_localization_node,msg=RANSAC : iteration:16174 matching_count:1426 error:0.162434 inlier:0.489059
185.534,ros=1778663741.868453,level=20,name=hdl_global_localization.global_localization_node,msg=RANSAC : iteration:16395 matching_count:1445 error:0.161026 inlier:0.381291
185.534,ros=1778663741.868539,level=20,name=hdl_global_localization.global_localization_node,msg=RANSAC : iteration:16397 matching_count:1446 error:0.161346 inlier:0.49453
185.534,ros=1778663741.868557,level=20,name=hdl_global_localization.global_localization_node,msg=RANSAC : iteration:16398 matching_count:1446 error:0.161171 inlier:0.561269
185.534,ros=1778663741.868657,level=20,name=hdl_global_localization.global_localization_node,msg=RANSAC : iteration:16407 matching_count:1448 error:0.157104 inlier:0.685449
185.534,ros=1778663741.868679,level=20,name=hdl_global_localization.global_localization_node,msg=RANSAC : iteration:16424 matching_count:1449 error:0.162557 inlier:0.390591
185.535,ros=1778663741.868750,level=20,name=hdl_global_localization.global_localization_node,msg=RANSAC : iteration:16467 matching_count:1450 error:0.154853 inlier:0.904267
185.535,ros=1778663741.868826,level=20,name=hdl_global_localization.global_localization_node,msg=RANSAC : iteration:16486 matching_count:1451 error:0.16319 inlier:0.555252
185.535,ros=1778663741.868860,level=20,name=hdl_global_localization.global_localization_node,msg=RANSAC : iteration:16491 matching_count:1452 error:0.160275 inlier:0.789934
185.535,ros=1778663741.868955,level=20,name=hdl_global_localization.global_localization_node,msg=RANSAC : iteration:16497 matching_count:1453 error:0.157631 inlier:0.344639
185.535,ros=1778663741.867444,level=20,name=hdl_global_localization.global_localization_node,msg=RANSAC : iteration:16243 matching_count:1433 error:0.161995 inlier:0.4907
185.536,ros=1778663741.866336,level=20,name=hdl_global_localization.global_localization_node,msg=RANSAC : iteration:16007 matching_count:1413 error:0.14895 inlier:0.0661926
185.536,ros=1778663741.867581,level=20,name=hdl_global_localization.global_localization_node,msg=RANSAC : iteration:16307 matching_count:1436 error:0.164276 inlier:0.634026
185.536,ros=1778663741.869161,level=20,name=hdl_global_localization.global_localization_node,msg=RANSAC : iteration:16530 matching_count:1457 error:0.162824 inlier:0.63895
185.536,ros=1778663741.869234,level=20,name=hdl_global_localization.global_localization_node,msg=RANSAC : iteration:16531 matching_count:1458 error:0.160998 inlier:0.332604
185.537,ros=1778663741.869262,level=20,name=hdl_global_localization.global_localization_node,msg=RANSAC : iteration:16533 matching_count:1459 error:0.162349 inlier:0.193654
185.537,ros=1778663741.869288,level=20,name=hdl_global_localization.global_localization_node,msg=RANSAC : iteration:16536 matching_count:1460 error:0.160909 inlier:0.457877
185.537,ros=1778663741.869632,level=20,name=hdl_global_localization.global_localization_node,msg=RANSAC : iteration:16651 matching_count:1470 error:0.163449 inlier:0.485777
185.537,ros=1778663741.868339,level=20,name=hdl_global_localization.global_localization_node,msg=RANSAC : iteration:16389 matching_count:1443 error:0.151621 inlier:0.653173
185.538,ros=1778663741.870530,level=20,name=hdl_global_localization.global_localization_node,msg=RANSAC : iteration:16778 matching_count:1480 error:0.158709 inlier:0.636761
185.538,ros=1778663741.871022,level=20,name=hdl_global_localization.global_localization_node,msg=RANSAC : iteration:16859 matching_count:1486 error:0.159379 inlier:0.709519
185.538,ros=1778663741.871124,level=20,name=hdl_global_localization.global_localization_node,msg=RANSAC : iteration:16869 matching_count:1487 error:0.156602 inlier:0.47046
185.538,ros=1778663741.871225,level=20,name=hdl_global_localization.global_localization_node,msg=RANSAC : iteration:16887 matching_count:1489 error:0.15967 inlier:0.579322
185.538,ros=1778663741.871415,level=20,name=hdl_global_localization.global_localization_node,msg=RANSAC : iteration:16966 matching_count:1493 error:0.177457 inlier:0.478118
185.539,ros=1778663741.871496,level=20,name=hdl_global_localization.global_localization_node,msg=RANSAC : iteration:16972 matching_count:1494 error:0.157499 inlier:0.884026
185.539,ros=1778663741.871925,level=20,name=hdl_global_localization.global_localization_node,msg=RANSAC : iteration:17091 matching_count:1504 error:0.159865 inlier:0.447484
185.539,ros=1778663741.866896,level=20,name=hdl_global_localization.global_localization_node,msg=RANSAC : iteration:16106 matching_count:1424 error:0.154584 inlier:0.236871
185.539,ros=1778663741.871882,level=20,name=hdl_global_localization.global_localization_node,msg=RANSAC : iteration:17047 matching_count:1502 error:0.177572 inlier:0.281182
185.539,ros=1778663741.872547,level=20,name=hdl_global_localization.global_localization_node,msg=RANSAC : iteration:17249 matching_count:1522 error:0.159015 inlier:0.830416
185.540,ros=1778663741.872650,level=20,name=hdl_global_localization.global_localization_node,msg=RANSAC : iteration:17327 matching_count:1525 error:0.159241 inlier:0.373085
185.540,ros=1778663741.870510,level=20,name=hdl_global_localization.global_localization_node,msg=RANSAC : iteration:16776 matching_count:1480 error:0.162523 inlier:0.501094
185.540,ros=1778663741.872132,level=20,name=hdl_global_localization.global_localization_node,msg=RANSAC : iteration:17112 matching_count:1509 error:0.158389 inlier:0.717724
185.540,ros=1778663741.873061,level=20,name=hdl_global_localization.global_localization_node,msg=RANSAC : iteration:17447 matching_count:1535 error:0.153838 inlier:0.86105
185.540,ros=1778663741.873064,level=20,name=hdl_global_localization.global_localization_node,msg=RANSAC : iteration:17450 matching_count:1535 error:0.156299 inlier:0.678337
185.541,ros=1778663741.876910,level=20,name=hdl_global_localization.global_localization_node,msg=RANSAC : iteration:17570 matching_count:1545 error:0.159431 inlier:0.844639
185.541,ros=1778663741.876971,level=20,name=hdl_global_localization.global_localization_node,msg=RANSAC : iteration:17579 matching_count:1548 error:0.162795 inlier:0.421772
185.543,ros=1778663741.873219,level=20,name=hdl_global_localization.global_localization_node,msg=RANSAC : iteration:17486 matching_count:1539 error:0.156791 inlier:0.5
185.543,ros=1778663741.872921,level=20,name=hdl_global_localization.global_localization_node,msg=RANSAC : iteration:17383 matching_count:1532 error:0.159668 inlier:0.602298
185.543,ros=1778663741.871731,level=20,name=hdl_global_localization.global_localization_node,msg=RANSAC : iteration:17023 matching_count:1500 error:0.152936 inlier:0.278993
185.543,ros=1778663741.877373,level=20,name=hdl_global_localization.global_localization_node,msg=RANSAC : iteration:17716 matching_count:1557 error:0.158153 inlier:0.477024
185.543,ros=1778663741.877415,level=20,name=hdl_global_localization.global_localization_node,msg=RANSAC : iteration:17728 matching_count:1557 error:0.164347 inlier:0.189278
185.544,ros=1778663741.873342,level=20,name=hdl_global_localization.global_localization_node,msg=RANSAC : iteration:17536 matching_count:1542 error:0.162795 inlier:0.205689
185.544,ros=1778663741.872489,level=20,name=hdl_global_localization.global_localization_node,msg=RANSAC : iteration:17192 matching_count:1519 error:0.16003 inlier:0.391138
185.544,ros=1778663741.873767,level=20,name=hdl_global_localization.global_localization_node,msg=RANSAC : iteration:17536 matching_count:1542 error:0.15919 inlier:0.568381
185.544,ros=1778663741.877095,level=20,name=hdl_global_localization.global_localization_node,msg=RANSAC : iteration:17620 matching_count:1551 error:0.161679 inlier:0.883479
185.544,ros=1778663741.879180,level=20,name=hdl_global_localization.global_localization_node,msg=RANSAC : iteration:18190 matching_count:1593 error:0.157067 inlier:0.676149
185.545,ros=1778663741.879239,level=20,name=hdl_global_localization.global_localization_node,msg=RANSAC : iteration:18207 matching_count:1594 error:0.156998 inlier:0.603392
185.545,ros=1778663741.878731,level=20,name=hdl_global_localization.global_localization_node,msg=RANSAC : iteration:18097 matching_count:1585 error:0.160224 inlier:0.506018
185.545,ros=1778663741.879797,level=20,name=hdl_global_localization.global_localization_node,msg=RANSAC : iteration:18422 matching_count:1609 error:0.154775 inlier:0.454048
185.545,ros=1778663741.880133,level=20,name=hdl_global_localization.global_localization_node,msg=RANSAC : iteration:18520 matching_count:1617 error:0.157611 inlier:0.661926
185.545,ros=1778663741.880146,level=20,name=hdl_global_localization.global_localization_node,msg=RANSAC : iteration:18520 matching_count:1617 error:0.160501 inlier:0.595733
185.546,ros=1778663741.879504,level=20,name=hdl_global_localization.global_localization_node,msg=RANSAC : iteration:18333 matching_count:1601 error:0.159816 inlier:0.743435
185.546,ros=1778663741.879428,level=20,name=hdl_global_localization.global_localization_node,msg=RANSAC : iteration:18332 matching_count:1599 error:0.157286 inlier:0.373085
185.546,ros=1778663741.881439,level=20,name=hdl_global_localization.global_localization_node,msg=RANSAC : iteration:18818 matching_count:1645 error:0.15945 inlier:0.370897
185.546,ros=1778663741.880723,level=20,name=hdl_global_localization.global_localization_node,msg=RANSAC : iteration:18634 matching_count:1633 error:0.161625 inlier:0.466083
185.547,ros=1778663741.881696,level=20,name=hdl_global_localization.global_localization_node,msg=RANSAC : iteration:18888 matching_count:1648 error:0.161104 inlier:0.556893
185.547,ros=1778663741.881857,level=20,name=hdl_global_localization.global_localization_node,msg=RANSAC : iteration:18907 matching_count:1649 error:0.15507 inlier:0.212254
185.547,ros=1778663741.881937,level=20,name=hdl_global_localization.global_localization_node,msg=RANSAC : iteration:18909 matching_count:1650 error:0.157821 inlier:0.758753
185.547,ros=1778663741.880724,level=20,name=hdl_global_localization.global_localization_node,msg=RANSAC : iteration:18634 matching_count:1633 error:0.162127 inlier:0.55744
185.547,ros=1778663741.882074,level=20,name=hdl_global_localization.global_localization_node,msg=RANSAC : iteration:18941 matching_count:1651 error:0.159902 inlier:0.626368
185.548,ros=1778663741.880787,level=20,name=hdl_global_localization.global_localization_node,msg=RANSAC : iteration:18640 matching_count:1634 error:0.155706 inlier:0.285011
185.548,ros=1778663741.878883,level=20,name=hdl_global_localization.global_localization_node,msg=RANSAC : iteration:18151 matching_count:1588 error:0.162268 inlier:0.685449
185.548,ros=1778663741.883548,level=20,name=hdl_global_localization.global_localization_node,msg=RANSAC : iteration:18985 matching_count:1654 error:0.166088 inlier:0.54814
185.548,ros=1778663741.881195,level=20,name=hdl_global_localization.global_localization_node,msg=RANSAC : iteration:18736 matching_count:1641 error:0.165287 inlier:0.609409
185.549,ros=1778663741.881213,level=20,name=hdl_global_localization.global_localization_node,msg=RANSAC : iteration:18736 matching_count:1641 error:0.159472 inlier:0.276805
185.549,ros=1778663741.883696,level=20,name=hdl_global_localization.global_localization_node,msg=RANSAC : iteration:18998 matching_count:1657 error:0.157278 inlier:0.517505
185.549,ros=1778663741.879913,level=20,name=hdl_global_localization.global_localization_node,msg=RANSAC : iteration:18440 matching_count:1610 error:0.164183 inlier:0.455689
185.549,ros=1778663741.886997,level=20,name=hdl_global_localization.global_localization_node,msg=RANSAC : iteration:20204 matching_count:1760 error:0.157298 inlier:0.58698
185.550,ros=1778663741.886656,level=20,name=hdl_global_localization.global_localization_node,msg=RANSAC : iteration:20092 matching_count:1746 error:0.15739 inlier:0.810175
185.550,ros=1778663741.887091,level=20,name=hdl_global_localization.global_localization_node,msg=RANSAC : iteration:20308 matching_count:1765 error:0.16082 inlier:0.359409
185.550,ros=1778663741.887155,level=20,name=hdl_global_localization.global_localization_node,msg=RANSAC : iteration:20312 matching_count:1767 error:0.158525 inlier:0.329869
185.550,ros=1778663741.887182,level=20,name=hdl_global_localization.global_localization_node,msg=RANSAC : iteration:20328 matching_count:1768 error:0.161307 inlier:0.338621
185.550,ros=1778663741.886692,level=20,name=hdl_global_localization.global_localization_node,msg=RANSAC : iteration:20101 matching_count:1747 error:0.161752 inlier:0.721554
185.551,ros=1778663741.886345,level=20,name=hdl_global_localization.global_localization_node,msg=RANSAC : iteration:19858 matching_count:1730 error:0.160165 inlier:0.415755
185.551,ros=1778663741.887187,level=20,name=hdl_global_localization.global_localization_node,msg=RANSAC : iteration:20328 matching_count:1768 error:0.162818 inlier:0.603392
185.551,ros=1778663741.887458,level=20,name=hdl_global_localization.global_localization_node,msg=RANSAC : iteration:20441 matching_count:1778 error:0.158541 inlier:0.558534
185.551,ros=1778663741.887012,level=20,name=hdl_global_localization.global_localization_node,msg=RANSAC : iteration:20253 matching_count:1762 error:0.158975 inlier:0.736871
185.552,ros=1778663741.887066,level=20,name=hdl_global_localization.global_localization_node,msg=RANSAC : iteration:20275 matching_count:1763 error:0.154011 inlier:0.472648
185.552,ros=1778663741.888160,level=20,name=hdl_global_localization.global_localization_node,msg=RANSAC : iteration:20695 matching_count:1800 error:0.160752 inlier:0.907002
185.552,ros=1778663741.888457,level=20,name=hdl_global_localization.global_localization_node,msg=RANSAC : iteration:20771 matching_count:1810 error:0.157534 inlier:0.495077
185.552,ros=1778663741.888639,level=20,name=hdl_global_localization.global_localization_node,msg=RANSAC : iteration:20822 matching_count:1815 error:0.157093 inlier:0.352298
185.552,ros=1778663741.888755,level=20,name=hdl_global_localization.global_localization_node,msg=RANSAC : iteration:20860 matching_count:1819 error:0.162345 inlier:0.70733
185.552,ros=1778663741.888047,level=20,name=hdl_global_localization.global_localization_node,msg=RANSAC : iteration:20662 matching_count:1796 error:0.164087 inlier:0.262035
185.553,ros=1778663741.887656,level=20,name=hdl_global_localization.global_localization_node,msg=RANSAC : iteration:20535 matching_count:1783 error:0.16135 inlier:0.25
185.553,ros=1778663741.888893,level=20,name=hdl_global_localization.global_localization_node,msg=RANSAC : iteration:20927 matching_count:1825 error:0.158173 inlier:0.692013
185.553,ros=1778663741.889611,level=20,name=hdl_global_localization.global_localization_node,msg=RANSAC : iteration:21217 matching_count:1849 error:0.161161 inlier:0.384573
185.554,ros=1778663741.891425,level=20,name=hdl_global_localization.global_localization_node,msg=RANSAC : iteration:21433 matching_count:1868 error:0.169174 inlier:0.290481
185.554,ros=1778663741.891976,level=20,name=hdl_global_localization.global_localization_node,msg=RANSAC : iteration:21562 matching_count:1879 error:0.155604 inlier:0.509847
185.555,ros=1778663741.892053,level=20,name=hdl_global_localization.global_localization_node,msg=RANSAC : iteration:21580 matching_count:1882 error:0.168466 inlier:0.349562
185.555,ros=1778663741.891902,level=20,name=hdl_global_localization.global_localization_node,msg=RANSAC : iteration:21539 matching_count:1878 error:0.163328 inlier:0.200219
185.555,ros=1778663741.892775,level=20,name=hdl_global_localization.global_localization_node,msg=RANSAC : iteration:21892 matching_count:1911 error:0.16415 inlier:0.357221
185.558,ros=1778663741.893026,level=20,name=hdl_global_localization.global_localization_node,msg=RANSAC : iteration:21964 matching_count:1918 error:0.16225 inlier:0.565098
185.559,ros=1778663741.893117,level=20,name=hdl_global_localization.global_localization_node,msg=RANSAC : iteration:21976 matching_count:1919 error:0.173457 inlier:0.12035
185.559,ros=1778663741.893155,level=20,name=hdl_global_localization.global_localization_node,msg=RANSAC : iteration:21999 matching_count:1920 error:0.156858 inlier:0.382385
185.559,ros=1778663741.893241,level=20,name=hdl_global_localization.global_localization_node,msg=RANSAC : iteration:22009 matching_count:1921 error:0.162179 inlier:0.610503
185.560,ros=1778663741.893293,level=20,name=hdl_global_localization.global_localization_node,msg=RANSAC : iteration:22036 matching_count:1922 error:0.161384 inlier:0.355033
185.560,ros=1778663741.893368,level=20,name=hdl_global_localization.global_localization_node,msg=RANSAC : iteration:22038 matching_count:1923 error:0.161582 inlier:0.605033
185.560,ros=1778663741.893382,level=20,name=hdl_global_localization.global_localization_node,msg=RANSAC : iteration:22039 matching_count:1923 error:0.160826 inlier:0.571663
185.561,ros=1778663741.893420,level=20,name=hdl_global_localization.global_localization_node,msg=RANSAC : iteration:22072 matching_count:1925 error:0.163896 inlier:0.513129
185.561,ros=1778663741.893489,level=20,name=hdl_global_localization.global_localization_node,msg=RANSAC : iteration:22078 matching_count:1926 error:0.159928 inlier:0.729212
185.561,ros=1778663741.893510,level=20,name=hdl_global_localization.global_localization_node,msg=RANSAC : iteration:22104 matching_count:1926 error:0.162119 inlier:0.376915
185.561,ros=1778663741.892340,level=20,name=hdl_global_localization.global_localization_node,msg=RANSAC : iteration:21691 matching_count:1893 error:0.15817 inlier:0.626915
185.562,ros=1778663741.892669,level=20,name=hdl_global_localization.global_localization_node,msg=RANSAC : iteration:21813 matching_count:1906 error:0.156658 inlier:0.510941
185.562,ros=1778663741.892682,level=20,name=hdl_global_localization.global_localization_node,msg=RANSAC : iteration:21813 matching_count:1906 error:0.1591 inlier:0.504923
185.562,ros=1778663741.892708,level=20,name=hdl_global_localization.global_localization_node,msg=RANSAC : iteration:21834 matching_count:1908 error:0.160165 inlier:0.260941
185.563,ros=1778663741.892421,level=20,name=hdl_global_localization.global_localization_node,msg=RANSAC : iteration:21705 matching_count:1894 error:0.162669 inlier:0.437637
185.563,ros=1778663741.892809,level=20,name=hdl_global_localization.global_localization_node,msg=RANSAC : iteration:21924 matching_count:1913 error:0.148064 inlier:0.419037
185.563,ros=1778663741.892809,level=20,name=hdl_global_localization.global_localization_node,msg=RANSAC : iteration:21924 matching_count:1913 error:0.15872 inlier:0.566193
185.564,ros=1778663741.891163,level=20,name=hdl_global_localization.global_localization_node,msg=RANSAC : iteration:21399 matching_count:1865 error:0.157926 inlier:0.420131
185.564,ros=1778663741.893750,level=20,name=hdl_global_localization.global_localization_node,msg=RANSAC : iteration:22194 matching_count:1936 error:0.15917 inlier:0.688731
185.564,ros=1778663741.892869,level=20,name=hdl_global_localization.global_localization_node,msg=RANSAC : iteration:21928 matching_count:1914 error:0.157723 inlier:0.576039
185.565,ros=1778663741.892583,level=20,name=hdl_global_localization.global_localization_node,msg=RANSAC : iteration:21798 matching_count:1900 error:0.161979 inlier:0.847921
185.565,ros=1778663741.892900,level=20,name=hdl_global_localization.global_localization_node,msg=RANSAC : iteration:21952 matching_count:1916 error:0.161119 inlier:0.817287
185.565,ros=1778663741.892904,level=20,name=hdl_global_localization.global_localization_node,msg=RANSAC : iteration:21952 matching_count:1916 error:0.165381 inlier:0.771335
185.565,ros=1778663741.893541,level=20,name=hdl_global_localization.global_localization_node,msg=RANSAC : iteration:22114 matching_count:1928 error:0.161606 inlier:0.728665
185.566,ros=1778663741.893888,level=20,name=hdl_global_localization.global_localization_node,msg=RANSAC : iteration:22256 matching_count:1941 error:0.158483 inlier:0.616521
185.566,ros=1778663741.893621,level=20,name=hdl_global_localization.global_localization_node,msg=RANSAC : iteration:22164 matching_count:1931 error:0.160761 inlier:0.425055
185.566,ros=1778663741.893644,level=20,name=hdl_global_localization.global_localization_node,msg=RANSAC : iteration:22167 matching_count:1932 error:0.161903 inlier:0.601751
185.567,ros=1778663741.893961,level=20,name=hdl_global_localization.global_localization_node,msg=RANSAC : iteration:22278 matching_count:1945 error:0.157277 inlier:0.466083
185.567,ros=1778663741.893982,level=20,name=hdl_global_localization.global_localization_node,msg=RANSAC : iteration:22287 matching_count:1945 error:0.156415 inlier:0.713895
185.567,ros=1778663741.894009,level=20,name=hdl_global_localization.global_localization_node,msg=RANSAC : iteration:22394 matching_count:1946 error:0.158534 inlier:0.608862
185.567,ros=1778663741.894031,level=20,name=hdl_global_localization.global_localization_node,msg=RANSAC : iteration:22416 matching_count:1948 error:0.160632 inlier:0.598468
185.568,ros=1778663741.894042,level=20,name=hdl_global_localization.global_localization_node,msg=RANSAC : iteration:22418 matching_count:1948 error:0.167721 inlier:0.742888
185.568,ros=1778663741.894097,level=20,name=hdl_global_localization.global_localization_node,msg=RANSAC : iteration:22460 matching_count:1950 error:0.159607 inlier:0.570022
185.568,ros=1778663741.894113,level=20,name=hdl_global_localization.global_localization_node,msg=RANSAC : iteration:22464 matching_count:1951 error:0.159878 inlier:0.580963
185.569,ros=1778663741.893654,level=20,name=hdl_global_localization.global_localization_node,msg=RANSAC : iteration:22167 matching_count:1932 error:0.163474 inlier:0.532276
185.569,ros=1778663741.893769,level=20,name=hdl_global_localization.global_localization_node,msg=RANSAC : iteration:22194 matching_count:1936 error:0.165361 inlier:0.750547
185.569,ros=1778663741.893792,level=20,name=hdl_global_localization.global_localization_node,msg=RANSAC : iteration:22201 matching_count:1937 error:0.160864 inlier:0.498906
185.570,ros=1778663741.894201,level=20,name=hdl_global_localization.global_localization_node,msg=RANSAC : iteration:22496 matching_count:1955 error:0.157477 inlier:0.454595
185.570,ros=1778663741.894215,level=20,name=hdl_global_localization.global_localization_node,msg=RANSAC : iteration:22503 matching_count:1955 error:0.157351 inlier:0.663567
185.570,ros=1778663741.894229,level=20,name=hdl_global_localization.global_localization_node,msg=RANSAC : iteration:22512 matching_count:1957 error:0.158067 inlier:0.837527
185.570,ros=1778663741.894241,level=20,name=hdl_global_localization.global_localization_node,msg=RANSAC : iteration:22509 matching_count:1956 error:0.165043 inlier:0.0995624
185.571,ros=1778663741.894305,level=20,name=hdl_global_localization.global_localization_node,msg=RANSAC : iteration:22517 matching_count:1959 error:0.160569 inlier:0.445295
185.571,ros=1778663741.892090,level=20,name=hdl_global_localization.global_localization_node,msg=RANSAC : iteration:21584 matching_count:1883 error:0.158257 inlier:0.65919
185.571,ros=1778663741.894372,level=20,name=hdl_global_localization.global_localization_node,msg=RANSAC : iteration:22568 matching_count:1961 error:0.155915 inlier:0.491247
185.572,ros=1778663741.894406,level=20,name=hdl_global_localization.global_localization_node,msg=RANSAC : iteration:22580 matching_count:1962 error:0.1557 inlier:0.348468
185.572,ros=1778663741.894433,level=20,name=hdl_global_localization.global_localization_node,msg=RANSAC : iteration:22611 matching_count:1963 error:0.161571 inlier:0.479759
185.572,ros=1778663741.894464,level=20,name=hdl_global_localization.global_localization_node,msg=RANSAC : iteration:22618 matching_count:1964 error:0.158833 inlier:0.323304
185.572,ros=1778663741.894499,level=20,name=hdl_global_localization.global_localization_node,msg=RANSAC : iteration:22623 matching_count:1965 error:0.158775 inlier:0.293217
185.573,ros=1778663741.893619,level=20,name=hdl_global_localization.global_localization_node,msg=RANSAC : iteration:22164 matching_count:1931 error:0.159911 inlier:0.399344
185.573,ros=1778663741.893920,level=20,name=hdl_global_localization.global_localization_node,msg=RANSAC : iteration:22267 matching_count:1943 error:0.162003 inlier:0.619256
185.573,ros=1778663741.893923,level=20,name=hdl_global_localization.global_localization_node,msg=RANSAC : iteration:22267 matching_count:1943 error:0.157946 inlier:0.350656
185.574,ros=1778663741.893935,level=20,name=hdl_global_localization.global_localization_node,msg=RANSAC : iteration:22268 matching_count:1944 error:0.162323 inlier:0.575492
185.574,ros=1778663741.894123,level=20,name=hdl_global_localization.global_localization_node,msg=RANSAC : iteration:22464 matching_count:1951 error:0.165431 inlier:0.29814
185.574,ros=1778663741.894742,level=20,name=hdl_global_localization.global_localization_node,msg=RANSAC : iteration:22676 matching_count:1971 error:0.167635 inlier:0.367615
185.574,ros=1778663741.894139,level=20,name=hdl_global_localization.global_localization_node,msg=RANSAC : iteration:22474 matching_count:1953 error:0.155364 inlier:0.426149
185.575,ros=1778663741.894175,level=20,name=hdl_global_localization.global_localization_node,msg=RANSAC : iteration:22484 matching_count:1954 error:0.16158 inlier:0.390044
185.575,ros=1778663741.894305,level=20,name=hdl_global_localization.global_localization_node,msg=RANSAC : iteration:22517 matching_count:1959 error:0.158512 inlier:0.517505
185.575,ros=1778663741.894858,level=20,name=hdl_global_localization.global_localization_node,msg=RANSAC : iteration:22707 matching_count:1974 error:0.152645 inlier:0.576039
185.575,ros=1778663741.894916,level=20,name=hdl_global_localization.global_localization_node,msg=RANSAC : iteration:22721 matching_count:1976 error:0.163413 inlier:0.588074
185.576,ros=1778663741.894936,level=20,name=hdl_global_localization.global_localization_node,msg=RANSAC : iteration:22743 matching_count:1977 error:0.150993 inlier:0.511488
185.576,ros=1778663741.894987,level=20,name=hdl_global_localization.global_localization_node,msg=RANSAC : iteration:22765 matching_count:1978 error:0.161372 inlier:0.574398
185.577,ros=1778663741.893794,level=20,name=hdl_global_localization.global_localization_node,msg=RANSAC : iteration:22201 matching_count:1937 error:0.16155 inlier:0.421772
185.577,ros=1778663741.894502,level=20,name=hdl_global_localization.global_localization_node,msg=RANSAC : iteration:22623 matching_count:1965 error:0.162823 inlier:0.38895
185.577,ros=1778663741.894520,level=20,name=hdl_global_localization.global_localization_node,msg=RANSAC : iteration:22625 matching_count:1966 error:0.165426 inlier:0.106127
185.578,ros=1778663741.894597,level=20,name=hdl_global_localization.global_localization_node,msg=RANSAC : iteration:22630 matching_count:1967 error:0.147791 inlier:0.404814
185.578,ros=1778663741.893855,level=20,name=hdl_global_localization.global_localization_node,msg=RANSAC : iteration:22254 matching_count:1941 error:0.156554 inlier:0.471007
185.578,ros=1778663741.895247,level=20,name=hdl_global_localization.global_localization_node,msg=RANSAC : iteration:22852 matching_count:1983 error:0.160115 inlier:0.479212
185.578,ros=1778663741.895293,level=20,name=hdl_global_localization.global_localization_node,msg=RANSAC : iteration:22880 matching_count:1985 error:0.145927 inlier:0.0771335
185.579,ros=1778663741.895311,level=20,name=hdl_global_localization.global_localization_node,msg=RANSAC : iteration:22883 matching_count:1986 error:0.159301 inlier:0.489059
185.579,ros=1778663741.895347,level=20,name=hdl_global_localization.global_localization_node,msg=RANSAC : iteration:22891 matching_count:1987 error:0.161342 inlier:0.445842
185.579,ros=1778663741.895371,level=20,name=hdl_global_localization.global_localization_node,msg=RANSAC : iteration:22897 matching_count:1988 error:0.160717 inlier:0.681619
185.579,ros=1778663741.895388,level=20,name=hdl_global_localization.global_localization_node,msg=RANSAC : iteration:22899 matching_count:1989 error:0.163302 inlier:0.574945
185.580,ros=1778663741.895434,level=20,name=hdl_global_localization.global_localization_node,msg=RANSAC : iteration:22912 matching_count:1990 error:0.171822 inlier:0.407549
185.580,ros=1778663741.895481,level=20,name=hdl_global_localization.global_localization_node,msg=RANSAC : iteration:22913 matching_count:1991 error:0.161195 inlier:0.566193
185.580,ros=1778663741.895489,level=20,name=hdl_global_localization.global_localization_node,msg=RANSAC : iteration:22916 matching_count:1991 error:0.163376 inlier:0.591357
185.581,ros=1778663741.895547,level=20,name=hdl_global_localization.global_localization_node,msg=RANSAC : iteration:22921 matching_count:1993 error:0.158042 inlier:0.782823
185.581,ros=1778663741.895562,level=20,name=hdl_global_localization.global_localization_node,msg=RANSAC : iteration:22928 matching_count:1994 error:0.157833 inlier:0.736871
185.581,ros=1778663741.895606,level=20,name=hdl_global_localization.global_localization_node,msg=RANSAC : iteration:22954 matching_count:1995 error:0.161884 inlier:0.324945
185.581,ros=1778663741.895658,level=20,name=hdl_global_localization.global_localization_node,msg=RANSAC : iteration:22957 matching_count:1996 error:0.164145 inlier:0.390044
185.582,ros=1778663741.895665,level=20,name=hdl_global_localization.global_localization_node,msg=RANSAC : iteration:22957 matching_count:1996 error:0.160871 inlier:0.637309
185.582,ros=1778663741.895721,level=20,name=hdl_global_localization.global_localization_node,msg=RANSAC : iteration:22978 matching_count:1998 error:0.153254 inlier:0.323851
185.582,ros=1778663741.895747,level=20,name=hdl_global_localization.global_localization_node,msg=RANSAC : iteration:22987 matching_count:1999 error:0.158685 inlier:0.300875
185.582,ros=1778663741.895772,level=20,name=hdl_global_localization.global_localization_node,msg=RANSAC : iteration:23005 matching_count:2000 error:0.161149 inlier:0.809081
185.583,ros=1778663741.893764,level=20,name=hdl_global_localization.global_localization_node,msg=RANSAC : iteration:22194 matching_count:1936 error:0.158499 inlier:0.684354
185.583,ros=1778663741.894751,level=20,name=hdl_global_localization.global_localization_node,msg=RANSAC : iteration:22676 matching_count:1971 error:0.157331 inlier:0.565646
185.583,ros=1778663741.894751,level=20,name=hdl_global_localization.global_localization_node,msg=RANSAC : iteration:22676 matching_count:1971 error:0.152342 inlier:0.661926
185.583,ros=1778663741.894995,level=20,name=hdl_global_localization.global_localization_node,msg=RANSAC : iteration:22765 matching_count:1978 error:0.159204 inlier:0.438731
185.584,ros=1778663741.895131,level=20,name=hdl_global_localization.global_localization_node,msg=RANSAC : iteration:22793 matching_count:1980 error:0.15646 inlier:0.372538
185.584,ros=1778663741.894308,level=20,name=hdl_global_localization.global_localization_node,msg=RANSAC : iteration:22517 matching_count:1959 error:0.162079 inlier:0.521882
185.584,ros=1778663741.895151,level=20,name=hdl_global_localization.global_localization_node,msg=RANSAC : iteration:22833 matching_count:1981 error:0.164683 inlier:0.266958
185.584,ros=1778663741.895220,level=20,name=hdl_global_localization.global_localization_node,msg=RANSAC : iteration:22840 matching_count:1983 error:0.161936 inlier:0.431072
185.584,ros=1778663741.894630,level=20,name=hdl_global_localization.global_localization_node,msg=RANSAC : iteration:22639 matching_count:1968 error:0.160872 inlier:0.511488
185.585,ros=1778663741.895442,level=20,name=hdl_global_localization.global_localization_node,msg=RANSAC : iteration:22912 matching_count:1990 error:0.156494 inlier:0.436543
185.585,ros=1778663741.895848,level=20,name=hdl_global_localization.global_localization_node,msg=RANSAC : iteration:23005 matching_count:2000 error:0.159302 inlier:0.527899
185.585,ros=1778663741.894746,level=20,name=hdl_global_localization.global_localization_node,msg=RANSAC : iteration:22676 matching_count:1971 error:0.158746 inlier:0.85558
185.585,ros=1778663741.895888,level=20,name=hdl_global_localization.global_localization_node,msg=RANSAC : iteration:23005 matching_count:2000 error:0.160285 inlier:0.246718
185.587,ros=1778663741.894655,level=20,name=hdl_global_localization.global_localization_node,msg=RANSAC : iteration:22647 matching_count:1969 error:0.157914 inlier:0.106674
185.587,ros=1778663741.896010,level=20,name=hdl_global_localization.global_localization_node,msg=RANSAC : iteration:23026 matching_count:2001 error:0.159251 inlier:0.693107
185.587,ros=1778663741.896035,level=20,name=hdl_global_localization.global_localization_node,msg=RANSAC : iteration:23026 matching_count:2001 error:0.155356 inlier:0.684902
185.587,ros=1778663741.897335,level=20,name=HdlLocalizationNodelet,msg=Global localization candidates: returned=10 requested=10 fitness_threshold=0.12 min_margin=0.1 query_points=16143
185.714,ros=1778663742.054123,level=20,name=HdlLocalizationNodelet,msg=Global localization candidate[0] trans=(-2.49592, 8.26131, 0.424897) error=0.170495 inlier=0.910832 ndt_converged=1 ndt_fitness=0.187369
185.912,ros=1778663742.250521,level=20,name=HdlLocalizationNodelet,msg=Global localization candidate[1] trans=(-2.54795, 8.07685, 0.134628) error=0.158543 inlier=0.908643 ndt_converged=1 ndt_fitness=0.221374
186.057,ros=1778663742.397847,level=20,name=HdlLocalizationNodelet,msg=Global localization candidate[2] trans=(-3.06938, 2.87952, 0.281192) error=0.161376 inlier=0.907549 ndt_converged=1 ndt_fitness=0.658684
186.186,ros=1778663742.526917,level=20,name=HdlLocalizationNodelet,msg=Global localization candidate[3] trans=(0.201798, 12.4704, 0.884537) error=0.160752 inlier=0.907002 ndt_converged=1 ndt_fitness=0.300249
186.303,ros=1778663742.643790,level=20,name=HdlLocalizationNodelet,msg=Global localization candidate[4] trans=(1.95255, 5.16336, -0.0929381) error=0.154853 inlier=0.904267 ndt_converged=1 ndt_fitness=0.133687
186.489,ros=1778663742.830070,level=20,name=HdlLocalizationNodelet,msg=Global localization candidate[5] trans=(4.80702, 4.80653, 0.693952) error=0.160517 inlier=0.900985 ndt_converged=1 ndt_fitness=0.158931
186.704,ros=1778663743.044198,level=20,name=HdlLocalizationNodelet,msg=Global localization candidate[6] trans=(-1.0461, 10.8286, -0.191189) error=0.151025 inlier=0.899344 ndt_converged=1 ndt_fitness=0.477711
186.833,ros=1778663743.173121,level=20,name=HdlLocalizationNodelet,msg=Global localization candidate[7] trans=(4.72411, 3.08389, 0.611778) error=0.158457 inlier=0.899344 ndt_converged=1 ndt_fitness=0.172928
187.018,ros=1778663743.358540,level=20,name=HdlLocalizationNodelet,msg=Global localization candidate[8] trans=(-2.09211, 7.81359, 0.364841) error=0.167516 inlier=0.898796 ndt_converged=1 ndt_fitness=0.52008
187.178,ros=1778663743.514951,level=20,name=HdlLocalizationNodelet,msg=Global localization candidate[9] trans=(5.91289, -1.53496, -0.0822036) error=0.153156 inlier=0.897155 ndt_converged=1 ndt_fitness=0.22233
187.178,ros=1778663743.515033,level=30,name=HdlLocalizationNodelet,msg=reject global localization result: no candidate passed NDT validation
187.178,ros=1778663743.515050,level=30,name=HdlLocalizationNodelet,msg=auto relocalize failed; call /relocalize after the scan is stable or set /initialpose manually
187.179,ros=1778663743.517709,level=30,name=HdlLocalizationNodelet,msg=waiting for initial pose input or global relocalization!!
187.183,ros=1778663743.523837,level=30,name=HdlLocalizationNodelet,msg=waiting for initial pose input or global relocalization!!
187.197,ros=1778663743.536456,level=30,name=HdlLocalizationNodelet,msg=waiting for initial pose input or global relocalization!!
187.292,ros=1778663743.630812,level=30,name=HdlLocalizationNodelet,msg=waiting for initial pose input or global relocalization!!
187.379,ros=1778663743.717598,level=30,name=HdlLocalizationNodelet,msg=waiting for initial pose input or global relocalization!!
187.396,ros=1778663740.724857,level=40,name=rviz2,msg=rviz/glsl120/indexed_8bit_image.vert
rviz/glsl120/indexed_8bit_image.frag
 GLSL link result : 
active samplers with a different type refer to the same texture image unit
187.410,ros=1778663743.750345,level=20,name=HdlLocalizationNodelet,msg=auto relocalize on start
187.415,ros=1778663743.755649,level=20,name=hdl_global_localization.global_localization_node,msg=Query Global Localization
187.416,ros=1778663743.756030,level=20,name=hdl_global_localization.global_localization_node,msg=Normal Estimation: Radius(1)
187.417,ros=1778663743.757499,level=20,name=hdl_global_localization.global_localization_node,msg=FPFH Extraction: Search Radius(3)
187.433,ros=1778663743.773991,level=20,name=hdl_global_localization.global_localization_node,msg=RANSAC : Precompute Nearest Features
187.479,ros=1778663743.820013,level=30,name=HdlLocalizationNodelet,msg=waiting for initial pose input or global relocalization!!
187.527,ros=1778663743.867526,level=20,name=hdl_global_localization.global_localization_node,msg=RANSAC : Main Loop
187.527,ros=1778663743.868072,level=20,name=hdl_global_localization.global_localization_node,msg=RANSAC : iteration:127 matching_count:11 error:0.161373 inlier:0.411558
187.528,ros=1778663743.868145,level=20,name=hdl_global_localization.global_localization_node,msg=RANSAC : iteration:158 matching_count:13 error:0.170486 inlier:0.623618
187.528,ros=1778663743.868072,level=20,name=hdl_global_localization.global_localization_node,msg=RANSAC : iteration:127 matching_count:11 error:0.155357 inlier:0.524121
187.528,ros=1778663743.868079,level=20,name=hdl_global_localization.global_localization_node,msg=RANSAC : iteration:127 matching_count:11 error:0.158099 inlier:0.838693
187.528,ros=1778663743.868371,level=20,name=hdl_global_localization.global_localization_node,msg=RANSAC : iteration:202 matching_count:18 error:0.158976 inlier:0.391457
187.529,ros=1778663743.868089,level=20,name=hdl_global_localization.global_localization_node,msg=RANSAC : iteration:127 matching_count:11 error:0.161718 inlier:0.663819
187.529,ros=1778663743.868106,level=20,name=hdl_global_localization.global_localization_node,msg=RANSAC : iteration:137 matching_count:11 error:0.162146 inlier:0.654774
187.529,ros=1778663743.868107,level=20,name=hdl_global_localization.global_localization_node,msg=RANSAC : iteration:139 matching_count:12 error:0.161039 inlier:0.849749
187.529,ros=1778663743.868115,level=20,name=hdl_global_localization.global_localization_node,msg=RANSAC : iteration:158 matching_count:12 error:0.15575 inlier:0.668342
187.529,ros=1778663743.868072,level=20,name=hdl_global_localization.global_localization_node,msg=RANSAC : iteration:127 matching_count:11 error:0.158023 inlier:0.540704
187.530,ros=1778663743.868194,level=20,name=hdl_global_localization.global_localization_node,msg=RANSAC : iteration:168 matching_count:14 error:0.158338 inlier:0.264824
187.530,ros=1778663743.868627,level=20,name=hdl_global_localization.global_localization_node,msg=RANSAC : iteration:262 matching_count:26 error:0.164044 inlier:0.359296
187.530,ros=1778663743.868213,level=20,name=hdl_global_localization.global_localization_node,msg=RANSAC : iteration:178 matching_count:15 error:0.159832 inlier:0.647739
187.530,ros=1778663743.868227,level=20,name=hdl_global_localization.global_localization_node,msg=RANSAC : iteration:178 matching_count:15 error:0.156584 inlier:0.452261
187.531,ros=1778663743.868723,level=20,name=hdl_global_localization.global_localization_node,msg=RANSAC : iteration:319 matching_count:30 error:0.159691 inlier:0.290452
187.531,ros=1778663743.868419,level=20,name=hdl_global_localization.global_localization_node,msg=RANSAC : iteration:202 matching_count:18 error:0.16167 inlier:0.475879
187.531,ros=1778663743.869469,level=20,name=hdl_global_localization.global_localization_node,msg=RANSAC : iteration:541 matching_count:51 error:0.158383 inlier:0.754271
187.531,ros=1778663743.868468,level=20,name=hdl_global_localization.global_localization_node,msg=RANSAC : iteration:208 matching_count:20 error:0.15685 inlier:0.265327
187.532,ros=1778663743.869153,level=20,name=hdl_global_localization.global_localization_node,msg=RANSAC : iteration:463 matching_count:46 error:0.163352 inlier:0.342211
187.532,ros=1778663743.870369,level=20,name=hdl_global_localization.global_localization_node,msg=RANSAC : iteration:894 matching_count:84 error:0.16081 inlier:0.160804
187.532,ros=1778663743.870704,level=20,name=hdl_global_localization.global_localization_node,msg=RANSAC : iteration:975 matching_count:96 error:0.156489 inlier:0.741709
187.532,ros=1778663743.871033,level=20,name=hdl_global_localization.global_localization_node,msg=RANSAC : iteration:1128 matching_count:107 error:0.161568 inlier:0.605025
187.532,ros=1778663743.871090,level=20,name=hdl_global_localization.global_localization_node,msg=RANSAC : iteration:1155 matching_count:110 error:0.167254 inlier:0.447739
187.533,ros=1778663743.871334,level=20,name=hdl_global_localization.global_localization_node,msg=RANSAC : iteration:1224 matching_count:120 error:0.165336 inlier:0.30201
187.533,ros=1778663743.871010,level=20,name=hdl_global_localization.global_localization_node,msg=RANSAC : iteration:1115 matching_count:106 error:0.164507 inlier:0.712563
187.533,ros=1778663743.871292,level=20,name=hdl_global_localization.global_localization_node,msg=RANSAC : iteration:1207 matching_count:119 error:0.16073 inlier:0.550251
187.533,ros=1778663743.872005,level=20,name=hdl_global_localization.global_localization_node,msg=RANSAC : iteration:1567 matching_count:153 error:0.16204 inlier:0.355779
187.533,ros=1778663743.872184,level=20,name=hdl_global_localization.global_localization_node,msg=RANSAC : iteration:1623 matching_count:164 error:0.157637 inlier:0.634171
187.533,ros=1778663743.872171,level=20,name=hdl_global_localization.global_localization_node,msg=RANSAC : iteration:1623 matching_count:164 error:0.156781 inlier:0.645729
187.534,ros=1778663743.872315,level=20,name=hdl_global_localization.global_localization_node,msg=RANSAC : iteration:1695 matching_count:170 error:0.161725 inlier:0.565327
187.534,ros=1778663743.872695,level=20,name=hdl_global_localization.global_localization_node,msg=RANSAC : iteration:1945 matching_count:191 error:0.164058 inlier:0.329648
187.534,ros=1778663743.872677,level=20,name=hdl_global_localization.global_localization_node,msg=RANSAC : iteration:1929 matching_count:190 error:0.15826 inlier:0.567337
187.535,ros=1778663743.873038,level=20,name=hdl_global_localization.global_localization_node,msg=RANSAC : iteration:2228 matching_count:212 error:0.157799 inlier:0.653769
187.535,ros=1778663743.873781,level=20,name=hdl_global_localization.global_localization_node,msg=RANSAC : iteration:2681 matching_count:256 error:0.161396 inlier:0.745729
187.535,ros=1778663743.874109,level=20,name=hdl_global_localization.global_localization_node,msg=RANSAC : iteration:2866 matching_count:277 error:0.162529 inlier:0.49598
187.536,ros=1778663743.874269,level=20,name=hdl_global_localization.global_localization_node,msg=RANSAC : iteration:2946 matching_count:284 error:0.160141 inlier:0.440201
187.536,ros=1778663743.874606,level=20,name=hdl_global_localization.global_localization_node,msg=RANSAC : iteration:3161 matching_count:304 error:0.156398 inlier:0.316583
187.536,ros=1778663743.874915,level=20,name=hdl_global_localization.global_localization_node,msg=RANSAC : iteration:3405 matching_count:324 error:0.16062 inlier:0.672864
187.536,ros=1778663743.874799,level=20,name=hdl_global_localization.global_localization_node,msg=RANSAC : iteration:3305 matching_count:318 error:0.158071 inlier:0.520603
187.537,ros=1778663743.875095,level=20,name=hdl_global_localization.global_localization_node,msg=RANSAC : iteration:3521 matching_count:337 error:0.160664 inlier:0.40402
187.537,ros=1778663743.875317,level=20,name=hdl_global_localization.global_localization_node,msg=RANSAC : iteration:3604 matching_count:349 error:0.160348 inlier:0.585427
187.537,ros=1778663743.875502,level=20,name=hdl_global_localization.global_localization_node,msg=RANSAC : iteration:3672 matching_count:357 error:0.161856 inlier:0.419598
187.537,ros=1778663743.875750,level=20,name=hdl_global_localization.global_localization_node,msg=RANSAC : iteration:3751 matching_count:367 error:0.165053 inlier:0.171357
187.537,ros=1778663743.875866,level=20,name=hdl_global_localization.global_localization_node,msg=RANSAC : iteration:3838 matching_count:374 error:0.161597 inlier:0.631658
187.538,ros=1778663743.876388,level=20,name=hdl_global_localization.global_localization_node,msg=RANSAC : iteration:4051 matching_count:399 error:0.162417 inlier:0.421106
187.538,ros=1778663743.876163,level=20,name=hdl_global_localization.global_localization_node,msg=RANSAC : iteration:3948 matching_count:387 error:0.158197 inlier:0.503518
187.538,ros=1778663743.875968,level=20,name=hdl_global_localization.global_localization_node,msg=RANSAC : iteration:3860 matching_count:379 error:0.163697 inlier:0.697487
187.538,ros=1778663743.876760,level=20,name=hdl_global_localization.global_localization_node,msg=RANSAC : iteration:4255 matching_count:416 error:0.162249 inlier:0.263317
187.538,ros=1778663743.876786,level=20,name=hdl_global_localization.global_localization_node,msg=RANSAC : iteration:4293 matching_count:417 error:0.156564 inlier:0.478392
187.539,ros=1778663743.877449,level=20,name=hdl_global_localization.global_localization_node,msg=RANSAC : iteration:4670 matching_count:450 error:0.159983 inlier:0.506533
187.539,ros=1778663743.877352,level=20,name=hdl_global_localization.global_localization_node,msg=RANSAC : iteration:4613 matching_count:444 error:0.155834 inlier:0.529146
187.539,ros=1778663743.877678,level=20,name=hdl_global_localization.global_localization_node,msg=RANSAC : iteration:4791 matching_count:461 error:0.154213 inlier:0.596985
187.539,ros=1778663743.878050,level=20,name=hdl_global_localization.global_localization_node,msg=RANSAC : iteration:5008 matching_count:481 error:0.15607 inlier:0.779397
187.540,ros=1778663743.878417,level=20,name=hdl_global_localization.global_localization_node,msg=RANSAC : iteration:5233 matching_count:499 error:0.15851 inlier:0.712563
187.540,ros=1778663743.878343,level=20,name=hdl_global_localization.global_localization_node,msg=RANSAC : iteration:5195 matching_count:496 error:0.161505 inlier:0.355276
187.540,ros=1778663743.878343,level=20,name=hdl_global_localization.global_localization_node,msg=RANSAC : iteration:5195 matching_count:496 error:0.163602 inlier:0.409045
187.540,ros=1778663743.878229,level=20,name=hdl_global_localization.global_localization_node,msg=RANSAC : iteration:5161 matching_count:491 error:0.161048 inlier:0.655779
187.540,ros=1778663743.878436,level=20,name=hdl_global_localization.global_localization_node,msg=RANSAC : iteration:5257 matching_count:501 error:0.178156 inlier:0.457286
187.541,ros=1778663743.879071,level=20,name=hdl_global_localization.global_localization_node,msg=RANSAC : iteration:5636 matching_count:534 error:0.158638 inlier:0.40402
187.541,ros=1778663743.879241,level=20,name=hdl_global_localization.global_localization_node,msg=RANSAC : iteration:5689 matching_count:543 error:0.160229 inlier:0.39598
187.541,ros=1778663743.879373,level=20,name=hdl_global_localization.global_localization_node,msg=RANSAC : iteration:5805 matching_count:551 error:0.16126 inlier:0.519598
187.541,ros=1778663743.879432,level=20,name=hdl_global_localization.global_localization_node,msg=RANSAC : iteration:5814 matching_count:553 error:0.164085 inlier:0.31005
187.541,ros=1778663743.879665,level=20,name=hdl_global_localization.global_localization_node,msg=RANSAC : iteration:5940 matching_count:564 error:0.161181 inlier:0.392965
187.542,ros=1778663743.879617,level=20,name=hdl_global_localization.global_localization_node,msg=RANSAC : iteration:5931 matching_count:562 error:0.162442 inlier:0.549246
187.542,ros=1778663743.879961,level=20,name=hdl_global_localization.global_localization_node,msg=RANSAC : iteration:6111 matching_count:579 error:0.158786 inlier:0.452261
187.542,ros=1778663743.879889,level=20,name=hdl_global_localization.global_localization_node,msg=RANSAC : iteration:6033 matching_count:575 error:0.159186 inlier:0.535176
187.542,ros=1778663743.880265,level=20,name=hdl_global_localization.global_localization_node,msg=RANSAC : iteration:6289 matching_count:594 error:0.160093 inlier:0.430151
187.543,ros=1778663743.880408,level=20,name=hdl_global_localization.global_localization_node,msg=RANSAC : iteration:6360 matching_count:601 error:0.148828 inlier:0.812563
187.543,ros=1778663743.880826,level=20,name=hdl_global_localization.global_localization_node,msg=RANSAC : iteration:6579 matching_count:622 error:0.153331 inlier:0.30201
187.543,ros=1778663743.880949,level=20,name=hdl_global_localization.global_localization_node,msg=RANSAC : iteration:6608 matching_count:629 error:0.171285 inlier:0.668342
187.543,ros=1778663743.881065,level=20,name=hdl_global_localization.global_localization_node,msg=RANSAC : iteration:6647 matching_count:632 error:0.159138 inlier:0.496482
187.543,ros=1778663743.881561,level=20,name=hdl_global_localization.global_localization_node,msg=RANSAC : iteration:6760 matching_count:648 error:0.161791 inlier:0.294472
187.544,ros=1778663743.882153,level=20,name=hdl_global_localization.global_localization_node,msg=RANSAC : iteration:7066 matching_count:669 error:0.159743 inlier:0.488442
187.544,ros=1778663743.881878,level=20,name=hdl_global_localization.global_localization_node,msg=RANSAC : iteration:7011 matching_count:662 error:0.162181 inlier:0.348241
187.544,ros=1778663743.882857,level=20,name=hdl_global_localization.global_localization_node,msg=RANSAC : iteration:7241 matching_count:689 error:0.157595 inlier:0.539698
187.544,ros=1778663743.882373,level=20,name=hdl_global_localization.global_localization_node,msg=RANSAC : iteration:7143 matching_count:677 error:0.15942 inlier:0.713568
187.544,ros=1778663743.883054,level=20,name=hdl_global_localization.global_localization_node,msg=RANSAC : iteration:7331 matching_count:696 error:0.160961 inlier:0.698492
187.545,ros=1778663743.883143,level=20,name=hdl_global_localization.global_localization_node,msg=RANSAC : iteration:7342 matching_count:700 error:0.157065 inlier:0.479397
187.545,ros=1778663743.883440,level=20,name=hdl_global_localization.global_localization_node,msg=RANSAC : iteration:7437 matching_count:711 error:0.166165 inlier:0.491457
187.545,ros=1778663743.883626,level=20,name=hdl_global_localization.global_localization_node,msg=RANSAC : iteration:7561 matching_count:720 error:0.160714 inlier:0.544724
187.545,ros=1778663743.883779,level=20,name=hdl_global_localization.global_localization_node,msg=RANSAC : iteration:7650 matching_count:729 error:0.160508 inlier:0.568342
187.545,ros=1778663743.884008,level=20,name=hdl_global_localization.global_localization_node,msg=RANSAC : iteration:7772 matching_count:741 error:0.154795 inlier:0.415075
187.546,ros=1778663743.884376,level=20,name=hdl_global_localization.global_localization_node,msg=RANSAC : iteration:7913 matching_count:763 error:0.158893 inlier:0.653769
187.546,ros=1778663743.884470,level=20,name=hdl_global_localization.global_localization_node,msg=RANSAC : iteration:8026 matching_count:770 error:0.166704 inlier:0.409548
187.546,ros=1778663743.884197,level=20,name=hdl_global_localization.global_localization_node,msg=RANSAC : iteration:7855 matching_count:754 error:0.164928 inlier:0.576884
187.547,ros=1778663743.884591,level=20,name=hdl_global_localization.global_localization_node,msg=RANSAC : iteration:8130 matching_count:778 error:0.161536 inlier:0.308543
187.547,ros=1778663743.884659,level=20,name=hdl_global_localization.global_localization_node,msg=RANSAC : iteration:8186 matching_count:781 error:0.159762 inlier:0.430653
187.547,ros=1778663743.885055,level=20,name=hdl_global_localization.global_localization_node,msg=RANSAC : iteration:8380 matching_count:800 error:0.156187 inlier:0.572864
187.547,ros=1778663743.884910,level=20,name=hdl_global_localization.global_localization_node,msg=RANSAC : iteration:8318 matching_count:793 error:0.157178 inlier:0.520603
187.548,ros=1778663743.885680,level=20,name=hdl_global_localization.global_localization_node,msg=RANSAC : iteration:8612 matching_count:821 error:0.156528 inlier:0.229648
187.548,ros=1778663743.886165,level=20,name=hdl_global_localization.global_localization_node,msg=RANSAC : iteration:8801 matching_count:844 error:0.162142 inlier:0.650754
187.548,ros=1778663743.885985,level=20,name=hdl_global_localization.global_localization_node,msg=RANSAC : iteration:8728 matching_count:836 error:0.162167 inlier:0.373869
187.548,ros=1778663743.886728,level=20,name=hdl_global_localization.global_localization_node,msg=RANSAC : iteration:9023 matching_count:867 error:0.155403 inlier:0.490452
187.548,ros=1778663743.886591,level=20,name=hdl_global_localization.global_localization_node,msg=RANSAC : iteration:8979 matching_count:864 error:0.159586 inlier:0.170854
187.549,ros=1778663743.886914,level=20,name=hdl_global_localization.global_localization_node,msg=RANSAC : iteration:9047 matching_count:870 error:0.155189 inlier:0.501005
187.549,ros=1778663743.887588,level=20,name=hdl_global_localization.global_localization_node,msg=RANSAC : iteration:9197 matching_count:886 error:0.15697 inlier:0.415578
187.549,ros=1778663743.887338,level=20,name=hdl_global_localization.global_localization_node,msg=RANSAC : iteration:9103 matching_count:875 error:0.161041 inlier:0.513065
187.549,ros=1778663743.887936,level=20,name=hdl_global_localization.global_localization_node,msg=RANSAC : iteration:9432 matching_count:905 error:0.156537 inlier:0.334673
187.549,ros=1778663743.888176,level=20,name=hdl_global_localization.global_localization_node,msg=RANSAC : iteration:9541 matching_count:920 error:0.16288 inlier:0.444724
187.550,ros=1778663743.887984,level=20,name=hdl_global_localization.global_localization_node,msg=RANSAC : iteration:9465 matching_count:908 error:0.159072 inlier:0.742211
187.550,ros=1778663743.888578,level=20,name=hdl_global_localization.global_localization_node,msg=RANSAC : iteration:9637 matching_count:937 error:0.156305 inlier:0.249749
187.550,ros=1778663743.888434,level=20,name=hdl_global_localization.global_localization_node,msg=RANSAC : iteration:9602 matching_count:930 error:0.16574 inlier:0.615075
187.550,ros=1778663743.888826,level=20,name=hdl_global_localization.global_localization_node,msg=RANSAC : iteration:9825 matching_count:950 error:0.164874 inlier:0.323618
187.551,ros=1778663743.888871,level=20,name=hdl_global_localization.global_localization_node,msg=RANSAC : iteration:9850 matching_count:953 error:0.159294 inlier:0.653266
187.551,ros=1778663743.889229,level=20,name=hdl_global_localization.global_localization_node,msg=RANSAC : iteration:10104 matching_count:972 error:0.154395 inlier:0.396482
187.551,ros=1778663743.889157,level=20,name=hdl_global_localization.global_localization_node,msg=RANSAC : iteration:10060 matching_count:969 error:0.163068 inlier:0.415075
187.551,ros=1778663743.889043,level=20,name=hdl_global_localization.global_localization_node,msg=RANSAC : iteration:9975 matching_count:964 error:0.149323 inlier:0.152764
187.551,ros=1778663743.889833,level=20,name=hdl_global_localization.global_localization_node,msg=RANSAC : iteration:10460 matching_count:1002 error:0.157577 inlier:0.192965
187.552,ros=1778663743.890022,level=20,name=hdl_global_localization.global_localization_node,msg=RANSAC : iteration:10510 matching_count:1012 error:0.165116 inlier:0.51206
187.552,ros=1778663743.890063,level=20,name=hdl_global_localization.global_localization_node,msg=RANSAC : iteration:10524 matching_count:1014 error:0.163017 inlier:0.298492
187.552,ros=1778663743.890774,level=20,name=hdl_global_localization.global_localization_node,msg=RANSAC : iteration:10872 matching_count:1039 error:0.158152 inlier:0.549749
187.552,ros=1778663743.890408,level=20,name=hdl_global_localization.global_localization_node,msg=RANSAC : iteration:10612 matching_count:1023 error:0.160534 inlier:0.48191
187.553,ros=1778663743.891262,level=20,name=hdl_global_localization.global_localization_node,msg=RANSAC : iteration:11069 matching_count:1056 error:0.161134 inlier:0.456281
187.553,ros=1778663743.891533,level=20,name=hdl_global_localization.global_localization_node,msg=RANSAC : iteration:11166 matching_count:1066 error:0.159822 inlier:0.805528
187.553,ros=1778663743.891705,level=20,name=hdl_global_localization.global_localization_node,msg=RANSAC : iteration:11232 matching_count:1073 error:0.161185 inlier:0.738191
187.553,ros=1778663743.891720,level=20,name=hdl_global_localization.global_localization_node,msg=RANSAC : iteration:11240 matching_count:1074 error:0.154851 inlier:0.224121
187.553,ros=1778663743.892181,level=20,name=hdl_global_localization.global_localization_node,msg=RANSAC : iteration:11568 matching_count:1097 error:0.156774 inlier:0.597487
187.554,ros=1778663743.892442,level=20,name=hdl_global_localization.global_localization_node,msg=RANSAC : iteration:11702 matching_count:1110 error:0.171943 inlier:0.268342
187.554,ros=1778663743.892118,level=20,name=hdl_global_localization.global_localization_node,msg=RANSAC : iteration:11516 matching_count:1094 error:0.156189 inlier:0.474874
187.554,ros=1778663743.892404,level=20,name=hdl_global_localization.global_localization_node,msg=RANSAC : iteration:11697 matching_count:1109 error:0.161086 inlier:0.571357
187.554,ros=1778663743.892640,level=20,name=hdl_global_localization.global_localization_node,msg=RANSAC : iteration:11851 matching_count:1122 error:0.159754 inlier:0.414573
187.555,ros=1778663743.892864,level=20,name=hdl_global_localization.global_localization_node,msg=RANSAC : iteration:11996 matching_count:1134 error:0.157424 inlier:0.307035
187.555,ros=1778663743.892725,level=20,name=hdl_global_localization.global_localization_node,msg=RANSAC : iteration:11920 matching_count:1126 error:0.157939 inlier:0.203518
187.555,ros=1778663743.892834,level=20,name=hdl_global_localization.global_localization_node,msg=RANSAC : iteration:11990 matching_count:1132 error:0.160324 inlier:0.376884
187.556,ros=1778663743.893173,level=20,name=hdl_global_localization.global_localization_node,msg=RANSAC : iteration:12246 matching_count:1149 error:0.166986 inlier:0.627638
187.559,ros=1778663743.897183,level=20,name=hdl_global_localization.global_localization_node,msg=RANSAC : iteration:14180 matching_count:1316 error:0.162117 inlier:0.596482
187.559,ros=1778663743.897555,level=20,name=hdl_global_localization.global_localization_node,msg=RANSAC : iteration:14453 matching_count:1334 error:0.158704 inlier:0.759296
187.559,ros=1778663743.897662,level=20,name=hdl_global_localization.global_localization_node,msg=RANSAC : iteration:14546 matching_count:1339 error:0.159292 inlier:0.738191
187.559,ros=1778663743.898069,level=20,name=hdl_global_localization.global_localization_node,msg=RANSAC : iteration:14721 matching_count:1359 error:0.17462 inlier:0.349749
187.560,ros=1778663743.898232,level=20,name=hdl_global_localization.global_localization_node,msg=RANSAC : iteration:14813 matching_count:1368 error:0.141682 inlier:0.704523
187.560,ros=1778663743.898254,level=20,name=hdl_global_localization.global_localization_node,msg=RANSAC : iteration:14834 matching_count:1370 error:0.16107 inlier:0.239196
187.560,ros=1778663743.897900,level=20,name=hdl_global_localization.global_localization_node,msg=RANSAC : iteration:14674 matching_count:1351 error:0.162342 inlier:0.48191
187.560,ros=1778663743.898796,level=20,name=hdl_global_localization.global_localization_node,msg=RANSAC : iteration:15177 matching_count:1394 error:0.165967 inlier:0.274372
187.560,ros=1778663743.898894,level=20,name=hdl_global_localization.global_localization_node,msg=RANSAC : iteration:15227 matching_count:1398 error:0.156104 inlier:0.569347
187.561,ros=1778663743.898110,level=20,name=hdl_global_localization.global_localization_node,msg=RANSAC : iteration:14764 matching_count:1363 error:0.159301 inlier:0.613568
187.561,ros=1778663743.898561,level=20,name=hdl_global_localization.global_localization_node,msg=RANSAC : iteration:15070 matching_count:1384 error:0.161814 inlier:0.747236
187.561,ros=1778663743.899303,level=20,name=hdl_global_localization.global_localization_node,msg=RANSAC : iteration:15496 matching_count:1418 error:0.160126 inlier:0.671859
187.561,ros=1778663743.899387,level=20,name=hdl_global_localization.global_localization_node,msg=RANSAC : iteration:15557 matching_count:1422 error:0.162727 inlier:0.549246
187.562,ros=1778663743.899463,level=20,name=hdl_global_localization.global_localization_node,msg=RANSAC : iteration:15606 matching_count:1428 error:0.162647 inlier:0.201005
187.562,ros=1778663743.899722,level=20,name=hdl_global_localization.global_localization_node,msg=RANSAC : iteration:15818 matching_count:1442 error:0.165734 inlier:0.449749
187.562,ros=1778663743.899406,level=20,name=hdl_global_localization.global_localization_node,msg=RANSAC : iteration:15583 matching_count:1424 error:0.15667 inlier:0.363819
187.562,ros=1778663743.899920,level=20,name=hdl_global_localization.global_localization_node,msg=RANSAC : iteration:15887 matching_count:1447 error:0.160848 inlier:0.620101
187.562,ros=1778663743.899730,level=20,name=hdl_global_localization.global_localization_node,msg=RANSAC : iteration:15818 matching_count:1442 error:0.158764 inlier:0.482915
187.563,ros=1778663743.900138,level=20,name=hdl_global_localization.global_localization_node,msg=RANSAC : iteration:15973 matching_count:1458 error:0.163939 inlier:0.30804
187.563,ros=1778663743.899892,level=20,name=hdl_global_localization.global_localization_node,msg=RANSAC : iteration:15887 matching_count:1447 error:0.154922 inlier:0.615578
187.563,ros=1778663743.900403,level=20,name=hdl_global_localization.global_localization_node,msg=RANSAC : iteration:16058 matching_count:1471 error:0.162968 inlier:0.31407
187.563,ros=1778663743.900292,level=20,name=hdl_global_localization.global_localization_node,msg=RANSAC : iteration:16031 matching_count:1465 error:0.158538 inlier:0.709548
187.564,ros=1778663743.900508,level=20,name=hdl_global_localization.global_localization_node,msg=RANSAC : iteration:16126 matching_count:1476 error:0.163312 inlier:0.556784
187.564,ros=1778663743.900356,level=20,name=hdl_global_localization.global_localization_node,msg=RANSAC : iteration:16047 matching_count:1468 error:0.157053 inlier:0.298995
187.564,ros=1778663743.900467,level=20,name=hdl_global_localization.global_localization_node,msg=RANSAC : iteration:16118 matching_count:1475 error:0.164593 inlier:0.853769
187.564,ros=1778663743.900849,level=20,name=hdl_global_localization.global_localization_node,msg=RANSAC : iteration:16264 matching_count:1491 error:0.158764 inlier:0.776382
187.565,ros=1778663743.900942,level=20,name=hdl_global_localization.global_localization_node,msg=RANSAC : iteration:16305 matching_count:1493 error:0.160666 inlier:0.576884
187.566,ros=1778663743.901511,level=20,name=hdl_global_localization.global_localization_node,msg=RANSAC : iteration:16575 matching_count:1515 error:0.15961 inlier:0.81005
187.566,ros=1778663743.901827,level=20,name=hdl_global_localization.global_localization_node,msg=RANSAC : iteration:16594 matching_count:1519 error:0.144768 inlier:0.842714
187.566,ros=1778663743.902323,level=20,name=hdl_global_localization.global_localization_node,msg=RANSAC : iteration:16737 matching_count:1534 error:0.158147 inlier:0.220101
187.567,ros=1778663743.903396,level=20,name=hdl_global_localization.global_localization_node,msg=RANSAC : iteration:16988 matching_count:1553 error:0.158408 inlier:0.862312
187.567,ros=1778663743.902543,level=20,name=hdl_global_localization.global_localization_node,msg=RANSAC : iteration:16818 matching_count:1539 error:0.161239 inlier:0.327638
187.567,ros=1778663743.902405,level=20,name=hdl_global_localization.global_localization_node,msg=RANSAC : iteration:16778 matching_count:1538 error:0.159187 inlier:0.319095
187.567,ros=1778663743.903920,level=20,name=hdl_global_localization.global_localization_node,msg=RANSAC : iteration:17250 matching_count:1570 error:0.160922 inlier:0.670352
187.568,ros=1778663743.903847,level=20,name=hdl_global_localization.global_localization_node,msg=RANSAC : iteration:17235 matching_count:1568 error:0.15974 inlier:0.694975
187.568,ros=1778663743.904740,level=20,name=hdl_global_localization.global_localization_node,msg=RANSAC : iteration:17483 matching_count:1586 error:0.158798 inlier:0.532663
187.568,ros=1778663743.904473,level=20,name=hdl_global_localization.global_localization_node,msg=RANSAC : iteration:17413 matching_count:1580 error:0.161368 inlier:0.383417
187.568,ros=1778663743.905204,level=20,name=hdl_global_localization.global_localization_node,msg=RANSAC : iteration:17754 matching_count:1600 error:0.165111 inlier:0.192462
187.568,ros=1778663743.905214,level=20,name=hdl_global_localization.global_localization_node,msg=RANSAC : iteration:17754 matching_count:1601 error:0.162672 inlier:0.331658
187.569,ros=1778663743.905262,level=20,name=hdl_global_localization.global_localization_node,msg=RANSAC : iteration:17760 matching_count:1603 error:0.155011 inlier:0.474874
187.569,ros=1778663743.905307,level=20,name=hdl_global_localization.global_localization_node,msg=RANSAC : iteration:17770 matching_count:1604 error:0.158319 inlier:0.501005
187.569,ros=1778663743.905895,level=20,name=hdl_global_localization.global_localization_node,msg=RANSAC : iteration:17938 matching_count:1617 error:0.158411 inlier:0.617085
187.569,ros=1778663743.904525,level=20,name=hdl_global_localization.global_localization_node,msg=RANSAC : iteration:17416 matching_count:1581 error:0.158805 inlier:0.287437
187.569,ros=1778663743.906608,level=20,name=hdl_global_localization.global_localization_node,msg=RANSAC : iteration:18034 matching_count:1628 error:0.160855 inlier:0.61005
187.570,ros=1778663743.906552,level=20,name=hdl_global_localization.global_localization_node,msg=RANSAC : iteration:18018 matching_count:1627 error:0.155273 inlier:0.473367
187.570,ros=1778663743.907198,level=20,name=hdl_global_localization.global_localization_node,msg=RANSAC : iteration:18202 matching_count:1645 error:0.15931 inlier:0.713065
187.570,ros=1778663743.906798,level=20,name=hdl_global_localization.global_localization_node,msg=RANSAC : iteration:18134 matching_count:1631 error:0.161342 inlier:0.169347
187.570,ros=1778663743.907357,level=20,name=hdl_global_localization.global_localization_node,msg=RANSAC : iteration:18229 matching_count:1649 error:0.1596 inlier:0.597487
187.570,ros=1778663743.907397,level=20,name=hdl_global_localization.global_localization_node,msg=RANSAC : iteration:18229 matching_count:1649 error:0.162482 inlier:0.743719
187.571,ros=1778663743.908659,level=20,name=hdl_global_localization.global_localization_node,msg=RANSAC : iteration:18528 matching_count:1686 error:0.157688 inlier:0.51608
187.572,ros=1778663743.909799,level=20,name=hdl_global_localization.global_localization_node,msg=RANSAC : iteration:18769 matching_count:1716 error:0.156082 inlier:0.570854
187.572,ros=1778663743.910469,level=20,name=hdl_global_localization.global_localization_node,msg=RANSAC : iteration:18944 matching_count:1739 error:0.16105 inlier:0.646231
187.572,ros=1778663743.911031,level=20,name=hdl_global_localization.global_localization_node,msg=RANSAC : iteration:19216 matching_count:1764 error:0.164125 inlier:0.752764
187.573,ros=1778663743.911046,level=20,name=hdl_global_localization.global_localization_node,msg=RANSAC : iteration:19231 matching_count:1766 error:0.159372 inlier:0.394975
187.573,ros=1778663743.911131,level=20,name=hdl_global_localization.global_localization_node,msg=RANSAC : iteration:19247 matching_count:1771 error:0.161174 inlier:0.820101
187.573,ros=1778663743.911390,level=20,name=hdl_global_localization.global_localization_node,msg=RANSAC : iteration:19386 matching_count:1784 error:0.159069 inlier:0.805528
187.574,ros=1778663743.911691,level=20,name=hdl_global_localization.global_localization_node,msg=RANSAC : iteration:19473 matching_count:1797 error:0.166775 inlier:0.552261
187.574,ros=1778663743.911799,level=20,name=hdl_global_localization.global_localization_node,msg=RANSAC : iteration:19493 matching_count:1801 error:0.156347 inlier:0.554774
187.574,ros=1778663743.912031,level=20,name=hdl_global_localization.global_localization_node,msg=RANSAC : iteration:19591 matching_count:1810 error:0.162541 inlier:0.556281
187.574,ros=1778663743.912333,level=20,name=hdl_global_localization.global_localization_node,msg=RANSAC : iteration:19766 matching_count:1825 error:0.155024 inlier:0.484925
187.575,ros=1778663743.912652,level=20,name=hdl_global_localization.global_localization_node,msg=RANSAC : iteration:20013 matching_count:1844 error:0.158554 inlier:0.527638
187.575,ros=1778663743.912931,level=20,name=hdl_global_localization.global_localization_node,msg=RANSAC : iteration:20098 matching_count:1854 error:0.163819 inlier:0.471357
187.579,ros=1778663743.914601,level=20,name=hdl_global_localization.global_localization_node,msg=RANSAC : iteration:20760 matching_count:1911 error:0.159242 inlier:0.313065
187.579,ros=1778663743.914003,level=20,name=hdl_global_localization.global_localization_node,msg=RANSAC : iteration:20547 matching_count:1893 error:0.160579 inlier:0.315075
187.579,ros=1778663743.914878,level=20,name=hdl_global_localization.global_localization_node,msg=RANSAC : iteration:20900 matching_count:1920 error:0.157185 inlier:0.728643
187.580,ros=1778663743.914650,level=20,name=hdl_global_localization.global_localization_node,msg=RANSAC : iteration:20796 matching_count:1913 error:0.164215 inlier:0.655779
187.580,ros=1778663743.914654,level=20,name=hdl_global_localization.global_localization_node,msg=RANSAC : iteration:20796 matching_count:1913 error:0.162797 inlier:0.375377
187.580,ros=1778663743.914469,level=20,name=hdl_global_localization.global_localization_node,msg=RANSAC : iteration:20655 matching_count:1904 error:0.162833 inlier:0.748744
187.580,ros=1778663743.914711,level=20,name=hdl_global_localization.global_localization_node,msg=RANSAC : iteration:20806 matching_count:1914 error:0.169087 inlier:0.618593
187.580,ros=1778663743.914998,level=20,name=hdl_global_localization.global_localization_node,msg=RANSAC : iteration:20961 matching_count:1925 error:0.158891 inlier:0.523116
187.581,ros=1778663743.915012,level=20,name=hdl_global_localization.global_localization_node,msg=RANSAC : iteration:20966 matching_count:1927 error:0.163063 inlier:0.553769
187.581,ros=1778663743.915023,level=20,name=hdl_global_localization.global_localization_node,msg=RANSAC : iteration:20966 matching_count:1927 error:0.156004 inlier:0.720603
187.581,ros=1778663743.914754,level=20,name=hdl_global_localization.global_localization_node,msg=RANSAC : iteration:20832 matching_count:1915 error:0.162319 inlier:0.501005
187.581,ros=1778663743.914864,level=20,name=hdl_global_localization.global_localization_node,msg=RANSAC : iteration:20900 matching_count:1920 error:0.158097 inlier:0.242211
187.581,ros=1778663743.915101,level=20,name=hdl_global_localization.global_localization_node,msg=RANSAC : iteration:20986 matching_count:1930 error:0.149132 inlier:0.527638
187.582,ros=1778663743.915108,level=20,name=hdl_global_localization.global_localization_node,msg=RANSAC : iteration:20992 matching_count:1931 error:0.156866 inlier:0.562814
187.582,ros=1778663743.914628,level=20,name=hdl_global_localization.global_localization_node,msg=RANSAC : iteration:20796 matching_count:1912 error:0.1589 inlier:0.335176
187.582,ros=1778663743.914891,level=20,name=hdl_global_localization.global_localization_node,msg=RANSAC : iteration:20935 matching_count:1921 error:0.159593 inlier:0.530653
187.582,ros=1778663743.914970,level=20,name=hdl_global_localization.global_localization_node,msg=RANSAC : iteration:20959 matching_count:1924 error:0.154267 inlier:0.560302
187.583,ros=1778663743.914715,level=20,name=hdl_global_localization.global_localization_node,msg=RANSAC : iteration:20806 matching_count:1914 error:0.160446 inlier:0.509548
187.583,ros=1778663743.915204,level=20,name=hdl_global_localization.global_localization_node,msg=RANSAC : iteration:21078 matching_count:1936 error:0.162989 inlier:0.40804
187.583,ros=1778663743.915218,level=20,name=hdl_global_localization.global_localization_node,msg=RANSAC : iteration:21099 matching_count:1938 error:0.16095 inlier:0.778894
187.583,ros=1778663743.915266,level=20,name=hdl_global_localization.global_localization_node,msg=RANSAC : iteration:21130 matching_count:1939 error:0.163307 inlier:0.788945
187.583,ros=1778663743.915298,level=20,name=hdl_global_localization.global_localization_node,msg=RANSAC : iteration:21140 matching_count:1940 error:0.160089 inlier:0.0643216
187.583,ros=1778663743.915067,level=20,name=hdl_global_localization.global_localization_node,msg=RANSAC : iteration:20978 matching_count:1929 error:0.163567 inlier:0.390955
187.584,ros=1778663743.914872,level=20,name=hdl_global_localization.global_localization_node,msg=RANSAC : iteration:20900 matching_count:1920 error:0.152936 inlier:0.485427
187.584,ros=1778663743.915377,level=20,name=hdl_global_localization.global_localization_node,msg=RANSAC : iteration:21164 matching_count:1942 error:0.150805 inlier:0.368844
187.584,ros=1778663743.914879,level=20,name=hdl_global_localization.global_localization_node,msg=RANSAC : iteration:20900 matching_count:1920 error:0.15588 inlier:0.554774
187.584,ros=1778663743.915414,level=20,name=hdl_global_localization.global_localization_node,msg=RANSAC : iteration:21170 matching_count:1944 error:0.15396 inlier:0.668844
187.585,ros=1778663743.915141,level=20,name=hdl_global_localization.global_localization_node,msg=RANSAC : iteration:21009 matching_count:1933 error:0.161379 inlier:0.477889
187.585,ros=1778663743.915517,level=20,name=hdl_global_localization.global_localization_node,msg=RANSAC : iteration:21188 matching_count:1947 error:0.161769 inlier:0.462312
187.585,ros=1778663743.915172,level=20,name=hdl_global_localization.global_localization_node,msg=RANSAC : iteration:21022 matching_count:1934 error:0.158349 inlier:0.190452
187.585,ros=1778663743.915203,level=20,name=hdl_global_localization.global_localization_node,msg=RANSAC : iteration:21078 matching_count:1936 error:0.160003 inlier:0.827638
187.586,ros=1778663743.915298,level=20,name=hdl_global_localization.global_localization_node,msg=RANSAC : iteration:21140 matching_count:1940 error:0.162218 inlier:0.474874
187.586,ros=1778663743.915307,level=20,name=hdl_global_localization.global_localization_node,msg=RANSAC : iteration:21140 matching_count:1940 error:0.157243 inlier:0.561307
187.586,ros=1778663743.915321,level=20,name=hdl_global_localization.global_localization_node,msg=RANSAC : iteration:21152 matching_count:1941 error:0.158693 inlier:0.339196
187.586,ros=1778663743.915106,level=20,name=hdl_global_localization.global_localization_node,msg=RANSAC : iteration:20992 matching_count:1930 error:0.157544 inlier:0.448744
187.587,ros=1778663743.915699,level=20,name=hdl_global_localization.global_localization_node,msg=RANSAC : iteration:21253 matching_count:1953 error:0.134987 inlier:0.428141
187.587,ros=1778663743.915761,level=20,name=hdl_global_localization.global_localization_node,msg=RANSAC : iteration:21261 matching_count:1955 error:0.159937 inlier:0.663819
187.587,ros=1778663743.915130,level=20,name=hdl_global_localization.global_localization_node,msg=RANSAC : iteration:21009 matching_count:1933 error:0.158475 inlier:0.460302
187.587,ros=1778663743.915795,level=20,name=hdl_global_localization.global_localization_node,msg=RANSAC : iteration:21264 matching_count:1956 error:0.150982 inlier:0.304523
187.587,ros=1778663743.915519,level=20,name=hdl_global_localization.global_localization_node,msg=RANSAC : iteration:21188 matching_count:1947 error:0.155661 inlier:0.78392
187.587,ros=1778663743.915852,level=20,name=hdl_global_localization.global_localization_node,msg=RANSAC : iteration:21288 matching_count:1958 error:0.163799 inlier:0.41809
187.588,ros=1778663743.915879,level=20,name=hdl_global_localization.global_localization_node,msg=RANSAC : iteration:21293 matching_count:1960 error:0.158213 inlier:0.430653
187.588,ros=1778663743.915927,level=20,name=hdl_global_localization.global_localization_node,msg=RANSAC : iteration:21294 matching_count:1961 error:0.157497 inlier:0.511558
187.588,ros=1778663743.915985,level=20,name=hdl_global_localization.global_localization_node,msg=RANSAC : iteration:21304 matching_count:1962 error:0.154649 inlier:0.68392
187.589,ros=1778663743.914721,level=20,name=hdl_global_localization.global_localization_node,msg=RANSAC : iteration:20806 matching_count:1914 error:0.16045 inlier:0.379899
187.589,ros=1778663743.916060,level=20,name=hdl_global_localization.global_localization_node,msg=RANSAC : iteration:21322 matching_count:1964 error:0.158791 inlier:0.846734
187.589,ros=1778663743.915591,level=20,name=hdl_global_localization.global_localization_node,msg=RANSAC : iteration:21206 matching_count:1950 error:0.163441 inlier:0.503518
187.589,ros=1778663743.915160,level=20,name=hdl_global_localization.global_localization_node,msg=RANSAC : iteration:21019 matching_count:1934 error:0.162048 inlier:0.771859
187.589,ros=1778663743.915633,level=20,name=hdl_global_localization.global_localization_node,msg=RANSAC : iteration:21243 matching_count:1951 error:0.162204 inlier:0.187437
187.589,ros=1778663743.916166,level=20,name=hdl_global_localization.global_localization_node,msg=RANSAC : iteration:21377 matching_count:1968 error:0.155529 inlier:0.635176
187.590,ros=1778663743.916203,level=20,name=hdl_global_localization.global_localization_node,msg=RANSAC : iteration:21391 matching_count:1969 error:0.156463 inlier:0.242714
187.590,ros=1778663743.916238,level=20,name=hdl_global_localization.global_localization_node,msg=RANSAC : iteration:21406 matching_count:1970 error:0.159315 inlier:0.399497
187.590,ros=1778663743.916255,level=20,name=hdl_global_localization.global_localization_node,msg=RANSAC : iteration:21408 matching_count:1971 error:0.161266 inlier:0.456281
187.590,ros=1778663743.915770,level=20,name=hdl_global_localization.global_localization_node,msg=RANSAC : iteration:21261 matching_count:1955 error:0.161281 inlier:0.279899
187.591,ros=1778663743.915423,level=20,name=hdl_global_localization.global_localization_node,msg=RANSAC : iteration:21186 matching_count:1945 error:0.164543 inlier:0.417588
187.591,ros=1778663743.915434,level=20,name=hdl_global_localization.global_localization_node,msg=RANSAC : iteration:21187 matching_count:1946 error:0.160608 inlier:0.274874
187.591,ros=1778663743.915995,level=20,name=hdl_global_localization.global_localization_node,msg=RANSAC : iteration:21304 matching_count:1962 error:0.161091 inlier:0.450251
187.591,ros=1778663743.915999,level=20,name=hdl_global_localization.global_localization_node,msg=RANSAC : iteration:21304 matching_count:1962 error:0.158834 inlier:0.529648
187.591,ros=1778663743.916013,level=20,name=hdl_global_localization.global_localization_node,msg=RANSAC : iteration:21319 matching_count:1962 error:0.15227 inlier:0.163317
187.592,ros=1778663743.915524,level=20,name=hdl_global_localization.global_localization_node,msg=RANSAC : iteration:21188 matching_count:1947 error:0.160286 inlier:0.748744
187.592,ros=1778663743.916417,level=20,name=hdl_global_localization.global_localization_node,msg=RANSAC : iteration:21477 matching_count:1978 error:0.15547 inlier:0.584925
187.592,ros=1778663743.916452,level=20,name=hdl_global_localization.global_localization_node,msg=RANSAC : iteration:21501 matching_count:1980 error:0.165356 inlier:0.434171
187.592,ros=1778663743.916147,level=20,name=hdl_global_localization.global_localization_node,msg=RANSAC : iteration:21353 matching_count:1966 error:0.158958 inlier:0.435678
187.592,ros=1778663743.916256,level=20,name=hdl_global_localization.global_localization_node,msg=RANSAC : iteration:21408 matching_count:1971 error:0.15962 inlier:0.519095
187.593,ros=1778663743.915660,level=20,name=hdl_global_localization.global_localization_node,msg=RANSAC : iteration:21250 matching_count:1952 error:0.162171 inlier:0.341709
187.593,ros=1778663743.916306,level=20,name=hdl_global_localization.global_localization_node,msg=RANSAC : iteration:21420 matching_count:1973 error:0.159445 inlier:0.279397
187.593,ros=1778663743.916348,level=20,name=hdl_global_localization.global_localization_node,msg=RANSAC : iteration:21451 matching_count:1975 error:0.165269 inlier:0.41407
187.593,ros=1778663743.915528,level=20,name=hdl_global_localization.global_localization_node,msg=RANSAC : iteration:21188 matching_count:1947 error:0.158803 inlier:0.822613
187.594,ros=1778663743.916364,level=20,name=hdl_global_localization.global_localization_node,msg=RANSAC : iteration:21453 matching_count:1976 error:0.159143 inlier:0.617588
187.594,ros=1778663743.916452,level=20,name=hdl_global_localization.global_localization_node,msg=RANSAC : iteration:21501 matching_count:1980 error:0.159632 inlier:0.260302
187.594,ros=1778663743.916461,level=20,name=hdl_global_localization.global_localization_node,msg=RANSAC : iteration:21501 matching_count:1980 error:0.161948 inlier:0.648744
187.594,ros=1778663743.916482,level=20,name=hdl_global_localization.global_localization_node,msg=RANSAC : iteration:21501 matching_count:1980 error:0.158091 inlier:0.586432
187.594,ros=1778663743.916500,level=20,name=hdl_global_localization.global_localization_node,msg=RANSAC : iteration:21515 matching_count:1981 error:0.159161 inlier:0.449246
187.595,ros=1778663743.916555,level=20,name=hdl_global_localization.global_localization_node,msg=RANSAC : iteration:21548 matching_count:1984 error:0.156479 inlier:0.697487
187.595,ros=1778663743.916934,level=20,name=hdl_global_localization.global_localization_node,msg=RANSAC : iteration:21653 matching_count:1992 error:0.163576 inlier:0.421106
187.595,ros=1778663743.916619,level=20,name=hdl_global_localization.global_localization_node,msg=RANSAC : iteration:21585 matching_count:1987 error:0.161445 inlier:0.281407
187.595,ros=1778663743.916622,level=20,name=hdl_global_localization.global_localization_node,msg=RANSAC : iteration:21585 matching_count:1987 error:0.159884 inlier:0.609045
187.596,ros=1778663743.916623,level=20,name=hdl_global_localization.global_localization_node,msg=RANSAC : iteration:21585 matching_count:1987 error:0.155991 inlier:0.311558
187.596,ros=1778663743.917096,level=20,name=hdl_global_localization.global_localization_node,msg=RANSAC : iteration:21707 matching_count:1997 error:0.156059 inlier:0.678894
187.596,ros=1778663743.917117,level=20,name=hdl_global_localization.global_localization_node,msg=RANSAC : iteration:21711 matching_count:1997 error:0.159388 inlier:0.447236
187.596,ros=1778663743.916660,level=20,name=hdl_global_localization.global_localization_node,msg=RANSAC : iteration:21585 matching_count:1987 error:0.159903 inlier:0.496985
187.597,ros=1778663743.917164,level=20,name=hdl_global_localization.global_localization_node,msg=RANSAC : iteration:21729 matching_count:1999 error:0.163224 inlier:0.445226
187.597,ros=1778663743.916658,level=20,name=hdl_global_localization.global_localization_node,msg=RANSAC : iteration:21585 matching_count:1987 error:0.154674 inlier:0.50201
187.597,ros=1778663743.916715,level=20,name=hdl_global_localization.global_localization_node,msg=RANSAC : iteration:21585 matching_count:1987 error:0.162414 inlier:0.588945
187.599,ros=1778663743.916783,level=20,name=hdl_global_localization.global_localization_node,msg=RANSAC : iteration:21596 matching_count:1988 error:0.164202 inlier:0.361809
187.599,ros=1778663743.916932,level=20,name=hdl_global_localization.global_localization_node,msg=RANSAC : iteration:21653 matching_count:1992 error:0.158797 inlier:0.345226
187.600,ros=1778663743.916935,level=20,name=hdl_global_localization.global_localization_node,msg=RANSAC : iteration:21653 matching_count:1992 error:0.164606 inlier:0.227638
187.600,ros=1778663743.916064,level=20,name=hdl_global_localization.global_localization_node,msg=RANSAC : iteration:21322 matching_count:1964 error:0.161617 inlier:0.730151
187.600,ros=1778663743.916949,level=20,name=hdl_global_localization.global_localization_node,msg=RANSAC : iteration:21657 matching_count:1992 error:0.157051 inlier:0.715075
187.601,ros=1778663743.917006,level=20,name=hdl_global_localization.global_localization_node,msg=RANSAC : iteration:21697 matching_count:1996 error:0.157073 inlier:0.49196
187.601,ros=1778663743.917119,level=20,name=hdl_global_localization.global_localization_node,msg=RANSAC : iteration:21711 matching_count:1998 error:0.160202 inlier:0.526131
187.601,ros=1778663743.916686,level=20,name=hdl_global_localization.global_localization_node,msg=RANSAC : iteration:21585 matching_count:1987 error:0.162588 inlier:0.349246
187.601,ros=1778663743.917243,level=20,name=hdl_global_localization.global_localization_node,msg=RANSAC : iteration:21737 matching_count:2001 error:0.162802 inlier:0.601005
187.601,ros=1778663743.917243,level=20,name=hdl_global_localization.global_localization_node,msg=RANSAC : iteration:21737 matching_count:2001 error:0.161855 inlier:0.578894
187.601,ros=1778663743.917292,level=20,name=hdl_global_localization.global_localization_node,msg=RANSAC : iteration:21737 matching_count:2001 error:0.157116 inlier:0.563819
187.602,ros=1778663743.917328,level=20,name=hdl_global_localization.global_localization_node,msg=RANSAC : iteration:21737 matching_count:2001 error:0.165626 inlier:0.871357
187.602,ros=1778663743.916698,level=20,name=hdl_global_localization.global_localization_node,msg=RANSAC : iteration:21585 matching_count:1987 error:0.159043 inlier:0.253769
187.602,ros=1778663743.917426,level=20,name=hdl_global_localization.global_localization_node,msg=RANSAC : iteration:21737 matching_count:2001 error:0.158459 inlier:0.498995
187.602,ros=1778663743.919386,level=30,name=HdlLocalizationNodelet,msg=waiting for initial pose input or global relocalization!!
187.602,ros=1778663743.919523,level=20,name=HdlLocalizationNodelet,msg=Global localization candidates: returned=10 requested=10 fitness_threshold=0.12 min_margin=0.1 query_points=16838
187.763,ros=1778663744.103731,level=20,name=HdlLocalizationNodelet,msg=Global localization candidate[0] trans=(-1.53269, 10.6626, 0.812474) error=0.162222 inlier=0.922111 ndt_converged=1 ndt_fitness=0.166744
187.885,ros=1778663744.225619,level=20,name=HdlLocalizationNodelet,msg=Global localization candidate[1] trans=(0.828587, 11.9153, 0.606451) error=0.167443 inlier=0.917085 ndt_converged=1 ndt_fitness=0.377961
188.050,ros=1778663744.387866,level=20,name=HdlLocalizationNodelet,msg=Global localization candidate[2] trans=(7.139, 8.89951, -0.0261605) error=0.161467 inlier=0.912563 ndt_converged=1 ndt_fitness=0.449695
188.219,ros=1778663744.559286,level=20,name=HdlLocalizationNodelet,msg=Global localization candidate[3] trans=(5.75894, 6.62157, -0.0021621) error=0.150101 inlier=0.911558 ndt_converged=1 ndt_fitness=0.61164
188.287,ros=1778663744.627280,level=20,name=HdlLocalizationNodelet,msg=Global localization candidate[4] trans=(-1.39559, 0.661836, -0.0532681) error=0.157683 inlier=0.908543 ndt_converged=1 ndt_fitness=0.323147
188.411,ros=1778663744.751913,level=20,name=HdlLocalizationNodelet,msg=Global localization candidate[5] trans=(5.70603, 5.36503, 1.32196) error=0.160698 inlier=0.901005 ndt_converged=1 ndt_fitness=0.582526
188.598,ros=1778663744.938291,level=20,name=HdlLocalizationNodelet,msg=Global localization candidate[6] trans=(-2.12887, 2.99588, 0.886923) error=0.161357 inlier=0.898995 ndt_converged=1 ndt_fitness=0.286159
188.667,ros=1778663745.007451,level=20,name=HdlLocalizationNodelet,msg=Global localization candidate[7] trans=(0.0963244, 1.39166, 0.239362) error=0.155772 inlier=0.894975 ndt_converged=1 ndt_fitness=0.0481011
188.788,ros=1778663745.128873,level=20,name=HdlLocalizationNodelet,msg=Global localization candidate[8] trans=(-1.54824, 10.3538, -0.352528) error=0.157464 inlier=0.894472 ndt_converged=1 ndt_fitness=0.166424
188.894,ros=1778663745.233786,level=20,name=HdlLocalizationNodelet,msg=Global localization candidate[9] trans=(4.92401, 5.78231, 0.191662) error=0.167256 inlier=0.892965 ndt_converged=1 ndt_fitness=0.992513
188.894,ros=1778663745.233874,level=20,name=HdlLocalizationNodelet,msg=Best global localization candidate[7] fitness=0.0481011 error=0.155772 inlier=0.894975 accepted_candidates=1
188.894,ros=1778663745.233906,level=30,name=HdlLocalizationNodelet,msg=hold global localization result until it is repeatable: consistent=1/3 window=5 xy_tol=0.8 yaw_tol=0.35
188.895,ros=1778663745.233922,level=30,name=HdlLocalizationNodelet,msg=auto relocalize failed; call /relocalize after the scan is stable or set /initialpose manually
188.895,ros=1778663745.235808,level=30,name=HdlLocalizationNodelet,msg=waiting for initial pose input or global relocalization!!
188.902,ros=1778663745.242508,level=30,name=HdlLocalizationNodelet,msg=waiting for initial pose input or global relocalization!!
188.911,ros=1778663745.249216,level=30,name=HdlLocalizationNodelet,msg=waiting for initial pose input or global relocalization!!
188.914,ros=1778663745.254582,level=30,name=HdlLocalizationNodelet,msg=waiting for initial pose input or global relocalization!!
188.986,ros=1778663745.325667,level=30,name=HdlLocalizationNodelet,msg=waiting for initial pose input or global relocalization!!
189.091,ros=1778663745.431184,level=30,name=HdlLocalizationNodelet,msg=waiting for initial pose input or global relocalization!!
189.178,ros=1778663745.518427,level=30,name=HdlLocalizationNodelet,msg=waiting for initial pose input or global relocalization!!
189.289,ros=1778663745.624663,level=30,name=HdlLocalizationNodelet,msg=waiting for initial pose input or global relocalization!!
189.382,ros=1778663745.718909,level=30,name=HdlLocalizationNodelet,msg=waiting for initial pose input or global relocalization!!
189.408,ros=1778663745.748220,level=20,name=HdlLocalizationNodelet,msg=auto relocalize on start
189.414,ros=1778663745.754522,level=20,name=HdlLocalizationNodelet,msg=global localization height-filtered scan points: 16291 z=[0, inf]
189.415,ros=1778663745.755098,level=20,name=hdl_global_localization.global_localization_node,msg=Query Global Localization
189.415,ros=1778663745.755454,level=20,name=hdl_global_localization.global_localization_node,msg=Normal Estimation: Radius(1)
189.416,ros=1778663745.756526,level=20,name=hdl_global_localization.global_localization_node,msg=FPFH Extraction: Search Radius(3)
189.438,ros=1778663745.778641,level=20,name=hdl_global_localization.global_localization_node,msg=RANSAC : Precompute Nearest Features
189.477,ros=1778663745.816017,level=30,name=HdlLocalizationNodelet,msg=waiting for initial pose input or global relocalization!!
189.505,ros=1778663745.845091,level=20,name=hdl_global_localization.global_localization_node,msg=RANSAC : Main Loop
189.507,ros=1778663745.846522,level=20,name=hdl_global_localization.global_localization_node,msg=RANSAC : iteration:49 matching_count:5 error:0.157735 inlier:0.573824
189.507,ros=1778663745.846634,level=20,name=hdl_global_localization.global_localization_node,msg=RANSAC : iteration:88 matching_count:10 error:0.170394 inlier:0.371552
189.507,ros=1778663745.846679,level=20,name=hdl_global_localization.global_localization_node,msg=RANSAC : iteration:95 matching_count:11 error:0.156315 inlier:0.833423
189.508,ros=1778663745.846688,level=20,name=hdl_global_localization.global_localization_node,msg=RANSAC : iteration:95 matching_count:11 error:0.165432 inlier:0.776095
189.508,ros=1778663745.846811,level=20,name=hdl_global_localization.global_localization_node,msg=RANSAC : iteration:125 matching_count:16 error:0.157734 inlier:0.735533
189.508,ros=1778663745.846634,level=20,name=hdl_global_localization.global_localization_node,msg=RANSAC : iteration:88 matching_count:10 error:0.156105 inlier:0.340184
189.508,ros=1778663745.846653,level=20,name=hdl_global_localization.global_localization_node,msg=RANSAC : iteration:90 matching_count:11 error:0.159468 inlier:0.57166
189.509,ros=1778663745.846997,level=20,name=hdl_global_localization.global_localization_node,msg=RANSAC : iteration:176 matching_count:21 error:0.157211 inlier:0.55219
189.509,ros=1778663745.846524,level=20,name=hdl_global_localization.global_localization_node,msg=RANSAC : iteration:49 matching_count:5 error:0.166249 inlier:0.0459708
189.509,ros=1778663745.846729,level=20,name=hdl_global_localization.global_localization_node,msg=RANSAC : iteration:115 matching_count:15 error:0.163355 inlier:0.569497
189.509,ros=1778663745.846770,level=20,name=hdl_global_localization.global_localization_node,msg=RANSAC : iteration:125 matching_count:16 error:0.153678 inlier:0.237426
189.510,ros=1778663745.846690,level=20,name=hdl_global_localization.global_localization_node,msg=RANSAC : iteration:95 matching_count:12 error:0.159275 inlier:0.368848
189.511,ros=1778663745.848098,level=20,name=hdl_global_localization.global_localization_node,msg=RANSAC : iteration:397 matching_count:55 error:0.161706 inlier:0.44132
189.513,ros=1778663745.850765,level=20,name=hdl_global_localization.global_localization_node,msg=RANSAC : iteration:998 matching_count:135 error:0.156161 inlier:0.321255
189.516,ros=1778663745.854685,level=20,name=hdl_global_localization.global_localization_node,msg=RANSAC : iteration:2182 matching_count:290 error:0.159396 inlier:0.673337
189.518,ros=1778663745.856951,level=20,name=hdl_global_localization.global_localization_node,msg=RANSAC : iteration:3112 matching_count:402 error:0.1571 inlier:0.699297
189.519,ros=1778663745.858434,level=20,name=hdl_global_localization.global_localization_node,msg=RANSAC : iteration:3607 matching_count:477 error:0.158032 inlier:0.440238
189.519,ros=1778663745.858633,level=20,name=hdl_global_localization.global_localization_node,msg=RANSAC : iteration:3705 matching_count:489 error:0.161658 inlier:0.559762
189.520,ros=1778663745.858695,level=20,name=hdl_global_localization.global_localization_node,msg=RANSAC : iteration:3718 matching_count:493 error:0.158571 inlier:0.461871
189.520,ros=1778663745.858847,level=20,name=hdl_global_localization.global_localization_node,msg=RANSAC : iteration:3811 matching_count:503 error:0.161773 inlier:0.511087
189.520,ros=1778663745.859066,level=20,name=hdl_global_localization.global_localization_node,msg=RANSAC : iteration:3931 matching_count:516 error:0.157486 inlier:0.646295
189.521,ros=1778663745.859287,level=20,name=hdl_global_localization.global_localization_node,msg=RANSAC : iteration:4082 matching_count:530 error:0.16008 inlier:0.378042
189.521,ros=1778663745.859474,level=20,name=hdl_global_localization.global_localization_node,msg=RANSAC : iteration:4195 matching_count:544 error:0.161767 inlier:0.5457
189.521,ros=1778663745.859543,level=20,name=hdl_global_localization.global_localization_node,msg=RANSAC : iteration:4231 matching_count:549 error:0.158075 inlier:0.44835
189.522,ros=1778663745.859736,level=20,name=hdl_global_localization.global_localization_node,msg=RANSAC : iteration:4357 matching_count:565 error:0.158871 inlier:0.647377
189.522,ros=1778663745.859749,level=20,name=hdl_global_localization.global_localization_node,msg=RANSAC : iteration:4368 matching_count:566 error:0.157283 inlier:0.774473
189.522,ros=1778663745.860350,level=20,name=hdl_global_localization.global_localization_node,msg=RANSAC : iteration:4517 matching_count:594 error:0.155697 inlier:0.524067
189.522,ros=1778663745.860300,level=20,name=hdl_global_localization.global_localization_node,msg=RANSAC : iteration:4501 matching_count:592 error:0.156921 inlier:0.494321
189.523,ros=1778663745.860653,level=20,name=hdl_global_localization.global_localization_node,msg=RANSAC : iteration:4623 matching_count:607 error:0.157919 inlier:0.423472
189.523,ros=1778663745.860846,level=20,name=hdl_global_localization.global_localization_node,msg=RANSAC : iteration:4677 matching_count:614 error:0.163862 inlier:0.367226
189.523,ros=1778663745.861316,level=20,name=hdl_global_localization.global_localization_node,msg=RANSAC : iteration:4873 matching_count:635 error:0.158698 inlier:0.189292
189.523,ros=1778663745.861832,level=20,name=hdl_global_localization.global_localization_node,msg=RANSAC : iteration:5046 matching_count:652 error:0.165368 inlier:0.613304
189.524,ros=1778663745.862079,level=20,name=hdl_global_localization.global_localization_node,msg=RANSAC : iteration:5150 matching_count:663 error:0.160459 inlier:0.544619
189.524,ros=1778663745.862063,level=20,name=hdl_global_localization.global_localization_node,msg=RANSAC : iteration:5150 matching_count:663 error:0.163111 inlier:0.524608
189.524,ros=1778663745.862835,level=20,name=hdl_global_localization.global_localization_node,msg=RANSAC : iteration:5445 matching_count:692 error:0.158916 inlier:0.535425
189.524,ros=1778663745.862923,level=20,name=hdl_global_localization.global_localization_node,msg=RANSAC : iteration:5475 matching_count:697 error:0.161387 inlier:0.400757
189.525,ros=1778663745.863165,level=20,name=hdl_global_localization.global_localization_node,msg=RANSAC : iteration:5570 matching_count:710 error:0.164128 inlier:0.660898
189.525,ros=1778663745.863497,level=20,name=hdl_global_localization.global_localization_node,msg=RANSAC : iteration:5690 matching_count:725 error:0.183854 inlier:0.517577
189.525,ros=1778663745.863760,level=20,name=hdl_global_localization.global_localization_node,msg=RANSAC : iteration:5778 matching_count:740 error:0.16083 inlier:0.465116
189.525,ros=1778663745.864098,level=20,name=hdl_global_localization.global_localization_node,msg=RANSAC : iteration:5844 matching_count:755 error:0.159384 inlier:0.399135
189.526,ros=1778663745.864427,level=20,name=hdl_global_localization.global_localization_node,msg=RANSAC : iteration:5958 matching_count:772 error:0.165207 inlier:0.52569
189.527,ros=1778663745.865651,level=20,name=hdl_global_localization.global_localization_node,msg=RANSAC : iteration:6430 matching_count:829 error:0.161992 inlier:0.570579
189.527,ros=1778663745.866056,level=20,name=hdl_global_localization.global_localization_node,msg=RANSAC : iteration:6621 matching_count:850 error:0.16023 inlier:0.543537
189.528,ros=1778663745.866329,level=20,name=hdl_global_localization.global_localization_node,msg=RANSAC : iteration:6741 matching_count:865 error:0.160659 inlier:0.420768
189.528,ros=1778663745.866442,level=20,name=hdl_global_localization.global_localization_node,msg=RANSAC : iteration:6792 matching_count:871 error:0.157363 inlier:0.178475
189.528,ros=1778663745.866881,level=20,name=hdl_global_localization.global_localization_node,msg=RANSAC : iteration:6949 matching_count:896 error:0.164504 inlier:0.43483
189.528,ros=1778663745.866428,level=20,name=hdl_global_localization.global_localization_node,msg=RANSAC : iteration:6786 matching_count:870 error:0.159914 inlier:0.472688
189.529,ros=1778663745.867396,level=20,name=hdl_global_localization.global_localization_node,msg=RANSAC : iteration:7143 matching_count:922 error:0.158717 inlier:0.756625
189.529,ros=1778663745.867508,level=20,name=hdl_global_localization.global_localization_node,msg=RANSAC : iteration:7165 matching_count:926 error:0.15895 inlier:0.563007
189.529,ros=1778663745.868180,level=20,name=hdl_global_localization.global_localization_node,msg=RANSAC : iteration:7425 matching_count:959 error:0.155026 inlier:0.834505
189.530,ros=1778663745.868463,level=20,name=hdl_global_localization.global_localization_node,msg=RANSAC : iteration:7538 matching_count:973 error:0.161448 inlier:0.889129
189.530,ros=1778663745.869082,level=20,name=hdl_global_localization.global_localization_node,msg=RANSAC : iteration:7857 matching_count:1012 error:0.160637 inlier:0.261763
189.531,ros=1778663745.869228,level=20,name=hdl_global_localization.global_localization_node,msg=RANSAC : iteration:7943 matching_count:1020 error:0.156306 inlier:0.433207
189.531,ros=1778663745.869565,level=20,name=hdl_global_localization.global_localization_node,msg=RANSAC : iteration:8089 matching_count:1040 error:0.158227 inlier:0.600865
189.532,ros=1778663745.869722,level=20,name=hdl_global_localization.global_localization_node,msg=RANSAC : iteration:8130 matching_count:1049 error:0.156653 inlier:0.347215
189.532,ros=1778663745.870117,level=20,name=hdl_global_localization.global_localization_node,msg=RANSAC : iteration:8305 matching_count:1068 error:0.161477 inlier:0.570579
189.532,ros=1778663745.870243,level=20,name=hdl_global_localization.global_localization_node,msg=RANSAC : iteration:8360 matching_count:1074 error:0.161359 inlier:0.770687
189.532,ros=1778663745.870015,level=20,name=hdl_global_localization.global_localization_node,msg=RANSAC : iteration:8244 matching_count:1063 error:0.162699 inlier:0.769605
189.532,ros=1778663745.870029,level=20,name=hdl_global_localization.global_localization_node,msg=RANSAC : iteration:8244 matching_count:1063 error:0.151814 inlier:0.625744
189.533,ros=1778663745.870897,level=20,name=hdl_global_localization.global_localization_node,msg=RANSAC : iteration:8580 matching_count:1104 error:0.155669 inlier:0.632234
189.533,ros=1778663745.871181,level=20,name=hdl_global_localization.global_localization_node,msg=RANSAC : iteration:8698 matching_count:1117 error:0.157716 inlier:0.744727
189.533,ros=1778663745.871412,level=20,name=hdl_global_localization.global_localization_node,msg=RANSAC : iteration:8749 matching_count:1125 error:0.156993 inlier:0.133045
189.533,ros=1778663745.871044,level=20,name=hdl_global_localization.global_localization_node,msg=RANSAC : iteration:8644 matching_count:1111 error:0.157769 inlier:0.777177
189.534,ros=1778663745.870976,level=20,name=hdl_global_localization.global_localization_node,msg=RANSAC : iteration:8609 matching_count:1108 error:0.152496 inlier:0.294213
189.534,ros=1778663745.871960,level=20,name=hdl_global_localization.global_localization_node,msg=RANSAC : iteration:8922 matching_count:1146 error:0.161109 inlier:0.747431
189.534,ros=1778663745.872093,level=20,name=hdl_global_localization.global_localization_node,msg=RANSAC : iteration:8969 matching_count:1151 error:0.161674 inlier:0.573283
189.534,ros=1778663745.872878,level=20,name=hdl_global_localization.global_localization_node,msg=RANSAC : iteration:9153 matching_count:1174 error:0.161136 inlier:0.479719
189.534,ros=1778663745.872524,level=20,name=hdl_global_localization.global_localization_node,msg=RANSAC : iteration:9078 matching_count:1167 error:0.155062 inlier:0.831801
189.536,ros=1778663745.873241,level=20,name=hdl_global_localization.global_localization_node,msg=RANSAC : iteration:9227 matching_count:1191 error:0.156467 inlier:0.503515
189.536,ros=1778663745.873661,level=20,name=hdl_global_localization.global_localization_node,msg=RANSAC : iteration:9411 matching_count:1212 error:0.158584 inlier:0.273661
189.536,ros=1778663745.873679,level=20,name=hdl_global_localization.global_localization_node,msg=RANSAC : iteration:9414 matching_count:1213 error:0.156695 inlier:0.630611
189.536,ros=1778663745.873860,level=20,name=hdl_global_localization.global_localization_node,msg=RANSAC : iteration:9504 matching_count:1223 error:0.157631 inlier:0.639805
189.537,ros=1778663745.874002,level=20,name=hdl_global_localization.global_localization_node,msg=RANSAC : iteration:9549 matching_count:1231 error:0.156242 inlier:0.787453
189.537,ros=1778663745.873487,level=20,name=hdl_global_localization.global_localization_node,msg=RANSAC : iteration:9357 matching_count:1203 error:0.152522 inlier:0.231476
189.537,ros=1778663745.874149,level=20,name=hdl_global_localization.global_localization_node,msg=RANSAC : iteration:9617 matching_count:1239 error:0.156052 inlier:0.617631
189.537,ros=1778663745.874232,level=20,name=hdl_global_localization.global_localization_node,msg=RANSAC : iteration:9650 matching_count:1244 error:0.143387 inlier:0.360736
189.538,ros=1778663745.874241,level=20,name=hdl_global_localization.global_localization_node,msg=RANSAC : iteration:9661 matching_count:1245 error:0.160182 inlier:0.599243
189.538,ros=1778663745.874058,level=20,name=hdl_global_localization.global_localization_node,msg=RANSAC : iteration:9575 matching_count:1234 error:0.161187 inlier:0.329367
189.538,ros=1778663745.874584,level=20,name=hdl_global_localization.global_localization_node,msg=RANSAC : iteration:9799 matching_count:1259 error:0.1511 inlier:0.686317
189.538,ros=1778663745.874833,level=20,name=hdl_global_localization.global_localization_node,msg=RANSAC : iteration:9876 matching_count:1268 error:0.161347 inlier:0.720389
189.539,ros=1778663745.874877,level=20,name=hdl_global_localization.global_localization_node,msg=RANSAC : iteration:9889 matching_count:1270 error:0.159288 inlier:0.301244
189.539,ros=1778663745.875778,level=20,name=hdl_global_localization.global_localization_node,msg=RANSAC : iteration:10071 matching_count:1295 error:0.159307 inlier:0.448891
189.539,ros=1778663745.875580,level=20,name=hdl_global_localization.global_localization_node,msg=RANSAC : iteration:10039 matching_count:1290 error:0.159238 inlier:0.465657
189.539,ros=1778663745.876266,level=20,name=hdl_global_localization.global_localization_node,msg=RANSAC : iteration:10145 matching_count:1303 error:0.158891 inlier:0.712818
189.539,ros=1778663745.876108,level=20,name=hdl_global_localization.global_localization_node,msg=RANSAC : iteration:10104 matching_count:1299 error:0.161195 inlier:0.164954
189.540,ros=1778663745.876742,level=20,name=hdl_global_localization.global_localization_node,msg=RANSAC : iteration:10265 matching_count:1319 error:0.160559 inlier:0.507842
189.540,ros=1778663745.877263,level=20,name=hdl_global_localization.global_localization_node,msg=RANSAC : iteration:10379 matching_count:1336 error:0.161433 inlier:0.341266
189.540,ros=1778663745.877126,level=20,name=hdl_global_localization.global_localization_node,msg=RANSAC : iteration:10339 matching_count:1331 error:0.157578 inlier:0.72742
189.540,ros=1778663745.878269,level=20,name=hdl_global_localization.global_localization_node,msg=RANSAC : iteration:10513 matching_count:1360 error:0.15713 inlier:0.40941
189.541,ros=1778663745.879007,level=20,name=hdl_global_localization.global_localization_node,msg=RANSAC : iteration:10686 matching_count:1378 error:0.159484 inlier:0.458626
189.541,ros=1778663745.879673,level=20,name=hdl_global_localization.global_localization_node,msg=RANSAC : iteration:10876 matching_count:1400 error:0.158541 inlier:0.544078
189.542,ros=1778663745.880143,level=20,name=hdl_global_localization.global_localization_node,msg=RANSAC : iteration:10970 matching_count:1414 error:0.15934 inlier:0.48675
189.542,ros=1778663745.880737,level=20,name=hdl_global_localization.global_localization_node,msg=RANSAC : iteration:11148 matching_count:1438 error:0.154451 inlier:0.358031
189.542,ros=1778663745.880954,level=20,name=hdl_global_localization.global_localization_node,msg=RANSAC : iteration:11249 matching_count:1449 error:0.157859 inlier:0.87669
189.543,ros=1778663745.881355,level=20,name=hdl_global_localization.global_localization_node,msg=RANSAC : iteration:11432 matching_count:1468 error:0.156771 inlier:0.513791
189.543,ros=1778663745.880862,level=20,name=hdl_global_localization.global_localization_node,msg=RANSAC : iteration:11222 matching_count:1444 error:0.159604 inlier:0.537047
189.544,ros=1778663745.881603,level=20,name=hdl_global_localization.global_localization_node,msg=RANSAC : iteration:11534 matching_count:1480 error:0.167886 inlier:0.427258
189.544,ros=1778663745.882409,level=20,name=hdl_global_localization.global_localization_node,msg=RANSAC : iteration:11889 matching_count:1522 error:0.175364 inlier:0.0108167
189.544,ros=1778663745.882345,level=20,name=hdl_global_localization.global_localization_node,msg=RANSAC : iteration:11845 matching_count:1518 error:0.165125 inlier:0.455922
189.545,ros=1778663745.882232,level=20,name=hdl_global_localization.global_localization_node,msg=RANSAC : iteration:11809 matching_count:1511 error:0.155411 inlier:0.319091
189.545,ros=1778663745.882689,level=20,name=hdl_global_localization.global_localization_node,msg=RANSAC : iteration:12053 matching_count:1538 error:0.162317 inlier:0.431585
189.545,ros=1778663745.882997,level=20,name=hdl_global_localization.global_localization_node,msg=RANSAC : iteration:12168 matching_count:1550 error:0.161854 inlier:0.339643
189.546,ros=1778663745.883368,level=20,name=hdl_global_localization.global_localization_node,msg=RANSAC : iteration:12263 matching_count:1560 error:0.165165 inlier:0.424013
189.546,ros=1778663745.883959,level=20,name=hdl_global_localization.global_localization_node,msg=RANSAC : iteration:12400 matching_count:1580 error:0.172626 inlier:0.677123
189.547,ros=1778663745.884057,level=20,name=hdl_global_localization.global_localization_node,msg=RANSAC : iteration:12437 matching_count:1586 error:0.164019 inlier:0.352082
189.547,ros=1778663745.884170,level=20,name=hdl_global_localization.global_localization_node,msg=RANSAC : iteration:12467 matching_count:1590 error:0.15945 inlier:0.353164
189.547,ros=1778663745.884714,level=20,name=hdl_global_localization.global_localization_node,msg=RANSAC : iteration:12665 matching_count:1615 error:0.167757 inlier:0.1947
189.547,ros=1778663745.884769,level=20,name=hdl_global_localization.global_localization_node,msg=RANSAC : iteration:12680 matching_count:1617 error:0.164368 inlier:0.572201
189.548,ros=1778663745.884991,level=20,name=hdl_global_localization.global_localization_node,msg=RANSAC : iteration:12780 matching_count:1625 error:0.160077 inlier:0.2596
189.548,ros=1778663745.885646,level=20,name=hdl_global_localization.global_localization_node,msg=RANSAC : iteration:12912 matching_count:1642 error:0.165754 inlier:0.346133
189.548,ros=1778663745.885803,level=20,name=hdl_global_localization.global_localization_node,msg=RANSAC : iteration:12957 matching_count:1649 error:0.160472 inlier:0.518659
189.548,ros=1778663745.885994,level=20,name=hdl_global_localization.global_localization_node,msg=RANSAC : iteration:12987 matching_count:1655 error:0.16071 inlier:0.366144
189.549,ros=1778663745.886375,level=20,name=hdl_global_localization.global_localization_node,msg=RANSAC : iteration:13068 matching_count:1665 error:0.161023 inlier:0.495944
189.549,ros=1778663745.886727,level=20,name=hdl_global_localization.global_localization_node,msg=RANSAC : iteration:13215 matching_count:1675 error:0.15738 inlier:0.630611
189.549,ros=1778663745.886611,level=20,name=hdl_global_localization.global_localization_node,msg=RANSAC : iteration:13170 matching_count:1670 error:0.162693 inlier:0.213088
189.550,ros=1778663745.887646,level=20,name=hdl_global_localization.global_localization_node,msg=RANSAC : iteration:13463 matching_count:1706 error:0.165973 inlier:0.586804
189.550,ros=1778663745.887590,level=20,name=hdl_global_localization.global_localization_node,msg=RANSAC : iteration:13427 matching_count:1702 error:0.16695 inlier:0.0659816
189.550,ros=1778663745.887953,level=20,name=hdl_global_localization.global_localization_node,msg=RANSAC : iteration:13531 matching_count:1718 error:0.149621 inlier:0.213088
189.551,ros=1778663745.888488,level=20,name=hdl_global_localization.global_localization_node,msg=RANSAC : iteration:13694 matching_count:1741 error:0.160201 inlier:0.405625
189.551,ros=1778663745.888684,level=20,name=hdl_global_localization.global_localization_node,msg=RANSAC : iteration:13798 matching_count:1752 error:0.156276 inlier:0.652244
189.551,ros=1778663745.889346,level=20,name=hdl_global_localization.global_localization_node,msg=RANSAC : iteration:13934 matching_count:1773 error:0.159061 inlier:0.813413
189.552,ros=1778663745.889727,level=20,name=hdl_global_localization.global_localization_node,msg=RANSAC : iteration:14000 matching_count:1785 error:0.161051 inlier:0.643591
189.552,ros=1778663745.889594,level=20,name=hdl_global_localization.global_localization_node,msg=RANSAC : iteration:13968 matching_count:1780 error:0.160051 inlier:0.55165
189.552,ros=1778663745.890351,level=20,name=hdl_global_localization.global_localization_node,msg=RANSAC : iteration:14148 matching_count:1802 error:0.159242 inlier:0.559221
189.552,ros=1778663745.890936,level=20,name=hdl_global_localization.global_localization_node,msg=RANSAC : iteration:14274 matching_count:1820 error:0.158862 inlier:0.430503
189.553,ros=1778663745.891308,level=20,name=hdl_global_localization.global_localization_node,msg=RANSAC : iteration:14412 matching_count:1838 error:0.163139 inlier:0.255273
189.553,ros=1778663745.891091,level=20,name=hdl_global_localization.global_localization_node,msg=RANSAC : iteration:14333 matching_count:1828 error:0.157739 inlier:0.748513
189.553,ros=1778663745.891621,level=20,name=hdl_global_localization.global_localization_node,msg=RANSAC : iteration:14557 matching_count:1853 error:0.162858 inlier:0.416441
189.553,ros=1778663745.891880,level=20,name=hdl_global_localization.global_localization_node,msg=RANSAC : iteration:14646 matching_count:1867 error:0.163474 inlier:0.685235
189.554,ros=1778663745.891965,level=20,name=hdl_global_localization.global_localization_node,msg=RANSAC : iteration:14679 matching_count:1872 error:0.161143 inlier:0.356409
189.554,ros=1778663745.892385,level=20,name=hdl_global_localization.global_localization_node,msg=RANSAC : iteration:14834 matching_count:1894 error:0.159134 inlier:0.787453
189.554,ros=1778663745.892932,level=20,name=hdl_global_localization.global_localization_node,msg=RANSAC : iteration:14968 matching_count:1917 error:0.160722 inlier:0.15576
189.554,ros=1778663745.891790,level=20,name=hdl_global_localization.global_localization_node,msg=RANSAC : iteration:14610 matching_count:1862 error:0.160991 inlier:0.460249
189.557,ros=1778663745.892812,level=20,name=hdl_global_localization.global_localization_node,msg=RANSAC : iteration:14933 matching_count:1909 error:0.156077 inlier:0.592753
189.557,ros=1778663745.892975,level=20,name=hdl_global_localization.global_localization_node,msg=RANSAC : iteration:14980 matching_count:1919 error:0.159246 inlier:0.673337
189.558,ros=1778663745.892527,level=20,name=hdl_global_localization.global_localization_node,msg=RANSAC : iteration:14882 matching_count:1900 error:0.161094 inlier:0.383991
189.558,ros=1778663745.893021,level=20,name=hdl_global_localization.global_localization_node,msg=RANSAC : iteration:15001 matching_count:1922 error:0.169489 inlier:0.223364
189.558,ros=1778663745.892743,level=20,name=hdl_global_localization.global_localization_node,msg=RANSAC : iteration:14916 matching_count:1905 error:0.157384 inlier:0.837209
189.559,ros=1778663745.892923,level=20,name=hdl_global_localization.global_localization_node,msg=RANSAC : iteration:14966 matching_count:1916 error:0.158043 inlier:0.686858
189.559,ros=1778663745.892735,level=20,name=hdl_global_localization.global_localization_node,msg=RANSAC : iteration:14911 matching_count:1905 error:0.154545 inlier:0.57112
189.559,ros=1778663745.892954,level=20,name=hdl_global_localization.global_localization_node,msg=RANSAC : iteration:14973 matching_count:1918 error:0.162936 inlier:0.289886
189.559,ros=1778663745.892972,level=20,name=hdl_global_localization.global_localization_node,msg=RANSAC : iteration:14980 matching_count:1919 error:0.163001 inlier:0.452136
189.560,ros=1778663745.892853,level=20,name=hdl_global_localization.global_localization_node,msg=RANSAC : iteration:14943 matching_count:1912 error:0.161637 inlier:0.378042
189.560,ros=1778663745.893025,level=20,name=hdl_global_localization.global_localization_node,msg=RANSAC : iteration:15001 matching_count:1922 error:0.157813 inlier:0.670092
189.560,ros=1778663745.893027,level=20,name=hdl_global_localization.global_localization_node,msg=RANSAC : iteration:15001 matching_count:1922 error:0.160071 inlier:0.673337
189.560,ros=1778663745.893183,level=20,name=hdl_global_localization.global_localization_node,msg=RANSAC : iteration:15069 matching_count:1930 error:0.160699 inlier:0.182802
189.561,ros=1778663745.892915,level=20,name=hdl_global_localization.global_localization_node,msg=RANSAC : iteration:14966 matching_count:1916 error:0.161794 inlier:0.177393
189.561,ros=1778663745.893072,level=20,name=hdl_global_localization.global_localization_node,msg=RANSAC : iteration:15018 matching_count:1924 error:0.167401 inlier:0.365603
189.561,ros=1778663745.893081,level=20,name=hdl_global_localization.global_localization_node,msg=RANSAC : iteration:15018 matching_count:1924 error:0.158664 inlier:0.51271
189.562,ros=1778663745.893093,level=20,name=hdl_global_localization.global_localization_node,msg=RANSAC : iteration:15028 matching_count:1924 error:0.160836 inlier:0.348296
189.562,ros=1778663745.893107,level=20,name=hdl_global_localization.global_localization_node,msg=RANSAC : iteration:15040 matching_count:1926 error:0.156298 inlier:0.479719
189.562,ros=1778663745.893141,level=20,name=hdl_global_localization.global_localization_node,msg=RANSAC : iteration:15052 matching_count:1927 error:0.159229 inlier:0.566793
189.562,ros=1778663745.893148,level=20,name=hdl_global_localization.global_localization_node,msg=RANSAC : iteration:15052 matching_count:1928 error:0.160044 inlier:0.699838
189.563,ros=1778663745.893063,level=20,name=hdl_global_localization.global_localization_node,msg=RANSAC : iteration:15018 matching_count:1924 error:0.155953 inlier:0.354246
189.563,ros=1778663745.893207,level=20,name=hdl_global_localization.global_localization_node,msg=RANSAC : iteration:15077 matching_count:1932 error:0.160684 inlier:0.505138
189.563,ros=1778663745.893462,level=20,name=hdl_global_localization.global_localization_node,msg=RANSAC : iteration:15120 matching_count:1941 error:0.160951 inlier:0.63007
189.564,ros=1778663745.893487,level=20,name=hdl_global_localization.global_localization_node,msg=RANSAC : iteration:15176 matching_count:1942 error:0.156446 inlier:0.46728
189.564,ros=1778663745.893244,level=20,name=hdl_global_localization.global_localization_node,msg=RANSAC : iteration:15080 matching_count:1933 error:0.164701 inlier:0.21417
189.564,ros=1778663745.893258,level=20,name=hdl_global_localization.global_localization_node,msg=RANSAC : iteration:15080 matching_count:1933 error:0.157126 inlier:0.371552
189.564,ros=1778663745.893528,level=20,name=hdl_global_localization.global_localization_node,msg=RANSAC : iteration:15194 matching_count:1944 error:0.159032 inlier:0.776636
189.565,ros=1778663745.893277,level=20,name=hdl_global_localization.global_localization_node,msg=RANSAC : iteration:15080 matching_count:1933 error:0.162473 inlier:0.458085
189.565,ros=1778663745.893567,level=20,name=hdl_global_localization.global_localization_node,msg=RANSAC : iteration:15202 matching_count:1947 error:0.160659 inlier:0.205516
189.565,ros=1778663745.893598,level=20,name=hdl_global_localization.global_localization_node,msg=RANSAC : iteration:15218 matching_count:1948 error:0.15838 inlier:0.522985
189.566,ros=1778663745.893619,level=20,name=hdl_global_localization.global_localization_node,msg=RANSAC : iteration:15228 matching_count:1949 error:0.162414 inlier:0.588426
189.566,ros=1778663745.893645,level=20,name=hdl_global_localization.global_localization_node,msg=RANSAC : iteration:15234 matching_count:1950 error:0.160634 inlier:0.425635
189.566,ros=1778663745.893299,level=20,name=hdl_global_localization.global_localization_node,msg=RANSAC : iteration:15080 matching_count:1933 error:0.157321 inlier:0.321796
189.566,ros=1778663745.893667,level=20,name=hdl_global_localization.global_localization_node,msg=RANSAC : iteration:15243 matching_count:1951 error:0.160827 inlier:0.579232
189.567,ros=1778663745.893689,level=20,name=hdl_global_localization.global_localization_node,msg=RANSAC : iteration:15262 matching_count:1953 error:0.162188 inlier:0.624121
189.567,ros=1778663745.893736,level=20,name=hdl_global_localization.global_localization_node,msg=RANSAC : iteration:15272 matching_count:1954 error:0.156684 inlier:0.679286
189.568,ros=1778663745.893752,level=20,name=hdl_global_localization.global_localization_node,msg=RANSAC : iteration:15296 matching_count:1954 error:0.166348 inlier:0.11682
189.568,ros=1778663745.893769,level=20,name=hdl_global_localization.global_localization_node,msg=RANSAC : iteration:15305 matching_count:1955 error:0.150635 inlier:0.782585
189.568,ros=1778663745.893783,level=20,name=hdl_global_localization.global_localization_node,msg=RANSAC : iteration:15314 matching_count:1957 error:0.161084 inlier:0.583018
189.568,ros=1778663745.893498,level=20,name=hdl_global_localization.global_localization_node,msg=RANSAC : iteration:15176 matching_count:1942 error:0.159495 inlier:0.749594
189.569,ros=1778663745.893844,level=20,name=hdl_global_localization.global_localization_node,msg=RANSAC : iteration:15350 matching_count:1959 error:0.158691 inlier:0.276366
189.569,ros=1778663745.893865,level=20,name=hdl_global_localization.global_localization_node,msg=RANSAC : iteration:15361 matching_count:1960 error:0.156498 inlier:0.637642
189.569,ros=1778663745.893886,level=20,name=hdl_global_localization.global_localization_node,msg=RANSAC : iteration:15374 matching_count:1961 error:0.154872 inlier:0.263926
189.569,ros=1778663745.893929,level=20,name=hdl_global_localization.global_localization_node,msg=RANSAC : iteration:15379 matching_count:1962 error:0.158002 inlier:0.242834
189.570,ros=1778663745.893946,level=20,name=hdl_global_localization.global_localization_node,msg=RANSAC : iteration:15379 matching_count:1962 error:0.161896 inlier:0.583559
189.570,ros=1778663745.893266,level=20,name=hdl_global_localization.global_localization_node,msg=RANSAC : iteration:15080 matching_count:1933 error:0.157041 inlier:0.310979
189.570,ros=1778663745.893537,level=20,name=hdl_global_localization.global_localization_node,msg=RANSAC : iteration:15197 matching_count:1945 error:0.164634 inlier:0.581936
189.571,ros=1778663745.893210,level=20,name=hdl_global_localization.global_localization_node,msg=RANSAC : iteration:15077 matching_count:1932 error:0.177894 inlier:0.24013
189.571,ros=1778663745.894018,level=20,name=hdl_global_localization.global_localization_node,msg=RANSAC : iteration:15398 matching_count:1966 error:0.157375 inlier:0.323959
189.571,ros=1778663745.893652,level=20,name=hdl_global_localization.global_localization_node,msg=RANSAC : iteration:15234 matching_count:1950 error:0.159236 inlier:0.603029
189.572,ros=1778663745.893301,level=20,name=hdl_global_localization.global_localization_node,msg=RANSAC : iteration:15080 matching_count:1933 error:0.175552 inlier:0.1947
189.572,ros=1778663745.893664,level=20,name=hdl_global_localization.global_localization_node,msg=RANSAC : iteration:15239 matching_count:1950 error:0.158462 inlier:0.0692266
189.572,ros=1778663745.892877,level=20,name=hdl_global_localization.global_localization_node,msg=RANSAC : iteration:14956 matching_count:1914 error:0.157627 inlier:0.386155
189.573,ros=1778663745.893785,level=20,name=hdl_global_localization.global_localization_node,msg=RANSAC : iteration:15314 matching_count:1957 error:0.161049 inlier:0.505679
189.573,ros=1778663745.893494,level=20,name=hdl_global_localization.global_localization_node,msg=RANSAC : iteration:15176 matching_count:1942 error:0.162754 inlier:0.366685
189.573,ros=1778663745.893947,level=20,name=hdl_global_localization.global_localization_node,msg=RANSAC : iteration:15386 matching_count:1962 error:0.159427 inlier:0.57761
189.574,ros=1778663745.894194,level=20,name=hdl_global_localization.global_localization_node,msg=RANSAC : iteration:15432 matching_count:1974 error:0.1537 inlier:0.255273
189.574,ros=1778663745.893963,level=20,name=hdl_global_localization.global_localization_node,msg=RANSAC : iteration:15387 matching_count:1964 error:0.158063 inlier:0.431585
189.574,ros=1778663745.894230,level=20,name=hdl_global_localization.global_localization_node,msg=RANSAC : iteration:15435 matching_count:1976 error:0.165936 inlier:0.828015
189.574,ros=1778663745.894249,level=20,name=hdl_global_localization.global_localization_node,msg=RANSAC : iteration:15447 matching_count:1978 error:0.158128 inlier:0.498648
189.575,ros=1778663745.894069,level=20,name=hdl_global_localization.global_localization_node,msg=RANSAC : iteration:15402 matching_count:1969 error:0.158873 inlier:0.700379
189.575,ros=1778663745.894282,level=20,name=hdl_global_localization.global_localization_node,msg=RANSAC : iteration:15450 matching_count:1979 error:0.159339 inlier:0.618172
189.575,ros=1778663745.894074,level=20,name=hdl_global_localization.global_localization_node,msg=RANSAC : iteration:15402 matching_count:1969 error:0.155441 inlier:0.822607
189.575,ros=1778663745.894106,level=20,name=hdl_global_localization.global_localization_node,msg=RANSAC : iteration:15403 matching_count:1970 error:0.158056 inlier:0.527312
189.576,ros=1778663745.894146,level=20,name=hdl_global_localization.global_localization_node,msg=RANSAC : iteration:15406 matching_count:1971 error:0.1606 inlier:0.277988
189.576,ros=1778663745.894165,level=20,name=hdl_global_localization.global_localization_node,msg=RANSAC : iteration:15420 matching_count:1973 error:0.151112 inlier:0.274743
189.576,ros=1778663745.894382,level=20,name=hdl_global_localization.global_localization_node,msg=RANSAC : iteration:15494 matching_count:1985 error:0.158964 inlier:0.386696
189.577,ros=1778663745.894394,level=20,name=hdl_global_localization.global_localization_node,msg=RANSAC : iteration:15506 matching_count:1985 error:0.161291 inlier:0.164954
189.577,ros=1778663745.894431,level=20,name=hdl_global_localization.global_localization_node,msg=RANSAC : iteration:15515 matching_count:1987 error:0.161614 inlier:0.654408
189.577,ros=1778663745.894454,level=20,name=hdl_global_localization.global_localization_node,msg=RANSAC : iteration:15515 matching_count:1987 error:0.159559 inlier:0.418605
189.577,ros=1778663745.894465,level=20,name=hdl_global_localization.global_localization_node,msg=RANSAC : iteration:15529 matching_count:1988 error:0.163055 inlier:0.26609
189.581,ros=1778663745.894283,level=20,name=hdl_global_localization.global_localization_node,msg=RANSAC : iteration:15450 matching_count:1979 error:0.159058 inlier:0.256355
189.581,ros=1778663745.893647,level=20,name=hdl_global_localization.global_localization_node,msg=RANSAC : iteration:15234 matching_count:1950 error:0.161977 inlier:0.471065
189.582,ros=1778663745.894325,level=20,name=hdl_global_localization.global_localization_node,msg=RANSAC : iteration:15480 matching_count:1982 error:0.160427 inlier:0.335857
189.582,ros=1778663745.894331,level=20,name=hdl_global_localization.global_localization_node,msg=RANSAC : iteration:15480 matching_count:1982 error:0.154655 inlier:0.63656
189.582,ros=1778663745.894332,level=20,name=hdl_global_localization.global_localization_node,msg=RANSAC : iteration:15480 matching_count:1982 error:0.164082 inlier:0.257436
189.582,ros=1778663745.894347,level=20,name=hdl_global_localization.global_localization_node,msg=RANSAC : iteration:15486 matching_count:1983 error:0.154862 inlier:0.386696
189.583,ros=1778663745.894104,level=20,name=hdl_global_localization.global_localization_node,msg=RANSAC : iteration:15403 matching_count:1970 error:0.158507 inlier:0.237426
189.583,ros=1778663745.894608,level=20,name=hdl_global_localization.global_localization_node,msg=RANSAC : iteration:15595 matching_count:1997 error:0.158337 inlier:0.755003
189.583,ros=1778663745.894624,level=20,name=hdl_global_localization.global_localization_node,msg=RANSAC : iteration:15599 matching_count:1997 error:0.16195 inlier:0.494321
189.583,ros=1778663745.894212,level=20,name=hdl_global_localization.global_localization_node,msg=RANSAC : iteration:15432 matching_count:1975 error:0.163795 inlier:0.579773
189.584,ros=1778663745.894253,level=20,name=hdl_global_localization.global_localization_node,msg=RANSAC : iteration:15447 matching_count:1978 error:0.157413 inlier:0.286641
189.584,ros=1778663745.894476,level=20,name=hdl_global_localization.global_localization_node,msg=RANSAC : iteration:15531 matching_count:1989 error:0.157784 inlier:0.286101
189.584,ros=1778663745.894518,level=20,name=hdl_global_localization.global_localization_node,msg=RANSAC : iteration:15548 matching_count:1992 error:0.157591 inlier:0.427799
189.584,ros=1778663745.894725,level=20,name=hdl_global_localization.global_localization_node,msg=RANSAC : iteration:15632 matching_count:2001 error:0.161306 inlier:0.595457
189.585,ros=1778663745.893525,level=20,name=hdl_global_localization.global_localization_node,msg=RANSAC : iteration:15194 matching_count:1944 error:0.158067 inlier:0.661439
189.585,ros=1778663745.894574,level=20,name=hdl_global_localization.global_localization_node,msg=RANSAC : iteration:15572 matching_count:1995 error:0.155261 inlier:0.33099
189.585,ros=1778663745.894595,level=20,name=hdl_global_localization.global_localization_node,msg=RANSAC : iteration:15590 matching_count:1996 error:0.158482 inlier:0.470525
189.586,ros=1778663745.894629,level=20,name=hdl_global_localization.global_localization_node,msg=RANSAC : iteration:15606 matching_count:1998 error:0.15567 inlier:0.53272
189.586,ros=1778663745.894646,level=20,name=hdl_global_localization.global_localization_node,msg=RANSAC : iteration:15623 matching_count:1999 error:0.160397 inlier:0.661439
189.586,ros=1778663745.894655,level=20,name=hdl_global_localization.global_localization_node,msg=RANSAC : iteration:15623 matching_count:1999 error:0.153503 inlier:0.641428
189.586,ros=1778663745.894696,level=20,name=hdl_global_localization.global_localization_node,msg=RANSAC : iteration:15632 matching_count:2001 error:0.159707 inlier:0.328826
189.587,ros=1778663745.894729,level=20,name=hdl_global_localization.global_localization_node,msg=RANSAC : iteration:15632 matching_count:2001 error:0.167849 inlier:0.226068
189.587,ros=1778663745.894551,level=20,name=hdl_global_localization.global_localization_node,msg=RANSAC : iteration:15553 matching_count:1994 error:0.159559 inlier:0.392645
189.587,ros=1778663745.894734,level=20,name=hdl_global_localization.global_localization_node,msg=RANSAC : iteration:15632 matching_count:2001 error:0.157251 inlier:0.270957
189.587,ros=1778663745.894452,level=20,name=hdl_global_localization.global_localization_node,msg=RANSAC : iteration:15515 matching_count:1987 error:0.157291 inlier:0.71444
189.588,ros=1778663745.894780,level=20,name=hdl_global_localization.global_localization_node,msg=RANSAC : iteration:15632 matching_count:2001 error:0.158976 inlier:0.55814
189.588,ros=1778663745.894797,level=20,name=hdl_global_localization.global_localization_node,msg=RANSAC : iteration:15632 matching_count:2001 error:0.162303 inlier:0.502975
189.588,ros=1778663745.895775,level=20,name=HdlLocalizationNodelet,msg=Global localization candidates: returned=10 requested=10 fitness_threshold=0.12 min_margin=0.1 query_points=16291
189.639,ros=1778663745.979113,level=20,name=HdlLocalizationNodelet,msg=Global localization candidate[0] trans=(-1.30837, -0.643894, -0.0482817) error=0.135755 inlier=0.91563 ndt_converged=1 ndt_fitness=0.185443
189.779,ros=1778663746.113872,level=20,name=HdlLocalizationNodelet,msg=Global localization candidate[1] trans=(0.658225, 1.65927, 0.0392774) error=0.15708 inlier=0.895078 ndt_converged=1 ndt_fitness=0.110384
189.888,ros=1778663746.228502,level=20,name=HdlLocalizationNodelet,msg=Global localization candidate[2] trans=(-0.360545, 2.49019, -0.408604) error=0.161448 inlier=0.889129 ndt_converged=1 ndt_fitness=0.32501
190.061,ros=1778663746.401727,level=20,name=HdlLocalizationNodelet,msg=Global localization candidate[3] trans=(15.5232, 13.2461, -0.0829775) error=0.152462 inlier=0.889129 ndt_converged=1 ndt_fitness=0.476119
190.235,ros=1778663746.575658,level=20,name=HdlLocalizationNodelet,msg=Global localization candidate[4] trans=(-3.40193, 10.0456, 0.387006) error=0.162856 inlier=0.882639 ndt_converged=1 ndt_fitness=0.242474
190.387,ros=1778663746.727624,level=20,name=HdlLocalizationNodelet,msg=Global localization candidate[5] trans=(-0.412576, 9.02092, 1.04706) error=0.154977 inlier=0.882639 ndt_converged=1 ndt_fitness=0.363074
190.555,ros=1778663746.895426,level=20,name=HdlLocalizationNodelet,msg=Global localization candidate[6] trans=(7.53897, 11.1052, 0.83881) error=0.159769 inlier=0.878313 ndt_converged=1 ndt_fitness=0.31165
190.626,ros=1778663746.966762,level=20,name=HdlLocalizationNodelet,msg=Global localization candidate[7] trans=(0.578103, 0.0909772, -0.122569) error=0.166222 inlier=0.877231 ndt_converged=1 ndt_fitness=0.162136
190.780,ros=1778663747.119241,level=20,name=HdlLocalizationNodelet,msg=Global localization candidate[8] trans=(2.34217, -1.45023, -0.381716) error=0.157859 inlier=0.87669 ndt_converged=1 ndt_fitness=0.17538
190.871,ros=1778663747.211523,level=20,name=HdlLocalizationNodelet,msg=Global localization candidate[9] trans=(2.34189, 1.06259, -0.0308399) error=0.159185 inlier=0.875608 ndt_converged=1 ndt_fitness=0.23316
190.871,ros=1778663747.211638,level=20,name=HdlLocalizationNodelet,msg=Best global localization candidate[1] fitness=0.110384 error=0.15708 inlier=0.895078 accepted_candidates=1
190.871,ros=1778663747.211653,level=30,name=HdlLocalizationNodelet,msg=hold global localization result until it is repeatable: consistent=1/3 window=5 xy_tol=0.8 yaw_tol=0.35
190.872,ros=1778663747.211670,level=30,name=HdlLocalizationNodelet,msg=auto relocalize failed; call /relocalize after the scan is stable or set /initialpose manually
190.877,ros=1778663747.214124,level=30,name=HdlLocalizationNodelet,msg=waiting for initial pose input or global relocalization!!
190.877,ros=1778663747.214828,level=20,name=HdlLocalizationNodelet,msg=initial pose received!!
191.050,ros=1778663747.390877,level=20,name=robot_realpose_publisher,msg=TF ready: map->base_footprint
192.297,ros=1778663748.636378,level=20,name=planner_server,msg=Configuring
192.298,ros=1778663748.637727,level=20,name=global_costmap.global_costmap,msg=Configuring
192.320,ros=1778663748.660911,level=20,name=global_costmap.global_costmap,msg=Using plugin "static_layer"
192.333,ros=1778663748.670774,level=20,name=global_costmap.global_costmap,msg=Subscribing to the map topic (/map) with transient local durability
192.335,ros=1778663748.675812,level=20,name=global_costmap.global_costmap,msg=Initialized plugin "static_layer"
192.336,ros=1778663748.675867,level=20,name=global_costmap.global_costmap,msg=Using plugin "obstacle_layer"
192.337,ros=1778663748.677066,level=20,name=global_costmap.global_costmap,msg=Subscribed to Topics: pointcloud periodic_clearing
192.345,ros=1778663748.685099,level=20,name=global_costmap.global_costmap,msg=Initialized plugin "obstacle_layer"
192.346,ros=1778663748.685139,level=20,name=global_costmap.global_costmap,msg=Using plugin "inflation_layer"
192.346,ros=1778663748.686153,level=20,name=global_costmap.global_costmap,msg=Initialized plugin "inflation_layer"
192.368,ros=1778663748.707855,level=20,name=global_costmap.global_costmap,msg=StaticLayer: Resizing costmap to 660 X 781 at 0.050000 m/pix
192.380,ros=1778663748.720756,level=20,name=planner_server,msg=Created global planner plugin GridBased of type nav2_smac_planner::SmacPlanner2D
192.381,ros=1778663748.720843,level=20,name=planner_server,msg=Configuring GridBased of type SmacPlanner2D
192.383,ros=1778663748.722081,level=40,name=planner_server,msg=Inflation layer either not found or inflation is not set sufficiently for optimized non-circular collision checking capabilities. It is HIGHLY recommended to set the inflation radius to be at MINIMUM half of the robot's largest cross-section. See github.com/ros-planning/navigation2/tree/main/nav2_smac_planner#potential-fields for full instructions. This will substantially impact run-time performance.
192.386,ros=1778663748.726700,level=20,name=planner_server,msg=Configured plugin GridBased of type SmacPlanner2D with tolerance 0.60, maximum iterations 1000000, max on approach iterations 1000, and not allowing unknown traversal.
192.387,ros=1778663748.726754,level=20,name=planner_server,msg=Planner Server has GridBased  planners available.
192.407,ros=1778663748.747646,level=20,name=controller_server,msg=Configuring controller interface
192.408,ros=1778663748.747700,level=20,name=controller_server,msg=getting progress checker plugins..
192.408,ros=1778663748.748049,level=20,name=controller_server,msg=getting goal checker plugins..
192.408,ros=1778663748.748309,level=20,name=controller_server,msg=Controller frequency set to 8.0000Hz
192.409,ros=1778663748.748340,level=20,name=local_costmap.local_costmap,msg=Configuring
192.417,ros=1778663748.757578,level=20,name=local_costmap.local_costmap,msg=Using plugin "static_layer"
192.420,ros=1778663748.760390,level=20,name=local_costmap.local_costmap,msg=Subscribing to the map topic (/map) with transient local durability
192.422,ros=1778663748.762730,level=20,name=local_costmap.local_costmap,msg=Initialized plugin "static_layer"
192.424,ros=1778663748.762772,level=20,name=local_costmap.local_costmap,msg=Using plugin "voxel_layer"
192.424,ros=1778663748.763208,level=20,name=local_costmap.local_costmap,msg=Subscribed to Topics: pointcloud clearing_3d
192.438,ros=1778663748.778278,level=20,name=local_costmap.local_costmap,msg=Initialized plugin "voxel_layer"
192.438,ros=1778663748.778314,level=20,name=local_costmap.local_costmap,msg=Using plugin "inflation_layer"
192.438,ros=1778663748.778854,level=20,name=local_costmap.local_costmap,msg=Initialized plugin "inflation_layer"
192.454,ros=1778663748.794372,level=20,name=local_costmap.local_costmap,msg=StaticLayer: Resizing static layer to 660 X 781 at 0.050000 m/pix
192.455,ros=1778663748.795242,level=20,name=controller_server,msg=Created progress_checker : progress_checker of type nav2_controller::SimpleProgressChecker
192.457,ros=1778663748.795771,level=20,name=controller_server,msg=Controller Server has progress_checker  progress checkers available.
192.460,ros=1778663748.796652,level=20,name=controller_server,msg=Created goal checker : xy_goal_checker of type nav2_controller::PositionGoalChecker
192.462,ros=1778663748.798120,level=20,name=controller_server,msg=Created goal checker : general_goal_checker of type nav2_controller::SimpleGoalChecker
192.462,ros=1778663748.798413,level=20,name=controller_server,msg=Controller Server has xy_goal_checker general_goal_checker  goal checkers available.
192.463,ros=1778663748.801216,level=20,name=controller_server,msg=Created controller : FollowPath of type nav2_regulated_pure_pursuit_controller::RegulatedPurePursuitController
192.467,ros=1778663748.808040,level=20,name=controller_server,msg=Controller Server has FollowPath  controllers available.
192.528,ros=1778663748.868612,level=20,name=bt_navigator,msg=Configuring
192.540,ros=1778663748.879720,level=20,name=bt_navigator,msg=Creating navigator id navigate_to_pose of type nav2_bt_navigator::NavigateToPoseNavigator
192.545,ros=1778663748.885529,level=30,name=bt_navigator,msg=Error_code parameters were not set. Using default values of: follow_path_error_code compute_path_error_code
Make sure these match your BT and there are not other sources of error codes youreported to your application
192.655,ros=1778663748.994775,level=50,name=bt_navigator,msg=Failed to create navigator id navigate_to_pose. Exception: Could not load library: libhumanoid_nav2_bt_nodes.so: cannot open shared object file: No such file or directory
192.656,ros=1778663748.994938,level=20,name=bt_navigator,msg=Cleaning up
204.054,ros=1778663760.391698,level=20,name=controller_server,msg=Running Nav2 LifecycleNode rcl preshutdown (controller_server)
204.056,ros=1778663760.391747,level=20,name=planner_server,msg=Running Nav2 LifecycleNode rcl preshutdown (planner_server)
204.061,ros=1778663760.391792,level=20,name=controller_server,msg=Cleaning up
204.062,ros=1778663760.391809,level=20,name=controller_server,msg=Cleaning up controller: FollowPath of type regulated_pure_pursuit_controller::RegulatedPurePursuitController
204.063,ros=1778663760.391820,level=20,name=planner_server,msg=Cleaning up
204.066,ros=1778663760.395013,level=20,name=local_costmap.local_costmap,msg=Cleaning up
206.142,ros=1778663762.482878,level=20,name=global_costmap.global_costmap,msg=Cleaning up
206.199,ros=1778663762.536945,level=20,name=planner_server,msg=Cleaning up plugin GridBased of type SmacPlanner2D
206.199,ros=1778663762.539646,level=20,name=planner_server,msg=Destroying plugin GridBased of type SmacPlanner2D
206.309,ros=1778663762.649742,level=20,name=controller_server,msg=Destroying bond (controller_server) to lifecycle manager.
206.314,ros=1778663762.654191,level=20,name=planner_server,msg=Destroying bond (planner_server) to lifecycle manager.
