cloud_index,x_m,y_m,z_m,yaw_deg,range_descriptor,angle_descriptor,source_id,cloud_path
0,0.0387693214,-0.00139458918,0,-10.5939231,2.37349391;21.4096375;34.1566238;54.1265068;53.1927681;53.6204834;38.7891655;34.4216881;60.7771072;38.9216843;46.7530136;59.5722923;58.1987915;65.9337311;74.6807251;67.0120544;117.198792;43.3132553;29.9397564;21.3192749;24.2349396;30.096386;26.7349396;25.6566277;27.6746979;45.1566238;13.5361443;8.11445808;3.72289157;1.18072283;3.52409625;5.87951756;5.31927681;5.40361404;6.81325293;3.62048197;2.14457822;0;0.518072307;1.93373489,45.5602455;49.4397583;115.765068;100.331337;57.9879494;36.6084328;27.5481949;29.144577;13.855423;12.7289162;19.1686745;19.0722904;44.8614464;49.1144638;17.4337349;0;0;0;0;0;0;0;0;0;0;0;0;0;0;0;0;0;0;0;0;0;0;0;0;0;0;0;0;0;0;50.981926;62.1686707;54.9879494;26.4216881;18.2048187;14.3012047;15.0542173;20.9879532;33.1506042;29.6325283;48.9096451;46.9518051;58.8795242;48.3855438;49.3373528,44,solid_clouds/keyframe_0.pcd
80,0.0438687822,0.00390449545,0,-10.657015,2.32748532;21.4795322;33.421051;55.4795303;55.1871338;50.16959;35.2865486;33.421051;57.1520462;42.7602386;48.0409355;51.8011665;54.087719;58.0058517;58.9064331;62.8245583;104.403519;39.4561386;25.251461;17.5204678;23.2982445;25.7777786;26.0467834;21.8362579;29.6257305;42.7134476;14.2631578;5.55555534;6.32748508;3.26900578;4.51461983;4.14035082;1.9649123;0.654970765;1.30994153;0.654970765;0;0.415204674;0;0,43.912281;46.8713455;86.3508759;97.2865524;50.5438576;38.7309914;28.087719;26.8070183;13.2690048;13.2865496;19.4912262;17.1286545;44.0058441;45.748539;16.4385967;0;0;0;0;0;0;0;0;0;0;0;0;0;0;0;0;0;0;0;0;0;0;0;0;0;0;0;0;0;0;45.3157845;59.269001;50.2748528;26.5029221;13.415205;15.7251453;14.3216372;19.5438595;32.5730972;27.9824562;39.6549683;47.0818748;51.4795341;44.286541;43.9649086,44,solid_clouds/keyframe_1.pcd
160,0.0386019817,0.000957217541,0,-10.6269597,2.26315784;21.3099403;30.7660828;56.1052628;53.2222214;53.7134514;36.918129;34.087719;55.5497131;36.7017517;44.2514648;54.8011742;59.403511;61.9766083;66.9298248;64.4269028;107.959061;40.0292397;26.2631588;18.6432743;23.4327488;27.1578941;26.584795;25.5087719;29.1228065;45.4970779;13.8245621;9.67251396;5.40350866;2.9005847;4.64912271;8.15204716;4.53801155;5.19298267;5.02339172;4.15789461;2.71929812;1.87134504;0;0.497076035,45.5555458;48.7368355;110.953217;101.198837;52.1929779;37.1345024;28.2046795;26.5555573;11.1520462;15.742691;20.1111107;15.415205;42.4853783;49.9356728;13.9941521;0;0;0;0;0;0;0;0;0;0;0;0;0;0;0;0;0;0;0;0;0;0;0;0;0;0;0;0;0;0;49.8713455;60.6432686;52.6783562;26.8654938;15.5087719;14.9415197;13.7602329;21.163744;31.5497055;27.9883041;42.5614014;48.2865524;55.1345062;46.538002;44.368412,44,solid_clouds/keyframe_2.pcd
240,0.0407797044,-0.00346470914,0,-10.5951837,2.38181829;21.4424229;32.4484863;51.7939415;53.678791;53.7515144;38.3090858;35.9151497;60.7030334;37.484848;47.8666649;58.7212105;56.8969727;64.5697021;69.1030273;65.272728;118.836357;47.484848;28.618185;23.0545464;25.6727276;28.5090904;27.0363617;26.8060608;32.1151505;45.830307;14.424242;7.72121239;4.9575758;3.30303049;5.66666698;6.0727272;6.28484869;4.4666667;7.34545469;4.78181839;1.0545454;1.26060605;0.9939394;1.0545454,47.066658;47.5030289;121.490921;106.272728;56.8666649;39.3696976;27.7818165;30.0909081;12.8242426;15.1030293;20.0969696;18.7212124;44.8302994;48.2060585;16.9818192;0;0;0;0;0;0;0;0;0;0;0;0;0;0;0;0;0;0;0;0;0;0;0;0;0;0;0;0;0;0;51.8909073;65.1878738;53.6909065;29.5030308;14.5333328;13.9212112;16.3272724;19.1151505;30.7636337;28.4969711;45.030304;51.1212082;56.0242462;46.8545418;48.0242424,44,solid_clouds/keyframe_3.pcd
320,0.0429067139,-0.000103157747,0,-10.6196512,2.3431952;19.4615383;32.47929;56.5680466;51.3431969;53.8816566;36.7278099;34.6745567;57.053257;36.6982231;44.2899361;56.1775169;56.3431969;64.3313522;66.3017731;63.2070999;113.53846;40.8994102;26.1952667;19.343195;25.2189369;28.0946732;27.2899418;26.698225;31.0887585;46.449707;15.1893482;7.21893454;5.37869835;3.55029583;4.48520708;6.18934917;4.07692289;5.18343163;6.40828419;5.32544422;1.00591719;0.946745574;0.994082868;2.42011833,44.940834;48.6390572;114.248512;101.390533;58.2248535;37.094677;26.95858;26.6212997;11.3727818;13.7751484;20.7751503;16.6094685;44.1183395;48.2426071;16.0473385;0;0;0;0;0;0;0;0;0;0;0;0;0;0;0;0;0;0;0;0;0;0;0;0;0;0;0;0;0;0;50.2544403;60.0887566;54.8579903;26.7278099;18.3195267;13.6686382;16.0355034;19.2366867;30.9408302;29.1360931;42.1597633;48.5147972;53.1420135;45.863903;47.0650978,44,solid_clouds/keyframe_4.pcd
400,0.0402860249,-0.00126994953,0,-10.6404888,2.39759016;23.2168674;33.2530136;50.7710838;54.2108421;52.8433723;39.6987953;34.596386;60.9578323;36.9096375;43.8192787;57.8734932;59.2710876;63.4758987;66.8192749;66.7530212;112.084335;46.1807213;26.1084328;22.8072281;24.0060234;28.096386;24.8795185;26.3012047;29.6626511;46.6807213;15.7831326;7.72891569;4.05421686;3.20481944;5.97590351;5.57228947;3.98795176;5.26506042;5.03012037;2.2048192;1.74698794;0.969879508;0;0,44.1204796;50.3012009;108.40963;104.349411;55.3674698;40.4096413;27.210844;30.7409649;11.7228909;15.7771091;19.8734932;17.4457817;46.1445847;51.1204796;17.240963;0;0;0;0;0;0;0;0;0;0;0;0;0;0;0;0;0;0;0;0;0;0;0;0;0;0;0;0;0;0;48.6566238;63.469883;52.9518051;25.903614;18.0542164;14.1746979;16.8734951;18.5301208;28.4096375;26.451807;41.8975906;50.8433762;54.1506042;46.9638519;47.632534,44,solid_clouds/keyframe_5.pcd
480,0.0404545814,-0.00126712677,0,-10.6098664,2.43113756;20.143713;29.8682632;55.6047897;51.4131737;56.4371262;40.0658646;34.8922195;59.766468;37.8922157;44.4491043;54.7544899;58.8323364;62.0239487;65.3353271;67.5389099;112.910179;44.5329323;29.5029926;20.9940109;25.6287422;27.8862267;28.3233547;24.4371262;29.9461098;46.1257515;13.5389214;6.40119743;4.85029936;1.82634735;5.75449085;6.45508957;4.79640722;4.71257496;7.94610786;4.70059872;1.73053896;1.05389225;1.05389225;1.41317368,46.0958099;46.5509033;117.820366;99.8742371;60.3892212;37.7485008;28.9700603;28.4071846;11.7724552;14.7425156;19.3532925;20.1257496;44.8023987;48.7724533;16.9401207;0;0;0;0;0;0;0;0;0;0;0;0;0;0;0;0;0;0;0;0;0;0;0;0;0;0;0;0;0;0;51.1976089;62.9221611;54.3233566;27.1497002;13.8922157;16.239521;14.0059881;19.2275448;30.1077824;28.1317368;44.203598;50.4610825;51.1676712;46.0778427;46.4970055,44,solid_clouds/keyframe_6.pcd
560,0.0391471639,-0.000626259039,0,-10.6212777,2.41566277;23.210844;31.1686745;53.8493958;52.1506042;52.22892;35.0722885;35.7891541;59.7048187;36.5903625;45.6084328;55.5963821;59.0662689;67.3192749;68.6144638;64.4457855;117.493973;47.2228928;26.7650604;25.240963;24.1265068;28.1084347;25.403616;27.6084328;30.4337349;46.9277077;14.9397602;9.63855457;4.21686745;1.87349391;5.07831335;7.82530117;3.99397588;4.33734941;7.60240936;5.00602436;1;1;1.45783138;1.2048192,46.9337349;51.1385574;116.740944;106.891556;55.9156647;43.1867447;27.4759064;29.2168674;13.6746969;14.5903606;20.289156;16.4096375;44.2951813;49.855423;19.1506023;0;0;0;0;0;0;0;0;0;0;0;0;0;0;0;0;0;0;0;0;0;0;0;0;0;0;0;0;0;0;51.6265106;64.6566315;52.3072281;25.6204796;14.8614464;15.8614454;15.0060234;18.9277115;29.2650604;29.0662651;43.0361404;47.84338;53.9879494;46.8373489;46.6686707,44,solid_clouds/keyframe_7.pcd
640,0.0386148052,0.00186199481,0,-10.6021733,2.31976748;22.1686039;35.0523262;50.9069748;55.4593048;53.5639572;35.511631;36.7848816;56.418602;37.9244194;44.7441864;55.9244118;55.9186058;63.9127922;68.889534;64.918602;114.715118;44.558136;25.8430233;20;22.8081398;28.1046505;23.9883728;25.6162796;29.0406952;43.7034912;13.4534874;9.13372135;4.9127903;2.86046505;6.08720922;7.69767475;5.25581408;4.8139534;5.2848835;5.41860485;2.30232573;1.02325583;0.482558131;2.98255825,44.906971;49.6627922;117.912773;99.0523376;57.0348816;40.017437;25.5697727;29.7616272;12.5348835;15.8081388;19.4651184;15.7616291;44.6220894;49.9127884;16.6511631;0;0;0;0;0;0;0;0;0;0;0;0;0;0;0;0;0;0;0;0;0;0;0;0;0;0;0;0;0;0;49.6046524;58.6337166;52.0290718;26.709301;19.0116272;12.6627903;15.0116282;21.5523262;32.9069748;27.6686077;37.680233;50.0348854;52.843029;49.6453476;45.8372078,44,solid_clouds/keyframe_8.pcd
720,0.0417037246,-0.0100115141,0,-10.5860303,2.37267065;18.9937897;31.5279503;56.2981377;54.5279503;49.6211166;39.2422371;38.7950287;61.6335373;38.6646004;48.1180191;59.7204971;60.8447151;63.8633537;65.3043442;63.037262;126.149071;45.2546577;30.7577648;26.6459618;27.1366463;27.6583862;25.4596272;30.0124226;35.173912;50.9937859;17.8322983;9.44099426;4.63975143;2.96273303;3.60869575;9.37267113;3.90683222;5.61490679;6.20496893;4.04968929;2.67701864;1.52173913;0;1.47204971,47.8136635;50.8695679;125.552795;107.223618;57.4844666;42.5217361;32.4472084;25.1366463;13.1677017;13.3229809;20.7515545;18.2111797;47.0062065;51.3105583;17.3416138;0;0;0;0;0;0;0;0;0;0;0;0;0;0;0;0;0;0;0;0;0;0;0;0;0;0;0;0;0;0;53.6273308;65.627327;50.8819885;31.8819885;15.4906826;14.1552792;15.608695;21.6024837;35.7950287;33.1614914;40.1428566;48.9378853;53.8447227;52.9751549;47.2173882,44,solid_clouds/keyframe_9.pcd
800,0.0369696014,-0.014224959,0,-11.0223828,2.47333336;21.5533333;30.0333328;51.5866661;53.7866669;46.7000008;32.746666;32.6533356;48.7133408;33.5866661;43.840004;48.3266678;56.0600014;59.0066681;61.4600029;61.9400024;109.313339;50.0400009;21.2999992;18.9866676;22.0933342;18.293335;21.5;18.3800011;14.753334;46.0266685;13.333333;4.74000025;4.11999989;0.460000008;3.80666685;2.81999993;3.62666678;2.18666673;2.62666655;2.9666667;0.633333325;2.4333334;1.5;0.460000008,47.0466614;42.5399933;97.5266724;100.40667;56.3066673;43.3600006;30.8933315;25.746666;16.0533333;7.62666607;12.5133324;7.42000008;15.166667;7.84666729;2.30666661;0;0;0;0;0;0;0;0;0;0;0;0;0;0;0;0;0;0;0;0;0;0;0;0;0;0;0;0;0;0;52.2599945;65.9266586;46.9466629;27.3199997;15.5133333;14.9599991;14.4733324;17.6933327;35.1533318;27.9333324;40.8466644;50.7666626;53.9866638;49.533329;44.793335,44,solid_clouds/keyframe_10.pcd
880,0.058160887,0.011436146,0,-10.7394138,2.33529425;19.8823509;32.1058807;55.9411774;57.8000031;50.1352921;27.1058826;28.1999969;44.2529411;28.9235306;31.4411793;30.8117657;31.1058846;33.5058823;34.3352966;30.1294136;42.5411758;27.7235298;19.5823536;16.0941181;17.7647057;14.0176468;19.5294113;17.1000004;19.2823524;31.252943;8.25882339;2.81764698;1.35882354;0;0;0;0;0;0;0;0;0;0;0,8.17647076;11.7882347;28.2999992;78.2176514;41.776474;32.2058792;21.7470589;20.8882351;10.3117638;14.4705887;15.294117;16.0647068;35.3764725;38.6411819;12.817647;0;0;0;0;0;0;0;0;0;0;0;0;0;0;0;0;0;0;0;0;0;0;0;0;0;0;0;0;0;0;39.041172;48.5764771;36.7941246;26.5705872;13.1000004;10.635294;16.0529423;20.4058838;29.0117683;23.1705875;33.4647064;36.6294136;31.6470604;18.6294117;5.52941179,44,solid_clouds/keyframe_11.pcd
960,0.0405363124,0.00168940236,0,-10.9202249,2.70059872;20.7485027;28.3233528;58.8862305;51.7784424;52.3712578;37.9221573;36.1197586;56.2455139;38.7844353;46.9341316;49.4131737;59.7724533;59.724556;60.2994003;60.700592;107.832336;45.9880257;21.5389214;19.9700603;22.1796417;22.4431152;25.6047878;26.6706581;27.3353291;39.1137695;13.5449114;6.50299406;4.85628748;2.64071846;3.33532929;6.5808382;3.75449085;3.05389214;8.87425137;2.011976;3.46706581;2.02395201;0.568862259;0.568862259,44.3532944;42;115.544899;97.8263474;50.6886215;45.101799;31.9580822;23.5628719;11.3173647;17.0718575;18.5389233;17.2035942;44.0838394;46.3532982;15.4610777;0;0;0;0;0;0;0;0;0;0;0;0;0;0;0;0;0;0;0;0;0;0;0;0;0;0;0;0;0;0;17.5628738;63.6646767;42.1796417;31.8203583;16.4550896;14.239521;15.2754478;20.0598793;34.3173676;27.0239525;43.323349;46.526947;53.8982086;49.4191628;44.3532906,44,solid_clouds/keyframe_12.pcd
1040,0.0449898719,0.00758972831,0,-10.7416953,2.28402376;17.2544384;32.3550301;54.5325432;59.1775169;52.2899399;38.5562134;34.1893539;54.0473366;41.0295868;43.2011833;53.9053268;58.1893501;59.2899399;66.1183395;61.2485199;114.1716;44.4023666;22.8106499;20.9763317;25.5088768;24.9822483;27.7159767;22.5266266;29.8698235;50;11.6449718;7.84615374;5.01183414;3.14792895;5.25443792;6.34319496;2.74556208;4.60354996;8.4852066;2.71005917;2.81065083;0.905325413;0;0.443786979,44.4674568;46.7041435;112.242615;103.201202;52.1479301;46.2130165;25.6627235;26.6094685;12.2781076;14.5088768;20.2307682;15.1715965;43.8047371;47.3372803;17.0591698;0;0;0;0;0;0;0;0;0;0;0;0;0;0;0;0;0;0;0;0;0;0;0;0;0;0;0;0;0;0;48.7751579;57.502964;48.6213036;29.2840252;14.656805;15.9526625;13.8284035;19.5266266;33.5384636;27.5858002;43.9349174;48.2307701;53.1893539;48.4319534;41.8875771,44,solid_clouds/keyframe_13.pcd
1120,0.0461092273,0.00807250714,0,-10.7504824,2.31976748;16.5639534;33.3720932;59.360466;56.7441864;51.0639534;36.7848854;32.1569786;53.110466;38.0872116;43.6627922;50.7616272;59.8662796;62.0348778;64.9302368;60.3197708;111.63372;45.8313942;23.7383709;25.5988388;25.5232544;22.5232563;27.6860466;20.9418602;30.1569786;48.831398;12.7732553;7.13953495;6.0348835;3.24418592;3.39534879;5.75;2.7151165;3.8139534;6.75581408;3.84302306;3.3139534;0.877906978;0.465116292;0.430232555,44.151165;48.808136;110.197685;97.1686096;54.1860466;41.2732582;27.2558136;23.7906971;11.9360466;14.5755816;17.3837204;15.7965117;43.9651146;47.6976738;14.9709282;0;0;0;0;0;0;0;0;0;0;0;0;0;0;0;0;0;0;0;0;0;0;0;0;0;0;0;0;0;0;51.5348778;62.877903;47.2151146;28.1976738;14.8081398;11.0232563;15.9883728;17.2325573;39.0697708;27.2616272;37.0988388;50.110466;54.9418564;46.4941902;47.1453476,44,solid_clouds/keyframe_14.pcd
1200,0.0455223081,0.00848167965,0,-10.7376521,1.3496933;16.9386501;32.2269936;55.7484665;56.1840477;52.8220863;37.1901817;35.472393;57.7791405;40.2515335;45.9815941;54.0122719;58.9263763;61.9693222;63.8466263;63.5582809;121.711655;47.3619614;26.7177906;26.5398788;28.0981598;27.3435574;29.4601231;26.3680973;29.4417171;48.963192;16.1411057;6.89570522;7.08588982;4.74846649;4.58895683;7.76687145;4.33742332;4.42331314;7.31901836;4.36809826;3.82822084;0.944785237;0;0.472392648,49.134964;48.957058;114.190193;111.036819;54.8772926;43.9202385;28.447855;26.1595097;13.6871166;14.1411047;19.0245399;19.2392635;45.3558311;50.0490761;15.4049072;0;0;0;0;0;0;0;0;0;0;0;0;0;0;0;0;0;0;0;0;0;0;0;0;0;0;0;0;0;0;49.4233055;65.3742294;51.7852745;26.5644188;15.5828218;12.4785271;17.7914124;16.7484665;37.2208595;26.472393;45.5950851;49.435585;55.8650284;47.6871185;47.533741,44,solid_clouds/keyframe_15.pcd
1280,0.0485587196,0.00481500588,0,-10.7163074,1.30994153;18.8479538;34.0292397;54.7485352;60.0116959;52.3742714;35.1520462;33.929821;56.7602348;37.9766083;43.66082;54.2748566;56.4970741;64.2163696;65.3567276;63.7192955;110.251465;47.6198845;25.0409355;22.2514629;25.0467834;24.0409374;27.4795322;28.3040924;27.6081848;49.4970779;13.4561405;10.2339182;5.15789509;3.22807002;5.02339172;7.43274832;2.9122808;3.98245621;7.08187151;3.61988306;4.40350866;0.473684222;0;0,43.4327469;47.2456093;114.567253;105.32164;56.0409393;43.6257324;27.5380096;26.1520462;11.3450298;15.8596497;16.8713436;17.4210529;43.8304062;48.1754379;16.9122791;0;0;0;0;0;0;0;0;0;0;0;0;0;0;0;0;0;0;0;0;0;0;0;0;0;0;0;0;0;0;50.4912262;64.6257324;50.7953186;25.8654976;15.2807007;14.2865486;16.6374283;19.1461983;35.2748489;26.6140327;42.099411;47.2865486;54.2690048;45.9356689;44.0643234,44,solid_clouds/keyframe_16.pcd
1360,0.130318694,0.0320905936,0,20.6750745,2.15151525;11.5696964;26.4000015;47.3757553;48.4666672;49.8545456;48.1818123;35.6787872;46.5818176;41.8606071;41.6181793;50.515152;66.4121246;67.8302994;76.0121155;130.060608;90.2787781;69.5878754;55.7030296;44.2303047;32.6181831;38.3393936;40.2969704;76.3757553;64.072731;80.3696976;62.5939407;9.0424242;9.1030302;8.19393921;9.64242363;7.04848528;5.30909061;6.70303011;8.18181801;3.16363645;3.23636341;1.80606055;0.715151489;5.78181839,50.6666641;45.8606033;25.8545456;12.5696964;17;19.3757572;21.6909084;82.8909073;65.4787903;79.7090912;78.4787903;74.7393875;69.8545456;60.2121201;13.69697;0;0;0;0;0;0;0;0;0;0;0;0;0;0;0;0;0;0;0;0;0;0;0;0;0;0;0;0;0;0;9.12727261;15.39394;28.2787876;33.1939354;35.4303055;45.7090912;49.1090927;53.3272705;39.9090919;43.1757622;40.1151581;62.1272736;159.115143;124.018188;66.8545456,44,solid_clouds/keyframe_17.pcd
1440,0.135688161,0.0173637231,0,20.2076824,1.34146345;12.1524391;22.2926826;45.5853653;40.0792694;44.5731735;43.5060997;34.6280479;55.9329224;41.7926865;53.3902435;66.7317047;68.7560959;68.7561035;76.8353653;117.628044;84.7926788;65.1280441;51.591465;41.5304871;40.1890259;29.5853672;45.0121956;64.6646347;70.6951218;65.2012177;61.8109741;11.1707325;11.2804871;10.2682934;6.80487823;7.5;7.42682934;5.30487823;8.03048801;6.56707287;2.01219511;0.670731723;0.670731723;3.1219511,53.5426865;38.4024353;26.1402416;17.158535;16.9878044;20.1158524;21.0304871;51.1219521;76.8109741;64.5426865;80.5304871;73.8719482;66.9268341;62.3231697;15.6951227;0;0;0;0;0;0;0;0;0;0;0;0;0;0;0;0;0;0;0;0;0;0;0;0;0;0;0;0;0;0;10.5;14.1402435;31.3414612;29.7682934;30.4999981;48.7195168;47.9938965;48.5914688;43.1707344;40.3719521;48.3841476;56.5;154.536575;135.195129;70.0975647,44,solid_clouds/keyframe_18.pcd
1520,-0.109685959,-0.79636928,0,-114.895768,1.42574263;12.8712873;42.8613853;29.0693073;21.6237621;29.4257431;31.7623749;12.0990095;9.95049477;15;20.3762398;20.9009914;25.6435642;27.9405956;37.0198059;44.7623787;28.7029724;28.9108925;23.782177;25.39604;34.7623749;37.811882;31.0594063;102.702965;44.1386147;0;0;0;0;0;0;0;0;0;0;0;0;0;0;0,52.415844;63.6534653;65.9999924;64.732666;82.7524643;41.1683159;23.4356422;15.39604;12.3564358;9.79207897;9.63366318;8.96039581;10.8712873;2.98019791;1.19801974;0;0;0;0;0;0;0;0;0;0;0;0;0;0;0;0;0;0;0;0;0;0;0;0;0;0;0;0;0;0;0.702970326;0;5.25742579;1.38613868;0.356435657;5.28712893;0.356435657;6.66336632;3.03960419;2.58415842;4.77227736;33.3366318;74.7227707;74.7524719;61.4356422,44,solid_clouds/keyframe_19.pcd
1600,-0.50742637,-6.86815403,0,-86.8865058,1.8018018;12.9009008;43.216217;33.8828812;24.6396408;28.8198204;16.4594593;11.9459457;12.8288288;19.6666679;23.2072067;40.099102;27.2522526;42.2522507;12.6576576;0;0;0;0;0;0;0;0;0;0;0;0;0;0;0;0;0;0;0;0;0;0;0;0;0,18.0540524;11.2882872;8.07207203;5.55855846;5;5.09909916;1.54054046;4.89189196;0.360360354;3.67567563;2.57657647;1.74774766;4.29729748;0.45045042;0;0;0;0;0;0;0;0;0;0;0;0;0;0;0;0;0;0;0;0;0;0;0;0;0;0;0;0;0;0;0;17.2882881;22.8198166;16.189188;19.9549561;21.8918915;21.6036034;16.9008999;20.9639645;19.3423424;16.9099083;14.6486473;19.9369354;15.1441431;16.0990982;19.3243237,44,solid_clouds/keyframe_20.pcd
1680,-0.893544239,-8.58962932,0,-177.422291,1.29936302;20.8152866;36.4267502;45.0509567;33.2611465;40.7707024;36.6496811;27.7261143;45.3248405;42.8598747;45.7197418;59.5605087;88.9681549;26.9235668;14.031846;14.5477705;7.26114655;10.5541401;7.85987282;12.8662424;10.0764332;8.38216591;5.9872613;4.90445852;6.26114655;9.47770691;7.56687927;2.85350323;2.57324839;1.91082811;4.25477695;3.9808917;0.445859879;0;0;0.445859879;0.445859879;0;3.08280253;1.55414009,19.1019115;23.7579613;16.4840755;21.1974525;14.4458599;27.5732498;19.2929916;13.8789806;15.2101917;15.7515926;9.52229309;12.6114645;10.5350313;9.36305714;8.77707005;0;0;0;0;0;0;0;0;0;0;0;0;0;0;0;0;0;0;0;0;0;0;0;0;0;0;0;0;0;0;19.4840775;52.0509567;48.7197418;44.8980865;39.1019096;28.3821678;28.7707024;26.554142;26.7388535;28.3375816;28;25.0382156;19.4012718;20.5859871;19.1146507,44,solid_clouds/keyframe_21.pcd
1760,-0.895929774,-8.58888073,0,-177.958655,1.6774193;19.8967743;35.9483871;46.2000008;32.7612915;42.2645187;30.4967728;26.754837;39.5935478;39.3225822;46.8645134;65.7741928;89.7161179;28.6129036;16.63871;12.5870972;7.6193552;11.8387108;8.62580681;12.2967749;6.93548393;9.02580643;6.50967789;3.27741909;6.87096786;9.18064499;8.11612892;3.02580667;1.78709674;2.64516139;3.05161285;3.56774211;0.864516139;0.43225807;0.43225807;0;0;0.864516139;3.16129017;3.5999999,20.0451603;23.1870956;16.329031;19.5677433;16.0258064;19.3225803;21.4516144;14.5870972;12.606452;14.5935478;10.5677414;10.2967739;8.47096825;9.40000057;7.38709688;0;0;0;0;0;0;0;0;0;0;0;0;0;0;0;0;0;0;0;0;0;0;0;0;0;0;0;0;0;0;23.3870964;52.2193565;46.0903282;47.1096802;37.2000008;31.5806446;25.8258057;32.3225822;27.3806458;24.309679;30.36129;27.1032257;20.7225819;19.6516113;19.7354851,44,solid_clouds/keyframe_22.pcd
1840,-0.890680684,-8.59089157,0,-178.010718,1.25641024;19.0705128;36.8846169;43.6089706;37.5961533;46.0833321;38.5897446;33.1346169;47.6666641;50.3141098;52.7115402;69.9807739;86.7756424;30.5128231;14.9615393;11.2756414;8.02564144;9.42307663;8.08974361;12.999999;6.79487181;7.80769253;6.85897446;3.19230771;6.26923084;8.91666603;7.48717976;2.53846145;2.17307687;2.59615374;3.98717928;2.98717952;0.897435904;0;0.448717952;0.448717952;0;0.897435904;3.51923084;3.07051277,20.3717957;28.9743557;20.0448704;22.9807663;15.9038467;28.4038467;19.9294891;16.6923084;14.8846149;14.2115374;10.1025639;13.1794872;9.83333302;9.4871788;8;0;0;0;0;0;0;0;0;0;0;0;0;0;0;0;0;0;0;0;0;0;0;0;0;0;0;0;0;0;0;24.8397427;53.9423103;45.8589706;44.5192299;38;30.2884674;27.1666698;34.1858978;25.6153831;28.8333359;31.9743576;26.3717957;21.1730766;23.2115383;20.8717937,44,solid_clouds/keyframe_23.pcd
1920,-0.894136297,-8.59249122,0,-178.035864,1.39597321;19.8255043;37.557045;42.4362411;35.7583885;45.6577187;38.577179;34.8859062;52.0604019;53.4630852;53.7583847;69.7382584;88.7449722;29.5167789;15.5167799;11.9664431;7.14093971;10.1140938;8.40268421;12.1476507;7.50335598;9.2147646;6.07382488;3.31543636;6.51677799;9.24832249;7.75167751;2.2281878;2.67114091;3.48993301;2.85906029;3.83221459;0;0.912751675;0.456375837;0.456375837;0;0.912751675;3.36912751;3.63758373,23.4295292;27.8590603;20.0067101;23.046978;16.9127541;28.1208076;24.6040287;15.6040277;15.3892622;16.3422813;9.63087273;14.2416096;9.95301914;6.9530201;8.24161148;0;0;0;0;0;0;0;0;0;0;0;0;0;0;0;0;0;0;0;0;0;0;0;0;0;0;0;0;0;0;26.5100651;55.8859024;46.026844;44.7047005;39.1744995;31.6174507;28.0402679;32.5369148;25.6711407;27.7785225;31.5771828;27.0469799;22.510067;24.2684574;19.4295311,44,solid_clouds/keyframe_24.pcd
2000,-0.893937867,-8.59373274,0,-178.031725,1.31578946;15;38.6644745;45.0131569;37.0592117;45.8552628;40.7171021;33.9078941;51.328949;48.4013176;54.2039452;70.4671097;87.2368546;30.6249981;14.8618412;11.9276314;7.97368431;10.1776323;8.32236767;12.3552618;7.375;9.23026276;7.48026276;4.16447353;6.48684216;8.82236862;8.16447353;2.21710539;2.65789461;3.88157892;3.24342108;3.44736838;0;0.881578922;0.440789461;0.440789461;0;0.881578922;3.17105269;3.59210539,21.8486862;27.7434216;18.6973705;22.4078941;17.7236824;26.9473705;23.3749981;15.2894745;16.4802628;15.0263147;10.7368412;12.5263157;9.40131569;10.4473686;7.78947449;0;0;0;0;0;0;0;0;0;0;0;0;0;0;0;0;0;0;0;0;0;0;0;0;0;0;0;0;0;0;25.6907883;57.453949;45.6381607;48.1644745;38.9934273;28.4802608;29.3552628;33.2763176;25.3947372;29.75;29.8026314;26.1907883;24.8223686;22.6513157;19.8881569,44,solid_clouds/keyframe_25.pcd
2080,-1.03310739,-8.66914066,0,-94.3568511,1.65765762;12.9909906;45.4504471;38.378376;22.4684677;22.1351357;16.5855846;17.3423424;13.0900898;11;10.6486483;13.6396389;6.53153133;0;0;0;0;0;0;0;0;0;0;0;0;0;0;0;0;0;0;0;0;0;0;0;0;0;0;0,8.88288307;10.4954948;7.97297287;8.39639664;9.82882881;6.0450449;2.85585594;5.21621609;3.68468475;2.54954958;1.96396399;3.01801801;3.72072077;0.270270288;0;0;0;0;0;0;0;0;0;0;0;0;0;0;0;0;0;0;0;0;0;0;0;0;0;0;0;0;0;0;2.54954958;6.91891956;15.1441431;11.4144154;8.34234142;10.4954948;16.0900898;9.13513565;13.0450449;9.84684753;8.99099064;8.81081009;9.58558559;7.2522521;9.41441441;9.98198128,44,solid_clouds/keyframe_26.pcd
2160,-1.34619481,-11.9202397,0,141.704898,2.08387089;17.8064518;41.6064529;28.9741936;35.3354836;42.1483879;40.8064499;35.1548386;35.9612885;37.3290329;36.6967735;55.7870941;52.7290306;58.2387085;59.2000008;78.5741882;34.5612869;31.2645149;34.1612892;46.1935463;28.8645172;16.9161301;14.425806;22.0387096;22.5612907;19.1677418;22.27742;14.2838707;14.5935478;17.1161289;13.1999998;27.6000004;28.3806458;4.39999962;5.85806465;9.52903175;5.24516106;5.45806456;2.31612921;2.31612921,33.6258049;47.316124;37.3096809;34.2258072;35.3548393;19.8580627;13.9612904;14.72258;9.94193554;9.21290207;4.34193516;5.50967789;2.9032259;0;0.522580624;0;0;0;0;0;0;0;0;0;0;0;0;0;0;0;0;0;0;0;0;0;0;0;0;0;0;0;0;0;0;3.67096782;9.98064518;20.6193523;38.3483887;82.8516235;72.4193649;73.1161346;73.4645081;94.7677383;91.8645096;80.3354874;55.3354874;51.4967728;39.0967712;44.9870949,44,solid_clouds/keyframe_27.pcd
2240,-1.44147771,-11.8230678,0,103.791646,1.95939088;8.2436552;33.4111671;45.6852798;35.1522827;40.1218262;40.9187813;41.7715721;38.588829;38.4974632;39.4466972;44.0862923;45.8933983;52.1421356;55.8934021;65.6243668;32.7664986;36.5076141;30.9593925;41.263958;38.6548233;28.928936;31.2081223;29.096447;25.4670067;28.3045692;30.4213181;25.7157364;22.8781719;23.2893391;27.8426399;47.9086304;20.8274117;16.360405;16.1319809;17.5685272;9.82233524;10.6192894;6.75126886;3.37563443,98.385788;71.3705673;42.289341;36.614212;34.3553314;35.8477135;34.0913734;35.8680191;30.3096428;32.8832512;28.1218281;25.4162445;18.1624374;12.2436543;0;0;0;0;0;0;0;0;0;0;0;0;0;0;0;0;0;0;0;0;0;0;0;0;0;0;0;0;0;0;0;1.26903558;5.71573591;4.93908644;4.4517765;7.9695425;5.75126886;8.78680229;16.0050755;28.7614193;63.3248749;102.106583;97.6700439;86.7360382;138.208115;122.451782,44,solid_clouds/keyframe_28.pcd
2320,-1.43183012,-11.8100054,0,103.935088,1.14594591;10.7081079;35.291893;46.0270233;38.5891876;43.1675644;41.416214;41.9189148;41.1999969;36.0594635;40.1675682;46.4756699;47.1729736;56.4000015;60.2972946;78.8540573;36.454052;40.9081078;37.4432411;51.7243233;39.0162125;27.3567562;25.6000004;30.329731;27.7351341;27.8810806;35.0648651;24.0054054;22.6054058;26.5027027;30.9891891;48.6540527;28.697298;13.8648643;16.0486488;13.8702698;14.0432434;13.962162;8.75675678;5.25405407,101.329727;79.5783691;47.9081116;40.4864922;36.7999992;35.8432426;37.6324348;39.2000008;33.216217;31.810812;32.4054031;24.5891876;17.7675667;12.4540539;0.383783787;0;0;0;0;0;0;0;0;0;0;0;0;0;0;0;0;0;0;0;0;0;0;0;0;0;0;0;0;0;0;0.243243247;6.95675659;5.38378382;4.74594593;9.51891899;5.54594612;8.42162132;17.8810806;31.5189209;66.5135193;104.583771;103.875671;99.075676;143.232437;132.75676,44,solid_clouds/keyframe_29.pcd
2400,-1.42920548,-11.8082027,0,103.940476,1.14285719;11.5238094;30.8571434;44.7513199;34.4232788;40.9259262;39.5449715;40.7724876;39.9470863;33.2698402;40.349205;51.4179916;48.0899391;56.9417992;61.2698402;74.5026398;38.2539673;38.4656067;38.3333359;51.9576721;40.3809509;25.8888893;26.3968239;32.4179878;23.9417992;30.8359814;35.4179916;21.2857132;22.5820122;24.7777786;28.8095226;45.4656067;27.3809528;14.2328033;14.1269836;12.5820103;13.3121691;13.4656086;8.35978794;5.01587296,101.481483;78.2592621;47.3227463;40.5608406;32.9576721;35.8518524;38.8201065;37.1111069;30.8095245;33.9470863;27.2592583;25.6031761;16.9523811;12.6137571;0.94708997;0;0;0;0;0;0;0;0;0;0;0;0;0;0;0;0;0;0;0;0;0;0;0;0;0;0;0;0;0;0;0.232804239;6.89947033;5.18518543;4.25396824;8.22751331;4.46031761;8.73544979;17.5026455;28.8306866;69.5079346;101.671959;102.735451;97.9735336;138.259262;128.444443,44,solid_clouds/keyframe_30.pcd
2480,-1.42774001,-11.808799,0,103.953796,2.02631569;9.92105293;29.3789482;43.8473701;33.3789482;42.2421036;39.3578949;43.6578903;38.9368401;34.5315742;41.2999954;47.1105232;48.057888;58.9631538;64.4736786;76.7263107;38.9631577;39.731575;42.8263168;49.5736847;42.5052643;26.984211;29.7105274;30.7421036;23.1894741;31.0263157;33.2421036;23.8421059;24.3052635;27.0368423;28.7368431;48.905262;23.2000008;17.7368431;16.1894741;13.3578949;13.51579;16.0210533;7.19999981;3.20000005,103.384209;79.8368454;50.3684158;37.4631577;33.484211;38.0315819;36.8263168;36.5631561;27.9736862;32.0315781;27.2210522;24.7578964;17.0736847;12.8684206;0;0;0;0;0;0;0;0;0;0;0;0;0;0;0;0;0;0;0;0;0;0;0;0;0;0;0;0;0;0;0;0.226315796;6.86315823;5.0999999;4.53157902;7.18947411;4.40526295;9.06315804;16.7526321;29.6473694;67.2210541;108.063164;118.563148;96.8473587;138.85791;134.436829,44,solid_clouds/keyframe_31.pcd
2560,-1.43110369,-11.8107099,0,103.933462,1.14583337;10.848958;32.4166679;41.7083321;33.515625;40.7708321;42.546875;40.15625;36.359375;37.2760429;39.9791679;48.21875;50.421875;51.9166679;62.4322929;79.0729141;36.8958359;39.1041641;39.90625;45.9843712;40.046875;25.791666;26.5520821;31.9947929;24.5989571;30.791666;28.453125;26.9375;23.161459;23.6197929;30.03125;50.296875;23.125;14.75;16.53125;14.067709;13.286458;16.6875;6.70833349;5.03125,100.921875;76.3385468;50.0572853;37.3854141;33.6875;32.4895821;40.234375;37.0416641;27.9479141;33.2135391;30.072916;23.1875;16.6666679;12.895833;0.348958343;0;0;0;0;0;0;0;0;0;0;0;0;0;0;0;0;0;0;0;0;0;0;0;0;0;0;0;0;0;0;0.239583328;6.63541698;5.25520849;4.515625;7.23958349;5.31770802;8.11458397;15.9739561;29.0416641;64.984375;103.682297;116.609383;95.2916641;135.39064;132.35936,44,solid_clouds/keyframe_32.pcd
2640,-2.12010825,-11.6665341,0,169.120659,1.0315789;24.3210526;36.6631584;23.110527;44.8052635;46.8000031;29.7473717;22.3052635;17.3842106;19.8105259;26.6947327;15.0736828;19.2105255;22.4368401;23.8052635;10.5052624;10.9947367;13.5842094;11.936842;16.9421043;5.95263195;5.01052666;6.80526304;5.05263138;3.42105269;6.38421059;4.78421021;3.09473681;2.43684196;3.9000001;4.32631588;6.00526333;3.58421063;0.389473677;2.32105255;0.600000024;5.5421052;0;1.55789471;0.778947353,24.5368423;14.6736851;8.76842117;6.31578922;5.13684177;4.84736824;1.9789474;5.28421068;0.773684204;5.18421078;0.257894725;3.13684225;1.51578951;0.66315788;0;0;0;0;0;0;0;0;0;0;0;0;0;0;0;0;0;0;0;0;0;0;0;0;0;0;0;0;0;0;0;23.1421051;39.1315765;33.0210533;45.7368393;33.7368431;31.8157864;22.5736828;23.9157887;17.46842;27.4789467;21.2736835;24.984211;20.6842117;29.7263145;31.3473682,44,solid_clouds/keyframe_33.pcd
2720,-4.78638287,-10.3456692,0,39.3057098,2.25;13.7023811;33.6309509;67.8690491;38.5238113;43.4047623;28.7678566;30.9702396;39.8214302;90.875;52.5119095;37.2678566;40.7321396;42.3511925;44.6785698;47.1666679;39.9523811;45.4642868;36.7261887;30.8452377;30.6428566;26.9107132;28.1666679;28.9464283;25.2857132;19.3035717;19.0476189;22.7797604;21.3988113;14.6904764;13.25;25.6845245;12.2619047;28.7976189;21.8392849;6.76785755;1.7976191;1.44642854;2.89285707;0.482142866,40;76.0297546;104.113098;104.76786;64.6309586;97.6488113;85.023819;76.9642792;70.642868;46.7976189;19.875;15.5476189;20.6845226;8.02381039;6.72023821;0;0;0;0;0;0;0;0;0;0;0;0;0;0;0;0;0;0;0;0;0;0;0;0;0;0;0;0;0;0;6.23214245;17.8869057;17.3869038;17.3035717;26.5238113;27.4404774;19.7261925;19.0535717;20.3035717;19.2321434;23.0238094;21.5238113;24.3988094;30.9821396;31.4166679,44,solid_clouds/keyframe_34.pcd
2800,-4.7639207,-10.3569408,0,39.7013062,1.3167702;14.4968939;32;64.4099426;42.1366463;50.1614914;35.2670822;39.0434761;47.6832275;97.583847;57.4099388;43.2795029;48.0062141;47.0434761;49.1490707;54.4223633;52.1739159;47.608696;40.1614914;31.1490688;34.4720497;27.9068336;33.4472046;27.3540363;29.7391281;26.9006233;20.7950325;25.5031071;19.9689445;12.8447208;14.5465832;26.9440994;15.6459618;30.565218;18.6024837;7.20496893;2.88819885;1.68944097;3.19254661;1.26708078,43.3602486;79.6211166;113.91304;119.428574;74.9006195;98.1863251;95.826088;89.3540268;83.4534073;48.0807457;23.5093174;18.3602505;22.2981358;15.5217381;9.26086998;0;0;0;0;0;0;0;0;0;0;0;0;0;0;0;0;0;0;0;0;0;0;0;0;0;0;0;0;0;0;6.78260899;14.5900631;19.3229809;24.6583862;20.5962734;24.2857132;23.4906826;22.1801224;21.5776405;19.8198757;25.9813671;22.0310574;25.0559006;39.4534149;31.0807419,44,solid_clouds/keyframe_35.pcd
2880,-4.76612462,-10.3519265,0,39.6833542,1.29999995;15.1750002;33.2999992;64.03125;39.8062515;52.46875;32.8187485;41.7125015;48.2375031;100.156258;58.0937538;43.125;45.7625008;44.1062469;49.4812469;53.0999947;54.1624985;47.9687462;38.7937508;32.0812492;38.0999985;26.7250004;29.1312504;28.7312508;27.6375008;22.5812492;21.9625015;24.6812477;18.6062508;11.6499996;14.5625;23.4750004;12.6187496;26.375;17.2749996;7.82499981;2.2562499;1.25625002;0.837499976;1.67499995,42.3874969;74.8624954;106.562485;117.925003;72.7375031;101.756256;87.8187408;86.34375;83.1999893;49.0937538;24.0437508;16.1875;24.0687504;13.3937492;7.99999905;0;0;0;0;0;0;0;0;0;0;0;0;0;0;0;0;0;0;0;0;0;0;0;0;0;0;0;0;0;0;6.7125001;17.0187492;15.874999;21.9249992;24.2999992;21.1187515;26.1437492;22.7999992;21.71875;22.3687515;26.2062492;24.09375;25.9000015;35.9499969;33.1312485,44,solid_clouds/keyframe_36.pcd
2960,-4.76333403,-10.3593944,0,39.7001368,1.35849059;15.3836479;29.4088058;64.0503159;41.9056587;48.3647804;36.3333321;38.0125809;49.4402504;99.4779739;56.5220146;43.9119492;48.3773575;44.3962288;51.3144646;53.7484283;51.7735825;51.320755;41.9371071;29.9937134;34.2704391;24.8176098;32;26.5849056;28.6163521;22.5094337;18.6100636;30.2327042;16.5534592;14.1194973;14.2704391;27.9433956;13.3522015;29.4465408;17.8930817;9.20125771;2.35849071;2.20125771;1.79245281;0.817610085,44.9245262;79.1006241;112.716972;118.238991;76.6352158;100.113205;93.1698151;88.2830124;77.8050385;47.4402428;23.0062904;16.345911;23.3899384;14.308176;8.99371052;0;0;0;0;0;0;0;0;0;0;0;0;0;0;0;0;0;0;0;0;0;0;0;0;0;0;0;0;0;0;6.74842739;14.7798748;16.8930817;23.9182396;23.6540909;21.28302;25.1446533;22.2893085;21.3899364;20.8176117;25.0817642;23.7106915;25.5974846;36.1069145;32.7358513,44,solid_clouds/keyframe_37.pcd
3040,-4.76757403,-10.3576753,0,39.6660889,2.42499995;13.2124996;34.15625;63.375;39.5249977;50.9625015;33.2437477;36.3374977;49.4624977;99.6437454;58.8249969;39.3312492;46.6562538;46.0562439;47.5187492;53.2437515;48.4624977;48.2999992;40.21875;28.25;33.9312515;25.0812492;27.3562508;26.75;28.4187508;21.9437485;18.46875;27.4375019;19.03125;12.53125;12.1999998;25.1875;15.3999996;26.2562504;18.59375;5.58125019;2.73749995;2.2437501;2.2437501;0.887499988,45.6374931;70.8562546;103.243744;108.106239;75.4625015;97.2312317;92.9312439;80.5312576;86.2687454;45.2062454;22.1937523;16.7250023;21.3625031;14.4937515;8.85624981;0;0;0;0;0;0;0;0;0;0;0;0;0;0;0;0;0;0;0;0;0;0;0;0;0;0;0;0;0;0;6.8125;15.7000017;17.2125015;23.5062523;23.9312515;23.0875015;23.90625;19.9937515;23.8062515;22.6000023;24.6750031;24.4750023;25.4999981;35.0687523;32.1062469,44,solid_clouds/keyframe_38.pcd
3120,-4.76702475,-10.3602039,0,39.6819446,1.32467532;11.3961039;32.2597389;66.7986984;41.1103897;52.6623383;33.2987022;37.2077904;47.5779266;102.63636;59.9545479;43.785717;50.922081;48.9870148;50.2922058;54.6428566;47.6428566;45.3441582;38.3766251;33.1428566;34.1038971;29.2272739;27.0974007;30.1948051;27.3311672;26.7857132;17.4740257;27.8766212;20.5649357;13.6233768;13.5584412;25.5064926;11.5194798;29.7987003;19.0649357;6.22727251;2.78571439;2.21428561;1.28571427;0.857142866,45.2467537;79.1233673;111.168839;111.285713;75.5129852;100.467522;95.4805222;85.805191;78.5909042;49.0844193;23.7922077;16.8506508;24.3896122;14.227272;9.12337685;0;0;0;0;0;0;0;0;0;0;0;0;0;0;0;0;0;0;0;0;0;0;0;0;0;0;0;0;0;0;6.97402573;14.8376627;18.6038971;21.681818;25.227272;23.9220772;22.8116875;20.4350624;20.2467556;23.3116875;24.4415569;24.0649357;26.6883125;39.6818237;33.3831177,44,solid_clouds/keyframe_39.pcd
3200,-4.77076908,-10.3733782,0,43.9667524,1.10179639;16.287426;35.8263474;57.4910164;33.8742523;39.4491043;24.1137733;30.053894;42.4491005;78.1077805;53.5209541;33.5928116;43.5209618;37.0958099;45.7365303;40.8263474;43.3532906;47.2215576;39;37.4311371;28.8023949;24.4850292;25.9461079;26.6826344;28.0119762;22.1676655;20.9760475;24.5449104;25.143713;15.8742523;14.0419159;32.2634735;11.3772449;30.4491005;21.5868263;4.01796436;2.82634735;2.11976051;5.6526947;2.11976051,71.1317368;94.2514954;120.742508;71.047905;93.5449066;75.3353271;74.2275391;84.9101639;45.8802414;19.5928135;11.9161682;21.6646729;10.8203592;9.11377239;5.19161701;0;0;0;0;0;0;0;0;0;0;0;0;0;0;0;0;0;0;0;0;0;0;0;0;0;0;0;0;0;0;11.2155685;17.9401207;16.3532944;20.8922157;22.191618;27.5868263;17.1556892;19.8802395;18.5089817;20.898201;23.6646709;22.5928116;24.2574844;34.7784424;41.8562889,44,solid_clouds/keyframe_40.pcd
3280,-6.30782547,-8.45733847,0,27.4754432,2.07222223;13.9333334;29.1277771;51.3222237;44.0111084;49.1333313;40.0999985;24.6999969;21.7222195;35.0888901;36.1833344;37.4055557;44.8222275;115.35556;63.6166649;51.3055534;46.5833282;35.4611092;32.9444427;34.1277771;40.6666641;25.7833328;24.8999996;20.8277779;14.2944431;9.05000019;8.88333321;11.3722219;13.4944439;3.1833334;4.78888893;5.26666641;12.0777779;17.5888901;17.7222233;13.7388897;2.14444447;3.11111116;3.46111107;0,31.583334;63.8666611;94.9888992;89.4388885;44.4055595;61.8833427;72.8777695;76.5000153;46.5833321;10.9833336;6.25;7.54444456;5.36111116;4.51666641;1.45555556;1.05555558;0;0;0;0;0;0;0;0;0;0;0;0;0;0;0;0;0;0;0;0;0;0;0;0;0;0;0;0;0;9.33888912;19.7444439;25.5944443;33.7777748;29.9777794;35.9499969;31.6777802;39.9388847;20.2111111;28.9055557;28.5555553;36.3666687;29.288887;36.2333336;36.5166664,44,solid_clouds/keyframe_41.pcd
3360,-6.19566793,-8.34715432,0,4.32081686,3.25139666;12.7262573;24.8435764;48.1117325;43.8826828;73.2011185;49.9944115;44.206707;48.8435745;45.9888306;51.8100548;61.2905045;80.2178802;108.234634;54.6536369;52.1564255;36.1005554;29.7486057;31.7877102;25.0502796;18.5642452;21.1173191;14.6592178;18.3743019;3.67039108;7.81005573;5.52513981;14.8435755;12.6089382;4.43016768;3.12849164;3.12849164;11.0279331;13.402235;9.21229076;9.87709522;1.87709498;0;0;0,30.4189968;40.6703911;36.089386;39.2011147;55.5754166;59.0111732;83.9553146;79.0000076;44.4748573;61.9608955;72.6592255;58.5586624;39.3016815;12.0726271;1.26815653;0;0;0;0;0;0;0;0;0;0;0;0;0;0;0;0;0;0;0;0;0;0;0;0;0;0;0;0;0;0;9.23463631;10.7262564;10.1452503;17.1284924;18.9776535;21.1899452;35.0335236;31.2346382;41.865921;36.7988815;36.4916229;34.8100548;29.1005592;28.0670376;24.3351955,44,solid_clouds/keyframe_42.pcd
3440,-6.19868463,-8.35151228,0,4.30313188,2.18784523;14.8342533;25.2928181;47.4033165;41.7403336;71.9613266;45.0441971;37.9613266;42.574585;42.2044182;45.1546974;53.2872887;63.9392281;104.447517;54.9060745;51.5635376;35.6243095;25.6464081;27.7900543;26.2928181;19.5193367;16.1491718;19.7679558;12.1270714;5.92817688;6.77900553;7.3812151;7.75690556;11.0718231;6.1602211;1.88950276;3.77900553;10.9944754;15.5248623;6.75690556;9.56906033;1.88950276;1.88950276;0.629834235;0,29.0055256;36.5414352;31.9060783;36.6574593;48.7237587;64.3535843;79.6629639;70.0441971;38.2265129;57.1823235;63.3646355;54.7127113;34.8287277;10.2430935;0.911602199;0;0;0;0;0;0;0;0;0;0;0;0;0;0;0;0;0;0;0;0;0;0;0;0;0;0;0;0;0;0;8.64640903;7.30386734;12.4198895;17.8011055;16.1823196;25.2430935;31.3425407;30.2430916;37.9447479;34.2265167;36.4917068;32.3867416;25.8342533;29.6574593;23.3314915,44,solid_clouds/keyframe_43.pcd
3520,-4.80506758,-5.6441946,0,71.8964944,1.85454547;13.2545452;35.684845;32.0181808;18.848484;23.2121201;17.7696953;9.14545441;12.2000008;36.6848488;45.4727249;75.0181808;35.2909088;35.3818207;62.7878799;36.4000015;35.2606049;37.9030304;36.0606079;24.69697;15.8424244;21.6242428;11.6121216;17.818182;21.6969681;22.2303028;20.6666679;20.7818184;29.2363625;26.030302;31.8303032;23.757576;20.060606;13.393939;20.2060604;20.484848;26.2848473;41.5393944;59.484848;0,139.515137;138.05455;103.430305;56.8000031;20.7272739;10.4787884;5.0969696;6.89090919;5.49696922;2.4121213;7.73333311;1.30909085;3.4424243;0;0;0;0;0;0;0;0;0;0;0;0;0;0;0;0;0;0;0;0;0;0;0;0;0;0;0;0;0;0;0;1.5272727;12.9151497;18.9151516;11.9333334;20.7818184;14.8606052;23.1575756;36.8484879;33.3272781;80.0363693;71.5696945;37.5636368;19.878788;32.8727264;51.2242432;120.727272,44,solid_clouds/keyframe_44.pcd
3600,-4.36835028,-4.78960462,0,-21.470889,2.2048192;14.403615;30.1024094;46.126503;45.6747017;59.9759064;42.6024094;42.6385574;59.6024132;69.4216919;92.6807327;65.1144485;57.5060272;76.0361481;57.0421638;44.259037;27.38554;15.5722885;2.33132529;0.843373477;1.53614461;2.46987939;3.07228923;2.04819274;5.12048197;8.03614426;12.2771082;7.10240984;8.28313255;5.25903654;5.57831287;6.6566267;0;0;0;0;0;0;0;0,29.1927719;22.2951794;23.0542145;24.8493958;25.69277;33.4638519;31.4638519;28.8132534;59.367466;59.0361404;36.3253021;16.1927719;28.1445808;27.4819279;19.1867504;0;0;0;0;0;0;0;0;0;0;0;0;0;0;0;0;0;0;0;0;0;0;0;0;0;0;0;0;0;0;21.8373508;21.8614483;25.6204815;24.9096394;29.096386;30.9939766;27.9096413;39.9277115;44.6084328;42.7349396;31.3252983;32.4759064;25.6867485;31.5722885;23.8433743,44,solid_clouds/keyframe_45.pcd
3680,-4.36540169,-4.7951456,0,-21.38424,2.34567881;13.7283955;30.419754;45.6049385;43.8888893;59.209877;43.9567909;39.2592583;60.5370407;56.1604996;92.1604996;61.2592621;55.8703728;73.2839508;54.5000038;44.6728439;25.7469158;16.4629631;2.4629631;0.864197552;2.14814806;2.58024693;3.75925922;2.14814806;5.37037039;7.63580275;11.3950615;7.59876537;7.11728382;5.8209877;5.94444418;6.30864239;0;0;0;0;0;0;0;0,28.1543217;24.1111107;21.1543198;22.1049385;25.5493851;35.5432129;34.3086433;27.709877;56.7963028;62.7716103;33.3333359;16.1975307;26.4753094;28.5061741;17.5308628;0;0;0;0;0;0;0;0;0;0;0;0;0;0;0;0;0;0;0;0;0;0;0;0;0;0;0;0;0;0;20.4938278;23.0185204;24.5864201;21.043211;28.6543179;29.450613;29.4320946;36.3086433;44.1357918;37.8950615;27.9567928;27.796299;25.4506207;28.6234589;25.1296291,44,solid_clouds/keyframe_46.pcd
3760,-4.36396886,-4.7932674,0,-21.4606616,2.27878809;15.6727276;31.5030289;45.8303032;43.0969696;59.2787895;39.8909073;39.684845;55.4606056;62.4181747;88.3939438;58.4545441;52.1636353;71.3272781;50.8060608;45.969696;26.6787872;14.8242416;2.9030304;0.872727275;1.0424242;2;4.69090891;2.6060605;4.69090891;9.52727318;12.60606;8.36363602;6.4363637;5.87878799;5.66060686;6.72727299;0;0;0;0;0;0;0;0,28.1818161;22.9757557;24.2545433;24.2484856;23.5999985;34.6181831;33.5030289;26.8969669;56.4181862;56.4484825;39.3393974;14.4303017;25.6727257;27.4242401;14.8424225;0;0;0;0;0;0;0;0;0;0;0;0;0;0;0;0;0;0;0;0;0;0;0;0;0;0;0;0;0;0;21.212122;21.7090912;23.6484833;22.363636;26.2121201;29.2484818;28.0848522;34.6484833;46.4242516;34.3454514;33.3393936;27.7030296;23.2848473;30.1999969;22.4606056,44,solid_clouds/keyframe_47.pcd
3840,-4.36575132,-4.78966338,0,-21.4365353,2.24698782;15.8614454;33.4457817;41.8614464;46.6385574;62.8253021;36.8975906;42.0843391;54.1987953;65.2650604;89.5722961;68.1084442;57.3795204;75.2831345;53.3373451;43.0542221;26.8253002;14.2771091;1.98795176;0.415662646;1.98795176;1.98795176;3.14457822;3.14457822;5.24096394;10.5722885;11.2951813;7.57228947;8.30120468;5.28313255;5.97590351;5.59638596;0;0;0;0;0;0;0;0,28.6746979;21.3192768;23.3253021;22.5903625;26.6385555;34.481926;31.5240955;27.2891579;59.3493958;62.3373413;36.3433762;16.1566277;25.4879513;28.4337349;17.6807232;0;0;0;0;0;0;0;0;0;0;0;0;0;0;0;0;0;0;0;0;0;0;0;0;0;0;0;0;0;0;20.596386;23.2710838;25.1807232;20.9939766;30.2831326;30.9518051;24.5421677;39.8012047;43.8192749;39.8072243;28.789156;31.9457836;24.1445789;30.1385555;25.7710857,44,solid_clouds/keyframe_48.pcd
3920,-4.36203952,-4.79101908,0,-21.5001236,2.21301794;14.7455626;34.5325432;45.5266266;41.8165665;66.8698273;34.0769234;38.0236702;48.8343201;64.6213074;87.5621185;60.1183434;55.1952744;66.6982269;47.6863937;43.4142036;24.91716;13.6863899;1.30769229;0.852070987;1.82248521;1.94082844;2.4260354;1.94082844;5.33727789;8.85798836;12.4674559;7.02366829;8.08875656;5.55621243;5.65680504;6.15976286;0;0;0;0;0;0;0;0,25.2070999;21.3609486;22.7514801;21.739645;24.2958603;31.2189331;31.7041416;25.8165684;55.0295868;54.5443802;37.1597672;14.7633133;24.863903;26.3431969;15.260354;0;0;0;0;0;0;0;0;0;0;0;0;0;0;0;0;0;0;0;0;0;0;0;0;0;0;0;0;0;0;20.3313618;22.3727798;24.7396431;22.6153831;24.9585819;27.5798836;25.8224869;37.8284035;42.0769272;38.3491135;33.2426033;29.9704113;25.4970398;30.9940834;21.5384598,44,solid_clouds/keyframe_49.pcd
4000,-4.28745944,-1.96895794,0,81.3116351,1.15894043;11.5695362;32.5827827;30.3245029;23.6225166;31.3708611;20.2913914;17.6622505;18.9271488;17.8145695;22.9271545;15.7682123;17.0264912;12.4635763;20.5827789;18.1456947;22.4900646;19.8609276;16.7284775;15.5827808;10.7152319;16.1589413;18.5827808;20.6622505;18.8211918;22.9867554;25.5298023;29.5231781;40.7748337;43.8344383;49.9735107;38.0463562;5.65562916;0.874172211;0;0;0;0;0;0,93.3311005;27.132452;22.0728474;15.9536419;7.66225195;6.87417221;4.37086105;6.08609247;2.05298018;2.49668884;1.65562916;3.92052984;3.62913895;1.16556287;0;0;0;0;0;0;0;0;0;0;0;0;0;0;0;0;0;0;0;0;0;0;0;0;0;0;0;0;0;0;0;14.7748356;2.39735103;5.88741684;6.304636;8.77483463;10.0132446;13.0927143;13.609272;15.6887417;15.9999981;79.1986694;75.5297928;92.9734955;96.0397263;80.3509674,44,solid_clouds/keyframe_50.pcd
4080,-4.15022039,-0.757689614,0,-19.515415,2.13471508;13.8238344;27.6062183;46.3419685;57.0725365;82.1295319;42.9689102;28.1295338;20.7202072;16.6839371;27.616581;28.4559574;45.6735764;42.7564774;38.8963737;34.8652878;24.6683941;21.4507751;24.3678761;23.5595875;21.4455948;23.9844551;26.5284996;31.5803108;20.4145088;3.91709852;3.91709852;11.5129528;7.44559574;3.5440414;3.82901525;3.61658025;2.63730574;1.60103619;0;0;0;0;0;0,9.05181313;14.8911915;12.6580315;9.55958557;10.8704662;10.5077724;10.3419685;10.7927465;9;11.9896374;16.9015541;37.3989639;48.031086;43.2849731;13.2901554;0;0;0;0;0;0;0;0;0;0;0;0;0;0;0;0;0;0;0;0;0;0;0;0;0;0;0;0;0;0;29.8341942;37.4093285;39.0673599;39.4818649;35.2590675;44.0777168;53.2642479;57.3782349;38.1502571;38.9067383;31.5699482;31.9378242;32.8186569;27.9948196;10.1761665,44,solid_clouds/keyframe_51.pcd
4160,-4.15236129,-0.75555683,0,-19.5256353,2.173913;14.809782;30.086956;49.217392;53.47826;76.8695679;39.2880402;28.326088;22.7065201;18.070652;22.25;23.201086;49.3260841;34.6521759;39.5434761;33.6467361;24.304348;23.451086;24.52174;24.342392;20.945652;27.8206539;27.641304;33.2608681;21.679348;4.9130435;4.9130435;9.88586998;11.983696;4.597826;3.923913;4.201087;3.11956525;1.0869565;0;0;0;0;0;0,12.434783;13.956522;9.57065201;12.88587;9.94565201;8.402174;9.951087;12.625;8.88043499;11.233696;16.081522;39.5543442;51.5108795;44.1413002;13.048913;0;0;0;0;0;0;0;0;0;0;0;0;0;0;0;0;0;0;0;0;0;0;0;0;0;0;0;0;0;0;30.548912;40.3641281;41.9891243;37.4184799;35.5434761;47.0652161;53.8532639;49.2228279;39.1250038;37.2554321;30.47826;28.586956;28.7065201;29.8315201;10.027174,44,solid_clouds/keyframe_52.pcd
4240,-4.15572523,-0.753351476,0,-19.5486391,2.13684225;17.8473682;28.5;49.2263145;53.689476;83.1789474;34.7210541;27.9947357;20.4315796;18.9000015;22.7421036;23.1947365;48.1684227;35.984211;36.6894722;31.9631577;21.3684196;20.8684216;22.484211;21.9157887;19.3157902;25.5421066;27.1631565;30.9105244;20.9947357;3.86842108;3.86842108;10.5105267;10.1894741;3.80526328;3.89473677;4.21578932;2.00526309;1.36315787;0;0;0;0;0;0,9.05263138;13.8947363;12.4578953;10.7473688;11.1263161;8.37894821;8.93157959;12.2315788;10.3157892;13.9157887;13.9421043;35.4631577;47.7052612;44.7999916;13.6684217;0;0;0;0;0;0;0;0;0;0;0;0;0;0;0;0;0;0;0;0;0;0;0;0;0;0;0;0;0;0;29.6894741;37.8631592;40.1263123;33.3052597;35.5105286;43.3736839;51.6842041;47.1578903;41.515789;33.8210526;28.3210487;29.4947357;29.3526306;29.5263157;12.2789478,44,solid_clouds/keyframe_53.pcd
4320,-3.54038169,0.969034921,0,62.9069823,2.09868431;11.5263157;36.6381569;34.6710548;73.875;63.6315804;15.0986834;10.5986834;10.9013147;17.3815784;19.2368412;17.5197372;18.2697372;21.4342117;32.9013138;32.6118393;34.8223686;37.8421059;41.0131607;42.3289452;46.625;45.1118431;39.0460548;48.375;85.9276352;58.8355293;22.1315804;15.9078951;11.6052628;13.2960529;28.0855274;13.8684206;15.171052;17.7631569;6.78289509;0;0;0;0;0,68.3552704;75.2434158;66.1513138;76.4868469;67.9605255;45.828949;22.6578941;12.6513157;9.01315784;10.0789471;7.22368431;4.88815784;6.06578922;2.375;1.13157892;0;0;0;0;0;0;0;0;0;0;0;0;0;0;0;0;0;0;0;0;0;0;0;0;0;0;0;0;0;0;7.73026323;9.23026371;13.5789471;11.4605265;9.04605293;10.8355265;5.95394707;11.9210529;8.38157845;29.657896;78.578949;103.236847;101.776321;103.631592;61.8026352,44,solid_clouds/keyframe_54.pcd
4400,-2.9044244,6.60264328,0,57.5513183,2.04102564;12.6102562;35.4923096;43.2769241;49.0820503;57.4461517;35.9230804;25.189743;24.5230751;32.0358963;41.2666702;65.3230743;49.2615433;70.2307739;86.6205063;37.1846161;35.3641014;30.2923088;38.3538475;23.2153854;20.7333336;19.6512833;34.3794861;61.5692329;29.1692295;14.5076923;20.1076927;6.49743605;0;0;0;0;0;0;0;0;0;0;0;0,22.5692329;34.1846161;26.9179497;33.3487206;27.3487206;18.5076942;22.3538475;14.2205124;14.856411;14.0153847;12.907692;8.50256348;9.64102554;6.70769215;2.43076944;0;0;0;0;0;0;0;0;0;0;0;0;0;0;0;0;0;0;0;0;0;0;0;0;0;0;0;0;0;0;25.9435921;30.2564125;34.4769249;50.7333374;59.8307724;66.2153931;57.3435898;63.7435913;65.2974396;74.9794998;60.7641029;58.8410301;32.8410301;25.9794884;25.5897484,44,solid_clouds/keyframe_55.pcd
4480,-2.67895874,6.67153772,0,-52.7562698,1;13.3028851;37.009613;44.8894234;55.8028831;77.427887;37.572113;22.3509598;42.2355804;63.7884636;68.7692261;91.1153793;71.6730881;104.822128;94.0769196;79.1874924;82.8317261;77.697113;79.9711533;52.9519234;46.6009598;51.7451935;82.240387;131.572113;63.5384598;59.9663467;51.0817337;30.7163467;31.5865402;28.6634598;31.634613;25.7548065;6.12980747;4.35576916;12.7307692;14.7836542;24.9567299;47.197113;55.7163429;6.01442289,136.850967;86.3605881;42.7451935;40.3413467;29.5000038;62.9567261;81.5721054;90.0384598;80.2211685;81.4182892;88.2307816;85.8990479;68.0625;47.1971169;26.8605728;0;0;0;0;0;0;0;0;0;0;0;0;0;0;0;0;0;0;0;0;0;0;0;0;0;0;0;0;0;0;1.11057687;11.1923084;11.7067308;26.2163467;56.1057701;53.5288467;107.5625;132.92308;122.456741;131.144226;55.8990364;43.8173065;19.9182682;78.0480804;105.576935,44,solid_clouds/keyframe_56.pcd
4560,-2.67092574,6.66238799,0,-52.7120523,0.975609779;12.9268293;34.8536606;40.7902451;50.5560951;72.4975586;41.9951248;21.7902451;46.8585434;69.3365784;76.2683029;99.6390305;82.6292725;101.858543;108.068291;76.4585342;91.7707367;89.5121918;75.2048798;62.0292664;45.331707;43.1268272;86.4634094;134.15123;60.8682899;52.1073151;51.8975601;27.0195122;32.9902458;29.8536587;32.0390244;22.1073151;5.47317076;5.70243883;10.4097557;17.9073162;28.1512184;45.7170753;57.9951248;4.94146347,138.048767;87.5365906;48.7268295;42.7609787;35.4195137;66.2487793;74.6097565;102.458534;87.5756226;82.8195114;92.819519;94.8975677;63.8731689;50.5707321;24.1902447;0;0;0;0;0;0;0;0;0;0;0;0;0;0;0;0;0;0;0;0;0;0;0;0;0;0;0;0;0;0;1.4000001;9.27317047;13.4097557;27.0146351;55.4243851;57.5658493;108.321953;125.000008;118.629288;119.253662;60.9365921;44.8487854;20.0439014;86.7463455;109.848778,44,solid_clouds/keyframe_57.pcd
4640,-2.69219398,6.63222061,0,-32.9740182,0.780952394;14.9380951;39.485714;37.9333344;46.3666687;56.7904778;28.7285709;23.4714279;38.180954;60.6619034;82.771431;102.147606;87.0380936;108.109528;138.052368;105.509521;94.4047699;83.5;87.5523834;51.5380936;42.6238098;49;86.2047577;136.076187;57.5952377;49.9809532;48.409523;26.8476181;27.819046;26.1523819;28.15238;13.8904762;3.92857146;0.623809516;10.3857136;18.0809536;27.8095245;44.8428574;56.4809532;4.93809509,43.9333305;35.228569;76.9238129;82.0904846;81.4857101;81.733345;83.4523926;79.8428574;82.4428558;78.6428604;78.2000046;57.8476181;26.4952354;26.8809528;9.72380924;0;0;0;0;0;0;0;0;0;0;0;0;0;0;0;0;0;0;0;0;0;0;0;0;0;0;0;0;0;3.35714293;25.104763;58.7999954;57.8952332;111.666664;108.528572;105.452385;78.8714294;50.3285675;31.0999985;44.1095276;84.638092;125.266685;103.995239;72.2428513;61.5238037,44,solid_clouds/keyframe_58.pcd
4720,-2.16674953,9.96622307,0,96.7677314,1.31468534;11.6153851;29.9790211;45.1748276;54.384613;41.8951073;14.3496504;5.68531466;7.74825191;8.12587452;1.84615386;0.769230843;0.552447557;0.496503502;0.755244732;0.755244732;0.699300706;1.00699294;0.944055915;0.860139847;1.18181813;0.720279694;1.47552443;1.76923072;1.48251748;0;0;0;0;0;0;0;0;0;0;0;0;0;0;0,9.6223774;8.34965038;3.74825191;9.76223755;7.83916092;9.39860153;5.13986015;10.8461533;5.44755268;4.06993008;2.28671312;4.46153831;3.94405603;0.846153855;0.132867128;0;0;0;0;0;0;0;0;0;0;0;0;0;0;0;0;0;0;0;0;0;0;0;0;0;0;0;0;0;1.88111889;19.3776226;12.5384617;10.0839167;10.727273;10.0699301;11.4125881;9.10489464;12.9300699;7.35664368;8.25174809;6.7342658;7.77622414;7.41258764;7.27272701;6.76223755,44,solid_clouds/keyframe_59.pcd
4800,-2.12819402,12.1057412,0,-73.3562272,0.945147693;10.9873419;28.8776379;44.1645546;50.9198341;70.210968;44.0042191;54.3291092;44.7848129;45.7805862;31.6877632;28.2869186;29.8227844;36.3839684;49.5822792;61.0886078;69.8396683;63.9746819;83.4050598;80.9957809;62.8565407;52.9957809;54.1476784;104.848106;74.1265869;57.3839684;66.8734207;29.3122368;28.2953606;20.1308022;22.5105476;22.6793251;41.9029541;21.5907173;22.0970459;18.658226;6.83122396;6.07594967;1.89873421;7.49367094,91.6455536;73.5316315;54.6540108;69.2278519;83.1265717;92.392395;77.5400848;86.1687775;77.4177246;69.1772156;69.7215195;18.8691978;16.9535866;10.1181431;4.00843859;0;0;0;0;0;0;0;0;0;0;0;0;0;0;0;0;0;0;0;0;0;0;0;0;0;0;0;0;0;0;3.37974691;8.02953529;7.31645584;7.76793194;12.223629;17.1476784;12.6497889;19.0126572;28.4599152;80.4008331;112.00843;113.113922;121.130806;97.7257309;117.860756,44,solid_clouds/keyframe_60.pcd
4880,-2.1212095,12.0998832,0,-73.4062314,0.909090936;10.6636362;30.9636383;35.4454536;40.4681816;54.4000015;48.9954529;60.7090912;61.3090897;58.3000031;39.6318207;33.2636375;47.9500008;53.2500038;61.7909088;68.1454468;94.6499939;91.4818192;98.631813;98.477272;68.1681824;59.9227295;60.227272;110.118179;80.0772781;56.0454559;66.4454575;32.1090927;33.6454544;18.363636;21.5499992;24.3590908;42.7545471;21.1499996;23.386364;20.6954536;7.85909081;5.2863636;3.4727273;7.37272739,106.350006;84.8499985;70.1136398;80.4181824;97.5090866;110.190918;95.2090836;95.1272736;88.6000061;81.5181808;76.8136368;17.9000015;17.113636;11.136364;5.32272673;0;0;0;0;0;0;0;0;0;0;0;0;0;0;0;0;0;0;0;0;0;0;0;0;0;0;0;0;0;0;3.4545455;9.159091;7.84090948;7.86363602;10.1909084;15.8090916;12.0545454;17.7454567;26.8045464;86.5772781;113.909096;118.313614;129.559097;119.390915;135.600006,44,solid_clouds/keyframe_61.pcd
4960,-2.11978129,12.1050419,0,-73.4724838,0.892857134;9.9375;26.4642868;31.7857132;34.8125;48.1964264;43.9821396;59.3392868;55.1964264;54.3303604;40.9151802;36.2276764;46.754467;55.7276726;58.2767868;74.1741028;96.8125;98.2901764;105.803574;92.4553604;68.1383972;61.4866066;52.2723198;114.089287;76.8080368;60.473217;66.9419632;33.1875;32.8080368;16.3705368;27.8883934;23.34375;41.5491066;22.6473217;24.3348198;14.937499;9.4642849;3;4.90178585;5.73214245,102.066956;89.8035736;66.3258896;78.6741028;97.633934;106.839279;83.8080444;98.2857208;89.571434;84.0312576;73.7410812;18.4017868;16.2276802;9.61160755;5.41964245;0;0;0;0;0;0;0;0;0;0;0;0;0;0;0;0;0;0;0;0;0;0;0;0;0;0;0;0;0;0;3.49553585;8.4196434;7.8616066;7.67857122;10.9419641;15.7678566;12.8526783;18.7142868;26.3080349;87.290184;111.683037;115.437492;134.575882;120.23661;129.044632,44,solid_clouds/keyframe_62.pcd
5040,-2.11909245,12.1053834,0,-73.4482015,0.93577981;13.8394499;27.21101;40.7431221;42.8532104;57.6238518;51.2293549;63.738533;49.9954109;56.8899155;45.811924;39.21101;49.2981644;55.1743126;70.6559601;84.2293549;102.426598;91.3899078;102.142204;98.9403687;72.8302841;61;62.92202;117.688072;73.5458679;56.4220161;71.4495392;27.4495411;33.8302765;21.6100922;24.9587173;25.6605492;41.128437;19.8119278;19.366972;19.6651382;7.04587173;4.09633064;3.94495416;6.88073397,111.100914;91.5871582;68.7935867;84.5137482;98.4128494;110.587158;97.2660599;101.967888;87.5321198;85.5825729;77.0642166;19.2064228;17.3119278;11.6100912;6.00000048;0;0;0;0;0;0;0;0;0;0;0;0;0;0;0;0;0;0;0;0;0;0;0;0;0;0;0;0;0;0;3.6697247;8.0688076;8.09633064;9.17889881;12.711009;15.8853207;13.1834869;19.6238537;28.8532143;82.4311905;127.642212;131.018356;133.481644;122.743111;130.522919,44,solid_clouds/keyframe_63.pcd
5120,-2.11884274,12.1025844,0,-73.4310109,0.896551728;12.715517;26.6681042;36.965519;41.2629318;55.5;45.8275909;54.853447;51.3319016;52.866375;43.4741364;32.1767235;38.853447;38.6939659;55.3318977;64.6853485;73.0819016;85.6422424;90.0991364;87.3879242;67.7629242;63.021553;59.625;109.745689;72.0517273;65.5775833;66.3491364;30.7758617;32.9956894;16.3362083;28.25;24.465519;39.2112045;25.2586212;21.1551743;14.2629318;5.57327604;2.06896544;3.4482758;6.1896553,106.168091;84.0732727;58.3663826;67.9870682;89.2930984;109.025856;82.8103485;89.8405075;82.8146591;78.353447;68.4482803;18.3060341;18.2241383;9.76293087;5.28448296;0;0;0;0;0;0;0;0;0;0;0;0;0;0;0;0;0;0;0;0;0;0;0;0;0;0;0;0;0;0;3.26293087;7.61206913;7.65517235;7.71982765;12.4827595;15.3534489;11.0215521;16.0474129;27.2543144;78.6422272;109.754318;117.711205;116.702583;117.952583;124.508614,44,solid_clouds/keyframe_64.pcd
5200,-2.1213422,12.1078663,0,-73.4426682,1.00970876;12.8834953;30.2038841;41.0873795;45.1165047;61.6456299;52.7961159;57.3398056;49.5145607;56.0533981;43.4563141;37.3834915;39.5;43.2669907;53.3737907;68.8252335;90.7864151;87.3398132;98.7572861;91.8932037;66.1796036;63.3543701;56.7378654;120.077675;75.3058243;65.2233047;64.3689346;30.174757;33.7766991;19.7378635;29.349514;24.2766991;46.3689346;20.8398056;28.349514;18.4029121;6.80582523;2.8349514;2.31553388;10.174757,103.35923;84.9660187;62.5582504;71.1941757;93.9999924;106.223305;88.9902954;101.014572;90.567955;84.7232971;70.1067886;20.2669907;16.4029121;13.0339804;4.69417477;0;0;0;0;0;0;0;0;0;0;0;0;0;0;0;0;0;0;0;0;0;0;0;0;0;0;0;0;0;0;3.91262102;8.2572813;8.57281494;9.31067944;12.0291262;18.2524261;12.0631075;20.9708748;29.1601944;88.4417419;114.587372;121.946594;129.266983;121.048538;136.966019,44,solid_clouds/keyframe_65.pcd
5280,-2.1216497,12.1082302,0,-73.4919462,1.2045455;13.25;27.4636383;40.4454575;41.7818222;57.2954559;48.8181801;52.7636337;47.0499954;53.5272675;41.8136292;34.4318161;33.3000031;39.4409065;55.8772697;68.5863647;84.7227325;85.8318176;88.2954559;89.1045456;64.4318237;52.613636;52.8045464;110.259094;73.0954514;64.1999969;63.4636345;29.4363632;30.3272743;19.3090897;28.2136364;25.1227283;41.0090866;25.1500015;20.6272736;17.7090912;5.50454521;2.81818175;2.11363626;7.27727222,103.895462;82.9000015;55.1181793;70.5590973;83.4681778;103.800003;77.1863556;91.1909103;86.9136353;79.8000031;64.0454559;20.2681808;16.3136368;10.9499998;5.409091;0;0;0;0;0;0;0;0;0;0;0;0;0;0;0;0;0;0;0;0;0;0;0;0;0;0;0;0;0;0;3.34545445;7.340909;7.88181782;7.9363637;11.8999996;16.1090927;13.9136372;16.7227249;27.0909042;81.6636353;113.663651;116.668198;124.890915;110.922737;128.622742,44,solid_clouds/keyframe_66.pcd
5360,-2.12046445,12.1010893,0,-73.445844,0.910714269;10.7008924;24.3616066;36.1383934;38.2008934;57.4866104;43.4241066;58.4285736;47.9776764;54.696434;43.5000038;35.8303528;40.473217;50.4151802;63.5892868;76.928566;82.1473236;89.4642792;100.598213;94.8258896;63.7499962;53.9151764;58.7008934;111.678566;75.2053604;60.25;65.4419708;27.3571434;33.2276764;19.2857151;25.8258934;27.8482132;38.625;22.9955368;19.1517849;19.75;7.36160755;5.00892878;2.96428561;5.95535707,105.526794;88.8928528;61.3749924;78.571434;89.3214264;113.276779;83.102684;91.986618;83.6741104;77.5491104;74.5535736;17.4910717;17.2008934;9.7142849;6.01339293;0;0;0;0;0;0;0;0;0;0;0;0;0;0;0;0;0;0;0;0;0;0;0;0;0;0;0;0;0;0;3.58035707;7.5401783;7.9285717;6.86160755;10.875;16.3214283;13.1785717;16.9642868;26.7053566;83.3883896;117.558029;118.58036;124.370529;114.732147;127.5625,44,solid_clouds/keyframe_67.pcd
5440,-2.12007194,12.10266,0,-73.4448724,0.882882893;12.9954958;26.9099102;40.9414406;42.4819832;58.5135155;51.0405426;56.9414406;51.716217;57.5450439;46.4369392;37.0180168;45.9909897;47.7117157;70.3108063;79.5720749;87.8964081;98.0270386;101.576576;92.0720673;67.2117081;59.5135117;58.2972946;116.936935;73.5765762;60.6261253;64.8918915;31.594595;34.1666641;18.8018017;25.4189186;26.0405407;43.5405388;22.594593;19.9684677;19.1441422;7.72522545;5.73873901;3.08108115;8.18468475,108.342346;92.5270233;64.3873825;78.261261;98.8198166;112.414398;94.2837753;100.96846;87.6621628;85.9369507;75.6171188;19.5765762;18;10.5810814;5.47297382;0;0;0;0;0;0;0;0;0;0;0;0;0;0;0;0;0;0;0;0;0;0;0;0;0;0;0;0;0;0;3.59909916;7.98198175;8.30630684;7.08108091;14.0810814;15.2027025;14.905405;16.3423424;30.3693676;87.1306152;117.382874;125.900894;125.806297;116.008987;130.684677,44,solid_clouds/keyframe_68.pcd
5520,-2.12283504,12.1105302,0,-73.4460807,1.98086119;12.7751198;30.7751198;44.5310974;42.1100464;64.2105255;60.3588524;56.8134003;49.8325348;56.0717697;44.9569435;37.4976082;38.3875618;42.8373184;60.0287094;66.5980988;88.6698456;96.5071793;101.076546;100.617233;68.9521561;59.1818161;60.6076546;126.186607;71.7368393;65.6746368;64.4593277;29.5502396;31.0095692;21.6507168;27.1100483;25.3636379;44.2057419;23.3492832;23.3110046;18.8899517;6.84688997;2.29665065;4.5933013;6.31578922,110.200966;91.6507111;64.9569397;72.6267929;99.1244049;109.167473;93.9234314;101.641159;87.5215302;84.799057;70.5358887;18.7033501;19.1578941;11.2296648;5.33014393;0;0;0;0;0;0;0;0;0;0;0;0;0;0;0;0;0;0;0;0;0;0;0;0;0;0;0;0;0;0;4.00478458;8.23923397;8.04784679;8.7990427;12.7894735;17.1291847;12.0526314;18.4497604;31.0478458;88.387558;116.167473;121.933006;131.057404;117.995209;141.258362,44,solid_clouds/keyframe_69.pcd
5600,-2.08603129,12.0984932,0,-26.7611088,1.70445347;13.4777327;38.639679;42.566803;38.3765182;53.4777336;48.4251022;37.9109344;30.9311752;34.578949;30.1012135;27.4696312;31.2105255;41.8825951;49.7489853;55.9311752;64.036438;69.097168;77.8582993;82.1700516;51.866394;37.3967628;39.591095;102.558701;52.3198357;35.7125511;42.3198395;12.9149799;14.6963568;4.19433212;12.6518211;9.9959507;26.4655857;7.04453421;13.4736843;2.59109306;1.12550604;0.562753022;1.12550604;4.77732754,100.392715;73.5829926;48.7165985;17.8178139;16.3036442;8.98380566;13.1983795;9.22672081;5.07692289;8.27125549;2.83805656;3.26315808;3.71255064;0.113360323;0;0;0;0;0;0;0;0;0;0;0;0;0;0;0;0;0;0;0;0;0;0;0;0;0;0;0;0;0;0;0;34.8542595;63.089077;40.9109421;55.4655914;67.5384674;79.6882553;72.0404968;63.0931244;60.1902847;52.4291534;70.7165985;95.9352341;81.3643646;96.8825989;97.2833939,44,solid_clouds/keyframe_70.pcd
5680,2.839638,10.5374168,0,-27.9517,0.783919573;20.2311554;44.2060318;41.457283;48.9396973;61.4723625;20.1708546;17.2211056;27.9246254;32.5678368;45.0854263;52.69347;82.4221115;100.879402;41.4723625;29.5829124;24.2211037;28.552763;11.2713566;9.96984863;2.65326643;7.72864294;4.71859312;7.16582918;7.15577888;5.33668327;2.35175872;3.09547734;8.0452261;0.673366785;0.301507533;2.41206026;0.984924674;0.582914591;4.17587948;3.36683416;0;0.301507533;1.718593;3.11055279,38.0150757;37.6884422;30.246233;32.1457291;23.6381893;25.8090439;22.5678387;29.2462311;28.0803986;16.1206017;8.70351791;6.40703487;5.82914543;2.1507535;0;0;0;0;0;0;0;0;0;0;0;0;0;0;0;0;0;0;0;0;0;0;0;0;0;0;0;0;0;0;0;33.9396935;46.0351715;38.0050201;41.0351753;18.2763805;19.2964821;23.2361794;25.351759;23.849247;37.0251274;37.698494;36.5778961;46.201004;37.6281433;36.2010078,44,solid_clouds/keyframe_71.pcd
5760,3.76090754,9.96595116,0,-86.534076,1.12994349;12.1694918;32.8361588;46.5649719;45.9378548;52.7288132;31;39.7401123;39.7627106;61.6666641;101.58757;142.090408;86.3163757;70.7344666;73.9491501;58.1242981;80.4406815;49.4802284;40.5706215;38.1468925;27.5819206;15.8135595;34.3672333;24.2937851;28.3841801;15.9830503;14.3672314;12.0112991;14.4576273;16.3559322;13.0677967;6.54802275;2.35593224;5.02259874;4.65536737;2.15254235;0.717514098;4.6384182;4.97175121;2.83615828,27.4124298;37.3898277;35.1581955;40.3050804;47.231636;45.9039536;43.5932198;45.9322014;35.3841782;39.6440659;30.8531055;27.8870049;24.0338974;19.0338955;13.7514114;0;0;0;0;0;0;0;0;0;0;0;0;0;0;0;0;0;0;0;0;0;0;0;0;0;0;0;0;0;0;35.6045227;36.7288094;38.4293785;42.2881317;45.2881393;62.3841782;66.2598877;83.146904;88.259903;69.9378662;96.8983002;102.446342;24.937851;27.8813534;21.553669,44,solid_clouds/keyframe_72.pcd
5840,3.76437668,9.95928329,0,-86.4714712,1.15976334;13.3550301;27.4852066;49.0059204;48.1420135;49.7041435;30.4260368;31.6390495;40.1420097;62.8402405;106.668655;144.698212;91.4260406;65.065094;78.0946732;54.3787003;84.2603607;55.4023666;41.6863861;41.147934;26.0059166;15.6923084;39.1893463;24.2721901;27.5858002;17.2544365;13.3609467;10.6686382;14.9763308;20.8934917;10.7573967;8.56804657;4.65088749;6.08283997;2.25443792;3.40828395;1.50295854;3.46153855;7.32544422;3.86390543,26.928997;38.9645004;37.3313599;38.1597595;48.5088768;46.4082832;45.0828362;42.9763298;37.1538467;41.6745567;32.04142;26.4437866;27.1834335;19.7278118;15.0650892;0;0;0;0;0;0;0;0;0;0;0;0;0;0;0;0;0;0;0;0;0;0;0;0;0;0;0;0;0;0;32.7218933;37.6745529;37.8165665;47.5384674;44.2603531;66.065094;69.0473328;89.3668518;81.940834;69.7159653;95.6449814;109.248528;22.8106499;28.2130165;22.7869816,44,solid_clouds/keyframe_73.pcd
5920,3.76141291,9.9734389,0,-86.5096209,1.11475408;11.0437155;27.1092892;51.1584702;51.5519104;50.5519142;30.4972687;37.4262276;38.3989067;61.1803246;93.2131271;129.355179;83.7759628;62.8688507;72.5355225;56.3551941;76.7814255;51.0218582;37.3169365;35.8743134;24.3278694;17.8469944;30.0710411;23.3879776;23.5245895;14.1639347;12.1366119;7.67213106;13.7923508;15.0819674;11.5956287;5.27868843;4.2295084;3.46448088;3.28415298;1.93442619;1.93442619;3.30054665;5.38797808;3.73770475,26.5846977;32.5573769;29.8633862;35.0273209;41.3551903;46.5956268;39.655735;40.9781418;32.5027351;27.852457;32.0546417;27.3989086;25.9726791;17.8306007;13.3551903;0;0;0;0;0;0;0;0;0;0;0;0;0;0;0;0;0;0;0;0;0;0;0;0;0;0;0;0;0;0;31.3661194;37.7103882;33.5628433;39.5956268;44.7213058;59.9125595;61.202179;82.2185822;79.4207687;71.6830521;94.5409698;99.0054703;28.5628433;30.6885262;21.5081978,44,solid_clouds/keyframe_74.pcd
6000,3.76359048,9.96597703,0,-86.4752753,1.15909088;11.454546;29.4375;47.488636;47.3125;52.4090919;33.573864;35.4090919;40.460228;61.8465958;100.875008;138.03978;85.6079483;72.2556839;76.3693161;62.176136;77.8181839;52.948864;39.5227318;38.5965881;26.948864;15.710227;33.8806839;22.323864;23.4090919;15.295454;11.397727;9.21590996;12.25;16.642046;11.454545;6.0454545;4.43181801;4.86363649;1.27272725;1.90909088;1.27272725;3.26136351;5.965909;2.06818175,26.8806839;33.5170441;34.0170479;35.8409081;45.4318161;43.7670441;43.2784042;44.8579521;30.539772;35.397728;35.227272;23.6306801;28.3579559;18.948864;12.8352261;0;0;0;0;0;0;0;0;0;0;0;0;0;0;0;0;0;0;0;0;0;0;0;0;0;0;0;0;0;0;33.710228;36.085228;38.5284157;41.6818161;45.9204559;66.3125;63.238636;86.5113831;79.414772;78.5909119;91.0227432;100.090904;25.363636;30.414772;24.9659081,44,solid_clouds/keyframe_75.pcd
6080,3.75977147,9.96337726,0,-86.4258059,1.18681324;13.8956051;30.2087898;47.9120903;52.0219803;49.0879135;32.3186798;31.7692299;41.2967072;60.0988998;96.9175873;132.043976;82.4450607;70.6648331;72.9560471;59.0054932;72.6373596;49.8846207;41.1098938;37.1428604;27.2307701;15.2032967;31.1758251;21.4450569;23.0989017;12.10989;11.6813192;6.9780221;12.664835;15.67033;11.3021975;6.55494499;3.51648355;4.77472544;3.26923084;1.96153843;1.30769229;3.63736248;5.31318665;2.67032957,27.9340668;32.0824203;29.7747269;37.2417564;39.4505463;44.6977997;41.39011;45.6153831;34.5329628;33.5659332;32.0769196;22.7472534;27.6428566;17.6428566;13.3626366;0;0;0;0;0;0;0;0;0;0;0;0;0;0;0;0;0;0;0;0;0;0;0;0;0;0;0;0;0;0;32.6318665;35.8571396;34.3461533;41.1703339;42.9945068;63.5769348;63.961544;78.3516464;77.9395752;74.7197876;91.2857132;99.9340668;23.2582378;34.5988998;21.7857113,44,solid_clouds/keyframe_76.pcd
6160,3.76879973,9.91185005,0,-42.2754215,0.934782624;16.532608;39.39674;45.2065239;36.2989159;47.951088;25.2445641;30.1086941;29.1576042;44.3260918;78.4565201;102.45108;57.3750076;38.4184761;38.173912;17.951086;7.402174;15.951088;14.777174;10.472826;8.30434704;7.076087;11.695652;8.73369598;10.701087;4.84782648;4.2880435;3.28260875;3.49456501;10.2228251;7.402174;8.88043404;7.68478298;3.8369565;1.69565213;1.35869563;1.26630437;8.82065201;3.722826;2.17934775,35.679348;22.951088;24.048912;22.668478;21.6467381;19.7391319;19.86413;22.0978279;20.092392;24.070652;46;39.02174;18.532608;7.9619565;1.048913;0;0;0;0;0;0;0;0;0;0;0;0;0;0;0;0;0;0;0;0;0;0;0;0;0;0;0;0;0;10.86413;43.8152161;47.0652161;56.0815239;37.4130402;21.60326;22.016304;17.3858681;23.641304;21.048912;25.11413;24.26087;30.1467361;25.804348;33.7554359;30.6413021,44,solid_clouds/keyframe_77.pcd
6240,7.77422794,9.98913623,0,28.9791062,3.05747128;14.8735638;32.2068977;72.9080505;31.4252872;8.13793182;1.24137926;4.73563242;3.11494255;7.06896544;9.43678093;9.47126389;12.6436787;12.298851;14.3563223;15.6321831;18.0229874;44.7241364;23.0459785;12.9080467;30.4367809;19.9885044;12.6206894;6.58620691;8.87356377;0;0;0;0;0;0;0;0;0;0;0;0;0;0;0,7.74712658;8.04597664;4.17241383;7.21839046;29.5172424;52.6206932;52.1264343;44.7816124;40.2298851;39.7356339;36.5517235;5.51724148;3.4482758;1.7701149;0;0;0;0;0;0;0;0;0;0;0;0;0;0;0;0;0;0;0;0;0;0;0;0;0;0;0;0;0;0;0;3.87356305;7.73563147;7.64367819;5.03448296;4.74712658;7.87356281;1.5402298;8.94252872;4.14942551;4.80459785;6.44827557;10.5632191;5.52873564;9.42528725;8.02298927,44,solid_clouds/keyframe_78.pcd
6320,8.29132187,13.0193348,0,71.1983258,2.1855669;7.22680378;12.7268038;15.0618553;14.5;30.6443291;41.8865967;27.1134014;40.1958771;49.6391792;56.8092766;87.5051422;88.4999924;94.6752548;128.974228;105.056717;91.1340256;57.1752548;44.0463943;50.6082497;42.0515442;41.6391754;42.551548;37.4845352;33.9072151;46.7010307;54.5721664;32.237114;21.4123688;21.1907215;30.737114;15.262886;15.1804123;19.3144341;10.0515461;15.3092785;20.237114;44.1855659;12.6958771;16.118557,46.9226799;43.8041229;34.6288605;37.2474213;35.8762894;31.8865948;29.4020596;32.0360794;28.1185551;23.8144341;11.1804123;15.5103083;18.6752567;16.1752586;8.40206146;7.6855669;0;0;0;0;0;0;0;0;0;0;0;0;0;0;0;0;0;0;0;0;0;0;0;0;0;0;0;0;0;54.5309258;94.5154648;81.5257721;81.7577286;94.6649475;77.1494904;92.8298798;101.67009;104.278358;103.52578;93.0670166;49.3402023;60.2886581;42.036087;65.9587631,44,solid_clouds/keyframe_79.pcd
6400,7.81922049,16.3302729,0,105.411684,2.27737236;8.4525547;23.4671535;24.4160576;26.9270077;45.5109482;47.1532822;36.4452515;15.8394165;12.7664223;8.47445202;6.22627735;9.43065643;7.67153263;4.11678839;6.42335796;3.03649616;2.98540139;0.700729907;0.23357664;0.788321197;1.10948908;0.554744542;0.554744542;0.547445297;0.540145993;0.270072997;0.270072997;0.540145993;0.270072997;0;0.189781025;0;0;0;0;0;0;0;0,9.58394146;12.4817524;11.8029194;8.44525528;8.80291939;12.4890509;7.28467178;9.48905182;4.59124088;8.33576679;4.57664251;5.58394194;4.48175144;5.80291986;6.58394146;0;0;0;0;0;0;0;0;0;0;0;0;0;0;0;0;0;0;0;0;0;0;0;0;0;0;0;0;0;0;21.1678829;11.0437946;15.1824799;23.4671497;15.4452562;12.1459866;9.78832054;10.8029194;10.5693426;8.9343071;6.73722649;8.10219002;7.47445297;8.56934357;8.42335796,44,solid_clouds/keyframe_80.pcd
6480,7.56466954,18.1656836,0,-71.4982383,1.30232561;8.69767475;19.1337204;23.5639534;18.1046524;32.25;41.4825592;21.25;20.4244175;19.680233;35.4418602;91.3255844;100.976746;60.2093124;56.8604622;53.9069748;58.7034912;50.0058136;47.7965126;49.9302292;36.319767;42.3837204;48.2209282;34.5988388;40.25;41.0174408;31.110466;33.4418602;33.930233;27.6802292;6.17441845;12.9593019;11.4418602;9.0523262;11.5930233;6.66860485;8.6337204;17.5581398;11.5232553;35.5639534,27.9244194;38.9011612;51.9651184;53.523262;71.6627808;88.0755768;99.4534836;101.465118;67.831398;85.5872192;83.5407028;73.8488312;37.5407028;28.5581417;9.9883728;0;0;0;0;0;0;0;0;0;0;0;0;0;0;0;0;0;0;0;0;0;0;0;0;0;0;0;0;0;0;2.0930233;3.91279054;6.9941864;8.4651165;5.7093029;14.6162796;26.0174446;24.9593048;26.5930233;17.4593029;21.209301;47.3953514;99.9069824;63.3546524;22.6162815,44,solid_clouds/keyframe_81.pcd
6560,7.56407421,18.1735117,0,-71.3939093,1.38666666;8.37333298;23.9799995;26.460001;24.7866669;36.7333336;48.6066666;28.4000015;26.6533337;27.373333;43.0866661;84.359993;110.446663;78.5800018;62.4733315;52.2266693;49.9466667;57.1666679;61.6133308;53.7866669;47.0666695;45.293335;47.0999985;47.1933327;40.2733345;43.5200005;29.7000008;30.5933342;34.2866669;32.3799973;8.42666626;9.89999962;7.67999983;12.7933331;14.3866673;13.626667;5.42000008;17.9133339;15.0800009;39.2599945,32.2800026;43.7333298;48.1066666;59.9066658;75.9533386;98.5733337;106.833344;111.553337;64.6933289;91.4066772;94.3200073;80.4666748;38.4533348;28.9000015;11.3800001;0;0;0;0;0;0;0;0;0;0;0;0;0;0;0;0;0;0;0;0;0;0;0;0;0;0;0;0;0;0;3.46000004;5.10666656;7.17333317;10.4399996;7.4866662;17.4200001;26.9933338;27.1333351;32.9733353;20.9266663;25.4866676;52.5666618;128.539993;69.9200058;26.1466637,44,solid_clouds/keyframe_82.pcd
6640,7.57003871,18.1697376,0,-71.3682066,1.39473689;9.46052647;24.2763157;26.2368412;24.125;38.2565765;49.3026352;28.8815784;27.5460548;27.5723667;45.2828941;84.7368317;110.506592;79.078949;57.9671097;61.3815842;54.8026276;54;58.1644745;55.2105255;48.0131569;45.4802628;46.7828941;47.1842117;46.8815765;45.328949;36.421051;30.4736843;36.3092117;33.8947334;10.6315784;12;6.43421078;14.1842108;14.9671059;6.95394707;11.1118422;22.1447372;14.4605255;37.8684235,31.9342117;45.3947411;50.1644707;62.4802704;77.2828979;97.8355255;115.460518;112.315773;68.7697372;99.3355331;95.7368393;73.7894669;40.8815765;29.8947353;10.6578941;0;0;0;0;0;0;0;0;0;0;0;0;0;0;0;0;0;0;0;0;0;0;0;0;0;0;0;0;0;0;2.66447353;5.96052647;8.43420982;9.46052551;7.69736862;16.1842117;28.6513157;29.0855255;33.9078941;22.6644707;25.2302589;53.8355293;129.756577;74.2302551;26.0131569,44,solid_clouds/keyframe_83.pcd
6720,7.5690961,18.1731681,0,-71.3880102,1.54248369;10.0915031;25.9542503;28.6797409;22.3790855;35.2418289;47.2026138;28.1176472;23.9607849;25.5882359;40.8496742;81.3071976;109.836594;76.9150314;55.0196114;57.5294151;48.0653572;52.3464088;56.5490189;47.2875824;52.3137283;43.7647057;48.6797409;49.3790855;38.5751648;47.1830063;29;29.640522;34.2549019;34.3790894;8.52287579;11.0784311;6.15032673;13.1633987;11.1764708;9.2156868;8.11764717;19.4771252;12.2679739;41.5882339,33.222229;44.6209221;49.7843132;59.5032654;74.9542465;100.189537;104.333328;119.699348;66.3006592;88.9869232;89.6209183;76.8562088;38.6993523;28.2418308;10.9542484;0;0;0;0;0;0;0;0;0;0;0;0;0;0;0;0;0;0;0;0;0;0;0;0;0;0;0;0;0;0;3.85620928;7.29411793;7.36601353;8.70588207;7.67320251;17.0849667;24.464056;26.5947742;32.9281082;22.1111126;26.2549;51.1764717;107.830086;69.8170013;23.2679749,44,solid_clouds/keyframe_84.pcd
6800,7.57178419,18.1679969,0,-71.3581722,1.35000002;8.78125;22.7437496;25.3187485;21.5562496;33.96875;44.9187469;26.9937515;22.5812511;21.6062508;41.1437492;78.9437485;104.012497;77.4750061;54.5749969;52.7937508;50.8562546;47.6187477;56.1999969;49.0124969;51.4687462;37.0062485;48.4812508;43.6124992;34.4187469;47.0562477;27.5125008;29.3187485;36.9937515;33.5500031;10.6875;12.9937496;6.14999962;13.8312492;9.83124924;6.82499981;7.8187499;19.0062504;13.8624992;36.71875,33.9750023;44.0562515;46.6187553;56.7124977;74.0687561;92.9000168;107.474998;107.693741;64.90625;82.3187485;94.0250092;72.5437469;35.46875;27.0937462;11.1312485;0;0;0;0;0;0;0;0;0;0;0;0;0;0;0;0;0;0;0;0;0;0;0;0;0;0;0;0;0;0;2.41250014;4.6937499;6.26249981;9.04375076;6.14375019;16.9937496;25.6624966;26.4499989;31.5937519;21.4812489;23.7062511;49.4312515;107.46875;64.9437561;22.3187485,44,solid_clouds/keyframe_85.pcd
6880,7.56596859,18.1667069,0,-71.3403585,1.4666667;9.86666679;24.2400017;27.126667;25.1066666;35.4199982;48.2133331;29.4400024;24.8733349;26.5999985;41.3133354;81.1266708;112.360008;79.859993;57.2533379;57.1333313;56.1466675;45.8266716;54.6066666;49.6933365;49.420002;42.7666664;49.8799973;48.3266678;34.4599991;46.9266663;27.4133339;26.5066681;37.4399986;35.0866661;10.5799999;11.3066673;8.02666664;12.8266659;11.4266663;9.30666733;8.27999973;19.3933353;14.8733349;37.5399971,34.746666;46.6133347;48.4200058;59.0533257;76.3066635;101.039993;109.839996;108.379997;67.0600052;91.8266754;95.6266708;79.8066559;37.7200012;28.5199966;12.5600014;0;0;0;0;0;0;0;0;0;0;0;0;0;0;0;0;0;0;0;0;0;0;0;0;0;0;0;0;0;0;3.15333343;6.38000011;7.74666691;8.87333298;7.10666704;15.3133335;27.2799988;27.5266628;33.3466644;21.8666649;27.1333332;47.0866661;107.166672;66.7399979;25.2200012,44,solid_clouds/keyframe_86.pcd
6960,7.56709542,18.1705537,0,-71.360214,1.44516134;9.6193552;22.8129005;27.8322582;21.7999992;34.0064545;46.7096786;30.5161285;23.6903248;24.5612907;42.3290329;77.0516052;105.793549;77.4258041;54.7871017;54.8709717;51.3161316;50.7161331;52.0322609;48.7096786;52.458065;45.064518;52.0516129;46.7870941;37.1870956;49.8967743;27.6903229;28.8645153;35.1870956;30.6645184;11.7806454;10.0516129;6.25806427;12.3225803;9.29677391;8.52903175;8.56774235;16.7161293;14.1612911;39.6193504,32.8516159;44.6064491;47.7354851;57.8258095;74.8387146;96.8580627;111.225815;112.283867;60.4903221;86.2322693;92.4580612;76.9225845;39.5741959;29.5225811;11.4645138;0;0;0;0;0;0;0;0;0;0;0;0;0;0;0;0;0;0;0;0;0;0;0;0;0;0;0;0;0;0;3.25806451;4.9032259;8.6193552;8.43225765;6.83870983;15.6709671;25.245163;25.6516132;32.0903244;20.7419357;27.1612892;50.1870918;104.741928;68.8903198;23.8580627,44,solid_clouds/keyframe_87.pcd
7040,7.56885823,18.167834,0,-71.3633897,1.375;9.25;22.84375;25.7687492;21.2999992;35.6375008;46.21875;27.1062489;23.7875004;24.7937527;40.5625;72.9437485;104.831238;81.9375;57.0062561;54.3437462;46.34375;52.0124969;54.4312477;49.7687531;53.0249977;36.0437508;53.3312492;46.5749969;36.5250015;49.4812508;21.5812492;31.2875004;34.4187469;31.40625;9.41250038;14.4625006;6.98750019;12.5874996;10.9375;7.92500019;8.625;19.46875;10.0500002;37.3499947,37.2062569;41.6750031;48.6687508;56.1687469;72.7250061;96.9375076;105.293747;109.106247;67.6375122;82.4562454;91.2062607;76.8999939;37.1812553;28.7374992;10.8624983;0;0;0;0;0;0;0;0;0;0;0;0;0;0;0;0;0;0;0;0;0;0;0;0;0;0;0;0;0;0;2.39374995;5.6312499;7.0625;8.46875;7.2437501;14.968749;24.9500008;27.2624969;33.2687531;19.6562481;26.3125;48.0625038;106.293739;66.0562592;23.3499985,44,solid_clouds/keyframe_88.pcd
7120,7.56541598,18.1650544,0,-71.3362966,1.4906832;8.60248375;24.9875793;27.826088;21.1863346;34.3416138;47.0372696;28.2360268;24.0745335;24.1552811;39.4223595;75.4347839;101.850937;81.5031052;59.7080765;57.4534187;51.1428566;51.4658394;52.7577629;52.5962715;45.9254684;39.9192543;42.9751511;47.8881989;32.695652;48.7577667;27.2546577;28.5465832;36.9565201;32.47826;12.4658394;12.8385086;6.69565201;10.4596272;12.0559006;9.80124283;4.25465822;20.47826;9.91304398;38.4285736,34.6708069;49.2919273;51.2732925;55.913044;72.8074493;96.9813614;104.770172;106.788826;65.5155334;83.0559006;90.267067;76.0434723;38.2049713;27.8633537;11.9378891;0;0;0;0;0;0;0;0;0;0;0;0;0;0;0;0;0;0;0;0;0;0;0;0;0;0;0;0;0;0;2.25465846;6.26708078;6.63975143;9.05590057;6.53416157;14.9751549;25.7763958;26.2732887;33.9378891;20.086956;25.6149101;49.9254684;105.86335;65.2608719;22.2111816,44,solid_clouds/keyframe_89.pcd
7200,7.57124077,18.161711,0,-71.3289337,1.39240503;8.98734188;23.898735;27.215189;22.5759506;34.5822792;45.8101273;29.4303818;24.329113;25.8354454;41.0189857;78.8607559;108.892418;81.2215195;60.0443077;58.9177246;49.8291168;51.5506287;55.9177208;54.4303818;49.6835442;39.2341805;46.069622;45.5886078;35.5189896;53.3480988;24.9177227;29.4810123;37.6202545;32.8670883;11.556962;13.4367094;5.05063295;12.113924;10.7594929;6.77848101;7.74683523;19.6962032;14.1075954;38.1075974,43.5822792;45.069622;51.6708908;57.5063286;75.3860779;98;107.056961;112.455688;63.1962051;89.0253296;91.974678;76.8038101;36.7911415;31.2468376;11.284811;0;0;0;0;0;0;0;0;0;0;0;0;0;0;0;0;0;0;0;0;0;0;0;0;0;0;0;0;0;0;2.54430366;6.35443068;6.29113865;8.48734188;7.65189838;16.9113922;25.2974663;25.4936733;34.7405052;21.5506325;25.6075974;49.1455727;106.177216;68.2088623;22.9113922,44,solid_clouds/keyframe_90.pcd
7280,7.56905075,18.1604673,0,-71.3376047,1.375;8.9375;23.5562515;26.8624992;22.5562496;35.5250015;45.5499992;27.4874973;24.1562481;24.28125;39.2875023;73.9812469;103.837502;78.2874985;56.2999992;56.3249969;50.0687485;46.0062523;49.8187523;47.2312508;44.78125;37.3250008;52.0999985;45.8562508;34.9500008;45.8687515;29.7124996;27.2625008;37.3125;31.7249985;11.6875;9.90625;8.14375019;11.9750004;9.85000038;9.43124962;5.0625;18.0125008;12.8187504;35.7625008,36.1124992;43.1812477;47.0999908;56.65625;70.6249924;97.9500122;99.5125046;104.856247;62.6937408;83.3312683;88.3624954;76.5250092;37.0937462;27.625;11.3062506;0;0;0;0;0;0;0;0;0;0;0;0;0;0;0;0;0;0;0;0;0;0;0;0;0;0;0;0;0;0;3.1624999;5.3062501;8.25;8.5625;5.92500019;17.7875004;25.4937477;26.0062504;31.9687481;20.9874992;24.8500004;47.9312439;104.556252;64.1687469;23.0874996,44,solid_clouds/keyframe_91.pcd
7360,7.56682571,18.1685829,0,-71.3825199,1.4193548;9.16129017;23.4129028;27.5870972;23.4838715;34.0580635;46.9096794;29.4967766;23.7870979;25.3419361;42.3419342;79.3677368;108.754829;81.0903244;57.8516121;60.4064522;51.8064499;51.1161346;54.6129036;52.683876;51.7806473;40.2064514;50.522583;50.4709702;33.6064529;51.6774216;27.2903214;30.7999992;36.7548409;32.0129051;10.7096777;7.4967742;6.23870945;12.3354836;11.2451611;9.91612911;7.07096767;18.7548389;12.5354843;37.574192,37.9419365;45.6193657;50.3096771;56.8774185;76.5935516;98.8774185;110.283882;110.903229;63.7612915;83.206459;93.4193573;82.451622;38.7419395;29.9806423;11.5225792;0;0;0;0;0;0;0;0;0;0;0;0;0;0;0;0;0;0;0;0;0;0;0;0;0;0;0;0;0;0;3.29677415;5.4000001;7.39999962;9.82580662;6.58064556;16.3870964;27.5677414;25.8838711;33.6580658;22.1225796;25.3354836;51.0193558;107.070976;68.5935516;23.0580635,44,solid_clouds/keyframe_92.pcd
7440,7.56798615,18.1618745,0,-71.3179273,1.47096777;9.05161285;26.8322563;27.180645;23.4129028;35.5032272;48.2000008;29.754837;23.7096786;25.8838711;41.8451614;82.187088;110.664505;78.6451645;61.0774231;59.6838684;49.658062;51.7419357;55.0064545;56.3225784;46.9419365;39.0709686;53.2903214;50.4903221;36.5032272;50.7096748;26.9870968;26.72258;39.3806458;33.1419373;10.4387102;10.0129032;7.39354897;13.5161285;10.8322582;8.7096777;10.0774193;20.2774181;12.1096773;39.2064514,39.8064499;47.9419365;50.5096817;58.1161308;75.9870987;99.7096863;114.36129;109.019356;66.5612946;90.0129089;89.8774185;81.406456;38.2193565;30.5677414;12.3548365;0;0;0;0;0;0;0;0;0;0;0;0;0;0;0;0;0;0;0;0;0;0;0;0;0;0;0;0;0;0;3.42580652;7.32903194;7.16129017;9.2838707;6.52258015;18.3483868;26.4064522;27.658062;34.0838737;21.6451607;25.63871;50.7999992;109.058067;68.4774323;23.3548355,44,solid_clouds/keyframe_93.pcd
7520,7.56794323,18.1662948,0,-71.3228115,1.29268289;8.50609779;22.5853672;24.3231697;22.4146347;34.1219482;43.2743912;26.3109779;22.4268322;24.408535;40.6890221;77.7317123;104.554878;69.3597565;52.8719521;56.9207306;47.9634171;49.7682953;49.5060959;51.5304909;45.8475571;33.7743912;47.0548782;44.1036606;34.3475647;49.4268265;26.1951218;31.0426826;35.0060959;34.4451218;11.5792685;14.3048782;7.55487823;9.55487823;13.7926826;7.29268265;6.45731688;19.4939041;11.0670729;36.7378044,38.2743912;41.9146347;44.0000038;55.6219559;70.5792618;95.3719482;99.9024277;110.402443;60.6829224;84.8414536;87.9756088;75.9451294;35.8170738;28.1402435;10.3841457;0;0;0;0;0;0;0;0;0;0;0;0;0;0;0;0;0;0;0;0;0;0;0;0;0;0;0;0;0;0;3.42682934;5.32317066;6.20121956;8.86585331;6.09756088;15.6768303;24.9146328;26.9207325;32.5914688;20.7926807;23.9756126;49.8475571;98.25;64.9634171;21.9390221,44,solid_clouds/keyframe_94.pcd
7600,7.5638249,18.1647141,0,-71.3258739,1.4233129;8.66257668;24.4478531;27.1411037;21.7668724;35.098156;45.4846611;29.7055187;21.6380367;22.9447842;41.4417191;73.1104279;103.895706;75.3374176;54.3803711;59.4601212;50.0797577;47.2822075;51.8711662;48.2944794;47.4171791;36.3865051;50.1226959;46.1533737;35.503067;48.6625786;27.7975464;27.4601212;38.8098145;31.4233112;10.5521469;12;8.94478512;12.2638035;12.478528;7.07361984;9.6503067;18.9447861;12.503067;35.1717796,34.5644188;45.9325104;45.7055168;55.1349678;71.5889664;96.2822266;104.294472;110.196327;65.1717758;85.3558273;90.294487;75.3251495;36.8036766;29.5337429;11.7852755;0;0;0;0;0;0;0;0;0;0;0;0;0;0;0;0;0;0;0;0;0;0;0;0;0;0;0;0;0;0;3.06134963;5.35582829;8.0490799;8.89570618;6.84662628;16.0797539;24.4478512;26.490799;31.2453957;21.3067474;23.9815941;48.5153389;104.815956;63.2024498;22.5214729,44,solid_clouds/keyframe_95.pcd
7680,9.05252088,17.7894919,0,-24.4136409,1.38655472;6.86554623;13.8193283;17.0336132;16.1806717;21.5756302;23.4201698;15.1974792;32.5210075;26.8067245;42.373951;82.0210114;70.6176453;52.8151245;44.7436981;55.8571396;58.0336075;50.4915924;56.9663849;47.6512604;48.1554642;36.8319359;63.2689056;45.1302528;43.5210075;37.7479019;37.4495811;39.8865547;81.8361359;19.5882359;28.7899151;30.3907566;31.1260509;29.1512604;42.3739471;60.5084;42.218483;53.9411736;25.2016811;14.289916,119.789932;126.172279;125.138664;111.012596;67.9453888;23.8949585;7.03361368;8.12184906;21.7647057;28.8025208;18.6680679;11.4873953;11.6512613;8.34873962;1.67647064;0;0;0;0;0;0;0;0;0;0;0;0;0;0;0;0;0;0;0;0;0;0;0;0;0;0;0;0;0;0;28.1932793;65.7394943;60.6974792;28.8907566;19.6260529;25.415966;25.6512623;25.0210075;25.3571434;37.6134491;47.5336189;68.5;88.7436981;159.130219;150.163849,44,solid_clouds/keyframe_96.pcd
7760,10.7900623,16.9643574,0,-119.578331,1.89090908;12.0272732;23.3818169;29.3999996;27.09091;35.1545448;48.1727295;30.1545429;64.4909134;91.6818237;160.327271;109.572731;121.163635;94.4636383;45.0090942;40.136364;27.8363628;20.0181808;25.7181816;20.4363632;13.0818176;11.2999992;10.8909092;8.5;6.10909081;8.72727299;13.636363;28.6272717;44.5;34.3454552;0;0;0;0;0;0;0;0;0;0,97.509079;76.8908997;25.9454575;33.6545486;29.1999989;28.5909081;21.3818207;33.6454582;27.5636387;33.7090912;41.2363548;46.3818169;57.2181778;54.9363632;14.5727272;0;0;0;0;0;0;0;0;0;0;0;0;0;0;0;0;0;0;0;0;0;0;0;0;0;0;0;0;0;0;19.2909107;32.5636368;29.6000042;36.6636353;30.772728;32.1000023;50.5636253;35.5090904;30.4909134;43.8272705;46.3818169;42.2818146;32.6363602;37.1090889;85.6181793,44,solid_clouds/keyframe_97.pcd
7840,10.7888789,16.9640611,0,-119.651287,1.7904762;10.9428577;24.1142845;28.5619049;27.4571438;40.8285713;56.228569;39.6666679;87.9904709;112.314301;181.333328;131.133347;142.542877;102.952377;53.8190422;45.714283;30.047617;20.2857113;28.4476166;18.2380943;17.0190468;14.2380962;19.3809509;7.87619019;12.2285719;8.89523792;14.1619053;30.666666;42.2857094;39.6476173;0;0;0;0;0;0;0;0;0;0,104.371429;91.0857162;35.3238106;35.8380966;36.2666664;30.104763;29.0095215;36.7999992;32.9333344;37.3238106;46.9904785;51.6666756;62.3238068;65.2666626;15.3904772;0;0;0;0;0;0;0;0;0;0;0;0;0;0;0;0;0;0;0;0;0;0;0;0;0;0;0;0;0;0;21.180954;35.8952408;31.9238091;38.0761948;33.2095222;36.0380974;52.1904869;39.2190514;33.8761902;57.3523941;62.0857162;53.1714287;40.9428596;45.9904785;98.9619064,44,solid_clouds/keyframe_98.pcd
7920,10.7856109,16.9639032,0,-119.630704,1.82857144;12.4285717;23.4285717;28.742857;28.1428566;40.6285706;55.5333328;39.9809532;74.8666687;114.380951;173.380981;127.828583;138.399994;102.142853;48.9428596;43.1142845;31.9523811;19.5333328;27.8666668;17.8285713;15.3047619;15.4952393;18.0952377;7.3619051;8.74285698;7.55238104;14.8380947;32.0952377;44.2190475;36.8571434;0;0;0;0;0;0;0;0;0;0,106.714302;86.8666763;33.5809517;28.0571442;34.5714302;31.4285755;27.8380966;36.0380936;31.3809547;36.7619057;43.4000015;51.1333313;60.895237;63.8190422;14.4476194;0;0;0;0;0;0;0;0;0;0;0;0;0;0;0;0;0;0;0;0;0;0;0;0;0;0;0;0;0;0;21.0761909;35.2571411;30.9523792;37.7904739;33.0666656;35.5047607;50.5333328;37.8190498;33.2571449;59.3904724;58.8285675;52.2000046;41.1333351;44.6000061;93.1714478,44,solid_clouds/keyframe_99.pcd
8000,10.7867299,16.9643848,0,-119.616184,1.88679242;11.6509438;24.5660381;29.3018856;27.6509438;37.5471725;53.4811325;34.6981087;80.1981125;111.64151;176.801926;130.57547;140.235855;104.622643;47.71698;44.5188713;28.7547169;20.2075462;27.2735844;20.5566044;15.3962269;13.9433956;17.5283012;9.1603775;12;10.7264147;13.4811325;30.0566025;41.9528275;36.537735;0;0;0;0;0;0;0;0;0;0,106.35849;86.0282974;33.5471687;36.886795;33.537735;30.8962288;25.8113213;37.8490562;29.3113232;37.4811325;41.7924576;53.4433899;61.613205;62.6226425;14.9528303;0;0;0;0;0;0;0;0;0;0;0;0;0;0;0;0;0;0;0;0;0;0;0;0;0;0;0;0;0;0;20.5283031;35.2735863;30.5660381;38.6132011;33.56604;34.9716988;50.8679237;39.0754662;34.0660362;54.3679199;61.5094376;51.2264099;40.2641449;43.3490562;94.29245,44,solid_clouds/keyframe_100.pcd
8080,10.7875903,16.9635794,0,-119.620576,1.8490566;12.0377359;23.5283012;29.7452812;27.8773575;37.820755;52.2264137;38.8490562;75.4433899;109.273575;167.64151;121.87735;134.301895;100.207542;45.9811287;43.7358475;29.820755;20.6226406;27.8490562;19.3018875;15.2924528;10.4811325;14.3018875;6.21698141;10.9811325;10.0660381;13.2830191;32.820755;43.103775;37.35849;0;0;0;0;0;0;0;0;0;0,101.320755;85.0377426;31.0283012;35.7264137;33.8773575;31.5849037;26.3679237;35.896225;29.5471687;36.7547188;39.8396225;51.4056511;60.3018761;60.9339561;13.320755;0;0;0;0;0;0;0;0;0;0;0;0;0;0;0;0;0;0;0;0;0;0;0;0;0;0;0;0;0;0;20.4528313;34.6698151;30.0471687;35.1320763;32.0188675;33.5;51.5094337;36.7641525;35.254715;51.1132088;56.0000038;48.9150848;39.7641525;40.8773537;94.9339523,44,solid_clouds/keyframe_101.pcd
8160,10.7875874,16.9631697,0,-119.650963,1.84615386;11.6730766;24.2307701;30.5769234;28.3942318;37.875;53.7307663;43.3557701;78.8173065;103.971161;176.682693;126.41346;134.442307;101.134605;53.0673065;42.6057701;29.8173084;21.0480785;26.7307701;19.8942299;15.1826925;12.5865383;14.0384626;11.375;10.3653851;10.1826916;13.7788467;33.1923065;43.634613;38.9423065;0;0;0;0;0;0;0;0;0;0,104.259621;85.1730881;35.259613;32.9134598;33.509613;32.9615402;27.1634636;36.0384598;31.3269234;35.4519234;46.0673103;52.7692337;61.7019234;63.2115402;16.875;0;0;0;0;0;0;0;0;0;0;0;0;0;0;0;0;0;0;0;0;0;0;0;0;0;0;0;0;0;0;20.9134598;35.5096169;30.2596149;35.2019196;32.8557663;34.2403793;51.9807739;37.4519196;34.913456;54.7211533;54.509613;52.6634636;39.7788429;42.1538506;97.75,44,solid_clouds/keyframe_102.pcd
8240,10.7860269,16.962014,0,-119.617557,1.86666667;11.6380959;23.6380959;30.3238087;27.5809536;38.1714287;52.9142838;36.9142876;83.7142792;104.990471;164.266663;125.438103;136.180954;99.7904739;47.4761925;44.0571404;29.8285713;20.5809536;26.8571453;21.0476208;14.7333336;12.4761906;17.1238098;9.42857075;11.6571426;9.71428585;15.3428564;30.4571457;42.590477;37.5428581;0;0;0;0;0;0;0;0;0;0,104.438103;85.8380966;32.8666649;35.6761894;32.514286;27.8095207;25.8857117;34.9428558;30.7142868;37.7523842;42.3714294;49.30476;60.39048;61.1238022;15.8857145;0;0;0;0;0;0;0;0;0;0;0;0;0;0;0;0;0;0;0;0;0;0;0;0;0;0;0;0;0;0;20.5523796;34.8380928;29.8761864;35.8761902;31.819046;34.9047585;52.0285759;38.8857155;33.7047615;53.733326;58.7333221;48.895237;39.4095192;43.2952423;94.2761917,44,solid_clouds/keyframe_103.pcd
8320,10.7899226,16.9643843,0,-119.605497,1.90476191;12.2380953;24.3238106;30.0571423;28.1142864;38.0380936;52.228569;42.7238083;76;97.6476288;167.447617;128.75238;136.942871;100.266678;50.9523811;43.6476173;28.2380962;19.3809547;28.5142841;20.0380974;16;11.5714283;14.7428579;8.38095284;11.6571426;12.3714285;14.0952377;31.8761902;41.9333344;37.5714302;0;0;0;0;0;0;0;0;0;0,105.085716;87.6952362;24.4952412;34.0380936;35.4380989;29.5619011;25.7904739;36.2571449;30.6857166;36.0952377;44.4380951;50.6285629;61.3619041;61.4190407;15.5428581;0;0;0;0;0;0;0;0;0;0;0;0;0;0;0;0;0;0;0;0;0;0;0;0;0;0;0;0;0;0;20.9714317;35.2285728;31.4380951;36.2666702;33.2000008;34.6190491;51.5523758;36.0952377;34.2190475;53.8190422;53.5047569;51.2666626;39.6952324;42.7523766;94.4952393,44,solid_clouds/keyframe_104.pcd
8400,10.7719095,16.9658904,0,-107.071299,1.30303025;10.227273;17.44697;23.151516;21.212122;37.242424;57.4090881;34.3257561;45.9242439;68.0606079;109.47728;75.9015045;94.5757523;84.0530243;59.280304;42.765152;34.6818161;23.1893921;20.25;21.575758;25.227272;20.3409081;23.85606;12.795455;13.14394;15.931819;24.2121201;32.621212;35.7878799;27.69697;7.99999952;4.71212101;2.719697;0;3.5757575;1.63636363;10.045454;3.34848499;8.46212101;0.704545438,22.727272;27.60606;17.2727261;25.492424;17.40909;28.8106079;28.924242;36.386364;39.3636322;46.3560562;57.1742401;73.8787842;59.7348518;39.5909081;2.75757575;0;0;0;0;0;0;0;0;0;0;0;0;0;0;0;0;0;0;0;0;0;0;0;0;0;0;0;0;0;9.05303001;24.0606079;22.886364;27.1969681;33.484848;28.0833321;26.9924278;35.1590919;44.098484;37.6818199;27.5303001;24.3030281;83.5833435;101.696968;88.9697037;18.60606,44,solid_clouds/keyframe_105.pcd
8480,13.921131,17.2059454,0,-20.5735378,1.67932487;4.64978886;9.69198322;15.8396626;13.2067509;16.0210972;24.2869186;17.9493675;23.6835442;29.3966255;50.8438797;82.9873505;61.5232048;86.1856537;63.3586502;56.2405014;75.2911377;60.6919823;45.0084381;40.8101273;35.4514771;42.1561203;48.6666679;52.5696182;55.122364;66.1940918;88.6413574;84.345993;64.9493713;34.2109718;67.7088623;46.1603394;39.2616005;3.24050617;0;0;0;0;0;0,108.434593;99.0675049;112.970467;86.1265869;29.3670883;35.5105476;81.9620132;68.4556961;31.3502121;33.4683533;31.3544312;18.8438797;10.0970449;11.4430389;3.25316477;0;0;0;0;0;0;0;0;0;0;0;0;0;0;0;0;0;0;0;0;0;0;0;0;0;0;0;0;0;0;20.8481026;12.1772156;16.9029522;19.9662437;20.1645565;19.7299576;23.5316448;27.0464134;29.8354435;39.8649788;65.1223602;96.0084457;109.898735;135.345978;109.87764,44,solid_clouds/keyframe_106.pcd
8560,14.5045616,16.8358124,0,-122.272974,1.89999998;12.5583334;22.8250008;28.7750015;22.9166679;37.6833344;47.7249985;32.8416672;34.2583313;49.8000031;91.7500076;169.283325;134.100006;114.866669;102.241669;87.5250015;128.558334;103.633339;72.5416718;55.9166641;119.974998;46.6749954;28.1083355;5.25;6.69999981;0.733333349;0;0.916666687;3.66666675;5.5;4.58333349;5.5;5.5;3.66666675;4.58333349;4.7166667;1.89999998;5.69999981;4.75;0.949999988,35.6916656;23.8833294;23.8166676;30.6583366;24.2666626;28.0249996;31.8416653;25.8333302;36.3416634;40.7499962;42.0416641;58.9083366;69.1166687;68.6833344;17.9416656;0;0;0;0;0;0;0;0;0;0;0;0;0;0;0;0;0;0;0;0;0;0;0;0;0;0;0;0;0;0;44.0916672;58.9999924;63.2499924;75.4000092;78.5250092;75.0916824;80.2666702;81.2416763;92.2833405;92.1416702;71.6333389;105.175011;58.033329;40.4166565;36.7249985,44,solid_clouds/keyframe_107.pcd
8640,14.4973572,16.838826,0,-122.392226,1.55038762;8.79844952;20.9612408;24.0775185;22.3333321;38.0155029;53.6666641;46.9767456;48.7131844;68.1162796;90.9069748;165.333328;136.720932;112.271309;107.503868;94.8759689;125.000008;106.837219;67.0387573;54.4418602;124.015503;42.0232544;29.8682175;5.58914709;7.04651165;0;0;0.782945752;2.34883714;3.13178301;3.91472864;3.91472864;4.00775194;2.62790704;2.62790704;2.62790704;5.25581408;1.75193799;3.50387597;1.75193799,39.0387573;26.8682156;27.2170563;34.3875999;27.7364349;37.0620193;27.9147282;32.1860466;32.2170563;40.9689941;42.0232544;58.0232582;64.4573669;65.5116272;16.6976757;0;0;0;0;0;0;0;0;0;0;0;0;0;0;0;0;0;0;0;0;0;0;0;0;0;0;0;0;0;0;43.0620117;56.4806252;68.1550369;69.3875885;74.0697556;77.9844818;70.8914642;74.9612274;102.937981;104.426346;70.7674408;105.007744;68.7286682;41.5891495;40.1705399,44,solid_clouds/keyframe_108.pcd
8720,14.4996355,16.8392891,0,-122.373609,2.02479339;9.33057785;21.4214878;26.4628105;24.0413208;38.9008255;51.6363602;40.7768593;45.2231369;76.4876022;101.983467;183.768585;146.024796;117.413223;118.652908;94;124.727272;108.421494;73.1487579;60.6363678;128.049591;51.4628105;30.272728;4.99173546;6.76033068;0.752066135;0;0.801652908;4.00826454;2.40495872;4.00826454;4.00826454;4.00826454;2.85123968;3.80165291;2.85123968;4.75206614;2.85123968;4.75206614;2.85123968,40.8595047;25.438015;27.8842964;34.2314072;28.9338837;30.7685966;34.4214859;32.2148781;41.1570358;42.8843002;42.3884315;55.4876099;70.7190094;71.6859512;16.5619831;0;0;0;0;0;0;0;0;0;0;0;0;0;0;0;0;0;0;0;0;0;0;0;0;0;0;0;0;0;0;44.9586792;57.9504204;72.3305817;75.479332;80.6280899;85.396698;71.132225;77.1074295;113.942162;107.049583;84.1487503;109.826439;68.5950394;45.7107506;41.4297562,44,solid_clouds/keyframe_109.pcd
8800,14.5060846,16.8410037,0,-122.34512,1.71428573;10.957983;22.1848736;26.8487396;24.5462189;37.3109245;53.3361359;34.9663887;38.6386566;49.1008415;93.8823547;167.235291;135.487411;119.697495;109.04203;97.7647095;127.915962;106.823524;65.6974792;62.0588226;127.705887;46;34.8151283;6.08403349;6.25210094;0.781512618;0;0.915966392;4.57983208;5.49579811;4.57983208;4.57983208;6.41176462;2.74789906;3.79831934;3.93277311;4.91596651;4.91596651;4.91596651;3.93277311,36.4369736;25.9495811;24.1344566;30.9831963;25.9915962;26.6806755;33.2268944;28.8655472;34.4789925;43.8151245;43.5126114;59.0420151;65.1932831;69.9411774;18.957983;0;0;0;0;0;0;0;0;0;0;0;0;0;0;0;0;0;0;0;0;0;0;0;0;0;0;0;0;0;0;43.5714226;61.2773056;69.6470642;73.0168076;83.5966415;80.2437057;81.5798416;83.2941284;101.85714;99.2857132;73.9663925;102.302521;62.8319359;41.3613434;37.5294075,44,solid_clouds/keyframe_110.pcd
8880,14.5045052,16.8398521,0,-122.378022,1.98473287;9.66412163;20.7328243;24.5496178;22.1450367;35.3358803;47.3282471;33.6641197;37.3282433;55.9236641;96.5877838;162.702301;135.35878;116.824425;109.916039;94.885498;122.854958;97.3358765;68.0686951;56.2748032;116.175568;44.7557259;31.0610676;4.81679392;7.36641216;0;0;0.816793919;4.08396959;4.08396959;4.08396959;4.90076351;4.90076351;3.43511438;3.60305333;4.5038166;2.70229006;5.40458012;4.5038166;2.70229006,34.435112;24.9160347;24.198473;29.3587799;26.9083958;27.0992374;31.4198494;28.2748089;31.6183205;42.3816757;40;58.8320618;60.9541931;63.4580193;17.6870232;0;0;0;0;0;0;0;0;0;0;0;0;0;0;0;0;0;0;0;0;0;0;0;0;0;0;0;0;0;0;41.8015289;54.2137375;68.251915;69.9236603;72.7175598;76.8778534;72.7557373;73.2290115;101.740471;101.511459;78.67939;107.35878;68.3511505;39.557251;34.8549614,44,solid_clouds/keyframe_111.pcd
8960,14.5042772,16.8388887,0,-122.352688,1.66929138;10.1102362;21.677166;25.629921;23.7637806;36.5905533;48.3779526;36.3464584;38.2204742;56.4330673;96.3779526;169.795273;129.56691;114.952759;109.32283;99.629921;124.196846;97.5590591;67.3307114;52.1417313;125.220467;41.2519684;30.5590553;5.79527569;7.56692886;0;0;0.811023593;3.24409437;4.8661418;3.24409437;4.8661418;4.05511808;2.4330709;4.64566946;3.71653533;3.71653533;5.57480335;4.64566946;2.78740168,34.5747986;26.8503952;23.6929092;30.3543301;28.5433083;27.0629902;32.3936996;30.4803143;32.4645653;44.2913399;38.5826797;57.3622055;66.7716522;64.2913361;19.2047234;0;0;0;0;0;0;0;0;0;0;0;0;0;0;0;0;0;0;0;0;0;0;0;0;0;0;0;0;0;0;42.1417389;55.4251976;68.5275574;69.448822;75.8425293;81.1496124;72.8897705;74.2519684;98.393692;103.346451;77.4803162;99.6377869;67.3307037;39.5905495;36.3149605,44,solid_clouds/keyframe_112.pcd
9040,15.7229524,16.7119121,0,0.120941264,2.40437174;6.50273228;15.1092892;20.03825;26.3770485;25.5573769;35.5355186;19.8743172;25.6721306;72.426239;72.9508209;84.0874329;90.6666718;78.31147;79.9234924;55.5792351;43.0928955;56.8633881;56.6065598;56.322403;44.3333359;48.7814217;93.7103882;74.4152985;77.0874329;50.4535484;56.8907127;49.2568321;21.5737705;10.2404366;0;0;0;0;0;0;0;0;0;0,85.0437012;88.3770447;36.0491791;15.0437155;27.3989067;36.6065559;29.8961773;27.3333321;30.5846977;38.9180336;20.6612015;34.7322388;11.6830597;17.6939888;10.8743172;6.85245895;0;0;0;0;0;0;0;0;0;0;0;0;0;0;0;0;0;0;0;0;0;0;0;0;0;0;0;0;0;17.5409851;13.7759562;19.6666679;22.1420784;32.1256828;29.0163937;53.8251381;60.0710335;80.8415298;86.6174774;108.316948;117.262291;109.147552;92.8087463;89.7377014,44,solid_clouds/keyframe_113.pcd
9120,18.4498348,16.2983984,0,-79.6400828,1.88976383;11.338583;22.677166;28.0944862;20.8346462;29.5275574;46.5905495;20.0157471;33.3070869;53.0078773;84.8976364;157.385834;102.409447;108.763779;101.58268;109.803139;105.732285;115.566933;105.110237;64.5590591;60.1496124;75.6614151;71.7716522;36.8031502;30.4409466;8.8818903;13.7401571;5.47244072;12.015748;14.5826769;2.26771641;0;0;0;0;0;0;0;0;0,36.2834625;49.8582611;47.1732254;57.0393753;68.4015732;77.7873993;97.7795258;97.9055099;73.7401581;80.5511856;70.0944901;60.1653557;61.2598381;66.2440948;18.4881916;0;0;0;0;0;0;0;0;0;0;0;0;0;0;0;0;0;0;0;0;0;0;0;0;0;0;0;0;0;0;96.3464584;89.2755814;74.5433121;69.2047272;58.9448776;46.4724388;32.4724426;39.1102409;25.3464546;28.0944881;20.385828;33.8425217;21.7716541;28.5354347;27.7637768,44,solid_clouds/keyframe_114.pcd
9200,18.4269093,16.2602123,0,-79.906704,1.6774193;10.5080643;21.1935482;25.5;22.1451626;30.0241947;43.25;19.9919338;31.9354858;53.8548393;81.4435501;168.427414;107.032249;108.25;108.05645;100.975815;105.983871;105.145149;112.411293;73.6935501;75.9193497;80.8064575;63.2177391;37.7177429;30.1370964;11.5564508;5.5403223;9.57258034;14.7338715;12.7016125;5.48387098;0;0;0;0;0;0;0;0;0,39.7016144;50.2661324;40.1290321;62.7822571;68.459671;76.3387222;89.2016068;103.120972;78.6209641;87.4838791;71.8871078;65.6854858;55.0483856;70.0483932;27.4677391;0;0;0;0;0;0;0;0;0;0;0;0;0;0;0;0;0;0;0;0;0;0;0;0;0;0;0;0;0;0;95.3628998;86.5080643;70.540329;67.5806351;55.3951683;43.2580643;37.2258072;37.7177391;27.4919319;29.5806408;19.9032249;39.0725784;19.2338696;34.3870964;29.3870964,44,solid_clouds/keyframe_115.pcd
9280,18.4282846,16.2623087,0,-79.8785975,2.30158734;11.0873013;23.1111107;26.984127;20.4444447;28.8730164;42.7857132;21.0079384;33.4761887;52.5;81.7698517;161.920639;102.753967;88.428566;101.063492;98.7063446;109.738098;109.103172;114.960312;66.2460327;69.5158691;79.1031723;66.9682541;32.6746025;26.1825409;11.2063484;7.02380943;7.6984129;13.7063484;11.7301588;6.92857122;0;0;0;0;0;0;0;0;0,39.0555573;50.6587334;39.5476151;59.484127;65.9761887;73.3888931;85.8333282;94.4285889;78.3253937;81.1190491;77.6190414;63.1825447;52.6825447;65.8174591;28.5079384;0;0;0;0;0;0;0;0;0;0;0;0;0;0;0;0;0;0;0;0;0;0;0;0;0;0;0;0;0;0;91.6825409;84.3412781;68.0476151;67.1269836;53.7936478;43.1111069;35.8888855;37.7539635;25.7460308;29.6984081;20.2380924;37.5872993;18.4047623;33.9523773;26.9999981,44,solid_clouds/keyframe_116.pcd
9360,18.4237528,16.2631105,0,-79.8872649,1.824;11.4799995;21.6240005;27.7200012;20.6479988;28.632;43.776001;22.5440006;31.7680016;52.0000038;80.9519958;161.584;106.991997;92.4320068;103.360001;109.048004;98.6959991;112.512001;108.391998;72.223999;72.711998;83.0960007;67.5920029;38.3920021;33;10.8000002;10.6879997;5.60000038;14.1440001;12.9279995;5.61600018;0;0;0;0;0;0;0;0;0,36.7600021;52.6880074;37.8400002;62.4079971;64.2080002;73.583992;83.776001;105.408005;83.3519974;84.423996;73.4319992;65.8960037;53.0880051;71.1839981;27.9920044;0;0;0;0;0;0;0;0;0;0;0;0;0;0;0;0;0;0;0;0;0;0;0;0;0;0;0;0;0;0;91.7040024;88.1920013;68.2479935;67.711998;54.2879944;43.7679977;38.0239983;39.1840019;27.184;29.9040051;20.7600021;38.8080025;20.4239998;32.3120041;26.2240028,44,solid_clouds/keyframe_117.pcd
9440,18.4270457,16.2598221,0,-79.8433797,1.82677162;11.4566936;21.5590553;28;20.8503952;29.2755909;41.0708656;23.9842529;30.9133873;53.0551224;76.8110123;155.181091;108.078743;95.0157471;105.188972;106.09449;99.2362213;106.874016;112.322838;73.8503952;67.8425217;88.8346405;65.8110275;39.3385849;29.9527588;11.1811028;8.59842491;6.19685078;10.8425198;12.6850395;5.40944862;0;0;0;0;0;0;0;0;0,34.921257;52.9370041;38.1496086;61.2519684;65.1102295;71.1259918;84.1810989;101.51181;78.0078735;83.4803162;74.0393753;69.5118103;58.4566956;69.7873917;29.2440948;0;0;0;0;0;0;0;0;0;0;0;0;0;0;0;0;0;0;0;0;0;0;0;0;0;0;0;0;0;0;87.1417236;83.7244034;72.3464508;66.4330673;53.6141701;44.2362213;37.8661423;36.6220474;26.8976364;30.2519684;19.9212608;38.8740158;21.0944901;30.173233;26.4251976,44,solid_clouds/keyframe_118.pcd
9520,18.4253197,16.2622605,0,-79.8971349,1.73228347;10.6692915;21.0157471;26.9763794;20.9212608;29.5669289;42.7480316;21.6062984;30.8188972;53.8976326;79.8503952;157.566925;107.196846;94.7401505;118.322838;102.047249;101.566925;106.653542;113.425201;79.9133759;77.0708694;85.7401505;67.2677155;37.5984268;31.0866146;11.4409447;10.2598419;6.51968479;11.6850395;11.8582678;6.3937006;0;0;0;0;0;0;0;0;0,34.9212608;54.0944939;38.5039368;61.8976364;65.6614151;75.4173279;89.4094391;101.803139;79.196846;81.0314941;76.1732254;68.7401505;66.897644;69.2204666;27.3149605;0;0;0;0;0;0;0;0;0;0;0;0;0;0;0;0;0;0;0;0;0;0;0;0;0;0;0;0;0;0;92.7322769;85.6771545;73.4803085;67.3936996;55.1417313;43.9921303;37.8188972;37.2834663;27.2440948;29.5669289;20.2755909;38.4645729;21.0236206;31.0236206;26.7559052,44,solid_clouds/keyframe_119.pcd
9600,18.4313853,16.260911,0,-79.9046849,1.66929138;10.4488192;21.0708656;25.7637806;20.9448814;29.3307076;42.0866165;22.4724407;32.5826797;53.8818893;79.9921188;159.771652;108.866142;91.8582687;115.141731;103.582672;98.0236206;109.370087;115.740166;71.7559052;78.8740158;76.3149567;66.3779526;38.3070869;31.598423;10.4645672;8.52755928;7.25196838;13.1968508;11.661417;6.18110275;0;0;0;0;0;0;0;0;0,38.9842529;52.5118103;36.1102371;63.8582611;66;73.5826797;84.1495972;101.110237;81.4015732;85.0472412;72.5118027;63.0944786;66.5354309;67.0866165;29.0393696;0;0;0;0;0;0;0;0;0;0;0;0;0;0;0;0;0;0;0;0;0;0;0;0;0;0;0;0;0;0;90.0157471;84.0944748;72.3464508;67.0236206;54.3149605;44.8110199;35.7401581;39.3385887;26.7007904;30.1889763;20.4803143;38.0472412;20.9212627;31.3464584;26.7165375,44,solid_clouds/keyframe_120.pcd
9680,18.4255822,16.2160896,0,-46.7893196,1.15436244;8.16778564;15.3892612;17.510067;17.0939598;33.3691292;46.4496613;31.0536919;31.6375828;46.7516747;79.6979828;137.34227;86.577179;84.1812134;85.4093933;65.979866;91.1342239;96.5906067;104.852341;85.8993301;74.0402679;86.5906067;65.7114105;32.0134201;8.06040287;0;0;0;0;0;0;0;0;0;0;0;0;0;0;0,107.268448;100.167786;86.8322144;86.1946411;67.9597321;67.3758392;63.8187866;70.6174469;81.2953186;64.5436249;37.1006699;33.9395943;13.5771809;3.52348995;0.416107386;0;0;0;0;0;0;0;0;0;0;0;0;0;0;0;0;0;0;0;0;0;0;0;0;0;0;0;0;0;8.04026794;32.3221474;24.1073837;22.2348976;26.5906029;21.9328861;23.5234871;20.2483215;27.483223;28.8590584;31.7986565;38.9328918;51.3556976;49.8926201;70.9194717;69.7852325,44,solid_clouds/keyframe_121.pcd
9760,22.8562451,16.0445378,0,4.79710224,2.57142878;10.9663868;22.7815132;26.7394943;32.4453773;39.9916;54.9663887;43.3697472;56.9075661;67.7479019;84.579834;111.949577;135.857132;108.470581;90.4705887;57.1932831;44.9663849;21.9495811;12.9243708;1.34453785;0;0;0;0;0;0;0;0;0;0;0;0;0;0;0;0;0;0;0;0,33.8655472;31.1176491;49.8487358;52.4873962;36.5126038;42.1680641;36.4789886;36.3781509;32.7731094;39.6722679;33.8151245;29.6974792;24.5798302;25.6386547;25.4705887;8.35294151;0;0;0;0;0;0;0;0;0;0;0;0;0;0;0;0;0;0;0;0;0;0;0;0;0;0;0;0;0;32.5042038;36.4201698;31.823534;41.4705849;37.5630226;47.2184868;42.579834;39.1764679;35.1176491;29.5882359;20.0504189;18.0084038;21.6638641;20.2605019;35.8907585,44,solid_clouds/keyframe_122.pcd
9840,23.3058827,15.9121792,0,-125.057643,1.38095236;8;17.0595245;20.6190491;15.2380953;23.875;34.6726189;16.5059528;31.1190491;54.9761887;73.0892868;85.4523849;171.029785;147.124985;96.4047546;89.7857132;78.8809509;50.6309509;39.8273773;51.4702377;57.8214302;40.0238113;44.6904755;45.125;34.6369057;34.6964264;24.833334;24.2380962;15.7261906;21.4821434;13.4464283;19.5059509;17.9821434;48.3809547;36.9583321;29.7559528;10.458333;56.3750038;51.8452377;10.8392859,35.9702415;31.0654755;36.8690453;38.4940491;30.9761887;28.5892906;27.0714283;34.9404793;29.6071453;41.3154716;45.4404716;47.1250038;34.8928566;23.0238113;24.7321453;0;0;0;0;0;0;0;0;0;0;0;0;0;0;0;0;0;0;0;0;0;0;0;0;0;0;0;0;0;0;21.2797642;72.6726151;52.0773773;118.351181;113.964287;123.738098;124.630951;137.857117;110.32737;105.392838;68.2440414;59.5952454;46.1130943;44.1845284;37.4226189,44,solid_clouds/keyframe_123.pcd
9920,23.3158157,15.9018069,0,-125.034089,1.23076928;7.40236664;15.8579884;19.0177517;16.9408283;24.1597633;38.4082832;22.6508884;33.4319534;60.9822502;80.5443802;103.6213;162.692322;150.183426;96.5858002;96.8106461;86.8994141;54.4319534;57.4970398;48.0473404;59.7396431;47.2958565;44.91716;44.591713;37.467453;32.9704132;22.5798836;18.6390533;16.8047333;22.0887566;12.5088758;20.6627216;17.4201183;44.2307701;34.1834335;37.863903;10.4082842;53.449707;54.9763336;11.0177517,38.7041435;33.6923103;36.5147934;37.9940834;32.7100639;33.532547;33.1952705;36.60355;32.7929001;40.1656837;51.0236702;48.4201164;35.9822502;24.053257;24.0887566;0;0;0;0;0;0;0;0;0;0;0;0;0;0;0;0;0;0;0;0;0;0;0;0;0;0;0;0;0;0;22.2011871;69.9763336;57.95858;119.29586;110.739639;126.426033;128.733749;136.970428;112.189354;105.597626;76.2307739;67.0236664;54.3787003;50.9053192;43.1124229,44,solid_clouds/keyframe_124.pcd
10000,23.3150211,15.908128,0,-125.004358,1.36585367;8.31707382;16.6829262;20.9268303;16.0487804;22.9329262;34.7682915;19.5792694;34.6402435;56.5487785;73.9146271;90.670723;181.524399;151.603653;106.743896;100.243904;85.7987823;57.7073135;61.3719482;52.2439003;59.7378082;41.1829262;48.6219521;44.5853653;37.3719521;29.2926826;26.5304871;12.9390249;18.4756088;23.6341476;13.7926826;20.3231697;18.8536587;45.6158562;35.8475609;36.7743874;11.8841467;51.2134132;61;11.8231707,38.3292694;32.5060959;36.0487823;38.1768303;33.7012177;29.8963375;28.4207306;37.9207306;30.9573135;40.9695091;50.274395;52.1829262;35.0975647;23.6951199;24.2439003;0;0;0;0;0;0;0;0;0;0;0;0;0;0;0;0;0;0;0;0;0;0;0;0;0;0;0;0;0;0;21.4512215;68.0182953;54.3780556;120.341461;115.506096;131.420731;126.567093;143.231705;114.70121;113.640236;87.6402435;77.4329147;50.4451256;49.7012215;36.2378082,44,solid_clouds/keyframe_125.pcd
10080,23.3151152,15.9081031,0,-125.007048,1.35757577;7.5878787;16.9212112;20.7999992;16.0424232;22.7151508;37.0545464;19.30303;32.9878807;56.5818138;70.6606064;91.3030243;174.975784;150.824234;105.569702;101.503029;92.7999954;56.6606102;65.3030319;53.2363663;61.3333321;39.2181816;41.5818176;43.0121231;30.4060593;34.8303032;24.3090897;15.4484844;16.1757584;20.5939407;15.6787882;19.2606068;18.757576;45.8363647;39.0969696;30.8909111;11.1030302;54.587883;57.7333336;10.1272726,38.4121246;31.7212124;37.7939453;38.6242485;30.333334;30.830307;29.1575775;36.3030357;28.6424255;40.6848488;49.3697052;50.4787941;36.2181816;23.3696976;25.4121246;0;0;0;0;0;0;0;0;0;0;0;0;0;0;0;0;0;0;0;0;0;0;0;0;0;0;0;0;0;0;21.8606091;69.139389;52.3575821;122.430313;114.509087;126.012108;125.696976;139.363632;119.569702;112.684853;85.7939377;72.1999969;51.5393944;47.8121262;35.8484879,44,solid_clouds/keyframe_126.pcd
10160,23.3152602,15.9118047,0,-124.99857,1.28571427;7.33928585;16.0714283;19.9285717;15.9404764;23.2678566;36.7738113;18.7440472;32.5416679;57.7797585;66.8333282;91.9285736;172.130951;151.059525;105.821426;97.9821472;94.428566;61.3750038;62.1904755;54.1547623;57.8035736;41.8392868;45.1011925;44.7678566;33.0833321;34.8511887;21.625;18.3273811;19.2261906;18.5297623;17.7440491;18.0952377;16.7261906;47.3214264;38.7619057;30.8035736;10.1309528;52.1726227;59.5714302;11.6964283,39.3095245;32.1488075;36.25;38.5119057;31.2738094;28.958334;28.047617;35.0892868;29.255949;41.6845322;49.1666679;50.7619057;35.2440491;24.1964245;24.6904736;0;0;0;0;0;0;0;0;0;0;0;0;0;0;0;0;0;0;0;0;0;0;0;0;0;0;0;0;0;0;22.005949;69.6666794;53.6428642;125.142853;119.380966;126.255966;127.898804;132.52977;118.119064;115.327385;86.9107208;71.1666718;49.8809547;47.5416603;35.6964302,44,solid_clouds/keyframe_127.pcd
10240,23.320837,15.9089626,0,-125.019433,1.34146345;8.23170662;16.2012196;20.4451218;16.1585369;24.4817066;33.7682953;21.5670738;32.841465;58.6768303;70.1646271;93.2378082;176.353668;158.128052;108.810974;100.908539;93.6585388;56.5304871;58;57.9024353;60.7926788;40.5914612;43.1402435;45.5548744;30.8658543;32.6402435;26.560976;24.8353653;16.310976;20.6768284;14.6402435;18.2378044;15.3292675;46.2621918;39.2439041;35.0304871;15.0426826;53.5487823;60.5121956;11.0853653,40.1890259;33.9695129;36.0243874;39.8475647;31.6219501;30.719511;28.5914612;36.5792694;31.158535;41.9878006;50.8963432;51.0304871;36.4390221;23.9512177;25.189024;0;0;0;0;0;0;0;0;0;0;0;0;0;0;0;0;0;0;0;0;0;0;0;0;0;0;0;0;0;0;22.097559;74.2317047;54.5792732;127.451218;121.451225;125.682915;130.835373;135.371964;123.731697;108.371948;83.6219482;75.5304794;50.3963394;49.6158485;37.1463432,44,solid_clouds/keyframe_128.pcd
10320,23.3168017,15.9093068,0,-125.037573,1.28571427;7.95238113;16;19.5;15.5892859;22.6488094;36.7023811;18.8690472;31.9047623;55.8630943;69.5119019;92.6369095;176.678558;150.273804;104.827377;100.696419;92.3452377;56.9166641;57.375;55.7678566;74.0714264;42.0714264;47.2678528;42.3869019;34.0535736;36.3333321;29.1845245;23.7440472;17.958334;19.75;14.6964283;19.7202377;17.4761906;42.9464302;34.4523811;29.8095226;10.1309519;55.6011925;54.7797623;12.6190472,39.3750038;31.9583321;39.5059586;39.7202415;31.0238113;29.9226208;27.8869057;36.5952415;30.4345245;41.1309547;50.5595322;49.3392944;35.2857132;23.3452377;25.0476189;0;0;0;0;0;0;0;0;0;0;0;0;0;0;0;0;0;0;0;0;0;0;0;0;0;0;0;0;0;0;24.3273773;69.4880981;53.9404793;124.571434;121.220238;128.416672;131.244034;135.732117;121.535713;113.059509;80.3333282;69.8630981;50.1547623;49.5773849;37.8035774,44,solid_clouds/keyframe_129.pcd
10400,23.3116841,15.9090669,0,-125.029157,1.36526942;8.25149727;16.526947;20.4491005;15.5089827;22.4850292;34.8742523;20.6886215;33.0958061;56.6407166;67.5149689;90.4371262;176.694611;154.586823;106.485031;98.323349;92.3892136;56.1437149;60.8323364;53.101799;57.9221497;44.9221535;41.3293381;45.8383217;32.8323364;34.1616745;25.616766;26.4491005;25.0778427;19.4191628;13.4850292;19.2455082;20.0179634;42.0359306;40.6826363;31.7365284;10.5928144;55.1796379;60.2095795;11.6646709,39.4670639;32.377243;38.1616745;40.6886215;31.3532944;29.473053;27.7604733;36.7724533;31.1137676;40.6586838;50.5928116;51.9700546;34.8622742;24.0119743;23.3772449;0;0;0;0;0;0;0;0;0;0;0;0;0;0;0;0;0;0;0;0;0;0;0;0;0;0;0;0;0;0;20.8862247;73.2814407;54.3353271;126.347298;113.029938;129.880249;126.197609;145.359268;118.508987;112.125748;87.4670715;70.1976166;47.7065849;47.1257439;39.724556,44,solid_clouds/keyframe_130.pcd
10480,23.4302697,15.6695795,0,-26.8477739,3.68695641;11.8434782;20.5565224;24.695652;23.2695656;36.1913033;53.1478271;40.4695663;51.1652184;68.1912994;96;140.234772;134.704346;70.0608673;54.4434814;34.1478271;18.7913036;23.173912;13.5913048;1.10434783;0;0;0;0;0;0;0;0;0;0;0;0;0;0;0;0;0;0;0;0,20.7130451;20.9565239;13.9304361;18.8347836;15.2260876;23.4956532;28.9130421;22.7913055;39.0782661;40.7652168;38.6347847;40.5304337;43.5913048;36.2956543;15.6260872;0;0;0;0;0;0;0;0;0;0;0;0;0;0;0;0;0;0;0;0;0;0;0;0;0;0;0;0;0;0;29.9739151;27.0869579;30.8086987;30.5478268;29.6260872;33.6260872;24.9739151;40.1652222;41.4173927;37.5043449;40.373909;38.9739151;31.0434761;43.6347809;20.3304348,44,solid_clouds/keyframe_131.pcd
10560,25.8492532,13.2547495,0,150.869331,0.584269643;3.94756556;8.39325905;10.3558054;10.2696629;20.0786514;18.8352051;14.6441936;24.2546806;62.2284622;61.6891365;60.8801537;94.7940063;106.408234;65.4681702;71.9850159;71.8089905;108.865158;131.535583;88.0524292;64.3520584;45.1161041;39.9737854;40.0374565;36.5168533;40.8651657;47.7902641;67.1123581;38.5280914;20.8838959;33.6891365;41.1011238;30.8164787;22.0149803;15.4494381;20.6254673;26.6292133;20.6816483;21.7153549;39.9550552,105.74157;163.359589;117.29213;118.243462;95.3558044;109.277153;88.4981384;55.4044838;40.4644165;29.5393238;28.5393276;25.056181;17.11236;20.7902641;9.12734222;0;0;0;0;0;0;0;0;0;0;0;0;0;0;0;0;0;0;0;0;0;0;0;0;0;0;0;0;0;0;25.8164768;47.0412025;48.5617981;44.153553;41.925087;41.6816483;35.1273422;39.9887581;50.9700317;50.3146019;62.42696;30.8015003;29.726593;82.8689041;93.726593,44,solid_clouds/keyframe_132.pcd
10640,25.7230774,13.2909463,0,147.484765,1.01851857;6.29629612;12.666666;15.5;15.3425922;27.3611107;28.129631;15.3240738;31.9629612;58.0231514;73.9907303;71.9999924;117.476852;129.537033;86.2870407;86.7685165;82.3472214;129.550919;148.425934;94.4166641;75.4814835;47.1527786;44.3055573;47.6666641;42.0000038;43.0601845;56.6990738;58.3287048;45.4629631;20.7407398;30.5555553;36.2314796;22.6851845;20.8055553;16.5879631;16.2685184;25.7685165;24.3333321;20.8425922;41.0740776,122.337952;176.851868;131.59259;118.625;87.5185089;97.0833359;127.018517;85.4768524;47.1944466;46.7685165;27.7777767;31.7083302;21.1712952;19.1435165;11.3333321;0;0;0;0;0;0;0;0;0;0;0;0;0;0;0;0;0;0;0;0;0;0;0;0;0;0;0;0;0;0;16.25;51.6203613;54.3518486;61.2175903;51.8101845;52.3101883;44.7361107;36.4120331;54.5324135;59.8888855;77.935173;67.6944427;27.6111069;67.2268524;93.2777786,44,solid_clouds/keyframe_133.pcd
10720,25.7343885,13.2998293,0,147.484518,0.956521749;5.86956501;12.0304356;14.0999994;15.0608702;24.8999996;24.1173897;11.7304354;25.6434784;66.0999985;76.5478363;78.3130417;114.260872;123.939133;84.2260818;85.5130463;94.8782578;117.982605;144.978271;94.7434769;69.0652161;48.2043495;39.8000031;40.9956512;38.1782608;39;46.3086929;64.4434814;40.52174;24.6434784;27.847826;34.6521721;21.6173916;21.7130432;16.4739132;17.2347832;22.9391289;21.3826084;18.4391308;38.7652168,123.217392;166.404343;134.130432;117.978256;79.8391266;98.3999939;118.247826;80.7913132;47.7739067;43.6608696;26.3304348;28.5565224;20.3173923;19.2652168;10.0565214;0;0;0;0;0;0;0;0;0;0;0;0;0;0;0;0;0;0;0;0;0;0;0;0;0;0;0;0;0;0;13.434782;54.0956535;52.9304276;57.8304367;50.3217316;51.2347755;42.1999931;31.3782597;59.2478294;63.7956505;69.2521667;67.2521744;30.113039;63.6956482;86.3652191,44,solid_clouds/keyframe_134.pcd
10800,25.723829,13.2844287,0,147.435356,0.921658993;5.43778801;12.40553;14;16.2580643;28.783411;27.0967751;16.2949314;34.3502312;68.2672806;80.1843262;76.4377823;128.327194;120.801842;88.8847885;87.0230331;92.3133698;128.571426;152.009216;98.1981583;75.6866302;43.345623;45.5253448;42.7419357;43.7142868;44.1382484;56.9216576;55.0092163;48.1290321;25.2857132;34.308754;30.5115204;22.6129036;22.7557602;17.3364048;9.83410168;29.6497688;21.9170494;21.6451607;35.4009209,122.48848;170.884796;137.889389;130.465424;88.3824844;101.51152;121.147461;81.1060028;54.1566811;44.1336403;29.0875568;30.8571377;20.5483856;20.8894005;12.1013823;0;0;0;0;0;0;0;0;0;0;0;0;0;0;0;0;0;0;0;0;0;0;0;0;0;0;0;0;0;0;16.1843319;59.0414734;55.0783386;61.8110542;54.2580643;54.875576;44.4424019;34.1520729;57.5437851;62.6221161;73.3271942;72.0092087;32.5714302;64.9861755;94.4838791,44,solid_clouds/keyframe_135.pcd
10880,25.7223786,13.2895531,0,147.487958,0.927272737;5.4181819;12.3545456;13.8954544;15.9500008;27.7045441;27.7590904;17.6181831;31.2136345;64.2272644;77.368187;75.8136368;119.954544;124.486366;90.2272797;86.4272766;95.0772705;124.509094;148.627274;104.422729;74.7045441;45.3499985;39.9545441;45.6090927;39.9681816;40.8499985;50.1409073;59.3681793;45.4181824;18.9818192;31.9681816;28.636364;24.1727257;24.6181812;10.3681812;16.3500004;29.9545441;19.136364;22.2136364;43.1954498,119.154533;167.318176;131.563629;126.295456;86.772728;100.868187;119.945465;79.9181671;50.2590904;45.6590881;26.8863659;31.1090908;20.3363609;20.2636356;10.545454;0;0;0;0;0;0;0;0;0;0;0;0;0;0;0;0;0;0;0;0;0;0;0;0;0;0;0;0;0;0;15.7636356;58.4272766;55.959095;58.2772789;56.4136429;52.7227325;43.6727257;34.3136368;61.0227318;61.8590889;76.0909119;71.5499954;30.1909065;67.2272568;94.5545349,44,solid_clouds/keyframe_136.pcd
10960,25.7202687,13.2876041,0,147.447461,0.990825713;5.67889881;12.6880732;15.1926603;16.2247696;28.7431183;28.2935791;16.3807335;33.2568817;60.087162;73.4174271;75.8302765;119.105515;120.825684;91.1100922;85.5412827;83.6834869;126.738525;146.761475;98.3119278;78.522934;43.3577995;42.1055031;49.0733948;40.5091782;45.7844048;48.5596313;66.6330261;40.1789017;25.0091743;31.5;34.2844009;17.4862385;23.5;15.288991;16.9495411;25.2568817;18.9449539;19.0412846;40.899086,118.70182;166.610092;136.417419;123.376152;90.7293549;99.325676;120.504585;80.1697159;49.7477112;46.2477112;28.1789017;28.5917435;18.7018375;20.0733967;10.8073406;0;0;0;0;0;0;0;0;0;0;0;0;0;0;0;0;0;0;0;0;0;0;0;0;0;0;0;0;0;0;15.5871563;61.490818;53.9036713;61.0458717;54.7798195;52.3669739;45.1146812;32.92202;55.6880798;61.4128456;75.9587173;65.0321198;30.082571;66.2889938;91.8898926,44,solid_clouds/keyframe_137.pcd
11040,24.8089852,11.8039598,0,-128.986212,3.0854702;9.29059792;25.4957256;29.0598278;28.9914532;69.2649536;52.1794891;36.1538429;24.1282043;36.2222214;19.3418808;17.905983;21.6068382;25.4529934;29.9487171;26.8717937;24.5042744;27.7094021;28.6923103;32.8803444;19.6324787;26.7777786;23.2820511;20.8119659;17.5982895;11.521368;25.145298;29.7350426;15.8205137;15.2136755;25.9230766;15.4700851;9.41880417;12.7435894;11.2478628;16.8547001;12.4615383;17.6068382;13.6581192;1.41880345,9.40170956;8.71794891;9.22222137;12.8717957;6.58974361;7.76923084;4.67521381;6.01709414;5.13675213;8.07692337;7.32478619;12.8034191;8.44444466;15.4188023;9.22222233;6.8290596;0;0;0;0;0;0;0;0;0;0;0;0;0;0;0;0;0;0;0;0;0;0;0;0;0;0;0;0;0;72.675209;82.1623917;90.4700775;65.9230804;77.7863312;70.6752243;75.512825;80.5897446;46.0940208;27.4017086;14.7948723;25.1709385;14.8717937;17.8290615;10.6495724,44,solid_clouds/keyframe_138.pcd
11120,24.2624861,11.4429105,0,111.388716,0.864468873;5.16849804;10.32967;13.1758242;10.0622711;22.0512829;23.1391945;21.6959705;33.5384636;35.102562;42.2967033;47.6446915;69.9304047;74.0512848;86.1282043;98.2417603;76.4761887;77.1538467;81.0842514;81.824173;91.849823;134.054947;89.6959686;81.6007309;57.2527466;40.4798508;58.0293045;36.2930374;26.0036621;14.0769234;17.5018311;10.3699636;7.61172199;8.39560509;13.5714283;13.2857151;23.4908428;20.5677662;6.55311394;38.5348015,31.2857151;55.673996;69.2857208;81.4981766;99.545784;84.4578781;107.377304;93.2747345;64.7106247;78.6446915;75.7033005;70.9340668;35.6227112;19.6630039;8.91941357;0;0;0;0;0;0;0;0;0;0;0;0;0;0;0;0;0;0;0;0;0;0;0;0;0;0;0;0;0;0;8.79487228;25.7985401;24.7216129;15.9120903;17.3479862;33.3809509;67.7362671;67.4139252;74.3479919;68.2271042;53.5128212;60.0219727;73.1172104;69.2820511;62.9670372,44,solid_clouds/keyframe_139.pcd
11200,24.2581102,11.4439419,0,111.384851,0.796934843;4.81226063;10.1149426;12.3831425;11.0881233;24.7854424;25.0421448;24.0268192;34.9118729;38.4904175;44.2873497;50.9080429;75.7931061;79.1685791;96.7049866;105.099609;92.9348679;83.7931061;93.6628418;94.6398468;102.567047;124.846741;102.00383;77.0421448;52.6590042;39.5057449;60.7586212;33.0651321;24.0191574;16.9310341;23.0268192;7.53639841;9.15708828;10.1379318;16.7624512;9.97701168;23.7777786;20.2911873;8.79693508;39.2528725,33.3409958;54.5708809;73.3563232;84.8084259;99.9885178;92.9425278;115.042152;93.1685791;67.7471237;80.5785446;80.1685791;71.2068863;38.6896553;21.4214554;9.48659039;0;0;0;0;0;0;0;0;0;0;0;0;0;0;0;0;0;0;0;0;0;0;0;0;0;0;0;0;0;0;9.11494255;26.2682018;25.6436768;17.6130276;17.3869724;35.8314171;75.1532593;71.7586212;81.47892;79.0957718;54.5670471;64.4137878;86.0306396;76.977005;67.7088165,44,solid_clouds/keyframe_140.pcd
11280,24.2590845,11.4434108,0,111.418851,0.833333313;4.905303;10.272728;13.117424;10.973485;22.897728;24.75;21.8712101;35.3863602;41.6401558;42.7007561;50.3030281;77.0606003;72.6742401;97.1250076;107.132576;87.4052963;80.0909042;92.0606079;91.6856079;100.78788;130.814392;93.0378723;79.8712158;52.5416679;37.2954559;62.1856079;32.9090919;25.4583321;17.151516;28.882576;7.780303;6.6098485;11.01894;15.598484;10.973485;26.85606;22.079546;9.92803001;41.0719681,31.8560619;55.9242477;72.5303116;87.7234955;98.2878799;93.7537918;114.753792;98.9886322;69.7575836;79.7272797;79.1590881;69.0265198;35.9621201;21.9469681;9.79545498;0;0;0;0;0;0;0;0;0;0;0;0;0;0;0;0;0;0;0;0;0;0;0;0;0;0;0;0;0;0;9.29545403;26.1893959;25.2765198;17.666666;18.450758;35.1704521;74.977272;66.140152;78.9356079;79.7272797;54.9431801;64.257576;84.727272;74.7007446;68.0871201,44,solid_clouds/keyframe_141.pcd
11360,24.2591629,11.4433278,0,111.381768,0.847583652;4.91078091;10.2602234;13.0594788;10.416357;23.2973976;23.7546463;21.2267628;34.9479561;38.5501862;42.4460945;47.5687714;76.9405289;71.884758;91.7249069;103.282516;82.2602234;81.7881012;86.0111542;89.8141251;96.8104019;128.282516;92.0371704;79.4275055;56.7397804;37.9925652;54.9107819;31.327137;24.5650558;13.1040897;28.3234196;7.72862482;8.95910835;10.0855026;17.6802979;10.1449814;24.1933079;20.327137;10.9591084;39.0817833,31.8810406;55.9144974;68.7955322;83.9330826;98.5464783;90.9182205;109.249077;93.4089355;69.0966568;77.7955399;77.4795456;65.2676544;35.3977661;20.9479561;9.14869976;0;0;0;0;0;0;0;0;0;0;0;0;0;0;0;0;0;0;0;0;0;0;0;0;0;0;0;0;0;0;8.89962864;25.8847599;25.5613403;16.1040878;18.0557632;34.9962769;71.9219284;68.7881165;78.4906998;77.5687714;54.8996239;60.2081757;79.7546463;72.8438721;65.9144974,44,solid_clouds/keyframe_142.pcd
11440,24.2600522,11.4422368,0,111.422769,0.852713168;5.23255825;10.2984505;13.2093029;11.1240311;23.1976738;24.7403107;22.0620155;36.0193825;35.3255806;45.5426369;49.6124001;84.1279068;80.4263535;94.3643417;103.585281;87.3372116;76.6938019;93.3255768;93.4108582;91.9069748;132.949615;91.8527145;79.5426331;52.3565903;42.3837242;62.639534;34.8139572;21.7790718;15.8914738;28.3914738;8.930233;9.27519417;9.4651165;14.8372097;11.3178291;25.9496117;19.166666;11.6240301;37.2209282,32.9883766;57.9341049;68.0852814;88.4069748;100.25193;94.6473007;108.57753;98.0426483;66.0426407;87.6473007;76.9961395;68.976738;41.0154991;21.4457359;9.44573593;0;0;0;0;0;0;0;0;0;0;0;0;0;0;0;0;0;0;0;0;0;0;0;0;0;0;0;0;0;0;9.57751846;25.2248077;26.4806213;17.4689941;18.9379845;36.3217049;72.0775299;68.8333359;79.4147491;76.2209473;57.0930252;62.2945747;82.1860657;73.7945709;66.3527145,44,solid_clouds/keyframe_143.pcd
11520,24.2605931,11.4444661,0,111.420041,0.926640928;5.48262548;10.9343624;14.0849419;10.8301163;23.594595;24.7606182;21.8648643;36.7799225;36.6138992;44.9922791;50.7065659;85.4787598;81.5444031;98.0077209;106.042465;84.4247131;80.4864807;91.3397675;95.1853256;95.6100388;130.405396;96.2432404;79.0772247;58.0888062;37.0038605;67.5096512;33.5907326;26.5752907;16.594595;26.8687248;7.14285707;11.1351347;8.26254845;16.7915058;11.4169884;25.2702694;21.1737442;10.2316599;40.7027016,33.4555969;55.467186;72.7722092;87.7490463;102.930504;95.3397751;116.200775;95.2586975;68.5019302;83.7181473;85.01931;71.9305115;41.8841667;21.8803062;9.60617828;0;0;0;0;0;0;0;0;0;0;0;0;0;0;0;0;0;0;0;0;0;0;0;0;0;0;0;0;0;0;9.23552132;25.7026997;27.2664089;17.8841724;19.7644768;35.4131241;73.4787674;67.2046432;80.5984573;75.5907364;57.5019302;65.5521164;84.0154495;74.691124;68.1621704,44,solid_clouds/keyframe_144.pcd
11600,20.9170918,13.1128755,0,150.09192,1.63900423;4.66390038;10.4107885;13.4605808;14.1286306;22.2614098;40.4647293;25.7136955;40.290451;53.9502144;46.5601654;49.6390076;47.6638985;48.132782;67.7925262;66.7427368;73.1659775;108.763496;125.780083;111.78009;76.9958496;57.0248947;47.3112068;43.4149361;33.4813271;34.0373459;40.4066391;42.8049774;31.5933609;55.6431503;41.0456429;22.4439831;81.8547668;90.7178421;15.8381739;0;0;0;0;0,139.041504;139.510361;123.082993;122.211617;113.004143;99.3651352;76.8298798;49.8838158;27.3609982;20.1535263;17.925312;14.8589201;7.80082989;10.481328;4.93360996;0;0;0;0;0;0;0;0;0;0;0;0;0;0;0;0;0;0;0;0;0;0;0;0;0;0;0;0;0;0;46.3402481;42.178421;27.5767632;33.755188;13.1742725;24.8630714;48.8630714;38.7759247;48.489624;46.0954247;48.2157631;64.4024887;64.0746841;66.7883835;107.580933,44,solid_clouds/keyframe_145.pcd
11680,18.2018668,14.1474901,0,176.165118,2.51724148;6.86781597;14.8160915;18.0574722;15.2643681;22.5632191;36.3103447;39.9367828;36.6666679;42.1149445;42.1839066;34.5747147;49.8218384;108.879303;104.568962;114.965523;64.5747147;62.3620682;58.6839142;58.4195404;56.4137917;57.7701149;70.4827576;76.1781616;80.8045959;46.5344849;56.8045959;112.126434;54.5229874;0;0;0;0;0;0;0;0;1.23563218;0;1.91379309,113.637924;121.057465;65.7873535;42.1954041;35.3218422;27.7816124;17.097702;15.0057478;14.7471275;8.83333397;8.26436806;8.33333397;7.01724148;7.56896591;5.20689678;0;0;0;0;0;0;0;0;0;0;0;0;0;0;0;0;0;0;0;0;0;0;0;0;0;0;0;0;0;5.89655161;31.2126446;25.0057507;31.5114975;46.26437;36.4482727;39.9080467;39.0574722;45.6149445;60.603447;95.2758484;107.02298;116.206879;130.396561;116.06321;124.591942,44,solid_clouds/keyframe_146.pcd
11760,13.8524926,13.9880948,0,166.491117,2.75423717;11.6101694;21.8135605;25.1186428;21.9322033;45.1186447;54.0254288;30.1186447;33.9491539;69.1186447;87.7881393;61.0932198;74.2203445;95.0423737;134.279663;139.889832;123.194916;70.5084763;88.0169525;125.432205;23.025425;1.25423729;1.25423729;0.627118647;2.13559318;3.55932212;2.84745765;2.13559318;0.711864412;0;0.711864412;1.76271188;4.40677977;0;0.881355941;2.64406776;6.16949129;36.8813553;17.6271172;0,70.6779556;69.2203369;65.4237213;89.4067688;59.872879;120.169495;28.3728848;16.5932198;15.8050842;11.4067793;10.1864405;9.61016941;4.82203388;12.3220329;4.33050823;0;0;0;0;0;0;0;0;0;0;0;0;0;0;0;0;0;0;0;0;0;0;0;0;0;0;0;0;0;0;47.669487;47.5932159;26.2118664;32.6186409;39.6355896;38.7372894;45.9322014;43.6610107;55.1101685;62.8559265;71.0254211;83.7542343;78.4999924;76.4322052;85.703392,44,solid_clouds/keyframe_147.pcd
11840,8.63343916,14.8513218,0,-136.991961,1.49593496;10.439024;19.5934944;23.1544724;28.1626015;53.8130074;66.2276459;44.8211403;35.3739815;35.0081329;16.447155;7.94308949;8.83739853;11.4796753;12.658536;10.7235775;12.8211384;12.3089428;12.1219521;7.7317071;6.61788654;12.6341467;44.3739853;0.642276406;0;0;0;0;0;0;0;0;0;0;0;0;0;0;0;0,9.98373985;11.1056919;9.43902397;37.3739891;44.6422768;43.5853653;40.4308968;40.6097603;11.8536587;8.39024353;9.92682838;9.25203228;8.79674816;11.1869917;5.35772276;0;0;0;0;0;0;0;0;0;0;0;0;0;0;0;0;0;0;0;0;0;0;0;0;0;0;0;0;0;0;10.9756098;13.8861771;10.8292675;11.0406504;7.62601614;10.7235765;11.5853662;14.6910572;12.8699169;15.7967472;17.0894279;23.7154465;10.3902435;12.0325193;10.2439022,44,solid_clouds/keyframe_148.pcd
11920,8.29478164,12.3111761,0,-96.7519803,2.69172931;17.3609009;23.4661674;22.7368431;24.1729317;27.1052628;29.1954861;23.4060154;21.4360886;24.2406025;35.676693;35.6015015;38.1428528;46.7593956;57.4962387;72.3308334;92.8345871;116.496239;57.4511261;42.0601501;16.9473686;15.8571424;15.4060154;11.2330818;22.0751877;30.8345871;85.9022522;27.6015053;25.7368431;25.5639114;13.902256;12.3834591;14.706768;14.9097748;10.451128;14.3684216;9.82706738;7.51879692;18.9774437;0.691729307,41.5864677;64.5864639;27.2631569;14.7067661;18.1879692;8.18045139;3.2030077;2.09774446;0.849624038;1.34586465;0.849624038;0;0;1.72932339;5.81202984;0;0;0;0;0;0;0;0;0;0;0;0;0;0;0;0;0;0;0;0;0;0;0;0;0;0;0;0;0;0;0;5.80451107;52.6090202;72.4511337;75.383461;84.5263138;106.736839;124.947357;115.323318;93.2556305;64.5037613;58.3909798;56.4736862;62.007515;42.7443581,44,solid_clouds/keyframe_149.pcd
12000,6.68623787,9.85096212,0,-167.176281,0.797687888;12.9248562;24.7861271;42.4335251;49.2023125;55.5028915;32.3872833;26.2658997;21.6127167;27.6705208;49.8092499;69.9768829;63.3526001;41.2369957;37.462429;37.0751457;43.9248543;50.1213875;47.9653206;44.947979;62.0520248;82.7167587;72.3988419;29.9710999;21.3063583;11.0462427;16.6242771;11.8208094;8.32369995;1.36994219;1.36994219;2.31791902;7.30057812;0;0;0;0;0;0;0,69.3526001;74.2890167;83.1734238;72.0346756;72.6589661;64.2601089;33.9768791;28.3352585;23.9075127;21.5028915;19.1387291;17.5028896;19.6820793;20.1965332;15.404623;0;0;0;0;0;0;0;0;0;0;0;0;0;0;0;0;0;0;0;0;0;0;0;0;0;0;0;0;0;0;4.10404634;5.1271677;4.85549164;6.60693645;3.13294816;10.6647396;6.4219656;10.7225437;22.5144501;67.017334;78.9306335;64.6994247;61.6763077;68.3468246;57.83815,44,solid_clouds/keyframe_150.pcd
12080,3.33029951,8.34202143,0,-147.630979,0.854700863;10.7948723;27.0256405;43.854702;44.1239319;46.1196594;39.8504257;47.1538467;47.260685;37.8974342;39.4871826;23.2991428;25.717947;28.4444427;36.0683784;55.0811958;18.3205109;11.0769234;7.22649574;7.35470057;7.51709414;6.88888836;6.47863293;2.23076916;2.97435904;2.29059839;2.35042739;2.24358988;3.44871807;1.60683763;2.00854707;1.20512819;0;1.60683763;3.59401703;1.6452992;1.79487181;0;0;0,4.05555534;14.6324787;18.1111126;30.1495724;33.8076935;45.1709366;45.4059753;18.9615383;12.4914532;7.69658089;10.7350426;11.4316235;11.3803406;12.6324787;8.02991486;0;0;0;0;0;0;0;0;0;0;0;0;0;0;0;0;0;0;0;0;0;0;0;0;0;0;0;0;0;0;13.0854712;16.0384636;23.5427361;33.0256424;35.0641022;36.8888855;40.9230804;32.9529915;34.8504257;27.5811977;27.7051277;16.6923084;12.6581192;9.00427341;2.19230771,44,solid_clouds/keyframe_151.pcd
12160,3.33904985,8.35718316,0,-147.594909,0.774193525;16.6290321;29.4838715;42.4838715;42.935482;51.6814499;36.5120964;41.6411285;45.6290359;43.3427429;35.6774216;22.8951607;25.3306465;25.0685501;32.0362892;50.1048431;16.0403233;8.22580719;7.22580624;6.125;5.96370935;4.90725803;2.87903214;1.71774197;0.858870983;2.17338705;1.77016127;1.11290324;2.96774197;1.48387098;1.85483873;1.11290324;0.741935492;0.370967746;3.43548393;1.38306451;0.971774161;0.189516127;0;0,3.33870959;17.4959679;11.0725803;22.7459679;30.9959679;41.1491966;39.6330681;14.9879036;8.94758034;9.13306427;12.7217741;8.03225708;11.4637089;11.3064518;7.75000048;0;0;0;0;0;0;0;0;0;0;0;0;0;0;0;0;0;0;0;0;0;0;0;0;0;0;0;0;0;0;12.9516125;18.9395142;23.4153214;33.4516144;38.7459679;40.2096786;38.4274178;33.8185501;30.2338696;26.625;24.467741;17.5806446;10.5927429;11.2540321;4.25,44,solid_clouds/keyframe_152.pcd
12240,3.33035613,8.33332791,0,-147.767773,0.703999996;13.5439997;29.2679996;43.0800018;43.6160011;51.6800003;45.5159988;42.8759995;46.8239975;47.6159973;36.4599991;25.1919975;24.5280018;31.7280006;31.1240025;47.9679985;14.7679996;7.70800018;6.5;5.14799976;5.71600008;3.93200016;3.61599994;1.18400002;1.77600002;1.18400002;1.24399996;1.36399996;2.13599992;1.06799996;1.06799996;0.712000012;0.712000012;0.356000006;3.95200014;1.62800002;0.888000011;0.184;0;0,4.17600012;7.8760004;17.2200012;16.4160004;35.1239967;41.7639999;40.5920067;19.0880013;10.8719997;8.69200039;11.4720001;11.8760004;10.6680012;12.552;6.8840003;0;0;0;0;0;0;0;0;0;0;0;0;0;0;0;0;0;0;0;0;0;0;0;0;0;0;0;0;0;0;11.1280012;16.7399998;23.355999;31.368;38.7999992;40.5039978;39.1920013;33.9720001;33.7680016;30.6359978;24.1360016;22.0080013;10.1479998;12.3199997;5.21999979,44,solid_clouds/keyframe_153.pcd
12320,3.3397628,8.34006854,0,-147.730068,0.727272749;11.422925;28.8972321;43.10672;51.3478279;52.4861641;43.695652;44.335968;42.1383362;45.1778641;34.86166;27.6521759;27.9723339;39.4268799;39.6758881;50.525692;15.6363649;9.98418999;8.22529602;6.1699605;5.72727251;5.32806301;3.09486175;0.806324124;1.3438735;0.806324124;1.146245;1.55731225;1.69960475;0.679841876;2.37944674;0.339920938;0.339920938;0;3.17786551;2.15810275;1.06719375;0.553359687;0;0,3.118577;7.84189796;18.4229259;19.498024;32.0948601;46.2648315;43.146244;18.438736;8.98418903;9.28853798;12.47826;12.130435;10.596838;12.29249;8.50592995;0;0;0;0;0;0;0;0;0;0;0;0;0;0;0;0;0;0;0;0;0;0;0;0;0;0;0;0;0;0;12.241107;19.466404;22.5968361;29.5454559;31.027668;45.5415001;41.7312279;34.826088;36.3754959;34.2608719;33.865612;21.9367599;13.3083019;10.648222;5.1976285,44,solid_clouds/keyframe_154.pcd
12400,3.33113741,8.34178333,0,-147.688824,1.78260875;13.051384;29.332016;41.2964401;43.778656;54.1225281;42.411068;38.9525681;50.640316;46.1581039;37.671936;22.881422;25.470356;32.5217361;31.6324139;47.4189758;15.083003;7.798419;5.84584999;6.09881401;4.91304398;4.40711451;3.84584975;1.1699605;0.877470374;1.75494075;0.877470374;1.24901187;1.99209487;0.332015812;1.660079;0.996047437;0.664031625;0.664031625;3.083004;1.59288549;1.367589;0.181818187;0;0,2.07905149;11.743084;17.328064;14.055336;34.4901199;40.4624481;42.1699562;16.525692;11.039526;11.375494;10.241106;11.869566;10.533597;12.687747;7.18181801;0;0;0;0;0;0;0;0;0;0;0;0;0;0;0;0;0;0;0;0;0;0;0;0;0;0;0;0;0;0;10.071146;18.83004;24.5177879;31.715416;36.3992081;41.6363602;38.6442719;33.3438721;35.2094841;29.7391319;26.6284561;20.422924;14.023715;6.45454597;4.15810299,44,solid_clouds/keyframe_155.pcd
12480,3.33584068,8.34578664,0,-147.730657,1.81640625;12.4335938;30.2148438;40.0585938;44.5195312;51.5664062;44.9375;43.328125;45.1289062;48.8554688;35.7109375;24.7070312;24.828125;30.921875;35.4335938;47.7265625;14.8476562;10.3632812;8.36328125;7.15234375;5.47265625;4.89453125;4.66015625;1.5625;1.5625;2.53125;1.59375;2.87109375;2.58984375;1.03125;1.375;1.03125;0.34375;0.34375;2.8203125;2.1328125;1.203125;0.18359375;0;0,3.61328125;11.8515625;21.7382812;27.0117188;35.625;42.5585938;40.5546875;19.3554688;10.53125;8.35546875;10.578125;11.5507812;10.609375;12.2734375;6.875;0;0;0;0;0;0;0;0;0;0;0;0;0;0;0;0;0;0;0;0;0;0;0;0;0;0;0;0;0;0;10.6523438;15.6601562;22.875;32.0273438;35.7226562;37.8203125;40.3867188;34.0351562;38.4765625;30.0664062;27.7109375;18.21875;6.29296875;14.8515625;3.23828125,44,solid_clouds/keyframe_156.pcd
12560,3.33082638,8.33284131,0,-147.677312,1.95901632;11.2459021;28.6147537;41.1598358;40.352459;50.3237724;42.2909851;38.7704887;43.4508209;40.5696716;33.5368881;16.6885242;19.2581978;23.3893452;23.2008209;34.18853;8.30327797;2.5;1.64344263;1.25;0.75;0.889344275;1.06557381;0.426229507;0.852459013;0.639344275;0.454918027;0.454918027;0.725409865;0.241803274;0.725409865;0.725409865;0.241803274;0;0.725409865;0.729508162;0.594262302;0.360655725;0;0,3.92213106;3.11065578;3.29508209;2.52049184;12.3360653;19.6270485;27.6844254;15.0942631;11.2213116;6.77868843;10.8934431;10.299181;10.3360653;11.7418041;6.14754152;0;0;0;0;0;0;0;0;0;0;0;0;0;0;0;0;0;0;0;0;0;0;0;0;0;0;0;0;0;0;12.0163937;14.4713106;18.75;31.2172127;35.2786865;39.745903;35.7786903;33.4795074;29.1311493;30.9836082;29.0163956;23.7336044;8.9180336;9.75819683;6.01229525,44,solid_clouds/keyframe_157.pcd
12640,3.36932465,8.33796811,0,-148.022827,2.02136755;10.021368;28.3333321;40.8717957;37.4316254;46.594017;44.1837616;40.4358978;41.1794891;42.2521362;32.7350426;18.6495724;20.521368;25.6581192;30.7478619;40.7179451;14.6752129;9.09401798;8.6709404;7.14957285;6.31196594;4.43162394;4.89316273;2.07692313;2.76923084;2.07692313;1.76495731;2.50854707;1.81623936;1.08974361;1.81623936;1.45299149;0.726495743;0.363247871;3.28205132;1.6452992;1.06410265;0.350427359;0;0,6.53846121;11.5854702;15.9017105;22.6153831;38.5;43.102562;37.893158;18.9957275;9.81196594;7.05128241;12.3931627;11.6965809;11.6752129;12.3846149;7.11111116;0;0;0;0;0;0;0;0;0;0;0;0;0;0;0;0;0;0;0;0;0;0;0;0;0;0;0;0;0;0;12.0384617;14.5;22.9316235;27.5641022;36.5641022;41.4188004;37.7991486;30.9102535;27.6495724;23.5512829;22.3632488;11.2136755;2.47008562;2.07692313;2.07692313,44,solid_clouds/keyframe_158.pcd
12720,3.32685594,8.33889111,0,-147.860627,2.13765192;11.4008102;28.3643723;42.2510109;40.8016205;45.3684196;41.0647774;41.1983795;39.7975693;43.8947372;29.7894745;17.3198395;18.7692299;22.4858303;21.6842098;34.951416;8.73279381;5;3.65991879;3.64777327;3.61538458;3.74493933;3.25506067;1.11740887;1.11740887;1.39676118;1.12145746;1.68825912;1.13360322;0.283400804;1.13360322;1.41700399;0;0.283400804;2.6963563;1.51821852;0.740890682;0;0;0,1.02429152;8.80161953;6.75708485;8.84210587;20.1052628;34.097168;35.890686;17.4858303;10.0445347;7.70445347;9.90283394;10.3481779;10.639677;11.7489882;6.05667973;0;0;0;0;0;0;0;0;0;0;0;0;0;0;0;0;0;0;0;0;0;0;0;0;0;0;0;0;0;0;9.91902924;17.9595127;19.7651825;26.4008083;33.396759;38.6842117;33.072876;34.1619453;30.2591095;25.2469635;21.4615383;18.6477737;7.12145758;9.96356201;3.07287455,44,solid_clouds/keyframe_159.pcd
12800,3.33250495,8.33695466,0,-147.674017,1.08333337;10.0750008;31.145834;38.1833344;40.0250015;47.0583344;38.7458344;40.3583336;45.0458298;45.8083344;32.1041641;18.479166;20.8916664;27.6458321;25.520834;42.1583328;11.1374998;6.69583321;6.1875;5.01666641;5.1541667;4.07083321;3.8458333;1.25;1.5625;1.5625;0.9375;1.67916667;1.36666667;1.70833337;1.02499998;0.683333337;0.683333337;0.683333337;3.04999995;1.83333325;0.975000024;0.166666672;0;0,2.0583334;2.89166689;8.71666718;12.0750008;25.8083324;41.3958359;40.4291687;16.8791676;9.59166718;10.1416674;9.9958334;11.354167;10.9416676;12.1083336;7.24166632;0;0;0;0;0;0;0;0;0;0;0;0;0;0;0;0;0;0;0;0;0;0;0;0;0;0;0;0;0;0;11.4916668;16.3791656;17.5125008;30.7291679;36.5750008;42.0583344;37.5708313;35.5666656;35.9124985;24.2374992;21.2875004;17.6166668;10.1166668;6.92083359;0,44,solid_clouds/keyframe_160.pcd
12880,3.33115828,8.33851493,0,-147.694679,2.04166651;10.8916664;31.0375004;41.5583344;39.9708328;44.9333344;40;39.7416687;44.4791679;44.0333366;32.0833321;17.8666687;20.8791656;29.2458324;24.4333324;38.5124969;11.3374987;5.44583321;5.77499962;5.58749962;5.13333321;4.43333292;3.2750001;1.13333333;1.70000005;0.566666663;0.850000024;1.22500002;2.30416656;0.987500012;1.31666672;0.658333361;0;0.329166681;3.30416656;1.47500002;0.954166651;0.166666672;0;0,0;4.91666651;6.7458334;12.3500004;22.0333347;41.3958321;36.6750031;16.6916676;10.5166674;7.92916679;10.9000006;11.8791656;9.78333282;13.4125004;5.40416765;0;0;0;0;0;0;0;0;0;0;0;0;0;0;0;0;0;0;0;0;0;0;0;0;0;0;0;0;0;0;10.333334;17.1375008;22.2916679;31.3416672;35.5916672;42.1166611;38.7416687;35.375;32.4458313;28.3458328;19.5499992;18.4958324;9.25833321;8.00833321;0,44,solid_clouds/keyframe_161.pcd
12960,3.33781179,8.3387561,0,-147.574554,1.81200004;9.1079998;29.132;43.4920006;43.8279991;50.3480034;43.8359985;32.2560005;38.4639969;35.1999969;26.0359993;14.4000006;18.868;23.3920002;22.3480015;31.5439987;5.39599991;1.27199996;1.05999994;0.635999978;0.635999978;0.836000025;0.624000013;0.624000013;0.832000017;0.832000017;0.432000011;0.432000011;0.448000014;0.224000007;0.224000007;0.224000007;0.671999991;0;0.224000007;0.224000007;0.552000046;0.208000004;0;0,7.63199997;7.61999989;7.17600012;6.27199984;9.9800005;12.6079998;22.4519978;13.6400003;8.6239996;8.29599953;10.2719994;10.5799999;9.49600029;12.2800007;5.34399986;0;0;0;0;0;0;0;0;0;0;0;0;0;0;0;0;0;0;0;0;0;0;0;0;0;0;0;0;0;0;10.2200003;13.1119995;15.6599998;30.3799992;30.3999996;39.1159973;35.8079987;30.6840019;28.6960011;31.2360001;28.512001;14.9440002;6.81599998;5.13999987;7.68000031,44,solid_clouds/keyframe_162.pcd
13040,3.33633626,8.34242798,0,-147.865541,2.0969162;10.0440531;28.8325996;41.3832588;34.8766518;44.1497803;43.3348007;40.0220261;44.0308342;42.1145401;30.3392067;17.6607914;19.99119;25.9559479;24.9911919;42.7885513;13.0660791;6.22026443;5.71806145;4.34361267;5.40969133;5.08810568;3.58590317;1.47577095;0.885462582;1.47577095;0.933920741;1.32599127;1.71806169;0.687224686;1.71806169;1.03083706;0.343612343;0.687224686;2.8546257;2.31277537;1.0132159;0.189427316;0;0,1.03964758;1.25110137;5.91189432;9.78414154;22.4361229;43.621151;41.1806183;16.7533035;10.7004414;9.41409683;10.1189423;11.7224674;10.7180614;13.4537449;6.29955912;0;0;0;0;0;0;0;0;0;0;0;0;0;0;0;0;0;0;0;0;0;0;0;0;0;0;0;0;0;0;10.6607933;14.6123352;20.0969162;30.0881042;31.8854637;39.4581528;37.7092514;32.2511024;34.4361267;28.2687225;24.0176201;18.2246704;6.39207029;11.1497803;1.03964758,44,solid_clouds/keyframe_163.pcd
13120,3.34407957,8.32549107,0,-147.784384,2.0462184;10.9201679;29.9033604;42.0294113;36.5630226;45.920166;42.705883;39.2520981;46.8445358;42.3655472;32.3571434;18.0294113;19.6680679;24.9579811;27.457983;39.844532;12.046217;7.52941227;7.22268963;4.85294151;5.4537816;4.09243679;3.38655472;1.15966392;0.869747877;1.44957983;1.21428573;1.55882359;1.72268903;1.3781513;1.3781513;0.689075649;0.344537824;0.344537824;3.17647076;1.96218491;1.2268908;0.184873953;0;0,1.03781509;7.29831886;13.7478981;12.1722689;28.6554642;40.4999962;38.836132;18.7268906;9.94958019;8.97058773;10.9075632;10.9285717;10.0042019;12.4201679;6.98739576;0;0;0;0;0;0;0;0;0;0;0;0;0;0;0;0;0;0;0;0;0;0;0;0;0;0;0;0;0;0;10.453783;15.5756302;24.1554604;28.4411774;36.1848755;36.8235321;38.4369736;32.920166;34.5630264;25.6218491;19.7478981;16.1974792;7.89075613;5.95378113;0,44,solid_clouds/keyframe_164.pcd
13200,3.33490478,8.33843528,0,-147.741848,2.31687236;10.8683128;27.3950615;42.4979401;37.9794235;47.4074059;44.8971176;37.9465027;43.6255112;40.5925903;26.4403286;16.4362144;21.4074078;26.8600807;31.1111126;40.9547348;13.7736626;9.06172943;8.15226364;7.16460896;6.26748943;5.3004117;4.28806591;2.30452681;2.30452681;2.63374496;2.04938269;2.29629636;1.61316872;1.06172836;2.47736621;1.06172836;0.707818925;0.353909463;3.6625514;1.53909469;1.21810699;0.197530866;0;0,1.03292179;4.79423857;14.8765421;21.9423847;34.1975327;41.2222214;39.5061646;18.2427979;10.5514402;6.91357994;13.0164604;11.0658436;11.2592602;12.2880659;5.92181063;0;0;0;0;0;0;0;0;0;0;0;0;0;0;0;0;0;0;0;0;0;0;0;0;0;0;0;0;0;0;10.3868313;17.3456783;21.0864182;29.580246;35.909462;40.7325134;36.4032898;35.1851845;27.584362;24.6378593;17.4444447;19.3868313;6.88888884;8.82304478;0,44,solid_clouds/keyframe_165.pcd
13280,3.33198848,8.34366,0,-147.933432,2.10480356;11.0960703;25.7729244;37.7161598;36.7074242;44.9039268;42.218338;37.532753;35.1179047;36.7292557;27.4148483;14.0873375;18.0567684;19.3537121;19.6331863;32.3144112;7.03056765;2.49781656;2;1.68122268;1.88646293;2.14410496;1.03056765;0;0.139737993;0.41921398;0;0.628820956;0;0.244541481;0.244541481;0.244541481;0.733624458;0;2.24454141;1.89956331;0.873362482;0.170305684;0;0,2.06986904;7.7816596;8.26637554;8.60262012;10.3231449;15.8951988;17.0524006;8.59825325;4.26637602;11.1310043;13.8689957;9.37991333;10.0480347;10.5502186;6.62445402;0;0;0;0;0;0;0;0;0;0;0;0;0;0;0;0;0;0;0;0;0;0;0;0;0;0;0;0;0;0;12.7205238;13.2227077;22.1353722;27.2751102;30.1135387;39.2314377;34.2008743;30.4323158;33.0174675;29.0786018;18.8646297;17.1746731;9.18777275;4.72489071;1.03493452,44,solid_clouds/keyframe_166.pcd
13360,3.33525578,8.3441994,0,-147.929958,1.96311474;10.4221306;28.8852463;41.7991791;39.7008171;51.1311455;40.5778694;40.7581978;42.9877052;37.241806;32.3155746;15.7418032;18.1311493;21.5245895;21.7131138;34.0368881;9.0409832;4.71311474;3.82377052;3.85245895;2.69262266;2.65573764;2.47950816;1.37295079;1.64754093;1.09836066;1.10655737;1.11475408;0.848360658;0.282786876;0.848360658;0.565573752;0.848360658;0.282786876;2.84836054;1.62295079;1.15163934;0.155737698;0;0,2.08196712;6.43032789;0.262295067;6.75819683;21.3770485;29.4549179;35.9713135;18.0901642;8.95901489;8.71721268;11.9795074;9.91803265;9.5;10.5409832;6.30327845;0;0;0;0;0;0;0;0;0;0;0;0;0;0;0;0;0;0;0;0;0;0;0;0;0;0;0;0;0;0;11.3606548;17.8196716;24.0450821;30.4549179;33.0122948;35.6229515;34.7868881;32.4549179;29.6967201;27.1721306;22.6885242;15.3852463;8.48770523;12.1516399;2.5,44,solid_clouds/keyframe_167.pcd
13440,3.4249745,8.34139864,0,-151.487698,1.7391305;10.533597;32.5098801;38.529644;42.494072;50.2055359;50.27668;47.0909081;48.5652199;47.3754959;42.328064;41.0355721;36.8221359;49.9288521;72.66008;96.8181763;37.5533638;29.03162;28.387352;22.727272;23.7588921;19.494072;16.881424;11.671937;7.826087;9.96442699;10.743083;7.03557301;1.81818187;2.70355725;0.909090936;1.29249012;0.430830032;0.861660063;3.833992;3.52173901;2.229249;0;0;0,38.2371521;45.8695717;49.9762878;55.1699677;37.0355759;43.4347801;49.0474358;54.1581078;21.8853741;13.063242;12.47826;10.980237;14.237154;17.2134399;9.17786503;2.93280625;0;0;0;0;0;0;0;0;0;0;0;0;0;0;0;0;0;0;0;0;0;0;0;0;0;0;0;0;0;14.545455;20.0474319;21.77075;33.948616;35.0830078;43.1501999;38.7628479;45.2687759;39.1739197;32.9051399;33.604744;32.86166;27.162056;26.77075;31.6363621,44,solid_clouds/keyframe_168.pcd
13520,1.38040239,7.62440853,0,-103.359933,0.878048778;13.4146338;32.9073181;42.8487816;44.4878044;54.8000031;49.6585388;35.3024406;30.1463432;33.7170753;56.8195114;85.6975555;59.1902428;45.8292694;46.1609726;53.5365829;66.4341507;41.2097549;43.8975639;37.1609764;35.0975647;25.4634132;57.7073135;27.7463417;22.6292686;12.2341461;18.6243896;15.4000006;14.6292686;8.67804909;4.19024372;7.63902426;7.13658524;9.4536581;9.21951199;8.39024353;6.86341476;7.18048763;5.61463404;8.63414669,55.360981;84.2341461;96.9463501;70.5219498;71.9756088;11.8585367;12.770731;10.5853653;14.7658529;17.9365845;19.8926811;34.653656;38.7268295;33.9219513;16.2048798;8.97560883;0;0;0;0;0;0;0;0;0;0;0;0;0;0;0;0;0;0;0;0;0;0;0;0;0;0;0;0;0;28.102438;28.1560955;27.6975613;22.1170731;16.7560959;29.7365837;21.7658501;24.7609768;34.8975601;37.7951202;54.3414612;61.9658432;88.0292816;58.0341492;53.1414604,44,solid_clouds/keyframe_169.pcd
13600,-0.743433637,3.76056466,0,-100.724382,1.4375;11.0749998;32.9124985;35.4312515;27.25;37.6812477;27.9874992;39.6812477;33.84375;33.2437515;25.9999981;24.7999992;25.25;36.3062515;32.0062523;45.2937469;25.7749996;28.9812508;22.625;26.3312492;23.65625;15.9000006;11.75;14.2874994;9.125;2.2750001;2.84375;2.26249981;4.625;7.56875038;4.8687501;9.39999962;4.8812499;0.6875;0;0;0;0.6875;0;0,2.04999995;2.4124999;10.2249994;36.875;26.0437469;20.9437504;30.7624989;49.2562485;49.1187515;44.1937447;39.1249962;37.5687485;21.6687508;3.4312501;2.88749981;0;0;0;0;0;0;0;0;0;0;0;0;0;0;0;0;0;0;0;0;0;0;0;0;0;0;0;0;0;0;16.2687492;15.1125002;12.8875008;16.4500008;12.46875;12.5875006;12.9624996;23.3812466;23.3062515;22.0687504;33.2562485;30.8875008;47.9124985;29.4749966;3.14374995,44,solid_clouds/keyframe_170.pcd
13680,-0.685546809,3.51837064,0,-59.8286303,1.65625;18.4140625;35.5078125;39.1015625;37.4453125;41.984375;42.609375;42.6484375;26.71875;23.484375;26.859375;53.71875;48.3125;59.09375;61.5859375;55.5859375;42.6875;41.859375;43.375;74.578125;45.0234375;44.265625;36.6953125;33.1640625;12.9609375;8.7578125;4.78125;8.1875;11.8359375;9.9375;7.8046875;12.921875;28.78125;7.3125;2.6171875;0;0.6484375;1.3203125;2.234375;0.6328125,57.484375;116.789062;86.3203125;72.7421875;51.6484375;61.25;40.578125;12.75;15.203125;7.7265625;13.3515625;10.7578125;10.921875;10.046875;20.2734375;0;0;0;0;0;0;0;0;0;0;0;0;0;0;0;0;0;0;0;0;0;0;0;0;0;0;0;0;0;0;17.296875;25.703125;27.03125;28.046875;25;2.9765625;0;4.8984375;2.125;28.953125;121.921875;91.3671875;40.4375;48.546875;44.9609375,44,solid_clouds/keyframe_171.pcd
13760,-0.38190354,2.63115898,0,-63.1287061,2.17283964;18.1358032;29.8209877;36.419754;31.8148136;43.2716064;54.0802536;36.8827171;21.8209877;19.7592621;24.537035;35.1543236;36.8456764;49.8703728;38.709877;41.0432129;46.6172867;64.5246887;62.1543198;43.7592621;34.123455;36.5061722;19.5123444;16.3703709;11.2962971;13.5493832;14.6481476;10.1543217;9.38888931;13.2530861;46.9506149;2.61111116;5.80864239;0;0;0;2.1790123;0;0;0,25.8148155;59.913578;73.6604919;72.0123367;54.7654305;47.8456764;38.0925941;47.3827133;43.9691315;16.1049385;16.2962952;9.62962914;7.42592573;10.2160482;1.24691355;0;0;0;0;0;0;0;0;0;0;0;0;0;0;0;0;0;0;0;0;0;0;0;0;0;0;0;0;0;0;0;0;0;0;1.60493827;4.37654305;11.1975307;18.3888893;43.2283859;86.1296387;95.9567871;90.1604843;40.7407417;27.5617256;30.0246887,44,solid_clouds/keyframe_172.pcd
13840,-0.331181186,2.57342476,0,-63.7153982,2.23417711;20.2151909;32.0316467;36.6962013;36.5506325;52.3860779;59.7911453;33.9177208;22.6835442;24.3101254;28.4050636;37.6772156;41.4620285;56.898735;45.8734131;44.5;48.1898727;73.9430389;54.1455688;42.3164558;33.4303818;29.569622;26.101265;12.6772156;11.8987341;10.6582279;14.7088604;8.87341785;11.8544302;15.1518993;57.259491;3.65189886;0.5;0;0;1.15189874;1.5;0;0;0,28.088604;69;80.8860779;68.341774;56.8544312;46.2468376;36.6329117;44.7341805;43.9683571;18.4177208;13.2721519;9.31645584;8.87341785;11.7468357;1.39240503;0;0;0;0;0;0;0;0;0;0;0;0;0;0;0;0;0;0;0;0;0;0;0;0;0;0;0;0;0;0;0;0;0;1.06962025;4.19620275;7.60759497;17.5189877;20.1075935;53.7278442;89.8544464;106.962036;85.1519089;46.1139297;33.0759506;30.0569611,44,solid_clouds/keyframe_173.pcd
13920,-0.33553163,2.57147599,0,-63.6804316,2.2562499;19.0812492;31.9124985;38.4937515;36.8500023;50.6999969;63.5562515;29.5;17.2562504;21.4562492;26.1812496;39.28125;41.5187531;52.5625;46.8499985;46.2312469;46.2312508;68.8375092;54.3062477;42.3062515;34.9750023;28.3187504;21.59375;12.0687504;11.4125004;9.31875038;10.7124996;10.0187502;9.99374962;12.7937498;54.6375008;1.89999998;1.42499995;0;0;1.03125;1.48749995;0;0;0,25.0874977;62.0187492;76.9250031;65.3562469;52.9312515;47.6812515;46.5187454;46.9187469;41.0875015;20.25;10.8062496;9.21249962;8.71875;12.9750004;1.10625005;0;0;0;0;0;0;0;0;0;0;0;0;0;0;0;0;0;0;0;0;0;0;0;0;0;0;0;0;0;0;0;0;0;1.05624998;4.17500019;7.51249981;16.7062511;20.625;48.7249985;83.03125;95.84375;86.2999878;43.7437515;34.0437508;27.6999989,44,solid_clouds/keyframe_174.pcd
14000,-0.2944808,2.53072098,0,-47.1116588,2.14835167;18.7307682;35.4120865;39.8516502;43.5714302;53.5109863;63.0494499;26.5054932;19.7637367;29.0934086;27.7417583;45.1043968;52.2362671;59.5934067;47.5988998;59.4780235;54.4780197;77.4340591;50.78022;39.9725266;30.2362671;19.5384617;10.0219784;7.01098919;8.07692337;6.36263752;8.95055008;7.65934086;8.30769253;12.390111;40.8846169;5.24175835;0.5;0;0;1.73076928;0.895604372;0;0;0,66.1373672;61.1648407;59.1483536;52.4560471;47.4450607;46.9230728;30.5989017;13.9835157;8.20879078;9.21428585;10.5164833;8.31868076;7.81868124;8.56043911;3.49450541;0;0;0;0;0;0;0;0;0;0;0;0;0;0;0;0;0;0;0;0;0;0;0;0;0;0;0;0;0;0;0;2.9725275;7.79670334;27.0659332;10.3241758;47.3736267;77.0329666;80.0274658;65.4285736;35.8076935;28;32.4615402;31.5219784;55.0934105;78.9670334,44,solid_clouds/keyframe_175.pcd
14080,-0.0971100186,0.0929070898,0,-85.3512783,2.32374096;12.4388485;39.014389;39.8992805;40.4316559;32.6834526;26.8489208;21.1726627;40.8992767;24.6762581;31.3237419;32.5755424;36.4244614;39.8776932;49.0791397;41.3525162;105.841728;47.7194214;30.1223011;18.9784164;14.7194252;11.4676266;15.7050362;15.8561163;14.3165474;106.741013;7.86330938;0;0;0;0;0;0;0;0;0;0;0;0;0,39.4100723;16.6690636;18.5395699;20.014389;14.8705034;17.1294975;29.9064751;37.2302132;38.338131;44.7481995;32.6834488;35.0071907;27.3669052;24.0503597;4.52517986;0;0;0;0;0;0;0;0;0;0;0;0;0;0;0;0;0;0;0;0;0;0;0;0;0;0;0;0;0;0;0.532374084;1.02158272;4.92805767;5.24460411;6.29496384;0.647482038;7.26618671;5.91366911;37.0071983;59.8057594;62.611515;65.4100723;64.8777008;104.784164;73.5179749,44,solid_clouds/keyframe_176.pcd
14160,0.0107075767,-0.144417236,0,-3.74638819,1.40397346;18.5099335;33.0993385;52.1788101;51.95364;49.7748337;42.0264893;54.90728;62.8476791;49.1192093;50.3841019;57.6026459;53.3178825;56.8807983;60.5496674;57.6225128;111.033119;59.4105949;31.8874168;28.9536438;25.1655617;16.1125832;29.6423836;37.9337769;37.8675461;23.4635754;13.2317877;10.0463581;7.45033073;5.78807926;5.25165558;9.11920547;6.49668837;5;8.19205284;7.03973532;3.63576174;1.25827813;1.70860922;1.1390729,36.9205322;135.35762;109.860931;59.6953659;47.5695343;34.2980118;34.1854324;11.2649002;17.4900665;14.609272;28;55.3642387;59.7483444;51.2516594;19.827816;0;0;0;0;0;0;0;0;0;0;0;0;0;0;0;0;0;0;0;0;0;0;0;0;0;0;0;0;0;0;54.5496674;44.6092682;23.9205303;16.9668865;22.8344364;17.8410568;9.50993443;30.827816;28.4304619;46.8874092;50.1721802;55.1920509;39.1324539;44.0993309;38.5893974,44,solid_clouds/keyframe_177.pcd
14240,0.0772473254,-0.0848686789,0,-7.76096793,1.30496454;14.8865242;31.5602837;39.6099281;44.319149;46.9574471;47.737587;41.4609985;48.5957451;45.0212746;45.9148979;54.3829803;61.4822693;69.4255295;70.8510666;79.1205673;125.617035;51.1276627;36.3829803;24.1914883;25.6737595;22.9078026;24.7021275;29.0212746;44.5390053;31.9787254;14.0496464;7.61702156;8.17730522;3.67375898;5.68794298;8.04964542;6.75886488;3.85106397;9.19149017;3.58865237;4.26950359;1.28368795;0.553191483;0,43.9503555;81.50354;127.943268;92.9077988;56.2482338;43.5106392;30.4751778;22.333334;10.4822693;18.361702;12.319149;33.0638313;59.375885;52.6099319;12.3829784;0;0;0;0;0;0;0;0;0;0;0;0;0;0;0;0;0;0;0;0;0;0;0;0;0;0;0;0;0;6.82978725;57.6879425;54.2765961;39.2340431;16.1134739;16.7375889;15.2127666;17.9716301;15.2695036;34.0212784;32.7092209;46.1985779;53.5815582;42.0496445;46.638298;43.524826,44,solid_clouds/keyframe_178.pcd
14320,0.00833469484,-0.134647445,0,-4.37750691,3.40740728;21.0617294;32.5432091;55.2592621;52.9444427;53.9938278;29.8703747;47.6111107;48.0185165;40.0617256;53.1419754;61.6913605;66.209877;68.6975327;60.0370407;68.7716064;94.5061722;43.7283974;27.1172829;21.7839508;30.919754;23.2716045;23.0987663;33.8518524;42.1666718;24.4259262;11.790123;8.8580246;10.4074078;7.71604919;3.03703713;5.54938316;6.32716084;5.06790113;6.05555582;5.56790113;2.85185194;6.06172848;2.15432096;2.84567904,39.6357994;126.592598;112.740746;73.1851807;42.0246925;30.129631;23.0925922;15.0925922;20.1358032;11.2469139;22.3024693;50.1913605;60.6172829;52.3703728;20.7592564;0;0;0;0;0;0;0;0;0;0;0;0;0;0;0;0;0;0;0;0;0;0;0;0;0;0;0;0;0;0;54.2654266;50.9444427;27.4444466;14.5740738;14.5802479;16.0123463;14.0432091;28.8518505;22.0123463;40.2592583;43.623455;52.0370407;44.0493851;44.3209877;45.3456764,44,solid_clouds/keyframe_179.pcd
14400,-0.769107679,-3.39045158,0,-91.0059929,1.15894043;13.5231791;44.0264893;43.8675499;34.2715225;40.8410606;19.1655617;14.4437094;19.9735107;31.4370842;37.8940392;32.4900665;32.8211899;34.8543053;38.1986771;40.0662193;37.6423874;37.2251625;77.105957;5.95364285;0;0;0;0;0;0;0;0;0;0;0;0;0;0;0;0;0;0;0;0,44.8609276;34.562912;23.0529804;13;9.00662231;12.4768209;7.1324501;5.39072847;5.03973484;6.8675499;3.90728474;6.60264921;2.13245034;2.46357632;0.218543053;0;0;0;0;0;0;0;0;0;0;0;0;0;0;0;0;0;0;0;0;0;0;0;0;0;0;0;0;0;0;13.4834442;22.152317;12.0264902;20.7615891;24.4900703;29.1125889;34.2450333;41.5165558;40.7615929;33.5231819;38.0794716;38.3245049;38.112587;39.5099335;34.1456985,44,solid_clouds/keyframe_180.pcd
14480,-0.658440487,-8.57842598,0,-155.088784,2.11445785;14.855422;30.903614;53.903614;32.740963;39.3072281;31.3253021;27.9819279;36.0421715;31.1084385;41.1385536;44.2590332;63.5662613;30.8313255;11.8674698;9.68072319;4.92168713;6.63252974;6.42168713;7.86746979;3.27108431;5.56626511;2.33734941;4.8614459;2.93975902;2.32530117;0;0;0;0;0;0;0;0;0;0;0;0;0;0,10.6686745;19.0783138;17.0421677;17.6144581;11.3915663;12.0301199;13.5240955;10.0421686;11.4096394;9.37349319;11.2771082;10.7710848;11.5060234;11.0361443;3.61445808;0.65060246;0;0;0;0;0;0;0;0;0;0;0;0;0;0;0;0;0;0;0;0;0;0;0;0;0;0;0;0;0;31.5421677;33.1807251;27.8072281;27.5060253;28.0783157;27.9216881;26.8132534;31.3915634;25.6867466;18.8253021;16.9397583;17.4156647;22.903616;15.5602417;16.1686745,44,solid_clouds/keyframe_181.pcd
14560,-0.836466176,-8.54877462,0,138.791742,1.31612909;16.0580654;34.6709671;49.9741936;38.522583;49.9870987;46.9677429;39.6258049;46.9870949;68.1290359;86.0709686;92.3225861;173.483887;71.2387085;52.819355;41.1161308;37.9548378;47.0322609;39.0709648;45.4064522;44.1870956;25.7096767;29.3032265;21.0451603;23.0451622;46.0774193;26.6645164;6.45161295;9.38064575;9.89677429;9.1354847;10.5161295;4.87096786;1.62580645;7.31612921;4.06451607;0;3.94838715;3.60645151;8.76129055,45.9032211;36.5548363;39.4516144;33.5290298;35.8903236;30.8129044;28.3741932;31.3999996;26.8903236;26.9806461;25.2838726;16.3741951;24.2387085;32.6387062;10.1225805;0;0;0;0;0;0;0;0;0;0;0;0;0;0;0;0;0;0;0;0;0;0;0;0;0;0;0;0;0;0;5.2838707;13.903224;21.5548401;82.8064423;72.5612869;72.1225967;69.3870926;58.4387093;108.477417;95.6709671;90.1161194;83.0064545;63.3483849;54.8451538;38.3935471,44,solid_clouds/keyframe_182.pcd
14640,-0.823998409,-8.55837907,0,138.764219,1.29729724;17.533783;38.1891899;48.1824303;36.2432404;47.0608101;46.6081085;37.7229729;43.7500038;63.3243141;83.736496;94.6418915;170.358109;71.3378296;51.8783798;47.0135117;36.3378372;50.7432442;43.8648643;49.1351318;34.1148643;29.4256744;36.9324341;21.9189205;22.2027016;42.8918915;35.7297325;5.51351357;8.74324322;14.3513508;6.77026987;11.844595;3.43243241;1.71621621;6.00675678;4.2905407;0.858108103;4.99324322;4.40540552;11.9594593,49.3513489;32.621624;39.756752;33.9459419;35.2229767;30.8310814;28.7905407;32.6959457;29.7026997;27.5067558;24.3851337;19.0202713;22.7702694;30.0472965;8.56756783;0;0;0;0;0;0;0;0;0;0;0;0;0;0;0;0;0;0;0;0;0;0;0;0;0;0;0;0;0;0;5.10810852;15.4256754;21.905405;85.0810852;71.4797287;78.2837753;76.8310852;59.2972984;107.837837;93.0202637;92.3783646;81.3040466;61.4527016;53.9324341;38.5067596,44,solid_clouds/keyframe_183.pcd
14720,-0.834904197,-8.55936062,0,138.735578,1.36986303;14.452055;35.2739716;47.9109612;33.9794502;50.8493118;47.4246597;42.2054787;44.6301384;68.4178085;99.9726028;102.910957;189.308228;77.7808228;53.4863014;41.5753403;34.7534218;45.5616417;39.40411;40.9315071;36.4657516;26.7945213;33.8356171;21.6917801;23.1369877;42.0410957;29.3287659;8.19863033;8.95890427;13.0205479;7.40410995;11.7054787;4.36301374;2.58904099;6.90410948;4.31506872;0.863013685;4.20547962;2.91095877;10.6164379,49.643837;34.0616417;44.1643829;37.267128;33.9657555;33.2123299;32.8835602;32.2191772;29.2328739;30.2945213;24.3219166;17.8424644;24.1438332;26.931509;11.6575336;0;0;0;0;0;0;0;0;0;0;0;0;0;0;0;0;0;0;0;0;0;0;0;0;0;0;0;0;0;0;5.04794502;16.9726028;23.4863033;82.98629;69.9041138;69.9246597;73.6232834;53.4452095;109.678085;98.362999;95.0821762;90.2260208;65.2465744;57.5616455;38.1575317,44,solid_clouds/keyframe_184.pcd
14800,-0.837100859,-8.55881486,0,138.658266,1.34228194;16.993288;35.4026833;49.3691254;35.0872498;52.8724823;48.2349014;43.9731598;46.3020134;66.187912;95.516777;107.402687;187.362411;73.5503387;60.3624191;41.3557053;36.3825531;44.2214737;39.8456383;44.2617455;31.7114086;26.7315445;32.7315445;20.1208038;27.9664421;44.9127541;29.2751694;6.24832201;10.6577187;13.3691273;10.4362411;7.46979856;7.84563732;3.42953014;4.22818804;5.91946316;2.53691268;3.73154354;3.89261746;7.93288612,48.5704727;34.8255005;42.6644287;31.8859062;35.973156;32.7449646;31.6174469;32.7650986;32.1946297;27.7919445;26.0335579;17.2080517;25.0402679;26.1342258;11.7785234;0;0;0;0;0;0;0;0;0;0;0;0;0;0;0;0;0;0;0;0;0;0;0;0;0;0;0;0;0;0;5.67114115;16.1812077;20.2483215;88.8523483;72.7449646;69.3758392;71.3959732;63.2751617;105.54361;101.38253;103.979858;91.1006699;65.5637512;57.2483292;37.3825493,44,solid_clouds/keyframe_185.pcd
14880,-0.831229676,-8.55897972,0,138.698157,1.27027023;14.6216221;34.6486473;47.5472984;35.6621628;51.6756744;44.2905426;37.0608101;47.2635155;58.4999924;92.1824188;103.060822;181.520248;69.702713;55.6081009;38.5202713;34.5270271;49.2432404;40.0067596;46.1418915;33.7770233;28.0675678;32.2635117;20.4594593;24.6959457;46.8310852;30.3986473;6.3378377;11.2229729;13.8040533;9.63513565;7.41216278;6.06756783;4.31081104;3.40540552;5.9594593;2.55405402;3.08108091;3.05405378;7.93243265,49.7702713;33.9459457;36.8108063;32.1824379;32.6621628;30.5202713;30.6081085;30.0405388;29.3648682;30.621624;25.7432423;14.2162161;23.6418915;26.5743217;12.405405;0;0;0;0;0;0;0;0;0;0;0;0;0;0;0;0;0;0;0;0;0;0;0;0;0;0;0;0;0;0;4.42567539;16.8310795;20.716217;87.2499924;71.3040466;69.6959457;69.25;61.9594612;102.594589;98.7905426;97.6418915;85.4459457;64.4729691;54.4527016;40.3851357,44,solid_clouds/keyframe_186.pcd
14960,-1.23385434,-10.8980596,0,-100.210405,3.4069767;19.569767;34.6511612;36.8139534;10.9534883;8.16279125;5.37209368;2.48837233;6.0581398;6.75581455;2.44186068;1.10465121;0;0;0;0;0;0;0;0;0;0;0;0;0;0;0;0;0;0;0;0;0;0;0;0;0;0;0;0,2.61627913;5.86046505;0;3.5930233;2.04651165;8.23255825;2.52325583;3;2.17441869;1.97674417;4.5930233;1.73255813;3.16279078;0;0;0;0;0;0;0;0;0;0;0;0;0;0;0;0;0;0;0;0;0;0;0;0;0;0;0;0;0;0;0;0;11.2209301;14.4883728;9.16279221;8.4534893;6.29069805;9.79069805;5.09302378;6.8023262;1.62790728;6.12790728;0.0697674453;7.86046553;2.11627913;5.76744175;1.39534879,44,solid_clouds/keyframe_187.pcd
15040,-1.39772661,-11.8176156,0,105.048926,1.84729064;12.9310341;31.9704437;38.9359627;29.2413788;41.5665016;29.931036;36.4926147;31.2167511;31.8768463;36.6059074;45.1231499;45.7783203;48.0492592;59.1674881;64.0640411;26.0886707;36.7487679;40.8571434;42.2167473;30.527092;28.6403942;28.1182251;32.1330032;27.0640411;27.5024624;30.8423653;25.0886707;25.763546;27.5221672;31.1280785;56.3497543;21.1083755;13.1379318;18.6847286;14.4827595;14.3940887;9.97044373;7.04433489;2.56157637,89.6009903;58.8669968;42.3103447;33.610836;30.9950752;30.5566521;34.1330109;31.3891582;25.458128;31.2512321;23.2266006;24.8325119;11.2266006;8.66009808;0.586206913;0;0;0;0;0;0;0;0;0;0;0;0;0;0;0;0;0;0;0;0;0;0;0;0;0;0;0;0;0;0;1.38423645;5.33497524;3.29556656;5.34975338;8.6305418;3.72413826;6.96551704;17.1182251;33.1970444;76.3300476;105.541878;110.719193;90.2167587;139.344833;118.916252,44,solid_clouds/keyframe_188.pcd
15120,-1.40613043,-11.8195585,0,105.11263,1.99470901;11.4761906;30.640213;41.8941765;32.6031723;39.291008;34.2328033;45.1216927;41.4550285;36.0899467;41.661377;52.2380943;51.4550247;52.9153442;64;69.0793686;39.6984138;33.661377;42.7883606;50.0899506;37.0476189;26.3121681;25.5291004;27.5238094;28.9576721;28.7883587;36.7724838;24.010582;27.0423279;23.8465614;33.4338608;50.9206314;24.2328033;19.1216927;12.2486773;13.4867725;14.333334;10.7248678;7.66666651;2.55555558,97.7354507;64.6772461;46.8783035;41.0529022;39.5343819;31.1164017;40.7301521;35.703701;37.8201065;37.4814835;23.8095245;26.5714302;10.0476189;10.7619057;0;0;0;0;0;0;0;0;0;0;0;0;0;0;0;0;0;0;0;0;0;0;0;0;0;0;0;0;0;0;0;1.28042328;6.03174591;3.96825409;5.2328043;7.71957684;4.98412704;7.67195797;17.7037048;32.7671967;76.232811;105.682533;107.391533;97.9259186;144.380966;124.047615,44,solid_clouds/keyframe_189.pcd
15200,-1.40637362,-11.8198388,0,105.059631,1.97435904;9.12820435;35.0358963;41.005127;34.5897446;36.517952;34.0358963;40.9846191;34.6000023;38.2974358;42.1794853;48.4871788;48.5435944;50.0256386;63.1076965;66.1333389;36.753849;37.7025681;35.1282082;52.2410278;30.6820507;24.6358986;25.3076935;26.0769234;27.0153847;29.569231;37.0769234;24.9282055;24.7333336;29.7282047;30.4051285;51.4000015;22.092308;19.4615402;14.6769238;13.7794876;14.9692316;11.6564102;7.84615374;4.35897446,91.5692291;62.6256409;46.7230759;39.030777;37.2153893;32.4974403;36.0102577;34.4205093;27.7333336;34.9846191;24.0461521;27.1589775;11.3230782;11.0256414;0.338461548;0;0;0;0;0;0;0;0;0;0;0;0;0;0;0;0;0;0;0;0;0;0;0;0;0;0;0;0;0;0;1.28205132;6.73846149;3.92307687;5.65641022;8.22051334;4.90256453;8.21538448;17.6923084;36.4153862;75.2256317;103.676926;101.358971;93.3179474;151.89743;121.646149,44,solid_clouds/keyframe_190.pcd
15280,-1.40125018,-11.8205759,0,105.109361,1.94845355;10.762886;31.3762894;38.4793777;34.7216492;36.7835045;35.8402023;40.2216492;39.484539;38.9072151;38.6649475;49.0206184;51.1288643;51.567009;67.1443176;73.0103149;36.5876312;38.6546364;34.6082458;49.2061844;41.5618591;25.5154629;28.592783;24.8350525;27.1752586;35.3402061;44.0927811;20.3659782;30.2474232;23.3350525;31.2216492;52.7886581;23.6907215;19.4536095;11.474227;14.9175253;13.6082468;12.7422686;6.88659811;5.16494846,98.0824814;65.7216492;45.1391792;37.9639168;36.5515404;31.9536057;37.2371101;34.3195877;32.9690704;33.3041191;27.2164936;26.2938118;11.7216492;10.2268028;0.350515455;0;0;0;0;0;0;0;0;0;0;0;0;0;0;0;0;0;0;0;0;0;0;0;0;0;0;0;0;0;0;1.28350508;5.86082458;3.53608251;5.89690685;7.46391773;5.78350544;6.23195839;19.3505154;33.0309258;79.4226837;105.463921;115.211334;98.7835083;149.262863;125.494843,44,solid_clouds/keyframe_191.pcd
15360,-1.40505767,-11.820764,0,105.050481,1.85572135;11.2288561;30.4975128;37.2189064;34.1691551;39.8009949;32.9004974;39.6666641;36.7661667;36.6815948;40.034832;45.2985077;52.4527359;48.9403;65.223877;69.8656693;37.5422897;37.8208961;36.3283577;48.3184052;37.6417923;21.1044769;25.1393032;27.1492538;24.681591;29.8507462;37.7064667;22.2189045;28.7462692;25.726368;26.8258705;53.9701538;21.4676628;17.3681602;13.243782;13.1542292;11.3681583;10.5074625;7.66169167;4.5970149,91.5572205;62.437809;44.0845795;36.4577103;33.348259;31.8009968;34.2686577;33.9004974;33.7064667;33.5373154;23.7661705;25.8258705;13.2189064;10.0646772;0.666666687;0;0;0;0;0;0;0;0;0;0;0;0;0;0;0;0;0;0;0;0;0;0;0;0;0;0;0;0;0;0;1.28855717;5.70646763;3.42288566;5.6169157;7.80597019;5.53731298;6.91542244;17.8358212;32.2338333;76.6965179;107.786072;114.945274;90.4328384;140.388062;117.487556,44,solid_clouds/keyframe_192.pcd
15440,-1.39225141,-11.8342589,0,109.157495,1.87922704;11.246376;30.4444447;38.7198067;38.7922668;40.1835747;30.0096626;34.6714973;28.9130421;29.9371986;30.956522;42.5217361;37.7632828;44.8164253;53.5410652;59.2560349;24.391304;30.7874413;37.8792229;44.5845413;31.4879227;26.4782619;28.2077293;30.7922707;31.8937206;30.3719807;30.4830933;18.5410614;24.4734306;21.8019333;31.9468613;43.9661827;20.1497574;15.0676327;15.188406;8.86473465;11.405798;10.31884;5.40096617;2.97584534,60.8840523;35.0386467;27.8647346;31.5169067;29.1062775;29.5120735;21.7004852;34.173912;28.826088;28.0048294;23.028986;12.2173901;10.84058;5.25603867;0;0;0;0;0;0;0;0;0;0;0;0;0;0;0;0;0;0;0;0;0;0;0;0;0;0;0;0;0;0;0;2.41062808;4.826087;3.7971015;4.2028985;8.48792267;9.03864861;13.9468594;32.6328506;73.584549;94.8260727;95.995163;74.6956558;127.429939;110.270523;96.9951706,44,solid_clouds/keyframe_193.pcd
15520,-4.80169319,-10.6191831,0,116.62645,1.51612902;13.425806;28.787096;58.935482;42.0193558;32.3354836;20.7870979;16.116127;21.445158;22.8774166;23.0451622;27.4774189;34.0838699;39.3419342;39.6322594;36.6258049;49.5032272;38.9290314;40.5870972;26.8516121;19.0709686;19.1354847;23.8322582;26.0387115;26.6967754;24.2838707;26.6000023;18.8903217;27.8129025;20.3225803;15.9806442;21.1096764;15.4129028;11.0064516;24.180645;13.3548393;6.41290283;3.11612892;2.57419348;5.64516115,15.4774189;22.6258049;17.3870964;15.5806456;10.7096767;12.3161278;6.34838676;7.32258034;8.09032249;7.49032259;1.4064517;6.45161295;4.94838715;4.21290302;0;0;0;0;0;0;0;0;0;0;0;0;0;0;0;0;0;0;0;0;0;0;0;0;0;0;0;0;0;0;0;12.9935474;22.9419346;27.7612915;35.72258;63.4128952;73.9225845;87.9548492;57.9870949;85.6322556;102.232262;95.2129059;91.1032181;32;19.5096779;17.0451603,44,solid_clouds/keyframe_194.pcd
15600,-4.84232221,-10.402611,0,37.9461253,1.18072283;14.0783138;35.4457817;66.0903625;41.0421715;52.903614;34.0722885;33.5361481;49.5180779;84.8072128;64.0903625;41.0481949;40.3494034;44.5843391;42.6024055;46.4096413;41.6325302;47.5481911;31.5361443;26.6686745;29.1626492;21.8192768;21.0903606;26.8674698;28.1385555;23.2048187;17.6325302;19.7710838;19.2289143;11.2289162;10.7771091;19.5602417;7.18674755;21.5542164;20.5240974;2.51204824;4.18674707;1.22289157;0.385542154;1.54216862,34.8373489;64.0542221;88.8373489;97.8433685;80.8072205;68.8012085;89.4337387;74.5843506;76.3493958;46.9518089;23.4578323;16.1506023;18.8012066;16;8.78915787;0;0;0;0;0;0;0;0;0;0;0;0;0;0;0;0;0;0;0;0;0;0;0;0;0;0;0;0;0;0;7.62650585;16.3795185;17.2831326;26.1204796;22.8373489;26.1265068;22.4337349;24.4216881;22.1987953;23.1024094;25.873497;24.4096394;24.3554211;29.7409649;28.1325321,44,solid_clouds/keyframe_195.pcd
15680,-4.83469464,-10.4065034,0,37.9700147,1.25;13.9375;39.375;63.3499985;38.3624992;51.8250008;34.2374992;35.53125;46.0500031;83.6374969;67.8937531;45.46875;42.6375008;42.5062523;45.9874954;55.3812485;46.8874969;50.8187523;37.84375;26.0812492;34.5562515;26.7625008;21.3125;28.3187504;27.5812492;24.7749996;15.40625;19.9750004;13.8562508;10.1937504;6.19999981;20.1312504;11.0750008;22.0187492;20.2687492;3.5;2.625;1.82500005;0.456250012;2.28125,38.3125038;63.4062462;99.5374985;99.0750122;80.1625061;76.1374969;84.9749908;79.9937515;81.9625015;51.2187462;23.5750008;16.9437485;19.8624992;15.0062513;10.1125002;0;0;0;0;0;0;0;0;0;0;0;0;0;0;0;0;0;0;0;0;0;0;0;0;0;0;0;0;0;0;7.7125001;16.1124992;16.96875;26.4125004;27.0312519;27.9562511;18.9000015;21.4562492;23.7250023;20.65625;24.21875;23.0812492;25.3624973;29.9125004;32.3937492,44,solid_clouds/keyframe_196.pcd
15760,-4.83328314,-10.4045655,0,37.9145224,1.20512819;13.9679489;35.3974342;62.9935913;42.2628212;55.4230804;34.3012848;33.7307701;47.4423065;87.0384598;69.5641098;46.5512848;44.1730766;41.9102592;45.5512848;55.1794891;48.0512848;49;32.6858978;28.9294891;38.9679489;25.8461552;25.7948723;30.0192299;28.6410255;24.7115402;17.5576935;20.6602554;11.3589745;15.2692299;11.4230766;19.6089745;8.85256386;23.9743576;21.9551277;4.29487181;1.71794868;1.79487181;1.40384614;1.87179482,39.2628212;69.9935989;93.8589783;103.198723;87.2692413;81.9615479;89.6282043;81.0897446;81.6410294;51.4807663;21.8717957;17.9102554;21.4679489;14.1153831;10.0320501;0;0;0;0;0;0;0;0;0;0;0;0;0;0;0;0;0;0;0;0;0;0;0;0;0;0;0;0;0;0;6.87820482;18.0192299;14.9551277;29.7243614;23.5256424;26.3525639;21.134613;19.6282043;23.5961533;22.9294853;22.8974361;24.5128212;26.8076897;32.7756424;32.5641022,44,solid_clouds/keyframe_197.pcd
15840,-4.84029858,-10.4046561,0,37.9517765,1.18518519;13.8148155;37.9629631;63.7654305;39.209877;53.8518524;33.6049385;33.0864182;45.5864258;86.0987625;65.6666641;44.6728401;41.5123444;47.5432129;42.8642006;48.7469139;44.0617294;50.6481476;32.8148117;27.290123;34.7160492;27.0555553;23.876543;28.623455;28.1604939;24.7283936;17.5185184;19.2839508;17.919754;12.0185184;10.666667;22.2469139;8.5;20.7037029;21.9444466;2.48148155;3.30864191;1.71604943;1.71604943;0.888888896,36.6604958;68.3024673;89.3333435;103.172844;86.3271637;79.2777786;87.2839508;76.5679016;83.1604919;48.5555534;21.9012337;17.919754;21.0308647;14.4444447;9.68518543;0;0;0;0;0;0;0;0;0;0;0;0;0;0;0;0;0;0;0;0;0;0;0;0;0;0;0;0;0;0;6.65432072;15.4691353;17.4629631;26.0864201;23.0617256;29.0308647;18.4444427;23.5;18.7345657;23.7345676;24.0123444;23.1728401;25.6419735;32.6543198;30.7777748,44,solid_clouds/keyframe_198.pcd
15920,-4.83661568,-10.4074045,0,37.9436556,1.26829267;12.8780479;37.1463394;64.2012177;40.158535;52.4390221;32.8963432;33.5365829;45.3292618;84.1219482;69.06707;43.4390221;40.6524391;43.1585388;43.5731697;45.2378044;48.2256088;43.18293;31.6219501;30.3536568;33.1646347;23.2317085;23.5792694;24.0365868;29.6341457;21.9878044;17.2743912;18.1829262;19.3902435;12.4268293;10.5243902;20.7256088;9.5;21.7865849;22.5060978;1.68292677;2.52439022;2.53658533;0.426829278;1.70731711,35.0670738;63.7682953;90.3902435;102.987808;84.6707458;73.5060959;91.0853577;71.8963394;80.56707;44.237812;20.7926826;18.3353672;20.3414631;14.8109751;9.95731735;0;0;0;0;0;0;0;0;0;0;0;0;0;0;0;0;0;0;0;0;0;0;0;0;0;0;0;0;0;0;6.54268265;17.3902435;16.0182934;27.9451218;21.3841457;25.5975609;19.5426826;24.1280479;19.8353653;22.9756088;24.6951218;23.9024391;25.4268265;30.4390221;31.0792694,44,solid_clouds/keyframe_199.pcd
16000,-4.8311239,-10.4054694,0,37.9536039,1.14970064;14.7425156;36.6227531;66.7185669;40.5808372;51.5089798;33.473053;31.2754498;47.2574921;82.7005997;64.8263397;43.1197662;39.2574844;40.5329361;45.2155685;46.3113785;43.335331;41.9401207;32.8922119;29.664669;30.4610748;23.6526947;23.4790421;26.3173656;29.1556892;20.0898209;16.1077843;17.0299397;16.473053;12.2095814;10.904192;20.2155685;8.64071846;21.4431133;20.473053;3.18562865;1.59281433;2.41916156;1.23952091;1.23952091,35.6047859;64.4071884;89.9281387;94.2874146;84.3293381;73.3173676;87.6886139;72.6886215;75.5808334;45.6107712;20.7844296;17.904192;18.6586819;14.6646709;9.4191618;0;0;0;0;0;0;0;0;0;0;0;0;0;0;0;0;0;0;0;0;0;0;0;0;0;0;0;0;0;0;6.35928154;15.2754498;15.8323345;27.4550896;21.4011974;29.2994003;20.2155685;22.9341316;19.3053894;24.2514973;22.4251499;23.526947;24.7245522;31.5808392;29.9940109,44,solid_clouds/keyframe_200.pcd
16080,-5.68106874,-9.35254608,0,128.250133,2.98901105;13.67033;48.6923103;32.8241768;21.9120865;23.0329666;11.0659351;17.0439568;13.6923075;8.4285717;9.75824165;12.9120874;15.2087917;25.4945068;24.0659351;26.2307701;38.7032967;34.89011;34.2527466;31.2527466;29.5054951;27.1868134;27.2747269;20.1868134;22.0989017;18.0329666;14.8791208;10.5604401;18.5494499;15.4505491;13.8681316;4.26373625;16.2417583;20.5714264;12.8791208;11.0329676;11.9010983;10.6923084;4.4505496;2.67032957,7.40659332;6.20879126;7.59340668;2.50549459;4.54945087;6.29670334;1.40659344;6.75824213;0;3.82417583;2.82417583;1.40659344;4.62637377;0.571428597;0.956043959;0;0;0;0;0;0;0;0;0;0;0;0;0;0;0;0;0;0;0;0;0;0;0;0;0;0;0;0;0;0;51.5604439;79.2307816;81.6923141;64.1318741;75.5714417;83.6263733;72.5164871;91.1099091;28.560442;21.4175835;15.0329666;12.4835167;11.89011;8.60439587;4.05494499,44,solid_clouds/keyframe_201.pcd
16160,-6.22659452,-8.36160409,0,3.59235901,3.2391305;15.836956;26.532608;45.8967361;45.3152161;69.8152161;41.201088;31.4076099;36.89674;34.8532639;46.576088;49.7499962;66.6902161;91.1630402;52.7282524;45.423912;30.402174;26.065218;24.722826;23.6141319;23.1358681;15.527174;16.130434;9.51086903;8.59239101;3.45652151;6.94565201;5.44021702;9;6.91847801;1.80978262;4.222826;5.52173901;13.456522;9.95652199;8.92934799;1.80978262;2.4130435;1.31521738;0,25.1304359;32.7608681;31.125;31.7336922;43;51.5108681;74.0271835;66.673912;37.6902199;52.7010918;61.1250076;52.0652199;34.02174;10.081522;0.744565248;0;0;0;0;0;0;0;0;0;0;0;0;0;0;0;0;0;0;0;0;0;0;0;0;0;0;0;0;0;0;8.16847801;7.62500095;10.826086;10.967391;21.0054359;20.836956;25.3315201;33.951088;40;32.2880402;36.1847839;34.9184761;25.179348;29.923914;20.625,44,solid_clouds/keyframe_202.pcd
16240,-6.21329875,-8.39450969,0,3.92683315,1.10869563;12.038044;30.625;49.173912;40.2934799;74.9945679;44.2391357;41.1793518;41.85326;46.4402199;50.3097839;57.4945641;70.5978165;105.135872;54.8804321;49.0380402;32.4402161;23.9456539;28.1413059;21.858696;17.163044;16.913044;9.01630402;18.1304359;5.923913;6.51630402;3.55434799;6.09239101;6.02173948;5.402174;2.9619565;3.55434775;8.29347801;11.711957;8.56521702;9.03804302;1.18478262;0.380434781;2.44565225;0,25.429348;36.1141281;38.570652;39.961956;49.3695602;52.1739197;76.4565201;71.391304;40.4945641;55.7010956;62.092392;57.2771759;34.2119598;9.51086903;1.60326099;0;0;0;0;0;0;0;0;0;0;0;0;0;0;0;0;0;0;0;0;0;0;0;0;0;0;0;0;0;0;8.49456501;9.56521797;13.73913;13.527174;21.141304;20.2391319;29.60326;30.77174;40.2880478;31.1630459;36.2771759;33.282608;27.5271759;28.891304;23.788044,44,solid_clouds/keyframe_203.pcd
16320,-5.89110859,-7.54736097,0,59.8176964,0.638297856;10.2978725;29;30.819149;18.7446804;25.2872334;14.9255314;12.5531921;10.3563824;14.5744667;20.2925529;27.4042549;57.5;85.0478745;51.5904274;36.877655;33.2978706;33.5159569;34.9521294;40.0851059;31.4840431;26.4734058;19.5531902;18.5159569;12.7978725;19.0425529;15.4574471;13.6223402;14.1914902;8.99468136;17.3351059;27.611702;22.4255314;26.611702;20.4468079;15.5585108;10.3723402;10.3723402;8.29255295;9.21808529,49.0053177;114.489357;108.553192;88.5957413;41.2127686;3.55319118;2.56914902;4.14893627;3.90957451;1.14893615;5.58510637;0.212765962;3.73936176;2.01595736;0;0;0;0;0;0;0;0;0;0;0;0;0;0;0;0;0;0;0;0;0;0;0;0;0;0;0;0;0;0;0;19.7553215;20.1223412;18.1861706;21.5106392;21.5106373;24.2287235;17.4840412;23.6436176;24.6542568;29.1010647;43.8138313;56.872345;80.4733963;71.6489334;34.3936195,44,solid_clouds/keyframe_204.pcd
16400,-4.3644766,-4.8780861,0,-23.1604502,3.34502935;16.2690048;31.9298248;44.2456131;41.9473686;62.7953224;37.8538017;36.2339211;40.3216324;47.3274918;83.9824753;62.3391838;60.6432762;54.5380135;56.6900597;31.6023407;21.4853802;8.23976612;1.24561405;0.830409348;2.90643263;0.830409348;1.6608187;1.6608187;3.32163739;4.5087719;12.3567247;8.02923965;5.34502935;7.1169591;6.53801203;0.707602382;0;0;0;0;0;0;0;0,23.1578941;21.2865486;16.8654976;19.4385967;18.4152031;25.9181309;22.4619884;31.3976631;35.5263138;49.9005814;44.9941483;15.4268999;17.0467834;22.9590645;18.2865486;0;0;0;0;0;0;0;0;0;0;0;0;0;0;0;0;0;0;0;0;0;0;0;0;0;0;0;0;0;0;18.9005852;18.9590626;21.2923985;21.1403503;24.1403561;29.8187141;27.1345062;35.0116997;44.1169586;40.0935669;31.7076015;30.5380135;25.7602348;28.842104;18.3099422,44,solid_clouds/keyframe_205.pcd
16480,-4.35771579,-4.88268457,0,-23.0681633,2.27329206;16.3602486;34.9565201;41.3291931;41.7453423;63.1677017;42.8881989;40.894413;55.2919273;53.9875793;85.9751434;53.2360268;56.6956482;54.0993767;55.5652161;35.7391319;24.0310574;9.67701817;1.71428561;2.52173901;1.37888193;0.944099367;3.30434775;2.36024857;6.01863384;5.63975143;11.2857141;7.58385181;6.01242256;8.49689484;7.14285707;1.83229816;1.04347825;0;0;0;0;0;0;0,24.1614914;25.4720497;18.5093174;24.0062103;20.9937897;25.4906845;22.1925468;29.0931702;40.8571396;57;49.5279541;16.391304;17.9689465;22.4285698;23.2298164;0;0;0;0;0;0;0;0;0;0;0;0;0;0;0;0;0;0;0;0;0;0;0;0;0;0;0;0;0;0;18.1180134;19.5341644;22.8323002;25.4409943;22.3416157;30.0496883;28.434782;31.6521702;43.3354034;39.4285736;27.4472065;33.0931702;23.5403728;29.7329216;22.8881989,44,solid_clouds/keyframe_206.pcd
16560,-4.3552047,-4.87794134,0,-23.1359096,1.17499995;16.7937508;31.9187508;40.1812477;44.2874985;60.9749985;38.7749977;40.2000008;53.8875046;59.8562584;93.1187515;58.7874947;62.5187492;57.4499969;57.0875015;36.1812515;22.2124996;9.83750057;1.74374998;2.58124995;1.83749998;1.40625;2.8125;2.34375;4.7437501;5.48124981;8.27499962;8.38749981;5.7249999;9.41875076;6.6187501;2.0875001;0.6875;0;0;0;0;0;0;0,23.3999996;26.4812489;20.8187485;24.1624985;22.1625004;26.3812485;26.90625;31.2625008;42.4749985;57.4937592;47.8062515;17.8187504;17.9375;23.9937477;23.6875;0;0;0;0;0;0;0;0;0;0;0;0;0;0;0;0;0;0;0;0;0;0;0;0;0;0;0;0;0;0;18.8750019;23.0999985;23.4874992;21.40625;24.4375;30.9375;28.96875;31.6875019;38.8187485;39.8687515;27.4249992;30.9749985;24.5562477;29.1062489;22.9562492,44,solid_clouds/keyframe_207.pcd
16640,-4.36500954,-4.87719605,0,-23.0022534,3.38461542;13.9763317;36.5976334;40.6686401;43.8757401;61.3727798;40.0710068;36.2603569;54.1834335;58.7928963;84.5384598;56.0591736;54.4852066;59.3668633;52.6094627;32.0946732;21.3076897;8.34911251;1.260355;2.69822478;1.69230771;1.72781062;2.15976334;2.59171605;4.5029583;5.45562124;10.6153841;5.41420126;1.58579886;1.63313615;2.25443769;1.02366865;0;0;0;0;0;0;0;0,23.1656799;24.0236683;18.7159767;21.3076916;20.8106518;26.4970398;27.4970398;28.4437866;38.532547;34.5680466;51.0414238;15.5976334;18.8461552;22.9940834;19.8047333;0;0;0;0;0;0;0;0;0;0;0;0;0;0;0;0;0;0;0;0;0;0;0;0;0;0;0;0;0;0;19.9644966;18.3727837;21.4970436;21.9467449;23.7396469;31.9467449;28.0414219;29.9763298;39.91716;39.2721901;27.3609447;32.0769234;24.0355034;30.7633133;21.8520699,44,solid_clouds/keyframe_208.pcd
16720,-4.35795272,-4.87548859,0,-23.1306384,2.58333349;15.666666;32.0952377;40.9285698;45.9702377;58.160717;41.3511925;40.285717;54.9226189;59.5297623;85.2261963;52.7261887;58.9642868;56.6547623;54.625;33.7142868;20.1785717;8.4821434;2.00595236;1.74404764;2.0773809;1.69047618;2.11309528;2.11309528;2.54166675;3.74404764;9.64880943;8.7321434;5.25;7.17857122;6.66071415;2.08928561;0.380952388;0;0;0;0;0;0;0,24.1964264;21.9940491;18.3214283;24.1785736;20.4226189;25.7380962;26.208334;29.2678566;38.0773811;54.9107208;39.2380981;14.75;19.7678566;23.458334;20.5238094;0;0;0;0;0;0;0;0;0;0;0;0;0;0;0;0;0;0;0;0;0;0;0;0;0;0;0;0;0;0;17.5714283;21.3571434;24.2619057;20.9404774;24.4404774;29.6428585;29.5119038;31.833334;39.9523773;38.4642868;27.9702415;33.9404793;25.327383;31.1130981;22.6547604,44,solid_clouds/keyframe_209.pcd
16800,-4.41759846,-4.25295897,0,106.56231,2.35460997;14.8368797;43.2695045;35.1418457;24.0638294;24.39007;11.4680853;26.3404236;16.5602837;23.1702156;25.3333321;25.1347485;23.9645386;24.7163124;39.4538994;31.5248241;22.5957451;15.1702137;18.262413;17.4609928;17.2411346;19.8794327;19.9361687;13.0921984;18.1276588;19.1773052;26.1276608;15.1631203;15.2340431;18.9432621;18.9787235;21.8368797;35.9787216;34.262413;44.1773033;68.9716339;0;0;0;0,10.9432621;9.41134739;7.36170197;4.74468088;0.943262458;6.17021275;0.737588644;5.91489363;0;4.02127647;2.19858146;1.61702132;4.58865261;0.0780141875;0.184397161;0;0;0;0;0;0;0;0;0;0;0;0;0;0;0;0;0;0;0;0;0;0;0;0;0;0;0;0;0;0;24.2978687;73.985817;30.5319138;16.4964542;10.4397163;19.985815;22.8652477;46.5744667;103.574478;116.985817;117.702133;117.333344;43.5035439;49.4042549;19.7446823,44,solid_clouds/keyframe_210.pcd
16880,-4.07954136,-0.751101639,0,-20.7057293,1.05820107;15.1693125;30.322752;50.2539673;50.0634918;75.7460327;35.640213;16.0740738;18.0370369;12.322751;19.4867725;24.0581989;34.5925941;32.2169304;37.7566147;33.1587296;27.0899467;26.2063503;26.5820084;25.7566147;21.4444447;20.9629631;27.6878319;33.3597908;23.8677254;3.45502663;1.94708991;10.8571424;10.328043;3.94179893;3.70899487;4.2328043;0.396825403;4.52910042;0;0;0;0;0;0,11.7089949;10.7195768;13.661376;10.4761906;5.89417934;9.77777767;11.328042;11.7513218;7.89947081;15.1111107;7.56084633;23.8994713;41.2539673;38.7777748;15.4391537;0;0;0;0;0;0;0;0;0;0;0;0;0;0;0;0;0;0;0;0;0;0;0;0;0;0;0;0;0;0;36.4603119;47.5661278;45.2804184;36.0211639;39.8412704;43.423275;54.3280411;50.7619019;38.5555534;31.5026436;25.4391537;23.2910042;23.9312172;22.8941803;7.75661373,44,solid_clouds/keyframe_211.pcd
16960,-4.05884233,-0.751464517,0,-20.2194131,2.10052919;14.2645512;30.6825409;50.7830696;56.5555534;78.8730164;37.0740738;27.8730164;22.0634918;17.1111107;21.68783;25.380949;35.2222214;36.8253975;38.4179916;35.349205;23.6031742;21.8095245;24.0529099;23.0634918;21.5661373;22.5555553;27.8783073;32.7619057;21.645504;5;2.15873003;11.4074078;8.70370388;6.661376;4.83597898;2.8677249;2.28571439;2.5978837;0;0;0;0;0;0,11.1269836;11.671958;13.338624;8.65608501;12.3968248;10.682539;12.1111107;9.14814854;7.3015871;15.2116394;13.7777786;28.5079327;50.068779;43.5132217;12.0264549;0;0;0;0;0;0;0;0;0;0;0;0;0;0;0;0;0;0;0;0;0;0;0;0;0;0;0;0;0;0;30.1111107;40.4708939;39.1957664;35.6560822;38.4126968;44.0105782;60.1693039;53.7989426;36.6560822;38.5873032;26.5820103;31.5925941;29.9153442;19.9682541;11.0529099,44,solid_clouds/keyframe_212.pcd
17040,-4.06126265,-0.749867452,0,-20.2103884,1.12432432;18.7675686;27.1567574;50.1729736;54.7567558;73.4756775;39.3243256;29.2324314;22.8540535;16.3135147;23.6540546;24.9459438;35.9189224;32.2270279;37.5405388;34.8432426;25.1945934;22.3837833;27.0594597;21.1405411;21.4972973;24.5891895;25.7891884;31.9027023;21.2702694;5.01081085;2.15675688;11.2270279;8.04864883;6.37837839;5.30810833;3.20000005;1.47027028;2.23243237;0;0;0;0;0;0,10.1351357;11.8270273;16.481081;7.62702703;12.0702705;9.75135231;10.8216209;9.17297363;7.30810833;13.6648655;14.1351347;27.4918938;52.4486542;43.0648689;13.8540545;0;0;0;0;0;0;0;0;0;0;0;0;0;0;0;0;0;0;0;0;0;0;0;0;0;0;0;0;0;0;29.9027061;37.9297333;36.5351334;34.5891914;35.5513535;45.7081146;53.5081177;56.951355;43.4000015;32.5135117;27.7729702;33.7405396;30.7621613;19.3027039;10.1459465,44,solid_clouds/keyframe_213.pcd
17120,-3.86154572,-0.716290506,0,96.0392427,3.01492548;10.2537308;26.3134327;44.0149231;31.1417923;39.0671654;25.9626865;11.970149;19.1044769;14.0522385;14.8283596;16.3432827;14.2313433;18.3955212;27.9776096;21.9776134;23.7164192;28.47015;29.455225;26.0820885;23.5;22.8208961;26.7611942;25.2238808;37.3805962;32.5597;34.8134346;53.4104462;75.0149231;6.985075;7.45522404;7.28358173;6.94776154;0.485074639;0;0;0;0;0;0,13.6492519;17.0895519;13.0223875;8.73880577;7.63432884;12.3208952;2.5970149;7.84328365;1.50746274;5.1791048;2.83582091;4.30597019;1.26865673;2.41791058;0;0;0;0;0;0;0;0;0;0;0;0;0;0;0;0;0;0;0;0;0;0;0;0;0;0;0;0;0;0;0;5.64179134;7.47014904;10.7089558;7.9029851;7.94776154;12.6940289;15.8432837;84.1641846;75.7686539;89.6193924;87.6567154;89.343277;85.6716385;87.2761154;38.8955231,44,solid_clouds/keyframe_214.pcd
17200,-2.86856797,4.66756944,0,87.7729409,2.39716291;16.1560287;43.5886497;44.5319138;41.2765961;33.5035477;15.5177307;8.03546143;19.4680843;26.2056713;37.5390091;46.2056656;45.2411308;60.4113503;75.3758926;73.7659607;73.7163162;117.042557;36.7659569;28.3546104;20.7092209;18.2482262;17.4822693;51.2765961;38.9361725;22.5035458;19.0212765;17.7588634;12.333333;4.05673742;0;0;0;0;0;0;0;0;0;0,42.8439713;42.0354576;27.1631222;33.418438;7.17730522;11.9645395;5.75177336;8.58865166;4.49645424;1.37588644;4.53900719;3.89361715;4.62411356;0;0;0;0;0;0;0;0;0;0;0;0;0;0;0;0;0;0;0;0;0;0;0;0;0;0;0;0;0;0;0;7.80141878;53.0921974;68.3475189;66.8297882;75.5602875;77.638298;65.2624054;68.127655;59.0638275;40.6312065;49.8936157;52.1773033;46.8368759;46.581562;49.2269516;42.4822655,44,solid_clouds/keyframe_215.pcd
17280,-2.65110654,6.67713947,0,-47.8092561,1.9260869;12.2652168;35.2000008;45.1173897;50.086956;83.4217377;33.6478271;17.7347832;30.7304344;52.9391327;57.7086945;82.7869568;67.7087021;102.191307;95.9478149;86.4217377;73.826088;82.9565277;86.4043427;61.4695663;45.5130424;52.6347809;77.4826126;116.626091;51.6478271;48.5521736;42.3000031;28.4217377;19.2739143;25.8434792;28.391304;21.3173923;3.54782605;3.54782605;6.39130449;16.717392;17.8217392;34.217392;53.5478287;5.77391338,63.9043465;42.2999954;46.2000008;33.1652145;42.0304337;65.0782547;66.1695633;86.017395;66.5391312;75.0217361;76.2695618;67.0086975;63.4086952;53.9391289;29.6260872;0;0;0;0;0;0;0;0;0;0;0;0;0;0;0;0;0;0;0;0;0;0;0;0;0;0;0;0;0;0;5.23043442;9.89565182;22.2478275;43.3173904;58.1130447;83.7043457;110.295639;127.48262;113.86956;50.108696;44.2695618;22.6521721;69.0043488;105.208694;117.982613,44,solid_clouds/keyframe_216.pcd
17360,-2.6365684,6.66511624,0,-47.8430643,1.96818185;14.2863636;34.7409096;38.936367;55.1954536;73.1727295;39.8545456;30.0090904;42.2727242;62.58181;79.5363617;102.695465;80.1863632;97.9000092;110.259087;93.3545456;87.2818222;84.977272;83.1636353;57.0909119;44.9318199;48.0272713;86.4363632;115.945457;55.5818176;41.6636391;39.4181824;26.7136383;23.931818;27.9863625;32.8727264;20.5409107;6.4909091;2.3318181;6.35000038;16.2863636;22.1454544;34.9909096;58.9727287;5.3045454,71.654541;59.1863708;40.1181793;37.2045479;54.2409096;69.9318237;77.690918;90.7863617;78.1681824;80.7090988;84.1363525;77.25;70.2681885;61.0363693;29.2409077;0;0;0;0;0;0;0;0;0;0;0;0;0;0;0;0;0;0;0;0;0;0;0;0;0;0;0;0;0;0;5.43636322;9.91818237;24.6318169;44.018177;53.1409187;85.9954529;110.931824;120.099998;117.645462;55.6136398;44.3409119;22.4272728;79.895462;101.286362;129.381805,44,solid_clouds/keyframe_217.pcd
17440,-2.64304212,6.66222238,0,-47.9046521,0.938967109;15.0516434;31.1032867;41.6948357;46.8873253;81.3286362;40.906105;29.6385002;44.8497658;62.6666718;72.3755798;104.450691;82.8591537;97.4225388;112.910805;99.3239441;84.7511673;95.6056366;82.6197205;58.5305176;49.2159615;48.084507;84.098587;118.070419;54.6854439;44.2535248;36.8075104;27.8544598;24.075119;26.9530525;30.8967133;23.2300472;4.1502347;3.80281687;7.46478844;18.7323952;22.2300472;34.4600983;60.8873291;5.60563374,73.6150208;63.5117378;43.6478882;37.5821571;53.0140839;72.7136154;79.9812088;97.0328674;76.9906082;82.6854477;84.0328598;75.8028107;63.5821533;65.4694824;33;0;0;0;0;0;0;0;0;0;0;0;0;0;0;0;0;0;0;0;0;0;0;0;0;0;0;0;0;0;0;5.4600935;11.0610332;25.075119;38.0751114;61.1361504;86.0328751;112.328644;107.131462;127.197182;58;44.0046921;21.2488251;76.1220474;105.328629;130.610321,44,solid_clouds/keyframe_218.pcd
17520,-2.37080026,8.07084521,0,72.7054151,0.736842096;8.06315804;35.0894737;47.9736824;48.3631554;57.4578934;35.6157913;20.2684212;21.3842106;25.6421051;31.436842;36.6789474;24.1263142;14.8842115;13.3105259;17.7578945;14.8578949;15.9315786;12.4578943;10.4105263;10.110527;11.03158;24.2263165;36.4578972;17.5736847;6.03157902;0;0;0;0;0;0;0;0;0;0;0;0;0;0,14.5736847;14.984211;10.2105265;12.0842104;10.7578945;10.7210522;13.7210522;9.96315765;8.7736845;8.70000076;7.41578913;8.51578903;7.65263176;5.5421052;0.394736826;0;0;0;0;0;0;0;0;0;0;0;0;0;0;0;0;0;0;0;0;0;0;0;0;0;0;0;0;0;0;35.2421036;46.6842079;36.889473;45.6368484;43.689476;44.4684143;36.9157867;35.7157898;21.2842102;17.4052639;20.984211;16.1052628;21.2947369;18.5947361;12.9578934,44,solid_clouds/keyframe_219.pcd
17600,-2.17163814,12.2170245,0,-49.4387578,1.6875;13.0625;35.6666679;39.0666656;49.5750008;53.5250015;54.8333359;49.0166702;36.2458344;37.5833321;32.7666702;31.8416653;37.3541679;44;53.7124939;55.779171;61.5791626;73.1833267;82.9958344;89.0541687;51.1583328;55.0125008;47.4916687;96.6791687;77.7291641;46.7291679;49.9083328;21.9541664;27.6208344;12.2375002;13.8583336;13.5708332;32.6666641;9.90416622;15.0666656;15.1499996;0.820833325;0.820833325;0.495833337;4.16666651,64.3541718;104.045837;104.020828;87.2708282;80.9124985;84.5874939;66.5916672;41.5083313;17.9333344;16.1416664;15.8208332;10.395834;11.1833324;4.99166679;2.24166679;0;0;0;0;0;0;0;0;0;0;0;0;0;0;0;0;0;0;0;0;0;0;0;0;0;0;0;0;0;0;4.58333349;12.0916662;10.0708342;14.5208311;12.2958336;25.6000004;72.6166763;83.7750015;79.2416763;89.808342;79.7583389;106.912506;86.8625107;70.8458328;64.5875015,44,solid_clouds/keyframe_220.pcd
17680,-2.12927128,12.0950989,0,-69.1043014,0.971962631;13.023365;28.7570095;38.2056084;49.54673;64.1869125;61.7383194;52.2663574;64.1962585;37.528038;40.3598175;37.7523346;39.3738289;42.8317757;57.9112129;77.981308;87.2383194;97.3037262;108.210281;92.2803726;73.3037338;62.8738289;66.7056122;120.0327;70.4158859;67.2710266;58.8084106;34.1121483;41.0934563;16.7757015;29.5981312;19.9205589;43.1495323;15.4532709;23.523365;9.02336502;4.24299049;3.29439259;2.63551402;4.89719629,95.9672775;72.3691635;70.1495285;88.9906464;103.780373;102.803741;89.2383194;105.453262;85.7710266;74.116806;33.3551407;21.5607491;16.948597;15.3971958;1.4626168;0;0;0;0;0;0;0;0;0;0;0;0;0;0;0;0;0;0;0;0;0;0;0;0;0;0;0;0;0;0;0.439252317;10.8084116;10.0514021;10.9158878;16.4392548;13.6355143;14.3130856;18.990654;62.2710266;110.724289;118.523361;110.271019;95.280365;172.654205;116.112137,44,solid_clouds/keyframe_221.pcd
17760,-2.12582449,12.0814172,0,-69.1030541,0.95852536;15.6682034;31.0967751;36.4147453;45.5990791;60.9585228;62.4516068;59.9124451;66.3640594;46.0691185;42.4930878;37.2073746;44.5391693;53.5622101;61.2350311;78.4562225;89.589859;106.94931;109.732712;94.2119751;70.3824921;58.2672806;58.4009209;112.824883;68.4009247;69.9170532;56.0921631;27.4101372;34.0921669;17.5115204;22.3778801;20.3271904;38.1152039;16.6175117;22.9953918;8.62672806;5.51152039;5.41935492;1.54838705;7.70506954,84.6175156;81.4562302;78.1843414;99.0737457;100.129036;113.534561;90.9585266;100.709671;87.9861755;80.0138168;40.4423904;23.1705055;15.7926264;14.1382504;1.44700456;0;0;0;0;0;0;0;0;0;0;0;0;0;0;0;0;0;0;0;0;0;0;0;0;0;0;0;0;0;0;0.497695863;10.8894005;9.22580624;9.64976883;15.9308777;14.7695856;15.4285717;18.1843319;57.33181;106.069145;116.663605;120.963135;92.3778915;159.898636;106.479279,44,solid_clouds/keyframe_222.pcd
17840,-2.13961251,12.0862293,0,-69.1329684,0.93577981;11.9587154;26.8899078;34.9266052;42.0825691;53.8944931;60.5458717;65.2706451;61.6238556;47.8623848;46.3256836;42.42202;47.9174347;57.2064285;65.1055069;84.2706451;97.4908371;96.2706451;111.270645;93.8532104;68.3899078;54.4678917;65.2018356;113.100914;67.6422043;63.261467;58.3210983;28.5458717;33.5504608;19.0596313;25.4128437;22.238533;39.4908257;17.2155972;20.1055031;6.88990784;2.88990831;2.20642185;2.73394489;8.40366936,92.3348541;77.123848;77.9174271;95.9954071;96.92202;113.697235;94.0642166;103.56881;83.2798004;78.4357758;36.9678917;20.2477074;15.2339449;14.3440361;0.444954127;0;0;0;0;0;0;0;0;0;0;0;0;0;0;0;0;0;0;0;0;0;0;0;0;0;0;0;0;0;0;0.646789014;10.449542;9.44954109;10.1009169;14.866972;12.6651373;14.633029;17.605505;63.6146812;118.504593;119.463303;123.848633;92.541275;148.330261;109.954117,44,solid_clouds/keyframe_223.pcd
17920,-2.13173981,12.0913572,0,-69.1453005,0.913241982;14.2191782;31.5068493;40.1369858;44.6712341;63.1872139;57.3698654;59.2968063;57.3287582;45.9999962;39.8675766;37.4429169;40.3926926;46.8401833;61.9178123;71.4063873;83.5570755;93.7305908;112.351601;94.7808228;69.9223785;61.2922401;61.118721;113.164391;70.7899475;65.1963501;59.237442;32.2785378;34.4063911;19.2283096;23.9908676;22.5570793;42.2054825;15.2420092;19.8767128;13.5433788;5.8310504;1.41552508;0.707762539;10.0867577,91.4383698;73.356163;73.1461182;88.4429169;102.849312;107.831055;93.4063797;95.6392822;82.3561554;80.9086761;32.8675842;22.260273;17;16.1780815;0.821917772;0;0;0;0;0;0;0;0;0;0;0;0;0;0;0;0;0;0;0;0;0;0;0;0;0;0;0;0;0;0;0.602739692;10.4977169;9.29680347;10.000001;15.9817371;13.4383564;15.1552515;18.3972607;63.0867538;112.200905;113.726028;121.757996;97.9360733;156.543365;101.885849,44,solid_clouds/keyframe_224.pcd
18000,-2.13642609,12.0880856,0,-69.1053431,0.905660391;11.4339628;33.254715;37.2028313;48.3679237;62.929245;63.103775;59.2924538;66.4009399;45.79245;43.42453;40.4622612;43.3349075;51.6839638;69.3915176;80.4952774;91.68396;93.886795;113.254723;93.6651001;71.3490524;59.8254738;63.9433937;112.877357;69.57547;65.2641525;58.92453;32.1273575;36.43396;17.8443413;23.4481125;23.4103775;36.929245;18.60849;20.03302;11.5;4.83018875;2.61320758;2.16509438;8.83490562,91.7971725;78.0801926;75.6556549;101.547173;96.103775;113.415108;98.4056549;107.481117;85.2311249;79.8915176;33.6273575;22.9103775;16.8773594;13.4858494;1.98113203;0;0;0;0;0;0;0;0;0;0;0;0;0;0;0;0;0;0;0;0;0;0;0;0;0;0;0;0;0;0;0.665094316;11.3962269;10.0471697;9.01886749;16.2735844;11.5188675;15.9009438;18.6509438;63.9575462;117.735847;116.495285;119.896233;95.39151;152.292465;114.773598,44,solid_clouds/keyframe_225.pcd
18080,-2.13136748,12.0854477,0,-69.1867142,1.06161141;13.1421804;30.7251186;41.981041;47.5592422;58.8199081;60.5781975;57.6635056;58.8104248;39.4123268;45.4360199;35.6208496;37.0379181;44.7488098;56.5118484;70.8815079;82.9146957;96.6113739;104.417061;92.4881516;73.3601913;59.0426483;61.0047379;116.099533;71.9763031;64.1516571;59.0189552;36.5924149;33.2701416;18.957346;26.9857807;25.8009491;38.1469193;17.5118484;22.042654;10.3175354;5.10426521;2.09004736;2.09004736;7.8672986,89.1469116;69.4075851;69.5023727;86.4123077;98.8388519;95.2180023;93.2085266;104.109009;78.526062;75.3175354;31.3127956;23.2890987;15.5971565;15.2085323;1.83412313;0;0;0;0;0;0;0;0;0;0;0;0;0;0;0;0;0;0;0;0;0;0;0;0;0;0;0;0;0;0;0.687203765;11.8009472;8.97156334;12.0236969;15.7772522;12.3791466;15.5545034;17.6161118;63.8293877;112.431267;116.924171;116.369667;98.3744202;166.796219;111.388634,44,solid_clouds/keyframe_226.pcd
18160,-2.13395503,12.0913993,0,-69.0700028,0.962962985;12.4212971;30.2453709;40.4675903;44.9490738;65.1851807;64.8240738;54.4861145;57.8564835;45.6342621;42.9583359;38.1388931;44.4305573;45.0046349;65.9444351;78.35186;88.9490662;98.1666641;114.134254;94.5463028;66.6620331;58.8055534;61.1944427;116.472221;70.1111069;63.8055611;55.7870369;30.7824078;35.5462952;18.4907417;21.6759262;21.3333321;37.5740738;18.1620369;19.8564816;10.0185184;4.56944466;1.86574066;3.47222233;7.15740776,91.2176056;74.9490738;78.2036972;90.6296158;102.560181;111.71759;92.777771;101.620369;81.1851807;80.7870331;35.0694427;20.2361107;19.9166679;14.4351845;0.833333313;0;0;0;0;0;0;0;0;0;0;0;0;0;0;0;0;0;0;0;0;0;0;0;0;0;0;0;0;0;0;0.620370388;10.1527786;9.83333397;10.8518524;15.9768524;13.8888874;14.3333349;17.4305573;62.0879593;114.435181;110.90741;121.71759;93.8286972;146.972229;111.824059,44,solid_clouds/keyframe_227.pcd
18240,-2.13277667,12.0941538,0,-69.1516296,1.04977381;15.1719456;33.4751129;43.407238;44.5837097;62.8144836;58.5746613;51.868782;60.8733063;39.2533951;40.9411774;33.9230766;36.1538429;43.5113106;55.32127;64.6199112;78.6606293;97.5294113;106.778282;87.782814;69.8506775;56.4162903;53.9728508;109.95475;70.5837097;61.1267014;61.2398224;31.5882359;35.0588226;17.6968327;27.6425362;20.3529415;40.2760201;15.3348427;20.7149315;11.2850685;5.29411793;3.88235283;0.647058845;8.03167439,84.113121;68.0407257;67.9547577;90.1855316;97.488678;94.6063385;84.5022583;101.665154;75.1719513;70.1176529;30.8325806;24.0407238;15.4841633;15.4027147;0.823529422;0;0;0;0;0;0;0;0;0;0;0;0;0;0;0;0;0;0;0;0;0;0;0;0;0;0;0;0;0;0;0.642533958;11.0769234;8.48416233;10.660634;15.2171946;13.2443428;13.660634;18.497736;60.9230804;107.158379;113.153854;114.040726;94.3031616;165.307693;110.443436,44,solid_clouds/keyframe_228.pcd
18320,-2.13106779,12.0931941,0,-69.1549671,1.03773582;11.9716978;31.2452831;39.5849037;45.179245;62.3113213;53.929245;63.3443375;61.4292374;39.1603737;42.7216988;36.21698;36.8867912;46.6839638;54.9575462;70.4433975;82.70755;91.9858475;98.995285;100.0849;63.5518837;58.3349037;63.7405663;120.245285;72.1886826;64.962265;58.3726425;32.8490562;34.0613174;19.4386787;31.5424538;22.14151;40.4858475;17.6603775;21.4811306;9.79245281;5.23584938;2.06603765;2.06603765;7.179245,85.7735825;69.1179199;66.7216949;87.254715;99.53302;101.754715;91.32547;105.556595;80.2405548;77.0188599;36.9528275;21;15.3443394;14.9009428;0.872641563;0;0;0;0;0;0;0;0;0;0;0;0;0;0;0;0;0;0;0;0;0;0;0;0;0;0;0;0;0;0;0.75;11.3632069;8.70754623;10.179245;15.8301888;12.4150944;14.0660391;18.5141506;60.7264137;107.278305;114.518875;117.080185;97.70755;165.830185;109.938675,44,solid_clouds/keyframe_229.pcd
18400,-2.13534364,12.0964488,0,-69.0744485,0.930232584;10.9395351;29.2418594;38.497673;45.7627945;60.5395355;62.2930222;57.1953506;62.8092957;44.2092972;44.2372131;39.3860512;41.511631;43.3302345;64.8697586;74.4325562;86.0465088;93.2139511;107.56279;86.83255;75.1395264;60.4930229;65.8000031;115.502319;76.1860504;67.4000015;56.3302307;29.7302322;35.4325562;18.8232555;25.920929;23.8372078;39.2000008;19.2744179;23.3348827;9.41395378;5.80465126;1.40465117;2.10697675;8.60930252,96.6930237;73.9209366;74.4232635;88.2232513;108.52092;108.269768;91.0139465;105.68837;80.1860504;78.2744217;33.1627884;21.4697666;18.6930237;16.5395355;0.469767451;0;0;0;0;0;0;0;0;0;0;0;0;0;0;0;0;0;0;0;0;0;0;0;0;0;0;0;0;0;0;0.832558155;9.89302349;10.3395348;8.75813961;17.8046513;11.4558134;14.4790688;18.8465099;59.5767365;113.976738;118.460449;118.274414;92.1302414;152.823257;110.38604,44,solid_clouds/keyframe_230.pcd
18480,1.04324944,11.143896,0,-8.88436432,2.80769229;20.4615383;45.9951935;30.7740383;27.6586533;30.7307682;28.7788467;26.6923084;27.1730766;20.6634617;24.75;25.9855766;35.2836609;51.5673103;49.6826935;56.3076973;59.9519196;60.4567337;21.0144234;20.4423084;16.1875019;4.19711542;2.99519229;1.34615386;2.01923084;2.01923084;1.68269229;3.9807694;2.5625;11.312501;2.37500024;1.66826916;0;1.36538458;0;0.682692289;2.00961542;2.25;2.04326916;0,32.1730766;35.7403831;27.4663467;4.77403831;2.39423084;6.88942289;0.384615391;5.85576916;0;4.89903831;5.09134626;2.42307687;3.44230771;1.39423072;0.322115391;0;0;0;0;0;0;0;0;0;0;0;0;0;0;0;0;0;0;0;0;0;0;0;0;0;0;0;0;0;0;34.6105766;43.0913506;39.8990402;21.8365364;24.4663467;22.6682701;31.7451916;36.4326935;45.25;43.1730728;55.6874962;52.3701935;43.009613;51.0673065;49.3173065,44,solid_clouds/keyframe_231.pcd
18560,3.65468533,9.78064375,0,-90.4975194,1.0105263;9.69473648;33.5894737;45.905262;54.110527;54.9105263;31.9736824;33.1315804;41.5526314;64.2894745;102.936844;121.463165;74.0263138;59.3157921;72.8736954;56.2210541;77.2421036;50.205265;40.6999969;34.7210541;21.6947365;18.9473686;28.6789474;27.6684227;24.1315784;16.0789471;14.2684212;6.01578951;17.389473;17.1473694;11.0105267;5.21052647;5.34210539;5.07894707;2.02631569;2.52631569;2.52631569;8.07894707;4.1421051;3.30526304,25.6842117;29.8684235;28.8368454;28.9263172;36.673687;39.215786;41.2631531;44.2947388;39.5684242;37.7263145;28.1736832;36.7894745;21.2631569;20.9894733;14.8789482;0;0;0;0;0;0;0;0;0;0;0;0;0;0;0;0;0;0;0;0;0;0;0;0;0;0;0;0;0;0;34.0947342;34.4473686;31.8736801;43.1736794;33.5263176;51.2789497;64.0842056;70.4263077;85.1947327;67.7842102;81.4210663;102.56842;79.1157837;29.294735;18.705265,44,solid_clouds/keyframe_232.pcd
18640,3.6489608,9.76194945,0,-90.4167538,1.06077349;11.7127075;33.2872925;50.8895035;49.7679558;51.8618813;28.5856361;40.3149185;41.0607758;66.8453064;111.403297;130.585648;85.8563461;63.3867416;79.9171295;64.5580063;85.7016602;61.701664;37.9337006;44.6629829;24.9502773;21.0662994;28.5027618;27.1436462;30.6077347;17.1381226;12.2430935;8.12154675;16.6574593;21.9668503;10.7127075;5.35911608;5.50276232;2.65193367;0.662983418;3.31491709;1.32596684;7.23756886;4.47513819;4.30939198,26.5414391;36.5745888;29.6132622;30.5414352;37.7458572;47.1436462;41.3314896;46.3867416;41.3314934;40.3646469;32.5635338;34.9005508;22.0386734;21.5524864;15.0055265;0;0;0;0;0;0;0;0;0;0;0;0;0;0;0;0;0;0;0;0;0;0;0;0;0;0;0;0;0;0;30.0331497;34.320446;32.2209969;46.0000038;33.4751396;58.2596741;69.9060822;78.7679443;89.817688;69.8342667;87.618782;116.624329;94.5138168;27.2596703;22.7569084,44,solid_clouds/keyframe_233.pcd
18720,3.64956348,9.77823822,0,-90.4133312,1.04712045;12.968586;30.7277489;51.1989555;51.0209427;54.6492157;33.3193741;33.2094231;44.8429298;71.3979187;100.890053;123.895279;74.1832428;65.7539215;72.4764481;53.1727715;80.2617874;52.078537;35.8115196;39.3664932;20.8795795;22.2146606;31.0366516;26.5549736;23.6230373;15.7643976;11.9738226;5.79057598;17.8848171;19.984293;6.43979073;4.14659691;4.36649227;4.76439762;3.08900523;1.23560214;2.47120428;6.30366516;4.38743448;2.59685874,24.9109955;33.2146606;26.3298435;29.6439819;35.7539253;40.3193741;44.256546;39.6701584;37.5497398;38.9738235;28.5392666;34.9005241;24.5078526;20.7591629;14.8795815;0;0;0;0;0;0;0;0;0;0;0;0;0;0;0;0;0;0;0;0;0;0;0;0;0;0;0;0;0;0;35.4240837;31.1675396;33.549736;41.5287933;32.596859;55.7644043;65.9790497;77.8743439;84.4764404;70.2198868;87.9424133;97.3769684;78.3036728;26.6858635;24.6806297,44,solid_clouds/keyframe_234.pcd
18800,3.65222469,9.77696407,0,-90.4463633,1.07614207;12.5228424;32.4416237;48.8933983;52.0355301;53.5989876;36.9796944;32.6345177;32.6802025;61.7918816;95.6345139;114.350243;71.2893372;62.6751289;71.1167526;51.147213;78.1725922;53.4162445;36.0761414;35.4771576;21.4111671;21.2233505;29.2385788;27.2791882;24.5888329;15.7309647;14.6345177;8.49238586;17.1065998;19.7157364;10.4873104;6.00507641;5.40101528;5.23350239;1.54314721;3.1878171;1.81218278;6.27411175;4.94923878;2.89340115,25.6548233;30.9187813;29.0913715;27.6192894;32.2182732;43.7106552;37.2081223;44.4568558;37.025383;37.0609131;28.9695435;33.116745;23.0507622;18.3756332;12.1319799;0;0;0;0;0;0;0;0;0;0;0;0;0;0;0;0;0;0;0;0;0;0;0;0;0;0;0;0;0;0;34.2284241;33.0050735;32.4822311;39.3502541;33.5329933;55.3197937;60.8629456;72.4416275;87.7360535;70.4974594;77.2893448;97.3908844;81.9086227;29.6294403;14.9340096,44,solid_clouds/keyframe_235.pcd
18880,3.64825251,9.77529595,0,-90.4871848,1.04347825;10.202898;34.304348;55.0096626;48.0483093;54.1352654;31.9371986;27.391304;28.1256046;55.2367172;84.8454056;105.024147;65.8164215;56.536232;66.7922668;49.4154587;75.3913116;49.7246399;34.6183586;30.9565201;21.3429947;18.6183567;28.0386467;22.4396133;22.8647346;14.84058;13.884058;10.6135263;14.4541054;18.376812;9.18840599;5.49758434;4.405797;5.87439632;2.93719816;1.28019333;2.72946858;6.13043499;4.97584534;2.30917883,21.4879227;28.4202862;24.3671494;23.6763306;30.7487869;38.7246323;33.9468613;38.3526573;37;32.9178696;24.695652;32.9806747;20.7729473;19.8888855;12.5458937;0;0;0;0;0;0;0;0;0;0;0;0;0;0;0;0;0;0;0;0;0;0;0;0;0;0;0;0;0;0;30.5120773;30.9855042;33.9178734;39.0772972;31.9516869;47.9613533;59.3429985;66.1932373;84.0483017;66.7053146;68.5169067;97.922699;76.3043518;26.8357468;14.5555553,44,solid_clouds/keyframe_236.pcd
18960,3.64738185,9.77337449,0,-90.4357769,1.03414631;11.0292683;34.5268288;51.7219543;52.6487808;52.6390266;33.336586;32.6195145;37.9951248;52.6243896;93.9658585;108.107315;64.6682968;58.5463486;65.1951141;50.6048813;75.7463379;47.4878044;35.2829247;30.5268326;19.6536579;18.4097557;28.0829258;24.8780479;22.0829258;14.5365858;12.1853657;7.36097574;17.0682926;16.5268288;10.1219511;6.38536596;3.63414645;4.93170738;2.75121951;2.43902445;1.71219516;7.05365849;4.33170748;3.05853653,23.2292671;27.5902405;25.7804871;25.3463383;30.7073154;39.6926842;36.0341454;44.9414673;36.9463425;34.653656;28;30.2926846;24.1658535;18.6975594;12.9512177;0;0;0;0;0;0;0;0;0;0;0;0;0;0;0;0;0;0;0;0;0;0;0;0;0;0;0;0;0;0;32.3951225;34.4536629;28.8926849;38.1853676;31.6243916;51.1951218;58.6585388;69.3902435;78.326828;68.4341431;71.2634201;94.0097656;76.1414642;28.6487808;16.8634129,44,solid_clouds/keyframe_237.pcd
19040,5.86334537,10.2546918,0,6.92323392,1.37931037;21.8620682;34.103447;38.2275848;46.6827583;42.2551727;19.4896545;33.993103;15.2758617;11.8413792;9.92413807;13.6689644;10.8896551;28.6000023;4.86896563;6.4000001;6.52413797;6.78620625;11.1448269;9.77931023;9.82758522;7.33793116;12.6620693;14.5517254;10.1724129;4.81379318;3.26896572;6.10344791;1.17931032;0.393103451;1.8413794;3.64137936;4.86206913;4.85517216;5.97241354;4.22758627;1.38620687;2.95172405;1.38620687;0,8.42068958;11.1517239;7.11724138;8.98620701;32.7034454;66.0344849;56.2620697;33.7034492;5.32413769;3.13103437;5.26206875;9.60689735;5.84137917;2.53103447;0.137931034;0;0;0;0;0;0;0;0;0;0;0;0;0;0;0;0;0;0;0;0;0;0;0;0;0;0;0;0;0;0;12.3999987;17.1999989;16.3793106;18.4965515;18.0896549;17.9034481;11.4068966;13.9379311;13.8344831;18.4896545;11.8827591;13.9379311;12.1999998;7.56551743;15.1931038,44,solid_clouds/keyframe_238.pcd
19120,5.84545531,10.2672411,0,6.74160508,1.62406015;19.9924812;29.3082695;45.6090202;46.1127777;41.7368431;26.6541348;37.3157883;17.2406006;11.676692;11.8571434;13.6616545;10.7669172;29.3458633;6.06766939;5.51127815;6.30075216;7.84210539;7.36090183;7.18797016;11.1879692;5.69172955;9.73684216;15.225563;9.54135323;5.79699278;4.93984985;4.46616554;3.54887223;0;1.36090231;3.86466169;6.36090183;5.47368431;6.15789509;3.81954908;2.91729307;6.03759384;10.3759403;0,10.4060144;7.81202984;9.12781906;12.9849615;46.0827026;70.4511337;55.4511261;29.6240578;5.86466169;4.03759384;2.24060154;9.36090183;6.09022522;3.31578946;0;0;0;0;0;0;0;0;0;0;0;0;0;0;0;0;0;0;0;0;0;0;0;0;0;0;0;0;0;0;0;12.9473686;17.4360905;16.9172916;22.4135323;19.1052628;15.0526314;14.6992483;13.3609028;13.0751877;14.451128;17.902256;15.0451117;9.93984985;12.353384;12.1278191,44,solid_clouds/keyframe_239.pcd
19200,5.83893177,10.2615486,0,6.7773555,1.50375938;20.3383465;33.676693;43.1654167;43.1578941;44;23.8646622;37.1127777;17.3308296;11.9097738;10.1729336;15.3007536;10.9699249;31.195488;5.95488739;7.24060154;7.06015015;6.28571415;7.64661694;6.84210491;10.0751877;7.2030077;13.3308268;16.9699249;10.7067661;5.92481232;5.21052647;6;4.01503754;0.473684222;1.38345861;3.75939846;6.85714293;5.78195477;6.225564;3.93233061;3.30827069;7.112782;8.33082676;0,9.70676708;7.16541386;10.4135342;12.1954889;51.7368355;73.6315765;57.1278229;31.0375919;4.4285717;6.16541338;2.98496246;7.87218046;5.94736862;2.59398508;0.556391001;0;0;0;0;0;0;0;0;0;0;0;0;0;0;0;0;0;0;0;0;0;0;0;0;0;0;0;0;0;0;13.3984966;16.9548912;18.6390991;20.2706776;23.2481232;13.3609028;13.8496246;16.2781944;10.6315784;17.9323311;15.2180443;16.9473686;9.61654091;9.48872185;11.9323311,44,solid_clouds/keyframe_240.pcd
19280,5.83093485,10.2668371,0,6.79901064,1.62962961;18.1481476;32.5555534;45.5185165;45.5185165;42.8888893;25.3259258;39.2222252;16.7481499;11.9111109;13.1037025;13.6296301;10.6296291;31.3925896;6.14074039;6.16296291;5.76296282;8.60000038;7.9333334;7.74074078;10.0074081;6.14814854;13.0814819;16.1851845;8.30370426;8.14814854;7.19999981;5.9629631;5.01481485;0.525925934;3.32592583;3.41481471;7.60740709;6.19999981;6.61481476;4.74074078;2.62962961;7.6740737;9.35555553;0,9.52592564;6.86666679;11.0296297;11.4444447;53.6370354;74.170372;60.3777809;31.829628;6.00740719;2.96296287;3.45925927;8.31111145;6.1703701;2.68148136;0.362962961;0;0;0;0;0;0;0;0;0;0;0;0;0;0;0;0;0;0;0;0;0;0;0;0;0;0;0;0;0;0;13.6518517;17.8222237;15.2888899;23.4592571;19.91852;16.955555;16.0888901;14.6962967;9.28888893;22.3925934;14.5851851;19.2000008;8.60740757;10.4888887;11.4222221,44,solid_clouds/keyframe_241.pcd
19360,5.83105542,10.2654718,0,6.79084378,1.98581564;20.7943268;32.113472;43.375885;51.4468079;44.0922012;23.7659569;35.6666679;15.2198591;11.1347523;11.9787254;13.2695036;11.5035467;28.4680824;6.05673742;5.88652468;6.76595736;8.34042549;7.22695017;6.0709219;10.5602837;6.02836895;9.54609966;16.7659569;10.0638294;5;5.02127647;7.04964542;3.46099281;1.40425527;2.50354624;3.21276569;6.0567379;5.15602827;5.87943268;4.30496454;2.46808529;6.76595783;8.09929085;0.340425521,9.71631145;9.09929085;10.6028366;11.4964542;45.5673752;74.0709229;55.6382942;28.7659569;5.82978725;2.93617034;4.35460997;8.95035362;4.78723431;2.53191471;0.184397161;0;0;0;0;0;0;0;0;0;0;0;0;0;0;0;0;0;0;0;0;0;0;0;0;0;0;0;0;0;0;13.3191481;19.3262405;16.680851;23.7659569;17.4255295;18.1205673;11.31915;16.2482262;12.2978725;16.9290791;15.4113474;16.0780144;9.09929085;12.9503555;11.347518,44,solid_clouds/keyframe_242.pcd
19440,5.83255665,10.2693497,0,6.7717446,1.61151075;21.4244595;36.1294975;41.1438866;44.3740997;42.7913666;23.9496403;38.4028816;16.2877693;11.7482023;11.8129492;13.4820156;10.9856119;29.9568348;6.94244623;5.94964027;6.97122335;7.41007185;8.6402874;5.94244623;11.4244614;6.87050343;10.6043167;15.0575542;9.93525219;5.14388466;5.35971212;7.23021603;5.02877712;0;3.96402884;3.96402884;6.4892087;5.17266178;5.49640274;4.72661877;2.15107918;5.46762609;8.77697849;0,8.13669014;8.39568329;9.38848972;11.2877703;53.7625923;68.510788;58.1366882;29.4100723;4.81294966;3.97841716;4.43165493;9;5.53956842;2.89928055;0.683453202;0;0;0;0;0;0;0;0;0;0;0;0;0;0;0;0;0;0;0;0;0;0;0;0;0;0;0;0;0;0;13.3597116;18.8705025;15.2517986;19.0503616;20.5035973;16.5899277;14.1438828;13.3021584;13.7338133;17.892086;16.4676266;18.1726627;7.48201418;12.9352522;12.6906471,44,solid_clouds/keyframe_243.pcd
19520,5.81956029,10.2752108,0,6.80739737,1.5182482;19.3576641;34.5401459;44.6496353;48.5109482;45.1459846;29.6715317;45.1678848;26.5693417;12.051095;13.3941593;14.1094875;11.1313868;33.1532822;7.54014635;6.41605854;7.32116795;8.66423416;9.3868618;7.66423368;10.6861315;7.68613148;12.3284674;16.4817524;11.7153282;4.93430662;5.68613148;11.7299271;5.4744525;0.481751829;2.32846713;3.53284669;9.28467083;5.5474453;7.53284693;4.99270058;2.8540144;8.12408829;10.8467159;0,14.8029194;14.6350355;15.5985413;14.423357;59.9416046;78.007309;63.2189789;33.2189751;6.06569386;3.6204381;3.83941627;9.04379559;4.56204367;3.40875912;0.211678833;0;0;0;0;0;0;0;0;0;0;0;0;0;0;0;0;0;0;0;0;0;0;0;0;0;0;0;0;0;0;14.0364962;18.2189789;17.1605835;22.5985374;24.167881;17.4087582;15.2189789;14.576643;11.4817524;16.9051094;20.1167889;16.372263;6.42335796;12.9708033;15.9562035,44,solid_clouds/keyframe_244.pcd
19600,7.89376662,9.95115827,0,76.9282553,2.75531912;14.5851059;31.2553215;50.9042511;34.3723373;29.1808491;12.361701;13.9148922;10.4680853;13.0744686;10.5638294;11.9680853;11.5531921;12.9893618;15.7978716;19.6914902;20.3085098;58.0106392;42.7234039;22.0106373;50.9787216;36.3510628;23.2765942;7.11702108;12.5851059;0;0;0;0;0;0;0;0;0;0;0;0;0;0;0,60.8936234;47.1063881;40.7553177;22.8404274;9.19148922;3.38297892;7.30851078;6.88297844;7.29787254;5.5851059;8.64893532;19.5212765;11.5638294;13.5;4.09574461;0;0;0;0;0;0;0;0;0;0;0;0;0;0;0;0;0;0;0;0;0;0;0;0;0;0;0;0;0;0;0;6.27659607;1.74468088;5.48936176;5.6276598;6.13829803;4.77659607;11.5212765;4.59574461;6.01063824;8.3723402;48.0851097;56.1489334;64.9255295;70.5106354,44,solid_clouds/keyframe_245.pcd
19680,8.12502622,13.0412063,0,73.8360695,2.65536714;8.21468925;15.0225983;18.7909603;22.757061;45.1864395;53.2033882;45.028244;40.3672295;47.8757057;65.7853165;90.0677948;85.0508499;89.8926544;141.711868;100.576271;90.0338974;62.7740173;51.1581917;51.4632797;45.231636;42.8022614;36.0282478;36.8813553;46.1242943;38.6045227;44.0734482;41.4463272;26.8531075;24.1807899;22.0677948;34.6949158;9.89830494;16.3333321;15.7118635;13.615819;10.8474579;61.5480232;10.8418074;22.0508461,43.5423698;50.8135567;44.7231636;33.6440697;43.0564919;35.3785286;53.5988693;33.7231598;30.9209023;16.192091;15.4689274;21.8361588;15.7627125;18.8361588;9.88700581;9.88700581;0;0;0;0;0;0;0;0;0;0;0;0;0;0;0;0;0;0;0;0;0;0;0;0;0;0;0;0;0;56.1525383;91.6610031;81.5819168;88.0338898;96.8078995;85.5762787;89.514122;108.728821;117.395477;116.37854;93.5649796;49.9943428;64.9547958;46.0903931;63.7457619,44,solid_clouds/keyframe_246.pcd
19760,7.68922515,15.9306247,0,102.81875,1.79661012;11.5423727;28.525425;30.1355934;23.9406776;40.2627106;59.0593185;29.3644104;32.7372894;25.8644085;17.4406796;9.15254211;16.1864395;12.5338993;9.57627106;10.1525431;7.60169506;3.79661036;1.67796612;1.49152541;1.11864412;1.49152541;1.49152541;1.54237294;1.16949153;1.10169494;0.796610177;1.10169494;0.796610177;4.92372894;0.237288132;1.12711871;0;0;1.39830506;0;0.364406794;0;0.906779647;0.601694942,14.6355934;13.7372875;9.70339012;8.08474541;8.66949081;9.72881413;6.11016941;7.78813553;4.9576273;8.12711906;6.60169506;10.4915257;7.09322071;7.33898306;5.13559341;0;0;0;0;0;0;0;0;0;0;0;0;0;0;0;0;0;0;0;0;0;0;0;0;0;0;0;0;0;2.30508447;32.5847435;30.7627125;16.6694927;26.0169487;25.0932217;19.8135605;13.949152;16.0847454;14.7288141;12.2203388;9.94067764;11.0169487;9.34745789;10.9915257;13.2796612,44,solid_clouds/keyframe_247.pcd
19840,7.7026774,18.1842559,0,-75.0660419,1.24223602;8.10558987;18.0248451;24.7391319;21.391304;30.7515526;48.1552811;23.1614914;22.6273308;25.9192562;41.8323021;87.1925507;91.9813614;69.8819885;59.1055908;61.8882027;52.3602486;58.5527954;54.1677017;61.0310593;49.5590057;35.086956;51.5341606;43.4658356;39.7018623;47.9875755;30.9440975;31.1055908;45.4968948;25.1987591;9.39130402;9.39130402;8.36024857;11.8136644;8.70807457;6.11180115;8.16770172;19.1490688;38.5714264;18.2298126,29.9316826;33.0186348;37.5465813;55.1739159;59.4906769;80.826088;103.782608;122.006218;82.2422485;82.3664703;94.5403748;80.9130402;53.1242218;34.0496941;16.2608681;0;0;0;0;0;0;0;0;0;0;0;0;0;0;0;0;0;0;0;0;0;0;0;0;0;0;0;0;0;0;2.59627342;7.4285717;5.16149044;9.93788815;6.93167686;12.3602486;27.5403748;16.7950325;34.6086922;22.1801224;21.9503136;30.6211205;85.6770172;109.850937;41.173912,44,solid_clouds/keyframe_248.pcd
19920,7.69191386,18.1883689,0,-75.185899,1.55844152;10.4805193;20.9155846;31.2012978;22.8831158;35.5194817;52.6623383;23.7532463;24.6688328;25.6298695;45.6493492;66.7402649;110.376625;68.3246765;55.4415588;57.3506508;47.1168861;55.3831177;51.3571396;56.9610405;46.3181801;44.9805222;46.2662354;41.4740257;41.2402573;48.4935074;34.2142868;32.3441544;44.272728;33.6688309;9.64285755;10.7857141;7.42857122;14.7467527;8.42207813;11.9480524;7.42857122;18.8506489;44.3181839;27.4545441,30.1948051;33.2013016;35.3311653;52.5714302;54.9610367;86.7597427;102.662346;123.090912;80.7012939;89.9285736;99.7727356;87.88311;63.9155846;31.4805183;14.8311701;0;0;0;0;0;0;0;0;0;0;0;0;0;0;0;0;0;0;0;0;0;0;0;0;0;0;0;0;0;0;4.07792187;7.10389614;7.43506432;7.87012959;7.14285755;13.4025984;27.3896103;21.7077923;35.5714264;24.9805202;25.1038971;31.9935093;84.1298752;112.051949;41.0259705,44,solid_clouds/keyframe_249.pcd
20000,7.69339098,18.1875139,0,-75.1229054,1.56756759;9.47297287;22.1013527;30.8581085;24.7432442;35.8581085;53.9121628;24.6418934;25.1081085;28.3851357;46.5608139;69.993248;113.331078;82.8310776;60.864872;64.1824341;52.209465;64.9864883;56.2770309;63.8310814;49.8513565;42.7364883;49.9932404;40.033783;44.7702713;53.4324303;34.7297287;33.4864845;40;34.3108101;8.59459496;11.2770271;11.0743246;15.3986492;8.00675678;10.6621628;8.26351357;22.1621628;44.5473022;28.4797325,32.9594574;37.1959457;37.466217;53.2702675;59.5067558;91.6283722;103.70945;130.878387;86.4932404;90.7364731;109.047302;92.3243256;66.6756744;34.6486511;13.3310814;0;0;0;0;0;0;0;0;0;0;0;0;0;0;0;0;0;0;0;0;0;0;0;0;0;0;0;0;0;0;3.95270276;8.35135078;6.07432461;9.97973061;7.43243217;15.249999;27.7432423;23.2162151;36.8648643;27.4391899;23.3040562;32.7364883;95.1081085;124.655403;41.5472946,44,solid_clouds/keyframe_250.pcd
20080,7.69527301,18.1882909,0,-75.0878421,1.57961786;8.92356682;21.6178341;30.808918;22.7707024;32.5859871;53.0063705;23.0127392;20.9299355;25.254776;44.573246;64.235672;105.184708;67.7006454;58.9681549;54.3757935;45.8280258;53.573246;49.9554138;55.9808922;46.8407631;51.1783447;46.5605087;42.2675171;39.3630562;42.5668755;30.1847134;35.5541382;41.4968185;29.5095539;8.35668755;9.46496773;10.8535032;12.8980885;9.69426727;7.78980875;7.4522295;19.2929935;38.7388573;28.4522305,30.1146488;32.7770691;35.3375778;49.7515984;54.1146622;85.6815338;97.6050949;117.318481;78.7515945;84.4968262;97.9681396;88.5796204;61.3949089;30.7643318;13.063694;0;0;0;0;0;0;0;0;0;0;0;0;0;0;0;0;0;0;0;0;0;0;0;0;0;0;0;0;0;0;3.24840784;8.63057327;5.01273918;8.46496868;6.75159264;13.0191097;25.1783447;21.4649677;34.7898064;24.0700626;22.8598747;34.0509567;84.5987244;109.414009;40.108284,44,solid_clouds/keyframe_251.pcd
20160,7.68498734,18.1883219,0,-75.1469472,1.64705884;9.24182987;22.8888893;30.8954258;23.4313736;34.0980377;52.3856201;21.8888874;22.5424843;27.013073;44.2875824;68.6601334;104.823532;70.6339874;62.281044;62.1372604;48.1568642;62.8104591;48.8562088;58.6209106;51.6928101;48.7973862;46.1111107;43.1764679;36.9673233;49.2287598;31.6928101;38.2875824;35.6862755;28.5620899;12.5490198;7.03268003;8.11764717;15.1437912;8.94771194;10.4836607;6.59477139;18.2091503;37.718956;27,30.960783;32.0326767;36.2679749;56.7058868;56.1633987;88.8235168;102.222237;120.856216;85.1176529;81.6405182;99.5098038;87.4575272;62.0980453;34.4052238;14.3986921;0;0;0;0;0;0;0;0;0;0;0;0;0;0;0;0;0;0;0;0;0;0;0;0;0;0;0;0;0;0;3.44444442;7.02614403;5.96731997;8.50980377;6.98692799;14.9281044;25.3267956;20.039217;34.4379044;23.986927;25.1307201;33.4771271;88.4706039;111.542488;41.3660164,44,solid_clouds/keyframe_252.pcd
20240,7.68991301,18.1869558,0,-75.136678,1.53086424;8.26543236;21.3456783;28.7407417;20.3518524;31.2222214;47.5;21.037035;21.7037029;24.1543217;43.5061684;63.0802498;97.802475;69.1172867;55.1975327;59.9320984;48.1172829;53.9629593;44.6172829;55.7962952;47.4074097;47.0493851;40.0246925;41.5679016;40.4259262;42.4259262;33.919754;32.0123444;34.4753075;28.8827171;9.33333302;5.99382687;8.22222233;14.7777786;8.41975307;6.41975307;6.1790123;19.5740738;36.9629631;24.7777786,30.5987625;28.5246887;33.0185165;54.7654305;52.1666641;80.4567795;98.5678864;115.74691;74.9691315;78.3086319;91.0432053;88.5617218;55.3765373;31.4382706;12.1543217;0;0;0;0;0;0;0;0;0;0;0;0;0;0;0;0;0;0;0;0;0;0;0;0;0;0;0;0;0;0;3.26543212;6.54321003;5.46913576;7.53086424;7.04938221;13.0987663;24.8703709;19.919754;30.2777767;21.7777767;22.9567909;31.2283955;86.2839508;101.043205;38.8209877,44,solid_clouds/keyframe_253.pcd
20320,7.68337439,18.1934902,0,-75.1386495,1.58536589;9.20731735;21.7073174;30.3231697;20.4817085;31.7378063;49.6036606;20.3048782;20.5243912;22.9268322;41.2195129;64.3353729;100.201218;66.6402435;57.1951218;60.1646309;48.3231735;53.896347;47.2682953;55.6585312;47.6524391;44.5853653;41.2804871;45.3536606;40.6646347;44.9512215;34.0243912;37.7682915;34.8719521;24.1341457;12.2378054;6.01829243;7.71951199;14.9573174;9.39634132;6.93902397;6.35365868;21.75;39.8475609;24.3170738,29.5670738;30.0426826;34.2804871;53.2439041;52.3780518;85.1402512;97.5243988;119.274391;74.8292694;77.6585464;99.0121918;84.2439041;56.7012253;33.7073174;12.1158524;0;0;0;0;0;0;0;0;0;0;0;0;0;0;0;0;0;0;0;0;0;0;0;0;0;0;0;0;0;0;3.27439022;7.77439022;5.46341515;7.85365868;6.64024448;12.6768303;26.5853653;18.4268303;32.0487823;22.3536587;22.4756088;31.2560997;85.8475647;106.975616;38.7561035,44,solid_clouds/keyframe_254.pcd
20400,7.69345321,18.1903504,0,-75.1338645,1.60493827;9.29012299;21.4567909;29.4938278;21.3580246;31.8703709;48.1913605;21.2716045;21.166666;24.0246887;44.0493851;63.7037086;100.74691;69.6913528;53.2654305;57.2716141;44.5493851;54.1296234;46.7839508;54.2407455;46.5061722;47.0185165;44.5246925;47.4074097;40.5555534;43.3209877;30.0061722;31.870369;35.9629631;24.6358032;10.1172838;9.92592621;9.23456764;11.9938269;10.6296291;7.80864143;5.58641958;19.6543198;34;23.8827171,30.6975327;29.6728401;34.6111145;52.4382668;51.4382706;80.3148041;100.462967;114.376534;75.407402;76.9753036;93.7592621;85.9814835;55.7654343;31.0679016;13.1296301;0;0;0;0;0;0;0;0;0;0;0;0;0;0;0;0;0;0;0;0;0;0;0;0;0;0;0;0;0;0;3.30246902;7.25308609;5.30864191;7.56790161;7.01851845;13.4382715;26.0370369;19.2160492;31.9691372;23.709877;23.8888893;32.2469139;83.567894;102.30246;39.876545,44,solid_clouds/keyframe_255.pcd
20480,7.68890302,18.1868383,0,-75.1194084,1.53293419;10.0239525;20.4670658;28.8143692;20.6047897;31.5089798;48.2814407;19.4491005;22.089819;23.7245502;42.4670639;62.7485008;97.4131622;66.2035904;55.1497002;56.2275429;47.5508957;55.4790459;50.1197624;53.0598831;48.1077843;44.6526947;43.0958061;40.9580841;39.6526947;48.0239525;32.9820366;37.5988007;34.1616745;25.2694626;12.2335329;10.6047897;5.22754478;15.7005987;10.0299397;7.01197577;6.37724543;19.9940128;35.2095795;25.5928154,29.6407185;29.6826363;33.3532944;51.7425194;51.8922157;81.0299377;92.9999847;117.886223;75.9221573;80.1496964;96.1317291;87.9401169;56.5449142;30.7904205;13.8383236;0;0;0;0;0;0;0;0;0;0;0;0;0;0;0;0;0;0;0;0;0;0;0;0;0;0;0;0;0;0;3.20359278;7.53892231;5.88622761;7.79041958;6.19161701;13.3532944;25.1257477;18.2574863;31.3113766;21.431139;23.047905;31.5149689;87.7185593;102.970055;40.5149727,44,solid_clouds/keyframe_256.pcd
20560,7.68176201,18.1850968,0,-75.1390246,1.59509206;8.83435631;21.7914124;29.5521469;19.6380367;32.0245399;50.2699432;19.01227;20.6134968;24.0858879;41.7055206;65.8834381;100.07975;69.2147217;55.9754639;57.9202499;47.3987694;56.2638054;51.0490799;56.6871185;45.1472397;48.938652;43.6134949;45.4601212;36.6134949;44.2331276;32.1288338;34.503067;35.7055206;26.472393;9.27607346;6.96932507;7.85276079;12.2699385;7.33128834;7.36196327;6.0490799;19.5950928;36.595089;25.2576675,30.5766907;30.3251534;33.5950928;52.87117;54.6134987;81.4539719;95.6871109;117.202446;80.3865051;75.7607346;96.8956985;85.9018326;56.1226997;31.7361965;13.4233112;0;0;0;0;0;0;0;0;0;0;0;0;0;0;0;0;0;0;0;0;0;0;0;0;0;0;0;0;0;0;3.40490818;6.39877272;6.18404913;7.20245361;6.65644169;13.1349688;25.2822094;19.1226978;30.006134;22.9263783;23.5828209;31.3006115;85.2576599;105.417175;38.5398788,44,solid_clouds/keyframe_257.pcd
20640,7.69198085,18.1814302,0,-75.1229664,1.5030303;8.86666679;21.30303;28.8848476;20.0121212;31.6606064;48.0242424;19.272728;21.4787884;23.6969719;42.3272705;65.5999908;98.5151443;66.9515152;54.315155;55.3454514;45.3212128;51.1151543;44.727272;55.169693;45.5454559;48.1454544;43.8060608;40.8181839;37.2242432;49.3272705;33.7393951;35.8848495;35.2242432;28.9999981;12.4363632;6.87878799;9.33333302;14.2121201;8.0363636;7.88484859;4.78181791;16.4424229;41.3272743;21.7272739,29.2424278;29.8121223;33.9333344;51.709095;50.7090912;81.7696991;95.2787933;119.072731;73.1393967;79.8303146;95.5030365;82.0606079;57.345459;33.6424255;12.5939388;0;0;0;0;0;0;0;0;0;0;0;0;0;0;0;0;0;0;0;0;0;0;0;0;0;0;0;0;0;0;3.21212125;6.39393902;5.9333334;7.31515169;6.55757618;14.1030302;26.1090927;19.1757565;31.6000004;22.3272705;22.6121178;30.3151512;82.4302979;103.460609;38.6787872,44,solid_clouds/keyframe_258.pcd
20720,7.69057983,18.1905662,0,-75.1596086,1.57142854;9.43452358;22.1726208;28.2083321;20.6369038;30.6369057;48.3214264;18.416666;19.8511906;24.0476189;40.0833359;63.0297661;93.5773773;66.7619095;53.1428604;54.7202377;49.5595245;50.7083359;46.1190491;52.2202377;47.2321434;43.9047623;41.6607132;43.6845245;36.9345245;43.8452415;30.3511925;37.0773811;33.0773773;28.2678566;12.3571424;7.72619057;8.76785755;12.1607151;7.91666651;6.99404764;5.17261887;18.0238094;34.5;24.6309528,28.6011906;29.1488094;33.5297623;52.4226151;47.9880905;79.5416565;93.3928604;115.267853;72.1904755;77.6369019;92.625;83.4642792;54.8273773;31.702383;12.5714302;0;0;0;0;0;0;0;0;0;0;0;0;0;0;0;0;0;0;0;0;0;0;0;0;0;0;0;0;0;0;3.30357146;6.75595284;5.13095284;8.47023773;6.5;12.9107141;25.0654755;19.6190472;29.6309509;21.3869038;22.8988094;30.3988094;83.3095245;98.5059509;38.7083321,44,solid_clouds/keyframe_259.pcd
20800,7.68444251,18.1899432,0,-75.1218088,1.60000002;9.60606003;21.6545448;29.5515175;20.181818;30.2000008;50.1454544;19.2363644;20.6909084;23.3636379;43.7030296;63.4303055;96.5515137;68.272728;58.4666672;58.2909088;46.903038;56.5212173;45.8545456;56.5575752;45.7454567;44.2303047;42.5272751;41.1757584;36.1757584;44.927269;31.181818;35.0969696;40.5575752;24.9757576;11.2666664;7.5757575;9.20606041;13.5272732;9.85454559;7.0666666;6.79999971;18.5333328;34.9454536;24.4545441,28.8060608;29.9030304;33.9757576;53.3575783;48.9757652;84.8484802;97.4545441;117.0606;78.8727188;74.4909058;98.1878662;85.7090912;54.9878845;31.8969727;13.4181805;0;0;0;0;0;0;0;0;0;0;0;0;0;0;0;0;0;0;0;0;0;0;0;0;0;0;0;0;0;0;3.26060629;6.66060591;4.66666698;8.29090881;6.69696999;13.6424236;24.9757595;19.8424244;31.1454563;21.1151524;22.8303032;31.0848522;79.8666534;104.606064;39.9757614,44,solid_clouds/keyframe_260.pcd
20880,7.68729749,18.1876101,0,-75.1413449,1.59006214;9.65838528;21.826088;29.0683231;20.9440994;31.2111797;49.5031052;21.3167686;20.9440975;23.6397514;42.9751511;65.9378891;96.7391357;68.8260803;58.9068336;58.1242294;52.981369;56.7763939;49.1366463;57.8757782;44.9130402;45.6211166;45.5155296;43.1552811;41.1180115;48.9813652;31.8633537;35.4037247;37.9503098;25.0434761;11.4099379;6.04968977;9.49689484;14.7204971;7.84472084;8.52173901;5.826087;18.9316769;40.1366425;22.9813652,30.0683231;30.3913059;34.5714264;53.9875832;51.8571434;83.788826;96.9378891;119.267082;78.602478;81.6335373;96.1180038;88.4472046;59.6335373;31.6708088;13.4099379;0;0;0;0;0;0;0;0;0;0;0;0;0;0;0;0;0;0;0;0;0;0;0;0;0;0;0;0;0;0;3.32298136;7.32298136;4.73291922;8.63975143;6.69565201;13.0124226;25.4658375;18.9937878;32.2236023;21.2919254;24.130434;31.720499;87.217392;108.335411;39.9751472,44,solid_clouds/keyframe_261.pcd
20960,7.68906426,18.1925689,0,-75.1828369,1.5568862;9.40119743;20.904192;29.3832378;20.4850311;31.2814369;46.5508995;20.9401188;18.5209579;23.3592815;39.0179634;64.1916199;94.0119781;67.6347351;55.8682594;57.7006035;43.287426;57.9820366;44.6586838;56.0718575;46.5449104;45.2634735;43.1257477;38.7904205;40.6766434;46.6646729;29.9940109;38.3413162;36.6407166;27.0119762;13.3892212;7.66467094;8.76646709;14.568862;8.91017914;7.49700546;8.35329342;17.4670658;35.2335358;27.7784443,29.6347313;28.904192;33.3053932;52.862278;49.4970055;81.4910202;97.8622665;115.63472;80.6586761;75.9820404;93.9999924;87.1856155;55.7365265;31.2874241;13.3772469;0;0;0;0;0;0;0;0;0;0;0;0;0;0;0;0;0;0;0;0;0;0;0;0;0;0;0;0;0;0;3.32335329;6.54491043;5.91616774;7.62874269;6.41317368;12.287426;26.1077862;18.6347313;29.5209579;21.1497002;22.5928154;30.4191628;86.7365265;101.407173;39.3892288,44,solid_clouds/keyframe_262.pcd
21040,9.41439611,17.6399215,0,-23.0705112,1.77142859;4.76326561;15.0040817;15.514286;16.1591835;24.57551;24.212244;24.3142834;29.3918381;32.6040802;41.9632683;76.6897964;51.122448;41.8408165;34.8408165;51.6163216;45.9836731;48.1632652;52.261219;49.3755112;43.9428558;48.6938782;49.351017;37.7918396;37.6326523;34.195919;28.8734703;31.5020409;76.4734802;20.9714298;37.9755096;32.7877541;31.9673462;44.3469391;44.3673477;59.6000023;60.0122414;26.3469391;24.0489807;63.2122459,94.9918442;130.595917;140.677582;143.893845;80.7632675;64.7999954;44.4979553;8.1183672;2.93061209;6.13061237;13.6081638;23.2938805;14.1795931;8.65306091;11.6612253;4.90612221;0;0;0;0;0;0;0;0;0;0;0;0;0;0;0;0;0;0;0;0;0;0;0;0;0;0;0;0;0;34.1387749;49.4244919;58.1387711;23.5142841;15.0857134;16.7061234;22.0326519;13.1673479;25.6897964;28.7020435;41.889801;50.9469376;73.9959259;114.444901;154.68161,44,solid_clouds/keyframe_263.pcd
21120,10.7835385,16.9019317,0,-123.008301,1.98198199;12.2972965;24.261261;30.4414406;23.9819813;33.3243256;50.4864883;27.6396408;44.0540543;79.1621552;149.486481;113.162155;115.972969;74.8198242;56.3063011;38.0450439;29.2972946;14.216217;25.4144135;20.3243237;16.7027035;6.9099102;9.08108139;9.08108139;7.06306314;12.1081085;15.1171169;32.522522;36.7027016;27.261261;0;0;0;0;0;0;0;0;0;1.42342341,100.558563;115.567574;29.7117081;22.7297287;22.7207184;23.0270271;20.1891899;26.7117119;28.405407;28.4594612;39.5675659;43.6756744;46.801796;54.5135155;19.5765762;0;0;0;0;0;0;0;0;0;0;0;0;0;0;0;0;0;0;0;0;0;0;0;0;0;0;0;0;0;0;25.5405407;27.261261;30.3963966;34.2252235;27.3693695;29.6036034;32.8378372;30.4594574;24.7747746;43.8288231;50.5044975;44.8198166;31.7927914;32.9549522;50.0630608,44,solid_clouds/keyframe_264.pcd
21200,10.7940693,16.8999649,0,-123.008037,1.94495416;12.2660551;25.2568817;29.4587173;25.1926594;36.8348618;56.871563;37.871563;63.0917358;85.0275269;177.770615;125.275238;135.055038;82.6422043;56.0550461;35.2110062;30.5871544;15.0825691;25.5137634;16.1192665;16.3119259;11.3211012;8.67889977;9.08256912;10.0917435;10.7981653;12.6605511;30.8990841;36.4036713;28.6788979;0;0;0;0;0;0;0;0;1.4678899;0,103.834862;114.522942;33.42202;28.2385349;26.0366974;27.6513767;21.8256893;31.9357796;31.8899117;37.5504532;43.9082603;49.42202;47.8165169;57.1009216;22.3486214;0;0;0;0;0;0;0;0;0;0;0;0;0;0;0;0;0;0;0;0;0;0;0;0;0;0;0;0;0;0;29.5504608;28.0917435;32.3211021;39.3486252;33.8440361;35.2935791;41.825695;34.9266052;26.4036713;44.7522964;49.7523003;49.0550461;37.9816513;36.9816513;51.8899117,44,solid_clouds/keyframe_265.pcd
21280,10.7783717,16.8993115,0,-123.029801,1.92727268;12.1545448;24.0636368;29.8090897;25.6909103;38.2636375;53.6727295;36.7454529;60.7636414;87.5727234;179.354553;128.736374;121.099998;80.2636337;58.1090927;34.6909103;30.227272;15.6000004;27.6181831;13.1636372;16.9909096;9.41818237;9.49090862;9.49090862;12.6545458;10.545455;13.5090904;29.8999996;35.6272736;27.1272736;0;0;0;0;0;0;0;0;0.718181789;0,101.163635;116.772736;31.1636372;28.4636383;27.1727295;25.9363632;21.3363628;32.4181824;31.5818195;32.5090866;47.9000015;46.1363602;52.354538;56.9090881;21.40909;0;0;0;0;0;0;0;0;0;0;0;0;0;0;0;0;0;0;0;0;0;0;0;0;0;0;0;0;0;0;26.6545467;29.4363651;33.7545433;38.5727234;31.7090912;34.2545433;41.3181839;34.4181862;28.4181805;43.936367;48.9818192;48.0636368;36.936367;35.5454521;49.772728,44,solid_clouds/keyframe_266.pcd
21360,10.7726903,16.9011234,0,-123.068685,2.07017541;12.4649124;24.9473686;30.6666679;25.1842117;35.7017517;52.7719269;33.6578941;50.8947372;85.5877151;154.17543;113.008781;110.631577;73.6140442;55.9473686;32.5701752;29.1052647;15.2982454;26.6754379;14.4210529;16.6315784;8.76315689;10.4210529;6.63157892;6.63157892;9.47368431;10.2192984;30.7105236;33.8421021;25.2280693;0;0;0;0;0;0;0;0;0.684210539;0,93.921051;108.771935;27.5526333;26.4649124;23.1052666;27.0350857;20.4385948;30.324564;28.5701733;29.087719;39.47369;45;45.6403503;55.8684273;20.7280693;0;0;0;0;0;0;0;0;0;0;0;0;0;0;0;0;0;0;0;0;0;0;0;0;0;0;0;0;0;0;25.6403503;26.8859653;29.7105274;37.1140366;28.666666;33.4473724;35.4473724;31.2894745;25.4649124;41.5877266;45.6754417;45.0526352;32.6228104;33.1052666;44.9385948,44,solid_clouds/keyframe_267.pcd
21440,10.7777599,16.904776,0,-122.977831,1.98198199;12.2972965;23.7657661;30.8378372;24.594593;35.6396408;52.7567558;30.738739;43.522522;84.1441498;161.225204;116.504509;115.342331;71.459465;55.0450439;31.8468456;30.4864883;13.4594584;23.6126118;15.3243237;16.4954948;8.47747707;10.9729719;7.63963985;6.68468475;8.59459496;13.0540543;30.8918915;36.0630608;26.4684677;0;0;0;0;0;0;0;0;0.711711705;0,94.702713;113.396408;28.3603573;25.8018036;22.9549561;27.8108101;21.1981983;28.6936913;29.8468475;31.6666679;40.7026978;45.135128;45.6666718;52.4864883;18.1351337;0;0;0;0;0;0;0;0;0;0;0;0;0;0;0;0;0;0;0;0;0;0;0;0;0;0;0;0;0;0;25.6216202;27.2792797;29.8378391;36.5135155;28.9008999;30.6756783;35.1982002;29.9549561;25.6216259;39.2882843;45.7207222;48.7387352;31.7297306;33.3873863;45.6126099,44,solid_clouds/keyframe_268.pcd
21520,10.7807896,16.9042957,0,-123.007983,2.03571439;12.4375;24.4553566;31.0178566;24.625;37.1875;51.3125;31.3303585;48.9732132;82.6339417;156.258926;117.178558;115.794647;75.3482132;54.3749962;32.2410698;29.4107132;14.1339293;27.5714302;17.6339264;17.9196434;8.875;8.51785755;6.625;6.625;9.46428585;13.0625;29.9732151;33.9910736;26.25;0;0;0;0;0;0;0;0;1.41071427;0,94.4732132;111.651787;29.3571453;24.2946415;22.3660717;27.6339321;21.1696434;30.125;28.1160736;31.75;38.75;44.4196434;47.089283;56.4553604;20.8571434;0;0;0;0;0;0;0;0;0;0;0;0;0;0;0;0;0;0;0;0;0;0;0;0;0;0;0;0;0;0;26.5714302;27.2321434;29.5625019;36.375;29.6696415;31.2410717;35.1607132;30.6339283;26.0714283;41.2500038;45.6875;46.321434;31.7589302;33.5803604;49.0446434,44,solid_clouds/keyframe_269.pcd
21600,10.8008221,16.8998668,0,-123.008038,2;12.3125;24.25;30.375;24.8214283;37.4464264;51.7142868;31.5357132;45.5982132;84.741066;159.848206;120.866066;114.732147;76.008934;54.1607094;34.5982132;29.3125;16.1339283;24.8482151;19.2232151;20.4642868;8.23214245;11.125;9.53571415;6.6875;10.5089283;10.4642859;30.6607132;35.1964264;31.1964283;0;0;0;0;0;0;0;0;0;1.46428573,98.0000076;116.651802;29.223217;25.8303566;23.3928566;26.5178566;21.0446434;30.3928547;31.2589264;28.8839283;40.7857094;44.6249924;46.7232132;54.8482132;20.7767868;0;0;0;0;0;0;0;0;0;0;0;0;0;0;0;0;0;0;0;0;0;0;0;0;0;0;0;0;0;0;26.7321434;28.2410698;29.8035698;37.3214302;29.1071396;30.8125;35.9374962;31.7678547;25.6964283;42.2946396;46.5892792;47.0714264;32.5178528;34.6249962;52.5892792,44,solid_clouds/keyframe_270.pcd
21680,10.7774726,16.9036172,0,-122.956623,2.5;11.909091;23.9818192;31.4727268;26.4454556;37.0090904;51.9636383;34.5636368;49.7999992;81.2727203;161.909119;116.654526;117.718185;74.7454529;56.0454483;32.9545441;30.9090881;15.6181812;25.6818161;17.6181812;16.0181828;10.0272732;10.409091;8.590909;6.68181801;7.63636351;12.6727276;32.2090912;37.2454567;27;0;0;0;0;0;0;0;0;1.43636358;0,97.0545425;117.109093;28.7999992;26.063633;24.0909081;27.5363655;20.8090878;30.2818184;31.2090893;28.9181824;41.7090874;45.2999992;47.3999939;56.9090919;18.2545452;0;0;0;0;0;0;0;0;0;0;0;0;0;0;0;0;0;0;0;0;0;0;0;0;0;0;0;0;0;0;26.4000015;28.3636341;31.4363632;36.4000015;30.7181797;32.4272728;36.9636383;29.863636;25.9818172;41.8272781;45.9181824;46.1636353;32.4636345;33.4454536;50.8818169,44,solid_clouds/keyframe_271.pcd
21760,10.780055,16.8848561,0,-84.1426657,2.96598625;8.89795876;15.5170069;20.4353733;19.7755089;30.0136051;50.5782318;27.4353752;26.8163261;47.8979568;130.510193;92.4830017;89.3197327;96.5986404;81.3061218;67.0816345;53.5714264;41.4421768;49.2176895;37.741497;41.1428566;35.9455795;39.0816345;20.183672;24.8979588;17.8095245;37.605442;51.4966011;47.0748291;32.5442162;19.9591846;16.8707485;48.2516975;43.6394539;10.7346935;13.2517014;41.7551041;45.5034027;13.0068026;0,24.2448978;25.8775482;30.8435364;36.1428566;47.6734695;54.4013596;71.0204086;109.938782;127.653061;117.448982;118.299332;92.2108765;88.2993088;29.9183655;4.44217682;0;0;0;0;0;0;0;0;0;0;0;0;0;0;0;0;0;0;0;0;0;0;0;0;0;0;0;0;0;8.34693909;26.8299332;27.3673477;36.4353752;55.7755127;36.4149666;33.6326523;29.2108822;74.7483063;87.2380829;85.435379;19.9115658;24.5510216;17.0340137;24.6394539;24.3741474,44,solid_clouds/keyframe_272.pcd
21840,14.2829525,17.1944091,0,-29.7974581,0.714285731;7.04591846;16.061224;16.3826523;18.9183674;30.3928566;43.8214264;25.0969391;24.311224;32.122448;48.714283;69.5816345;159.336731;81.2551041;82.4183655;88.0306091;91.0714264;54.4183655;40.8010216;45.5408173;54.8928528;48.5663261;51.75;50.9489784;62.7040863;93.0152969;77.9387741;72.1377563;36.6071434;66.7397995;47.7959175;41.9183655;13.7959185;0;0;0;0;0;0;0,93.9795914;132.147964;133.984695;110.581627;105.413254;103.306107;55.7142906;28.5510197;54.4285698;82.0561218;50.535717;43.8214302;39.3418388;21.0102043;17.6989784;5.04081631;0;0;0;0;0;0;0;0;0;0;0;0;0;0;0;0;0;0;0;0;0;0;0;0;0;0;0;0;0;22.0510197;22.3316307;23.3061237;22.1326542;22.1938782;22.1479568;24.4438782;25.4285717;22.4183674;32.3826523;36.5561256;47.8367348;70.4234619;101.147957;122.433662,44,solid_clouds/keyframe_273.pcd
21920,14.6016416,16.9079593,0,-122.721671,1.89655173;11.7241383;24.0603447;28.4224129;26.0517235;40.7586212;52.7586212;29.6465511;40.0603447;47.0775833;98.3103485;165.784485;151.008636;126.931038;115.793106;98.2844849;122.655174;116.68103;68.4310303;68.7327576;128.077591;50.353447;38.2586212;8.1896553;5.09482765;0.75;0;0;2;5;4;7;6;5;4.01724148;6.08620691;5.08620691;3.0517242;6.10344839;2.03448272,27.8534508;34.2499962;25.3706894;32.9137917;29;32.6637955;33.0517235;39.5775833;29.8965492;42.5172424;52.8103447;57.9741364;66.4913864;71.5172424;18.9137936;0;0;0;0;0;0;0;0;0;0;0;0;0;0;0;0;0;0;0;0;0;0;0;0;0;0;0;0;0;0;43.5775871;61.0517197;71.7155304;78.1810379;89.646553;83.6120682;84.0689621;80.4224167;97.4741364;104.086212;77.5430984;99.7499924;63.6120682;52.3706894;39.2586174,44,solid_clouds/keyframe_274.pcd
22000,14.5968015,16.9081094,0,-122.766894,1.55725193;9.56488514;20.1526718;24.4580154;23.9618301;39.1374054;48.4961853;35.7557259;44.2213783;54.9465675;86.6259613;153.099228;137.473282;119.39695;115.832062;98.1755676;114.496185;104.801529;73.5267181;70.9465714;121.908394;49.832058;33.0000038;7.24427414;6.24427509;0.656488538;0;0;3.41984725;2.56488538;5.98473263;4.27480936;5.12977076;4.54961824;2.83969474;5.67938948;1.89312983;4.73282433;5.67938948;1.89312983,26.9312992;32.5801544;24.8854961;30.6335888;29.7557259;33.122139;31.4503822;34.5648842;29.7099266;39.4656448;46.0152626;55.9465637;59.5496063;67.0076218;19.4503822;0;0;0;0;0;0;0;0;0;0;0;0;0;0;0;0;0;0;0;0;0;0;0;0;0;0;0;0;0;0;39.9770966;54.5038071;65.3587723;71.877861;79.2060928;74.2824402;78.1297684;80.2900772;96.4809265;107.969475;81.435112;99.9770966;70.0534363;47.7251892;35.8167953,44,solid_clouds/keyframe_275.pcd
22080,14.59847,16.9031631,0,-122.681136,1.55555558;9.73809433;20.9603176;24.2460327;26.1587296;38.5555573;51.3333359;35.9444466;43.8333359;48.6111107;96.1745987;164.920609;139.444443;118.880959;125.15081;98.7460251;113.849197;109.484131;78.1031799;73.4365082;122.126976;48.5476151;33.6666641;6.92063475;4.77777767;0.682539701;0;0;3.61904764;4.52380943;7.23809528;4.52380943;3.61904764;4.58730173;4.84126997;3.87301588;2.90476179;5.80952358;1.93650794;5.80952358,27.0238075;34.2301559;24.5714283;30.8730164;29.6190453;31.4047623;33.4206352;37.0634918;32.1190453;40.9603195;50.6825447;53.0634956;67.5396881;66.9523773;17.5873013;0;0;0;0;0;0;0;0;0;0;0;0;0;0;0;0;0;0;0;0;0;0;0;0;0;0;0;0;0;0;41.079361;55.9047623;68.5793686;74.4523926;81.944458;78.7142944;79.7777939;84.8730087;98.8015976;105.023819;81.6190491;99.5873032;75.642868;48.944458;37.0793648,44,solid_clouds/keyframe_276.pcd
22160,14.5887165,16.9069998,0,-122.838871,1.78151262;11.1932774;22.5882339;27.6470585;26.7226887;38.7563019;52.9663849;34.3193283;39.9747925;47.7647057;94.8739471;160.680664;145.722702;128.411774;118.630264;99.9831924;118.941177;105.798325;76.8571472;72.428566;127.689079;51.8403397;36.2268906;8.33613396;4.9747901;0.739495814;0;0;2.82352948;4.70588255;5.64705896;4.70588255;6.58823538;2.82352948;3.91596627;1.98319328;5.94957972;2.97478986;3.96638656;3.96638656,27.0168076;33.9075623;25.3613472;29.9831982;29.2016811;35.1008415;30.8655472;38.9579773;30.2100887;43.3613434;49.8655434;59.4033623;65.3781433;69.4285736;19.5042038;0;0;0;0;0;0;0;0;0;0;0;0;0;0;0;0;0;0;0;0;0;0;0;0;0;0;0;0;0;0;44.126049;59.5798302;72.3277283;75.4201736;86.2941132;78.1428528;87.8319321;80.9495926;96.8739471;105.235298;82.3697357;97.1176376;65.1932755;47.8655472;39.0252113,44,solid_clouds/keyframe_277.pcd
22240,14.5955812,16.9094408,0,-122.842923,1.82113826;11.2113819;22.0813007;28.0569115;25.6585369;38.3008118;51.1300812;32.6422768;37.5609779;43.2845535;93.5203094;159.821136;142.349594;122.414627;111.243904;95.1382141;116.731712;105.36586;82.1138153;64.6260223;120.008125;49.3739853;33.0894318;9.1219511;4.78048754;0.707317054;0;0;1.804878;3.60975599;4.51219511;4.51219511;4.51219511;3.60975599;1.85365844;3.804878;4.75609779;0.951219499;4.75609779;3.804878,26.0731716;33.5203247;24.4471569;30.6260185;27.7642269;31.9756107;32.21138;39.1869926;29.6504097;39.4959335;48.3333321;56.6829262;67.3902435;66.42276;17.7560959;0;0;0;0;0;0;0;0;0;0;0;0;0;0;0;0;0;0;0;0;0;0;0;0;0;0;0;0;0;0;41.7154465;56.7154503;67.8536682;73.5203171;83.3251953;80.1869812;80.5447083;83.3821106;95.4796753;101.707306;77.0731735;87.2195129;60.7073212;46.3495979;37.3252068,44,solid_clouds/keyframe_278.pcd
22320,14.5946098,16.9079722,0,-122.804575,1.88429749;11;23.4793396;29.0330582;26.6033058;36.8925629;51.2809906;33.9917374;39.1570244;43.4214897;92.8677673;160.074387;142.743805;123.223145;118.024788;97.2396622;122.314049;102.140495;80.074379;62.8429794;128.041336;50.9752045;33.9504128;7.75206661;4.80165291;0.710743785;0;0;1.90082645;4.75206614;5.70247936;5.70247936;3.80165291;3.80165291;3.81818199;2.87603307;4.79338837;1.91735542;3.83471084;2.87603307,26.0909119;33.0165291;24.8264465;31.0909081;28.4132233;32.0578537;30.2644615;37.4297523;30.0165272;40.12397;49.8842964;58.5867767;62.5454597;71.3470993;18.7685947;0;0;0;0;0;0;0;0;0;0;0;0;0;0;0;0;0;0;0;0;0;0;0;0;0;0;0;0;0;0;42.1735573;59.3884354;69.8264389;72.9917297;82.3057861;80.206604;86.8264389;80.9586716;93.669426;101.47934;80.0826416;95.528923;64.4132233;47.5454559;38.438015,44,solid_clouds/keyframe_279.pcd
22400,16.6845119,16.6304974,0,-3.56503219,2.22222233;6.84210539;17.087719;24.6081886;19.502924;27.4269009;34.2631607;20.0292397;35.6374283;45.7543869;82.7368393;91.9064331;64.3508835;80.2163696;60.4093552;54.3625755;57.6257248;75.3567276;70.01754;80.421051;105.619881;81.9122849;77.9824524;65.2924042;62.7134476;65.2748489;18.2631569;14.7251453;0;0;0;0;0;0;0;0;0;0;0;0,103.023392;87.461998;54.5321617;17.918129;12.2573099;12.8596487;44.0818672;30.8187141;16.2339172;23.2631588;23.918129;20.7543869;20.3976593;26.9590645;12.2807026;0;0;0;0;0;0;0;0;0;0;0;0;0;0;0;0;0;0;0;0;0;0;0;0;0;0;0;0;0;0;19.918129;18.666666;24.7076035;26.4502888;28.3333321;48.8011742;47.6900558;74;80.2397614;101.368431;96.4327621;100.263161;105.994156;77.1462021;85.7894821,44,solid_clouds/keyframe_280.pcd
22480,18.394051,16.3951454,0,-123.020619,1.63758385;10.1342278;19.8187923;24.2348995;17.6510067;26.530201;43.2550354;18.9798641;27.489933;43.5973167;69.7449646;150.859055;126.651009;85.5906067;94.4832153;102.583893;89.0603943;104.617447;70.053688;57.3355751;54.3691254;38.1812096;44.8389282;41.2281914;70.1879196;58.7114105;28.5436249;35.8389282;88.053688;23.4496651;0.744966447;0;0;0;0;0;0;0;0;0,26.7382565;28.4563751;23.4362431;24.2281876;25.6174488;29.9530201;20.1275196;34.1879196;33.3691292;42.932888;56.7248306;63.1006699;69.4026871;54.489933;16.0939598;0;0;0;0;0;0;0;0;0;0;0;0;0;0;0;0;0;0;0;0;0;0;0;0;0;0;0;0;0;0;27.456377;70.6241684;80.8322144;107.234901;105.442963;103.355713;94.8053818;114.013428;98.9865799;78.2416153;71.8926315;52.744976;37.9328918;41.7315445;34.3020134,44,solid_clouds/keyframe_281.pcd
22560,18.3914736,16.3926233,0,-122.937437,1.45000005;8.00625038;17.8374996;22.5875015;18.7999992;25.7562485;43.1062469;26.4124985;30.4812489;52.0999985;85.09375;157.756256;137.631256;78.8125;101.6875;98.3374939;90.9312439;97.6999969;62.5250015;53.1062508;52.4625015;33.4124985;43.6750031;51.4875031;67.7687531;62;24.7750015;30.5250015;91.8000031;23.3937492;1.4375;0;0;0;0;0;0;0;0;0,26.1687489;31.956255;24.4375019;27.59375;27.3062496;32.375;25.8062515;36.1874962;29.9375038;44.0999985;52.0812416;62.8999863;64.1249924;55.7999992;12.9500017;0;0;0;0;0;0;0;0;0;0;0;0;0;0;0;0;0;0;0;0;0;0;0;0;0;0;0;0;0;0;24.0500011;72.4312439;79.7124939;111.168732;96.4999924;97.0937424;101.724983;103.031242;111.468742;84.0749969;67.34375;64.5624924;45.4937477;43.625;36.8499985,44,solid_clouds/keyframe_282.pcd
22640,18.4311489,16.19999,0,-17.3926577,1.10144925;8.173913;18.188406;25.0072479;31.97826;52.2608719;60.9057999;25.2246361;28.4565258;35.586956;57.144928;103.702896;74.7028961;69.4710159;91.0072479;76.427536;101.695663;105.173904;103.282608;90.927536;65.3985519;82.6014481;62.891304;20.043478;10.144928;0;0;0;0;0;0;0;0;0;0;0;0;0;0;0,63.8478317;75.108696;86.4565201;94.5289764;70.5579758;38.6304321;39.072464;14.702898;13.297101;9.62318802;14.550724;30.5072479;12.4057961;16.536232;2.03623176;0;0;0;0;0;0;0;0;0;0;0;0;0;0;0;0;0;0;0;0;0;0;0;0;0;0;0;0;0;7.13768101;18.9927521;25.8550739;20.0362301;27;27.1231861;38.608696;34.1376839;56.0144844;61.014492;69.9855042;88.9202957;89.6521835;80.826088;100.202904;74.1304245,44,solid_clouds/keyframe_283.pcd
22720,23.11951,16.0329429,0,-9.17445966,2.35658932;10.2325583;19.8914719;24.736433;27.5658913;35.4728699;52.6279068;46.9379883;43.2403145;57.4418602;85.8682251;97.39534;115.116272;116.868202;76.9302368;49.2945747;35.4030991;14.7751942;6.17054319;0;0;0;0;0;0;0;0;0;0;0;0;0;0;0;0;0;0;0;0;0,17.1860466;20.5271339;30.0542603;27.9767456;23.7131786;47.7054214;48.4496117;36.6589165;44.8139572;31.542635;25.542635;31.8682175;34.0232544;29.0542622;21.1162777;12.1705437;0;0;0;0;0;0;0;0;0;0;0;0;0;0;0;0;0;0;0;0;0;0;0;0;0;0;0;0;0;24.0620155;24.5193787;28.6899204;37.2015495;27.2248077;35.4883728;41.2403145;38.6201515;31.387598;34.209301;30.8837223;24.2945747;18.6589165;19.8217049;19.6201553,44,solid_clouds/keyframe_284.pcd
22800,23.3460164,15.8720988,0,-127.085376,1.3176471;7.75294113;15.5764704;21.1764717;15.4470587;25.7235298;37.8705902;18.9588242;33.3705902;56.1705933;62.652935;95.5411758;170.352921;125.176468;104.105888;92.1235352;72.0647125;62.5999985;55.7117653;54.6588211;58.8588219;42.3294144;46.6411743;44.9294128;41.9941177;33.2352943;23.0882339;21.9058838;24.7823524;17.4411774;14.7411766;17.5470581;21.8823528;35.1823502;40.2647057;39.5823517;7.44705868;57.7823524;57.0294113;9.70588207,31.0823517;34.5470581;36.6705856;37.1529427;30.4823513;31.476469;30.5941181;35.1470566;25.5411777;35.09412;51.0470657;40.0294113;34.5352936;26.0117645;17.7470589;0;0;0;0;0;0;0;0;0;0;0;0;0;0;0;0;0;0;0;0;0;0;0;0;0;0;0;0;0;0;24.9647064;59.7176437;60.9470558;95.2294083;121.505875;126.358826;124.658821;144.299988;117.252945;115.11763;87.4117737;67.5235367;53.7470551;48.4058838;40.4235229,44,solid_clouds/keyframe_285.pcd
22880,23.3406909,15.8764873,0,-126.995662,1.25443792;7.79289913;15.3786983;19.4615383;17.2662716;26.4674568;40.9645004;23.9408283;40.6804695;61.8934937;76.5266342;121.674568;174.189362;130.680466;108.136086;95.3668671;77.5384598;58.6923027;55.2248497;58.5384598;52.6686401;44.8402367;47.4141998;43.3787003;34.3609467;42.6686401;24.0591717;22.5917168;26.7041416;17.6804733;15.9763317;14.5088758;18.1656799;34.7929001;43.8579865;36.1360931;8.10059166;59.0177498;64.8402328;11.7751484,33.7218971;37.970417;40.0414238;37.6982269;35.7218971;34.1775169;34.6627274;37.5858002;29.9112453;38.8461609;48.9881668;41.7692375;38.4852104;28.4911232;18.8757401;0;0;0;0;0;0;0;0;0;0;0;0;0;0;0;0;0;0;0;0;0;0;0;0;0;0;0;0;0;0;26.1183414;58.08284;63.9467468;100.12426;129.402374;126.195267;125.071007;139.455627;124.213013;127.295853;85.7100601;75.1597672;63.5266304;53.0591736;40.8994102,44,solid_clouds/keyframe_286.pcd
22960,23.3416931,15.8872065,0,-126.937235,1.13953483;6.73255825;14.7906971;18.1976738;17.0523262;24.6046524;45.1802292;25.6686039;46.3255806;73.30233;77.4593124;112.226738;171.197693;133.56395;102.56395;96.0697632;71.4593124;55.2732544;53.319767;54.279068;52.720932;44.4069748;42.0523224;39.2267456;35.6918602;36.7151184;28.0058136;20.9476738;21.8720932;20.8255806;16.1337204;16.7790699;19.7441864;38.5697708;42.930233;39.7848816;5.180233;56.2732544;63.4360428;13.4767437,35.598835;39.9709358;40.6860428;39.5232506;36.3139496;34.5174408;34;41.075573;31.6046581;40.0813942;47.9534874;42.2034798;41.075573;27.6162777;18.69767;0;0;0;0;0;0;0;0;0;0;0;0;0;0;0;0;0;0;0;0;0;0;0;0;0;0;0;0;0;0;24.860466;60.2441788;61.4651146;98.4651031;120.267448;123.255814;123.22094;135.924423;121.709297;118.366287;86.5523224;70.6686096;59.9592972;56.0465164;43.2558098,44,solid_clouds/keyframe_287.pcd
23040,23.3434308,15.8850391,0,-126.934575,1.1560694;7.34104061;14.2658958;18.2196541;16.9768791;25.0462437;41.2485542;24.1445084;41.7109795;67.1329498;79.4682083;119.398849;175.959549;139.046234;107.231201;101.121384;76.7283249;58.2774582;55.624279;56.6647377;58.3237;42.8612747;39.9942169;39.3410416;35.8612747;42.7341042;23.0520229;23.757225;24.0000019;22.4913292;12.8323698;16.566473;25.4739895;31.4450855;45.5086708;38.2890167;6.07514477;49.5144501;67.0057831;12.566474,32.9075127;38.3121338;38.6127205;36.1213875;37.9479828;34.5202332;33.8265877;40.9248581;28.1271706;41.0751419;47.7398872;41.6763;41.9710999;29.3583794;18.7687855;0;0;0;0;0;0;0;0;0;0;0;0;0;0;0;0;0;0;0;0;0;0;0;0;0;0;0;0;0;0;22.2543335;60.3005829;63.2369995;96.2312241;125.254326;127.705208;130.670532;138.277466;124.578026;122.803482;94.179184;78.3699341;63.9306335;53.8265839;40.947979,44,solid_clouds/keyframe_288.pcd
23120,23.3440557,15.8817481,0,-126.955404,1.28654969;7.89473677;15.8596497;19.6081867;16.584795;23.3976612;37.8245621;20.6081867;35.5380135;60.3508873;69.98246;106.298248;177.807007;137.625732;107.614037;103.906433;76.3274841;62.2690048;57.4561386;61.4444466;53.5497131;43.1578941;46.7017555;41.3274841;34.0935669;42.8421021;23.5438595;27.1929836;21.6432762;20.9649124;12.7017546;16.2690048;22.5906448;37.9707603;45.6608162;37.2280693;7.1988306;51.5789452;66.4502869;11.5087719,32.9649086;36.3976593;36.3450279;36.2046738;33.4327469;34.7660751;31.0175419;38.2806969;29.0994129;37.6315727;48.4678345;40.9473648;34.7251434;26.1637421;19.0584793;0;0;0;0;0;0;0;0;0;0;0;0;0;0;0;0;0;0;0;0;0;0;0;0;0;0;0;0;0;0;22.1228065;59.1929817;63.2046776;102.029251;122.807022;128.871338;129.099442;138.339172;127.023392;125.456131;99.0994186;78.198822;61.8421059;50.5438538;40.5263176,44,solid_clouds/keyframe_289.pcd
23200,23.3460777,15.8817785,0,-127.017865,1.3012048;7.78313255;16.3373489;20.2771072;16.3192768;24.1325302;42.5240936;18.6445789;36.6987953;55.2048187;64.4337387;99.7168655;181.843369;135.150604;108.349396;101.283127;76.6024094;64.6927795;58.7590332;58.5662651;56.5963898;41.903614;49.1144562;42.0421677;42.0662651;34.9216881;24.5662651;23.7650604;17.7228928;23.9999981;11.6626511;17.5542164;22.2168674;37.5481949;47.1686745;37.6265068;6.54216862;59.5662689;62.2048187;14.5843372,32.2168694;36.1867485;38.8493996;38.0481949;33.8975945;32.3072281;29.8915672;40.0060272;27.481926;37.7469902;46.4759064;43.096386;35.9518089;29.3855438;19.0722904;0;0;0;0;0;0;0;0;0;0;0;0;0;0;0;0;0;0;0;0;0;0;0;0;0;0;0;0;0;0;24.1385574;59.4216843;64.6927643;106.90963;125.042168;122.5;130.993958;141.885544;124.560242;121.265045;95.2771149;75.5;57.0722885;51.2168655;40.9036179,44,solid_clouds/keyframe_290.pcd
23280,23.3488647,15.8836651,0,-126.981403,1.30232561;8.2848835;15.6511631;20.3837204;16.4069767;24.2848835;40.9244194;21.5348835;36.5058136;58.7848816;68.1453476;105.860466;178.738388;135.593033;107.843025;103.593025;79.3197632;63.2907028;54.7732582;61.5;58.5406952;42.9360466;41.5;40.0058136;35.2441864;41.6162796;20.9244194;20.8430233;25.0406971;22.8081398;13.8313951;16.3255806;24.7558136;34.3953476;42.930233;33.7441864;7.20348835;50.5116272;67.2441864;10.5406971,31.8197651;36.180233;37.3023262;37.8023338;33.558136;32.9999962;31.9999981;39.5;27.2674408;36.1802292;51.6220932;40.2965164;35.1744194;27.0988331;19.209301;0;0;0;0;0;0;0;0;0;0;0;0;0;0;0;0;0;0;0;0;0;0;0;0;0;0;0;0;0;0;22.1104641;59.651165;62.75;100.069763;119.66861;120.104652;133.261627;143.633713;124.976738;126.098839;95.7848816;75.9592896;59.709301;51.4767456;40.3953476,44,solid_clouds/keyframe_291.pcd
23360,23.344779,15.8756889,0,-127.029971,1.52941179;7.05294132;15.4588242;18.9058819;17.5117645;25.4294128;42.0588226;25.111763;40.0588226;65.7411728;76.9294205;123.688232;181.382324;140.129425;111.382355;97.1705856;79.7941208;57.9117661;54.6764755;58.7235298;62.1294098;41.5882339;46.570591;43.2411766;37.1705856;40.5235291;25.9176483;23.5529404;24.2705879;22.841177;12.7764702;14.4352932;23.7294121;34.7470551;47.1764717;34.3058815;6.68823528;49.9176445;65.9470596;11.841177,32.5882339;37.8470612;39.1058884;37.4882393;36.5882378;34.2647057;33.6823502;41.5823555;31.6294117;38.1470642;47.0411797;43.7000046;41.7352982;26.8941154;18.3941174;0;0;0;0;0;0;0;0;0;0;0;0;0;0;0;0;0;0;0;0;0;0;0;0;0;0;0;0;0;0;25.7705879;59.9705925;64.2647095;102.517632;126.411751;127.864693;130.070587;143.576477;128.017639;123.688232;98.1294098;79.2646942;64.9117661;53.2352982;41.6352959,44,solid_clouds/keyframe_292.pcd
23440,23.6957654,15.5179144,0,-35.0276101,2.93382359;9.07352924;19.7205887;24.0294113;25.6323528;42.4044113;63.3014717;31.7941189;37.3014679;57.5367699;100.683823;73.8455811;111.374992;57.3897018;31.5367641;14.4926481;7.83823538;6.99264669;4.53676462;0.507352948;0;0;0;0;0;0;0;0;0;0;0;0;0;0;0;0;0;0;0;0,21.3602962;16.25;16.9264717;16.205883;12.6985292;17.625;13.7573528;19.6397057;24.3602943;17.4044113;34.6544113;34.4926453;28.8235302;36.1323471;28.5955906;8.68382359;0;0;0;0;0;0;0;0;0;0;0;0;0;0;0;0;0;0;0;0;0;0;0;0;0;0;0;0;0;22.5808811;21.0073547;22.4044075;24.6323509;22.919117;24.8602943;23.5661755;22.2794113;21.3235302;31.0661716;30.1764698;32.0808868;24.9926472;26.0882339;25.3382378,44,solid_clouds/keyframe_293.pcd
23520,25.7699335,13.2451331,0,150.057824,0.64864862;4.30115843;9.22007751;10.4555988;10.1312742;19.9613895;19.776062;11.7953672;22.7683392;66.0501938;66.1351318;63.5212364;104.231651;103.135139;71.5945892;89.1853256;81.0308838;119.749031;131.308884;98.4362946;64.5868759;46.1505814;36.9961395;40.9922791;43.0308876;39.1428566;55.3899612;61.7683411;38.3745155;25.7915058;37.3822403;34.9111977;31.0579147;19.6602325;17.335907;16.9382248;26.0038605;24.5907326;18.1698856;32.8571434,104.517372;168.953659;118.73745;121.416992;89.1505737;105.710426;92.4363022;57.328186;46.1467171;29.1196918;34.2355232;24.1428566;20.8571453;19.8571453;9.81081009;0;0;0;0;0;0;0;0;0;0;0;0;0;0;0;0;0;0;0;0;0;0;0;0;0;0;0;0;0;0;29.501936;51.0115814;55.2200813;43.6640968;43.2509689;47.8417015;37.8687248;42.2548294;53.3938141;54.3667946;65.888031;31.2123585;29.2393856;90.4903336;96.9420853,44,solid_clouds/keyframe_294.pcd
23600,25.7323758,13.2741161,0,149.127355,0.906666696;5.29777813;11.626667;14.04;13.1422224;25.0488892;26.0755539;17.2266655;32.8533325;67.5511169;83.5644455;72.2488937;110.506668;121.804443;81.2399979;91.7333298;81.6711197;118.759995;148.222229;95.0533295;67.5866699;42.0888901;42.4711113;51.5911102;39.9955559;47.9155579;61.0755577;53.0666656;46.2311134;21.7688885;34.8533325;34.1111107;30.8400002;24.8044434;13.8488884;17.4977779;28.2844448;24.3555565;20.9333344;47.466671,115.515572;178.506668;133.857773;123.782227;92.1466675;115.902229;106.724457;71.062233;44.0888824;30.7955532;32.8888893;24.3688869;21.457777;25.7422218;11.5733337;0;0;0;0;0;0;0;0;0;0;0;0;0;0;0;0;0;0;0;0;0;0;0;0;0;0;0;0;0;0;17.8933334;60.8444443;51.8577766;54.2844505;53.1155586;53.3244476;39.2844505;39.7288857;62.5955544;65.2355499;67.0533371;52.9377823;30.0666656;83.0444336;109.680016,44,solid_clouds/keyframe_295.pcd
23680,25.7350973,13.2730616,0,149.121793,0.886877835;5.0407238;12.0090494;13.5791855;13.3484163;25.1085968;26.4751129;14.1945705;34.5520363;69.1855164;88.3936691;80.0407257;110.076912;128.972855;86.3529358;94.0000076;104.615387;121.276016;154.742096;101.484169;61.9637985;54.9728546;40.4796371;47.4796371;41.9004517;52.6470566;48.1945686;56.0542984;48.0407257;27.5972843;33.2533951;38.9230766;33.8325806;19.7556553;14.0316734;14.4751129;26.5475121;22.1040726;21.4796391;45.4343872,125.805428;177.647049;134.904968;127.479637;87.5067825;117.77375;111.004524;75.3077087;44.4841652;28.5746593;34.0814476;27.7647038;22.4343891;25.6877823;12.158371;0;0;0;0;0;0;0;0;0;0;0;0;0;0;0;0;0;0;0;0;0;0;0;0;0;0;0;0;0;0;17.1266956;63.4162941;52.8099518;55.2760239;58.2895927;53.4660683;43.1040726;39.6515846;72.185524;68.113121;68.3665161;55.7420845;31.3665123;90.1945648;111.77829,44,solid_clouds/keyframe_296.pcd
23760,25.7375574,13.2697567,0,149.104826,0.888888896;5.02222252;11.7422218;13.9466667;13.0088892;24.3466663;27.706665;16.248888;35.1511116;67.3244476;82.4933395;74.804451;107.764442;120.604446;79.1600037;91.5644455;93.4088898;118.835556;151.480011;96.6222229;62.8844452;49.4711113;42.7288895;42.9688873;42.9466705;47.1022224;53.0400009;58.582222;45.6844444;21.8577766;38.1600037;46.2399979;30.2755566;20.9066658;15.9688883;14.4133329;27.1066666;20.4133339;20.6400013;46.2666664,117.720001;181.524445;141.186646;128.333344;87.3555679;115.333344;103.52002;70.2044449;43.8666649;27.5155544;34.1244392;25.946661;21.3911114;26.9822197;11.8222218;0;0;0;0;0;0;0;0;0;0;0;0;0;0;0;0;0;0;0;0;0;0;0;0;0;0;0;0;0;0;16.7288876;61.8177795;51.4622231;54.4222221;53.2755585;50.8444519;40.3866653;38.173336;66.9377899;64.2577667;68.3511276;52.1688919;30.4711094;85.1022339;108.555557,44,solid_clouds/keyframe_297.pcd
23840,25.7374856,13.2701391,0,149.082716,0.9147982;5.34529114;11.7309418;14.1659193;13.8340807;24.9327354;26.9910316;16.2331829;34.5112114;66.2017975;85.0134583;73.964119;106.282501;124.071732;82.3632278;90.3856506;90.2645721;118.798203;150.609863;101.20179;64.7892303;48.4439468;41.8071747;46.5739899;41.5605392;46.0986557;57.7174911;56.3722;43.443943;24.1704025;37.4125557;39.5560532;27.8475342;25.0044842;14.0807171;12.5381165;28.8385658;23.6681614;20.9506721;44.9596367,116.21524;178.659164;130.448425;130.443954;85.3677216;116.955147;109.901344;70.9910355;42.8923759;28.0403557;33.1165924;27.6322861;21.3273563;25.735424;11.3004484;0;0;0;0;0;0;0;0;0;0;0;0;0;0;0;0;0;0;0;0;0;0;0;0;0;0;0;0;0;0;18.0986538;63.6726456;53.7982063;54.1479797;55.0538101;50.3766861;40.5291443;39.3587418;64.2331848;67.6322784;69.3183899;54.3094177;31.2780266;85.3811722;107.434975,44,solid_clouds/keyframe_298.pcd
23920,25.7342835,13.2687854,0,149.147043,0.890909076;5.08636379;12.1181822;13.7227268;13.7318192;25.4954567;26.7363625;17.9045448;33.3772736;66.2454605;86.8318176;74.9409027;111.250008;118.818176;87.0772781;93.8136292;89.1272736;120.549995;150.618179;98.5136337;64.1590881;45.5818176;41.9727287;50.0136337;40.5409088;49.6500015;52.7863655;59.75;43.8545456;21.772728;34.5272713;42;32.3954544;20.5590897;14.2181826;11.909091;31.0045471;23.181818;20.1181831;47.3318214,119.536362;177.509094;133.322708;125.204552;85.7272644;116.186363;107.613632;74.2590866;43.8727303;28.5090904;33.518177;26.9727268;22.2954559;26.8227272;10.7136364;0;0;0;0;0;0;0;0;0;0;0;0;0;0;0;0;0;0;0;0;0;0;0;0;0;0;0;0;0;0;18.2136345;63.6545525;52.363636;54.8909111;56.1363754;48.9454575;43.3227272;40.0409088;62.9727287;68.9590836;73.1818161;53.0227203;31.4590912;86.6999817;108.249992,44,solid_clouds/keyframe_299.pcd
24000,24.2187648,11.514751,0,-172.042712,0.631578922;5.04561424;8.88771915;13.452631;23.691227;18.5649128;20.1999989;18.4105263;17.2280693;18.7789478;14.4982462;15.7438602;21.905262;26.8736858;43.2666664;42.3192978;36.7263184;34.9719315;46.6000023;42.9824562;45.0491219;63.1403503;41.6947365;36.6175461;38.8350868;41.9368439;62.3578949;39.3824539;34.7192993;36.6210556;36.8912277;24.3789482;27.3824558;36.3719292;30.6666641;25.7754383;35.3333321;30.3473701;11.9789476;39.7403488,25.7438583;22.8035107;7.32280684;10.8701754;14.0280704;6.08771944;3.70877194;6.45263195;2.61754394;3.18947387;3.58596516;4.76140356;4.27368402;4.20000029;0.947368503;0;0;0;0;0;0;0;0;0;0;0;0;0;0;0;0;0;0;0;0;0;0;0;0;0;0;0;0;0;0;42.2947311;37.189476;36.7087708;21.4456139;37.4385948;43.828064;55.1684227;78.3333359;65.4561386;103.547371;101.936844;104.792992;114.087738;120.263153;126.915794,44,solid_clouds/keyframe_300.pcd
24080,24.0749396,11.5556928,0,110.882136,1.1641221;5.51145029;10.9923668;13.8664131;10.1221371;16.8702278;27.2709923;22.6870232;28.2633591;37.0152664;38.9541969;59.7557259;71.874054;78.6793976;96.3969498;94.5763321;76.8282471;76.4465637;83.4656525;93.9885483;87.9045792;118.301529;87.6450348;83.6374054;46.3129807;55.4542007;60.057251;27.9083977;21.3053436;13.1068707;8.86641216;11.1297712;9.3625946;21.6564884;12.4541988;8.641222;26.6488533;20.5992355;7.45801497;45.5038147,29.358778;61.461834;69.3282394;85.6106873;98.2099152;91.6068726;101.034348;98.8167953;71.4465485;75.557251;73.7748032;66.0305328;40.6908455;26.7137394;12.4312973;0;0;0;0;0;0;0;0;0;0;0;0;0;0;0;0;0;0;0;0;0;0;0;0;0;0;0;0;0;0;10.9427471;23.4045811;22.3244286;19.0801506;21.8396969;38.4465637;63.9694672;74.8091583;73.1335907;62.7137413;54.9465675;61.4312973;73.0992355;63.3587723;53.1106834,44,solid_clouds/keyframe_301.pcd
24160,24.0679521,11.5520508,0,110.825808,0.927999973;5.35599995;10.7200003;14.7600002;10.9839993;17.5839996;29.3880005;24.3039989;33.2799988;37.9759979;42.9160042;57.2840004;86.6879959;78.9199982;107.011993;106.124001;81.6679993;91.0359955;100.395996;101.056;86.435997;128.764008;81.7160034;84.6040039;56.340004;56.2879982;64.3320007;33.2200012;24.8919983;11.395999;14.9400005;12.2719994;9.2319994;23.723999;16.6480007;11.6599998;28.2920017;17.8199997;9.60400009;46.9799995,30.9959984;60.9119987;73.9559937;85.4720078;103.85601;98.8759918;113.683998;107.248009;77.5360031;81.1559982;84.7559891;69.352005;43.8720016;27.0239983;13.3600006;0;0;0;0;0;0;0;0;0;0;0;0;0;0;0;0;0;0;0;0;0;0;0;0;0;0;0;0;0;0;11.4400005;24.3080006;24.4679985;20.5839996;22.3920021;41.3200073;69.6319885;76.7240067;81.7959976;69.8879929;60.6920013;66.9400024;84.6079941;70.6839981;60.0080032,44,solid_clouds/keyframe_302.pcd
24240,24.0754809,11.5547624,0,110.851352,0.931726933;5.65060234;11.3253012;14.3132534;11.2048187;17.811245;30.2650604;25.1244984;33.0843391;37.6265068;42.3855438;59.1526108;86.1606369;80.0281067;109.281128;101.803215;82.1686859;88.1285095;102.076309;97.6465759;90.5220871;124.289162;82.6224899;84.8473969;53.2168655;52.6747017;60.767067;31.8875504;19.7469883;9.69076347;12.6224899;10.2730923;12.6345387;21.2570267;14.9558239;12.7871494;26.1847382;18.8473892;9.78313255;44.4417686,31.3574333;59.2931786;70.7188721;84.9076233;99.0120468;98.7951736;109.188751;105.65461;73.4337311;84.7951889;82.7269058;69.7028046;41.9678612;26.3895569;13.2650604;0;0;0;0;0;0;0;0;0;0;0;0;0;0;0;0;0;0;0;0;0;0;0;0;0;0;0;0;0;0;12.5742979;24.8634548;24.5903625;21.0481911;22.3975868;38.5903702;67.2931671;72.8915558;81.4096375;71.3052216;60.5984001;66.172699;83.6907578;71.9477768;59.6385574,44,solid_clouds/keyframe_303.pcd
24320,24.0711837,11.5593468,0,110.898021,0.875;5.12890625;10.734375;13.4765625;10.4335938;17.0742188;28.5390625;23.0546875;31.8632812;35.0585938;40.953125;59.3203125;78.8554688;80.3085938;104.972656;100.003906;83.3359375;80.3085938;91.1132812;97.7304688;89.8476562;121.539062;81.359375;82.7070312;53.0195312;57.6210938;61.8984375;30.5625;20.796875;13.171875;8.35546875;11.2617188;13.9140625;20.4726562;13.1445312;12.59375;26.90625;18.1523438;9.47265625;44.4023438,31.484375;58.8671875;68.5546875;86.3125;102.402344;94.5234375;107.179688;105.074219;73.1289062;80.5820312;78.9179688;67.5507812;41.84375;26.640625;12.875;0;0;0;0;0;0;0;0;0;0;0;0;0;0;0;0;0;0;0;0;0;0;0;0;0;0;0;0;0;0;11.6796875;23.7421875;23.5390625;19.6367188;21.6757812;40.34375;65.6796875;72.0859375;76.1757812;67.4492188;59.3242188;63.734375;78.7070312;68.8359375;55.7929688,44,solid_clouds/keyframe_304.pcd
24400,24.0694477,11.5555388,0,110.89533,1.10465121;5.5930233;10.069767;13.7558136;10.2248058;17.5077515;27.7713165;23.4341087;32.8255806;34.3217049;40.8062019;56.2441826;78.2441864;83.8255768;103.635666;95.4030914;82.7209244;79.3759689;89.7441864;94.9651108;84.9457321;121.97287;81.6162796;87.3294601;51.2674408;59.4496117;61.8217087;30.6744194;23.139534;14.7751942;9.76356602;11.3023262;11.9534893;19.7131786;13.1162796;10.403101;30.7286816;17.3914738;9.60077477;46.1860504,30.8643417;59.1356468;71.0775299;84.5426331;103.162796;97.2480621;104.709312;108.779076;75.80233;77.19767;73.4651184;70.8565826;41.0077515;26.3798466;12.0038757;0;0;0;0;0;0;0;0;0;0;0;0;0;0;0;0;0;0;0;0;0;0;0;0;0;0;0;0;0;0;10.6162786;23.0813923;23.2093048;20.5077515;21.5736408;40.1240311;65.4186096;72.5620117;75.2519455;68.244194;58.2558136;64.2519455;75.5000076;69.1317749;54.7635651,44,solid_clouds/keyframe_305.pcd
24480,24.0512108,11.5384003,0,128.304718,0.577777803;4.32592583;8.67777824;11.2888889;11.7111111;24.2925911;37.5592575;37.7814827;31.4666691;31.2592583;37.8370399;45.2777824;66.5148087;71.340744;106.788887;107.303703;80.5111084;81.5222244;96.7444458;100.14444;77.4444427;115.548141;90.6999969;79.7185211;61.3000031;88.9777679;67.0333328;46.0370331;20.8814812;13.0962963;15.3444443;14.207407;16.6777763;21.9703712;20.3296299;18.6777763;23.7999992;20.8592587;13.2444458;53.4444427,104.596291;123.085182;125.403702;137.074097;101.248146;85.6444473;99.592598;75.1481476;65.5481491;42.6629639;19.955555;12.91852;14.1740742;10.5777779;5.19999981;0;0;0;0;0;0;0;0;0;0;0;0;0;0;0;0;0;0;0;0;0;0;0;0;0;0;0;0;0;3.35185194;22.5629654;26.785183;53.3777809;61.6444473;62.9962959;62.4851952;51.670372;65.1666641;64.4222336;76.3185196;57.6222305;35.5037003;43.0555611;80.3777847;82.0481644,44,solid_clouds/keyframe_306.pcd
24560,20.0714884,13.593262,0,175.386208,1.54639173;6.04123688;12.2164946;15.7474232;14.8350515;22.0670109;62.2989693;32.3453598;31.8969059;38.7164917;36.4381409;37.9175262;55.8917503;52.9742241;53.1546402;70.3608246;126.005157;117.793808;81.123703;74.2577286;62.2268066;43.2061844;40.5412369;39.0618515;51.170105;49.9690704;46.6340218;67.0309296;73;39.8608246;80.7525787;96.2371063;51.6804085;0;0;0;0;0;0;0,135.015457;158.268036;74.2216568;44.3041191;32.9845352;20.0515423;14.8711338;9.10824776;10.592783;9.13917542;12.7474232;5.95360756;10.618556;6.84536076;4.51030922;0;0;0;0;0;0;0;0;0;0;0;0;0;0;0;0;0;0;0;0;0;0;0;0;0;0;0;0;0;7.16494846;39.7422638;31.2268028;28.1958771;38.5103073;38.1804123;42.860817;56.015461;67.1134033;47.6546364;85.6288605;110.757729;142.680405;142.69072;134.984543;122.360817,44,solid_clouds/keyframe_307.pcd
24640,19.9191717,13.6532083,0,-178.064618,1.03553295;6.23350239;13.3553295;15.9847708;13.71066;19.9746189;55.0964546;27.6294403;38.7360382;40.7868042;36.2588844;43.0609131;52.5380783;58.0355377;60.5279198;65.8375702;129.969543;119.035538;77.1472015;78.0203018;57.2893448;36.5431442;31.4619293;39.8883247;38.639595;55.5736008;50.6802025;76.4670029;66.5837555;36.8629417;76.3553314;92.0710678;31.7715721;0;0;0;0;0;0;0,152.086319;113.989853;58.1218224;34.5076141;23.4873104;15.9035549;8.78680229;19.5482235;7.59390879;8.89340019;10.1725883;3.26395941;6.87309647;10.4568529;4.73604059;0;0;0;0;0;0;0;0;0;0;0;0;0;0;0;0;0;0;0;0;0;0;0;0;0;0;0;0;0;0;28.0862942;28.3096447;39.4213181;36.5482254;33.1167526;52.1421318;55.5431519;49.6548157;70.2791901;108.000008;134.116776;126.659897;146.730972;146.152298;109.979698,44,solid_clouds/keyframe_308.pcd
24720,19.8928129,13.6539879,0,-178.060057,1.02857149;6.05714273;12.6857147;15.8619041;13.9476185;19.666666;54.3809471;28.9714279;36.3523788;32.4476166;30.4476185;36.3142853;36.1523781;43.5999985;46.1285706;58.4333344;104.914291;105.385712;65.3714294;67.8523865;46.4619064;30.7857132;26.0761909;39.0380936;39.7952385;53.985714;45.9333344;71.1714249;58.2952385;35.9380951;66.0333328;79.0571442;29.2000008;0;0;0;0;0;0;0,133.21904;93.2190399;47.9047661;33.2285728;22.028574;15.1761913;8.15238094;17.7857132;7.19047642;8.33333302;8.77619076;3.84285736;6.21904755;11.2333336;3.71428585;0;0;0;0;0;0;0;0;0;0;0;0;0;0;0;0;0;0;0;0;0;0;0;0;0;0;0;0;0;0;25.6142864;27.1142883;33.7999992;36.0238113;32.0333366;45.0476303;54.7714348;45.4428635;61.8285751;95.8571472;109.15715;113.03334;114.038101;127.052376;96.9333496,44,solid_clouds/keyframe_309.pcd
24800,19.9106356,13.6536304,0,-178.054346,1.01435411;6.07177019;12.7464113;15.7846889;13.9473686;19.0430622;51.8421097;27.0382805;29.9377995;31.7894726;29.8899555;35.4354057;35.4067001;43.5885162;45.2583771;51.2392387;111.856461;97.2392426;72.6459351;56.2535896;48.2440186;34.11483;26.8325367;30.5741615;44.8708115;53.4736862;43.1961746;69.8373184;59.0382767;40.2631569;69.6746368;78.191391;26.7942581;0;0;0;0;0;0;0,132.942581;90.3875656;45.8325424;31.2344475;22.2631569;14.7224874;8.26794243;17.0478439;7.22009563;7.98564577;8.94736862;3.98564577;5.66507149;10.6650715;4.30622005;0;0;0;0;0;0;0;0;0;0;0;0;0;0;0;0;0;0;0;0;0;0;0;0;0;0;0;0;0;0;25.1435394;25.5023918;37.019146;36.8564644;30.7320595;43.712925;53.7990379;42.7224884;58.7416267;91.8373108;115.310997;111.444969;115.464111;118.215309;95.1578827,44,solid_clouds/keyframe_310.pcd
24880,19.9124351,13.6562287,0,-178.039093,0.962962985;5.79166698;12.4074078;14.8009262;13.5925932;19.0092583;51.4027786;26.3981514;29.5138893;30.4537029;28.8935184;36.2685127;35.3379631;39.3425903;42.6898155;52.5324097;104.027779;98.125;64.6666718;57.6805496;49.8657379;30.75;25.2361107;31.6620369;40.4537048;53.1018524;46.9351845;70.0833282;55.5370331;45.8518524;69.0463028;74.4398193;26.4120369;0;0;0;0;0;0;0,129.78241;88.0694351;44.2962875;29.1527748;23.3009243;14.5138893;7.77777815;17.4398155;6.93981457;7.87962961;8.56944466;3.82870388;5.81944466;9.88888931;4.4120369;0;0;0;0;0;0;0;0;0;0;0;0;0;0;0;0;0;0;0;0;0;0;0;0;0;0;0;0;0;0;25.3194447;25.245369;35.0462952;32.6388893;29.7824078;44.1018448;48.2036972;39.8472176;57.8055534;88.3194427;114.060181;110.148155;117.25;118.851845;94.9814682,44,solid_clouds/keyframe_311.pcd
24960,19.9054119,13.6519392,0,-178.086545,1.2149533;5.67289734;12.6915884;15.3504677;13.7009344;19.8224297;53.4392509;25.9626141;28.3364506;30.5607491;29.6915874;36.7056084;33.556076;41.1308403;42.0420532;52.0934601;106.411217;99.0747681;66.6355133;60.3177605;43.8971939;33.990654;25.7383175;33.04673;39.471962;54.4205627;49.7523346;63.2710304;67.2663574;38.3504639;68.8317719;73.9205627;25.5;0;0;0;0;0;0;0,135.177567;88.2196198;44.8785057;30.6869125;22.6588783;14.4392519;8.05140114;16.6962624;7.04672909;8.21962547;7.85046673;4.13551378;6.7897191;9.70560741;4.42990685;0;0;0;0;0;0;0;0;0;0;0;0;0;0;0;0;0;0;0;0;0;0;0;0;0;0;0;0;0;0;25.6168213;25.962616;33.6168213;34.2710228;29.1588745;46.4999962;48.8551331;41.962616;61.2009277;91.5794449;108.088783;106.808434;117.369164;117.906532;93.9859924,44,solid_clouds/keyframe_312.pcd
25040,19.9006189,13.6506373,0,-178.07246,0.990476191;5.98095226;12.8190479;15.4428577;13.9809523;19.2000008;54.4238052;26.6238098;31.4428596;37.4428596;33.4000015;38.4761925;34.8904762;43.1238098;43.6761932;46.6047592;101.680954;97.6333389;62.861908;62.8904762;50.9619064;31.180954;27.8952389;35.1571426;39.4904785;54.4904785;45.7428589;62.19524;62.8523827;41.8714294;65.4619064;80.8571396;25.8761902;0;0;0;0;0;0;0,134.84761;86.5142822;43.4999924;31.7857189;24.5095272;15.0380964;8.23809528;17.3380966;7.2190485;8.11428642;8.93333435;4;5.74285698;10.2904778;4.99047661;0;0;0;0;0;0;0;0;0;0;0;0;0;0;0;0;0;0;0;0;0;0;0;0;0;0;0;0;0;0;25.5523834;24.4761925;38.2761841;33.6095238;30.5142899;45.385704;52.7952347;41.0142822;60.9523735;90.9714279;113.300003;110.104767;119.300003;116.223801;94.0809479,44,solid_clouds/keyframe_313.pcd
25120,19.8926463,13.657713,0,-178.068924,1.00483096;6.09178734;13.3140097;15.4541063;14.318841;19.5024147;54.072464;27.8260841;32.0096626;31.7053127;31.2801933;37.4444427;35.1835747;42.3961372;46.3140106;51.8309174;108.975838;101.859901;67.2753601;60.9227066;50.4830933;32.8357468;28.2125587;31.52174;40.7729492;55.4009666;46.5024185;67.1642532;60.7922668;44.057972;68.536232;78.753624;25.9371986;0;0;0;0;0;0;0,137.405807;92.1304398;47.2850304;31.5120792;23.7053127;14.9227047;8.42028999;17.8792286;7.22705269;8.11111069;8.31400967;4.47342968;5.83091736;10.942029;4.50724602;0;0;0;0;0;0;0;0;0;0;0;0;0;0;0;0;0;0;0;0;0;0;0;0;0;0;0;0;0;0;25.5990314;25.1739101;36.1256065;35.5410652;30.884058;44.2801971;50.8212585;42.6715012;61.0724716;93.7198105;114.859894;112.420288;117.17392;121.89373;94.850235,44,solid_clouds/keyframe_314.pcd
25200,19.9035025,13.6531518,0,-178.044854,0.98550725;5.98067617;12.57971;15.6280193;13.3864727;19.782608;54.4057999;26.7536221;31.449276;31.492754;31.2077312;36.7584534;36.3333359;44.47826;44.8212547;52.9468613;111.227051;101.512077;64.9565201;65.4251175;49.8357468;33.5748787;28.4396133;32.6280212;41.7294693;53.6183548;48.2801933;66.8454132;60.6956482;41.782608;68.7681198;79.4879227;25.1111126;0;0;0;0;0;0;0,130.091797;93.2802048;46.3961372;31.6135254;23.3429947;14.7149754;8.40096569;18.4444427;7.26570034;8.12560368;8.91787529;4.28502417;5.40579748;9.78743935;5.14009666;0;0;0;0;0;0;0;0;0;0;0;0;0;0;0;0;0;0;0;0;0;0;0;0;0;0;0;0;0;0;26.2850227;26.6714973;35.975853;35.4637756;31.0386467;45.8840637;52.6908264;42.9372025;61.4251328;95.5797119;114.125603;110.014503;121.700485;122.004837;95.8985519,44,solid_clouds/keyframe_315.pcd
25280,19.9007517,13.6572997,0,-178.065042,1.0196079;6.18137264;13.2549019;15.9068623;15.1519613;20.1470585;55.3333359;28.3088226;32.7598038;31.8970585;30.789217;37.2205887;34.7794075;45.9313736;43.8921585;52.9607849;116.137253;103.588234;71.5980377;63.0539207;48.8725471;34.3186264;28.1519604;34.1568604;39.8235283;55.2401962;48.2647057;68.0147095;66.0490189;42.0539207;72.6372528;78.5098038;27.1372547;0;0;0;0;0;0;0,135.411758;96.1960754;46.6568604;32.1617661;22.5980377;14.9509811;8.6421566;18.3235302;7.3039217;8.46078491;9.1813736;3.99509811;5.9656868;10.5490198;4.60784292;0;0;0;0;0;0;0;0;0;0;0;0;0;0;0;0;0;0;0;0;0;0;0;0;0;0;0;0;0;0;26.3088226;27.7156868;37.5049019;36.5098038;32.3137245;47.6617661;54.0196114;43.0931396;62.7450943;95.9558945;115.156868;113.720596;121.960793;125.377449;98.0931396,44,solid_clouds/keyframe_316.pcd
25360,19.9088257,13.6547734,0,-178.005188,1.28078818;6.18719196;13.2610836;15.8620682;14.1921186;20.2068977;55.5714302;28.6009846;33.4581337;32.1724129;31.1083736;37.9359627;35.7290649;44.2955704;44.3103447;53.4285736;111.896553;101.921188;69.5369415;63.9950714;48.9556656;32.9359589;42.5221672;43.950737;41.034481;50.0935974;45.5073891;64.5714264;56.0837402;38.945816;67.3940887;77.5517197;26.0197029;0;0;0;0;0;0;0,139.157639;94.7586136;46.8866959;31.5320206;24.3201962;15.2019711;8.32019711;18.1871929;7.38916254;8.60098457;8.41379261;4.61083746;6.03940868;11.0591145;4.59113312;0;0;0;0;0;0;0;0;0;0;0;0;0;0;0;0;0;0;0;0;0;0;0;0;0;0;0;0;0;0;26.2512321;27.256155;37.4334984;34.1379318;31.8867035;46.6699448;52.3497543;43.9261055;63.2364616;90.8669968;113.985207;111.482742;119.029564;124.118225;98.8177338,44,solid_clouds/keyframe_317.pcd
25440,19.9158285,13.6631774,0,-178.04848,1.03999996;6.53999996;13.1999998;16.1149998;14.7350006;22.2150002;69.9350052;28.2199993;31.2799988;29.1749973;28.2149982;34.6599998;34.0349998;41.2799988;41.1599998;46.2399979;102.540001;90.2850037;60.3149986;56.7299957;42.5400009;28.7549992;24.1700001;27.125;36.7000008;47.4000015;40.4500008;44.8349991;43.6850014;31.7600002;34.5750008;57.3600006;18.9249992;0;0;0;0;0;0;0,73.9449997;72.8649979;43.9300041;30.284996;21.9749985;14.289999;8.31500053;17.7199993;7.47000027;8.53000069;8.61000061;3.45499992;5.98499966;10.0299997;5.4749999;0;0;0;0;0;0;0;0;0;0;0;0;0;0;0;0;0;0;0;0;0;0;0;0;0;0;0;0;0;0;26.3500004;23.8649998;33.2700005;36.0550079;30.8899994;43.220005;49.5950089;41.385006;58.6549988;88.0749969;105.814995;108.510002;109.869995;94.0149994;63.7450027,44,solid_clouds/keyframe_318.pcd
25520,19.8983819,13.6541034,0,-178.072056,1.29113925;8.15822792;16.1582279;26.5063286;24.7531662;27.0063286;62.8797455;29.4746838;34.0000038;32.7974701;32.9113922;39.0379753;36.5759468;46.0063286;45.7594948;55.1835403;106.955704;95.2784805;57.3164558;53.7151909;38.9936752;24.0189877;19.5759487;26.1075954;30.2594929;37.7658234;32.7278481;29.4367085;27.4493675;18.2721519;39.4746857;28.8481007;7.40506315;0;0;0;0;0;0;0,84.3417664;70.1835403;47.816452;32.5949364;24.4177227;16.7025337;9.58227825;19.829113;8.79746914;9.58860779;10.4810123;3.95569611;6.49367094;11.2974691;5.16455698;0;0;0;0;0;0;0;0;0;0;0;0;0;0;0;0;0;0;0;0;0;0;0;0;0;0;0;0;0;0;28.8924046;27.898735;38.9303818;38.0632896;33.9620323;47.4113922;56.8860703;45.5696182;65.9430313;92.9430466;114.335434;76.5569687;25.7405052;46.6518974;91.0696106,44,solid_clouds/keyframe_319.pcd
0,0.045228016,0.0252837709,0,-5.75890868,3.51999998;17.3066673;31.7866669;48.9333305;51.1133308;46.6133347;41.0399971;38.6933327;56.5933304;40.6799965;43.7266655;46.1466675;47.7666664;50.7466698;54.5333328;74.5266724;100.306664;55.4800034;35.3266678;24.4333344;14.3799992;22.6466656;27.1533318;43.7666664;30.3666668;22.9200001;8.29333305;8.83333397;4.5666666;1.79333329;3.38666677;3.31999993;3.51999998;2.21333337;3.68666649;0.360000014;1.24000001;1.71333337;1.24000001;2.9000001,64.3133316;111.493332;81.9266739;56.8200035;27.5066662;33.8933296;15.3333349;12.9933338;15;12.0800009;29.460001;61.7466698;54.0000038;52.673336;18.0733337;0;0;0;0;0;0;0;0;0;0;0;0;0;0;0;0;0;0;0;0;0;0;0;0;0;0;0;0;0;0;40.079998;38.1333351;17.7066669;9.5199995;10.9599991;17.6000023;25.3066654;25.460001;32.2333336;44.5866661;50.5066681;45.8533287;37.1933327;35.2999954;39.8199997,45,solid_clouds/keyframe_320.pcd
80,0.0514239997,0.0278879659,0,-5.73786706,3.51724148;19.8896561;26.8551712;51.5586205;56.0758629;50.0758591;38.7724113;42.1793137;71.4344788;53.2344818;50.958622;54.5586205;60.6206894;56.944828;58.7517242;84.6206894;101.786194;57.6206894;40.6551743;26.8551712;18.7379303;24.3103447;26.6275864;45.6068954;32.7103462;27.6827583;6.41379309;10.2965517;6.44827557;4.63448286;5.86206913;7.53793097;5.55862045;2.96551704;7.95172405;3.08965516;2.34482765;1.25517249;0.593103468;3.44827604,65.0482788;152.275848;94.8965454;64.5655212;36.5931053;35.5517273;18.6482754;12.3172407;16.8068962;15.6068954;29.758625;65.8896561;55.7862129;57.7655144;17.9310341;0;0;0;0;0;0;0;0;0;0;0;0;0;0;0;0;0;0;0;0;0;0;0;0;0;0;0;0;0;0;44.9862099;42.4758568;16.972414;13.2137928;11.6896553;21.6758614;25.2620697;28.1241398;31.3103447;47.5724144;56.0896606;53.3724136;36.6620712;39.034481;43.1586189,45,solid_clouds/keyframe_321.pcd
160,0.057336718,0.0273000621,0,-5.72489707,3.51677847;16.2617455;31.1073818;54.2281876;50.8523483;46.8859062;39.9463081;39.5906029;63.9194565;43.8859062;47.8322144;45.9060402;51.11409;51.1409416;54.946312;75.9395905;98.4161072;53.0805321;36.7583885;23.6912746;17.9731541;21.6912746;28.3825493;47.2483215;30.8926182;25.0335579;7.73154354;12.0402679;4.27516747;4.6577177;5.4966445;6.73825502;6.39597368;2.29530191;9.14093971;1.8120805;2.35570478;2.22818804;0;2.25503349,64.5234909;127.812073;89.3691254;58.6241531;31.7583866;30.8120785;19.7248325;11.979866;15.3355703;14.5838928;30.3288593;62.9932861;54.5838928;53.9731598;20.1342278;0;0;0;0;0;0;0;0;0;0;0;0;0;0;0;0;0;0;0;0;0;0;0;0;0;0;0;0;0;0;44.3422813;38.8926163;15.8926182;10.7785244;12.1073837;18.8255024;22.4093952;25.0805378;31.3557014;45.9194641;51.6241646;50.2214775;35.9261703;38.4094009;39.3422775,45,solid_clouds/keyframe_322.pcd
240,0.0561265737,0.0279441935,0,-5.90594111,3.51677847;16.6577187;33.0604019;52.7114105;53.463089;49.4161072;40.4362411;42.3422775;67.2751694;49.8926201;54.8590622;54.6442986;53.2550354;56.4161072;59.4899292;85.3154297;101.557053;56.5234947;45.4832191;25.8053703;18.5369129;25.8993301;25.4429531;47.4026833;36.3892593;25.2617455;7.85906029;12.2348995;3.67785215;4.6510067;3.99328852;7.77181196;4.95973158;3.30872488;7.12080574;3.41610742;3.13422823;0.570469797;1.14093959;3.31543636,64.651001;141.691284;101.818787;71.6979828;30.7583885;34.8187943;15.1744976;12.1946316;17.8456383;15.4026852;28.2214756;67.7248306;56.0536957;55.7718086;18.020134;0;0;0;0;0;0;0;0;0;0;0;0;0;0;0;0;0;0;0;0;0;0;0;0;0;0;0;0;0;0;45.5503349;44.3489914;17.5771809;11.2818794;11.7449665;21.2953033;26.7583885;29.8724804;34.2080536;49.1208038;53.4093895;52.067112;37.9798622;40.1073761;41.0402679,45,solid_clouds/keyframe_323.pcd
320,0.0476253267,0.0130720874,0,-5.67245084,3.54074049;16.6888885;32.3629608;43.5111122;52.5629616;39.0592575;35.2962952;33.874073;56.5777779;38.2296295;39.6148186;43.6666641;47.170372;44.0518494;44.7259216;69.5185242;86.5999985;45.2888908;26.9629631;19.3999996;14.125926;10.4370365;16.4518509;15.837038;11.1999998;19.0518513;9.20740795;9.55555534;4.12592602;4.56296301;6.58518505;5.51851845;4.54074097;2.02222204;6.60740757;2.80740738;0.562962949;1.68148136;0.562962949;2.5703702,55.8222198;127.007408;92.0074158;58.4814835;32.6148148;32.07407;18.1481476;15.1555557;15.2000008;10.6888905;19.8814812;10;2.14814806;4.5333333;0;0;0;0;0;0;0;0;0;0;0;0;0;0;0;0;0;0;0;0;0;0;0;0;0;0;0;0;0;0;0;41.118515;36.3481407;14.5999994;12.6518517;15.2148142;18.044445;23.0814819;23.91852;28.0592594;47.5925941;51.0592575;47.9333267;36.6888885;36.829628;39.8148117,45,solid_clouds/keyframe_324.pcd
400,0.0537454669,0.0257742378,0,-5.27578385,3.5999999;20.753334;30.4000015;49.5333366;54.7600021;41.9400024;28.3133335;19.7600002;33.7866707;28.666666;38.4333267;40.2333374;46.659996;43.9799995;41.746666;60.0599976;81.7399979;33.3400002;22.8199997;19.4933338;13.5799999;17.5133324;17.8600006;34.0533295;20.7066669;11.8199997;10.746666;10.1199999;6.92666674;1.46000004;5.07333326;4.14666653;3.54666662;4.3866663;5.78000021;1.48000002;3.31333327;3.24666667;0.973333359;4.53999996,57.220005;123.82666;83.2933197;50.8133354;29.0400009;26.7799969;11.2666664;6.86666679;3.94000006;5.33333302;3.65333343;16.753334;30.9466667;28.8533325;5.39999962;0;0;0;0;0;0;0;0;0;0;0;0;0;0;0;0;0;0;0;0;0;0;0;0;0;0;0;0;0;0;34.6866646;35.4800034;14.4599991;11.1466665;17.4199982;10.2600002;26.3266678;21.3400002;33.793335;40.1133347;43.1133347;44.7666588;34.246666;33.9466667;36.206665,45,solid_clouds/keyframe_325.pcd
480,0.0457939361,0.0296899106,0,-5.37769061,3.43209863;18.1358032;38.0987663;52.1728401;61.4320984;46.0246887;44.3395004;40.7962952;56.7160454;49.4629593;45.7407379;48.4567909;47.9382706;46.0123444;46.0185165;75.7839508;81.6111145;38.4691315;26.6975327;19.6296291;12.4876537;23.0493813;24.870369;37.4135818;25.4012356;20.6234589;8.28395081;7.83333302;3.06172848;1.30864191;2.8580246;1.29629624;0;0;0;0;0;0;0;0.456790119,60.3271637;83.7037048;67.6913605;55.8395081;29.9814796;31.3641968;16.9876537;12.5987654;17.3580246;11.8580236;24.3703728;58.493824;52.8703651;48.1481438;16.5123444;0;0;0;0;0;0;0;0;0;0;0;0;0;0;0;0;0;0;0;0;0;0;0;0;0;0;0;0;0;0;35.3580246;35.6666679;14.8641968;12.1851845;14.7283955;12.4444447;30.1172848;29.2469139;35.3765411;42.4691391;46.0555496;50.2777748;36.4753113;33.7037048;38.8395004,45,solid_clouds/keyframe_326.pcd
560,0.12039305,0.0489599133,0,-7.69892736,4.37323952;15.2464781;31.9084511;43.4366188;46.9647865;44.7957764;39.0352097;36.5211258;66.3239517;43.1126785;45.8098564;63.2323952;67.0211258;70.0352097;75.9718323;84.2464828;86.4929581;54.5774651;36.7746468;28.9577465;17.9436607;17.8873234;19.6478863;28.3943672;20.661972;33.6901436;10.2887325;12.2112675;9.54225349;3.30281687;4.21126747;6.12676048;6.5915494;5.98591518;8.95774651;3.73943663;4.33802795;1.17605639;1.55633807;3.73943663,46.7323952;137.859146;120.605629;54.0985909;42.5845108;35.161972;23.7535229;13.6056328;11.5140848;18.0774651;12.746479;52.0281715;52.4647903;32.8591537;24.2746468;0;0;0;0;0;0;0;0;0;0;0;0;0;0;0;0;0;0;0;0;0;0;0;0;0;0;0;0;0;0;46.084507;38.0704231;25.8873215;11.4788733;19.0211258;16.3521118;13.5140839;39.3873215;26.5492935;52.9154968;53.2112656;49.5915451;47.2887344;44.1056328;43.0070419,45,solid_clouds/keyframe_327.pcd
640,0.036071411,0.0320600445,0,-22.8338486,4.53513527;21.3891907;34.1513519;54.8972969;56.7297287;55.2594604;36.2216225;30.2972984;50.9135132;36.7999954;42.1621628;60.8378372;52.6864891;54.4108086;55.367569;79.6972961;66.8972931;41.1837883;29.7999992;16.5243225;14.7405415;13.0594597;19.3081074;14.6270266;16.8270264;53.3783798;5.11351299;8.34594536;4.10810804;0.556756735;3.1405406;3.9783783;2.39459467;1.11351347;5.42162132;3.49189186;2.64864874;0;0.410810798;0.410810798,36.3567581;42.6378365;42.4810829;63.8486481;78.1513672;60.5189209;40.4162178;36.6432419;28.1459465;17.329731;10.5621624;18.189188;8.4594593;16.1729717;28.7945957;3.86486483;0;0;0;0;0;0;0;0;0;0;0;0;0;0;0;0;0;0;0;0;0;0;0;0;0;0;0;0;0;37.1081085;54.583786;55.9081116;52.4702721;36.5243225;11.3081074;17.7891884;19.8324318;12.2162151;28.7405396;25.8378372;38.5135155;44.5027008;48.8378372;37.0918922,45,solid_clouds/keyframe_328.pcd
720,-1.04333737,-3.90246748,0,-111.183311,5.21999979;19.0550003;32.8899994;47.6999969;50.3649979;51.1699982;35.75;28.5550003;31.9899979;60.2250023;31.539999;29.8399982;35.1400032;40.2749977;38.5400009;40.4150047;27.9850006;55.8250008;5.26499939;0;0;0;0;0;0;0;0;0;0;0;0;0;0;0;0;0;0;0;0;0,29.1649971;39.4300003;32.9649963;32.8600006;35.5449982;27.159996;15.8449993;17.6900005;9.125;11.1000004;7.02999973;7.45499992;4.78499985;4.21000004;0.450000018;0;0;0;0;0;0;0;0;0;0;0;0;0;0;0;0;0;0;0;0;0;0;0;0;0;0;0;0;0;0;19.4250011;25.3199997;21.2150002;21.2000008;21.5200005;21;18.2799988;25.0200005;24.9399986;28.5649967;31.329998;37.8699989;33.8050003;35.5650024;27.8749943,45,solid_clouds/keyframe_329.pcd
800,-1.43472652,-8.72986954,0,138.020374,4.4375;24.3499985;37.7062492;42.6000023;28.3999996;50.09375;25.8812504;25.8562508;32.5437508;61.7312431;64.5374985;118.956245;31.6187515;40.8937531;29.2937489;26.9875011;27.21875;27.2687492;29.625;25.8312492;20.0750008;15.5874996;13.9562502;10.4812498;19.2374992;19.1749992;13.8874998;15.4437504;6.60000038;3.70624995;7.1500001;4.5875001;2.84375;2.84375;1.70624995;2.84375;1.70624995;1.70624995;3.88750029;5.6500001,25.5125008;28.4812489;25.5875015;19.3875008;18.1937504;19.6437492;19.8250027;16.9562531;21.3125;18.8125;17.1812515;17.6000023;9.96875095;12.5375004;11.2562504;6.42499971;0;0;0;0;0;0;0;0;0;0;0;0;0;0;0;0;0;0;0;0;0;0;0;0;0;0;0;0;0;7.42499971;17.9500008;34.4375;37.9874954;12.7562504;49.6187477;57.6999931;58.1187515;81.1624985;71.0125046;54.5499954;61.0125008;31.9874973;32.6999969;31.8062515,45,solid_clouds/keyframe_330.pcd
880,-1.46801573,-8.70746569,0,131.986434,3.64885497;19.0458012;44.9007645;32.0076332;22.32061;41.6717529;39.2977104;30.1603088;33.2977028;52.0076332;84.4351196;172.564896;45.5114517;58.32061;58.8244286;42.3358765;34.8931274;44.6412201;44.3664169;54.877861;47.2595406;31.9694672;27.6335888;26.1297722;34.0152664;54.4198494;31.6717567;21.1755733;11.5419846;7.45801544;15.0076332;9.40458012;6.18320608;6.18320608;8.24427509;4.12213755;5.15267181;4.12213755;9.69465637;12.2442751,38.038166;32.3740463;27.4656487;28.2137394;25.3129787;25.717556;22.2137413;28.4961853;24.2366428;20.320612;17.885498;28.0305386;16.6335888;20.885498;8.00763321;0;0;0;0;0;0;0;0;0;0;0;0;0;0;0;0;0;0;0;0;0;0;0;0;0;0;0;0;0;0;6.37404585;17.7251911;18.0305347;56.7404594;79.2977219;78.809166;79.6030579;82.832077;73.557251;125.740463;97.7099152;90.641243;76.2290115;48.1068687;37.5343513,45,solid_clouds/keyframe_331.pcd
960,-1.46929241,-8.69975263,0,132.113967,4.8661418;23.6929131;41.8346481;36.9685059;26.7559052;46.2992134;40.4251976;30.5196857;36.7086639;64.173233;82.7322769;158.448822;39.2440987;46.2519684;46.724411;36.4724426;31.692915;38.1259842;33.7874031;38.8740158;31.5669289;24.5196857;22.2125988;20.7716541;25.2992134;43.9291344;21.4724407;19.5826759;6.43307114;5.88188982;3.97637796;3.62204719;3.62204719;3.62204719;3.62204719;4.52755928;3.62204719;0.905511796;1.81102359;0.905511796,37.2913399;31.4881897;32.3070869;25.629921;25.5669289;24.5826778;22.1574802;29.031498;26.2204723;23.6850395;15.9212618;29.7401581;19.5984268;20.5590572;7.33858252;0;0;0;0;0;0;0;0;0;0;0;0;0;0;0;0;0;0;0;0;0;0;0;0;0;0;0;0;0;0;6.26771641;17.3779526;17.4330711;54.2204742;72.7165222;79.2913361;69.1338577;66.0236282;22.3779545;57.3622093;89.0866013;81.3700714;68.9921265;44.4409485;39.2913437,45,solid_clouds/keyframe_332.pcd
1040,-1.46768471,-8.70938859,0,132.013799,4.43884897;20.0359707;37.6330948;35.8561172;26.6834526;37.6546745;33.014389;23.633091;32.0575562;58.5683441;73.3956833;135.33815;39.6762543;49.7841759;51.2230225;37.2733803;32.3812943;41.1151085;40.4316521;46.1798553;36.0647507;29.7769775;28.3669071;24.9208622;30.0215836;43.9064751;28.8273373;19.7697849;13.7266188;7.65467644;13.2014389;9.93525124;4.31654692;3.4532373;6.04316568;6.90647459;0.863309324;1.72661865;8.23741055;10.1582737,39.9208641;27.2877712;26.892086;25.3165474;21.4028778;22.7410049;19.8489208;27.0215797;21.906477;18.6043167;14.661871;26.0431671;15.7266188;17.8201427;6.7985611;0;0;0;0;0;0;0;0;0;0;0;0;0;0;0;0;0;0;0;0;0;0;0;0;0;0;0;0;0;0;5.15107965;15.0935249;15.1438847;48.9496422;70.6402817;75.2517929;73.0143814;65.1151123;65.5611572;110.56115;85.4028702;78.6834488;67.1222992;44.5899315;31.9784184,45,solid_clouds/keyframe_333.pcd
1120,-1.46526076,-8.69395521,0,132.049742,4.84000015;21.4000015;41.6000023;34.0079994;23.4960003;43.9280014;48.343998;33.0239983;42.0080032;69.9759979;90.2719955;171.199982;45.9839973;57.552002;59.9440002;40.6480026;32.2959976;47.6319962;39.7439995;55.223999;39.5999985;31.3040009;25.7040005;19.4559994;32.6480026;39.8079987;27.5360012;24.4720001;10.8079996;8.07999992;13.1040001;8.52000046;7.11199999;5.07999992;7.11199999;8.12800026;5.07999992;2.03200006;7.44799995;9.80800056,39.5680008;33.8400002;30.9120026;28.6720009;27.4960041;28.3920021;25.0000019;30.7120018;27.8080006;24.1920013;17.2240009;29.6720009;19.8399982;20.8880005;9.33599949;0;0;0;0;0;0;0;0;0;0;0;0;0;0;0;0;0;0;0;0;0;0;0;0;0;0;0;0;0;0;6.6239996;17.8320007;18.4640007;59.8959999;53.0480003;75.8079987;80.9679947;81.7919922;76.7039871;122.512001;93.5279922;87.9680023;77.7279968;51.9679985;37.5680008,45,solid_clouds/keyframe_334.pcd
1200,-1.44563191,-8.69656632,0,135.633593,7.04477596;21.1343288;40.9552231;43.3134346;22.9477596;40.1194038;40.6119385;29.0820866;37.6716423;64.5820923;84.656723;156.455231;42.5074615;57.3955269;44.6119385;28.2388058;27.6044788;27.9328346;27.0895519;35.3208961;28.9552231;20.9029846;17.8358212;21.5;21.9626884;34.3208923;33.0149231;16.2462692;11.8955221;6.8208952;12.5223885;8.70895481;5.38059711;4.44029856;6.21641779;4.44029856;5.32835817;3.5522387;6.16417885;7.26119423,40.9179153;30.9925346;29.5000038;27.3059673;22.2462654;26.4328346;24.3805962;24.2089558;24.8283577;24.1417885;18.7910442;20;12.4925375;13.6567173;7.09701538;0;0;0;0;0;0;0;0;0;0;0;0;0;0;0;0;0;0;0;0;0;0;0;0;0;0;0;0;0;0;9.85074711;16.1268654;28.5895538;69.8955231;74.858223;80.6940308;79.283577;52.2761192;105.671638;94.6716461;41.9402962;17.6791039;45.08955;49.6641769;43.4626846,45,solid_clouds/keyframe_335.pcd
1280,-1.63065013,-11.3674694,0,-126.356767,5.33333349;17.0256405;41.6858978;34.9423065;12.9807692;23.5961533;26.6538448;9.89743614;13.4423084;10.5320511;9.32051277;4.90384674;3.42307711;1.67948735;0;0;0;0;0;0;0;0;0;0;0;0;0;0;0;0;0;0;0;0;0;0;0;0;0;0,1.64102578;5.1282053;2.66666675;5.76923084;1.02564108;3.64743614;0;5.35897446;0;4.06410265;3.67307711;2.80128217;3.83974361;3.16666675;0.384615391;0;0;0;0;0;0;0;0;0;0;0;0;0;0;0;0;0;0;0;0;0;0;0;0;0;0;0;0;0;0;9.0064106;25.6602573;11.7307701;26.5;17.166666;23.6794872;14.5641031;11.8205128;5.64743614;5.18589783;5.69871807;5.83333349;2.85256433;5.53846169;1.3653847,45,solid_clouds/keyframe_336.pcd
1360,-1.69992299,-11.4605684,0,90.7135827,1.74324322;15.2567577;23.3828831;32.5315323;17.8288288;23.5900917;20.9459457;19.9504509;23.1756744;22.6982002;30.1711693;31.1216183;36.355854;38.7702713;60.783783;28.0180187;23.4684677;25.882885;39.9999962;39.9684677;25.4414425;21.8648643;23.2117119;29.2567577;25.0135155;32.5315323;22.6531544;25.1531544;27.3558559;21.2657661;32.0675697;36.6351357;16.7702713;19.3423424;15.3558559;19.4144154;19.2342339;10.405405;11.4459457;12.4864864,93.2071991;106.270271;74.022522;59.7837868;25.1486511;28.5450459;20.5135136;28.0405407;25.6531525;23.6306305;24.7072067;19.9459457;15.4909897;13.4054041;7.06756735;0;0;0;0;0;0;0;0;0;0;0;0;0;0;0;0;0;0;0;0;0;0;0;0;0;0;0;0;0;0;0;3.66666651;1.44144154;4.55405426;5.18918896;3.46846843;3.16666651;9.77477455;7.52702713;13.4819813;22.0855846;59.3873978;103.301796;119.936943;80.1351318,45,solid_clouds/keyframe_337.pcd
1440,-1.70720492,-11.4616505,0,90.6032113,1.70000005;11.0636368;26.3090916;36.6727257;17.25;20.7136383;20.8136368;22.3318176;22.2772713;24.6772728;32.4090919;32.3409081;38.6136398;40.0454559;62.7681808;27.8318195;23.8590927;27.5727291;40.2318192;35.3181801;25.7681808;20.4181824;22.9727268;28.5454559;28.5863628;31.5590897;24.6090927;27.1227264;25.7818184;23.5181808;29.3545456;34.6045456;18.5318184;15.8272734;16.3727283;19.4045448;13.6636362;12.4363632;12.4363632;14.5090914,95.8227463;103.850006;74.6045532;57.1772728;28.0227242;28.2681808;18.4863644;30.7227268;23.3681793;25.9863663;25.7999992;19.4318161;16.8772717;11.477272;6.81363583;0;0;0;0;0;0;0;0;0;0;0;0;0;0;0;0;0;0;0;0;0;0;0;0;0;0;0;0;0;0;1.09545457;5.4909091;3.05909085;5.66363621;3.4545455;3.41363621;3.67272711;9.42272758;8.340909;14.6181822;22.522728;57.4045448;98.6272888;122.995461;84.3318329,45,solid_clouds/keyframe_338.pcd
1520,-1.70462583,-11.4729532,0,90.6783721,1.90425539;17.1914902;28.9680862;46.2978706;27.2021275;33.388298;34.8563843;30.1276588;27.25;31.3297863;46.7765961;42.0372391;49.8244705;51.7127686;76.2925491;34.7712746;29.9202099;32.0744705;52.7180824;43.6542549;33.9734039;34.9734077;28.1329784;31.6223412;32.4042549;35.1542549;34.5744705;25.0106392;29.5531921;29.0797882;28.5;39.3351059;19.7978725;14.1648941;12.4787235;10.2340422;16.7340431;8.83510685;7.22872353;8.03191471,105.042549;139.877655;102.531914;68.4680862;33.1755295;33.7021294;27.5797901;38.3670197;30;28.3829803;33.3351059;26.0425529;23.4148941;15.7606382;7.22340441;0;0;0;0;0;0;0;0;0;0;0;0;0;0;0;0;0;0;0;0;0;0;0;0;0;0;0;0;0;0;3.28723407;5.45744705;2.24468088;7.61170197;4.9148941;4.32446814;6.69680882;10.8563833;12.7553196;16.75;28.8297844;76.7127533;105.829773;126.734055;92.2074432,45,solid_clouds/keyframe_339.pcd
1600,-1.70594439,-11.471613,0,90.6890276,2.72340441;14.5744686;31.4680862;40.6968079;24.1117001;28.9414883;26.7340412;31.4255295;29.1702118;35.4095764;49.819149;47.319149;48.3989334;50.2553177;78.8936081;37.3404236;36.5478745;36.4361725;53.7074509;44.2819138;35.7712784;21.5585098;23.6223392;28.4255333;36.0957451;34.4148941;28.3936157;28.0638294;27.3776588;27.3031921;27.5531921;42.9840431;21.5265961;19.4627666;14.5265961;15.861702;19.7127647;9.57446766;13.8297873;13.8297873,113.37233;132.202133;95.9946823;75.9095688;35.0638313;38.1010666;30.3297863;39.0212746;31.6808491;36.2925529;31.3617001;29.9042549;19.1968079;16.0106392;8.13829613;0;0;0;0;0;0;0;0;0;0;0;0;0;0;0;0;0;0;0;0;0;0;0;0;0;0;0;0;0;0;1.88297868;6.34574509;1.62765956;6.60106373;4;4.20744705;3.80851078;12.0904255;11.0265951;17.1329784;25.9787254;75.3723373;108.989365;130.595749;95.9042511,45,solid_clouds/keyframe_340.pcd
1680,-1.70670574,-11.4619014,0,90.6311031,2.00469494;10.0563383;23.8262901;35.661972;18.1314545;22.0469494;22.9718323;24.2957764;24.3333359;22.2441311;34.741787;35.6291084;38.8779373;40.5774612;64.5727692;26.7699547;25.7746487;28.0469513;39.9436607;40.9953079;29.169014;21.2253513;23.5727692;29.5258217;31.6197186;31.1173706;25.1032867;29.6807518;23.5399055;26.2629108;32.8638496;38.3239441;17.2112675;15.582159;18.3192482;17.4272289;14.3286381;10.4225349;11.4647884;14.5915489,97.708931;108.96244;80.6901474;57.2488251;28.5446014;27.8873234;22.5352135;32.2394371;25.173708;26.0375576;26.244133;21.5446014;17.6948338;12.7464781;7.30516481;0;0;0;0;0;0;0;0;0;0;0;0;0;0;0;0;0;0;0;0;0;0;0;0;0;0;0;0;0;0;0.840375543;6.50234747;1.46478868;5.55399036;3.55868554;2.77934289;3.29577446;8.89201927;9.8591547;13.6150227;23.9671345;63.2816887;102.469498;120.497665;83.7136307,45,solid_clouds/keyframe_341.pcd
1760,-1.71028001,-11.4244975,0,160.160759,3.15789461;18.4619884;41.8070183;34.3918152;27.836256;33.4970741;27.2046776;29.994154;31.33918;27.8362541;35.4093552;33.5730972;32.6842079;38.4970779;43.2456131;24.8537979;22.1812859;19.3099403;19.5847931;22.5087719;12.5614033;8.15789413;10.912281;7.54385948;8.53801155;12.6900578;7.40350914;3.99415207;5.04093552;2.81286573;8.84210491;14.1812859;1.78362572;1.07017541;1.73684216;2.6959064;3.1169591;1.07017541;0;0,28.33918;32.0350876;30.2339172;10.8771935;11.5146198;8.14035034;6.91812897;6.38011694;4.26900578;4.18128681;3.53801155;1.08187139;4.9005847;1.12865496;0;0;0;0;0;0;0;0;0;0;0;0;0;0;0;0;0;0;0;0;0;0;0;0;0;0;0;0;0;0;3.44444466;33.1929779;26.9122791;35.8654938;38.9473648;53.2748489;60.0701675;40.6959114;32.7777786;26.2923946;28.9532127;31.9122772;26.6549683;32.3040962;24.257309;32.4327469,45,solid_clouds/keyframe_342.pcd
1840,-5.00179501,-9.78506018,0,29.9945306,4.85549116;14.2196522;46.9075127;61.0867043;39.1791878;46.8786125;17.537571;28.6300564;43.0115585;43.8612709;96.2080917;37.9364166;38.3757172;35.242775;43.1213875;42.0751457;44.0462379;29.6647396;30.5086708;27.6300583;27.0867043;25.6531792;19.2890167;23.7109833;21.1560688;14.9653177;21.4913292;13.080925;11.2716761;9.63583851;14.5606937;6.93641615;12.0751438;15.1502886;3.1271677;1.62427747;1.28323698;2.56647396;0.64161849;0.64161849,29.1445103;33.132946;52.6358414;79.9710999;76.1791916;74.6185074;61.6647415;67.8670502;51.3583832;69.7976837;56.9999962;29.4739857;10.8612709;13.0693636;9.11560631;5.95953751;0;0;0;0;0;0;0;0;0;0;0;0;0;0;0;0;0;0;0;0;0;0;0;0;0;0;0;0;0;2.91907501;9.76300621;18.1098251;24.0867043;21.4508667;23.4219666;22.4682102;20.5895958;21.7341042;20.6011562;21.7976875;23.109827;16.5028896;26.5838146;21.9364185,45,solid_clouds/keyframe_343.pcd
1920,-4.97128151,-9.74140714,0,22.4200961,3.3939395;10.4909096;51.9575768;59.9757576;39.6303024;52.7939415;31.6909065;27.4787865;40.6303024;40.9575806;90.9636307;42.6242447;42.315155;34.7151527;40.0787849;31.7696953;41.072731;24.30303;21.6606064;28.2848473;17.0424232;24.9878807;25.2969704;15.1696968;17.9757576;12.6181822;12.8848486;11.9272728;13.0969696;7.42424297;19.484848;10.818182;15.6545448;9.63636398;0;1.41818178;1.89090896;0.709090889;1.10303032;0,19.987875;29.0545425;35.2363663;50.9090881;54.3454552;79.8424225;81.0363617;59.6484871;55.2969742;53.9333382;55.9696922;58.3757591;28.7636337;14.8303013;6.82424164;0;0;0;0;0;0;0;0;0;0;0;0;0;0;0;0;0;0;0;0;0;0;0;0;0;0;0;0;0;0;6.80606079;13.8121214;14.2242422;14.2606049;23.181818;22.3757572;19.1333351;24.151516;21.4181786;22.5999985;25.1090889;26.0484848;15.727272;23.4969711;19.5272751,45,solid_clouds/keyframe_344.pcd
2000,-4.96981161,-9.74003081,0,22.4179875,3.39024401;11.8658543;47.9695129;57.5975647;41.6158524;47.8048782;29.9512196;25.3048801;37.8109818;42.2134209;93.1524353;43.6646347;42.3475571;37.6829262;42.0609779;29.8902454;41.0304871;27.1768303;20.7865868;25.5121956;17.7073174;20.6036587;24.2804871;14.3658543;15.7926826;11.8963413;13.841464;8.89634132;14.7134142;7.81707287;18.3353634;7.95121956;15.0975609;10.7926826;0;0.689024389;1.33536589;0.890243888;0.445121944;0.445121944,18.1707325;29.5548801;34.8719521;49.5548782;52.0670776;78.2926865;76.9756088;57.8414612;55.1463432;52.7561035;57.4573135;56.4817123;28.8048782;13.560976;6.70731735;0;0;0;0;0;0;0;0;0;0;0;0;0;0;0;0;0;0;0;0;0;0;0;0;0;0;0;0;0;0;7.71951246;12.7987804;15.6890249;17.8780479;20.7560978;21.2621956;21.7682915;24.1158543;20.9817085;20.3841457;23.2378044;22.7804871;16.2439022;23.3963432;17.4695129,45,solid_clouds/keyframe_345.pcd
2080,-4.9706189,-9.74208127,0,22.4755337,3.39024377;11.5487804;53.2317085;55.1219521;39.7926826;44.4390259;26.780489;23.7621918;38.3231697;41.5121956;93.0914764;43.5121956;46.9817085;40.0853653;39.5487785;37.5060997;41.4268265;29.2987785;23.0365849;23.689024;21.7500019;20.439024;25.7865849;12.7743902;21.1097565;14.3780479;13.1768293;11.1951218;14.5365858;6.57317066;21.5975609;8.52439022;15.3658543;10.5426826;1.43902445;0.902438998;0.451219499;0.451219499;0.902438998;0.902438998,20.4999962;26.9085388;31.7195148;50.4939003;57.7804794;85.2865906;81.5853653;66.1646271;52.88414;57.5426788;58.8170662;56.0670662;29.4146328;11.9329271;7.83536625;0;0;0;0;0;0;0;0;0;0;0;0;0;0;0;0;0;0;0;0;0;0;0;0;0;0;0;0;0;0;6.15243912;9.47560978;16.0975609;16.5121956;21.4817066;20.9634132;20.9756088;23.158535;21.5304871;21.908535;23.0304871;22.2134132;15.9207306;23.8048782;20.719511,45,solid_clouds/keyframe_346.pcd
2160,-4.97561221,-9.74678742,0,22.4440142,3.30994177;13.4619884;48.2748528;62.6023369;47.1988297;54.3333321;27.754385;25.2222233;36.0350876;44.0935669;85.9999924;47.1052589;46.2222176;35.8888893;42.3801155;31.923975;39.84795;28.2573109;30.3567238;21.8771935;20.0292397;24.3157902;19.1637421;16.7134495;15.9356728;14.6432743;10.087719;10.6315784;12.8538008;10.6257305;22.0350876;9.42105198;11.4502926;12.7953205;2.71345019;0;0;2.78362584;1.42690063;0,21.5906448;30.076025;31.3040905;49.578949;57.6491241;77.777771;81.5380096;62.0292435;55.6666679;60.9766083;63.3976593;53.3859634;27.9064312;14.666666;7.88888884;0;0;0;0;0;0;0;0;0;0;0;0;0;0;0;0;0;0;0;0;0;0;0;0;0;0;0;0;0;0;8.81871319;8.82456112;13.4385967;16.245615;22.4502926;23.6198845;20.7134514;23.415205;22.4269009;23.1461983;23.1754379;25.1754379;15.2105255;24.6666679;23.0116959,45,solid_clouds/keyframe_347.pcd
2240,-4.97050417,-9.74123782,0,22.4588119,3.49044585;12.5477715;48.4203835;60.2292976;38.0955429;51.5732498;29.8407669;27.3503208;41.7261162;41.9426727;94.6369476;45.936306;46.8917198;44.0318489;41.6114616;33.6496811;42.4012718;30.5159225;25.4777069;25.7070065;20.3503189;21.6815281;23.7515926;19.063694;15.3503189;16.5286636;13.0764332;12.9299364;14.6751595;8.77070045;25.6178341;8.08280182;14.7834396;13.840764;0;0;1.55414009;3.08280253;1.15286624;0,22.1464996;30.6242027;35.235672;50.6624184;59.3949013;82.6560364;85.3757935;59.4968185;62.8789864;63.1019135;67.6560516;55.77071;29.5923576;15.7707014;7.14012718;0;0;0;0;0;0;0;0;0;0;0;0;0;0;0;0;0;0;0;0;0;0;0;0;0;0;0;0;0;0;6.77707005;13.1719742;13.5668793;15.936306;24.9745216;21.9936295;20.1528664;21.8598747;22.2866249;20.9235668;23.1528664;26.2611465;14.6050949;25.7133751;21.490448,45,solid_clouds/keyframe_348.pcd
2320,-4.96855216,-9.74443733,0,22.4589886,3.43373489;12.0180721;50.6024094;61.6566238;37.7650604;53.5602417;30.7771072;27.9578342;38.5783119;41.3915634;92.3975906;43.8253021;44.7771072;38.8313217;38.1987991;31.7168674;41.1084366;28.710844;25.1927719;22.7650604;21.5722885;24.5843391;19.759037;18.5421677;15.2951803;15.8132534;10.6686745;11.2710838;13.3493977;8.51807213;20.5843372;8.18072319;14.0903616;13.1084337;1.40963852;0;0;2.82530117;1.41566265;0.704819262,24.1084328;28.6686745;32.3674698;48.9698792;57.9337349;81.7108307;78.3855362;58.9879494;63.7168732;53.1204796;64.2770996;55.6144562;28.855423;14.2168674;7.36144543;0;0;0;0;0;0;0;0;0;0;0;0;0;0;0;0;0;0;0;0;0;0;0;0;0;0;0;0;0;0;5.33734941;11.6626511;17.1927719;15.8614464;25.8373489;18.3192787;21.4939766;21.951807;19.8915672;23.5843391;26.1807213;22.8012047;14.710844;23.3132515;20.5240974,45,solid_clouds/keyframe_349.pcd
2400,-5.97717391,-7.8730828,0,54.5724524,2.98369551;11.461957;31.3478241;44.320652;28.3152161;31.3858719;16.907608;11.206521;12.206522;15.233696;35.0597839;35.788044;79.4293442;75.4891357;60.97826;36.4999962;36.1195641;38.3641281;52.5869598;41.967392;32.798912;25.554348;22.434782;25.608696;12.26087;19.10326;26.4945641;18.8315201;14.608696;17.73913;21.51087;32.961956;27.782608;24.11413;22.184782;14.130434;9.326087;10.456522;9.326087;5.93478251,35.1630402;86.0760956;122.277176;118.619576;98.3478241;10.836957;5.74456501;8.673913;2.972826;8.23913097;0.956521749;5.9619565;1.9619565;4.0380435;0.625;0.782608747;0;0;0;0;0;0;0;0;0;0;0;0;0;0;0;0;0;0;0;0;0;0;0;0;0;0;0;0;0;18.26087;19.8967381;15.842391;17.76087;20.1195679;21.157608;24.695652;32.1032639;25.445652;30.206522;40.4891319;56.9565201;97.1684723;97.6141205;61.820652,45,solid_clouds/keyframe_350.pcd
2480,-5.97186335,-7.80947139,0,-31.960171,4.33333302;19.7017536;31.3508759;51.4678345;42.1578941;56.2163773;35.33918;25.4619884;30.4795341;31.6140347;38.3274879;40.2046776;62.1520462;50.9590607;40.0994148;14.7719297;4.64912319;6.66081858;9.20467758;5.06432724;4;2;1.66666675;1.66666675;1;1.66666675;2.33333325;2.10526299;1.53801167;0.666666687;1;4.0994153;6.87719297;5.26315784;2.8011694;0;0;1.99415207;0;0,24.3216362;21.49123;18.8654976;22.1169586;24.3216362;22.3684196;24.4035091;26.0233917;30.7602348;24.8713474;39.9649124;32.84795;39.3157883;32.403511;17.4385948;0;0;0;0;0;0;0;0;0;0;0;0;0;0;0;0;0;0;0;0;0;0;0;0;0;0;0;0;0;0;0.520467818;8.52046776;9.04093552;9.45029259;8.35672569;10.7076025;7.29239798;13.0526314;12.5614042;15.6842117;18.9941521;24.5672512;35.5380173;38.1871338;26.9064369,45,solid_clouds/keyframe_351.pcd
2560,-5.97218904,-7.81327359,0,-31.9197271,3.26966286;22.0617981;31.2977524;49.3820229;45.3539352;56.7865181;38.8202248;27.0393295;29.16292;28.38764;35.3033714;36.7528076;58.2415733;50.4550591;37.5224724;13.0730343;5.10674191;5.5505619;8.4382019;6.29775286;3.04494381;2.93258429;1.91573036;1.59550571;0.95505619;1.58988762;2.37640452;1.99438214;1.42696631;0.314606756;0.314606756;3.48876405;7.81460667;6.06179762;0.634831429;0;0;1.67977536;0;0,23.8707867;22.1797752;18.4382038;20.9325848;24.9213486;21.3258419;24.44944;27.0224686;27.2640457;26.5730324;34.7640419;32.20224;40.4269676;32.8876419;16.8876419;0;0;0;0;0;0;0;0;0;0;0;0;0;0;0;0;0;0;0;0;0;0;0;0;0;0;0;0;0;0;0.477528095;8.13483143;8.93258381;8.19662857;7.42696667;10.5955048;6.4943819;12.9269667;11.0505619;18.0393257;22.7134819;18.9775276;35.0224724;35.8089905;27.4999981,45,solid_clouds/keyframe_352.pcd
2640,-5.40466904,-6.54476524,0,54.9948589,3.95698929;11.6451607;30.10215;25.9139786;19.2419357;32.301075;24.5913963;11.5;20.5;17.7903233;24.2741928;48.6451569;91.5053711;50.4462357;32.7903214;33.4085999;43.2580643;30.9838715;38.2849503;37.89785;31.0698929;16.5860214;13.3870974;21.2419357;15.1075268;15.6827955;18.0752678;17.6182804;21.6612892;25.7473125;20.9086018;25.467741;26.0537624;20.3548393;13.3494625;11.2956991;11.2956991;14.3817196;26.6720428;28.8440857,41.5591393;99.9946213;114.494614;110.865593;97.7042923;40.3172073;14.7688169;6.47311831;0;5.32258034;0.763440847;0.763440847;3.84408593;0.559139788;0.172043011;0;0;0;0;0;0;0;0;0;0;0;0;0;0;0;0;0;0;0;0;0;0;0;0;0;0;0;0;0;0;18.2150536;22.2473125;18.5;21.0161285;18.7688179;19.5537643;20.2473125;24.4408607;18.3279552;36.7311821;31.7150536;69.7042923;77.9999924;59.7258072;29.0430126,45,solid_clouds/keyframe_353.pcd
2720,-4.11080102,-4.99321816,0,-28.5097713,3.43209887;19.4444447;30.8827171;43.2962952;39.7345657;53.419754;27.5123444;33.1111107;38.8580246;68.0679092;53.9691429;49.222229;61.3024712;46.8086433;48.376545;31.8580246;20.9259262;3.28395081;2.6790123;5.62345695;4.08024693;1.7283951;2.16049385;1.29629624;3.8518517;5.03703737;9.46913528;6.59876537;3.43209887;6.41358089;4.08024693;0;0.271604925;0;0;0;0;0;0;0,23;21.8086395;20.0864182;15.6604939;18.1790123;20.1358013;21.376543;25.4382706;25.4938278;31.6851845;46.6913567;37.3148155;25.1296291;9.13580227;13.3024683;0;0;0;0;0;0;0;0;0;0;0;0;0;0;0;0;0;0;0;0;0;0;0;0;0;0;0;0;0;0;15.7098761;20.2592602;19.3086414;21.5925922;26.2839508;27.1666641;23.4197502;27.9814854;31.6975307;36.5185165;29.0802422;31.1111107;24.0864182;22.8209877;18.7530842,45,solid_clouds/keyframe_354.pcd
2800,-4.1095511,-5.00006356,0,-28.6396116,3.4124999;18.6749992;32.2312508;42.4500008;38.6125031;52.6062508;32.6312485;36.0812531;37.6187477;77.6875;57.5625038;50.3687477;59.3437462;40.4249992;44.1687508;29.8937511;14.7875004;2.79999995;3.23125005;5.90000057;4.90000057;1.82500005;2.28125;1.82500005;4.03125;4.85625029;9.92500019;6.23124981;3.89999986;6.35000038;1.72500014;1.16250002;0;0;0;0;0;0;0;0,20.6062508;26.625;20.8499985;14;19.6937523;21.8499985;20.4124985;28.7125015;27.9749985;30.5250015;46.7437515;38.0750008;26.0312519;10.3187494;12.5874996;0;0;0;0;0;0;0;0;0;0;0;0;0;0;0;0;0;0;0;0;0;0;0;0;0;0;0;0;0;0;14.90625;19.1999989;19.625;21.8437519;25.0937519;22.1500015;27.4375019;25.7875004;28.5937481;38.0875015;26.3499985;26.4937496;24.7374992;23.3312473;20.8562508,45,solid_clouds/keyframe_355.pcd
2880,-4.12064737,-4.99129802,0,-28.6396425,3.34146357;17.8353653;35.6707306;40.7926826;42.8902435;67.8048782;32.2682915;43.5731735;54.2073174;74.18293;56.8719559;52.3841438;59.7134209;43.2987785;38.2317085;23.3780499;16.2012196;2.70121956;2.61585379;5.6280489;3.03048778;1.24390244;1.24390244;2.07317066;1.60975611;5.71951199;7.05487776;7.24390221;2.92073154;6.73170757;1.79268289;1.79268289;0;0;0;0;0;0;0;0,21.3841457;25.1036587;26.9634132;15.719511;19.8780479;22.9024391;22.0609741;31.0670738;26.2743912;24.1829243;44.9756126;37.6219482;27.2195148;9.91463375;14.8902435;0;0;0;0;0;0;0;0;0;0;0;0;0;0;0;0;0;0;0;0;0;0;0;0;0;0;0;0;0;0;15.75;19.9939041;21.7621937;20.658535;24.7560978;23.9817085;31.2378044;23.6646328;29.5426846;39.4756088;30.9207325;31.0853691;25.2987804;25.4999981;22.2621956,45,solid_clouds/keyframe_356.pcd
2960,-4.11568775,-4.99808285,0,-28.6462059,3.30588245;17.6647053;35.6705856;42.1882362;42.5588264;57.9176483;34.0764694;41.2352943;52.7294121;76.9235382;60.5823517;52.9470558;62.3058777;42.3823509;41.8411789;29.4058838;20;3.04705882;3.00588226;5.91176462;2.95294118;1.21764708;1.21764708;1.62352943;2.02941179;5.42941189;6.88823509;6.70588255;2.7764709;6.37058878;1.12352943;1.12941182;0;0;0;0;0;0;0;0,22.6529427;25.5352936;22.7000008;17.5764713;18.9882355;24.1941185;21.0999985;29.2823524;26.5117645;23.5882359;41.0647011;40.0235291;27.111763;11.4705887;12.7882357;0;0;0;0;0;0;0;0;0;0;0;0;0;0;0;0;0;0;0;0;0;0;0;0;0;0;0;0;0;0;14;21.0176468;18.6705875;22.0470581;26.8470573;22.4235287;31.1882343;31.1941204;36.8294144;36.2588272;32.5823517;32.6411743;27.2411766;24.2588234;23.3764725,45,solid_clouds/keyframe_357.pcd
3040,-4.11088404,-4.99553602,0,-28.6930889,4.43373489;18.9156628;37.1385574;38.0722885;42.0783119;59.4819298;33.4698792;36.3855476;42.7771034;74.0722961;57.5120506;54.0421753;60.0481911;43.7771072;41.5421715;29.8614445;19.8072281;3.01807237;3.44578314;5.31927681;3.1024096;1.61445785;1.61445785;1.61445785;2.77108431;5.40361452;6.61445808;6.08433723;3.24698782;5.91566229;1.16265059;0.644578338;0;0;0;0;0;0;0;0,20.8493977;22.3975906;24.6385536;16.0301208;20.1445789;21.6927681;22.6987953;26.6927719;26.8252983;24.8493977;44.7469826;37.2048187;25.3975906;9.76505947;13.9819269;0;0;0;0;0;0;0;0;0;0;0;0;0;0;0;0;0;0;0;0;0;0;0;0;0;0;0;0;0;0;14.7710848;20.1927738;19.1927719;24.4337368;27.2228928;22.018074;28.4156628;34.2048149;31.4457855;40.1747055;27.6987953;27.0240974;24.9578304;23.3253021;21.9939766,45,solid_clouds/keyframe_358.pcd
3120,-4.43568734,-2.94277341,0,84.5533688,3.71974516;14.0445862;39.4840775;34.9617844;22.2993641;34.2993622;22.1019096;14.8980894;23.4012699;18.7515926;34.382164;29.1528664;45.7324791;26.5031872;21.6178322;16.1337566;18.3057327;17.6496811;20.7515926;24.936306;14.2356691;16.6751595;16.0573254;16.6560516;33.8980865;25.4777069;21.1464977;21.1464977;21.8471355;28.6751595;30.5796185;39.5350342;61.4394913;54.2101898;0;0;0;0;0;0,97.2293015;36.382164;27.9554157;13.8471336;8.07643318;7.14012718;5.13375759;11.6815281;0.299363047;3.0191083;2.43949056;1.14012742;3.89171982;0.12101911;0;0;0;0;0;0;0;0;0;0;0;0;0;0;0;0;0;0;0;0;0;0;0;0;0;0;0;0;0;0;0;17.1847134;38.1783447;33.6433144;20.5859871;12.127388;7.62420368;9.01273918;14.6050959;14.3121023;25.1210175;42.6496811;104.337578;106.617844;124.292992;96.0573273,45,solid_clouds/keyframe_359.pcd
3200,-4.14794777,-1.05400001,0,-36.3063562,5.4545455;16.988636;33.039772;41.4204559;66.227272;62.573864;36.835228;31.34659;23.9204521;23.630682;26.7499981;33.488636;41.9261322;40.9829521;33.039772;28.767046;22.818182;30.2329559;19.0284081;20.1590919;18.2045441;19.931818;32.5;22.59659;9.49431896;0;0;0;0;0;0;0;0;0;0;0;0;0;0;0,32.8181801;37.3465919;17.477272;6.6079545;5.6079545;11.886364;9.75568199;11.761364;7.16477299;11.636364;6.7670455;10.056818;11.022728;12.960228;8.84659004;0;0;0;0;0;0;0;0;0;0;0;0;0;0;0;0;0;0;0;0;0;0;0;0;0;0;0;0;0;0;3.38636351;14.1250019;29.636364;35.8693199;38.113636;36.3977242;39.585228;40.9431763;50.914772;59.0170441;50.948864;40.9545441;34.9431801;29.3693161;35.4374962,45,solid_clouds/keyframe_360.pcd
3280,-4.14990966,-1.05497747,0,-36.3021024,4.4219656;19.1791916;33.1907501;39.6647415;58.4682083;60.9653206;38.7745667;27.0462418;18.8901749;18.4277439;18.2774563;27.4161854;36.5664787;37.2312164;34.6358414;28.6127186;22.0751438;30.6300583;20.1849689;20.1156082;18.4046249;19.728323;31.1849728;20.7861271;9.74566555;0;0;0;0;0;0;0;0;0;0;0;0;0;0;0,28.757225;32.9595413;16.4682083;7.0346818;7.95375729;13.514451;4.89595366;12.6705198;8.35838127;10.4046249;7.26011562;11.7456646;10.919076;12.6358395;8.87283325;0;0;0;0;0;0;0;0;0;0;0;0;0;0;0;0;0;0;0;0;0;0;0;0;0;0;0;0;0;0;4.93063545;13.6589603;27.8439312;37.080925;40.8901749;36.0578041;33.0289001;43.0578041;40.2890167;50.6589584;46.0115623;38.4682083;28.5606956;28.0404625;31.5953789,45,solid_clouds/keyframe_361.pcd
3360,-4.14847142,-1.05466791,0,-36.3178255,4.41954041;17.0459766;34.9310341;48.3160934;54.0287361;59.9195404;37.5862083;25.3275852;18.5574722;16.8333321;17.7931023;28.2413769;35.8678207;38.5804596;36.2873535;26.4310341;24.201149;32.1781616;18.9827576;20.7931023;19.0632191;20.8448277;32.8850555;22.4885063;8.51724148;0;0;0;0;0;0;0;0;0;0;0;0;0;0;0,22.3448296;34.6954041;16.3160934;8.10344791;8.65517235;10.2586212;6.13793135;11.5517244;10.0804596;10.0632181;7.01724148;10.8850574;10.7126446;12.6206903;9.03448296;0;0;0;0;0;0;0;0;0;0;0;0;0;0;0;0;0;0;0;0;0;0;0;0;0;0;0;0;0;0;3.72413802;14.6954031;27.097702;37.1494255;42.7413826;36.4770126;38.6954002;39.6091995;41.3735657;51.4137993;44.9080505;41.4885063;29.6091938;30.2643681;32.396553,45,solid_clouds/keyframe_362.pcd
3440,-3.73671943,0.0232233531,0,57.2831636,3.10588264;11.8117647;34.682354;39.7470627;58.0470581;69.9941177;27.5;14.9294128;9.09411812;12.3352938;15.7411766;13.0058813;18.3764687;17.6764717;18.5411758;19.0294113;22.4294109;20;22.3352947;19.9470596;18.4529419;23.8941174;28.794117;29.4882355;30.4058838;31.2705879;65.2352905;54.6823502;13.2941179;14.0235291;8.39411736;11.2470589;12.341177;5.20588255;3.49411774;0;0;0;0;0,59.9117661;72.2823486;78.1588135;69.111763;64.2882233;52.4999924;28.1235275;15.8823528;9.73529434;12.8529415;10.2823524;8.02941132;5.19999981;3.41176486;1.30588233;0;0;0;0;0;0;0;0;0;0;0;0;0;0;0;0;0;0;0;0;0;0;0;0;0;0;0;0;0;0;7.53529406;10.2941179;8.74705887;10.9352942;8;8.12352943;10.9000006;13.9823532;8.96470547;13.0470591;7.57058811;11.4176464;43.5764694;87.3117599;77.0705719,45,solid_clouds/keyframe_363.pcd
3520,-2.43841786,6.33011208,0,99.2527989,4.45882368;19.9882355;35.9352951;57.1529427;42.8647079;48.5117645;27.8058853;19.1882362;20.0529423;22.5705891;32.8352928;30.3941154;33.4823532;39.3764687;55.2588234;12.6176472;11.2000008;13.5058823;8.95294189;6.80588245;4.21764708;6.06470633;11.1176472;9.36470604;12.682353;9.29411793;5.25882339;0;0;0;0;0;0;0;0;0;0;0;0;0,24.2764683;20.7823524;19.7588234;16.135294;17.2352943;13.1882353;11.4882355;6.80588245;2.75294113;4.94117641;3.47058821;4.13529396;4.25294113;2.80000019;0;0;0;0;0;0;0;0;0;0;0;0;0;0;0;0;0;0;0;0;0;0;0;0;0;0;0;0;0;0;2.21176481;30.6294117;46.3294067;36.4117661;39.4588203;44.3764687;28.9411774;25.8411789;30.0000038;21.5705891;26.564703;25.9000015;24.5411758;21.7294102;23.5529404;20.8764687,45,solid_clouds/keyframe_364.pcd
3600,-2.53461079,7.68685179,0,-34.4439874,7.31067944;15.0533981;25.9563103;50.0825233;42.9854355;62.2087402;54.6456299;31.8834953;22.1553402;31.5048542;49.8883553;79.9223175;134.805832;93.432045;109.621346;100.228142;93.7718353;78.7135925;80.597084;66.5097122;58.2232971;42.0097084;95.9077682;120.189316;53.9708748;18.0097084;15.2766991;11.3689327;7.3398056;7.68932056;19.0582523;18.0776691;7.5922327;3.53398061;2.77184463;1.52427185;4.325243;9.71844673;15.9563103;21.4271851,47.4514542;82.13591;112.766991;104.07766;80.4368896;80.169899;83.8106842;71.8640747;17.0776691;30.7038841;65.1893158;34.3834953;22.2766972;17.5679607;17.0825272;0;0;0;0;0;0;0;0;0;0;0;0;0;0;0;0;0;0;0;0;0;0;0;0;0;0;0;0;0;0;10.7815533;32.898056;54.7281532;85.6553497;90.1407852;73.3495255;64.9757233;55.5436897;32.6213608;97.3300934;58.1699028;90.432045;62.8106766;53.9417458;34.8737831,45,solid_clouds/keyframe_365.pcd
3680,-2.53074769,7.67171482,0,-34.4289513,6.04950523;15.6732674;25.0346527;37.8910904;39.7871284;55.1138611;52.1287155;33.3415833;23.7376251;35.1930733;55.2574234;100.648529;151.158401;110.688118;125.425735;120.66832;99.4702988;85.6683197;88.5346527;75.6930695;54.2673264;61.7475243;101.821785;133.792084;73.2128754;44.3712845;15.8267326;14.4356432;11.2425747;9.69801998;19.4158421;14.9158421;6.12376261;3.02475262;5.53465366;1.67326736;2.41089106;11.5396042;17.9455452;24.990099,47.5445518;88.8267441;102.079208;97.8316803;82.6633682;86.1881104;78.2277222;98.990097;83.6039581;65.3019714;71.1633682;36.7772293;25.2079201;18.3960381;19.4603958;0;0;0;0;0;0;0;0;0;0;0;0;0;0;0;0;0;0;0;0;0;0;0;0;0;0;0;0;0;0;12.7227726;32.5792084;59.7326775;98.7722778;96.4306946;73.0049515;78.2574387;60.1188164;32.6584167;101.262383;64.5940552;93.5792084;68.0643616;52.688118;38.4257393,45,solid_clouds/keyframe_366.pcd
3760,-2.54573083,7.6797852,0,-34.4116989,6.16129065;16.8156681;24.0829506;45.3594475;44.0553017;68.6543808;64.0368652;32.7096786;26.9539146;35.9078331;58.3410187;92.2580566;147.258072;103.75116;129.497711;118.115196;98.1751251;85.2350235;92.6129074;73.0921707;66.4884796;60.9677429;98.0645142;121.460831;63.7465401;41.8663597;11.6497698;15.0921659;7.81105995;4.85253429;19.7972355;17.7419357;6.41935444;3.61751151;2.05990791;3.89400911;4.25345612;11.4976959;14.9216595;20.9032269,46.101387;87.9447021;121.94471;105.460831;84.161293;90.0783386;81.5161362;95.7603607;77.2350235;66.8064499;75.221199;39.8110542;23.6728115;20.6036873;18.6405506;0;0;0;0;0;0;0;0;0;0;0;0;0;0;0;0;0;0;0;0;0;0;0;0;0;0;0;0;0;0;11.6082954;28.5483856;57.8848038;91.4930878;92.5806503;75.1382599;68.5898666;55.2165871;38.0138245;92.1751251;72.6958542;83.0553055;65.1981583;53.9769592;39.0460815,45,solid_clouds/keyframe_367.pcd
3840,-1.70986541,10.5205307,0,98.0472101,4.38650322;11.8098164;29.0184059;48.0981598;50.6073647;47.3987732;12.5337429;4.2085886;3.69325161;0.674846649;0.0736196339;0;0;0.036809817;0;0.116564415;0.116564415;0.0920245424;0.0920245424;0;0.0920245424;0;0;0;0;0;0;0;0;0;0;0;0;0;0;0;0;0;0;0,8.24539852;7.01226997;7.15337467;7.88957071;8.87730122;7.78527641;7.82822132;7.88957071;7.82822037;6.51533747;8.08588982;8.66871166;3.03067493;2.39263821;0.411042929;0;0;0;0;0;0;0;0;0;0;0;0;0;0;0;0;0;0;0;0;0;0;0;0;0;0;0;0;0;0;10.4601231;5.4417181;10.981596;12.3190184;10.5214729;6.31288385;4.71165657;7.28834391;3.23926401;8.60736179;6.22085905;6.39263821;6.39877319;4.38650322;10.1533747,45,solid_clouds/keyframe_368.pcd
3920,-1.76275589,11.9241155,0,-100.69521,2.06806278;15.5602102;33.2408371;55.628273;38.0052376;37.9005241;31;27.7696342;30.5078545;34.7591591;27.6387424;34.549736;35.3036652;45.0418854;60.6230392;55.2460747;64.2041855;65.7643967;76.8481598;71.193718;55.7591629;52.1204185;82.1308899;78.8952866;72.2408371;68.7329865;34.3141365;33.2408371;33.4973831;22.4502621;26.0261803;25.3455486;29.5078526;18.0418854;31.6544495;17.1675377;11.5340309;5.73822021;5.2356019;12.3350792,110.235596;123.020927;96.7853241;135.7173;79.46595;77.5130692;51.9319382;59.5968552;71.3088989;86.7539215;95.8429413;86.0052338;65.6125565;39.3507805;14.9528809;0;0;0;0;0;0;0;0;0;0;0;0;0;0;0;0;0;0;0;0;0;0;0;0;0;0;0;0;0;0;3.87958121;7.00523567;5.70680618;8.37696362;8.15706825;8.70680618;10.6753931;14.5392666;8.38743496;8.84293175;22.7277489;17.612566;20.534029;98.9999924;120.575905,45,solid_clouds/keyframe_369.pcd
4000,-1.76312171,11.9224255,0,-100.827599,4.17894745;14.1052637;36.9157906;54.0263138;45.794735;39.5105286;39.7473679;29.1631584;34.1578941;35.1842117;27.8631554;32.4000015;37.2736893;50.3052635;57.0210495;52.1684189;66.7789459;61.878952;79.889473;74.3578949;50.9578972;60.8263206;73.1684265;76.7578964;74.9157867;65.8315811;31.8421059;32.7789459;34.8368416;23.8473682;24.2052631;27.905262;26.7052631;15.2315788;35.4263153;16.452631;17.094738;5.11578941;7.07368422;14.2578945,111.157898;129.731583;90.8578873;137.552628;82.6000061;81.9473724;52.0947342;67.7578888;73.5736847;88.9842072;93.4947357;86.8999939;64.6684189;41.6631584;14.0789461;0;0;0;0;0;0;0;0;0;0;0;0;0;0;0;0;0;0;0;0;0;0;0;0;0;0;0;0;0;0;3.12631559;7.08947372;5.01578951;8.5;9.94210529;11.1368427;10.1684208;13.6157894;13.5526314;9.31579018;20.0578938;19.6473675;19.9315777;95.7368393;124.052635,45,solid_clouds/keyframe_370.pcd
4080,-1.76479257,11.9366428,0,-100.791112,2.21081066;16.0108109;40.8810806;54.7351379;46.3891907;44.3405418;40.5675659;36.6378365;36.3729744;40.1621628;36.4486504;37.5945969;49.7135124;59.718914;68.0864868;71.0162125;67.1675644;73.9459534;82.2432404;74.5027008;59.8810768;55.5081062;74.5135193;81.4378357;72.9459534;59.6810837;33.9189224;29.5999985;38.5135117;20.075676;23.5135136;26.4594612;28.2324314;11.1135139;33.7567558;11.6054058;10.4972973;2.05405402;8.36756802;16.0594597,113.005402;142.675659;97.4540634;149.529724;89.4540482;84.6540527;64.5027084;70.3459473;71.951355;89.1513519;99.2702789;86.4432526;77.6378403;40.1891975;15.6378365;0;0;0;0;0;0;0;0;0;0;0;0;0;0;0;0;0;0;0;0;0;0;0;0;0;0;0;0;0;0;3.10270286;8.05945873;5.13513517;8.21621704;11.302702;9.1243248;10.0972977;16.7405415;14.1189184;12.1729727;18.0108109;22.0918922;21.9675674;100.275688;124.162155,45,solid_clouds/keyframe_371.pcd
4160,-1.77333609,11.9230357,0,-100.793835,3.18085098;14.4680853;32.2925529;52.9095764;46.1968079;47.4787254;40.0159569;42.0531883;42.4734039;41.9680824;31.3138313;28.8138294;42.3457413;42.0425529;49.8882942;52.6648941;52.398941;70.9308472;76.4042587;64.1755295;56.9840469;64.1010666;71.9042511;77.6702118;68.7074432;61.2978745;28.7659588;27.5265961;32.2659569;24.1968079;17.4468079;26.9361725;25.3989372;11.9095745;30.9361706;13.8085098;11.111702;4.15425539;4.28191471;18.0851059,99.5957413;132.148941;91.0372238;134.659576;87.739357;81.4414902;58.3244667;60.0638275;74.6595764;86.5851059;88.5478516;85.1223373;70.1968155;36.4574432;14.2819157;0;0;0;0;0;0;0;0;0;0;0;0;0;0;0;0;0;0;0;0;0;0;0;0;0;0;0;0;0;0;4.25531912;5.93085098;5.77127647;6.22872353;10.0585108;8.80319118;9.29255295;13.9627666;14.4042549;11.0319157;17.7340431;21.2712746;26.5851059;67.9787216;127.335106,45,solid_clouds/keyframe_372.pcd
4240,-1.77066582,11.9277579,0,-100.788326,3.58201075;14.7089958;35.989418;53.4814796;47.0634918;47.3809509;44.7513237;36.5396805;36.4867706;48.7089882;33.4179916;38.0264473;42.4708977;52.5343933;54.2010574;59.4656105;46.9576721;73.0740738;78.8994751;60.2380905;54.0370369;52.2962952;81.9523849;75.8571396;68;59.3439102;22.3968239;26.2328033;27.9417992;20.5767193;20.9153442;24.0264549;23.8783073;11.6243382;29.7989426;9.95238113;9.1957674;6.3650794;6.14814806;13.9047623,107.396812;131.50264;94.9259262;136.671951;84.6719589;79.8888855;58.0370445;63.2645454;73;83.7989349;88.962944;90.3280334;65.5608444;37.783062;14.1481485;0;0;0;0;0;0;0;0;0;0;0;0;0;0;0;0;0;0;0;0;0;0;0;0;0;0;0;0;0;0;3.01587296;7.44973564;4.40740728;6.01587343;11.3756618;7.97883606;8.41269875;16.4867725;13.4021168;11.9259262;16.6190472;21.666666;19.7883587;82.8835907;111.052902,45,solid_clouds/keyframe_373.pcd
4320,-1.76095277,11.9392906,0,-100.833608,3.18085098;14.180851;32.5797882;50.7925568;50.3563843;49.8723412;35.180851;38.2021255;41.8563843;39.0585098;28.8563824;34.0106392;44.3297844;49.3404198;61.7021255;60.4627647;63.2659569;70.0638275;76.9095688;64.5265961;54.2234039;62.6542549;76.7925491;81.601059;73.7340393;61.930851;25.6595745;30.8936176;37.9361725;19.3723412;20.0797882;28.1595745;24.6063843;10.7978725;29.0319157;13.7234039;13.3297863;3.96276617;7.23404264;17.0425529,102.5;129.88298;95.5691452;140.186142;87.127655;80.2127686;56.7074394;64.7446747;72.7074432;86.1861725;92.0904312;84.6329956;70.6755295;42.2500076;14.2712765;0;0;0;0;0;0;0;0;0;0;0;0;0;0;0;0;0;0;0;0;0;0;0;0;0;0;0;0;0;0;3.14361715;7.42021322;3.5638299;7.71808529;8.59042549;10.9627666;10.5478725;14.5531921;12.9946814;13.8404255;21.835104;19.6063824;23.6914902;96.7659607;126.515961,45,solid_clouds/keyframe_374.pcd
4400,-1.76523992,11.9382095,0,-100.790923,2.1861701;14.25;38.8031921;52.9840431;47.5265961;50.861702;36.8776627;38;39.9574471;41.7606392;33.5478745;33.3191452;45.7074509;52.829792;60.8829803;60.2925606;59.441494;75.1914902;78.1542587;63.3829842;50.1489372;60.1542549;71.351059;74.6170197;71.2021332;60.3297882;29.7021294;27.3723412;38.3138313;19.2553196;21.4521294;24.6010647;24.5851078;10.8457451;32.3244705;10.7287235;11.2553196;4.35638332;6.97872353;14.3031921,98.8351059;129.430847;93.5425568;140.287231;81.7872391;81.6223297;60.7872276;62.9095764;79.8616943;83.4361725;90.739357;89.8457565;68.7074432;35.6223373;14.9893627;0;0;0;0;0;0;0;0;0;0;0;0;0;0;0;0;0;0;0;0;0;0;0;0;0;0;0;0;0;0;3.08510637;5.86702108;5.86170197;5.48936176;11.9414883;7.98404217;9.47340393;16.9574471;14.2606392;11.069149;19.9042549;21.6489353;21.0585079;95.9308548;126.898933,45,solid_clouds/keyframe_375.pcd
4480,-1.76967685,11.9292935,0,-100.883789,3.19170976;17.5129528;33.948185;49.0621796;45.616581;49.2694321;42.383419;32.0673599;36.7875671;35.3782349;29.0310879;31.554409;38.3264236;53.4041443;60.6010361;57.6476707;66.8393707;72.5129547;74.8031082;69.9326401;61.6424904;58.968914;69.9533691;75.5181351;64.7875595;60.4922295;35.165802;28.8290157;37.1813469;21.5492249;21.0155449;20.8704643;24.9637299;10.1398964;36.7305679;16.2020721;15.165803;6.80829048;4.87046623;16.6528511,109.569954;122.647667;84.9896393;140.569946;86.756485;84.093277;56.0310898;65.8186646;77.1554413;83.3678741;98.51297;88.9844589;67.5803146;37.5440445;15.4922276;0;0;0;0;0;0;0;0;0;0;0;0;0;0;0;0;0;0;0;0;0;0;0;0;0;0;0;0;0;0;2.89637303;6.53886032;6.60621738;7.59585476;10.3626947;10.0362692;5.76683903;14.4145088;13.3264236;10.4507771;18.6942997;19.3834209;21.134716;92.8756485;128.181351,45,solid_clouds/keyframe_376.pcd
4560,-1.76299744,11.9324136,0,-100.878155,3.23404264;14.4787235;38.319149;53.8936195;47.1648941;47.1861687;39.4680862;36.8297882;40.75;44.3351097;30.9627666;32.6542549;43.377655;47.5478706;58.8829765;56.4521255;63.8936157;68.6861649;76.8191528;67.0531921;55.8085098;66.6914978;80.1914902;75.8936157;70.5744629;59.888298;30.8936157;29.6276588;32.8723412;22.888298;17.5904255;30.3244686;23.6489372;12.5638304;30.3351059;12.2765961;11.1968088;3.65957451;4.30851078;16.6595745,103.228729;126.452133;94.4308472;142.952133;90.8723297;84.1223297;56.9840393;61.75;72.361702;84.239357;95.4574432;84.3457413;74.7074432;37.9734039;14.9734039;0;0;0;0;0;0;0;0;0;0;0;0;0;0;0;0;0;0;0;0;0;0;0;0;0;0;0;0;0;0;4.23404264;7.29255342;4.82446814;5.92553186;11.0531912;9.64361763;8.42021275;12.6170216;15.526598;13.1861706;17.1436176;22.6063843;21.4787216;99.4840546;121.595749,45,solid_clouds/keyframe_377.pcd
4640,-1.76408506,11.9324035,0,-100.883101,2.13736272;14.2307682;37.21978;50.6978035;42.8186798;40.4230804;41.4120865;32.895607;37.1043968;39.6153831;35.3186836;37.2527466;52.2637367;59.7252808;65.4670334;63.9615402;77.8571396;71.1208725;76.6263733;76.2307663;63.9670334;55.2857132;84.1263733;84.9340668;72.0988998;64.7912064;32.9780235;34.675827;36.8626366;21.5989017;22.7637367;26.2527466;23.0219803;9.91208744;29.8516464;16.0494499;10.2857141;5.86813164;6.69230747;15.5109892,108.41758;142.730774;99.3736343;146.510986;86.5494461;91.9725342;59.9725304;67.395607;77.1483536;84.0659332;99.2637482;90.5164795;78.0329666;41.0824242;15.8076925;0;0;0;0;0;0;0;0;0;0;0;0;0;0;0;0;0;0;0;0;0;0;0;0;0;0;0;0;0;0;3.23076916;6.10988998;5.58791208;6.71977997;11.3076925;5.86263752;8.05494499;15.0054951;13.2252741;11.9340649;18.3516464;21.1813202;22.2087936;101.670334;132.615372,45,solid_clouds/keyframe_378.pcd
4720,-1.73188584,11.8780293,0,-39.4717517,1.73061228;15.8285713;27.8448982;38.8816299;52.7428551;59.2693901;42.044899;48.0571442;34.9265251;44.5020409;33.7346916;30.7142868;36.1551018;44.1673431;58.9591827;64.1224518;68.8285751;76.1918335;78.681633;69.955101;51.4367332;46.8734703;101.742859;69.0326462;50.6163254;51.089798;15.5673466;16.9632645;13.2244892;9.42040825;12.0448971;18.8367348;21.106123;9.62448978;14.3551025;3.46938753;1.66938782;3.24081635;2.51836729;4.65714312,92.7632828;77.163269;87.0653;73.9673462;52.0204086;36.759182;17.0734692;13.3020411;15.6081638;10.4775505;8.42857075;6.04489803;1.9265306;1.95102036;0;0;0;0;0;0;0;0;0;0;0;0;0;0;0;0;0;0;0;0;0;0;0;0;0;0;0;0;0;0;3.91428566;8.7551012;15.2367363;28.5877552;68.2122574;66.5591812;61.0938797;70.3551178;75.7265396;102.126534;82.5591888;65.5591812;54.5346909;58.2571449;81.0326614;107.767349,45,solid_clouds/keyframe_379.pcd
4800,2.95412658,9.81705608,0,-34.3576517,5.15348816;22.2046509;40.0511627;53.1395378;47.0325584;65.720932;24.7209301;22.3023262;28.3302326;41.4093018;63.232563;71.6325531;76.3534927;83.8139572;34.5674438;35.0883713;19.2372093;9.60465145;8.90697765;4.61860466;7.01860476;5.18604612;7.83720922;6.49767447;8.19534874;2.81860471;5.24651146;0.404651165;5.3069768;0;1.61860466;3.51162815;1.33953488;5.02325583;4.42325592;2.31627893;1.66511631;1.92558146;7.4651165;5.83255863,40.2604675;34.8558121;33.5348816;33.3488388;28.2093048;25.5813961;24.3720951;29.8837204;24.9348869;43.7488327;32.9581413;18.502327;9.39999962;6.76744175;0;0;0;0;0;0;0;0;0;0;0;0;0;0;0;0;0;0;0;0;0;0;0;0;0;0;0;0;0;0;0;20.0604649;33.5209312;42.8697739;40.8139534;27.1023235;15.8976746;15.3767452;19.7116299;23.71628;24.9023247;31.7999992;40.4511642;38.3534927;40.1162834;39.7023239,45,solid_clouds/keyframe_380.pcd
4880,3.67496814,9.08641382,0,-125.602784,4.08256865;16.9266052;32.9357796;53.8532143;42.2844048;43.0825691;24.0642204;32.28899;49.8440361;79.3990784;72.0275192;50.0412865;58.2981682;74.738533;64.0000076;76.899086;120.261467;51.5688095;47.660553;26.7614689;27.2935791;26.8073387;28.6192665;23.8532104;17.7981644;14.527523;14.3807335;14.8899078;24.5688057;7.93578005;7.32568836;4.21100903;4.76146793;3.60550451;2.20183492;2.20183492;7.08256912;3.14678907;3.22935772;0,48.3623848;93.3853226;106.178894;26.4862385;13.5321083;20.28899;16.3302765;19.5963306;20.7110081;21.5917473;23.5825729;29.3669758;31.21101;25.4999981;15.4357805;0;0;0;0;0;0;0;0;0;0;0;0;0;0;0;0;0;0;0;0;0;0;0;0;0;0;0;0;0;0;20.5229359;40.6238518;45.550457;51.3532104;47.5963287;45.3440399;45.2293625;42.1697273;33.0321121;40.9174347;42.1559677;63.1513824;61.8899117;89.4724808;78.8899002,45,solid_clouds/keyframe_381.pcd
4960,3.67111715,9.07442726,0,-125.778085,3.11538458;17.1923084;35.2067299;51.8509598;35.5096169;43.0384636;18.4182682;35.3365364;52.5192261;80.0817261;66.8028793;48.8798103;50.2788467;76.9711609;68.2932663;72.6057739;124.653839;52.5240402;45.1346169;34.2692337;24.1778851;29.6875;32.2307663;25.6442299;20.3557682;13.4951925;19.3653851;16.4134617;23.8846149;10.3076925;7.02884626;3.75;3.73076916;2.98076916;3.57692313;2.38461542;5.54326916;4.66826916;4.21153831;0,47.6586647;85.0096359;100.336548;26.3221149;14.6923065;19.125;15.2163448;21.6826916;20.634613;23.4519215;26.8798065;26.9182682;29.4807663;26.322113;15.9903851;0;0;0;0;0;0;0;0;0;0;0;0;0;0;0;0;0;0;0;0;0;0;0;0;0;0;0;0;0;0;24.375;43.1586533;44.4182663;44.740387;48.5336533;50.6826935;44.8365326;37.1826897;34.1105766;39.1874962;46.5913467;70.9375;67.0096207;88.9471359;81.6875153,45,solid_clouds/keyframe_382.pcd
5040,3.66694705,9.07074897,0,-125.738079,4.06103277;15.7840376;31.4647903;52.7605667;38.924881;40.1173706;27.1267605;40.502346;48.7934265;82.0751114;68.7276993;46.0845032;51.0093918;79.5399094;66.7042236;75.3755875;116.450706;48.3521156;44.816906;30.1924915;20.9859161;29.8169022;27.3098583;24.9342728;19.7417831;11.5962439;12.1455402;17.3427238;19.1830997;9.56807518;5.74647903;2.68544602;2.53521132;1.56338024;1.04225349;2.08450699;5.80281687;2.49295759;0;0,46.234745;84.3615036;89.0375671;25.8262882;16.2159634;19.8826294;14.4647894;20.5445995;19.5586853;24.0422535;24.1173687;27.5117378;30.5305157;23.0469494;16.906105;0;0;0;0;0;0;0;0;0;0;0;0;0;0;0;0;0;0;0;0;0;0;0;0;0;0;0;0;0;0;25.4976521;39.3708916;42.4929581;49.4929581;44.586853;44.9154892;44.3051682;43.3896713;31.6431923;42.8356819;41.7370872;65.3802795;65.7981262;81.5352097;80.1784058,45,solid_clouds/keyframe_383.pcd
5120,3.67620831,9.08234362,0,-125.835985,2.99082565;17.9174309;30.9311924;56.027523;41.1926613;47.6146812;32.9311943;35.7431183;49.926609;82.2889938;66.2018356;44.5412827;59.1605492;75.9908218;74.5045929;75.4678879;123.573395;51.8165131;45.6284409;30.5963287;24.7752285;28.7844048;28;23.9082584;16.4357796;14.6697254;11.0825691;14.5917435;22.6513767;9.53211021;6.98165131;4.34862375;5.0733943;5.56421995;1.44954133;3.15596318;6.65137625;3.81651378;3.70642185;0,52.0000038;85.5275192;107.527527;29.2477055;17.7431183;19.9862385;15.6376143;19.6284389;21.3577976;22.6926613;20.1788979;24.3761463;32.4082565;24.4266071;16.844038;0;0;0;0;0;0;0;0;0;0;0;0;0;0;0;0;0;0;0;0;0;0;0;0;0;0;0;0;0;0;25.3394489;42.1284409;42.8944931;49.4357834;47.8073387;49.7247734;41.4862404;38.9357834;35.7477112;44.2752304;43.839447;65.7660522;69.5321045;94.6789017;79.0504608,45,solid_clouds/keyframe_384.pcd
5200,3.67903767,9.08306414,0,-125.849996,1.95909095;15.5545464;30.8818188;53.6681824;43.1681824;46.4818192;29.1454544;43.4863625;57.9954529;84.6681747;73.6363678;52.7454529;57.595459;75.8681793;65.7181854;71.3500061;107.363632;51.386364;39.7818184;28.022728;27.2818203;27.7318192;28.2954521;24.1454544;18.9500008;12.7136364;13.4000006;10.7181816;7.9636364;7.81818199;6.7863636;4.86818171;4.17272711;4.6772728;2.08636355;2.90454531;7.2681818;3.83636355;3.2318182;0,48.6545448;85.1181793;102.331818;29.045454;17.4727287;18.7590904;18.3954544;18.1636372;20.25;24.9136391;24.5681801;26.2863636;32.2318192;24.8272705;14.6909103;0;0;0;0;0;0;0;0;0;0;0;0;0;0;0;0;0;0;0;0;0;0;0;0;0;0;0;0;0;0;25.9909096;43.5318184;38.7636375;47.1727295;48.8045502;45.5454559;39.8409081;35.9045448;35.6454582;44.4681778;45.5727234;72.2090836;67.6454544;83.3681946;69.154541,45,solid_clouds/keyframe_385.pcd
5280,3.67104014,9.07498695,0,-125.853932,4.06944466;14.7638884;31.4722214;57.8657417;36.9027786;40.7222214;24.3055553;39.8379631;49.9583359;79.1018448;67.2361069;44.8148193;56.4814796;76.3194351;68.3194351;72.777771;117.657402;50.3981476;40.5185165;28.4027786;25.9444466;27.0648155;27.3287048;26.8194466;18.4398136;11.8564816;11.3240738;15.4259262;19.4398155;8.09722233;3.09722233;1.84722221;1.71296287;0.962962985;0.962962985;0.962962985;5.05555534;1.44444442;0;0,43.5879669;92.0786972;76.2546234;26.2777786;15.6527786;21.3611107;14.9907398;17.8101864;22.4212952;22.3101845;25.4768505;26.1851902;30.4675903;24.5185165;15.8287039;0;0;0;0;0;0;0;0;0;0;0;0;0;0;0;0;0;0;0;0;0;0;0;0;0;0;0;0;0;0;23.7777786;42.9768524;40.4166641;48.8935165;42.6712952;46.7407379;40.8749962;40.3379593;36.5138855;40.5601883;42.1898079;64.0925903;61.9398193;84.2962952;78.2083435,45,solid_clouds/keyframe_386.pcd
5360,5.0855896,9.51641253,0,11.6523308,7.46428585;18.2678566;36.5535736;41.5;49.1785698;47.6666641;27.4285736;16.7857132;45.0654716;33.9047585;17.041666;15.4107141;16.6488094;10.8392859;3.10714293;2.22619057;4.42261887;4.625;4.24404764;3.92261887;3.91666651;3.46428585;5.90476179;4.94047642;8.6785717;12.2738104;11.4761906;6.22023821;3.29166675;4.44047642;4.91666698;4.23214293;3.53571415;3.88095236;3.24404764;5.10714293;5.09523773;1.7976191;2.63095236;6.29166698,13.4345226;18.958334;15.708334;35.0833321;62.4345245;59.6904793;18.9642849;11.0535717;4.48809528;8.03571415;9.08333397;2.39285731;8.22023773;4.86904764;0;0;0;0;0;0;0;0;0;0;0;0;0;0;0;0;0;0;0;0;0;0;0;0;0;0;0;0;0;0;0;11.3273802;12.7738094;15.7857151;20.4285698;17.1488094;14.7440472;20.6607151;14.1488094;16.3095245;16.2083321;21.5773811;17.1190472;11.5714283;17.0416679;12.3809528,45,solid_clouds/keyframe_387.pcd
5440,8.12759464,10.8615118,0,72.483964,7.7441864;37.918602;29.2325573;33.6046524;21.0116272;11.8953495;18.7325592;5.3139534;6.5;9.23255825;16.5813942;19.0465107;26.6976738;30.8837204;31.2093029;54.139534;66.953476;52.4651222;59.2558136;80.1046448;34.4651184;22.8255825;16.9069767;0;0;0;0;0;0;0;0;0;0;0;0;0;0;0;0;0,73.4651184;63.3255844;50.790699;45.9186058;55.9534874;63.6627884;26.9186096;7.97674465;4.02325583;7.39534903;6.20930243;4.9651165;8.25581455;8.9069767;0;0;0;0;0;0;0;0;0;0;0;0;0;0;0;0;0;0;0;0;0;0;0;0;0;0;0;0;0;0;0;0.174418613;5;1.18604648;4.67441845;8.4767437;2.17441869;3.13953495;3.2790699;5.3720932;2.58139539;6.48837233;4.30232573;68.0581436;79.4883728;70.558136,45,solid_clouds/keyframe_388.pcd
5520,8.66900349,14.290188,0,115.870572,3.12264156;11.537735;26.7735844;29.71698;28.7075462;40.886795;54.9528275;39;68.8018875;102.433968;66.3018799;50.1981087;87.6886826;72.7358475;39.5;28.8396244;14.5471697;9.32075405;4.07547188;4.98113203;2.26415086;4.52830172;5.03773594;3.39622641;3.33018875;5.38679218;3.10377336;0;0;0;0;0;0;0;0;0;0;0;0;0,32.2264175;26.5471725;26.9150925;25.1698074;20.0849075;13.6603775;12.3113213;10.3301888;22.6981144;17.1886787;15.8962269;15.9339619;20.0754719;24.2358494;13.4339619;0;0;0;0;0;0;0;0;0;0;0;0;0;0;0;0;0;0;0;0;0;0;0;0;0;0;0;0;0;0;32.1981125;57.8584938;43.5566025;34.5943413;40.1226425;43.0943375;28.2452831;39.6886787;27.0943375;29.9811287;32.9811287;23.6320744;18.35849;25.2735844;37.78302,45,solid_clouds/keyframe_389.pcd
5600,8.34960813,17.557579,0,5.42299527,2.36170197;8.17021275;17.1010647;22.2074471;17.2819138;32.569149;40.4680862;29.3989353;28.0265999;34.361702;31.6117001;41.7765961;55.1329765;46.9095764;46.8723412;48.1861687;41.4734039;44.9893608;48.9787254;41.6914902;41.5744667;49.8457451;32.7872353;38.138298;36.111702;43.0425491;35.069149;34.1914902;25.8670235;13.4148932;13.5372334;28.819149;19.2659569;15.4468088;15.0159578;28.388298;16.861702;53.1648979;45.8723373;11.319149,43.4202156;72.0266037;31.8829784;11.4946804;28.2127666;34.180851;18.0585098;12.2393608;9.78723335;14.4042549;10.7978716;6.90957451;6.11170197;5.06382942;5.89361668;4.77659607;0;0;0;0;0;0;0;0;0;0;0;0;0;0;0;0;0;0;0;0;0;0;0;0;0;0;0;0;0;10.6223402;16.7021275;20.1808529;22.7234039;21.2553215;22.8510666;40.1010704;46.5904274;76.2978821;100.037239;87.0319138;110.436172;127.968086;141.61702;117.627655,45,solid_clouds/keyframe_390.pcd
5680,8.32981316,17.5873172,0,-93.9023753,3.27102804;13.0467281;26.018692;45.8317757;34.6074753;42.7570076;51.5420532;23.5981293;34.1869164;42.2336426;64.1869202;110.785049;70.7943954;56.6168213;43.2710304;39.3551407;45.2710304;38.6822433;38.1775703;39.1682243;31;35.6635513;25.7102814;27.0841141;32.3271027;21.990654;38.3831787;52.6355171;56.8691559;2.66355133;3.53271008;6.33644867;7.72897196;6.20560741;3.56074786;13.4018688;7.2523365;22.1495323;17.1495323;0.67289722,120.504669;67.5887909;25.476635;29.5327091;27.962616;35.018692;48.7383156;55.6261711;73.4392471;91.9252396;101.588791;86.1401825;66.7383118;57.8037376;10.018692;0;0;0;0;0;0;0;0;0;0;0;0;0;0;0;0;0;0;0;0;0;0;0;0;0;0;0;0;0;0;7.40186882;7.57943916;12.8691578;10.7663546;16.8878517;18.532711;25.8785057;30.5981312;18.523365;35.1308403;15.1775703;21.7850456;26.009346;37.6261635;92.8504639,45,solid_clouds/keyframe_391.pcd
5760,8.3377244,17.5938493,0,-93.985133,3.36893201;13.4077673;25.5339813;39.1650505;32.8058243;43.4951477;52.9611664;23.349514;36.9514542;48.6504822;79.2038803;118.300972;82.5728149;57.2038803;45.5339813;47.4563103;39.8058205;40.5339813;40.4271851;34.4174767;31.1553383;28.8446598;27.6310673;36.0776672;35.8058243;27.6116486;38.9320374;50.5728149;56.0485382;5.04854345;0;11.6116505;10.300971;5.48543644;3.14563131;19.0970879;4.72815514;23.223299;17.8349514;0,124.398041;73.5825195;26.4660206;30.5825233;29.3106804;37.7184486;50.1553383;58.3106842;75.4465942;87.7572708;110.572815;90.8737869;62.4174767;63.4563141;10.9902916;0;0;0;0;0;0;0;0;0;0;0;0;0;0;0;0;0;0;0;0;0;0;0;0;0;0;0;0;0;0;7.26213551;8.34951496;12.3398056;13.8058243;14.4660196;19.9611664;27.7378616;30.728157;16.5048561;40.2621384;23.0776711;28.6019421;25.8446617;37.3592224;99.9611588,45,solid_clouds/keyframe_392.pcd
5840,8.33383969,17.5946683,0,-93.9697664,3.34615397;13.3269234;26.5384617;38.4038467;32.9230766;43.3653831;52.5;26.4326916;39.0961533;46.5192261;68.1923141;120.576927;81.3365402;59.1826935;52.3653908;45.3173103;42.6923103;39.25;34.8076935;38.5288467;32.6923065;37.4134598;27.1634617;33.1634598;40.1923065;28.9230766;37.0192337;50.3269196;58.4711494;4;4.07692289;7.06730795;9.5;3.92307711;3.05769205;16.2307682;4.64423084;21.2692299;18.1538467;0.701923072,125.999985;67.9999924;26.2692299;31.0480728;28.4615364;39.5384636;49.8461533;61.2980804;74.538475;98.3846283;108.298073;84.0961533;66.3461533;59.4519234;12.1826916;0;0;0;0;0;0;0;0;0;0;0;0;0;0;0;0;0;0;0;0;0;0;0;0;0;0;0;0;0;0;7.39423084;9.24038506;11.7692299;15.1057692;15.0576916;19.9615383;25.9134636;32.365387;16.9615383;40.2788467;23.0865402;27.6153812;25.8269234;39.1057701;99.2499924,45,solid_clouds/keyframe_393.pcd
5920,8.33519086,17.6020985,0,-93.9824592,3.10377359;12.0188675;25.7452831;35.3773575;40.2735863;53.2264175;61.320755;30.0283012;50.6226425;61.5849075;89.1792297;133.12265;91.92453;62.0660362;48.5283012;51.386795;38.8301888;37.8490562;36.037735;42.5566025;38.3396225;28.9245262;24;34.6226425;33.9056587;40.92453;33.1226425;58.6698151;63.9056549;3.73584914;3.73584914;9.51886749;7.49056625;8.25471687;6.37735844;17.0660381;3.8396225;23.8301888;17.5;2.01886797,140.50943;78.9528275;30.0943394;35.9528275;32.5094337;39.70755;53.537735;65.5849152;75.1886826;105.509438;116.886803;98.14151;72.7547302;61.1792526;13.5094337;0;0;0;0;0;0;0;0;0;0;0;0;0;0;0;0;0;0;0;0;0;0;0;0;0;0;0;0;0;0;7.57547188;11.3113213;13.6226406;13.8490562;15.8018875;21.5849037;27.3490562;34.7735825;18.8396225;41.2169876;24.9811325;29.4622631;24.7075462;46.0849113;113.386787,45,solid_clouds/keyframe_394.pcd
6000,8.33741667,17.6019784,0,-93.972282,3.01904774;12.2380953;25.2761917;33.5999985;38.9047623;50.7904816;64.5619049;29.5714321;55.5619011;68.8666687;91.8571548;135.180954;81.8285675;59.39048;45.6761894;45.8285713;41.1904755;37.4190483;37.4666672;38.3523788;36.7904778;34.5619049;22.6952381;32.9428558;28.0095253;36.0761909;34.9238052;56.4285736;58.6761894;1.73333335;4.33333349;9;5.41904783;6.98095274;4.38095284;15.8190479;3.67619038;24.0476189;16.590477;0.657142878,133.24762;76.2476196;30.3999977;38.3523788;35.2380981;40.180954;51.3333397;64.0380936;80.7333374;99.6952515;114.723808;89.361908;66.9904709;61.9904785;10.6285725;0;0;0;0;0;0;0;0;0;0;0;0;0;0;0;0;0;0;0;0;0;0;0;0;0;0;0;0;0;0;7.91428566;9.22857189;12.742857;13.5238094;16.2380962;21.7714291;27.1238079;32.4000015;19.0476189;43.3714333;24.69524;28.5904732;26.8952389;43.5238113;110.09523,45,solid_clouds/keyframe_395.pcd
6080,8.33787729,17.6021992,0,-93.9978314,3.11214948;12.532711;25.7383175;34.7009354;40.2056122;49.8971977;62.495327;27.1588802;52.4953232;65.1775665;84.2523346;133.523376;83.8224258;59.6355133;46.0373878;51.7663612;36.7476616;41.2990646;36.1401863;40.8878555;39.009346;34.8878517;24.037384;35.4486008;28.0747681;35.514019;32.3084106;55.018692;59;3.79439259;4.01869154;6.1588788;4.36448574;6.57943916;4.24299049;18.3271008;3.53271008;24.6355133;17.6261692;1.28037381,131.644852;80.2429886;30.9439297;35.3177528;33.5887871;39.7383232;53.6915894;64.5700836;75.3831711;100.803734;109.869164;98.0747604;64.6448593;61.3271065;14.3177567;0;0;0;0;0;0;0;0;0;0;0;0;0;0;0;0;0;0;0;0;0;0;0;0;0;0;0;0;0;0;6.93457937;10.2242985;12.6448603;13.8130836;16.495327;20.7943954;26.7757034;31.6261673;18.5700932;42.3644867;25.3271027;27.8130836;25.1308422;43.8504677;108.962624,45,solid_clouds/keyframe_396.pcd
6160,8.34074682,17.6071984,0,-94.0419762,3.89830518;11.1440678;24.3220329;33.1779633;35.8813553;46.4830475;61.8898277;30.5169487;46.8644028;47.6610184;74.6101685;119.059311;71.8220367;49.5338974;39.7033882;37.1779671;31.9237289;35.0593224;34.0762711;40.8220329;30.3050842;37.7118645;26.2966099;29.9661026;30.4406776;35.6864395;27.8983059;55.2796631;54.0338974;3.32203388;1.49152541;8.04237366;3.82203388;7.09322071;5.18644047;14.5084753;1.72881365;23.7203388;17.8728809;2.91525412,120.042374;58.9915276;27.2203369;31.6355934;29.6101704;37.1186523;48.8389816;51.203392;67.8644104;88.8559341;104.000015;86.8050919;62.1610184;55.6355972;12.7372885;0;0;0;0;0;0;0;0;0;0;0;0;0;0;0;0;0;0;0;0;0;0;0;0;0;0;0;0;0;0;6.66949177;10.6440678;9.25423717;12.2118654;14.9406776;19.474577;23.6694908;28.0593224;16.0677967;38.9745789;25.3559341;31.0762691;22.8305054;42.2627182;108.737289,45,solid_clouds/keyframe_397.pcd
6240,8.33858771,17.6014275,0,-93.9994185,3.08333349;11.916666;25.5;35.9444427;37.7685165;49.5555534;60.4814835;26.9351845;53.1018562;65.4074097;86.277771;134.083328;85.7962952;64.0925903;44.5092583;53.6018524;37.870369;37.2222214;37.2592621;40.2777786;36.6481476;34.9166679;22.7129631;32.379631;32.3518486;37.2962952;34.9537048;56.5185204;58.7407417;3.68518496;4.30555534;7.9537034;8.01851845;7.67592573;2.7129631;16.9722214;4.40740728;23.666666;19.370369;1.58333325,136.95369;78.1666641;30.0000019;38.0092621;31.8333359;39.222229;53.1944466;66.8611145;76.8148117;100.046288;109.129639;99.6389008;71.6759262;59.2777824;11.6388893;0;0;0;0;0;0;0;0;0;0;0;0;0;0;0;0;0;0;0;0;0;0;0;0;0;0;0;0;0;0;7.09259272;9.4629631;11.7129631;13.2314816;15.9351845;20.9629631;26.6574097;31.2592621;17.6759262;44.148159;24.9074078;29.8611088;23.9074059;43.7407494;114.537033,45,solid_clouds/keyframe_398.pcd
6320,8.33937342,17.6019409,0,-93.9909602,3.03738308;11.7850475;24.7850456;34.9065437;39.4672928;49.8037415;63.8504677;26.9345779;51.1495323;63.5607529;87.4953308;133.925232;78.654213;59.542057;45.7102776;52.7757034;39.971962;36.5794411;37.485981;39.7383194;35.6915894;34.7663574;23.4392529;35.1962624;32.95327;33.4392548;36.1028061;57.5700912;58.037384;2.91588783;4.57943916;9.22429848;7.28037357;8.10280418;4.41121483;19.6168232;5.28971958;23.2710285;16.7009354;0.66355139,134.18692;74.7009354;29.2056065;35.3738289;32.8411217;41.2897224;52.962616;65.3831863;76.3925095;100.859818;109.196259;103.299057;67.7850418;62.7102814;11.7943916;0;0;0;0;0;0;0;0;0;0;0;0;0;0;0;0;0;0;0;0;0;0;0;0;0;0;0;0;0;0;7.61682224;9.80373859;13.0747652;14.1121492;15.6168222;21.1028023;27.7570095;32.5046692;18.2056065;42.2243004;24.4112129;27.7476616;26.5607452;42.7009392;108.990654,45,solid_clouds/keyframe_399.pcd
6400,8.34026125,17.6062234,0,-94.0215168,3.17431211;11.6880741;27.1100922;36.6238556;38.1743088;50.3119278;69.5688095;34.6972466;54.8532066;58.0366936;84.7889786;134.449554;83.6880798;55.9357758;45.2844048;41.3027534;35.2477074;37.5963287;32.7064209;40.6788979;41.862381;31.8623848;24.7798157;34.2477036;28.6238518;40.7706451;31.7431202;59.7155952;53.2018356;1.94495416;5.17431211;7.83486271;5.18348646;8.64220238;5.0733943;17.5688057;4.87155962;20.4678898;17.1651382;1.88073397,132.623856;71.1467819;31.6422005;37.2018394;33.6055031;43.2660637;56.1284409;60.2110138;72.4220276;97.6789017;113.706421;95.4495468;66.8715515;57.4036713;12.5871553;0;0;0;0;0;0;0;0;0;0;0;0;0;0;0;0;0;0;0;0;0;0;0;0;0;0;0;0;0;0;6.85321093;11.0366974;12.0917425;13.1284409;14.3486233;23.7614689;25.5596313;33.0183487;17.9174309;43.5045853;24.7339439;30.6238575;23.9266052;45.7247772;110.35778,45,solid_clouds/keyframe_400.pcd
6480,8.33949241,17.6000104,0,-93.9782375,4.35514021;13.5981312;26.1308403;37.7102814;38.8224297;50.6542053;65.056076;31.3644867;54.485981;62.5140152;86.1962585;128.738312;81.9158783;63.1401901;43.6915855;52.5233612;42.514019;37.8130836;36.7383194;40.971962;31.6542053;33.523365;23.990654;31.3271027;28.504673;37.8224297;33.542057;53.8971939;59.990654;3.57943916;3.36448598;6.16822433;4.37383175;7.73831797;5.92523384;16.7102814;3.57009363;23.514019;15.4205608;0.65420562,135.738297;73.7476578;31.5327091;36;35.6542053;42.5981331;55.2523422;65.2616806;74.6728821;99.0560684;108.084099;92.3084183;60.8130836;61.8224297;12.0373821;0;0;0;0;0;0;0;0;0;0;0;0;0;0;0;0;0;0;0;0;0;0;0;0;0;0;0;0;0;0;6.9439249;8.48598099;12.2710266;15.0093451;15.1869164;20.8411217;27.5420551;34.4486008;18.4672909;41.4953308;24.1588783;30.6635551;25.5046749;43.2710304;115.336441,45,solid_clouds/keyframe_401.pcd
6560,8.34183015,17.5984625,0,-93.9914896,3.00925922;12.1574078;25.5185184;33.9351845;37.4629631;51.3611069;62.4537048;29.3888912;50.4351845;61.5185204;80.9444427;134.981476;82.2407455;57.0648155;43.6111107;48.9351845;36.8333321;40.7222214;37.5277786;36.6018524;38.4537048;34.0277786;26.1574078;32.129631;32.7222252;37.8240738;36.7870369;56.0185204;61.546299;2.41666675;3.22222233;6.12037039;4.31481457;7.55555534;2.75925922;15.8611107;4.32407427;25.3055553;15.8703709;0.666666687,129.648148;76.2592621;29.083334;36.6759224;32.7777786;37.8425865;51.0925903;65.0277786;76.5648117;101.962952;112.94445;88.5648193;64.0092468;61.4351807;11.8055563;0;0;0;0;0;0;0;0;0;0;0;0;0;0;0;0;0;0;0;0;0;0;0;0;0;0;0;0;0;0;7.63888931;9.84259319;12.9074087;13.0648155;15.7314816;21.2314816;28.4166679;32.4259262;18.5555534;41.6296234;23.7870369;28.6759262;25.9629631;43.8425941;111.379631,45,solid_clouds/keyframe_402.pcd
6640,8.3427172,17.6066966,0,-94.0329109,3.84745765;10.9915257;24;32.898304;34.5338974;47.6864395;61.1864395;32.8898315;53.3813629;53.8135605;80.0847397;119.898315;75.7118607;49.8983116;39.872879;39.6610107;33.6525383;37.5338974;31.4576263;41.1525421;34.7118645;33.0932198;25.8728828;32.8220329;27.5169487;37.4661026;31.7033882;55.0339012;50.5847473;3.67796612;3.77118635;4.87288141;5.66101646;6.23728848;5.40677929;17.2203388;4.06779671;23.5932198;16.9830513;1.16949153,121.830513;63.228817;27.5423698;32.8559303;31.7627144;39.9152489;51.5423737;58.2203369;68.169487;93.8813705;105.01696;90.4576263;61.432209;57.8305092;11.1525421;0;0;0;0;0;0;0;0;0;0;0;0;0;0;0;0;0;0;0;0;0;0;0;0;0;0;0;0;0;0;6.36440659;9.93220329;9.55932236;12.3559313;13.7542372;20.2881355;25.3305073;28.7288132;17.7711868;37.9322052;25.6864395;28.5508461;23.0762711;42.2288132;109.220345,45,solid_clouds/keyframe_403.pcd
6720,8.34070894,17.6018083,0,-93.9975673,3.06542063;12.3551407;25.3925247;33.8224297;37.8785057;48.3271027;60.1682243;26.9252338;52.495327;59.532711;87.1401825;136.542053;81.7196274;56.8878441;47.3644829;47.4112167;39.1214943;39.7196236;35.3271027;39.7289696;38.2616806;31.1214943;26.0747662;36.4018669;35.2056084;37.4579468;33.6822433;57.7383156;58.7850456;3.7476635;3.58878493;8.80373859;6.24299097;8.00934601;4.37383175;14.990654;4.60747671;24.7289715;18.95327;0.66355139,135.401855;71.9345856;29.3084126;35.3271027;32.2897186;40.2616806;52.2710266;63.2803802;76.5046692;102.429909;114.037369;96.242981;71.1869202;62.0654297;14.6261673;0;0;0;0;0;0;0;0;0;0;0;0;0;0;0;0;0;0;0;0;0;0;0;0;0;0;0;0;0;0;7.57009363;8.93457985;11.8317747;12.7850466;16.467289;20.5327091;28.1401882;32.3364487;18.2523346;40.9626122;24.0747662;28.95327;25.6448593;43.7009354;107.009361,45,solid_clouds/keyframe_404.pcd
6800,8.3388272,17.6041362,0,-93.7421807,2.97222233;12.0277777;25.2777786;32.6666641;38.9722214;48.4166679;64.4722214;31.0185184;53.8426018;61.5462952;80.1388855;135.379623;82.3889008;64.0092621;50.3240738;54.3240738;38.7777748;37.7962952;41.0185165;37.2962952;34.8425941;30.1574078;27.6111126;31.8333359;35.1481476;38.0833359;32.5925903;51.2407417;58.1574059;5.0370369;3.40740752;7.85185146;5.97222233;7.07407379;5.0370369;17.2314816;3.5462966;21.6666679;17.9629631;0.638888896,143.666656;64.4259338;30.6944427;35.0185204;32.9259262;42.4814796;58.1296349;64.1574097;75.1018448;101.787033;112.361115;83.9907379;68.0833282;60.0185242;11.4722223;0;0;0;0;0;0;0;0;0;0;0;0;0;0;0;0;0;0;0;0;0;0;0;0;0;0;0;0;0;0;7.66666698;10.1574078;9.04629612;14.4629631;15.833334;21.0555573;26.0370388;33.0555573;20.879631;41.5925903;23.6203709;29.2499981;23.537035;44.9166718;122.333336,45,solid_clouds/keyframe_405.pcd
6880,11.4345311,16.571295,0,-45.4474431,1.83760691;6.21367502;11.072649;13.0512819;10.4444437;16.1837616;28.4829063;18.8333321;20.7948723;21.6153851;96.337616;54.7564049;59.5427399;47.606842;57.8418808;55.8162384;42.6410255;40.5897446;69.4786301;55.6111107;54.4957275;59.2264938;51.8931618;33.8888893;46.0854683;48.7863235;47.5726471;42.529911;41.6453018;53.0982933;56.1538467;59.4957275;53.0128212;22.1025639;35.3931618;80.803421;30.5341873;25.6923065;7.19658089;1.15384614,40.9273491;97.1880341;132.777786;149.965836;134.730804;106.935913;105.619659;112.910263;65.397438;42.2863274;82.431633;51.0341835;49.0683784;27.5470047;10.0897436;5.97435904;0;0;0;0;0;0;0;0;0;0;0;0;0;0;0;0;0;0;0;0;0;0;0;0;0;0;0;0;0;14.9957266;45.5683823;53.0128174;15.6581173;15.0299139;13.7521362;12.5598278;16.2051277;12.0128193;17.7991447;16.5128193;20.5854702;25.1410255;36.3461571;49.448719,45,solid_clouds/keyframe_406.pcd
6960,11.4752034,16.5084751,0,-127.544234,3.12037039;11.5277777;28.3425922;28.6018524;24.1851845;36.0277786;48.1111107;31.9444466;48.9074097;66.7314835;189.675919;111.85186;127.194435;103.537041;151.870377;72.2314835;36.407402;27.7407398;13.2685175;6.2962966;6.83333302;4.44444466;7.11111116;7.11111116;5.12962961;3.93518519;3.14814806;11.0925922;21.2407379;33.3425903;11.6759253;2.36111116;1.62962961;0.814814806;2.44444442;1.62962961;3.25925922;33.0925903;18.3333321;14.1388884,119.240746;66.8796387;19.7870369;26.4166698;25.0833359;27.9259262;23.1203709;25.3055553;19.4907398;31.2870369;25.1018524;37.722229;43.2407417;51.1388931;28.0648174;0;0;0;0;0;0;0;0;0;0;0;0;0;0;0;0;0;0;0;0;0;0;0;0;0;0;0;0;0;0;27.7407398;36.8796349;51.8981514;43.2407417;44.5370407;41.2222214;43.5833359;49.7407455;36.5833321;59.9629784;70.7962952;56.8611183;42.8796349;48.7500038;135.861115,45,solid_clouds/keyframe_407.pcd
7040,11.4736042,16.5113884,0,-127.353218,3.0747664;11.4112148;28.0841122;28;24.2710285;35.7757034;49.457943;31.4579411;43.962616;76.6448593;193.906525;112.663551;137.074753;104.495323;143.813095;81.0841064;34.3271027;27.467289;17.1775684;6.35514021;6.22429943;4.3457942;8.6915884;6.95327091;5.12149525;3.10280371;3.10280371;12.5981312;25.1682243;36.7756996;11.6261683;1.55140185;1.81308413;0.906542063;1.81308413;1.81308413;3.62616825;31.1682262;23.018692;17.3084126,120.523361;67.981308;21.4112148;25.9532738;24.4205627;26.0841141;24.0000019;24.2710266;20.1682262;31.5700951;25.523365;39.1121483;42.3738327;56.9158936;26.4205608;0;0;0;0;0;0;0;0;0;0;0;0;0;0;0;0;0;0;0;0;0;0;0;0;0;0;0;0;0;0;27.504673;37.448597;53.8878479;42.943924;44.3364487;43.3457947;44.3457947;49.6355133;38.4299049;57.8130798;72.4672928;57.6822395;45.4392509;53.7663498;151.457947,45,solid_clouds/keyframe_408.pcd
7120,11.4732478,16.5127909,0,-127.41338,3.06422019;11.3577976;27.9449539;27.9816513;22.2752304;34.6880722;47.4678879;26.7431202;42.5688057;72.2201691;185.009155;104.486237;129.119278;106.61467;145.84404;76.4220123;33.4036713;24.1009178;15.8807335;6.2844038;5.49541283;4.81651354;13.4862385;6.74311924;8.66972446;6.19266033;5.6422019;10.4587154;23.7889919;36.0091743;12.5412846;1.6422019;1.55963302;1.6422019;1.72477067;1.72477067;4.31192684;30.6605511;20.3669739;16.1834869,118.357788;65.3853149;15.5963306;26.0366993;21.0091763;24.0642223;23.055048;23.2844028;17.761467;31.3669739;29.0183506;37.1376152;44.4770737;57.8899117;27.4862423;0;0;0;0;0;0;0;0;0;0;0;0;0;0;0;0;0;0;0;0;0;0;0;0;0;0;0;0;0;0;27.1284428;38.0734024;53.1651421;40.1743164;44.7981682;39.7247734;44.1743164;50.0642242;37.899086;57.9449577;67.3853226;58.1009178;41.6422043;54.348629;140.587143,45,solid_clouds/keyframe_409.pcd
7200,11.472932,16.5153169,0,-127.471721,3.05504608;11.8073387;26.2568798;28.4862366;22.4862385;34.4403687;47.5504608;26.8623848;41.1834869;74.7889862;184.944962;101.256889;129.284409;103.541283;146.211014;75.963295;35.6972466;24.0183506;16.7798176;6.26605511;5.17431164;3.16513777;10.5688076;6.16513777;6.16513777;5.65137625;5.26605511;7.6422019;24.4587154;33.3486252;12.2293577;1.60550451;2.25688076;2.55963302;1.70642197;1.70642197;3.41284394;31.816515;21.6330261;15.2477064,112.311928;63.7431221;17.1284409;24.7431221;21.449543;24.917429;21.6422005;24.1009178;18.2293587;30.5871563;27.8165169;36.7155991;41.3578072;54.137619;28.761467;0;0;0;0;0;0;0;0;0;0;0;0;0;0;0;0;0;0;0;0;0;0;0;0;0;0;0;0;0;0;26.9541302;36.2385368;52.348629;41.0183525;44.1467934;40.8440399;42.1284447;48.1926651;39.3027573;57.8532104;68.7706451;58.5596352;41.0367012;51.2844009;146.339447,45,solid_clouds/keyframe_410.pcd
7280,11.4686365,16.5137479,0,-127.445505,4.12727261;11.7909088;27.318182;27.8818169;22.09091;34.5545464;46.636364;27.6454544;41.2727242;73.1818161;181.245438;98.6545486;132.236374;103.800003;144.900009;72.8999863;34.7818184;23.9727268;17.5181828;7.0454545;3.4818182;5.11818171;11.818182;6.36363649;8.18181801;5.74545479;4.5272727;8.69090843;24.5545444;34.727272;11.4272738;1.61818182;1.5090909;2.4818182;1.72727275;1.72727275;4.31818199;29.1454544;20.8090916;15.1909084,112.418182;63.227272;16.4454556;24.4181786;22.0454502;26.2818165;20.1636353;23.5272713;17.818182;30.7181816;27.2090893;36.4818153;42.3363609;54.5181847;28.6272697;0;0;0;0;0;0;0;0;0;0;0;0;0;0;0;0;0;0;0;0;0;0;0;0;0;0;0;0;0;0;26.772728;37.7090912;52.0272675;39.0090866;43.1818161;40.7454529;45.2999954;48.0909081;36.3090858;58.0909042;68.6999969;57.4818192;42.7363625;52.8727303;141.454559,45,solid_clouds/keyframe_411.pcd
7360,11.4707881,16.513458,0,-127.474277,4.14545441;11.363636;28.4454536;27.6000004;22.136364;34.0090904;47.5;26.0636349;40.6545448;73.6818085;184.172745;94.9636459;129.809082;98.3545456;145.036362;72.2363663;34.4636383;23.8090916;16.6999989;4.4363637;5.69999981;4.25454521;11.2363634;5.61818171;8.4272728;6.909091;4.74545431;10.3727274;25.2181816;36.7181778;10.636364;1.63636374;1.58181822;1.63636374;0.845454574;1.69090915;4.22727251;30.6454563;19.272728;15.9090919,113.945457;63.7999954;16.6363659;24.6454544;21.9181786;24.8181801;22.518177;23.6272697;17.7090912;32.4818153;24.227272;36.4000015;42.5454521;53.063633;28.6636333;0;0;0;0;0;0;0;0;0;0;0;0;0;0;0;0;0;0;0;0;0;0;0;0;0;0;0;0;0;0;26.4909077;36.4636383;52.3727226;39.0818138;43.0363617;37.8909073;45.8727226;47.5272751;37.6727295;56.1727257;68.2818069;58.2818184;41.6636314;50.9909058;138.063644,45,solid_clouds/keyframe_412.pcd
7440,13.2186325,16.2020876,0,-10.6491805,1.74501991;5.90039825;10.5139446;13.2191238;14.1832666;22.0916328;20.9123497;8.27888489;16.856575;47.3306732;55.4980125;53.9760971;44.4103546;45.6334686;47.9003906;71.3306732;62.8326645;49.5737038;49.6892395;60.1992035;39.8127518;47.5497971;59.7689247;55.4980087;47.0796814;67.9721146;53.5019951;85.111557;89.4183197;50.0796814;55.3625488;63.3107605;57.0239029;21.1633453;8.78884506;2.89243031;0;0;0;0,99.2749023;120.187233;119.677299;68.940239;26.8246994;88.4023895;57.6494064;43.1633453;35.1633453;30.6812744;21.2509975;14.5019903;18.4422321;9.41035938;5.0517931;0;0;0;0;0;0;0;0;0;0;0;0;0;0;0;0;0;0;0;0;0;0;0;0;0;0;0;0;0;0;7.93625498;13.0916319;8.27490044;10.6972103;20.3426304;19.7091694;18.8565731;24.6494045;27.3346615;39.7888451;79.0000076;116.944229;115.944237;127.354576;117.86454,45,solid_clouds/keyframe_413.pcd
7520,14.9956982,16.047549,0,-128.825528,2.83333325;10.5175438;23.5087719;27.7368412;24.9736843;33.587719;48.7894745;24.412281;40.6052628;78.8508682;149.964905;108.342094;108.307014;98.6052628;83.1403503;74.7105255;74.078949;105.149117;94.1754456;101.666664;49.99123;121.65789;34.0263176;16.8070164;0;0;0;0;1.66666663;0.833333313;3.33333325;4.16666651;4.37719297;3.54385972;0.88596493;3.54385972;2.65789485;2.65789485;2.65789485;1.77192986,24.9122791;27.833334;22.9473648;25.6403522;26.4649124;25.0877171;28.7631569;31.3333359;23.5526314;32.4736862;31.5087719;39.5964966;46.5175514;53.1315804;24.6754398;0;0;0;0;0;0;0;0;0;0;0;0;0;0;0;0;0;0;0;0;0;0;0;0;0;0;0;0;0;0;41.3070183;53.9912338;77.0087662;83.2017517;79.5789413;84.7368469;80.6754379;87.03508;96.3245621;114.114029;86.7192917;91.3596497;48.7192993;43.1403503;36.1842117,45,solid_clouds/keyframe_414.pcd
7600,14.9953784,16.0467714,0,-128.784167,2.97169805;11.0849056;25.896225;28.0660362;23.4811306;32.1886787;50.2641525;26.21698;42.4433975;82.5;159.12265;116.01886;112.72641;106.716988;91.42453;79.93396;75.4150925;126.93396;95.6226425;102.735855;62.8867912;126.16037;42.745285;18.1509438;0;0;0;0;0.830188692;3.32075477;3.32075477;5.20754719;4.37735844;1.09433961;4.37735844;5.47169828;2.18867922;5.47169828;2.18867922;5.47169828,27.7358475;31.3490562;23.1037731;26.5094337;26.9433956;30.5471687;30.7075462;34.113205;23.4339619;34.1603775;31.3679256;42.1320763;48.78302;59.537735;31.0566044;0;0;0;0;0;0;0;0;0;0;0;0;0;0;0;0;0;0;0;0;0;0;0;0;0;0;0;0;0;0;45.1226425;60.7735825;81.1981125;84.6509628;88.8585052;94.06604;85.396225;94.0943451;104.301888;112.377365;92.3679276;108.15094;47.5377388;46.8396225;37.8113174,45,solid_clouds/keyframe_415.pcd
7680,14.9982956,16.0459876,0,-128.783711,3.8245616;10.4561405;23.3947372;27.7105274;23.4824562;31.8421059;47.4561424;23.7280693;39.9736862;74;151.649139;104.552635;102.675446;99.8596497;82.7807007;76.0701752;71.6315765;123.447372;90.1578979;99.6140442;53.1754379;120.517532;39.7192993;16.3245621;0;0;0;0;1.59649122;2.39473677;3.9912281;3.85964918;3.85964918;2.89473677;3.85964918;1.92982459;3.85964918;1.92982459;4.8245616;1.92982459,26.4298248;28.6666679;22.2280693;25.3684196;26.3947372;28.0964909;27.5350838;30.5964909;21.1315765;32.2807007;28.8508778;40.2543869;45.2280731;54.9035072;23.4035091;0;0;0;0;0;0;0;0;0;0;0;0;0;0;0;0;0;0;0;0;0;0;0;0;0;0;0;0;0;0;42.921051;55.3771896;74.6140442;80.1052628;81.8684311;88.8508835;83.6754379;93.6666641;98.5965042;106.412285;83.8421173;97.1579056;49.5789528;42.0175438;34.9210548,45,solid_clouds/keyframe_416.pcd
7760,14.9990951,16.0512075,0,-128.775162,2.73333335;11.0166664;22.2000008;27.5583344;23.9250011;35.2999992;53.6749992;31.5333328;52.6333313;76.3916702;141.174988;101.883331;95.6666718;100.333336;77.4750061;73.1416702;73.8666611;111.008331;80.75;92.8666687;54.9083328;115.008331;37.1666679;13.8083324;0;0;0;0;1.54999995;2.32500005;3.0999999;3.875;5.0250001;2.54999995;1.70000005;3.4000001;2.54999995;1.70000005;3.4000001;1.70000005,25.1833305;27.2250004;22.625;25.0083332;26.8166656;28.1083355;27.625;31.4166679;24.9083347;32.1166649;33.5833282;41.5583305;47.4750023;53.6666641;23.2916641;0;0;0;0;0;0;0;0;0;0;0;0;0;0;0;0;0;0;0;0;0;0;0;0;0;0;0;0;0;0;38.5583382;55.2999992;71.983345;77.4749985;76.6666718;81.0416794;79.3083496;89.6000061;93.3833466;105.150017;81.2750015;95.0333328;46.3083382;42.0333328;35.1749954,45,solid_clouds/keyframe_417.pcd
7840,14.9993807,16.0450464,0,-128.730228,4.0363636;12.0181818;24.2181816;29.3181801;23.7090912;32.5090904;48.363636;23.6727257;39.4090881;80.2181854;155.572723;108.536362;107.827278;98.2090912;84.4454498;80.1999969;76.9363632;119.472733;92.3999939;92.5545502;56.5545464;122.781822;38.0090942;15.0181808;0;0;0;0;2.4545455;1.63636363;4.090909;2.5818181;2.83636355;3.78181815;4.72727251;0.945454538;2.83636355;3.78181815;0.945454538;1.89090908,26.9090919;30.7272739;20.9727287;25.9636383;24.8454552;28.7909126;29.6727314;32.227272;22.3909092;35.9000015;29.863636;40.3090897;46.7363586;56.2181816;26.7000027;0;0;0;0;0;0;0;0;0;0;0;0;0;0;0;0;0;0;0;0;0;0;0;0;0;0;0;0;0;0;42.6454544;58.3727264;76.0363617;78.9454498;82.4363556;87.8363647;83.427269;96.4818192;99.1545258;107.636353;85.0999908;94.0636368;48.0636368;42.9999962;37.0727272,45,solid_clouds/keyframe_418.pcd
7920,14.9966694,16.044672,0,-128.751699,2.97169805;12.0283012;25.4245281;27.8773575;24.6509438;32.6886787;50.14151;24.462265;42.8679237;80.1698151;162.71698;111.462273;110.669815;109.339615;90.29245;83.6981201;78.2924576;125.29245;91.9528275;99.6320801;65.1886826;122.5849;43.4245262;15.7924538;0;0;0;0;2.54716992;3.39622641;3.39622641;3.84905672;3;2;4;4;3;4;2;2,27.6886768;30.1320763;24.3962269;26.9433975;25.9150944;31.0754738;29.7735844;33.613205;23.5566044;34.8679276;32.0849075;41.1886787;48.5377388;59.1132088;26.7169838;0;0;0;0;0;0;0;0;0;0;0;0;0;0;0;0;0;0;0;0;0;0;0;0;0;0;0;0;0;0;45.3018913;59.9717026;82.1226425;85.3301849;85.6037674;92.0849152;89.7264099;94.1132126;110.235847;108.820755;88.7830124;102.07547;46.5849075;46.8584976;37.5943451,45,solid_clouds/keyframe_419.pcd
8000,15.2448961,16.0769294,0,4.55247418,1.42922378;6.25114155;10.6210041;15.1963463;14.0456619;23.09589;27.6575336;13.0273972;22.5114136;36.1917801;82.5570831;91.7579956;95.228302;78.5251236;72.4429245;54.7625542;78.9862976;54.6164398;53.4748878;52.3744278;46.2511406;48.09589;58.9863014;93.885849;78.5388184;67.7671204;66.9543381;83.0502319;57.4429207;23.9680367;0;0;0;0;0;0;0;0;0;0,106.273987;76.6210098;21.4063911;29.4794521;63.8995438;42.7351532;41.0867538;42.7899513;31.520546;33.210041;21.7671223;22.2328758;16.3835621;15.401825;6.30136967;0;0;0;0;0;0;0;0;0;0;0;0;0;0;0;0;0;0;0;0;0;0;0;0;0;0;0;0;0;0;16.3789959;20.8310509;18.7214622;20.8127861;24.6666641;35.6483994;53.0228271;70.9543381;85.7853775;103.885849;95.2009201;100.639282;84.1004639;86.7899551;121.146103,45,solid_clouds/keyframe_420.pcd
8080,18.2701329,15.6760463,0,-75.3915196,2.53846169;10.4358978;19.5555553;24.3247871;22.7094021;32.7863274;42.5042725;31.6324806;36.3931618;75.487175;156.162384;96.0683746;86.9145279;98.5982819;95.9658203;80.2564087;84.9487152;93.2393112;83.1794891;63.8034172;55.1794891;85.1538467;47.0170937;33.7435913;5.15384626;3.11965799;0;0;0;0;0;0;0;0;0;0;0;0;0;0,34.2136765;47.7264938;54.9743652;60.8803406;73.3076782;77.2051239;105.512817;90.2906113;70.5384598;75.2820435;61.5555573;61.8546982;58.4444427;61.9230728;18.333334;0;0;0;0;0;0;0;0;0;0;0;0;0;0;0;0;0;0;0;0;0;0;0;0;0;0;0;0;0;0;41.2051239;57.6153831;55.9829063;55.1965828;37.9316216;29.9914532;32.5128212;34.5299149;20.6324806;31.3675232;20.6410255;24.1196594;16.3931637;32.9914551;23.7179489,45,solid_clouds/keyframe_421.pcd
8160,18.2989785,15.6382406,0,-75.0982117,2.70338988;10.4322033;22.7457619;26.1355934;20.5677967;29.2033882;38.7203407;22.8813553;39.6016922;85.4999924;163.491531;101.677971;79.7457657;107.262711;87.9406815;74.7881393;103.211868;101.279663;107.516953;61.1610184;63.872879;87.9661026;54.5169449;31.1355915;6.92372894;2.44067812;0;0;0;0;0;0;0;0;0;0;0;0;0;0,34.9237289;51.0254173;52.2796593;57.8220291;77.2203445;72.3559341;107.500008;100.127121;83.2796631;87.1271286;68.4830551;62.7627106;62.2203331;70.4576263;21.1355934;0;0;0;0;0;0;0;0;0;0;0;0;0;0;0;0;0;0;0;0;0;0;0;0;0;0;0;0;0;0;41.0338898;63.4321976;60.279644;52.898304;37.4915199;33.0169487;30.7881355;32.4576263;21.4237289;30.5593204;20.4491539;25.3559322;14.4152546;33.6525459;27.4491539,45,solid_clouds/keyframe_422.pcd
8240,18.2936595,15.6459859,0,-75.1087208,3.63636351;10.3801651;21.818182;27.1404953;23.8677673;32.8760338;47.6198349;30.9504128;42.0165329;83.7107468;156.471085;93.8595123;85.3223114;97.6198273;85.8595047;74.7437973;92.206604;96.5702515;99.3553696;70.1735535;51.1487617;81.0578537;44.9421501;30.636364;5.76033068;3.05785131;0;0;0;0;0;0;0;0;0;0;0;0;0;0,34.9834709;51.4545441;48.925621;64.6942139;75.1818085;77.7851181;109.983467;91.6032867;72.603302;82.1818085;61.0495872;56.9917336;61.3223114;67.5619812;21.9090939;0;0;0;0;0;0;0;0;0;0;0;0;0;0;0;0;0;0;0;0;0;0;0;0;0;0;0;0;0;0;37.4628105;65;56.9999962;51.4380188;38.5619812;30.7520676;29.9586811;32.8512383;21.0578518;29.0909081;21.2809925;24.8842983;14.9834719;32.7603302;27.4876003,45,solid_clouds/keyframe_423.pcd
8320,18.295938,15.6464998,0,-75.1055307,2.32478642;11.1794872;23.0085468;27.6239319;25.6068382;32.9743576;51.196579;29.3076897;42.4273529;78.9145355;151.880341;90.555542;83.1196594;89.7606812;84.2735138;72.7435913;88.3247833;98.2735062;97.8717957;67.581192;53.2478638;84.7435913;52.4188004;28.2820511;6.0854702;2.41025639;0;0;0;0;0;0;0;0;0;0;0;0;0;0,38.5042725;48.5128174;48.6153831;58.7948723;71.0427322;76.2307663;104.051285;87.3846207;71.4273453;81.0854721;59.0598297;57.564106;58.8717957;70.9487228;22.1282043;0;0;0;0;0;0;0;0;0;0;0;0;0;0;0;0;0;0;0;0;0;0;0;0;0;0;0;0;0;0;39.6410255;65.7435913;57.2905922;50.1196594;39.1367531;33.341877;30.7692318;30.9316216;22.7264957;27.2564087;23.4529877;24.6923065;15.8461542;33.8461533;27.1196613,45,solid_clouds/keyframe_424.pcd
8400,18.2930688,15.6493181,0,-75.1387168,2.9130435;10.73913;25.391304;28.043478;26.73913;36.1913071;50.7304344;32.0608673;43.5304375;82.8782578;155.347839;84.0173874;85.0521698;93.747818;90.5999985;79.782608;91.6000061;102.947815;102.808701;68.9913101;50.6173935;89.391304;54.2521744;31.1652184;6.21739149;2.35652161;0;0;0;0;0;0;0;0;0;0;0;0;0;0,35.6260834;50.7217293;50.7130356;60.2782555;72.8782654;77.0434875;108.173912;95.2695618;75.6782608;80.3391266;62.1912994;61.1565208;63.6086922;72.7043457;21.5304356;0;0;0;0;0;0;0;0;0;0;0;0;0;0;0;0;0;0;0;0;0;0;0;0;0;0;0;0;0;0;45.3043442;69.2782669;58.6000023;52.1652145;38.5391273;30.0695667;33.7739143;34.1913071;22.2521782;28.8260841;22.4434776;25.5565243;15.3304348;36.695652;27.1739101,45,solid_clouds/keyframe_425.pcd
8480,18.2953184,15.6501216,0,-75.1367076,2.94736862;11.3596497;24.7543869;29.412281;26.2280712;36.4298248;47.8771935;29.3859653;39.2543869;75.6140366;158.649124;84.9561462;85.6666718;93.1491241;95.3245621;73.8245621;94.3157959;102.210526;94.1578979;71.1666641;58.2982445;84.3070145;51.1491241;31.2456131;6.14912271;2.39473677;0;0;0;0;0;0;0;0;0;0;0;0;0;0,34.9298286;47.9473686;49.8157883;58.1140327;69.2894745;76.2719116;107.929825;93.8157959;71.6403503;80.9122772;60.7631493;61.412281;66.2105255;68.1578903;22.5789471;0;0;0;0;0;0;0;0;0;0;0;0;0;0;0;0;0;0;0;0;0;0;0;0;0;0;0;0;0;0;43.8596458;69.0877228;60.2807007;51.3421021;39.3859596;32.7719307;30.8596478;33.8508797;22.2543831;29.5701771;21.666666;25.4912262;16.254385;38.7631607;25,45,solid_clouds/keyframe_426.pcd
8560,18.296452,15.6516576,0,-75.108932,2.80701756;10.9035091;23.8421059;27.2631588;26.9210529;37.5175438;51.4736862;31.0263138;45.3508797;78.1052628;167.500015;82.1315842;85.96492;92.9649124;94.8596497;76.8245544;88.6227951;105.368423;98.6315765;74.1929779;55.2017517;86.1929779;52.2368393;32.1754379;5.39473677;2.38596487;0;0;0;0;0;0;0;0;0;0;0;0;0;0,36.7543869;50.8771896;49.9473648;60.412281;70.7982483;78.0701828;108.912285;95.5175476;72.7368469;83.4736786;63.4298248;65.5263214;63.4824524;71.4298248;21.0526295;0;0;0;0;0;0;0;0;0;0;0;0;0;0;0;0;0;0;0;0;0;0;0;0;0;0;0;0;0;0;44.1929817;66.2807007;59.8070107;50.9824562;40.4649124;31.8245621;33.3070145;33.9649162;22.7192955;27.8245602;24.2280674;26.4035053;15.754385;39.4385948;26.2456131,45,solid_clouds/keyframe_427.pcd
8640,18.2933691,15.6494733,0,-75.1015562,2.71551728;9.69827652;23.1034489;26.896553;25.465519;38.2413788;50.6810379;31.4482765;45.6034508;80.9827576;153.75;88.8879242;82.870697;93.6379395;90.0862045;75.3448257;92.146553;108.956894;100.551727;70.0862045;52.1724167;90.9913788;52.4827614;32.2844849;6.21551752;2.39655161;0;0;0;0;0;0;0;0;0;0;0;0;0;0,36.1551743;49.7844849;51.8706932;61.3017311;72.0689621;76.3879242;110.034477;91.5517273;74.6982803;82.3017197;62.0517311;62.5431137;65.2672424;72;21.8017235;0;0;0;0;0;0;0;0;0;0;0;0;0;0;0;0;0;0;0;0;0;0;0;0;0;0;0;0;0;0;46.4482841;68.8706894;58.5431061;51.1379356;38.8793144;30.7586212;31.3017216;34.3017235;22.3362045;27.965519;23.4137917;25.3448257;15.2758617;36.3620682;26.9396591,45,solid_clouds/keyframe_428.pcd
8720,18.2937734,15.6478347,0,-75.1205955,3.94690275;11.2743359;24.6194687;28.9557533;26.8053093;35.7256622;54.2123871;30.5221233;43.4867287;84.5840759;152.097366;95.7876205;83.0088501;97.2123871;89.2831879;79.3185883;97.9557495;103.548676;100.469032;71.292038;55.3628311;88.8584061;51.1858406;30.8495579;6.27433634;2.50442481;0;0;0;0;0;0;0;0;0;0;0;0;0;0,38.796463;53.0973473;50.8584099;64.1769867;74.6017761;80.3274384;108.548676;94.7787781;75.1238937;84.5752258;60.5575256;59.3716812;64.4247742;74.3628311;21.061945;0;0;0;0;0;0;0;0;0;0;0;0;0;0;0;0;0;0;0;0;0;0;0;0;0;0;0;0;0;0;41.8584061;67.4247818;62.5663681;53.9115028;40.575222;34;32.0796471;32.070797;22.7168121;28.9115086;23.5575218;26.0707951;14.6283188;37.1061974;27,45,solid_clouds/keyframe_429.pcd
8800,18.2919722,15.6524468,0,-75.1265176,2.89380527;11.1858406;24.4070797;28.1681423;26.3982315;37.0088501;51.3893814;36.0442467;45.6902657;82.0796509;159.08847;94.8761139;82.2212372;98.0353928;91.7876053;80.4070816;86.796463;110.442482;99.3893814;71.0973358;55.9557495;92.1681366;54.0265503;32.495575;6.30973482;2.4070797;0;0;0;0;0;0;0;0;0;0;0;0;0;0,36.5663757;52.1681442;53.778759;61.7787704;74.5132675;80.0619431;105.026543;97.4955902;76.8318634;86.3362808;63.0796432;63.8318634;66.5221176;74.1238861;21.2300854;0;0;0;0;0;0;0;0;0;0;0;0;0;0;0;0;0;0;0;0;0;0;0;0;0;0;0;0;0;0;46.1415939;69.707962;58.7522163;53.070797;39.5398216;32.9557495;32.3805275;34.5663719;22.2654839;31.353981;22.5398216;25.5840683;14.9557524;36.9380531;28.6725674,45,solid_clouds/keyframe_430.pcd
8880,19.3133935,15.4827328,0,-22.0026976,3.39682555;9.21428585;20.5238094;24.3492069;34.4761887;54.8412666;47.2063484;28.7142868;33.4761887;49.9206352;118.412712;67.5317459;84.0079422;86.722229;128.412689;108.05555;111.150795;92.4841309;105.944443;100.682541;64.0238113;46.8412704;14.7222223;3.34126997;0;0;0;0;0;0;0;0;0;0;0;0;0;0;0;0,83.5476151;67.9047699;57.7698402;53.349205;72.6190491;78.928566;95.2142792;72.8650818;58.1428604;31.4523811;27.5555553;27.7063484;14.2301588;9.49206352;1.3650794;0.317460328;0;0;0;0;0;0;0;0;0;0;0;0;0;0;0;0;0;0;0;0;0;0;0;0;0;0;0;0;0;17.8015881;25.9365082;13.6269817;27.7222214;24.7857132;27.634922;34.214283;40.365078;44.7063446;55.2777786;61.214283;72.9761887;83.3650742;84.444458;71.920639,45,solid_clouds/keyframe_431.pcd
8960,22.7637579,15.4188906,0,-135.296327,2.5795455;7.07386398;17.0795441;18.03409;14.659091;21.329546;33.6875;27.7784061;29.2045441;51.5170517;71.9318161;112.130669;155.75;72.7954559;82.6931763;96.414772;76.4261398;51.1818161;57.2840881;77.5454559;66.8125;55.8636322;45.227272;42.3295441;42.022728;28.8579559;30.9204559;26.8693161;23.363636;16.914772;21.1022739;31.732954;44.2215919;36.5340881;33.7159081;12.857954;52.1420441;61.801136;12.732954;0,40.7045517;35.75;25.6875;36.0909081;28.2954521;28.238636;34.1420479;30.6818161;26.3409081;30.28409;25.7102261;31.352272;38.7215996;41.5454521;32.6818199;0;0;0;0;0;0;0;0;0;0;0;0;0;0;0;0;0;0;0;0;0;0;0;0;0;0;0;0;0;0;11.897728;44.6704597;57.9886436;60.2954559;98.5681839;116.346581;112.875;150.556824;135.948898;121.98864;115.142052;94.0113602;65.602272;51.426136;39.5738678,45,solid_clouds/keyframe_432.pcd
9040,22.7466176,15.421313,0,-134.955832,2.46242762;6.73410416;15.0635834;17.728323;13.1849709;21.4161835;29.4104042;20.9537563;30.8439331;50.0867081;70.5780334;130.341034;165.641617;76.757225;90.4971161;107.075134;73.9248581;62.248558;57.6647453;69.3872833;63.8092461;50.6300583;54.4219666;39.7919083;42.4971085;31.5260124;36.9421959;25.7861271;17.1040459;17.0635834;17.6763;30.1502895;51.543354;38.3352623;34.1329498;12.6531782;58.3179245;61.6878624;12.433527;0,38.7109795;40.2427711;27.890173;36.0404625;29.352602;25.9653149;30.0057774;34.9653206;28.4277439;32.2658958;27.595377;29.8612728;48.8208084;41.8381462;33.5838127;0;0;0;0;0;0;0;0;0;0;0;0;0;0;0;0;0;0;0;0;0;0;0;0;0;0;0;0;0;0;14.5317917;47.7109756;64.4797745;61.1445084;104.040466;123.410408;110.924858;145.242783;144.167618;120.722549;113.479782;97.820816;68.5780334;51.2427635;35.4393044,45,solid_clouds/keyframe_433.pcd
9120,22.7500798,15.4178266,0,-134.982237,1.80898881;7.58426952;15.337079;16.9325829;14.3820219;22.0112362;30.8651695;22.1067429;31.7359562;51.9831429;72.8483124;127.185394;164.640457;72.2921371;90.7584305;101.53933;72.1797714;62.0730362;55.0505638;79.0112305;68.4719086;45.1797714;49.5786514;48.8595505;38.0674171;30.2471905;35.7303391;28.6966305;15.5674152;20.0955048;15.8202248;32.1460686;49.8988724;40.8202248;34.6741562;18.0786514;56.2022514;60.9101181;13.0898876;0,37.219101;39.3033714;27.393261;37.4269638;28.0393276;25.83708;31.4325848;35.2134895;26.3707867;34.3651695;27.6516857;32.7078629;46.5730362;42.8988762;37.2415733;0;0;0;0;0;0;0;0;0;0;0;0;0;0;0;0;0;0;0;0;0;0;0;0;0;0;0;0;0;0;15.061799;50.9044991;62.3595467;62.5393295;97.4887695;120.719101;121.460686;141.730347;142.455063;129.342697;114.370796;93.3427048;65.79776;50.44944;36.7640457,45,solid_clouds/keyframe_434.pcd
9200,22.7500982,15.4200156,0,-135.000302,1.93641615;8.09248543;16.271677;18.728323;14.8612719;24.8150291;33.2832375;22.8497124;33.1098289;55.1213875;74.0057831;133.612732;167.404617;72.9364166;90.2138748;105.167633;81.3699417;58.8786163;54.6763039;80.6416168;64.2658997;45.8150291;48.6358376;46.1329498;38.5086708;27.2890167;34.3179207;27.1387291;19.9421959;23.1040459;17.9537582;28.8670502;49.1445084;38.4335251;33.7167625;15.728323;59.3237038;60.8901711;10.2832375;0,38.5780373;41.6878624;28.4450855;38.7514458;29.0924873;27.6763;31.3121395;36.5144501;26.9075146;35.7283211;28.3237;34.1849747;49.213871;42.7225456;38.3641624;0;0;0;0;0;0;0;0;0;0;0;0;0;0;0;0;0;0;0;0;0;0;0;0;0;0;0;0;0;0;15.1676302;50.8323708;62.3872795;61.5491333;96.8034744;122.838165;123.572258;141.7052;139.716766;122.982666;120.231216;92.7803574;70.1098328;51.5895996;37.6994247,45,solid_clouds/keyframe_435.pcd
9280,22.7593746,15.4184471,0,-134.965529,1.79444456;7.23888874;14.9499998;17.3999996;14.7222223;23.4000015;33.9055557;20.422224;30.25;55.3666687;66.3055573;128.322235;162.261108;69.1999969;96.3611069;93.6777802;69.4277802;55.3055573;46.1222229;74.0333328;60.2611084;38.3222237;51.7277756;44.705555;35.6444435;33.2333336;33.8111115;25.7222214;17.3777771;17.6166668;19.3111115;29.1277771;44.1111107;35.961113;34.2277794;11.4333334;53.211113;60.8333359;11.6499996;0,37.5277863;39.25;27.6888885;36.216671;28.6944427;25.4444447;28.6444435;35.3888893;27.1166649;33.961113;27.5444431;32.0944443;42.6222305;39.922226;37.8222237;0;0;0;0;0;0;0;0;0;0;0;0;0;0;0;0;0;0;0;0;0;0;0;0;0;0;0;0;0;0;14.7666674;50.1944504;59.2333412;57.2611122;83.5611115;113.633347;112.199997;144.455551;134.583344;122.027786;108.238892;91.0388947;62.3333435;49.3833351;35.9055634,45,solid_clouds/keyframe_436.pcd
9360,22.7534648,15.4175228,0,-135.02055,1.8166666;7.02222252;15.3722219;17.5611115;14.666666;22.0499992;32.0999985;20.3555546;30.4388905;52.3944435;67.0000076;128.811111;157.011108;80.8499985;85.0611115;94.8166656;69.75;57.9166679;46.9388885;75.2055588;53.288887;45.4166641;44.6222229;50.4111099;33.3166656;34.7277756;28.0944443;19.4722233;17.3111115;15.5944443;22.705555;23.4277763;46.1333313;40.0833359;25.5722218;15.3166666;52.4777756;65.4166718;11.0388889;0,36.3388901;37.3833313;28.2277775;35.994442;28.0833321;26.7944431;29.4555531;35.0888863;26.4888878;30.8999977;27.2000008;33.255558;42.3555603;37.8111076;37.6666679;0;0;0;0;0;0;0;0;0;0;0;0;0;0;0;0;0;0;0;0;0;0;0;0;0;0;0;0;0;0;16.7166672;49.8999977;56.8777771;59.3944397;90.5611191;99.3499985;116.394463;140.677795;137.89444;120.933334;110.244453;85.8555679;59.4333344;48.433342;35.8555565,45,solid_clouds/keyframe_437.pcd
9440,22.7533734,15.4300693,0,-134.934998,2.39560461;6.82966995;15.0109882;17.3461533;14.7417583;22.5769234;38.2142868;27.1373634;37.1263809;52.9780273;71.5769272;123.06044;154.769226;67.0439529;88.8571396;101.664825;72.0164795;61.6153793;52.2142868;69.0164871;65.8186798;46.7747269;46.7747231;50.7527466;36.6373634;27.1538467;37.6813202;23.6813202;16.8131866;16.8461533;20.2912102;25.3681335;51.2967033;34.67033;32.9450569;14.0384617;54.8626366;60.1483574;13.4340658;0,36.0329666;39.10989;24.7692299;35.9230766;27.9670315;28.3186798;32.32967;31.7582397;28.2802181;32.8406601;28.4999962;31.7582417;43.5494499;38.2912102;37.5934067;0;0;0;0;0;0;0;0;0;0;0;0;0;0;0;0;0;0;0;0;0;0;0;0;0;0;0;0;0;0;16.0274715;49.0769272;61.1923027;58.406601;94.3186798;115.868141;115.554955;140.06044;142.505508;123.901085;109.483513;91.7747345;67.6373749;52.5109901;36.8406601,45,solid_clouds/keyframe_438.pcd
9520,22.7543767,15.4175419,0,-135.034623,1.78688526;7.19672108;14.8306007;17.3169403;14.1147537;22.7431698;31.8688526;20.4590168;31.9945374;52.0054665;68.6721344;122.038269;152.568298;72.3661194;85.918045;97.2021942;74.6830597;54.9672089;51.8032799;69.5136642;64.3278656;42.9945374;50.2513695;43.9235001;39.1530075;25.147541;39.6229477;27.8087444;17.0710392;21.7759571;17.0109291;30.5519123;46.0109291;36.6885262;32.5956306;13.0054646;53.1092911;55.1530075;11.5901642;0,35.3606529;36.7923508;26.1639347;35.0710411;27.9344254;26.0437164;28.7868862;35.3606644;25.6229515;31.196722;27.7923489;30.7431679;43.8196716;39.5409813;35.7377052;0;0;0;0;0;0;0;0;0;0;0;0;0;0;0;0;0;0;0;0;0;0;0;0;0;0;0;0;0;0;16.7049179;48.0054626;57.2568283;58.3005486;95.9289627;119.37706;111.387985;138.251343;133.398911;120.622955;111.491806;87.7322464;63.4262276;49.2131119;34.775959,45,solid_clouds/keyframe_439.pcd
9600,22.7595552,15.4092113,0,-122.746909,2.10828018;8.44585991;17.2356682;19.4904461;13.7834396;23.6496811;29.3248405;22.6942692;25.3057327;64.1783447;97.5477753;128.904465;167.445862;82.5796204;92.5223007;108.1465;74.6815262;41.2038193;52.7197456;63.1401291;51.2738838;49.6050987;43.509552;46.2738876;36.0063705;24.6878986;26.6560516;18.5796185;19.8343945;14.3312101;10.3630571;24.4394913;35.0891724;38.0573235;24.2993622;14.4076433;33.0127411;73.2293015;12.7324839;0,33;31.0700645;34.7770729;31.1974506;30.5159225;30.9745235;40;34.936306;21.7515945;39.9872589;47.509552;45.2611389;45.6751595;26.0764351;11.5859861;0;0;0;0;0;0;0;0;0;0;0;0;0;0;0;0;0;0;0;0;0;0;0;0;0;0;0;0;0;1.05732489;61.1337585;61.4267502;92.5796127;102.050949;111.547775;125.8535;122.267517;125.070061;107.458595;86.8981018;60.3757973;54.3885345;38.7324829;43.1783409;33.1592369,45,solid_clouds/keyframe_440.pcd
9680,24.6512936,13.3187331,0,-149.199034,2.53179193;8.8612709;14.5953751;17.5028915;15.919075;28.2138729;40.2601166;33.4508667;82.5433502;70.1040497;60.5028877;53.8439293;43.6994209;39.6994209;43.1329498;44.9132957;49.0982628;49.6473999;48.3121414;47.1156082;42.624279;39.757225;33.1907539;36.5202293;43.3930626;49.0635834;35;28.5606918;19.7919064;18.2774563;20.2774563;18.728323;10.6705198;13.9768782;13.1676292;27.2543373;18.8497105;24.705204;8.10982609;20.3815022,14.6705198;28.2254333;21.1791916;21.433527;16.2716751;19.4277458;16.213871;13.9421959;15.2196541;9.20809174;10.8843937;16.705204;12.2485542;16.537569;19.7109833;12.16185;0;0;0;0;0;0;0;0;0;0;0;0;0;0;0;0;0;0;0;0;0;0;0;0;0;0;0;0;0;15.8786116;27.2658939;51.537571;63.479763;73.0346909;86.2774582;107.624268;97.2312241;101.098274;102.757225;90.6936493;104.988449;60.1213875;39.0115585;31.2080898,45,solid_clouds/keyframe_441.pcd
9760,24.6413479,13.3069941,0,135.069319,1.38864625;5.38427925;11.5414848;13.5021839;10.965066;15.1572046;22.7379913;10;33.6506538;51.716156;86.6288223;109.890839;100.017456;98.7030487;95.3449707;96.7336273;117.296936;139.615707;145.475983;83.4454117;58.213974;44.4323158;40.3449783;44.2358093;54.825325;56.213974;42.6506577;25.6637554;15.069869;11.1703053;8.93449783;15.9825325;11.7554588;7.31004381;17.0218334;14.3668118;23.8427944;25.7379913;9.27511024;19.0786037,65.2969513;94.5764084;96.6200714;132.179047;106.336235;96.2838287;88.4104614;69.5764008;76.0698471;76.7379761;53.9825287;28.9999981;24.358078;21.8951969;16.9170284;0;0;0;0;0;0;0;0;0;0;0;0;0;0;0;0;0;0;0;0;0;0;0;0;0;0;0;0;0;0;26.2707424;44.0261993;53.7772903;52.751091;50.2008781;53.93013;40.8515358;37.7554626;59.9388695;54.1004448;71.0218201;73.4104614;56.1921387;24.5982533;48.2576447,45,solid_clouds/keyframe_442.pcd
9840,24.6418615,13.3005319,0,135.005012,1.43697476;5.47899151;11.6386547;14.12605;9.78991604;14.2310925;20.1512604;9.42016792;36.714283;47.6848717;76.9621887;112.256302;98.6176453;93.1302414;92.3949585;98.3025208;114.705879;124.08403;143.680664;79.2773132;58.6386566;52.6806717;42.9411774;42.0042038;51.0126038;52.2016792;41.7773132;26.4789925;19.0966396;11.3865547;10.2689075;14.5588236;7.0168066;8.68907547;13.2226887;15.1554623;22.7521;25.9831924;8.46218491;19.9915962,65.2731171;89.9033661;96.5882339;124.701683;100.57563;103.760498;82.1260529;70.1302414;73.1218567;74.9159775;49.8907585;32.626049;24.7268887;21.0756321;16.0462189;0;0;0;0;0;0;0;0;0;0;0;0;0;0;0;0;0;0;0;0;0;0;0;0;0;0;0;0;0;0;21.6722736;42.9327774;51.5084;52.336132;48.584034;51.6890755;38.294117;41.2605095;55.0378151;52.0588226;61.6596642;75.8529358;56.6932793;23.6302509;49.7310905,45,solid_clouds/keyframe_443.pcd
9920,24.6501995,13.3048231,0,135.003177,1.40969169;5.67400885;11.4185028;13.5947142;10.5418501;14.6960354;22.2466965;9.93832588;39.3832588;50.6740074;85.0176239;121.590302;99.5550537;99.1894302;100.916306;104.057266;121.281929;140.969177;151.105728;82.7753296;54.4361191;51.7048454;40.2246704;43.0220261;59.1894264;56.2511024;44.9471359;24.4933929;19.0792961;10.3436127;9.46255493;17.7004395;9.17180634;7.0969162;15.9339209;13.1321583;22.1982384;27.3083687;10.017621;19.3964767,67.6696091;92.1629944;101.563881;133.462555;104.189423;102.84581;90.1233368;80.634346;80.8105621;78.5858917;52.0704842;33.2422905;24.5814991;22.533041;15.5506611;0;0;0;0;0;0;0;0;0;0;0;0;0;0;0;0;0;0;0;0;0;0;0;0;0;0;0;0;0;0;25.3083706;45.0440483;54.1409683;54.8766518;50.2599144;54.4801788;41.4185028;39.5682793;61.8942757;55.7356834;68.4845734;76.8237839;58.5726891;24.546257;49.964756,45,solid_clouds/keyframe_444.pcd
10000,24.6415329,13.3097393,0,135.035399,1.68888891;5.14666653;12.2577782;13.9111109;13.0311108;19.5377769;25.4266663;11.4533339;44.1111107;60.4044456;90.9599991;116.168892;107.368881;97.2533417;99.7199936;102.524452;117.048889;127.853333;140.622223;81.2444458;59.5066681;48.4577789;45.1555557;47.8177795;54.0222244;49.6088867;42.7022247;28.9333344;23.5466671;13.5555553;6.26666641;16.5911102;13.2666664;6.71999979;15.8844442;14.0444441;19.4444466;30.8177776;6.84888935;19.2444458,68.8666611;93.4088898;103.564445;133.320007;105.440002;111.164436;95.0266647;79.3199997;71.4177704;86.8444443;50.4311104;29.0844421;25.6133327;22.3244457;17.5200005;0;0;0;0;0;0;0;0;0;0;0;0;0;0;0;0;0;0;0;0;0;0;0;0;0;0;0;0;0;0;24.422224;43.7777824;56.8311195;55.0044479;52.6666718;51.4711151;41.3466721;37.0888977;60.4666672;59.3688965;72.0177841;76.5244446;53.9111099;23.1688862;48.7555618,45,solid_clouds/keyframe_445.pcd
10080,24.6509593,13.3102522,0,135.067482,1.42035401;5.74778748;11.1769915;14.3185844;11.6504421;18.8407078;24.6681404;10.6327429;42.0929146;59.8362808;93.9026642;129.225662;111.960182;95.9911499;99.2566452;101.95575;115.398232;130.075211;141.823013;84.5486679;60.1106186;50.2654877;39.4778748;44.1371689;54.0177002;52.7787628;38.7787628;30.9734497;18.353981;8.16814137;6.08849573;16.9115047;10.4955759;7.61061954;16.3628311;14.0884953;22.0796471;28.0973434;7.55309725;19.5354004,68.2477875;91.0663681;103.78318;130.318604;105.703537;106.455734;97.0088501;79.3406906;67.9690247;85.9867172;50.3539848;33.8628349;25.2035389;22.4911499;18.4778748;0;0;0;0;0;0;0;0;0;0;0;0;0;0;0;0;0;0;0;0;0;0;0;0;0;0;0;0;0;0;23.2123909;44.6194687;54.442482;55.0531044;53.5575333;54.668148;40.6415939;40.3274307;62.86726;59.8584099;71.5221176;76.2743225;55.0619507;23.3849545;48.6460228,45,solid_clouds/keyframe_446.pcd
10160,24.3027095,12.5503697,0,-112.772476,4.23762369;12.7128716;29.6633663;29.8316841;33.3465347;60.9802017;71.0297012;52.8811874;51.8019753;63.3168297;38.5445557;19.5049515;14.6633663;17.9801979;22.7920799;21.6534653;22.594059;18.0495052;17.8415852;21.4851494;11.6435642;15.2475243;12.2475243;9.2970295;8.79207993;8.06930733;12.39604;5.54455423;11.0495052;5.40594053;1.54455447;3.60396051;7.72277212;1.27722776;5.68316841;2.22772288;15.9603968;5.53465319;0;16.5049515,14.9108925;13.6237631;14.7227716;11.7623768;9.04950523;12.8712883;13.5445538;16.8415833;10.9306927;31.2178211;18.2376213;22.7524738;15.6930704;16.0990105;6.76237631;0;0;0;0;0;0;0;0;0;0;0;0;0;0;0;0;0;0;0;0;0;0;0;0;0;0;0;0;0;0;33.1584129;46.7128716;67.4752502;65.5841599;87.5643616;56.6435623;35.5346527;33.8811874;23.3168316;20.0693073;16.1584167;24.9306927;13.9603977;15.5049505;15.1485157,45,solid_clouds/keyframe_447.pcd
10240,23.5224704,11.5875336,0,95.1061097,1.5;5.7652173;12.5478258;15.1043472;12.3391304;17.2913036;32.9913063;20.5826092;21.5391312;39.1478271;47.6130447;72.7304382;88.326088;98.591301;107.813042;72.3565216;77.326088;79.7869568;82.4217377;101.191307;92.4347916;117.59565;72.7608643;54.1043472;49.5434799;42.6260872;19.7521744;19.0956535;13.7304354;2.152174;6.62608719;9.07391262;5.55652189;8.53913116;8.44347858;24.4521732;17.0565224;5.14782619;36.9608727;55.8260841,75.4782639;49.6782646;28.8565178;57.4869537;62.7391281;62.2782593;71.1652145;87.5217361;71.1869507;99.4652176;83.343483;87.2347794;73.3130417;51.0565186;7.43478298;0;0;0;0;0;0;0;0;0;0;0;0;0;0;0;0;0;0;0;0;0;0;0;0;0;0;0;0;0;0;7.59130478;14.7130451;18.9086952;27.1869564;23.2043457;17.5739136;20.2260876;50.804348;79.7260742;78.0521698;74.6391296;69.7043457;66.5043488;74.8695602;76.4999924,45,solid_clouds/keyframe_448.pcd
10320,23.5273958,11.5795454,0,95.1475663,1.4043479;5.21304321;11.652174;14.1999998;12.2869568;19.065218;29.1173935;19.913044;22.5608692;41.7521706;49.4478226;73.0956497;88.3521729;105.273911;108.652176;83.3087006;67.3869553;73.4086914;89.7304382;106.5;85.6347809;125.113037;81.5217438;58.7739143;45.0086937;54.6391335;19.6434784;20.2130432;14.6999998;7.86086941;6.0913043;8.66521835;2.55652189;7.56086969;12.0086956;17.7478275;16.6478252;8.45652199;38.7913055;54.7043457,77.8999939;53.3086929;31.9043465;55.9913025;67.8826141;67.0521851;79.2739258;88.9695663;68.5565338;93.4565277;89.6043472;86.6478271;76.0173874;48.5739098;11.5260878;0;0;0;0;0;0;0;0;0;0;0;0;0;0;0;0;0;0;0;0;0;0;0;0;0;0;0;0;0;0;6.173913;13.9739151;21.9913044;26.8521729;24.1608696;18.3999996;21.0304337;50.391304;81.6130447;80.7391357;75.3391418;67.9174042;66.9478302;78.4695663;77.9956436,45,solid_clouds/keyframe_449.pcd
10400,23.5300883,11.5840284,0,95.2208781,1.35217392;5.05652142;11.326087;13.4739132;12.717391;17.6565208;32.1130447;19.934782;22.8782635;45.1217346;49.4478264;73.5695648;87.0260925;103.608704;108.808693;77.0130463;78.391304;73.2565231;90.2304382;103.821739;84.6912994;124.073914;77.8217392;64.2913055;45;48.5130424;20.7086964;23.4000015;14.3869572;4.04347849;9.76521683;7.1695652;6.36956549;3.79130435;13.4086962;19.456522;14.7086964;8.58695698;38.782608;55.6521759,79.6217422;49.6695671;32.2260895;57.7478294;63.0826111;66.6608734;78.8478241;88.1086884;71.5826111;104.269569;88.339119;81.42173;80.2608719;46.7000008;11.2434788;0;0;0;0;0;0;0;0;0;0;0;0;0;0;0;0;0;0;0;0;0;0;0;0;0;0;0;0;0;0;6.81304312;14.4043484;22.0652199;28.4521732;21.2521744;18.3347836;20.6608696;51.3695641;79.3695602;80.9652176;76.9913025;67.5869522;65.1999893;80.4825974;77.6956558,45,solid_clouds/keyframe_450.pcd
10480,23.5316212,11.5736251,0,95.1947924,1.67811167;5.08583689;12.1115875;14.3905582;13.6223183;18.570816;36.7682419;22.3347645;25.4892693;41.3133087;50.1888351;70.1888351;87.1072922;101.793991;105.377678;71.3519287;68.9485016;74.3991394;75.9313354;107.291855;76.8497849;124.429184;76.5407715;58.1845474;45.3304749;45.7081528;21.1587982;25.1974258;11.8969955;6.81115913;8.44206047;6.99570847;7;6.52789688;9.48497868;18.1759644;13.7167387;8.45493507;38.1287537;60.4678116,72.2403336;48.3004265;30.4678078;53.9485016;62.2575111;68.8369064;75.5665207;84.2274628;67.5665207;105.824036;82.9141541;83.506424;78.2832642;50.5536461;9.50214577;0;0;0;0;0;0;0;0;0;0;0;0;0;0;0;0;0;0;0;0;0;0;0;0;0;0;0;0;0;0;7.57081652;15.5836897;21.197422;28.802578;21.8884106;17.6824036;20.6480637;45.1673813;78.6909866;79.1845398;75.733902;68.8497849;68.7510605;77.8154526;71.8841171,45,solid_clouds/keyframe_451.pcd
10560,23.5324126,11.579103,0,95.2217588,1.14718616;5.08658028;11.6017323;13.5064926;12.9870129;18.3506489;34.1688309;22.9004345;23.4458885;42.1082268;51.4588776;76.8484879;80.3722916;105.4935;101.632034;78.0735931;75.2294388;70.3593063;86.5238037;106.476196;89.3766251;123.272736;72.7878799;60.0606079;43.7229424;47.60606;20.8398266;24.181818;14.3116894;7.12986994;8.25108242;8.29004288;4.61471844;7.32467556;10.6883116;18.636364;14.1731596;9.19047642;38.7748909;56.3116875,77.0779343;50.6190491;31.0995693;55.865799;64.5800858;68.3896179;78.6666718;88.3203583;66.9870224;104.744591;85.679657;83.3073578;77.7359467;48.1298676;11.6277046;0;0;0;0;0;0;0;0;0;0;0;0;0;0;0;0;0;0;0;0;0;0;0;0;0;0;0;0;0;0;7.17748928;15.0129871;21.1645012;29.5238113;20.6017323;19.4545479;19.7922077;48.5108185;77.2424316;81.4588852;73.3896103;67.3463211;64.6753235;82.6450195;76.4891815,45,solid_clouds/keyframe_452.pcd
10640,23.5271515,11.5780814,0,95.1811533,1.93103456;5.0603447;12.0517235;14.3534489;12.8318968;18.6508617;30.9224148;19.659481;24.0818977;46.7543106;50.5560341;75.2241364;84.1637878;102.814651;105.560341;83.0172424;71.370697;81.1465454;91.0689697;108.073273;90.9353485;124.426727;75.9137955;53.6120682;47.8793106;49.0775871;19.6508617;22.6206894;14.1767235;3.96551728;9.90948296;8.13793087;7.51293087;7.4396553;12.784483;19.3232765;16.2284489;11.7456894;36.5603447;53.8793106,80.8922348;47.4525909;30.7801743;59.0517235;66.400856;67.6680984;82.0344772;90.0689545;70.5775833;106.741394;89.4956818;82.2672272;76.0905075;47.9525871;11.6206903;0;0;0;0;0;0;0;0;0;0;0;0;0;0;0;0;0;0;0;0;0;0;0;0;0;0;0;0;0;0;5.625;15.034483;20.4439659;29.4956894;21.9396572;18.2758617;20.7198257;51.4999962;80.9137955;82.2887878;76.8232727;66.728447;65.5646591;80.6465378;79.978447,45,solid_clouds/keyframe_453.pcd
10720,20.9222623,12.8218305,0,166.729368,1.79338837;5.3801651;12.0826454;14.4380169;11.59091;23.1239681;24.107439;13.1652899;21.4669437;55.6528893;46.1446304;37.6818161;30.4710751;33.3305779;49.7933884;56.3264465;48.3677673;53.6570206;117.342979;88.8512421;74.5785065;58.7603302;52.9876022;33.7975235;27.8471069;37.1652908;36.2685966;61.772728;37;50.7479324;69.1735535;48.9710732;56.2107468;59.0371933;73.8347092;0;0;0;0;0,130.979355;131.677673;123.859497;86.793396;46.7190018;22.6487598;14.9793386;8.13636398;9.26446247;8.7107439;7.53719044;6.88842964;5.38429737;3.2892561;1.80165291;0;0;0;0;0;0;0;0;0;0;0;0;0;0;0;0;0;0;0;0;0;0;0;0;0;0;0;0;0;0;19.3305779;21.7272739;15.7768583;37.5578537;38.7231369;34.4917336;41.2024765;39.3471069;54.6033058;60.2024803;50.5495834;96.4297409;125.710732;151.123947;127.475189,45,solid_clouds/keyframe_454.pcd
10800,19.01084,13.1404691,0,175.251739,2.37714291;7.37142849;14.7200003;15.9200001;14.5714283;38.9428558;48.8914299;25.1085701;35.2914276;39.8571434;41.0571442;45.2114258;59.8171501;54.3142853;65.5885696;83.3371353;142.97142;94.8571472;76.0742798;64.9314346;41.771431;40.7771454;56.0971413;71.297142;54.2457123;75.1657104;73.0685654;47.1199989;56.7657166;95.862854;74.5314255;2.76571441;0;0;0;0;0;0;0;0,115.217148;146.560013;80.617157;47.0800018;40.4571419;23.2285728;12.6857147;12.851429;6.64571428;8.08571434;8.00571442;8.33714294;7.29714346;4.73142862;5.14857101;0;0;0;0;0;0;0;0;0;0;0;0;0;0;0;0;0;0;0;0;0;0;0;0;0;0;0;0;0;0;37.365715;34.0742874;38.6399994;41.8228531;42.6114311;64.5028534;44.6228523;50.205719;59.9085732;75.7657166;116.468597;128.754303;136.942886;143.302887;118.742874,45,solid_clouds/keyframe_455.pcd
10880,13.3667542,13.3939877,0,168.132706,4.40816307;12.6734695;28.6530609;31.4081631;35.8877563;45.5204086;44.8061218;33.1020393;29.846941;57.4387779;87.4897919;80.8979568;91.2449036;85.9285736;119.744888;182.734711;143.55101;109.346939;126.377556;94.3061218;24.1428566;4.04081631;2.43877554;2.29591846;2.29591846;1.53061223;2.29591846;2.29591846;1.53061223;0.785714269;0;0.785714269;0;0;0.785714269;4.71428585;44.3571434;6.81632662;0;0,78.8979645;88.0612259;103.091843;72.31633;95.2754974;55.2040863;19.2857132;22.9795933;9.57142925;10.7959185;2.33673453;10.5102043;6.55102015;8.27550983;0;0;0;0;0;0;0;0;0;0;0;0;0;0;0;0;0;0;0;0;0;0;0;0;0;0;0;0;0;0;0;45.7040863;43.7448997;32.1122475;45.0816345;44.5714264;45.5612259;62.4489822;66.7142792;69.3775482;77.1326599;82.2959137;94.3469391;87.9999924;91.9591827;74.2755127,45,solid_clouds/keyframe_456.pcd
10960,8.83263458,13.5609234,0,174.803893,4.19047642;10.4761906;29.3333321;46.8285713;40.9904747;42.7619019;48.4571381;44.4952393;45.876194;71.0476227;54.8571434;33.3428612;41.3238106;43.0857124;30.0857143;7.70476198;11.257143;9.40952396;11.5333338;18.666666;58.4380989;22.4380951;7.4285717;0.600000024;0;0.600000024;0;0;1.68571424;0.561904788;7.15238094;5.39047623;4.39047623;3.77142859;0;0;0;0;0;0,17.8380966;26.5809536;19.742857;18.6761894;11.5428581;13.1238089;14.7904758;8;12.104763;64.8381042;43.6380959;46.9523773;43.0952454;44.1999969;25.2285728;0;0;0;0;0;0;0;0;0;0;0;0;0;0;0;0;0;0;0;0;0;0;0;0;0;0;0;0;0;0;23.923811;25.0761929;18.2857151;24.2285728;36.104763;32.2285728;26.5333347;30.6095257;18.5333328;11.5523815;13.9523811;26.4857159;18.2476177;22.3142853;19.7523823,45,solid_clouds/keyframe_457.pcd
11040,8.02445322,12.6470511,0,-66.6180922,3.36296296;37.1777763;28.0888901;36.2518539;35.6592598;38.2148132;27.370369;32.5185165;35.5111084;38.3851891;47.9777794;46.0740738;55.9703712;65.0370407;54.955555;49.8148193;61.540741;68.9555588;114.644447;40.9703712;25.8148155;12.3407402;20.4888878;11.8000002;17.0370369;10.7259254;16.8814812;28.088892;23.2444458;16.0518532;17.2444458;9.22222233;14;8.60740757;11.044445;16.0148144;19.8444443;40.4666672;18.9777794;16.9999981,8.29629707;4.0370369;5.08148193;6.0666666;6.65185165;7.15555573;16.5481491;35.2666664;69.7851791;92.5777817;88.3481445;88.7999954;68.7185211;46.4814796;9.45185184;5.07407427;0;0;0;0;0;0;0;0;0;0;0;0;0;0;0;0;0;0;0;0;0;0;0;0;0;0;0;0;0;0;1.04444444;26.5925922;88.6592636;95.7555618;66.2074127;54.8444481;53.629631;56.2740707;56.3629646;51.8444443;72.2296371;43.6444359;23.8592567;24.0888882,45,solid_clouds/keyframe_458.pcd
11120,8.12729849,10.7504274,0,-114.04674,3.68794346;19.2056732;41.8156013;59.5035439;42.4468079;40.7588654;23.1205673;31.3616982;28.7517719;36.0992928;40.4042511;41.2553177;50.7092247;69.4822693;134.460999;78.1702194;61.886528;34.1773071;31.7801437;34.7659569;25.0070934;26.2340431;29.9787216;38.9574471;91.985817;121.411346;37.1276588;23.624115;21.6453896;12.0070915;18.5673771;16.0709209;10.7730503;12.5957441;10.680851;6.46099234;11.1702127;0;0;0,36.9787216;49.8297844;29.7517738;42.5602837;58.9716377;31.8936157;14.1276588;14.4326239;7.85106373;9.22695065;9.72340393;4.48226929;3.48936152;4.44680882;0.886524796;0;0;0;0;0;0;0;0;0;0;0;0;0;0;0;0;0;0;0;0;0;0;0;0;0;0;0;0;0;0;8.09219837;16.680851;30.4964523;88.3333359;84.9219894;88.2198639;81.7801514;98.7234116;117.24823;125.922005;119.93618;100.531929;47.9574509;48.0212784;42.6241188,45,solid_clouds/keyframe_459.pcd
11200,6.73991775,9.17885793,0,-150.882024,2.88311696;15.4675331;31.1731606;41.3766212;41.9696999;65.7922058;44.8398285;31.1385288;42.1731606;44.5065002;77.9004288;61.7792206;36.3939362;25.6623363;33.6883125;39.0909081;31.7532444;39.7402573;41.1991348;41.2121201;52.4199066;56.7965393;76.8831177;21.4199123;20.0043297;8.97835541;18.6147175;14.1168823;11.4415579;9.67532444;10.39394;8.86147213;1.72294366;0;0;0;0;0;0;0,78.1991272;93.1125488;56.67099;25.7186146;20.3376617;18.7835484;15.1342001;17.939394;15.8354979;14.636363;14.7229424;17.8268394;11.969697;22.1168861;10.7922077;0;0;0;0;0;0;0;0;0;0;0;0;0;0;0;0;0;0;0;0;0;0;0;0;0;0;0;0;0;0;4.60606098;7.18181849;12.8225117;16.3593082;17.2943726;48.7878723;66.649353;67.6233826;58.4675293;59.0649376;55.4415588;53.8398209;59.5064888;65.3160172;74.3116913,45,solid_clouds/keyframe_460.pcd
11280,0.939448712,7.62413029,0,-156.177047,4.03603601;12.1081076;28.1711712;41.3423424;41.6216202;70.5090103;32.8738747;35.5495491;41.1396408;38.6891861;70.0495529;80.1936874;89.8828735;28.2162132;26.2342319;28.4594574;24.9324341;23.0540543;21.2747746;21.7342339;17.3648643;20.8063068;19.8513527;17.5180168;12.3558559;7.16666698;9.79729652;4.4549551;8.86486435;0.977477491;1.31981981;2.50450444;3.47747755;2.99549532;5.4594593;2.5;3.02252269;7.0900898;2.65765762;7.52252245,23.8873882;26.261261;28.1486473;37.5585632;43.1126099;53.5045052;60.5990982;31.8513489;45.7972984;40.4729729;50.2026978;39.6711731;23.8243256;10.4189177;3.0405407;0;0;0;0;0;0;0;0;0;0;0;0;0;0;0;0;0;0;0;0;0;0;0;0;0;0;0;0;0;6.00450468;21.8198204;15.8108101;27.5405407;29.3873863;31.0765762;30.4729729;35.1891899;32.977478;36.6126099;26.4549541;21.905407;20.0991001;24.7432442;19.4819813;19.8513489,45,solid_clouds/keyframe_461.pcd
11360,0.294637291,6.37024922,0,-101.813967,2.38578677;19.1065979;45.4619293;43.1116753;44.1167526;60.1218262;27.9796963;27.9238567;53.1370544;73.2588806;44.1015205;38.736042;45.0812187;39.2487335;47.3451767;53.7005081;58.6700516;52.1827393;52.1776657;45.9441643;53.2690353;33.7461929;25.7868023;21.9187832;24.2842655;28.289341;18.2842636;11.5228424;7.03045654;14.4060917;16.9543152;18.6192894;14.5076141;15.1979704;17.2385807;10.3654833;15.6649752;16.5583763;48.6548233;0,127.913719;136.695435;87.269043;64.2182693;56.5786743;54.2994881;22.7005081;29.1878204;5.24873066;8.71065998;12.5380707;16.0862961;36.385788;31.6802044;19.4923878;0.99492383;0;0;0;0;0;0;0;0;0;0;0;0;0;0;0;0;0;0;0;0;0;0;0;0;0;0;0;0;0;14.1015224;24.7461929;30.9695435;24.8832512;17.8730965;15.9289341;20.543148;26.6852837;28.0659904;42.4568558;52.0761414;71.7055817;108.949249;43.7614174;53.3451691,45,solid_clouds/keyframe_462.pcd
11440,-0.698053849,4.23642059,0,31.7661187,3.24352336;17.9274597;31.8860092;49.1088066;44.7046623;74.9637299;31.5906715;34.8238335;24.2590675;20.3367882;28.5958538;32.7098427;41.0155449;40.9585495;54.7720222;70.7668457;89.6580353;102.813477;52.8497391;62.4559555;41.6528473;43.1088104;36.6632118;24.4818668;21.4611416;20.0518131;1.93264246;0;0;0;0;0;0;0;0;0;0;0;0;0,77.7616653;74.6839447;68.4404144;56.1813393;43.5285034;38.3678741;37.7098427;45.0466385;36.9378204;43.3160629;36.7823792;20.9067345;12.5440416;0.284974098;0;0;0;0;0;0;0;0;0;0;0;0;0;0;0;0;0;0;0;0;0;0;0;0;0;0;0;0;0;0;0;23.6269436;38.8082924;31.7202091;46.4352379;19.0310898;12.2590666;18.9274597;17.2020721;9.96373081;12.8341961;35.0051804;40.5492172;64.1502686;70.0259247;65.7616653,45,solid_clouds/keyframe_463.pcd
11520,-0.689124737,4.24810071,0,31.9999744,3.50793648;19.4391537;31.7195778;47.2698402;42.359787;66.7830734;31.8095245;42.0158768;26.2433872;22.0582027;27.968256;33.5079346;40.5820084;42.4761925;62.2010574;71.3650742;92.7301636;129.391541;55.0952377;71.6349182;48.4285736;48.1693115;42.4285736;21.8465614;26.6190472;24.8994713;0;0;0;0;0;0;0;0;0;0;0;0;0;0,77.8835983;61.359787;64.0211639;54.6878281;40.0582047;35.8095207;35.7830696;38.1375656;39.2910004;38.3280411;37.2275162;35.4444466;39.5767212;28.0952377;22.8783054;0;0;0;0;0;0;0;0;0;0;0;0;0;0;0;0;0;0;0;0;0;0;0;0;0;0;0;0;0;0;23.5185146;46.370369;37.6084633;42.6560898;15.8306885;15.7671947;20.6931248;17.629631;13.1851854;12.4867725;33.2592583;50.9312134;59.5767136;67.291008;67.1640167,45,solid_clouds/keyframe_464.pcd
11600,-0.699799402,4.24026874,0,32.0028634,3.22580671;15.2741938;33.9838715;45.6935501;48.7795715;66.5483856;37.5698929;42.3978462;22.1397858;23.2419357;35.5161324;37.0645142;46.9301109;52.0376358;71.5860214;82.0967789;99.7042999;131.032257;61.4354858;79.7311859;47.4516144;56.026886;40.5322609;27.2580662;34.3118286;27.7365589;0;4.95698929;6.26344109;0;0;0;0;0;0;0;0;0;0;0,84.8118439;85.0806427;77.6451645;63.6559143;46.526886;41.3118286;39.1774216;41.1505394;39.0107536;42.1397896;39.4731178;36.6720428;39.7741928;28.9139786;25.3010731;0;0;0;0;0;0;0;0;0;0;0;0;0;0;0;0;0;0;0;0;0;0;0;0;0;0;0;0;0;0;22.5913963;37.2580643;35.198925;49.9032288;18.0537643;17.2311821;21.5376339;20.2204304;9.22580719;15.1236553;39.3548393;49.5752678;67.0537643;71.8064575;75.7473145,45,solid_clouds/keyframe_465.pcd
11680,-0.692658332,4.23486824,0,32.0726047,3.26857138;15.5999994;28.6171417;43.1485748;39.3371429;58.5314293;29.8285713;41.0285721;20.7428589;19.2685699;18.7485695;17.0514278;26.622858;24.7599983;32.6457138;48.4857178;66.5885696;88.3600006;48.1600037;64.137146;41.9714279;51.6000023;40.0914307;22.9542866;26.2628593;22.7714291;0.885714293;0;0;0;0;0;0;0.382857144;0;0;0;0;0;0,76.8914413;59.9485703;67.3142929;56.3828621;40.6228561;31.2114258;29.5485687;30.8057137;24.2914295;13.0457153;15.3028574;7.36571407;2.07999992;0.537142873;0.154285714;0;0;0;0;0;0;0;0;0;0;0;0;0;0;0;0;0;0;0;0;0;0;0;0;0;0;0;0;0;0;22.2114258;30.6628571;36.8685722;41.5714302;16.4914284;13.1657143;22.3771439;12.8457136;8.72571373;13.2342854;28.497139;47.3428574;56.7028542;64.5714264;71.0800095,45,solid_clouds/keyframe_466.pcd
11760,-0.701171531,4.24895483,0,32.0125128,3.32596684;19.8895035;31.7458572;42.7679558;42.2872925;63.9502792;27.0331497;29.2762432;15.4917145;14.1602221;17.5856361;16.4972382;19.4033146;20.5414352;30.1215477;30.7071838;34.7237587;45.5856323;21.7790051;35.486187;22.5027637;22.3480682;19.1878452;9.72928238;10.0662994;14.5248623;0.287292808;0;0;0;0;0;0;0;0;0;0;0;0;0,31.558012;32.5193367;35.0497246;9.95027637;3.44198895;5.22099447;4.80662966;7.02209902;11.9944744;21.9613247;29.6353569;27.8342552;29.8342514;21.3701668;17.5027637;0;0;0;0;0;0;0;0;0;0;0;0;0;0;0;0;0;0;0;0;0;0;0;0;0;0;0;0;0;0;17.8397808;25.1491699;27.8618774;36.9834251;15.1160221;12.4861879;14.7734814;14.8121548;8.21546936;12.7734804;25.955801;35.6961327;48.2486191;40.1546974;35.2375679,45,solid_clouds/keyframe_467.pcd
11840,-0.700069344,4.27540629,0,32.3469316,3.19526625;14.3786983;32.4852066;45.0177536;35.0059166;65.8047333;30.7869835;35.7751465;18.7514782;19.7218933;28.3964481;35.1716003;45.7041397;54.0532532;74.6863937;74.7514801;92.5976334;123.343201;53.9289932;55.9881668;33.384613;38.9940834;26.2426033;16.60355;24.4437866;22.0355053;0.473372787;0;0;0;0;0;0;0;0;0;0;0;0;0,80.7988205;77.3727875;76.680481;54.9526596;47.9881668;40.2721825;41.3313599;37.573967;37.4319534;41.7218857;42.6508904;39.6627197;36.4437904;30.9467468;22.8461571;0;0;0;0;0;0;0;0;0;0;0;0;0;0;0;0;0;0;0;0;0;0;0;0;0;0;0;0;0;0;0;2.31360936;10.4260359;14.3727818;19.4556217;5.88165665;14.5739641;13.9704151;15.4437876;13.6449709;36.5680504;43.9704094;61.7692261;70.005928;70.6508942,45,solid_clouds/keyframe_468.pcd
11920,-0.698548447,4.24614259,0,33.0885132,3.28813553;12.2881355;31.7627125;49.9660988;41.858757;71.6497192;36.6384201;44.0056496;27.0790958;24.8757057;37.5423698;37.2259903;52.0112991;55.1186447;77.2994308;85.7401123;105.734467;138.028259;62.5423737;65.6045151;46.062149;53.9604492;45.0395508;24.1581936;31.2598858;27.5310745;5.92655373;3.02259898;0;0;0.564971745;0.564971745;0;0;0;0;0;0;0;0,82.3446426;94.2316284;77.3276749;60.6779709;42.7344704;41.5762711;39.8248558;39.768364;44.3163872;41.4519768;40.8644104;44.3389854;42.3389854;33.9435043;24.5536747;0;0;0;0;0;0;0;0;0;0;0;0;0;0;0;0;0;0;0;0;0;0;0;0;0;0;0;0;0;0;27.9209042;31.0734463;37.2203369;47.9095993;19.5932198;14.2372875;23.4519806;16.4011307;10.4632769;15.3954802;37.1581955;50.9999924;65.2937851;70.9717484;79.9661026,45,solid_clouds/keyframe_469.pcd
12000,-0.698191437,4.24556666,0,32.7930521,3.59459448;16.8108101;32.4324303;49.9189186;40.0432434;67.2648621;31.6648636;43.1081085;30.2648659;27.291893;29.1405392;35.1513481;42.8162193;47.4216232;70.2756805;73.4972992;87.3567581;120.351349;49.7189217;60.8108139;42.4810791;50.329731;31.2486496;16.3567581;23.7945957;27.1945953;0.454054058;0;0;0;0;0.551351368;0;0;0;0;0;0;0;0,76.2432327;61.3891945;63.3027115;48.4324417;41.6432495;34.5351372;34.0864868;37.216217;39.335144;38.8648758;39.7027054;38.4918938;39.962162;31.3027;21.0216217;0;0;0;0;0;0;0;0;0;0;0;0;0;0;0;0;0;0;0;0;0;0;0;0;0;0;0;0;0;0;24.7243271;36.4108162;33.545948;42.1459465;21.4648647;12.4648647;21.5729733;17.3459454;10.0864868;15.0216217;35.4108124;49.0864944;61.2756805;70.8432388;54.4162254,45,solid_clouds/keyframe_470.pcd
12080,-0.699093653,4.25435033,0,32.7934025,3.29999995;15.794445;31.4722214;46.9833336;40.2444458;71.922226;30.5777779;42.9111099;27.2222214;24;31.6999989;33.7166672;44.0888863;54.0333328;73.3111191;73.827774;92.6500015;124.038887;55;64.2666702;46.294445;51.0999985;37.1611099;24.4222221;33.5222244;32.8333321;0.50555557;0;0;0;0;1.15555561;4.95555544;0;0;0;0;0;0;0,77.8500061;71.5444489;65.0166626;51.6388931;41.8833389;35.8444443;33.1611099;41.511116;38.0888901;41.3555603;40.1055527;38.8888893;40.1388931;32.9388885;23.2000027;0;0;0;0;0;0;0;0;0;0;0;0;0;0;0;0;0;0;0;0;0;0;0;0;0;0;0;0;0;0;25.2444439;33.3555527;39.9666672;43.9388885;21.9777794;13.7111111;21.6388893;15.372221;9.18888855;17.3111115;34.5999985;50.0666656;66.9444504;70.2055511;76.3222275,45,solid_clouds/keyframe_471.pcd
12160,-0.705303746,4.25125999,0,32.6992736,4.23076916;15.5999994;32.5538483;46.0307693;48.0205116;71.9333344;37.5333328;41.4666634;34.0769234;24.9692307;30.5743599;31.9692307;51.0205154;53.0615387;67.4102554;73.0615387;94.0256424;123.19487;58.8205109;58.3641052;43.2974396;55.5538483;37.1282043;19.9692307;25.2871799;23.1230774;0.969230771;0;0;0;0;0.984615386;0;0;0;0;0;0;0;0,82.6666718;72.4718018;67.066658;51.9692268;47.143589;37.1333351;38.8205109;36.5282059;39.1948662;38.1538467;39.2666664;40.0205116;40.8153839;27.8666687;23.2256413;0;0;0;0;0;0;0;0;0;0;0;0;0;0;0;0;0;0;0;0;0;0;0;0;0;0;0;0;0;0;26.005127;33.712822;34.2307663;45.8410225;21.7179489;11.6923075;21.5948715;17.8717957;14.3846159;14.6717949;32.5641022;47.22052;59.0769234;69.5333328;71.7692337,45,solid_clouds/keyframe_472.pcd
12240,-0.698177434,4.26066438,0,32.6894537,3.2994349;16.9152546;31.3163853;45.2711868;42.9491539;69.7853088;37.655365;43.6497192;34.0564957;26.3163853;32.5084724;35.7909584;53.9322052;57.1299438;76.9265594;82.627121;100.711868;135.909607;61.4576263;63.7062149;57.4632797;59.0564957;43.6045189;24.5367241;27.0451965;24.9548016;1.09604526;0;0;0;0;0;0;0;0;0;0;0;0;0,90.7062149;77.3615799;69.4971771;58.3954735;48.717514;35.3220367;37.8813553;42.7514114;39.768364;42.8983078;42.6440659;42.3615799;42.6271172;29.6723175;24.8361568;0;0;0;0;0;0;0;0;0;0;0;0;0;0;0;0;0;0;0;0;0;0;0;0;0;0;0;0;0;0;24.2146873;37.7288132;37.1073418;49.926548;18.282486;13.0790958;22.1751404;18.5819206;10.5367231;15.5367241;33.1299438;49.7231636;69.0395508;82.2033844;82.9661102,45,solid_clouds/keyframe_473.pcd
12320,-0.702162319,4.25027614,0,32.7335366,3.24731207;16.9677429;31.9784946;47.7957001;47.7258072;69.1075287;34.5322609;41.9892464;28.2365589;26.9677429;30.301075;32.9408569;51.3010788;55.1129036;74.4354858;83.4731216;100.075264;134.059143;68.1559143;60.3924751;50.2741966;58.0376358;41.1451645;24.0107536;29.2957001;25.4838696;0.532258093;0;0;0;0;0;0;0;0;0;0;0;0;0,75.9032288;74.9193573;70.7526932;60.2473183;43.9300995;36.5430107;38.3924713;41.0698929;38.8494606;41.2957001;46.0537567;39.1505394;40.6236572;29.5161266;24.3602142;0;0;0;0;0;0;0;0;0;0;0;0;0;0;0;0;0;0;0;0;0;0;0;0;0;0;0;0;0;0;26.9784908;39.9784927;35.9516106;50.5161285;15.6935501;15.032258;20.4892502;21.6075268;10.2419357;15.1720428;32.9677391;49.026886;69.8279572;81.5107574;80.9731216,45,solid_clouds/keyframe_474.pcd
12400,-0.701451053,4.24976721,0,32.6527948,3.24468088;15.8723402;33.5106392;50.2872353;43.5106392;68.8138275;36.2765961;41.0265923;27.1276588;27.6063824;30.2712765;32.2393608;52.3829765;54.0638275;72.351059;77.0957413;105.707451;129.037231;62.4042549;59.2021294;48.3723373;51.7446823;40.7712746;23.5904255;27.1755314;24.1595745;1.03723407;0;0;0;0;0;0;0;0;0;0;0;0;0,75.840416;71.0797882;72.4468079;58.111702;46.441494;37.6436195;34.9946823;37.7446823;41.0212822;44.6542587;41.0744667;39.648941;43.0372391;26.6808529;23.9308529;0;0;0;0;0;0;0;0;0;0;0;0;0;0;0;0;0;0;0;0;0;0;0;0;0;0;0;0;0;0;23.3723469;36.8351097;39.7819176;44.3191528;13.9148922;12.7872343;22.2074471;19.0585117;11.2553196;18.2127666;34.4787254;47.8297882;64.2872391;76.9680862;79.2234039,45,solid_clouds/keyframe_475.pcd
12480,-0.696946771,4.2500093,0,32.6919472,3.12244892;15.9846935;33.591835;45.3265305;46.3418388;72.2193832;37.2806129;43.1989784;26.6428566;25.6836739;30.4030628;38.1785698;49.2295914;57.7142868;72.8979568;75.2704086;98.1683655;121.198982;61.5102081;60.1632652;46.127552;50.7193832;38.2602005;22.9336739;28.3826523;24.561224;0.510204077;0;0;0;0;0;0;0;0;0;0;0;0;0,72.8928528;71.7040863;72.7397842;56.0765305;45.877552;37.3367348;32.5459175;40.6428566;40.2397995;43.2346916;40.1326523;40.6836739;42.1734695;25.7346954;25.030611;0;0;0;0;0;0;0;0;0;0;0;0;0;0;0;0;0;0;0;0;0;0;0;0;0;0;0;0;0;0;25.0051022;37.4642868;37.4693909;40.5765305;19.0102043;16.7959175;19.9591827;14.6938782;13.2397957;17.0561218;31.1683674;48.5153046;65.2653122;79.6071243;72.7499924,45,solid_clouds/keyframe_476.pcd
12560,-0.686740754,4.26224283,0,32.6608442,3.26666689;15.3666668;33.6111107;45;42.5944443;66.7166672;31.8555565;43.0555611;33.0500031;26.6888885;33.3500023;33.3277817;49.4333305;53.7222214;75.4555511;78.0499954;103.922226;138.338898;62.1500015;62.7055588;46.4055557;54.0833321;41.5277748;22.6833344;30.705555;27.6722221;0.516666651;0;0;0;0;0;0;0;0;0;0;0;0;0,79.6444397;73.1222153;69.5944443;57.1611099;45.6388893;37.077774;38.7166634;39.3166656;40.1333313;46.5833359;42.1833382;38.7222214;43.5444489;28.6666679;24.5555573;0;0;0;0;0;0;0;0;0;0;0;0;0;0;0;0;0;0;0;0;0;0;0;0;0;0;0;0;0;0;24.7944431;40.0499992;36.211113;48.4333344;13.4777775;13.8999996;21.8611107;17.6111107;12.3555555;10.9277782;39.2111092;46.8222237;70.422226;75.827774;78.6888962,45,solid_clouds/keyframe_477.pcd
12640,-0.695095763,4.25873895,0,32.6999141,3.31843567;15.0837994;35.4469261;45.9273758;39.106144;70.0223465;29.5586586;40.6592178;29.3296127;24.3743;31.6312866;34.1508369;41.5642433;48.9050293;68.5586548;68.089386;93.3742981;129.458084;59.2513962;62.1564217;46.4189949;48.1508408;38.9944115;22.7877083;29.3016739;28.178772;0.525139689;0;0;0;0.569832385;1.13966477;0;0;0;0;0;0;0;0,74.4636917;65.0838013;62.7709541;50.9888229;41.3016777;36.6703949;34.910614;37.162014;37.9553108;40.8603325;42.5642433;38.7206726;41.0893898;31.1731873;23.5586624;0;0;0;0;0;0;0;0;0;0;0;0;0;0;0;0;0;0;0;0;0;0;0;0;0;0;0;0;0;0;24.0502815;35.8882675;35.3184395;40.9888268;19.8715076;11.5586586;21.4692726;16.0111732;10.3016758;13.8770943;39.731842;47.0614471;68.5977631;70.4916306;71.5419006,45,solid_clouds/keyframe_478.pcd
0,-0.01886,0.079827,0,-13.193378,0;0;0;0;0;7.33944941;8.06422043;9.33944893;33.5045891;11.4495411;6.50458717;5.21100903;13.972477;14.4403677;11.027523;6.88073397;65.0275269;27.1100941;15.1559629;5.26605511;0;2.99082565;10.0825691;17.2201843;21.6238537;47.9174309;10.4403667;6.42201853;2.65137625;0.651376128;5.12844038;1.30275226;3.48623848;3.74311924;7.01834869;0.651376128;1.61467886;1.74311924;0;0,9.00917339;16.0550461;12.0091734;42.1834869;15;17.6513767;15.7064219;14.1834879;3.72477078;4.26605463;8.80733871;7.03669691;14.8532124;20.1100922;12.2568808;0;0;0;0;0;0;0;0;0;0;0;0;0;0;0;0;0;0;0;0;0;0;0;0;0;0;0;0;0;0;17.6972485;18.605505;27.2935772;14.8440361;9.17431164;3.09174299;3.53210998;5.07339478;5.73394537;2.56880736;10.0366974;20.0091743;16.1009178;9.35779762;9.00917339,46,solid_clouds/keyframe_479.pcd
80,-0.033599,0.080581,0,-13.198657,0;0;0;0;0;8.23809624;9.87619114;12.2190475;33.5333366;9.80000114;6.88571501;5.62857199;14.104763;11.8761902;13.0476198;7.74285746;75.0380936;31.2190456;12.7047615;3.83809519;0.447619051;8.47619057;8.90476227;19.7714291;27.4571419;48.6857147;16.2000008;6.12380981;6.58095264;1.90476191;4.32380962;3.42857146;6.90476179;5.95238113;7.05714273;4.43809509;2.9523809;1;0;2.74285722,9.96190548;18.1714287;36.8095245;53.2761879;19.5428562;17.8666649;17.0285721;13.8190479;3.84761906;4.37142897;8.56190491;7.30476141;14.0285721;21.7714291;12.7142859;0;0;0;0;0;0;0;0;0;0;0;0;0;0;0;0;0;0;0;0;0;0;0;0;0;0;0;0;0;0;16.0476189;22.590477;33.5428581;18.6571465;7.80000019;3.25714278;4.69523811;4.33333349;4.60952425;3.63809538;7.76190472;16.1809521;17.2190495;10.0571432;9.63809586,46,solid_clouds/keyframe_480.pcd
160,-0.057149,0.060843,0,-13.225852,0;0;0;0;0;9.60204124;10.5816326;10.5408163;36.428566;11.8469381;5.20408201;6.67346907;14.4285727;12.6122456;10.7959185;8.34693813;75.2959213;33.5102043;12.8775511;6.59183693;0.489795923;6.2448988;10.8061218;20.1122456;23.1530609;50.591835;11.9795923;4.08163261;4.44897938;1;2.93877554;1.67346942;4.36734676;4.47959185;9.24489784;3.77551031;2.93877554;1.93877554;0.836734712;0.96938777,10.6530619;18.5918369;20.6122456;44.8877563;17.4285717;19.5714302;16.5204086;16.9183693;4;4.55102062;9.75510216;7.75510168;13.1326542;22.0102043;14.0408163;0;0;0;0;0;0;0;0;0;0;0;0;0;0;0;0;0;0;0;0;0;0;0;0;0;0;0;0;0;0;19.0816326;20.4081631;34.7959175;17.7755089;9.44897938;3.33673453;4.82653046;4.42857122;7.40816355;3.95918369;10.2959185;16.1326542;18.2346935;10.6530619;10.1938782,46,solid_clouds/keyframe_481.pcd
240,-0.058332,0.081679,0,-13.221422,0;0;0;0;0;10.905262;10.0526314;8.92631531;37.2210503;11.3578959;8.63157845;10.8421049;16.484211;12.8315783;12.1052637;8.49473667;77.7894745;32.0736847;11.578948;3.14736843;0.526315808;4.77894735;11.9052629;17.389473;26.3578949;47.2947388;9.32631588;2.52631569;5.84210539;1;2.93684196;3.49473691;5.55789471;3.90526319;6.43157864;3.49473667;4.65263176;0;1.74736845;0,10.3473682;19.7894745;18.4631577;47.9473686;18.3052635;19.5894718;16.484211;16.6210499;4.05263138;4.46315813;9.61052608;7.69473648;14.0947371;23.9368439;11.6842098;0;0;0;0;0;0;0;0;0;0;0;0;0;0;0;0;0;0;0;0;0;0;0;0;0;0;0;0;0;0;16.3789482;21.1473694;32.6000023;18.3789482;9.58947372;3.39999986;4.9578948;4.43157864;9.31578922;3.36842108;7.7263155;18.1789474;17.9473686;10.7578945;10.3473682,46,solid_clouds/keyframe_482.pcd
320,-0.034253,0.065741,0,-13.212934,0;0;0;0;0;8.8235302;11.2156868;10.2745104;34.1470566;9.52941227;6.24509859;5.31372499;13.7549019;10.7058821;12.6176472;8.14705849;76.9803925;31.8627434;15.0196075;6.85294104;0.450980395;6.10784292;12.8039217;22.4901962;25.0882339;54.2549019;17.9117661;8.50980377;7.12745094;1.42156863;3.95098042;1;9.07843113;3.95098042;9.46078396;3.41176462;4.38235283;0;0;0,10.6274509;18.1470585;35.0196075;59.6568565;21.8235283;18.960783;16.9803905;13.1372547;3.90196085;3.99019599;8.1078434;7.32352924;14.7549019;22.8627434;13.039216;0;0;0;0;0;0;0;0;0;0;0;0;0;0;0;0;0;0;0;0;0;0;0;0;0;0;0;0;0;0;17.1960773;20.4705868;34.6764717;18.6176472;8.6078434;3.3039217;4.74509811;4.43137312;4.83333349;4.11764717;11.4509802;14.460784;17.4803905;10.3137255;9.85294056,46,solid_clouds/keyframe_483.pcd
400,-0.097619,0.062731,0,-13.039289,0;0;0;0;0;9.02083397;10.750001;7.92708302;34.6979141;8.26041698;12.104167;6.07291698;15.635416;14.739584;10.604167;11.395834;68.71875;24.84375;11.291666;3.6875;0;4.84375;7.78125;22.40625;22.6666679;52.25;14.739584;4.07291698;3.59375;0;1.59375;2.15625;6;1;6.19791698;7.67708349;2;0;3.52083349;2.4375,9.89583302;16.0625;21.7083359;41.7083321;17.770834;19.6250019;17.3124981;15.729166;2.89583325;5.73958349;7.31250048;6.21875;15.4375;24.3854179;13.65625;0;0;0;0;0;0;0;0;0;0;0;0;0;0;0;0;0;0;0;0;0;0;0;0;0;0;0;0;0;0;18.21875;23.8854179;30.6249981;21.03125;6.66666698;3.33333349;6.55208349;2.64583349;3.48958325;4.125;7.27083349;14.291667;16.96875;10.229167;9.89583302,46,solid_clouds/keyframe_484.pcd
480,-0.121907,0.013868,0,-8.926873,0;0;0;0;0;5.83673429;14.5408173;12.3673458;38.5918427;11;8.26530647;12.1326542;13.4795923;14.8061218;13.469389;13.000001;78.0612183;29.2448978;13.3061228;4.17346954;5.98979568;6.97959137;13.4591846;34.8367386;19.1122437;44.1326523;12.7346945;7.5;4.64285707;0.734693885;0.734693885;6.54081631;1.8163265;7.4285717;3.25510216;5.16326523;0;3.56122446;1.8163265;0.908163249,10.530612;16.2448978;56.908165;45.2142868;1.46938777;18.6122456;13.4387751;9.39795971;6.68367338;9.39795971;4.1938777;8.22449017;29.4489803;19.2755108;13.9183674;0;0;0;0;0;0;0;0;0;0;0;0;0;0;0;0;0;0;0;0;0;0;0;0;0;0;0;0;0;0;17.1530609;34.4387741;29.6122456;11.2244902;7.04081583;9.20408058;4.27551031;7.15306139;2.41836739;4.70408154;13.3673458;18.7551022;18.2959175;12.8469381;10.1734695,46,solid_clouds/keyframe_485.pcd
560,-0.076957,0.020003,0,-9.379357,0;0.00961538497;0;0;0;6.06730747;14.7115383;7.99038506;29.9326935;11.4615383;11.2692308;6.50961542;10.6730776;11.9903841;12.0769234;9.22115326;61.9903831;25.6442299;3.51923084;6.40384626;1.35576916;3.93269253;10.0961533;22.9326916;22.3653851;39.6634636;10.6153851;3.23076916;3.875;1;3.36538458;2.02884626;3.57692289;1.85576916;5.42307663;6.24038458;2.71153831;0;0.673076928;2.01923084,9.13461494;13.1346149;36;30.9423084;1.93269229;16.4134598;10.4326916;12.0096149;2.66346169;6.17307758;3.09615421;10.0865383;24.6250019;17.5576916;6.52884626;0;0;0;0;0;0;0;0;0;0;0;0;0;0;0;0;0;0;0;0;0;0;0;0;0;0;0;0;0;0;15.874999;29.5096169;26.6057701;10.4326925;6.19230843;5.51923084;4.77884674;7.25000048;2.72115374;4.43269253;12.9038458;18.5480766;12.3365383;9.46153831;9.13461494,46,solid_clouds/keyframe_486.pcd
640,-0.094717,-0.009875,0,-9.358402,0;0;0;0;0;5.0625;14.364583;8.64583302;38.6354141;9.70833302;12.4375;7.9375;12.5520821;12.302084;11.75;9.125;66.0520859;20.84375;4.22916698;4.46875;0;4.60416698;10.145833;11.979166;23.541666;41.8541679;11.541667;3.88541675;4.32291651;0.760416687;2.44791675;1.4375;3.63541651;3.75;6.5;5.1875;2.875;0.875;0;0,9.45833302;14.9375;33.0416641;35.1041679;0.572916687;16.2187519;11.375001;10.177084;2.64583325;6.17708302;3.33333325;11.895833;26.145834;16.364584;3.44791675;0;0;0;0;0;0;0;0;0;0;0;0;0;0;0;0;0;0;0;0;0;0;0;0;0;0;0;0;0;0;16.979166;28.666666;27.135416;9.87499905;6.33333349;5.13541651;4.86458349;7.45833302;3.04166651;4.13541698;12.697917;18.2291679;12.78125;9.77083302;9.45833302,46,solid_clouds/keyframe_487.pcd
720,-0.095444,-0.015157,0,-9.061246,0.0126582282;0;0.392405063;0;0;6.02531624;14.1645565;10.3037996;34.5696182;10.0253162;9.58227825;9.6455698;14.7721519;11.670886;13.8354435;12.215189;69.6329193;20.9620266;9.55696201;0.784810126;0;6.50632906;9.21518993;9.67088604;7.78481007;27.5063305;7.51898766;5.7088604;3;0;0.544303775;4;4.55696201;4.46835423;6.91139221;4.34177208;1.82278478;1.64556956;2.55696201;4.83544302,10.3797464;15.0886068;44.1518974;35.1139259;0;17.0886078;12.1772156;10.443038;2.72151899;6.96202517;3.51898742;7.53164577;0.0126582282;0;0;0;0;0;0;0;0;0;0;0;0;0;0;0;0;0;0;0;0;0;0;0;0;0;0;0;0;0;0;0;0;17.5569611;30.3037968;31.2278481;10.9367104;6.88607597;8.15189838;5.31645536;6.64556932;3.1392405;5.62025309;17.0126572;17.6455688;14.0759487;10.6582279;10.3797464,46,solid_clouds/keyframe_488.pcd
800,-0.095408,0.021294,0,-9.411996,0.0142857144;0;0;0;0;6.30000019;14.3571434;2.64285707;12.3000002;7.45714331;7.98571444;2.54285717;7.24285746;7.22857141;8.27142906;4.5714283;64.4285736;17.7999992;2.31428576;0.814285696;0;2.08571434;5.71428585;26.5428562;17.6000004;21.4571419;12.1857147;3.5142858;5.25714302;2.85714293;2.5142858;2.34285712;2.45714283;2.92857146;5.91428614;5.69999981;2.92857146;0.928571403;0;0,9.8571434;14.757144;33.5999985;36.985714;0.585714281;16.8142853;11.1142864;13.9571438;2.58571434;6.02857161;3.15714288;11.485714;27.6428566;18.5285702;7.48571444;0;0;0;0;0;0;0;0;0;0;0;0;0;0;0;0;0;0;0;0;0;0;0;0;0;0;0;0;0;0;0;0;0;0;0;0;0.0142857144;2.81428576;3.32857132;5.60000038;12.5142851;16.7714272;13.4571428;10.257143;9.8571434,46,solid_clouds/keyframe_489.pcd
880,-0.090576,-0.007905,0,-9.393327,0;0;0;0;0;4.61052608;14.2421055;9.50526333;33.610527;7.85263109;10.8000002;6.95789433;12.6105261;11.547368;10.3578939;9.11578941;64.6736832;22.4105263;4;4.37894773;0;5.09473658;10.2210522;25.7684212;25.1473675;42.2000008;10.421052;3.20000005;5.37894726;2.51578951;3.45263171;0.726315796;2.22105265;3.76842117;6.71578932;4.55789471;1.88421059;0.884210527;0;0,9.57894707;14.0421057;33.421051;33.9684219;0;16.0421047;11.3684216;10.7157888;2.77894735;6.40000057;3.18947387;10.6210527;26.3368435;18.5473671;8.78947353;0;0;0;0;0;0;0;0;0;0;0;0;0;0;0;0;0;0;0;0;0;0;0;0;0;0;0;0;0;0;17.1157894;29.578949;25.6947384;9.91579056;6.37894773;6.39999962;4.88421059;7.38947392;2.22105265;3.28421044;12.3368416;17.3473682;12.9894733;9.9157896;9.57894707,46,solid_clouds/keyframe_490.pcd
960,-0.092682,0.025776,0,-9.006605,0;2.70270252;0.391891897;0.202702701;0;2.40540528;6.05405426;5.5405407;22.6891899;6.37837839;8.89189243;6.29729748;5.02702665;7.21621656;4.75675678;2.77027011;62.2027054;20.2432442;4.10810804;8.58108139;0.608108103;3.90540528;5.02702713;21.3513508;20.9459457;32.1081085;6.29729748;3.20270276;4.9594593;0;1.54054058;0;0.986486495;1.54054058;3.94594598;1.5945946;2.98648643;1.98648643;0;0,9.44594574;15.6621618;25.8648663;13.3243246;0;0;0;0;0.0675675645;0.0270270277;1.5;8.43243217;15.2567568;20.8243237;8.13513565;0;0;0;0;0;0;0;0;0;0;0;0;0;0;0;0;0;0;0;0;0;0;0;0;0;0;0;0;0;0;16.405407;30.4189205;24.4729748;11.4864864;6.70270252;5.36486483;5.13513517;7.31081057;1.93243241;2.79729748;11.2972975;15.3243237;12.8513508;9.89189148;9.51351357,46,solid_clouds/keyframe_491.pcd
1040,-0.086158,0.005318,0,-9.432278,0;0;0;0;0;6.04255295;15.7127666;10.2234049;33.7872353;8.32978725;12.4042559;6;12.1702127;11.7340441;11.2659569;9.00000095;67.861702;21.9893627;2.27659583;3.95744681;0.925531924;6.0638299;10.5319157;26.2234039;25.1595745;45.2765961;11.180851;4.21276569;4.69148922;1.92553186;3.5;0.840425551;3.94680858;4.61702156;6.79787254;3.81914902;2.85106373;1.85106385;0;0,9.81914806;14.7872343;36.2127647;37.6170235;0;18.5319138;11.9574461;12.1276608;2.85106397;6.58510637;3.2978723;12.4468079;27.5744686;19.1063824;8.56382942;0;0;0;0;0;0;0;0;0;0;0;0;0;0;0;0;0;0;0;0;0;0;0;0;0;0;0;0;0;0;17.361702;29.9574471;23.7127686;11.7234039;6.57446814;4.82978725;5.04255342;7.44680882;3.31914902;4.14893627;9.51063919;18.7446804;13.3297873;10.1702127;9.81914806,46,solid_clouds/keyframe_492.pcd
1120,-0.088468,-0.015323,0,-9.444511,0;0;0;0;0;6.07339478;14.6146793;8.62385368;29.1376133;8.5871563;8.69724846;8.95412731;20.5229359;15.2935781;12.0366974;9.03669643;64.6330338;20.7981644;4.25688076;2.79816532;0;4.88990831;9.39449501;22.2660561;23.21101;36.7247696;10.027523;3.2844038;6.26605511;0.761467874;3.2844038;0.761467874;3.42201829;8.55045891;9.68807411;4.18348598;4.50458717;1;0;0,9;14.183486;42.1100922;34.1192665;1.04587162;15.4128428;9.74311829;10.9449558;2.78899074;6.1376152;3.09174323;10.449542;21.9816513;18.1834869;5.44954109;0;0;0;0;0;0;0;0;0;0;0;0;0;0;0;0;0;0;0;0;0;0;0;0;0;0;0;0;0;0;16.0917435;25.1376152;22.4403648;10.7247705;6.09174347;4.39449549;4.39449549;6.95412779;2.99082565;7.7155962;13.2018337;25.6422024;17.5596333;9.30275249;9,46,solid_clouds/keyframe_493.pcd
1200,-0.09069,-0.023436,0,-9.280081,0;0;0;0;0;6.71910095;16.3595505;9.94382;33.6067429;8.41573143;16.1011238;11.0898876;14.4269667;11.7303381;13.7528095;8.08988762;71.5393219;22.9213467;11.6516857;4.58426952;2.5056181;6.71910095;11.1348324;25.943821;15.0224724;39.1910095;6.38202238;1.5955056;2;0;2.19101119;0.80898875;0;4.73033714;8.71910095;4.61797714;2.95505619;2.95505619;0;0,10.1348324;16.0112362;39.4606743;38.2471924;0;17.6853943;11.0337076;13.4382029;3.05617952;6.84269619;3.40449405;9.66292191;24.3707848;16.1910114;7.66292095;0;0;0;0;0;0;0;0;0;0;0;0;0;0;0;0;0;0;0;0;0;0;0;0;0;0;0;0;0;0;17.5393257;29.8539333;26.5505619;12.4943829;6.80898809;5.06741571;4.85393286;7.82022476;3.15730333;4.17977524;11.224719;17.3483143;13.719101;10.4494381;10.1348324,46,solid_clouds/keyframe_494.pcd
1280,-0.090488,-0.013966,0,-9.409039,0;0;0;0;0;6.92134809;15.9101114;9.11235905;32.5955048;9.40449429;10.9775276;24.11236;14.4269667;11.88764;14.550561;7.85393238;71.4044952;23.4269657;2.79775286;2.68539333;0;5.23595476;12.5505619;25.719101;16.5056171;38.3707848;7.29213524;4.53932571;7.59550571;1.80898881;16.8202248;5.08988762;8.94382;2.89887643;2.89887643;0;2.7865169;1.93258429;0;0,10.3483143;16.4157314;50.5393257;39.8202248;0.584269643;17.7415733;11.7303381;10.168539;3.16853929;6.89887667;3.4494381;11.449439;22.7977524;17.9325848;9.24719143;0;0;0;0;0;0;0;0;0;0;0;0;0;0;0;0;0;0;0;0;0;0;0;0;0;0;0;0;0;0;17.7415733;28.2471886;28.3820229;11.0449448;6.59550571;5.12359571;4.96629238;5.74157286;5.34831429;4.75280905;14.775281;17.0674152;15.9775286;10.6516857;10.3483143,46,solid_clouds/keyframe_495.pcd
1360,-0.088189,-0.013909,0,-9.358304,0.0117647061;0;0;2.45882344;0.0352941193;3.87058854;15.0705881;9.24705887;35.3764725;7.58823538;9.83529472;11.0588245;16.0941181;11.5176477;13.0117655;8.52941227;70.7647095;24.0117645;3.79999995;3.14117646;0;2.47058821;5.7294116;19.5764694;19.0352955;32.070591;5.85882378;4.72941208;5.56470585;0.517647088;11.658824;5.17647076;4.16470575;1.83529413;2.75294113;0;3.45882368;0.917647064;0;0,10.1999998;15.682353;38.3411751;11.1411772;3.21176481;18.7882347;10.6941175;12.1058817;2.81176472;6.84705925;3.44705892;9.39999962;18.9294128;19.95294;8.16470623;0;0;0;0;0;0;0;0;0;0;0;0;0;0;0;0;0;0;0;0;0;0;0;0;0;0;0;0;0;0;18.635294;27.9882374;26.7294121;12.2235298;6.89411783;5.23529387;4.77647066;7.75294161;2.29411769;4.64705896;12.1058826;17.3058815;13.8941174;10.5411768;10.1999998,46,solid_clouds/keyframe_496.pcd
1440,-0.063773,-0.004581,0,-10.916613,0;0;0;0;0;8.31182766;12.9462376;8.39784908;35.5053749;8.80645084;7.80645084;4.8064518;10.698925;14.7634411;8.53763485;10.9784946;78.2473068;22.301075;8.1935482;0;2.6236558;3.9032259;9.94623661;22.9032249;8.44085979;51.9569893;7.40860224;6.31182814;3.53763437;0;5.35483885;2.18279576;5.05376339;2.93548393;0.741935492;3.13978481;2.83870959;0.69892472;0.935483873;0,9.76344109;21.9892502;25.5053787;41.0107536;3.0967741;18.5913963;13.666666;11.1720428;5.11827946;3.29032254;6.6236558;7.30107498;21.6881714;6.50537634;9.51612949;0;0;0;0;0;0;0;0;0;0;0;0;0;0;0;0;0;0;0;0;0;0;0;0;0;0;0;0;0;0;20.9569893;26.7419357;30.2688179;11.0967741;6.58064508;3.29032254;6.46236515;2.62365603;3.39784956;5.1935482;10.5913973;14.1935492;15.1290321;10.0860214;9.76344109,46,solid_clouds/keyframe_497.pcd
1520,-0.08634,-0.018595,0,-9.413853,0;0;0;0;0;5.33333349;13.8282824;9.55555439;33.1010094;13.5656567;10.9292936;7.72727251;11.6565666;12.1717176;9.82828331;8.88888931;65.242424;25.2121201;5.16161633;3.80808067;1.5151515;5.89898968;9.28282833;9.030303;22.5050507;38.2929306;11.8585863;3.16161609;5.05050516;0.717171729;3.86868668;0;2.92929292;4.35353518;8.69696999;4.24242401;2.63636351;1.63636363;0;0,9.3535347;14.727272;34.6565666;35.2929306;2.55555558;15.8686876;9.18181801;10.8181829;2.95959592;6.33333397;3.18181825;11.6262627;23.9494934;12.2020206;2.22222233;0;0;0;0;0;0;0;0;0;0;0;0;0;0;0;0;0;0;0;0;0;0;0;0;0;0;0;0;0;0;16.2020206;29.5353546;25.5252495;11.060606;6.36363649;6.89899015;4.68686867;6.77777815;2.13131309;3.54545474;13.4747486;18.7272739;12.757576;9.71717167;9.3535347,46,solid_clouds/keyframe_498.pcd
1600,-0.6168,-1.512233,0,-98.998604,0;0.847058833;0.188235298;0;0;11.9176474;9.96470642;5.76470613;4.22352982;3.89411759;8.1529417;4.77647066;11.1058817;16.7882366;16.1294117;17.7647057;27.3764706;20.9176464;13.7647057;20.1058807;21.2705879;24.3764706;122.305878;0;0;0;0;0;0;0;0;0;0;0;0;0;0;0;0;0,23.3764706;35.317646;41.6941185;19.6823521;11;6.98823547;2.08235288;2.95294094;2.11764693;4.49411774;2.11764693;2.11764693;3.98823547;10.3764706;0;0;0;0;0;0;0;0;0;0;0;0;0;0;0;0;0;0;0;0;0;0;0;0;0;0;0;0;0;0;0;0;0;0;0.141176477;0.164705887;0;0.541176498;16.0000019;26.6235313;19.1058807;22.7764721;24.9764709;25.5647049;30.5058804;26.9294109,46,solid_clouds/keyframe_499.pcd
1680,-1.209117,-6.246469,0,-85.458692,0;0;0.188679248;9.54717064;3.84905648;9.64150906;6.83018875;7.50943422;6.71698141;5.79245281;7.88679266;14.5094337;72.6037827;85.64151;55.5094337;0;0;0;0;0;0;0;0;0;0;0;0;0;0;0;0;0;0;0;0;0;0;0;0;0,25.6603775;13.962265;7.11320782;4.05660391;2.50943398;2.75471711;2.13207555;2.30188704;0.207547173;2.94339609;1.47169816;1.16981125;0.830188692;2.24528313;0.188679248;0;0;0;0;0;0;0;0;0;0;0;0;0;0;0;0;0;0;0;0;0;0;0;0;0;0;0;0;0;0;14.4150944;10.64151;15.0377359;17.5660381;12.8679266;15.9056606;15.4339619;16.3396244;16.0566044;15.8867922;14.5283012;14.8490572;12.3018875;11.9245281;12.9245281,46,solid_clouds/keyframe_500.pcd
1760,-1.304264,-8.539366,0,131.362992,0;0.0352941193;5.41176462;0.941176474;0.376470596;4.1294117;3.34117651;0.0941176489;1.03529418;1.78823531;9.85882378;81.8588257;46.8823509;17.3529415;15.6705875;9.63529396;5.07058859;10.5411777;16.5764713;15.3058834;16.7882366;4.72941208;11.7294121;5.88235283;10.9411764;30.1294136;4.61176491;2.16470599;1.43529415;0.647058845;3.49411774;1.6352942;0;0;0;0;0;0.823529422;4.25882387;4.25882387,13.0705872;12.8705883;4.44705915;8.89411831;9.68235302;8.9764719;10.5176468;13.4588242;10.4588242;9.48235416;9.07058907;9.1058836;4.30588245;7.07058859;5.44705915;0;0;0;0;0;0;0;0;0;0;0;0;0;0;0;0;0;0;0;0;0;0;0;0;0;0;0;0;0;0;3.41176462;3.35294104;0.764705896;5.87058783;9.15294075;16.4117661;0;21.2705879;13.2823524;14.4705887;22.8117638;30.3882351;29.3529377;28.1176491;13.9176464,46,solid_clouds/keyframe_501.pcd
1840,-1.305053,-8.532713,0,130.943252,0;0;2.09523821;1.07142854;0.476190507;4.26190472;4.72619057;4.70238018;4.58333302;5.60714293;9.11904716;84.4761887;50.9404755;19.9404736;16.1309528;8.16666698;7.94047594;11.6785717;15.7976198;15.833334;15.2380953;10.0476189;19.6785717;15.583333;11.2261906;34.0119057;15.6309528;2.82142854;4.29761934;0.869047642;8.08333397;0.559523821;0;0;0;0;0;0;5.78571415;5.44047594,14.0952377;14.0476189;4.64285707;9.28571415;10.5714273;9.79761887;10.2261906;14.4642849;10.9285707;9.83333302;9.70238113;9.51190472;4.66666651;7.78571367;5.59523773;0;0;0;0;0;0;0;0;0;0;0;0;0;0;0;0;0;0;0;0;0;0;0;0;0;0;0;0;0;0;2.77380967;5.33333302;5.59523821;14.2142859;28.1547623;17.7619057;0;18.2857151;16.5714283;19.7380943;25.2380943;43.75;27.6071415;31.8571434;14.7857132,46,solid_clouds/keyframe_502.pcd
1920,-1.308398,-8.529498,0,130.899357,0;0;2.70129871;0.740259707;0.467532456;4.85714293;5.16883135;5.19480515;5.03896093;6.32467508;10.1428566;93.2077942;51.7792206;21.2337666;15.7142859;9.28571415;6.92207813;9.54545403;19.6883106;16.3506489;16.0779228;10.9740257;21.0649357;16.2987022;10.4285717;34.0259743;17.2987022;2.57142854;1.74025977;0;7.68831158;0;0;0;0;0;0;0;6.68831158;5.28571415,14.9870129;14.6623373;4.96103907;9.92207813;11.2077913;10.2597399;10.9350643;15.363637;11.6623363;10.5714283;10.1298704;10.1298704;4.94805193;8.84415627;5.96103859;0;0;0;0;0;0;0;0;0;0;0;0;0;0;0;0;0;0;0;0;0;0;0;0;0;0;0;0;0;0;3.24675322;5.79220772;6.25974035;16.1558418;32.8831177;17.5974026;0;16.8831177;18.9610386;17.9220772;23.3506489;42.1558456;30.8831158;31.5714283;16.2987022,46,solid_clouds/keyframe_503.pcd
2960,-5.060525,-10.117078,0,24.272028,0;0.012987013;0.675324678;3.25974035;3.31168842;4.53246784;3.83116913;3.61038971;10.181819;16.8441544;65.6363602;19.7012997;19.1168823;17.9740276;15.818181;19.4935074;10.4805202;21.4285698;5.22077942;1.02597404;8.94805241;0;3.5454545;8.15584469;7.70129871;8.40259743;6.06493473;14.8441563;8.88311672;4.48051929;1.66233766;21.1428566;2.74025965;22.5454559;12.6753254;0;0;0;0;0,16.0129871;15.2597389;15.8051939;25.7402611;25.7142868;24.6753235;20.7792187;38.2077904;7.68831158;0;26.4025974;33.8831139;9.75324726;6.41558504;1.01298702;0;0;0;0;0;0;0;0;0;0;0;0;0;0;0;0;0;0;0;0;0;0;0;0;0;0;0;0;0;0;1.36363626;2.55844164;5.090909;4.68831158;6.41558409;11.5584412;5.67532444;8.03896141;7.1168828;7.6623373;7.45454502;9.22077942;9.31168842;8.45454502;11.9870119,46,solid_clouds/keyframe_504.pcd
3040,-5.057102,-10.113579,0,24.280619,0.0133333337;0;0.800000012;2.61333323;1.02666664;6.73333359;4.22666645;4.18666649;9.73333359;16.9466667;65.5733337;19.7866669;21.8266659;16.9199982;17.9466686;17.6533337;10.96;23.0533352;5.32000017;1.10666668;10.7600002;0;2.51999998;9.45333385;5.5999999;7.42666674;5.25333357;15.5866671;10.7200003;4.68000031;0.879999995;20.7199993;4.72000027;23.1466656;13.9466667;0;0;0;0;0,16.3866692;15.5199995;15.9333334;28.253336;27.4000015;26.0933361;22.2800007;39;5.77333355;0;27.1866665;33.9866676;9.31999969;6.02666664;1.02666664;0;0;0;0;0;0;0;0;0;0;0;0;0;0;0;0;0;0;0;0;0;0;0;0;0;0;0;0;0;0;1.60000002;3.10666656;4.90666628;4.09333324;6.53333378;11.586668;6;8.18666744;7.25333309;7.80000019;7.58666658;9.35999966;9;8.60000038;12.04,46,solid_clouds/keyframe_505.pcd
3600,-5.324613,-6.573528,0,61.924878,0;0;4.86486483;3.18918967;1.59459472;5.1621623;3.31081104;3.13513517;6.0405407;0;0;54.6351318;40.2567558;15.1621637;17.2297287;8.4594593;19.472971;17.1081085;11.4324322;18.4729729;14.4594593;6.12162161;0;11.905405;5.75675678;0.756756783;2.24324322;0;3.51351357;12.7432432;10.0135136;12.0135136;12.5135136;0;0;0;1.48648643;4.51351357;13.2567568;21.0135117,42.2027016;0;0;37.8918953;28.4189186;10.8513527;4.55405426;0.702702701;0.756756783;0.770270228;0.662162125;1.12162173;0.851351321;0.17567566;0.0540540554;0;0;0;0;0;0;0;0;0;0;0;0;0;0;0;0;0;0;0;0;0;0;0;0;0;0;0;0;0;0;13.216217;4.81081057;9.66216183;8.56756783;8.91891861;9.24324226;10.8513517;11.1081076;20.1351357;15.1351357;19.5270271;28.7567558;24.4729729;15.6486483;32.7702713,46,solid_clouds/keyframe_506.pcd
3680,-4.262102,-5.026645,0,-32.531636,0;0;0.763888896;0;0;0.638888836;0.597222269;8.45833302;7.58333302;10.416666;48.3333321;29.3472214;35.0972214;47.6111107;44.9444427;35.0833321;28.4583321;0;0;4.27777767;0;0;0;0;0;5.375;14.6527786;5.31944466;12.8611107;9.22222233;6.58333302;8.51388836;3.23611116;0;0;0;0;0;0;0,8.26388836;10.7638893;5.72222233;6.38888931;8.51388931;7.26388931;7.29166651;14.75;12.1111116;6.98611116;36.7083321;19.9861107;8.27777767;5.40277815;7.93055582;0;0;0;0;0;0;0;0;0;0;0;0;0;0;0;0;0;0;0;0;0;0;0;0;0;0;0;0;0;0;1.95833337;10.499999;9.33333302;17.8888874;11.9444447;14.4444447;12.0277777;14.083334;16.8611126;20.291666;15.1805553;18;15.1527777;8.43055534;14.916666,46,solid_clouds/keyframe_507.pcd
3760,-4.243041,-5.029311,0,-32.618022,0;0;0;0;0;9.46478939;0.436619699;8.43661976;6.71830988;8.91549301;50.8450661;30.338028;37.7183113;46.5492935;45.7605629;32.4225349;30.0985928;0;9.49295807;4.74647903;0;0;0;0;0;4.42253542;9.26760578;6.60563374;2.60563374;2.30985928;7.30985928;3.12676048;3.07042265;0;0;0;0;0;0;0,11.5070429;12.1830978;5.92957735;6.4084506;8.69014072;7.05633783;8.14084435;13.1267614;12.4084511;5.22535229;24.0422554;18.6760578;6.30985928;5.04225349;6.22535229;0;0;0;0;0;0;0;0;0;0;0;0;0;0;0;0;0;0;0;0;0;0;0;0;0;0;0;0;0;0;12.9859152;11.4225359;9.91549301;16.1126766;10.8450708;15.0563374;12.6056337;13.5633793;15.0985918;20.5492954;14.338028;21.8873253;14.9014082;11.9577465;8.45070457,46,solid_clouds/keyframe_508.pcd
3840,-4.235276,-5.033587,0,-32.60846,0;0;1;6.67647123;0;0.485294133;0.70588237;8.61764717;7.16176462;9.29411697;54.5441246;27.4411774;35.9117622;49.4411774;46.4264717;34.6911774;32.3088264;0;0;4.3382349;0;0;0;0;0;5.45588255;17.0147057;5.32352924;8.9117651;8.01470566;9.05882454;3.33823514;4.98529434;0;0;0;0;0;0;0,10.6029415;13.1323519;6.5882349;6.82352924;9.29411793;7.44117641;8.33823586;13.7058811;13.499999;9.57352924;28;22.0294113;8.4117651;5.88235283;6.45588255;0;0;0;0;0;0;0;0;0;0;0;0;0;0;0;0;0;0;0;0;0;0;0;0;0;0;0;0;0;0;13.2647047;11.6029406;10.1176472;17.3823528;11;16.7794113;11.7794113;16.2205887;15.9705887;21.1029415;15.6617641;21.1764717;16.1617641;3.60294104;9.54411793,46,solid_clouds/keyframe_509.pcd
3920,-4.245878,-5.030767,0,-32.647987,0;0;0;0;0;0.366197169;0.408450693;8.49295807;7.16901398;11.2676048;48.6478882;38.5493011;38.6760559;46.1971817;42.4788742;36.5211258;29.9436607;0;0;2.76056337;0;0;0;0;0;4.64788723;15.3380289;6.95774651;8.92957783;8.63380241;8.46478844;2.81690121;3.30985904;0;0;0;0;0;0;0,7.49295712;12.8450699;5.77464819;6.33802795;8.74647903;7.73239422;7.38028145;12.7042255;13.084506;8.35211277;26.7323952;20.9718304;6.64788723;4.87323952;6.32394361;0;0;0;0;0;0;0;0;0;0;0;0;0;0;0;0;0;0;0;0;0;0;0;0;0;0;0;0;0;0;13.1408463;11.6197186;10.169014;16.8169022;11.4788723;15.4647884;10.9295769;15.2253504;17.0704231;20.8732395;15.3239441;18.7887325;14.9859152;9.80281639;12.8873234,46,solid_clouds/keyframe_510.pcd
4000,-4.236797,-5.028258,0,-32.643291,0;0;0;0;0;0.432835817;0.597014904;8.58208942;6.95522404;10.1641788;54.3582077;40.7611961;41.1791039;49.3582077;46.4626846;36.4029846;32.5223885;0;0;2.74626875;0;0;0;0;0;5.62686539;14.7611933;7.01492548;8.4925375;10.2686567;9.23880577;1.61194038;3.22388077;0;0;0;0;0;0;0,8.34328365;13.6417913;6.35820913;6.73134327;8.97014904;8.02985096;8.20895576;13.8805962;13.8208952;8.26865673;25;23;7.62686539;4.77611923;6.38805914;0;0;0;0;0;0;0;0;0;0;0;0;0;0;0;0;0;0;0;0;0;0;0;0;0;0;0;0;0;0;13.8955221;12.2835817;10.4776115;17.97015;12.1492529;16.3880596;11.7164173;16.044775;16.7014923;21.4477615;16.9104462;21.4925365;16.3731346;9.25373173;14.6119404,46,solid_clouds/keyframe_511.pcd
4080,-4.499566,-3.745486,0,89.894001,0;0;2.58585835;2.060606;1.20202041;2.33333325;14.7474728;8.82828236;5.78787899;8.38383865;12.1212111;21.0202007;25.9595966;23.2626266;12.4040403;12.121212;5.32323217;6.34343433;6.17171717;4.25252533;12.2626257;0;0;0;3.77777767;6.73737383;0;0;0;2;7.36363602;20.4040413;23.69697;40.2121201;77.1111145;3.17171717;0;0;0;0,20;21.6161613;5.87878799;7.39393902;4.41414165;1.14141405;0;1.01010108;0;0.959595978;0.13131313;0;0.484848499;0;0;0;0;0;0;0;0;0;0;0;0;0;0;0;0;0;0;0;0;0;0;0;0;0;0;0;0;0;0;0;0;9.969697;13.999999;5.060606;19.848484;20.3434353;2.4545455;2.5757575;6.15151501;11.3030291;18.5757561;32.4646454;36.4949493;32.5454559;34.7878799;62.0404015,46,solid_clouds/keyframe_512.pcd
5200,-1.82449,11.587352,0,-48.73217,0.00847457629;0;0;0;0;6.44067764;4.60169506;10.5762701;17.2288113;18.9661026;6.59322023;4.11016893;2.77118611;4.85593176;5.28813553;7.80508471;8.37288094;23.4830513;29.9152546;15.6610174;27.6694908;17.3389835;55.1864433;71.1186447;42.3305092;42.1440697;8.87288094;16.0847454;6.21186447;2;0;13.4322023;7.61864376;8.474576;1.98305082;3.62711859;6.66101694;1;3;2,37.7288132;43.9406776;34.627121;28.2881355;27.0762691;24.4576244;21.8728809;19.3813572;2.79661012;4.92372847;4.94915247;2.40677977;5.10169458;1.33898306;0;0;0;0;0;0;0;0;0;0;0;0;0;0;0;0;0;0;0;0;0;0;0;0;0;0;0;0;0;0;0;3.93220353;3.25423741;5.61016893;8.44067764;26.7627106;33.3220329;0;5;35.398304;32.5338974;11.0847464;10.4406776;22.2966099;14.8728809;31.5932198,46,solid_clouds/keyframe_513.pcd
5280,-1.828312,11.596327,0,-48.775584,0;0;0;0;0;5.88429737;4.47107458;10.2066116;17.6776867;18.7933884;5.51239729;4.71900845;1.86776853;4.7851243;4.69421482;5.28099203;9.2396698;22.8347092;29.9504128;14.5702477;26.2727261;13.107439;54.2231445;67.0165329;38.289257;41.8264465;6.87603331;16.6611557;8.26446342;4.17355394;0.851239681;6.05785131;3.48760319;5.95867777;0.917355359;1.83471072;0.917355359;0.917355359;2.75206614;1.83471072,34.2396698;41.3305779;33.3223114;28.3223152;23.1983471;23.1487617;20.6694221;19.09091;2.72727275;4.74380159;4.76859522;2.36363626;4.13223124;1.70247936;0.0495867766;0;0;0;0;0;0;0;0;0;0;0;0;0;0;0;0;0;0;0;0;0;0;0;0;0;0;0;0;0;0;3.85950375;3.14049578;5.51239681;7.84297562;23.6446285;33.2066116;0;4.58677673;35.3140488;15.0413227;11.8925619;9.52066135;20.8264446;10.2479343;34.2809944,46,solid_clouds/keyframe_514.pcd
5360,-1.833071,11.591106,0,-48.735231,0;0;0;0;0;5.67213154;4.65573835;10.7131157;12.9262295;25.7213116;6.39344311;4.83606577;2.09836078;3.52459025;5.02459002;6.68032789;7.56557369;22.5573788;29.254097;16.0327873;27.2377052;15.5573769;50.4180336;67.9836044;41.9754105;40.2049179;8.72950745;16.950819;7.01639318;4.98360634;0;6.27868843;4.54918003;10.8606558;1.99180329;2.73770499;5.02459049;1;3;2,36.9262276;38.5163956;34.5327873;29.2295074;23.7295074;22.9590187;22.1229515;18.7868862;2.79508185;4.91803312;5.04918051;2.46721315;4.2295084;1.4426229;0;0;0;0;0;0;0;0;0;0;0;0;0;0;0;0;0;0;0;0;0;0;0;0;0;0;0;0;0;0;0;3.96721292;3.26229501;5.62295055;8.08196735;24.647543;34.647541;0;5;33.8032761;26.5409832;10.2131147;10.8606558;21.4836063;14.8114758;31.5081959,46,solid_clouds/keyframe_515.pcd
5440,-1.827009,11.5944,0,-48.763782,0;0;0;0;0;7.08264494;4.53719044;10.5041332;13.2479343;27.2148743;6.33057833;3.66942167;3.09917355;3.6280992;4.95867777;6.23966885;12.5123978;19.9917336;27.0826435;13.9173555;21.1570263;14.8925619;50.8677673;72.3553772;42.1818199;42.9173546;6.96694183;17.363636;5.97520685;2.61983466;0.834710717;5.31404972;6.23140526;10.4628105;1.93388438;2.42148757;5.71900845;0.933884323;3.73553729;0.933884323,35.4214859;42.925621;32.9173546;29.801651;26.9504128;24.4132233;23.2148743;19.3305798;2.75206637;4.80991745;4.94214964;2.39669418;4.91735601;2.14049578;0.0247933883;0;0;0;0;0;0;0;0;0;0;0;0;0;0;0;0;0;0;0;0;0;0;0;0;0;0;0;0;0;0;3.96694255;3.6280992;5.56198406;6.69421482;24.8677692;33.8264503;0;4.66942167;30.6363602;27.3388424;7.68595028;12.1900826;13.0743799;16.9917355;31.743803,46,solid_clouds/keyframe_516.pcd
5520,-1.829784,11.583099,0,-48.664566,0;0.00826446246;0;0;0;6.79338789;4.60330582;10.5371904;12.5289259;24.636364;7.9256196;5.04132223;1.7685951;4.76859474;5.17355394;7.87603235;13.2231407;20.289257;29.1570244;15.3471069;26.7438011;16.2231407;54.3305817;71.0661163;42.3140488;40.0661163;7.89256191;15.6942158;8.17355347;0;0;19.3388443;6.69421482;7.43801641;2.99173546;3.53718996;6.60330582;0;2.97520661;1.98347104,37.4132271;41.5041313;34.3884277;28.7685947;26.1239662;24.1735535;22.0247936;19.9090919;2.76033068;4.89256191;4.98347139;2.40495849;5.02479315;1.74380171;0.0330578499;0;0;0;0;0;0;0;0;0;0;0;0;0;0;0;0;0;0;0;0;0;0;0;0;0;0;0;0;0;0;3.95041299;3.17355371;5.53719044;7.41322327;27.4710751;34.3719025;0;4.95867777;36.4297485;33.2809944;13.2231398;10.9669418;16.2231388;18.8512402;31.7437992,46,solid_clouds/keyframe_517.pcd
5600,-1.834156,11.59507,0,-48.697625,0;0;0;0;0;6.26190519;4.61111116;10.6904774;12.6349211;26.6111126;6.1269846;5.08730221;2.6825397;4.56349277;5.02380991;6.46031809;14.2698402;20.8015862;28.150795;16.3571415;26.8333359;13.1111107;58.19841;72.7063522;41.0079346;39.150795;6.96031761;18.0714283;7.14285707;0;0;22.2222214;5.76984119;9.5;2.78571415;3.55555534;4.75396824;1.77777767;2.97619057;1.98412693,37.7619057;45.9047623;33.7222214;28.5396824;25.6269836;24.2698402;22.0714283;20.8888874;2.74603176;4.86507988;5.05555534;2.41269851;4.97619057;1.25396836;0.0317460336;0;0;0;0;0;0;0;0;0;0;0;0;0;0;0;0;0;0;0;0;0;0;0;0;0;0;0;0;0;0;3.94444442;3.16666675;5.52380991;7.97619057;25.2142868;34.9761887;0;4.96031761;35.4127007;33.6587334;14.8571434;11.8174601;15.5396824;19.8412704;31.8253956,46,solid_clouds/keyframe_518.pcd
6160,3.467487,9.35853,0,-124.447097,0;0;0;0;0;0;0;0;3.31868124;14;52.3846169;27.5494499;15.9560432;47.3186836;53.285717;60.5714302;76.4944992;31.5604382;32.5824165;16.4175816;15.6593409;23.21978;22.5164833;13.164835;13.1758242;12.0989008;10.1538467;11.2527475;7.69230747;4.92307711;4;1.84615386;0.846153855;0;0;0;5;4;4;0,33.6813164;57.6593399;13;4.84615374;9.75824165;7.9560442;11.3186808;9.25274754;14.0769224;12.7032957;19.3186798;15.7252741;17.8571434;22.1208782;12.4835167;0;0;0;0;0;0;0;0;0;0;0;0;0;0;0;0;0;0;0;0;0;0;0;0;0;0;0;0;0;0;14.8351641;13.5934067;15.5824175;11.21978;17.4615383;15.7142849;17.10989;14.3076916;17.3956051;21.3516483;20.9560432;38.8021965;25.5714302;41.0549431;38.2747269,46,solid_clouds/keyframe_519.pcd
7040,8.405642,17.357721,0,-96.736124,0;0;0;2.13043475;7.47826147;6.710145;6.92753601;1.50724638;9.07246399;19.8550739;46.4347839;50.6376801;34.5797081;13.652174;9.942029;7.8550725;11.550725;17.2028999;10.985507;18.57971;12.884059;11.115942;2.884058;8.42028999;15.144928;10.507247;13.26087;35.376812;1.942029;0;0;3.9130435;2.9130435;2;3.9130435;1.86956525;2;8.78260803;10.478261;0,26.6666641;41.057972;6.81159401;9.86956596;9.85507202;9.97101402;9.942029;16.927536;21.5217381;34.608696;49.826088;16.695652;7.56521797;9.652174;1.95652175;0;0;0;0;0;0;0;0;0;0;0;0;0;0;0;0;0;0;0;0;0;0;0;0;0;0;0;0;0;0;1;2;3.768116;1.3188405;6.81159401;10.434782;15.347826;2.49275351;7.36231852;18.1449261;15.391305;11.028986;11.086956;11.072464;32.3188438,46,solid_clouds/keyframe_520.pcd
7120,8.394843,17.366649,0,-96.798002,0;0;0;2.05194807;7.94805193;5.15584421;6.84415627;1.25974023;8.75324726;18.1558437;44.0129852;49.7402611;28.2337666;12.7532473;9.22077847;7.37662315;10.8701296;17.3116894;9.12987041;16.6233768;10;8.10389614;3.16883111;5.84415579;10.8311691;7.19480515;12.7532463;30.1818161;1.76623368;0;0.961038947;5.49350643;3.37662315;0.805194795;3.72727275;3.64935064;1.76623368;7.41558456;13.636364;0,24.1428566;38.5974045;4.61038923;9.12986946;9.03896046;9.19480515;9.22077847;17.0259743;18.8441563;28.7532463;40.5324669;16.1298695;9.10389614;12.6753244;2.92207789;0;0;0;0;0;0;0;0;0;0;0;0;0;0;0;0;0;0;0;0;0;0;0;0;0;0;0;0;0;0;0.961038947;2.22077918;2.35064936;3.32467532;6.41558409;9.77922153;14.818181;2.22077918;6.29870129;17.0649338;13.5584412;11.3766232;9.51948071;10.090909;26.1948051,46,solid_clouds/keyframe_521.pcd
7200,8.40957,17.34888,0,-96.692715,0;0;0;0.956521749;7.50724649;4.97101402;7.66666651;1.44927526;9.30434799;14.6231899;45.5217361;50.6666641;32.782608;13.333333;9.710145;7.710145;9.50724697;18.5942039;10.84058;15.826088;8.86956501;8.173913;1.826087;6.289855;11.608696;6.01449299;11.014493;36.144928;1.768116;0;0;2.884058;1;1.768116;5.56521749;4.594203;1.768116;6.9130435;8.55072498;0,25.347826;29.4492741;5.710145;9.68115997;9.710145;9.66666698;9.710145;16.826088;21.3768101;30.57971;43.753624;13.072464;7.92753601;9.13043499;2.9130435;0;0;0;0;0;0;0;0;0;0;0;0;0;0;0;0;0;0;0;0;0;0;0;0;0;0;0;0;0;0;0;1.768116;2.24637675;3.31884074;6.91304302;9.826087;13.73913;2.66666651;6.84057951;18.507246;13.1884069;10.434783;9.85507298;10.768116;30.797102,46,solid_clouds/keyframe_522.pcd
7280,8.398715,17.353386,0,-96.763742,0;0;0;2.9710145;7.44927549;5.173913;8.21739101;1.44927526;10.173912;15.449275;47.3478241;51.5652161;29.014492;13.4057961;9.710145;8.231884;11.420289;16.985508;11.202899;20.9855061;10.869565;7.72463751;2.84057975;8.30434799;11.942028;7.62318897;12.202898;35.5072441;1.942029;0;1;4.9710145;2.9710145;2.942029;4.942029;1.84057975;1.9710145;5.9710145;12.202898;0,27.3188419;42.1884079;5.884058;9.72463799;9.62318802;9.66666603;9.710145;17.115942;21.724638;32.753624;44.7971039;18.768116;8.52173901;11.521739;0;0;0;0;0;0;0;0;0;0;0;0;0;0;0;0;0;0;0;0;0;0;0;0;0;0;0;0;0;0;0;0.9710145;1.884058;2.3768115;3.60869575;7;10.608695;14.072463;2.42028975;7.13043499;18.2028961;13.463768;11.913044;10.086956;10.89855;24.565218,46,solid_clouds/keyframe_523.pcd
7360,8.398488,17.352939,0,-96.738839,0;0;0;0.867647052;10.5294113;5.29411745;7.04411793;1.79411769;9.70588303;14.3823528;50.544117;50.9411736;26.2794132;13.4558821;9.67647076;7.95588207;9.63235283;18.2794113;10.5147057;15.2794113;9.05882359;8.41176414;2.72058821;7.30882311;12.1617641;7.3235302;11.1617641;38.1911736;0.867647052;0;2.85294104;2.86764717;3;1.86764705;4.73529434;3.86764717;1.86764705;7;10.3382359;0,27.1470585;30.6029434;4.98529387;9.80882359;9.64705944;9.6617651;9.67647076;17.0588226;19.4117641;32.1470604;46.1617661;16.3382359;8.60294151;9.60294151;2;0;0;0;0;0;0;0;0;0;0;0;0;0;0;0;0;0;0;0;0;0;0;0;0;0;0;0;0;0;0;0.867647052;3.13235283;3.83823538;2.20588231;7.25000048;10.4558821;13.9852953;2.69117641;7;19.0588245;13.2647066;12.7794123;10.1323528;10.9705877;27.2941189,46,solid_clouds/keyframe_524.pcd
7440,8.393723,17.358829,0,-96.763631,0;0;0;2.05633807;10.5211267;5.73239422;7.39436626;1.25352108;11.1549301;19.2394371;48.0281715;54.1126823;27.8591557;13.6056347;9.88732338;7.77464771;10.7323942;18.3098583;13.6760569;16.6338024;12.6338034;8.11267567;3.57746482;8.22535229;15.084507;7.11267614;10.084507;31.6197166;0.92957747;0;0;3.83098578;2.85915494;0.85915494;3.83098578;1.8309859;0.85915494;8.7183094;12.0704231;0,27.6901417;38.3239441;5.74647903;9.74647903;9.7183094;9.80281734;9.88732338;18.1408424;19.915493;32.6056328;46.9577484;13.9859152;9.35211277;12.2394371;1;0;0;0;0;0;0;0;0;0;0;0;0;0;0;0;0;0;0;0;0;0;0;0;0;0;0;0;0;0;0;1.85915494;2;4.21126699;3.49295783;8.05633831;9.98591518;15.9859142;2.2957747;6.64788723;17.8450699;14.3521137;11.2957745;10.9859152;10.6760559;25.4084511,46,solid_clouds/keyframe_525.pcd
7520,8.396459,17.353537,0,-96.743081,0;0;0;2.05479455;8.20547962;5.20547915;7.54794502;1.38356161;11.0136986;12.7260265;49.3972588;52.09589;27.9589043;13.000001;9.39725971;8.01369858;9.24657631;17.3698616;12.5205479;18.6986313;11.4109592;8.91780853;3.56164384;7.16438341;12.7123289;9;15.2739725;35.7123299;1.78082192;0;0;3.8904109;3.95890403;0.89041096;4.73972607;3.82191777;0.89041096;5;12.9452057;0,31.1917801;43.3835602;5.6712327;9.46575356;9.36986351;9.38356113;9.39725971;16.6164379;20.1917801;31.547945;45.2876701;14.3698635;9.38356113;11.3835611;1;0;0;0;0;0;0;0;0;0;0;0;0;0;0;0;0;0;0;0;0;0;0;0;0;0;0;0;0;0;0;0;2.19178081;3.75342464;3.23287654;6.94520521;10.999999;13.7808208;2.72602749;6.95890379;17.7123299;14.6986303;9.76712322;10.09589;10.4931507;26.5068493,46,solid_clouds/keyframe_526.pcd
7600,8.39837,17.357176,0,-96.798275,0;0;0;1.0869565;8.63768291;5.95652199;7.0289855;1.42028975;11.594203;18.608696;44.057972;53.5362358;28.9855061;13.536231;9.79710197;7.7971015;9.81159401;17.724638;12.130435;17.956522;12.4347839;7.710145;2.710145;7.27536249;12.652174;5.53623199;14.73913;32.9710159;0.898550749;0;1;5.89855099;2.89855075;1.89855075;4.7971015;2.826087;1.89855075;3.89855075;9.13043499;0,26.0869579;36.8405762;6.63768196;9.73913097;9.65217495;9.72463894;9.79710197;16.202898;21.68116;32.376812;44.7246361;18.289856;7.47826099;7.47826099;1;0;0;0;0;0;0;0;0;0;0;0;0;0;0;0;0;0;0;0;0;0;0;0;0;0;0;0;0;0;0;1.7971015;1.347826;2.92753625;2.21739125;6.0869565;11.1304359;15.8695669;2.33333325;6.91304302;18.217392;14.0144939;11.666667;10.405798;10.855073;27.347826,46,solid_clouds/keyframe_527.pcd
7680,8.411127,17.357721,0,-96.793385,0;0;0;1.11428571;7.64285707;5.4000001;7.94285774;1.32857144;11.5428572;14.3428574;46.5999947;54.7000008;37;13.3999996;9.74285698;6.81428576;11.8428564;16.985714;11.2999992;17.1857147;11.3285704;8.41428566;2.91428566;6.52857113;13.1571426;8.45714283;14.242857;37.1571426;1.97142851;0;0;6.87142897;2;1.92857146;4.91428566;3.68571424;2.95714283;7.98571444;9.0714283;0,32.5;44.4285698;5.85714293;9.74285698;9.74285698;9.74285698;9.74285698;16.1571426;20.6999969;30.9428577;45.9571457;19.6571426;8.31428528;9.44285679;2;0;0;0;0;0;0;0;0;0;0;0;0;0;0;0;0;0;0;0;0;0;0;0;0;0;0;0;0;0;0;0;2.01428556;3.5142858;1.25714278;6.38571453;10.5571423;15.971427;3.21428561;7.25714302;17.4142857;13.5714283;11.0285711;10.5857134;10.8428574;29.9285717,46,solid_clouds/keyframe_528.pcd
7760,8.404487,17.346652,0,-96.719233,0;0;0;1.97333336;8.09333324;5.18666649;7.36000013;5.21333361;25.0266666;17.1066666;44.0933342;31.1199989;20.5333328;12.8666668;9.28000069;8.05333328;10.04;11.8400002;9.23999977;14.2800007;11.9866667;13.3466663;6.04000044;9.88000011;16.6800003;12.9066677;17.4400005;40.5200005;0.906666696;0;0.973333359;5.80000019;2.85333347;1.90666676;3.78666687;0.893333316;3.69333339;7.81333351;11.4666672;0,31.626667;46.8133316;13.0933323;9.10666752;9.14666748;9.21333313;9.28000069;16.5333328;20.9599991;31.0799999;43.8000031;18.9866676;7.65333366;10.5733337;1.97333336;0;0;0;0;0;0;0;0;0;0;0;0;0;0;0;0;0;0;0;0;0;0;0;0;0;0;0;0;0;0;1.81333339;1.74666667;3.72000003;1.69333339;6.9333334;9.82666588;14.0666666;2.38666677;6.9333334;17.3466644;11.9466677;10.9066677;10.1199989;14.6133337;16.3066673,46,solid_clouds/keyframe_529.pcd
7840,8.40896,17.353426,0,-96.749277,0;0;0;3;14.6533327;11.666667;6.94666672;2.20000005;10.3200006;17.0799999;30.4266663;27.7066689;21.3599987;12.626667;9.0666666;6.89333391;11.8266668;12.8266668;7.62666702;13.3200006;9.57333374;8.69333363;7.80000019;11.4400005;17.4400005;12.8800001;28.2800007;50.7466698;0.813333333;0;0;7.57333326;1.86666667;2.86666679;3.81333351;2.82666659;1.84000003;7.62666702;10.666666;0,30.3999996;37.8933334;3.44000006;8.90666676;9.01333332;9.03999996;9.0666666;15.1999989;21.4933338;32.4666672;46.1733322;18.960001;7.69333363;12.4266672;2;0;0;0;0;0;0;0;0;0;0;0;0;0;0;0;0;0;0;0;0;0;0;0;0;0;0;0;0;0;0;1.92000008;0.773333311;2.48000002;3.27999997;5.98666668;10.0533333;15.706666;2.50666666;7.05333328;16.7466679;13.6000013;10.6133347;11.5466661;7.81333303;32.0400009,46,solid_clouds/keyframe_530.pcd
7920,8.415408,17.365034,0,-84.724971,0;0;0;0;8.7070713;9.37373734;3.64646482;0.484848499;3.36363649;10.757576;19.5050507;25.1010094;20.757576;14.6868687;6.86868715;8.37373734;11.030303;14.5050497;10.8888884;11.5252523;10.5555563;5.03030252;1.30303025;4.21212101;12.3535347;8.42424202;16.636364;35.6969719;0;1.21212125;0;7.090909;4.15151501;0.434343427;8.21212196;13.30303;4.4848485;33.242424;23.030302;0,8.65656471;7.80808067;7.41414165;10.181818;14.8585863;16.7474747;28.030304;29.4646454;33.0303078;31.69697;19.030304;11.818182;18.0909081;10.2828283;0.161616161;0;0;0;0;0;0;0;0;0;0;0;0;0;0;0;0;0;0;0;0;0;0;0;0;0;0;0;0;0;0;0;3.03030324;6.18181753;5.17171717;4.4242425;2.98989916;13.3434343;8.53535366;6.40404081;6.08080816;4.82828331;20.545454;26.7777767;4.64646435;8.71717072,46,solid_clouds/keyframe_531.pcd
8000,10.996783,16.616879,0,-16.543086,0;0;0;1.32530129;1.43975902;2.24698806;11.5903616;10.7469883;6.57831335;12.451807;29.4638577;13.3072281;16.3012047;29.7650604;19.1265087;25.6506042;18.6385555;14.6144581;8.62650585;21.6746998;10.9277105;8.18674755;14.6867466;2.01204824;6.1385541;9.39156628;10.3554211;8.36746979;8.52409649;13.7469883;16.4578323;36.6385574;35.0361443;29.981926;22.6325302;11.0783138;74.608429;42.1265068;5.16867447;3.44578314,32.518074;46.3855438;41.2530136;45.030117;34.0301208;26.8012066;27.6445789;20.2891579;16.8855419;13.8975906;5.09036207;3.44578314;4.68674755;6.92771101;2.45783114;1.13253009;0;0;0;0;0;0;0;0;0;0;0;0;0;0;0;0;0;0;0;0;0;0;0;0;0;0;0;0;0;5.66867495;5.28915691;2.89156651;5.66867495;6.93373489;3.0361445;8.77108479;7.07831287;9.28313255;11.8975916;24.6144562;25.9698811;39.5301208;71.7891617;56.1626549,46,solid_clouds/keyframe_532.pcd
8080,11.426513,16.50309,0,-74.388576,0;0;0;0;0;5.225564;9.17293167;0;0;3.45864677;38.6466179;27.646616;33.7969933;27.4812031;29.1954899;21.1503754;11.969924;8.5714283;14.774435;15.2030077;11.4736834;8.24060154;1.9774437;3.35338354;1.9774437;13.3157902;7.18797016;2.17293239;20.6917286;25.3308277;35.7293243;28.4285717;16.1804504;4.63909769;13.1203003;38.4285698;16.9624062;15.8345871;4.53383446;10.4661655,9.48872185;8.86466217;14.4962416;17.3759403;26.1127815;25.4812031;34.6315804;30.2781963;31.7969933;34.5864677;27.1353378;33.3233109;33.1578941;15.4812021;5.46616554;0;0;0;0;0;0;0;0;0;0;0;0;0;0;0;0;0;0;0;0;0;0;0;0;0;0;0;0;0;0;9.4285717;10.7142859;18.9473686;12.030076;12.5563917;36.0300751;28.4210529;15.2180452;6.57142878;3.83458638;4.24060202;3.75939846;4.69172955;5.774436;6.44360971,46,solid_clouds/keyframe_533.pcd
8160,11.429125,16.510512,0,-74.448625,0;0;0;0;0;3.6875;5.296875;0;0;4.3203125;37.3671875;26.1875;36.578125;21.7734375;29.875;21.4453125;12.46875;11.8828125;20.21875;16.109375;12.4609375;8.921875;1.9453125;3.3828125;1.90625;9.1484375;5.3359375;4.09375;23.53125;25.5546875;41.4765625;33.1484375;19.7421875;3.796875;11.1640625;31.3515625;21.859375;16.71875;4.953125;9.1875,9.4140625;7.703125;13.421875;19.4921875;22.4765625;29.34375;35.2890625;31.1875;33.2734375;41.5;31.6640625;34.6484375;29.3984375;13.4609375;9.1796875;0;0;0;0;0;0;0;0;0;0;0;0;0;0;0;0;0;0;0;0;0;0;0;0;0;0;0;0;0;0;10.8203125;13.4453125;15.734375;6.234375;13.921875;30.2578125;29.2265625;18.0234375;7.3046875;4.7109375;4.1875;2.8671875;6;6.03125;6.671875,46,solid_clouds/keyframe_534.pcd
8240,11.431906,16.505591,0,-74.421311,0;0;0;0;0;8.55147076;0.948529422;0;0;2.60294104;37.1544113;22.0147038;31.8676491;28.0588226;28.1764717;22.669117;13.5367661;13.6323528;17.6691189;13.9264698;12.2720585;9.30882359;1.86764705;6.27941132;2.34558821;10.5882349;5.72794104;4.125;20.8088226;26.625;34.0514679;28.5000019;17.7279415;1.89705884;18.9117661;37.2573547;23.5073528;19.6102943;1.6102941;9.88235283,8.11764717;9.50000095;13.9705877;16.9485283;23;28.4411755;35.9632339;32.5514717;30.2573528;39.6102943;27.8529396;34.75;33.6029434;14.9485292;7.32352924;0;0;0;0;0;0;0;0;0;0;0;0;0;0;0;0;0;0;0;0;0;0;0;0;0;0;0;0;0;0;8.55147076;18.6617641;19.5955887;10.4632349;5.74264669;31.3676491;31.3235302;15.2426472;7.79411793;3.91176486;3.75735283;3.7352941;4.67647076;5.73529434;6.31617689,46,solid_clouds/keyframe_535.pcd
8320,11.428784,16.504594,0,-74.403883,0;0;0;0;0;6.70370388;2.95555544;0;0;4.69629669;35.4814835;25.3037033;38.0962982;23.2666683;27.4370365;20.748148;14.7851858;11.8592587;16.7629623;14.585186;13.3185177;11.0888882;0;1.39999998;3.35555553;11.4962969;6.20000029;2.73333335;18.0666676;31.0000019;37.9925919;29.8148155;18.9629631;6.34074068;6.8296299;38.9037018;22.8296299;17.4666672;3.59259272;11.0592585,9.17037106;9.25925922;13.5259256;16.5703697;22.0296307;28.3185196;33.2740746;33.2370377;26.8666668;43.5185204;29.3037052;36.5777779;31.2444458;15.251852;7.00740767;0;0;0;0;0;0;0;0;0;0;0;0;0;0;0;0;0;0;0;0;0;0;0;0;0;0;0;0;0;0;8.43703747;14.3185186;20.5037041;7.13333321;11.8296289;33.3185196;30.2000008;17.8518505;8.43703651;2.94814825;3.91111112;2.74074101;6.20000029;5.84444475;6.30370426,46,solid_clouds/keyframe_536.pcd
9440,18.007319,15.867046,0,-126.740842,0;0;0;0;0;0;1.25833333;0.291666687;1.33333325;18.791666;54.5166626;43.7333336;32.6333313;33.2666664;27.7249985;23.4999981;24.166666;46.4333344;41.2500038;16.5666676;17.208334;8.36666679;10.6000004;56.5250053;22.9916668;23.4083328;11.0500002;66.125;19.4666672;3.55000019;0;0;0;0;0;0;0;0;0;0,13.1166668;12.2583332;8.4333334;10.6666679;7.2166667;7.6583333;4.3166666;7.23333359;13.708333;11.666667;26.1249981;25.0916672;27.3416672;33.3666649;9.22500038;0;0;0;0;0;0;0;0;0;0;0;0;0;0;0;0;0;0;0;0;0;0;0;0;0;0;0;0;0;0;11.0916672;24.0083332;33.2166672;33.9249992;29.875;38.8166656;38.9916687;33.7250023;37.3833313;12.6999998;25.7666664;19.6666679;17;13.0500002;18.1166668,46,solid_clouds/keyframe_537.pcd
9520,18.004997,15.865497,0,-126.789917,0;0;0;0;0;0;0.888888955;0.299145311;1.29914534;19.6752129;52.4957275;48.1880341;28.5897446;34.6410255;30.2136765;22.2820511;27.0683784;50.6666679;42.239315;19.5299149;17.6752148;8.58119678;9.30769253;55.7863274;23.7350426;21.8803425;15.0598288;68.3076935;19.1794872;3.64102578;0;0;0;0;0;0;0;0;0;0,11.8205128;13.1452971;8.6153841;10.9145298;7.38461542;7.82906008;4.8717947;5.97435904;16.1623936;11.0854702;22.2051277;28.658123;27.9572659;35.0854683;8.6153841;0;0;0;0;0;0;0;0;0;0;0;0;0;0;0;0;0;0;0;0;0;0;0;0;0;0;0;0;0;0;11.8717947;25.3589725;34.6666641;40.8632507;30.4358959;35.1538467;35.8205109;38.239315;39.4529915;12.0769234;27.6666679;20.615387;17.521368;13.5299149;17.6324806,46,solid_clouds/keyframe_538.pcd
9600,18.002159,15.868495,0,-126.827658,0;0;0;0;0;0;1.19130433;0.278260857;1.88695657;19.1652164;50.7043457;50.8782616;30.1565208;34.4173927;27.7304344;23.1565228;26.1565228;49.9913063;40.9043465;17.5391312;17.2782593;8.26086998;13.478261;56.1565247;24.7130432;19.3304348;13.2347822;70.4260864;15.9304352;4.7652173;0;0;0;0;0;0;0;0;0;0,11.7478266;15.1043472;8.1826086;10.8695641;7.8434782;7.8434782;4.80869579;5.99130392;15.3391304;11.347826;23.0956516;24.5826092;28.9043484;35.391304;8.31304359;0;0;0;0;0;0;0;0;0;0;0;0;0;0;0;0;0;0;0;0;0;0;0;0;0;0;0;0;0;0;11.3739119;24.0521736;35.4521751;37.5130424;31.8000011;36.1913071;40.086956;33.9478264;40.1652145;11.9913044;27.086956;20.5565224;17.4260864;13.4608698;17.2608681,46,solid_clouds/keyframe_539.pcd
9680,18.003473,15.86687,0,-126.803102,0;0;0;0;0;0;0.829059839;0.264957279;1.19658124;18.1538448;49.4957314;47.9658165;28.75214;34.0598335;27.7948742;22.2905979;25.7948723;48.5384636;42.5897446;17.2478638;16.9316235;8.16239357;11.7692308;60.3504295;17.9230766;20.7008553;13.1196585;70.2991486;17.3504276;6.55555582;0;0;0;0;0;0;0;0;0;0,11.1880341;13.8205118;8.41025639;10.7008543;7.64957285;7.9572649;4.75213671;5.82051277;14.9316235;10.7692308;20.9572659;25.0769234;28.9829082;33.4017105;8.1709404;0;0;0;0;0;0;0;0;0;0;0;0;0;0;0;0;0;0;0;0;0;0;0;0;0;0;0;0;0;0;9.89743614;24.8461552;33.9401703;41.5213699;32.4444427;35.9829063;37.7264977;35.8888893;37.1709442;12.333334;27.2905979;20.0598297;17.0427361;13.1196585;16.2820511,46,solid_clouds/keyframe_540.pcd
9760,18.011492,15.868451,0,-126.779977,0;0;0;0;0;0;1.51327431;0.902654886;1.68141592;17.9646015;52.2123909;50.2477875;29.0530968;34.9468994;28.4601746;23.362833;27.3805332;49.9292068;40.8318558;18.787611;17.4601765;7.46017742;10.2566376;58.7876091;19.6814156;21.3805313;14.4424782;66.7256622;18.7256641;6.70796442;0;0;0;0;0;0;0;0;0;0,11.929203;13.929204;8.76106262;11.0796461;7.46902704;7.92920399;4.91150475;5.75221252;15.3716812;11.2566376;22.8318577;25.8761044;28.8230076;35.8230057;8.32743359;0;0;0;0;0;0;0;0;0;0;0;0;0;0;0;0;0;0;0;0;0;0;0;0;0;0;0;0;0;0;12.3097343;25.1150436;33.4601784;41.1150436;33.0884933;36.8761063;36.4778748;31.9469013;39.4513245;13.1238937;27.424778;20.8407059;17.6283188;13.6194696;16.3539829,46,solid_clouds/keyframe_541.pcd
9840,18.004268,15.86688,0,-126.773645,0;0;0;0;0;0;0.895652175;0.295652151;2.2434783;19.7739124;52.3304367;47.8956566;28.3565235;35.6434784;27.391304;22.9217396;27.9913025;48.1304359;40.3217392;18.6434784;18.434782;8.1826086;11.6695652;54.9217415;20.9043484;21.6000004;13.1652174;69.0695648;16.2000008;3.60869551;0;0;0;0;0;0;0;0;0;0,12.913044;11.999999;8.52173805;10.4173908;7.73043489;7.8347826;4.88695621;6.9217391;15.5826073;11.478261;24.6000004;25.1130447;29.130434;35.2347794;8.63478279;0;0;0;0;0;0;0;0;0;0;0;0;0;0;0;0;0;0;0;0;0;0;0;0;0;0;0;0;0;0;11.0173912;24.913044;35.5304375;39.2608681;31.5565224;35.1391296;36.7478256;36.2782631;32.9304352;11.956521;26.6173916;20.4000015;17.5304337;13.4869566;16.2260857,46,solid_clouds/keyframe_542.pcd
9920,18.005816,15.86682,0,-126.829384,0;0;0;0;0;0;1.23008847;0.300884962;1.93805313;18.4690266;54.5929184;50.1150436;29.2300873;35.9734497;28.6814156;22.212389;28.0000019;51.3982239;41.1504402;21.1061954;17.3893814;8.31858444;13.6194687;58.4336319;20.6637173;24.1592922;11.5575218;63.707962;15.8672562;4.76991129;0;0;0;0;0;0;0;0;0;0,12.0973454;13.4424782;8.69026661;10.6283188;8.35398197;8;4.97345161;5.71681404;15.9557524;11.6725655;22.3451328;27.070797;27.9999981;37.0354004;8.38938046;0;0;0;0;0;0;0;0;0;0;0;0;0;0;0;0;0;0;0;0;0;0;0;0;0;0;0;0;0;0;11.424778;25.2300873;36.4336281;38.8672562;30.2477875;35.725666;36.495575;32.9469032;38.2389374;16.6194687;27.2477894;21.0353985;17.8230095;13.7256641;18.4513283,46,solid_clouds/keyframe_543.pcd
10000,18.268494,15.821382,0,5.111975,0;0;0.677685976;1.65289247;4.38842916;12.1570253;15.8512421;13.3553715;12.1487608;12.1735525;21.3305798;39.4793434;52.7933884;58.6033058;53.6694221;44.0909119;63.165287;84.6694183;64.3801651;42.9008217;51.4049606;35.9669418;36.0413246;17.6115704;8.77685928;0;0;0;0;0;0;0;0;0;0;0;0;0;0;0,53.0165291;61.3471107;19.4462814;33.4793396;9.53719044;4.42975235;5.36363602;6.76033115;15.925621;9.04132271;11.1900826;8.14049625;11.2975206;8.41322327;8.03305817;1.81818187;0;0;0;0;0;0;0;0;0;0;0;0;0;0;0;0;0;0;0;0;0;0;0;0;0;0;0;0;0;4.71900845;11.3553724;12.909091;19.8181839;30.8842945;32.9256172;42.2809906;46.6859512;52.3057861;41.5785141;35.6033058;49.6859512;29.710741;32.0578537;37.5289268,46,solid_clouds/keyframe_544.pcd
10080,22.3322,15.198721,0,-67.822885,0;0;0;0;0;0;0;0;24.272728;27.9870129;73.5584412;122.311684;70.0519485;72;53.3376579;38.5714264;25.1168823;10.2987013;6.27272749;3.93506479;0.818181813;0;0;0;0;0;0;0;0;0;0;0;0;0;0;0;0;0;0;0,17.3506508;24.454546;37.9220772;27.363636;21.2077904;15.4285717;18.9480515;25.0129852;9.62337685;10.7662334;7.16883087;8.49350739;8.89610386;23.2337666;15.5844154;3.90909076;0;0;0;0;0;0;0;0;0;0;0;0;0;0;0;0;0;0;0;0;0;0;0;0;0;0;0;0;0;12.7402592;20.9090919;24.3116875;17.3246746;15.3246756;13;17.0129871;15.8051949;14.2467537;15.5194807;14.3376627;18.2207794;16.9740276;13.5324678;23.9090919,46,solid_clouds/keyframe_545.pcd
10160,22.393054,15.242209,0,-138.547596,0;0;0;0;0;0;0.850340128;5.6938777;9.31972885;12.4829941;39.1972771;82.0408249;28.5850315;17;43.4965973;25.72789;14.7142849;12.8979597;13.8571434;17.2993202;15;12.9387751;18.6870747;10.0068026;6.9455781;8.73469353;13.1156464;18.6122456;1.19727886;1.97959185;4.06122446;8.41496658;41.0136032;7.51700687;21.6258507;10.6190472;50.4285736;7.14966011;0;0,12.5102043;14.6190481;8.8911562;12.5102034;11.530612;13.1156454;15.4013596;14.8231287;11.4489794;10.3401356;13.8571424;10.9455776;12.2108841;20.1020393;8.95918274;0;0;0;0;0;0;0;0;0;0;0;0;0;0;0;0;0;0;0;0;0;0;0;0;0;0;0;0;0;0;2.57823133;8.1088438;23.6870747;21.2925148;29.7278938;45.5102081;34.9591827;33.2857132;37.9659882;31.2789116;22.7687073;29.5306129;30.2585011;25.0204105;13.9727898,46,solid_clouds/keyframe_546.pcd
10240,22.38294,15.243739,0,-138.435866,0;0;0;0;0;0;1.10738254;5.75838947;10.6778526;11.986578;38.7046967;83.7047043;28.3422813;18.4966431;43.3422813;24.7114086;17.959734;10.7248325;16.9261742;15.8322144;14.1744967;11.6912756;17.8456383;12.489933;7.14093971;5.87919474;13.5704708;17.6375828;1.26174498;3.93288589;5.9530201;6.84563828;42.2885895;8.93959808;18.7583885;10.8724842;51.2684555;10.8993282;0.758389235;0,12.6711407;13.9463081;8.99328804;12.9194632;11.6442957;12.9395971;13.3020144;15.5906048;11.2281876;11.0805368;13.8456383;10.6845636;12.1677847;19.8993282;11.7516785;0;0;0;0;0;0;0;0;0;0;0;0;0;0;0;0;0;0;0;0;0;0;0;0;0;0;0;0;0;0;2.63087249;13.9127522;22.4429512;21.4295292;34.7919464;43.3825493;33;33.3892632;39.2214775;33.9932861;21.8791943;30.8523502;29.6644306;23.7650986;13.4630871,46,solid_clouds/keyframe_547.pcd
10320,22.394518,15.244713,0,-138.425772,0;0;0;0;0;0;1.09523821;5.91156483;10.6190481;13.4421759;40.136055;86.4217682;28.5102024;19.2040825;44.6462555;28.061224;17.5442162;9.36734676;16.0476189;17.2721081;16.8299313;12.0544214;18.4217682;12.938776;7.59183693;6.92516994;16.333334;20.1836739;1.33333337;2.97278929;4.41496611;7.29931974;46.850338;7.61904764;25.0340137;8.67346954;53.0476227;12.1224489;0;0,12.9251699;15;10.4489794;14.4897947;10.727891;13.1224489;12.7687073;15.5102043;11.4217691;13.1768713;14.2312927;10.7619047;12.7210884;20.3809528;13.2448969;0;0;0;0;0;0;0;0;0;0;0;0;0;0;0;0;0;0;0;0;0;0;0;0;0;0;0;0;0;0;2.80952358;11.3265295;25.0204067;21.0544224;32.6394577;48.5782356;36.6258507;35.5102043;41.1496582;36.1904793;25.2516994;32.2925148;31.2380962;24.5714302;13.7346935,46,solid_clouds/keyframe_548.pcd
10400,22.390127,15.244279,0,-138.410354,0;0;0;0;0;0;1.21830988;6.25352097;9.49295712;13.2887325;41.732399;87.4647827;28.5492954;18.1901398;44.7816963;26.8521118;19.1267605;9.3802824;16.7253532;16.8028183;15.6901407;12.2887325;17.8098602;12.6901407;7.68309832;6.15492964;15.0070429;13.1338034;2.96478868;1.95774651;5.08450699;8.81690121;44.330986;6.12676048;24.161972;9.29577446;56.084507;10.3169012;0;0,13.0211258;14.4577465;9.54225349;13.8943653;11.3943663;14.0140858;14.1971827;15.9788733;11.6549292;12.1760559;14.4577475;11.2112675;12.6830988;20.4507046;13.0281696;0;0;0;0;0;0;0;0;0;0;0;0;0;0;0;0;0;0;0;0;0;0;0;0;0;0;0;0;0;0;2.86619735;10.2112675;24.3661976;21.4014091;33.2042274;43.3169022;35.0422516;36.8591537;37.5352097;35.0070419;24.5281696;32.4436607;30.176054;26.1126766;14.2253523,46,solid_clouds/keyframe_549.pcd
10480,22.391757,15.234817,0,-138.590599,0;0;0;0;0;0;1.09859157;5.94366169;8.80281639;13.661972;40.4718323;81.3450699;29.6267605;19.7394371;44.8873253;26.338028;14.3521128;11.6690149;18.1901417;17.9507027;15.5563383;11.6197186;18.8943653;12.3802814;8.45774651;5.57746506;15.3943672;13.0704231;1.35211265;2.97887325;6.11971855;6.11267614;43.1901398;9.35211277;27.330986;11.4084511;52.3873253;9.24647903;0;0,12.9084501;15.8239431;9.46478844;13.8802814;10.8169012;12.5422535;13.9366198;14.5563374;12.3028164;12.084507;14.2394371;10.6126747;13.2746477;19.9084492;11.1408453;0;0;0;0;0;0;0;0;0;0;0;0;0;0;0;0;0;0;0;0;0;0;0;0;0;0;0;0;0;0;2.82394361;11.5774651;23.4718304;18.2183094;37.1760559;44.5422516;33.6126747;36.1830978;41.0492973;33.4436646;22.6197186;32.2042236;31.4014091;25.0352116;13.6549301,46,solid_clouds/keyframe_550.pcd
10560,22.398281,15.246187,0,-138.355491,0;0;0;0;0;0;2.1548388;5.38709688;8.07741928;14.2967739;42.935482;73.4580688;30.3096771;19.5354824;42.72258;22.9032288;19.27742;12.0193548;16.0387096;17.754837;15.7741938;9.2838707;17.2838726;7.74193478;6.1935482;5.60000038;16.4774189;12.6193542;0.625806451;0;7.0967741;7.37419367;49.1096764;9.01290321;17.72258;13.754838;44.6064529;4.42580652;0;0,12.8387098;14.7612906;10.2451611;12.6516142;9.7677412;10.3870964;13.7612906;14.7741928;11.0580635;9.77419281;13.5032253;10.3999987;12.0903234;18.6193542;14.3806458;0;0;0;0;0;0;0;0;0;0;0;0;0;0;0;0;0;0;0;0;0;0;0;0;0;0;0;0;0;0;3.05161262;13.3999996;20.2516136;19.8903217;32.3677406;44.3354836;34.935482;36.63871;34.1935463;26.606451;22.3677406;27.4645176;31.6516132;22.3225803;13.0838718,46,solid_clouds/keyframe_551.pcd
11120,24.560378,13.611357,0,134.873213,0;0;0;0;0;0;0;8.08771992;16.9356709;23.2514629;17.0292397;41.2748566;33.3040924;35.251461;22.9415169;31.2339172;55.6315765;76.2222214;47.2982445;20.5497055;10.5614042;9.69005871;5.10526323;17.16959;21.6140347;20.9005852;6.30994177;12.1461983;8.37426853;1.42690063;5.03508806;9.90643311;2.84795332;0;3.74853802;10.2690048;23.2222214;23.9122791;11.4210529;12.5204678,28.8888893;38.6081848;40.3508759;42.2456131;21.2339191;19.3976593;24.9883022;11.7543859;27.3684196;32.0058479;28.1345024;20.5497074;14.8596487;10.3040934;4.40350866;0;0;0;0;0;0;0;0;0;0;0;0;0;0;0;0;0;0;0;0;0;0;0;0;0;0;0;0;0;0;8.70175457;14.8245621;20.7836266;17.0175438;25.3040943;17.7602329;17.1169586;12.2280693;22.9766083;21.0935688;21.2339211;29.5614014;22.1929817;15.2397661;14.0643272,46,solid_clouds/keyframe_552.pcd
11200,24.576444,13.604958,0,134.873287,0;0;0;0;0;0;0;8.96319008;17.3619633;24.8343544;18.9141102;45.8895721;33.5153389;39.7791405;28.527607;30.8773003;53.4233131;84.3742371;46.4233131;23.6993866;13.9693251;9.84662628;7.33128834;17.957056;21.2453995;19.7668705;5.66871166;13.9693251;8.75460052;0.748466253;3.51533723;9.82208538;2.89570546;0;6.24539852;11.4478521;24.8159504;26.6503067;9.40490723;11.0736198,33.472393;36.3680954;38.527607;49.8404922;24.6319027;19.6134968;26.5460129;11.1165648;25.1411057;32.8343544;27.1042938;22.9202461;15.509203;11.0736198;5.3496933;0;0;0;0;0;0;0;0;0;0;0;0;0;0;0;0;0;0;0;0;0;0;0;0;0;0;0;0;0;0;9.16564369;15.9079762;21.4233131;17.6196308;25.7239246;20.8834362;18.6134968;13.3742332;24.1533737;25.1411037;23.1226997;27.8159523;26.4785252;15.6196327;16.6196327,46,solid_clouds/keyframe_553.pcd
11280,24.559142,13.610065,0,134.883271,0;0;0;0;0;0;0;7.9464283;19.5535717;25.0595245;17.4345264;45.2202377;32.1190491;38.7916641;26.5773792;34.4404755;53.4523811;83.0238037;47.2916641;22.9166679;10.7321434;11.2678576;6.1785717;16.2797604;20.5357132;19.8809528;6.34523821;13.0476198;8.52380943;0.738095224;5.36904764;7.26190472;4.78571415;0;6.10714293;11.1071434;23.9345245;25.5714283;14.2678576;12.0476198,31.827383;36.5297623;38.2976189;47.1369057;24.8035717;18.9404755;28.1964264;12.9404764;26.172617;32.3869019;29.3928566;23.875;16.6428566;10.3154764;4.53571415;0;0;0;0;0;0;0;0;0;0;0;0;0;0;0;0;0;0;0;0;0;0;0;0;0;0;0;0;0;0;8.22619057;16.0773811;20.9345245;17.5297623;24.583334;18.9702377;18.4523811;15.6904774;23.75;25.416666;22.1309528;29.1964302;21.6607132;17.0714302;16.125,46,solid_clouds/keyframe_554.pcd
11360,24.025194,12.057648,0,-114.094296,0;0;0;7.30769253;5.25;33.2307701;25.5192299;27.6538467;39.8076935;17.25;29.5576878;4.13461494;7.44230747;7.05769205;9.88461494;13.8846149;12.9230766;9.59615421;7.40384626;1.05769229;0.615384638;0.423076928;0;0;0;0;0.423076928;0;0.423076928;0;1.96153843;3.86538458;1.92307687;7.86538458;0;7.86538458;21.0384617;1.94230771;1;28.3269234,4.80769253;5.94230795;4.03846121;5.92307711;2.61538458;1.96153855;2.28846145;2.23076892;5.19230747;8.42307663;9.07692337;11.9807692;6.51923037;13.25;8.05769253;3.5;0;0;0;0;0;0;0;0;0;0;0;0;0;0;0;0;0;0;0;0;0;0;0;0;0;0;0;0;0;8.21153831;10.75;33.634613;30.9230766;36.5769196;24.1346149;22.4807701;13.6730766;10.4038467;16.7307682;8.38461494;8.55769253;7.17307663;4.98076916;4.21153831,46,solid_clouds/keyframe_555.pcd
11440,23.789798,11.662213,0,147.254885,0;0;0;0;1.64356434;3.32178211;7.3514843;10.1237621;5.0594058;3.70792055;5.11881208;18.7722797;25.3415852;27.6386127;32.1534653;20.0693073;20.3861389;29.8861408;19.9554482;32.9257393;25.4950504;66.6089096;24.1287117;17.7425747;30.9702969;34.7277222;18.9306927;14.2871294;12.0495052;4.7970295;5.19306946;18.905941;8.3613863;9.99009895;14.7227726;18.0891094;30.3762398;13.9009905;35.6831703;22.7524757,58.311882;56.3168335;25.4554462;23.0445557;24.8267345;28.1930695;26.4356422;15.1980209;6.11386108;5.29702997;3.14356422;4.12376261;4.42079258;1.56930697;0.0198019799;0;0;0;0;0;0;0;0;0;0;0;0;0;0;0;0;0;0;0;0;0;0;0;0;0;0;0;0;0;0;25.2475243;23.4504948;20.8663368;24.0297031;23.8217831;27.2029705;26.3465347;24.3366337;12.60396;13.103961;25.9009914;27.4257431;38.4009895;46.623764;49.3366318,46,solid_clouds/keyframe_556.pcd
11520,23.784676,11.654933,0,147.284691,0;0;0;0;1.34210539;4.48421049;6.87368393;10.047368;5.38421059;4.07894707;5.00526285;19.9315815;23.9631577;28.5947361;35.1789474;19.8526287;19.7684212;34.3526306;22.6421032;34.0999985;28.0526314;68.878952;23.6842117;21.094738;26.1999989;35.0052643;24.8789482;13.7947369;13.8315783;5.96315765;6.20000029;19.5684223;7.09473705;9.52631569;14.5894737;18.452631;33.6210518;13.6526318;34.3789482;21.2736855,62.6947403;51.0421028;27.610527;25;23.3684216;32.5894737;28.1157894;15.4105272;6.44210482;5.56842041;3.23157883;5.56842041;3.91052651;1.27368414;0.0210526325;0;0;0;0;0;0;0;0;0;0;0;0;0;0;0;0;0;0;0;0;0;0;0;0;0;0;0;0;0;0;27.1052628;22.8315773;20.2368431;23.8736839;25.6157913;29.6052628;28.4263172;24.094738;13.8000011;13.6789484;24.5105305;28.2263165;40.0631599;50.5315781;50.8947372,46,solid_clouds/keyframe_557.pcd
11600,23.789456,11.65899,0,147.24299,0;0.00515463902;0;0;1.23711336;3.89690733;6.33505106;10.0567007;5.09278393;4.72164965;5.06700993;19.5824718;21.6855679;29.3659782;33.0927811;22.1958752;18.28866;30.8917522;22.1546383;32.5051537;29.1443291;66.5463867;20.3247414;22.8608246;30.0773201;34.6288681;18.9948444;12.7835054;13.237113;5.90721703;5.29381466;19.3917522;7.93299007;9.97938156;13.525773;17.907217;32.4587631;13.4793816;35.5206184;22.6855679,60.1340218;54.7010307;26.9175262;22.1804123;24.6701031;29.7061863;27.7319584;15.381443;6.21649456;5.46907187;2.40206194;5.14948463;4.15463877;0.979381442;0.0154639166;0;0;0;0;0;0;0;0;0;0;0;0;0;0;0;0;0;0;0;0;0;0;0;0;0;0;0;0;0;0;25.3711338;21.474226;20.5463905;21.9226799;26.4020615;28.7268009;27.9432964;24.6546383;13.4793825;13.5773201;23.4123707;32.6752548;38.5773201;47.1958771;47.0876274,46,solid_clouds/keyframe_558.pcd
11680,23.784929,11.661582,0,147.266275,0;0;0;0;1.52040815;4.59693909;6.09183693;10.6071444;5.49489832;3.79591846;5.34693909;19.2806149;21.658165;27.0459194;34.3469391;19.4030628;18.2704086;31.0867367;22.3061237;30.0459175;26.9438782;65.8571472;21.8061218;19.4336739;27.0408154;33.7091827;22.8673458;14.1581631;15.1581631;5.85714293;3.55612254;13.6224489;7.86224508;8.99489784;15.188776;17.9438782;32.6836739;18.7857132;32.7755089;23.3418369,61.1938782;54.4489822;28.6683674;23.7193871;18.622448;32.3367348;27.3928566;15.7704086;6.11734772;5.41326571;2.92346954;5.39795971;4.39795971;0.887755096;0.0153061226;0;0;0;0;0;0;0;0;0;0;0;0;0;0;0;0;0;0;0;0;0;0;0;0;0;0;0;0;0;0;24.9846935;20.5102043;21.1938782;22.3979588;26.3112259;24.3826542;26.4540806;23.188776;12.6479588;12.9897957;24.2857151;28.3622437;37.3214302;48.3571434;47.7908134,46,solid_clouds/keyframe_559.pcd
11760,23.789141,11.664947,0,147.283687,0;0;0;0;1.66497469;4.53299475;6.72588873;9.53299522;5.48223352;4.04568529;5.5025382;19.4923859;23.0913715;27.8781719;33.3857841;18.8578682;19.9340115;32.7918739;21.3197937;29.3553295;25.771574;65.898468;27.2741127;22.7208138;27.7208138;33.9492378;23.5786781;13.5583754;14.9543152;4.65989876;0;13.6497459;5.24873114;13.2487316;13.9898472;17.0456848;27.7208118;14.3604059;36.0355339;23.7868004,59.1065979;56.0862923;24.6700497;19.5279198;20.7918777;31.446701;28.1065998;15.8578672;6.48223305;5.39086246;2.93401003;5.15228367;4.30964422;1.0304569;0.0152284261;0;0;0;0;0;0;0;0;0;0;0;0;0;0;0;0;0;0;0;0;0;0;0;0;0;0;0;0;0;0;23.1675129;21.2639599;21.1624374;23.2690353;24.5888329;28.8172588;27.3350277;22.8223343;13.1319799;13.0203047;24.0253792;30.4111671;37.1522827;48.4314728;49.2588806,46,solid_clouds/keyframe_560.pcd
11840,23.7869,11.650453,0,147.241192,0;0;0;0;1.70618546;3.92268038;8.09278297;10.9896908;5.18041229;4.01030922;6.00515461;28.118557;22.567009;28.8453636;31.4072151;18.1701012;20.6958771;29.5206184;21.9845371;29.4381447;25.6804142;63.8144379;23.5154648;18.5567017;28.0567017;31.118557;16.1855659;16.8247414;12.1082478;3.88659787;0;13.28866;10.1804123;9.84536076;13.3453617;21.6752586;29.1597939;15.7216492;35.2422676;18.8556709,60.0515442;54.9175262;28.5773201;22.4793816;18.1082478;31.4587631;26.9381447;15.1134014;5.87628889;5.87628794;3.27835059;4.50515461;5.31443262;1.14432979;0.0154639166;0;0;0;0;0;0;0;0;0;0;0;0;0;0;0;0;0;0;0;0;0;0;0;0;0;0;0;0;0;0;24.5309296;20.4639168;21.9175262;24.525774;22.8556728;26.7319584;28.1237106;23.3041248;11.1597948;13.3917522;20.9226799;25.6494865;35.2938156;46.6237106;48.567009,46,solid_clouds/keyframe_561.pcd
11920,21.245276,12.580822,0,154.85879,0;0;0.0747126415;1.19540226;2.85632181;6.83908081;1.7816093;6.10919571;2.65517259;30.8505726;30.5;26.2528725;13.2183914;2.69540238;5.32183886;18.4885063;20.931036;16.7356319;39.4885025;44.3678131;46.0574722;28.6206894;19.3620682;12.7241364;4.88505745;6.17241383;13.8965521;8.60919571;20.034483;16.2816086;36.603447;36.4080429;19.6379299;62.4252853;66.9827576;24.7528725;0;0;0;0,78.0057526;46.1609192;41.9770126;41.6954002;17.5919533;38.4712677;12.9885063;11.3103447;5.30459738;6.60344839;2.81034493;2.49425292;4.69540215;1.17241383;1.00574708;0;0;0;0;0;0;0;0;0;0;0;0;0;0;0;0;0;0;0;0;0;0;0;0;0;0;0;0;0;0;18.034483;10.5632181;5.98275852;8.08045959;5.89655161;11.5229874;26.603447;25.4310341;29.6896553;17.1206894;36.8850555;30.5977001;37.7413788;48.298851;69.0804596,46,solid_clouds/keyframe_562.pcd
12000,19.33479,13.367198,0,160.736755,0;0;0;0;1;5.45562124;13.2130175;9.68047428;23.8284016;19.0828362;12.6804743;12.9112425;24.2426033;19.4497051;17.4615383;37.1361008;90.1893463;69.615387;34.7514801;26.2544365;11.0887566;8.38461494;12.4201183;24.136095;22.2721901;20.698225;50.04142;47.1715965;25.1479282;55.2011833;55.2721863;19.0591717;0;0;0;0;0;0;0;0,61.9349098;52.0177536;47.1538467;44.5857964;29.7159748;30.0946732;19.9349098;11.7869825;7.53254414;3.56213021;2.43786979;4.63905334;2.82840252;3.36094666;1.11834323;0;0;0;0;0;0;0;0;0;0;0;0;0;0;0;0;0;0;0;0;0;0;0;0;0;0;0;0;0;0;8.21301746;24.3372746;20.3136101;19.7041435;16.8402367;21.0177517;15.8047333;26.1479263;32.2011833;25.4970398;27.1420116;30.2426033;46.4733734;59.3136101;71.893486,46,solid_clouds/keyframe_563.pcd
12080,15.000742,13.505604,0,172.888638,0;0;0;0.434343457;2.090909;8.60606098;4.91919184;10.5858574;5.04040384;13.2323227;15.3939371;36.3434372;13.878788;6.73737383;13.030303;50.6565628;50.7070656;32.1414146;46.7777786;33.8787842;38.6262627;56.9393921;72.7373734;10.6464653;0;0;0;0;0;0;0;0;0;0;0;0;0;0;0;15.9191914,24.8585854;32.7979813;49.5757561;29.2323227;13.39394;6.14141417;5.4545455;2.65656543;4.58585882;1.12121201;3.23232341;2.29292917;2.08080816;2.61616182;0;0;0;0;0;0;0;0;0;0;0;0;0;0;0;0;0;0;0;0;0;0;0;0;0;0;0;0;0;0;0;17.5353527;13.90909;19.8484859;14.6565657;11.000001;22.969696;23;20.4444447;30.3030281;38.9090881;37.1111069;30.1414127;33.1616135;32.363636;13.9292936,46,solid_clouds/keyframe_564.pcd
12160,11.788366,13.780699,0,176.139794,0;0;0;0;4.58536577;4.5;4.57317066;0.158536583;13.5121946;17.6951218;16.3292675;40.4999962;58.6219482;35.5365868;110.378044;67.9756088;54.7926826;23.5;3.95121956;1.97560978;0;0;0;0;0;0;0;0;0;0;0;0;0;0;1.39024389;6.40243912;11.6219511;10.439024;5.21951199;5.21951199,13.658536;18.9512196;44.8414612;16.1829281;13.4878035;35.8048782;26.7317047;2.26829267;1.7195121;1.7195121;0.0365853645;1.86585367;1.902439;1.80487812;0.0365853645;0;0;0;0;0;0;0;0;0;0;0;0;0;0;0;0;0;0;0;0;0;0;0;0;0;0;0;0;0;0;15.6951227;12.8292685;11.3048782;19.5365868;23.3292675;18.8292675;18.8292694;21.6707306;22.8780479;27.5121956;31.4512177;26.2560959;18.1829262;21.3292675;28.2317066,46,solid_clouds/keyframe_565.pcd
13520,-1.209744,-8.291276,0,131.342847,0;0;0.962962985;1.25925934;0.283950627;5.35802507;4.50617313;4.6419754;6.24691391;3.45678997;6.28395033;89.9135742;87.2592621;14.4320993;16.8641968;3.3580246;9.09876537;8.38271618;20.4320965;18.8641987;12.4814816;6.53086424;20.7654324;14.2839499;33.086422;19.7777786;7.16049385;0.666666687;2.18518519;1.69135809;1.45679009;0;0;0;0;0;0;5.88888884;6.85185194;5.22222185,15.4567909;15.1851864;4.98765469;13.3086414;9.11111164;10.2716045;11.0740738;15.8888903;10.1234579;13.1358032;10.4444456;11.0123463;11.0493832;11.9135799;8.6419754;0;0;0;0;0;0;0;0;0;0;0;0;0;0;0;0;0;0;0;0;0;0;0;0;0;0;0;0;0;0;2.13580227;6.64197588;6.38271666;13.6913595;33.1975327;14.9876547;0;17.3209896;19.3827171;21.6790142;23.7160492;33.7037048;29.9629631;28.2345695;17.0123463,46,solid_clouds/keyframe_566.pcd
14560,-4.868371,-10.113541,0,76.561316,0;0;0.634146333;1.59756088;1.69512188;6.98780441;9.75609779;7.1219511;15.6707306;24.9146347;31.8170738;16.4268284;13.7926826;16.7804871;12.8658543;19.5853653;7.60975599;18.3536587;8.92682934;6.5853653;11.3170738;3.86585355;4.73170757;11.5975609;13.2804871;11.3536587;4.39024353;21.3902435;18.9024391;8.14634132;15.1341457;11.1585369;3.97560978;32.0731697;6.89024353;0;0;0;0;0,0.47560975;15.7926826;37.1341438;30.597559;7.21951199;7.41463375;5.80487823;4.98780489;5.90243912;3.92682886;3.41463399;5.06097507;2.24390244;1.15853655;0.51219511;0;0;0;0;0;0;0;0;0;0;0;0;0;0;0;0;0;0;0;0;0;0;0;0;0;0;0;0;0;0;7.76829243;10.1219501;5.60975647;6.24390268;7.5853653;4.98780489;7.8292675;11.4390259;14.7073183;18.7195129;27.8292675;33.0975609;37.0853653;24.7317066;49.9268265,46,solid_clouds/keyframe_567.pcd
14640,-4.887589,-10.120566,0,76.484767,0;0;0.434210539;1.31578946;1.67105269;7.1842103;9.89473629;7.8157897;9.93421078;21.7236843;36.0526314;17.8026314;14.5;17.0394745;14.2631569;19.0131588;9.55263138;14.1842098;9.69736862;8.5;10.2631588;2.85526323;9.27631569;8.53947353;15.7105265;12.4078951;5.59210539;18.0789471;19.0394745;9;12.8684216;9.96052647;2.97368431;33.6315765;6.5;0;0;0;0;0,0.289473683;16.6315784;35.0789452;33.9868431;7.34210491;8.09210491;5.34210587;5.5657897;6.32894754;3.97368407;3.48684216;5.11842108;2.34210515;1.38157892;0.197368413;0;0;0;0;0;0;0;0;0;0;0;0;0;0;0;0;0;0;0;0;0;0;0;0;0;0;0;0;0;0;3.65789461;7.34210491;6.23684216;6.46052599;8.0131588;5.52631569;7.71052647;10.3815784;16.9078941;18.171051;27.2500019;32.6447411;33.5526352;23.7368431;54.5263138,46,solid_clouds/keyframe_568.pcd
14720,-4.871432,-10.109074,0,76.541848,0;0;0.727272749;2;1.36363626;7.62337637;9.88311672;7.14285707;10.0519476;20.5844154;34.8831139;16.6883125;14.9090919;16.818182;12.7662334;20.7272701;10.1818171;15.8571424;9.4285717;6.80519485;11.0519466;3;6.77922106;10.2857151;13.5974026;10.5324678;5.5454545;21.2467518;17.7142868;7.29870129;16.0259743;8.77921963;3.92207789;31.5974026;7.090909;0;0;0;0;0,0.545454562;15.2467518;36.4155884;32.012989;7.1168828;7.80519485;5.6623373;5.24675322;5.81818199;4;3.49350643;5.0259738;2.62337637;1.36363637;0.077922076;0;0;0;0;0;0;0;0;0;0;0;0;0;0;0;0;0;0;0;0;0;0;0;0;0;0;0;0;0;0;3.5584414;7.1168828;5.6623373;6.2337656;7.88311672;5.20779133;8.15584469;10.2857151;16.0779228;19.2207775;28.09091;31.8181801;35.805191;24.8961029;50.4415588,46,solid_clouds/keyframe_569.pcd
14800,-4.877518,-10.117207,0,76.50792,0;0;0.639999986;1.45333326;5.25333309;5.26666689;9.98666573;7.14666653;10.1466665;20.4933338;37.1333313;16.6133327;16.5066662;15.9333344;13.6533327;19.9733353;9.43999958;17.6000004;7.40000057;7.5999999;9.9333334;3.27999997;7.4533329;10.4533329;12.6933336;14.8933334;7.45333385;19.3733349;18.2800007;9.38666725;16.6399994;10.960001;2.92000008;32.0933342;6.5999999;0;0;0;0;0,0.479999989;19.5066681;36.2266655;33.546669;7.22666645;7.74666643;5.23999977;5.89333344;5.67999983;3.99999976;3.45333338;4.43999958;4.25333309;2.01333332;0.0933333337;0;0;0;0;0;0;0;0;0;0;0;0;0;0;0;0;0;0;0;0;0;0;0;0;0;0;0;0;0;0;3.66666675;7.22666645;5.07999992;6.76000023;8.22666645;5.28000021;8.23999977;11.4933319;15.8800001;18.5999985;26.9466705;30.2666702;37.6266708;24.2800007;55.2799988,46,solid_clouds/keyframe_570.pcd
14880,-4.971116,-10.062965,0,137.240683,0;0;5.76923084;7.42307711;4.11538458;7.4807682;8.03846169;8.80769157;7.00000095;9.38461494;5.28846169;4.46153831;2.71153831;2.76923084;3.80769229;4.05769253;0;12.4423084;2;1.48076916;3.42307687;1.88461542;1.5;8.8653841;6.78846121;4.55769253;6.23076916;12.9230766;5.57692289;3.44230747;9.84615326;10.0192299;0;16.6153831;4.65384626;0;0;0;0;0,4.48076916;3.32692313;2.01923084;3.5192306;1.11538458;1.84615386;1.67307687;1.48076928;0.519230783;1.46153855;1.46153855;1.44230759;0;1.28846157;1.57692301;0;0;0;0;0;0;0;0;0;0;0;0;0;0;0;0;0;0;0;0;0;0;0;0;0;0;0;0;0;0;10.4807701;15.9230776;20.2115364;19.6923084;21.8269234;0;10.0192308;26.0576916;15.9038458;3.19230771;7.90384674;2.96153855;3.80769253;4.76923037;3.40384626,46,solid_clouds/keyframe_571.pcd
14960,-5.894933,-8.04633,0,13.594784,0;0;0.13333334;0.333333343;1.23333335;4.58888865;3.04444432;3.18888903;1.20000017;12.4888887;8.70000076;11.8222218;78.9666595;60.1666641;35.9888878;25.744442;17.7777786;20.6777782;24.0222225;14.1444454;14.0777779;9.60000038;7.74444437;8.77777767;5.45555592;0.800000012;7.26666641;6.62222195;6.34444427;0;0;4.22222233;11.1555557;9.0666666;5.92222214;0;0;0.555555582;0;0,15.0444441;11.9222231;31.7000027;27.7888889;34.0666656;35.2777786;18.9999981;36.3000031;18.7222214;4.85555553;7.28888845;20.4555569;2.25555563;0.855555534;0;0;0;0;0;0;0;0;0;0;0;0;0;0;0;0;0;0;0;0;0;0;0;0;0;0;0;0;0;0;0;3.24444437;9.52222157;4.13333321;10.1888885;13.7666674;11.0888891;10.1111116;11.9888887;13.2777777;8.86666679;10.2555552;8.52222252;15.0111103;11.1555557;15.166667,46,solid_clouds/keyframe_572.pcd
15040,-5.829079,-8.070118,0,27.453103,0;0;0.405063301;0.493670881;4.08860731;9.41772175;3.60759473;1.49367082;1.67088616;5.24050617;15.4683542;13.4177227;88.1012726;69.0632935;27.1645565;23.4177208;14.2784805;15.7341776;21.7594948;6.15189886;6.88607597;12.6075954;9.88607597;9.87341785;4.67088604;1;9.34177208;7.77215195;10.5443039;0;0;6.73417759;15.9240503;13.2025318;5.96202564;0;0;0;0;0,35.5569649;11.113925;35.9620247;21.7468357;25.0632915;37.8101273;24.7341766;0;0;31.8481007;4.24050617;2.84810114;3.88607597;1.24050641;0.113924049;0;0;0;0;0;0;0;0;0;0;0;0;0;0;0;0;0;0;0;0;0;0;0;0;0;0;0;0;0;0;5.98734188;13.7848091;15.1265812;19.3670883;15.1265812;11.8101273;11.1012659;17.2278481;10.6835442;7.88607597;15.3291149;12.1898727;12.0506325;15.7088604;15.8354435,46,solid_clouds/keyframe_573.pcd
15120,-5.836671,-8.088171,0,27.49578,0;0;0.395061731;0.469135821;3.37037039;9.75308704;3.30864191;2.6790123;0.975308657;5.45679092;14.2716055;12.6913586;82.5308685;66.8518524;26.666666;22.1728382;12.9876537;13.333334;21.9629631;5.55555582;7.43209839;10.4444447;9.77777767;9.53086472;4.59259272;0;10.1481485;6.07407427;10.3580256;0;0;6.41975307;14.2345686;15.2839508;5.87654352;0;0;0;0;0,33.0864182;10.8888893;36.2222214;20.333334;22.9999981;35.8518486;23.0493832;0;0;27.7283974;4.85185242;3.13580227;3.938272;0.679012358;0.135802463;0;0;0;0;0;0;0;0;0;0;0;0;0;0;0;0;0;0;0;0;0;0;0;0;0;0;0;0;0;0;9.17284012;12.8518524;14.3580246;20.1358032;15.123457;10.6296301;10.1481485;15.5925913;10.3580246;7.95061731;13.3703699;11.3086424;11.6296301;14.3703699;15.7037029,46,solid_clouds/keyframe_574.pcd
15200,-4.697713,-5.625429,0,69.575019,0;0;2.18181825;1.18181813;3.67676759;2.11111116;4.85858583;0.727272749;0.121212125;10.4646473;35.7373772;23.3232327;5.95959568;10.696969;19.3030281;11.5252523;10.9494953;20.4343433;10.696969;8.45454502;5.01010132;3.30303025;0;0.474747479;8.33333302;2.21212125;0.73737371;15.090909;11.515152;9.95959568;10.303031;10.3434343;0;1;3.83838367;11.1919193;15.4444447;35;74.4747467;0,42.5252533;42.0404053;46.7070732;24.7171726;15.515151;8.030303;3.52525234;2.24242377;0.0202020202;1.06060612;0.808080792;0.0808080807;0.707070649;0.707070589;0;0;0;0;0;0;0;0;0;0;0;0;0;0;0;0;0;0;0;0;0;0;0;0;0;0;0;0;0;0;0;3.69696951;7.68686819;5.28282785;5.46464586;7.81818199;6.4242425;13.4949493;14.121212;15.575758;35.9797974;16.4444447;7.53535366;12.212121;18.7777767;41.4343414,46,solid_clouds/keyframe_575.pcd
15280,-4.155774,-4.914793,0,-33.831409,0;0;0;0;0;0.426470608;0.588235319;9.16176414;5.85294151;21.6911774;47.455883;39.2794151;47.4558792;39.1470604;54.5882339;46.6764679;43.1029396;0;0;11.4411774;0;0;0;0;0;5.67647076;18.75;10.3088236;5.44117641;9.23529434;5.89705849;1.66176462;2.61764693;1.66176462;0;0;0;0;0;0,9.91176605;13.294117;7.41176462;7.22058821;8.47058773;8;5.95588207;10.8529415;16.5588226;8.61764717;16.955883;28.9117661;10.6029415;14.500001;6.86764669;0;0;0;0;0;0;0;0;0;0;0;0;0;0;0;0;0;0;0;0;0;0;0;0;0;0;0;0;0;0;14.5588236;10.1617641;15.5147066;14.7352953;17.7794132;14.4117641;18.4852943;19.4999981;20.8676491;19.3970585;22.4117661;25.2500019;14.7352934;9.61764717;16.5588226,46,solid_clouds/keyframe_576.pcd
15360,-4.157051,-4.908306,0,-33.871952,0;0.0142857144;0;0;0;0.414285719;0.45714286;8.82857132;5.30000019;20.2285709;46.1857147;38.8571434;49.1285706;37.2428589;53.9142838;44.4571419;42.3142853;0;0;10.3428574;0;0;0;0;0;5.5;17.6714287;10.5714283;5.21428585;9.68571472;5.72857141;1.62857151;2.4000001;1;0;0;0;0;0;0,9.6428566;13.4000006;6.75714302;6.21428633;8.55714321;7.62857199;4.97142887;11.6000004;16.2857132;8.72857189;16.485714;27.7999992;10.5285721;13.5714283;6.54285717;0;0;0;0;0;0;0;0;0;0;0;0;0;0;0;0;0;0;0;0;0;0;0;0;0;0;0;0;0;0;14.27143;9.95714283;15.257143;14.485714;17.5;14.0571423;17.4285717;19.1571445;20.1285725;17.9000015;22.0428581;24.7142849;14.4714289;11.6571426;15.3428583,46,solid_clouds/keyframe_577.pcd
15440,-4.156219,-4.905222,0,-33.865941,0;6.04761887;0.253968269;0;0;1.66666675;1.60317457;15.7142868;6.55555534;20.1111107;48.5873032;30.7142849;36.1269836;24.317461;43.7142868;42.0317497;32.7777786;0;0;10.317461;0;0;0;0;0;5.4285717;16.8095245;10.0793657;4.71428585;11.5555563;5.6984129;1.74603176;1.49206352;0;0;0;0;0;0;0,16.5238094;12.2857151;6.07936478;6.92063475;8.76190376;7.80952358;5.12698412;10.9206352;16.4126987;10.3809519;14.6349211;28.4920635;8.79365063;13.4126987;6.74603176;0;0;0;0;0;0;0;0;0;0;0;0;0;0;0;0;0;0;0;0;0;0;0;0;0;0;0;0;0;0;13.7777777;9.58730125;15.4761915;14;17.1111126;13.7777777;17.6190491;18.7936516;18.666666;18.0793648;17.3968239;14.6984129;1.50793648;4.09523821;10.1746025,46,solid_clouds/keyframe_578.pcd
15520,-4.154519,-4.895362,0,-33.935121,0;0;0;0;0;0.402985096;0.358208954;8.98507404;5.85074615;22.7164154;43.8358192;38.5373116;50.2089539;41.6268654;54.9850769;46.5970078;44.4328346;0;0;11.6119404;0;0;0;0;0;5.74626875;17.3880596;10.6268654;5.47761202;11.1492529;5.9104476;2.64179111;2.64179111;0;0;0;0;0;0;0,9.10447788;12.5820904;7.31343317;6.16417885;8.20895481;8.08955193;4.88059711;11.3134327;17.3134327;9.08955193;17.9104481;29.6716423;9.19402981;14.5820894;6.88059711;0;0;0;0;0;0;0;0;0;0;0;0;0;0;0;0;0;0;0;0;0;0;0;0;0;0;0;0;0;0;14.7313442;10.3134336;16.5522385;15.6865664;17.7611942;14.2238808;19.1791058;18.7910461;20.1492558;20.2537308;23.5373135;26.4626846;15.7910461;10.985075;15.014926,46,solid_clouds/keyframe_579.pcd
15600,-4.160305,-4.897252,0,-24.05193,0;0;0;0;0;0.393442631;0.163934425;13.7868862;5.98360682;21.9508209;58.4917984;17.852459;36.3442574;46.5901604;47.6557388;46.4098358;36.7868843;1.42622948;0;10.2950821;0;0;0;0;4.24590158;12.0655737;12.7540989;11.9344263;8.78688526;7.62295055;10.5901642;0;0;0;0;0;0;0;0;0,6.70491838;12.2786884;8.24590206;4.29508209;6.80327892;15.0163937;17.0655746;0.72131145;23.3934422;31.6721306;20.1475391;8.39344215;11.5081968;17.8688545;6.18032789;0;0;0;0;0;0;0;0;0;0;0;0;0;0;0;0;0;0;0;0;0;0;0;0;0;0;0;0;0;5.55737686;16.9836063;11.7377052;11.852459;12.2131147;18.7049198;12.1967211;15.9180326;20.852459;24.9672127;16.9180336;15.8688526;10.1311474;5.44262314;12.7213116;9.7704916,46,solid_clouds/keyframe_580.pcd
15680,-4.480044,-2.522359,0,92.757831,0;1.44285715;1.72857153;1.35714293;2.45714259;16.3857136;10.6714277;12.0285711;6.77142859;15.5;15.8571434;13.4142847;10.014286;6;1.28571427;3.45714283;4.67142868;6.24285746;3.62857151;0;0;0;0;0;0.642857134;0;0;0;8.31428623;11.9285717;13.2142868;47.4714279;57.4428558;4.17142868;0;0;0;0;0;0,21.3428574;8.51428509;5.44285679;3.78571439;0.385714293;0.871428609;1.35714293;0.857142925;0;0.871428609;0;0.785714269;0.657142878;0;0;0;0;0;0;0;0;0;0;0;0;0;0;0;0;0;0;0;0;0;0;0;0;0;0;0;0;0;0;0;0;2.62857127;4.47142839;4.64285707;2.70000005;4.04285717;7.95714235;7.5;7.88571405;14.485713;25.742857;25.9571438;28.4714279;26.7857132;39.6285667;28.3285694,46,solid_clouds/keyframe_581.pcd
15760,-4.342528,-1.429212,0,-39.229647,0;0;0;0.910256386;3.38461518;18.8717937;11.4743595;16.1410236;7.98717976;3.3717947;0;9.5;36.2564087;24.4230766;23.051281;13.9999981;30.8974361;20.0641022;16.5384617;22.948719;25.9871788;40.9102554;42.2692337;27.8076935;0;0;0;0;0;0;0;0;0;0;0;0;0;0;0;0,14.2948723;9.07692337;13.5256414;14.4230766;2.34615374;2.19230747;2.55128193;2.16666651;2.21794868;5.01282072;2.7692306;3.6025641;5.69230747;5.71794891;6.70512819;0;0;0;0;0;0;0;0;0;0;0;0;0;0;0;0;0;0;0;0;0;0;0;0;0;0;0;0;0;0;0.93589747;6.6282053;10.8461552;30.717947;20.5256405;19.6282043;20.0256405;28.5897427;28.8717937;26.8076935;29.166666;28.6410255;21.9230766;15.9102564;15.2820511,46,solid_clouds/keyframe_582.pcd
15840,-4.349681,-1.431781,0,-39.138479,0;0;0;7.87179518;3.19230795;20.3974304;7.46153927;14.5641022;9.06410313;3.44871783;0;9.52564144;35.2179489;29.9358978;20.3076916;11.3205128;30.2435875;20.3205128;17.4871788;21.9615383;24.1153831;41.448719;44.6153831;27.7179489;0;0;0;0;0;0;0;0;0;0;0;0;0;0;0;0,15.5897427;10;13.6025648;13.9230766;2.25641036;2.33333349;3.03846192;2.12820506;2.2307694;7.14102554;3.00000024;3.25641036;6.03846169;5.61538506;6.73076868;0;0;0;0;0;0;0;0;0;0;0;0;0;0;0;0;0;0;0;0;0;0;0;0;0;0;0;0;0;0;1.9871794;6.42307711;10.9358969;30.384613;18.7564106;21.0641022;20.4615383;28.1282063;27.9743576;26.7179489;30.1410255;26.8461533;22.2307682;15.3589735;15.9230766,46,solid_clouds/keyframe_583.pcd
15920,-4.346752,-1.437637,0,-39.134059,0;0;0;1.11538458;8.2564106;18.282053;10.5641031;15.9743586;7;3.91025615;0;9.69230747;32.8205147;24.8589745;22.0897446;11.1410255;21.0769234;8.53846169;10.9230776;15.166667;23.5384636;37.5384598;38.4615402;27.5384617;0;0;0;0;0;0;0;0;0;0;0;0;0;0;0;0,13.333333;9.03846169;12.8846159;13.6538467;2.34615397;2.25641036;1.93589747;1.97435915;2.00000024;5.20512772;2.5256412;5.48717976;4.26923084;5.23076916;7;0;0;0;0;0;0;0;0;0;0;0;0;0;0;0;0;0;0;0;0;0;0;0;0;0;0;0;0;0;0;1.17948723;6.06410265;10.666667;6.37179422;16.5128212;17.6923084;19.7307701;26.3846149;25.4615402;26.5384617;27.8589745;26.3205128;19.4871807;14.5384617;14.5384617,46,solid_clouds/keyframe_584.pcd
16000,-3.942409,-0.368163,0,67.695532,0;0;0;1.91397846;6.58064508;13.8172045;14.2903214;13.0430107;5.61290312;2.1182797;3.58064508;3.95698881;4.27956963;6.67741919;0;0;0;0;0;0;0;0;0;7.88172054;9.82795715;13.2903223;17.7204304;66.7096786;48.9247322;10.6236563;10.2473116;4.03225803;8.84946251;7.03225803;0;0;0;0;0;0,27.6559124;26.365591;25.8602161;32.2473106;17.5698929;3.92473125;5.37634373;2.47311783;4.01075268;1.18279576;0.956989229;0.322580636;0.655913949;0.935483813;0;0;0;0;0;0;0;0;0;0;0;0;0;0;0;0;0;0;0;0;0;0;0;0;0;0;0;0;0;0;0;2.03225803;0.408602148;3.58064508;2.79569888;0.569892466;1.6236558;2.46236515;2.55913973;1.65591383;3.61290288;5.1935482;12.60215;35.8924713;26.1827946;30.301075,46,solid_clouds/keyframe_585.pcd
16080,-2.86152,4.269756,0,81.284793,0;0;1.08661413;2.63779521;4.01574802;3.77165341;1.03937006;0.0157480314;2.81889749;3.42519665;18.4803143;9.40944958;3.79527569;7.4724412;6.49606323;8.74803162;13.0551186;16.7401581;86.0944824;12.4015741;9.74803162;19.8346462;18.0787392;39.4015732;30.0236225;26.645668;23.9921265;15.2834644;14.015748;10.5826769;0;0;0;0;0;0;0;0;0;0,13.1338577;17.7322826;14.1889763;13.4094496;15.1259842;4.81102371;2.87401557;1.11023617;0.59842521;1.64566922;0;0.771653533;0.0472440943;1.23622048;0;0;0;0;0;0;0;0;0;0;0;0;0;0;0;0;0;0;0;0;0;0;0;0;0;0;0;0;0;0;0;7.83464575;6.8503933;19.9055138;27.614172;30.2362213;34.4094505;40.7716522;27.2755909;27.9921265;20.5905495;17.2913399;16.7480335;12.7165356;16.2755909;15.9133863,46,solid_clouds/keyframe_586.pcd
16640,-1.815418,11.423214,0,-97.762642,0;0;0;1.84466028;4.57281494;4.96116495;5.96116543;4.0873785;8.31067944;8.36893272;2.32038808;5.53397989;6.37864065;11.5533981;4.72815514;12.0582523;12.4660196;33.0679626;22.174757;19.475729;16.650486;15.9417477;44;31.349514;36.9126205;20.8543701;10.3689318;15.6019411;9.71844673;5.6699028;12.7184467;19.3398056;3.97087383;11.9902916;0;3.31067967;0.776699007;0;6;5,11;43.2815552;31.3980579;29.8058243;0;17.3300972;20.9805832;23.7961159;26.9708729;27.4174747;22.8543682;23.8058243;14.5631075;18.6893196;13.0776691;0;0;0;0;0;0;0;0;0;0;0;0;0;0;0;0;0;0;0;0;0;0;0;0;0;0;0;0;0;0;1.84466028;1.52427197;1.56310678;1.70873785;0.135922328;2.38834929;3.3398056;5.2427187;3.67961144;2.75728154;5.55339813;8.36893272;23.2135944;44.7669907;6.98058224,46,solid_clouds/keyframe_587.pcd
16720,-1.813717,11.43715,0,-97.878567,0;0;0;1.68627453;4.8039217;5.19607878;4.54901981;5.17647076;8.40196133;8.55882359;2.40196085;5.4117651;6.26470566;5.24509764;10.3039217;7.5;17.7156849;32.5588226;20.8039207;17.6568623;15.7549019;12.6274509;47.4215698;28.6960793;35.5294113;21.4705868;12.0098028;15.2647057;10.0588226;7;14.3235302;19.3235302;3.2647059;11.3235292;0;3.17647052;1.79411769;0;5;4,9;44.3431358;31.3823509;30.8529396;0;16.5392151;15.9901962;21.5196075;25.7647057;26;23.8725491;24.1274509;14.8725481;19.4803925;12.6764708;0;0;0;0;0;0;0;0;0;0;0;0;0;0;0;0;0;0;0;0;0;0;0;0;0;0;0;0;0;0;1.68627453;1.95098054;1.47058833;1.58823538;0.107843146;2.41176462;2.95098042;5.5196085;3.72549009;2.79411769;5.6078434;8.55882359;24.7549019;45.1960793;7.52941179,46,solid_clouds/keyframe_588.pcd
16800,-1.798982,11.422784,0,-97.956977,0;0;0;1.7299999;4.42000008;5.39000034;5.87999964;4.18999958;8.34000015;8.44000053;2.43999958;5.06999969;7.13999987;5.23000002;2.9599998;17.6000004;19.960001;33.2599983;24.0099983;19.0899982;16.4299984;17.9599991;46.3800011;29.0900002;30.9799995;20.8400002;8.72999954;16.0900002;9.09000015;6.54999971;13.9799995;19.7599983;4.92999983;13.2699995;0;3.31999993;0.829999983;0;5;6,11;44.8899956;32.920002;32.1299973;0;15.0599995;17.5300007;22.7299976;29.6999969;28.2499981;24.9399986;23.0599995;14.8799992;19.0699978;13.7099991;0;0;0;0;0;0;0;0;0;0;0;0;0;0;0;0;0;0;0;0;0;0;0;0;0;0;0;0;0;0;1.7299999;1.95999992;1.54999995;1.67999995;0.189999998;2.36999965;3.15999961;5.23999977;3.72999978;2.77999973;5.55999994;8.44000053;24.5699997;43.3400002;8.20999908,46,solid_clouds/keyframe_589.pcd
16880,-1.842681,11.437647,0,-97.838141,0;0;0;1.48648632;4.43243265;4.72072077;4.29729748;4.96396446;7.87387371;7.94594622;2.15315318;5.90090084;5.55855846;10.405405;2.7927928;7.08108091;17.0090084;30.4324322;22.3153152;17.333334;16.1981983;16.3423443;41.6936913;27.5855846;37.216217;20.2072067;10.189189;15.5855856;9.405406;7.39639616;13.0990992;17.405405;4.1621623;10.7207203;0.936936915;3.21621633;1.43243241;0;5.62162161;0.936936915,6.55855846;40.1531525;31.1711731;28.3783779;0;15.2432432;14.666667;19.9008999;24.1351376;27.0180168;23.6396408;24.8198204;18.3693695;16.8738747;12.8558559;0;0;0;0;0;0;0;0;0;0;0;0;0;0;0;0;0;0;0;0;0;0;0;0;0;0;0;0;0;0;1.48648632;1.8378377;1.34234226;1.41441429;0.144144148;2.33333349;3.11711717;4.67567539;3.54954934;2.62162161;5.25225258;7.94594622;22.6126118;45.9549484;7.98198223,46,solid_clouds/keyframe_590.pcd
16960,-1.824689,11.43712,0,-97.900367,0.00980392192;0;0;1.64705896;3.79411769;5.54901981;4.75490141;5.10784292;8.29411793;14.1078434;3.11764741;6.1078434;5.47058821;4.17647028;3.66666675;8.35294151;17.1372566;34.1568642;23.1372566;17.8235283;18.9215679;16.3627453;32.5588226;27.6568642;38.9411774;21.9019604;8.65686226;16.0686283;10.6568623;2.71568632;13.4411755;19.1078434;2.25490212;13.9019613;0;2.35294127;1.50980401;0;4.85294104;3.88235283,8.73529434;44.5882378;30.1764717;27.3431377;0;15.1764717;16.9313736;22.3137264;30.1470604;24.9411774;21.3823528;24.3823547;12.9901962;15.2352943;12.9607849;0;0;0;0;0;0;0;0;0;0;0;0;0;0;0;0;0;0;0;0;0;0;0;0;0;0;0;0;0;0;1.64705896;1.50000012;1.45098042;1.63725495;0.14705883;2.4117651;3.3039217;5.09803915;3.65686274;2.75490212;5.53921604;8.37255001;23.4411793;44.9411736;8.95098019,46,solid_clouds/keyframe_591.pcd
17040,-1.826428,11.428512,0,-97.882201,0;0;0;1.90816331;4.20408201;5.31632662;4.90816259;5.32653046;13.9897957;8.55102062;2.33673453;5.01020384;7.06122446;5.22448969;2.95918369;7.31632662;17.438776;32.5816307;19.6734695;9.76530647;12.5408163;15.4183674;46.8877525;27.9897957;37.4489784;21.2142868;9.98979568;17.7244892;8.95918369;5.47959185;13.9897957;17.9897957;3.71428537;12.2653065;0;2.29591846;1.5;0;6;2,8;45.2653084;30.6326523;30.4489784;0;17.8571415;15.6122437;22.2142849;11.5714283;25.3775501;22.0510197;25.3061218;15.9693871;20.7244892;10.6530609;0;0;0;0;0;0;0;0;0;0;0;0;0;0;0;0;0;0;0;0;0;0;0;0;0;0;0;0;0;0;1.90816331;1.22448969;1.59183669;1.71428561;0.17346938;2.53061199;3.52040792;5.24489784;3.75510192;2.83673453;5.69387722;8.28571415;24.1122456;46.2040787;6.5,46,solid_clouds/keyframe_592.pcd
17600,3.508877,9.254957,0,-121.939049,0;0.0111111114;0;0;0;0;0;0;4.12222195;28.044445;31.3888874;22.666666;16.8888893;37.5888901;41.711113;54.2777748;80.3666687;36.2333336;37.9666672;15.7666664;18.6444454;26.333334;21.2222214;21.8111115;12.9222221;13.0444441;8.66666698;14.9111118;18.7888889;7.14444447;4.71111107;2.81111121;0;0;0;0;0;0;0;0,56.322216;23.5999985;2.9666667;10.8777771;9.46666622;8.27777767;12.8333321;10.9888887;12.166666;11.1555557;17.711113;14.8555555;14.0666666;21.0666676;17.2111111;0;0;0;0;0;0;0;0;0;0;0;0;0;0;0;0;0;0;0;0;0;0;0;0;0;0;0;0;0;0;15.4222231;10.3222218;11.1333332;11.7555552;17.0666656;13.8222218;14.4333334;17.4222221;17.7999992;19.3777771;33.2333336;40.0888901;34.5111122;41.3999977;36.6888924,46,solid_clouds/keyframe_593.pcd
17680,3.502794,9.245281,0,-122.125122,0;0;0;0;0;0;0;0;3.46739125;23.934782;32.9130478;21.25;19.6956501;38.8478241;43.2499962;54.0978279;84.0217361;34.532608;33.75;14.902173;17.891304;25.423914;18.7391319;22.793478;15.01087;13.108696;9.326087;14.891304;19.73913;5.52173901;6.52173901;2;0;0;0;0;4.45652151;3.56521749;2.673913;0,52.4891319;29.0652161;8.89130402;7.98913097;9.25;9.597826;10.945652;10.271739;11.902174;12.663043;14.586956;16.434782;15.076086;22.3260841;18.23913;0;0;0;0;0;0;0;0;0;0;0;0;0;0;0;0;0;0;0;0;0;0;0;0;0;0;0;0;0;0;15.565218;10.880434;11.2717381;11.565218;17.73913;15.3804359;17.6086941;16.8152161;16.97826;19.891304;33.1304359;39.2065201;34.7608719;39.391304;36.4130402,46,solid_clouds/keyframe_594.pcd
18560,8.419865,17.42068,0,-97.013105,0;0;0;0.804878056;6.21951246;4.90243864;7.23170757;1.60975611;6.09756041;15.0731726;27.4512196;33.2073174;24.2195129;16.0975609;8.73170757;6.28048801;9.14634132;18.6463432;12.3658543;19.2682953;15.9756107;9.59756088;4.24390221;13.7317076;13.1951227;13.8414631;25.6463394;47;0.768292665;0;0;4.58536577;2.64634132;2.47560978;4.41463423;4.70731735;4.24390221;3.75609756;10.5975609;0,25.5731716;59.9634132;8.64634132;5.93902397;8.63414669;8.73170757;9.36585426;17.1341457;18.9756088;32.3902435;42.1219521;25.1341476;9.53658581;7.64634132;0.939024389;0;0;0;0;0;0;0;0;0;0;0;0;0;0;0;0;0;0;0;0;0;0;0;0;0;0;0;0;0;0;0.768292665;0.731707335;2.17073178;3.87804866;3.84146333;10.2073174;10.6097565;4.23170757;3.78048778;16.1707306;9.2926836;5.48780441;6.58536673;9.40243912;30.8902435,46,solid_clouds/keyframe_595.pcd
18640,8.418787,17.418963,0,-97.03319,0;0;0;2.70114946;6.13793087;4.4597702;6.59770155;1.55172408;6.04597664;15.2068958;24.5172405;30.298851;23.7126446;15;8.13793087;5.93103456;9.70114899;13.7011499;10.298851;17.1839085;15.5402298;8.67816067;2.2298851;12.5287352;14;13.965517;22.2068958;43.6666679;1.40229881;0;0;4.78160906;2.28735638;2.49425292;2.40229893;3.4482758;2.49425292;1;11.1034479;0,23.8045979;53.5862083;7.55172396;5.97701168;8.06896591;8.13793087;8.43678188;16.1494255;16.0229874;29.6206894;38;25.7701149;6.58620691;6.37931061;0;0;0;0;0;0;0;0;0;0;0;0;0;0;0;0;0;0;0;0;0;0;0;0;0;0;0;0;0;0;0;0.701149404;2.39080453;2.90804577;3.48275852;3.93103456;9.27586269;11.3793116;3.57471275;4.28735638;14.2183914;8.59770107;4.85057497;6.19540262;8.75862122;26.7701149,46,solid_clouds/keyframe_596.pcd
18720,8.412693,17.416262,0,-96.938948,0;0;0;2.80952382;6.97619057;4.95238113;6.69047594;1.73809528;6.54761934;14.6190472;24.9642868;32.7261887;24.5833321;15.8214283;8.54761887;6.19047642;8.73809528;15.5357141;10.5119047;18.0476189;18.9642849;8.8214283;4.22619057;12.8452377;15.8928576;12;25.9523811;47.8452377;0.761904776;0;0.761904776;5.23809528;2.5;1.63095236;4.26190472;2.78571439;3.15476203;5.36904764;11.3214293;0,25.4642849;56.0119057;8.34523773;5.94047642;8.45238113;8.5714283;9.16666698;16.7142849;18.3809528;34.4761887;41.8928604;23.3809528;6.61904764;9.22619057;2.86904764;0;0;0;0;0;0;0;0;0;0;0;0;0;0;0;0;0;0;0;0;0;0;0;0;0;0;0;0;0;0;0;2.71428561;3.71428585;2.72619033;5.03571463;8.75;10.7738094;4.5;3.82142854;15.7738085;8.30952358;6.20238066;6.59523821;9.16666603;30.7380943,46,solid_clouds/keyframe_597.pcd
18800,8.408364,17.420378,0,-96.972589,0;0;0;2.87654328;8.02469158;4.96296263;6.86419725;1.76543212;7.3209877;14.8148146;25.8641987;32.5432091;23.4197521;15.4938278;8.56790161;6.22222233;9.80246925;14.333333;10.2345676;19.4074078;16.0864201;8.93827152;3.43209887;12.7654324;14.1604939;12.9259262;21.4691353;52.3950615;2.37037039;0;0;4.43209887;3.61728406;0.814814806;3.53086424;6.6419754;2.53086424;5.51851845;12.4938278;0,26.1728401;58.8765411;8.18518448;6.62962961;8.54321003;8.55555534;8.90123463;17.2345676;17.2839508;31.8641987;42.4814835;20.4814816;9.71604919;9.41975307;2.90123463;0;0;0;0;0;0;0;0;0;0;0;0;0;0;0;0;0;0;0;0;0;0;0;0;0;0;0;0;0;0;0.938271582;2.85185194;3.04938269;3.85185218;5.75308609;9.30864239;10.7530861;3.469136;2.91358018;16.9753075;9.18518543;5.49382687;6.67901278;9.35802555;28.8148174,46,solid_clouds/keyframe_598.pcd
18880,8.413686,17.417923,0,-96.987775,0;0;0;2.81707311;7.21951294;4.82926798;6.6463418;2.82926846;6.74390316;14.1951227;27.121954;31.841465;23.5121918;15.3536587;8.48780537;6.1707325;9.78048801;16.6341457;9.01219559;19.1707306;16.6829262;9.74390221;3.12195134;12.9146347;13.9512186;10.9634151;23.8536568;45.1707306;1.56097555;0;0;3.45121956;1.78048778;1.78048778;5.23170757;4.63414669;4.2317071;8.23170757;10.5243893;0,25.7317066;56.0365906;7.79268408;6.53658533;8.46341515;8.5;9.10975742;16.7682934;16.3048782;33.0975647;41.0487823;22.9634151;8.48780537;9.34146309;2;0;0;0;0;0;0;0;0;0;0;0;0;0;0;0;0;0;0;0;0;0;0;0;0;0;0;0;0;0;0;2.63414621;2.20731711;3.78048801;2.15853643;5.03658533;8.90243912;10.158536;4.18292713;3.59756088;15.9756107;9.07317162;5.41463375;6.57317114;9.19512177;29.1219501,46,solid_clouds/keyframe_599.pcd
18960,8.415127,17.421235,0,-96.989224,0;0.012820513;0;2.89743614;6.55128241;5.20512867;7.46153831;1.52564108;6.30769205;15.3717966;28.9358997;32.7820549;25.3076935;16.1410236;8.7692318;6.3717947;9.08974361;17;10.3717947;20.5769215;16.8589745;9.17948723;4.26923084;12.2564096;13.6025639;14.2564106;21.3589745;50.9102554;0.794871807;0;0;5.38461542;2.58974361;0.794871807;2.58974361;2.97435904;2.38461542;5.48717928;10.7307701;0,26.551281;58.6666679;8.03846169;6.85897446;8.79487228;8.75641155;9.39743614;17.2435894;16.8205128;34.4615402;41.4102554;19.5256405;6.94871807;9.56410217;1.8974359;0;0;0;0;0;0;0;0;0;0;0;0;0;0;0;0;0;0;0;0;0;0;0;0;0;0;0;0;0;0;0.794871807;2.02564096;3.01282048;3.11538434;5.20512819;9.34615517;10.8717957;4.85897398;4.01282072;16.4615364;8.6282053;6.3846159;6.78205109;9.56410313;31.1025639,46,solid_clouds/keyframe_600.pcd
19040,8.423673,17.417735,0,-96.963109,0;0;0;2.82352924;8.01176453;4.94117641;6.75294113;1.43529415;6.27058792;14.635294;27.0705872;31.2235279;23.95294;15.341177;8.44705868;6.10588217;8.83529377;16.4117641;10.6470585;19.7647057;18.7647076;9.44705868;4.16470575;11.611764;14.7294111;14.5764704;21.8352928;48.2588196;1.57647061;0;0;5.31764698;3.43529415;0.788235307;3.45882368;5.41176462;1.57647061;6.31764698;12.1764698;0,25.3294106;57.0000038;8.64705849;5.55294132;8.40000057;8.4588232;9.07058907;16.635294;16.8823528;35.7647057;41.5176468;24.8941154;7.52941132;9.1764698;2.7647059;0;0;0;0;0;0;0;0;0;0;0;0;0;0;0;0;0;0;0;0;0;0;0;0;0;0;0;0;0;0;0.788235307;1.96470594;3.22352958;4.57647038;4.78823519;9.15294075;11.4235296;3.29411769;3.51764703;16.5176468;9.01176453;5.37647057;6.50588226;9.14117622;29.2117634,46,solid_clouds/keyframe_601.pcd
19120,8.419968,17.419783,0,-96.976654,0;0;0;2.96385527;7.30120564;5.04819298;7.07228947;1.48192775;6.02409697;14.855422;28.0722866;31.6626492;24.4819279;15.7349396;8.53012085;6.16867495;9.80722904;15.9277105;11.710844;19.9156628;15.5301199;9.61445808;3.98795199;10.9759045;12.8313255;15.6265059;23.0602398;47.9277115;0.807228923;0;0;5.2048192;2.56626511;0.807228923;4.37349415;4.54216862;4.30120468;4.44578314;10.5180721;0,25.5783138;57.9397583;8.04819393;6.30120468;8.45783138;8.48192787;9.1566267;16.8192768;16.5903625;32.5662651;41.9397621;25.6265068;8.46987915;7.46987915;0;0;0;0;0;0;0;0;0;0;0;0;0;0;0;0;0;0;0;0;0;0;0;0;0;0;0;0;0;0;0;0.807228923;1.75903618;4.16867495;2.16867471;5.73494005;9.07228947;10.8313255;4.61445808;3.86747003;15.8192787;9.10843372;5.50602341;6.56626511;9.21686745;31.1927738,46,solid_clouds/keyframe_602.pcd
19200,8.408877,17.419204,0,-96.976136,0;0.0123456791;0;2.79012346;6.65432167;5.34567881;6.7037034;1.46913576;6.40740681;14.9876547;28.1975307;32.1358032;26.2345676;15.5679016;8.56790161;6.27160454;9.83950615;15.8888884;10.8148146;19.8024693;16.9629612;10.0740738;4.3209877;12.7530861;15.3580236;13.2592592;24.1358032;51;1.55555558;0;0.888888896;3.33333349;2.55555558;0.777777791;3.43209887;3.76543212;3.22222209;3.86419749;11.7160492;0,26.456789;62.2962952;8.18518543;6.65432072;8.54321003;8.55555534;8.91357994;17.2469139;18.123457;33.2592583;42.0617294;22.9259262;6.85185194;7.75308609;2.97530866;0;0;0;0;0;0;0;0;0;0;0;0;0;0;0;0;0;0;0;0;0;0;0;0;0;0;0;0;0;0;0.777777791;2.24691343;3.79012346;2.23456812;4.79012346;9.3580246;10.4938269;4.3580246;4.62962961;15.2592592;9.20987701;5.51851845;6.7407403;9.3209877;31.1357994,46,solid_clouds/keyframe_603.pcd
19760,11.34069,16.609679,0,-78.574038,0;0;0;0;0;0;0;0;0;0.984126985;54.8412666;20.0476189;39.0873032;19.4285698;39.285717;21.4603176;10.5555553;12.2142859;14.2222214;11.3015871;8.73809528;11.515872;0;2;4.73015881;5.8015871;7.18253994;3.8650794;13.2936506;10.7222223;10.3650799;46.1666641;35.2222214;5.5714283;13.9126987;21.7063484;18.3015881;26.0476189;4.40476179;1.8650794,7.22222233;7.22222233;10.833334;12.2539673;20.2539673;20.6746025;19.5634918;41.1587296;14.3888893;40.3412704;35.0555573;31.5952377;28.2539673;21.7460327;10.4365082;0;0;0;0;0;0;0;0;0;0;0;0;0;0;0;0;0;0;0;0;0;0;0;0;0;0;0;0;0;0;9.8571434;17.0952377;17.5793667;14.8968258;12.4047623;9.88095284;32.849205;14.3650799;13.3412704;6.78571415;3.32539701;6.28571415;2.59523821;5.96825409;6.61111164,46,solid_clouds/keyframe_604.pcd
19840,11.337659,16.614522,0,-78.590294,0;0;0;0;0;0;0;0;0;0;50.090229;18.7819538;37.1804504;20.6691742;39.6315765;19.3609028;20.7142849;18.0451126;15.8571434;10.676692;7.92481232;7.82706738;0;0;3.85714293;6.83458662;5.35338354;7.29323292;18.6165409;28.195488;10.4436092;46;35.9548836;7.4060154;12.0075188;25.8872185;20;24.7669182;5.23308277;1.86466169,7.00751925;7.00751925;10.5714283;11.6390991;19.6691704;21.5714302;27.7518806;39.0225563;21.8345852;45.7894745;35.4060173;32.9473686;26.4210529;21.3834591;10.9323311;0;0;0;0;0;0;0;0;0;0;0;0;0;0;0;0;0;0;0;0;0;0;0;0;0;0;0;0;0;0;9.70676613;16.4962406;18.1353378;14.0300751;12.3082695;9.41353321;29.8496246;32.4586449;12.1203003;8.30075264;3.56390977;6.13533783;2.556391;5.96992493;6.47368431,46,solid_clouds/keyframe_605.pcd
19920,11.338599,16.614943,0,-78.609069,0;0;0;0;0;0;0;0;0;0;50.2460327;19.4603176;37.8809547;21.8888893;39.0317459;21.5714283;10.1190472;14.0238094;15.6031742;16.3015881;9.91269875;11.7222223;0.992063463;0;4.80952358;4.90476179;5.22222233;4.31746006;15.3095236;25.015873;9.53174591;48.2380943;36.7460327;4.31746054;11.4920635;22.3809528;22.150795;22.4920635;7.14285755;0.912698388,7.14285707;7.14285707;10.8015881;12.2619047;19.5634918;21.4444447;21.6587296;43.1666679;15.3571424;44.5952377;35.7857132;32.7936516;24.4920654;17.4365082;11.3650799;0;0;0;0;0;0;0;0;0;0;0;0;0;0;0;0;0;0;0;0;0;0;0;0;0;0;0;0;0;0;9.95238113;17.4365063;19.7619038;13.9285717;13.0317459;9.72222233;29.5872993;31.0079346;11.4761906;7.96825314;3.21428585;6.28571415;2.6349206;6.09523821;6.62698412,46,solid_clouds/keyframe_606.pcd
20000,11.341555,16.607844,0,-78.61297,0;0;0;0;0;0;0;0;0;0;49.1240273;19.6434116;39.1782913;21.1162796;41.0465126;19.0620155;9.87596893;13.1085272;14.5736427;13.875968;9.68217087;10.8837204;0;1;3.86821699;4.82170534;4.3720932;6.10077524;18.596899;24.7674408;11.4341087;45.4418602;35.8682175;6.96123981;14.1007748;23.5193806;21.4341087;21.5736427;6.77519369;1.87596893,7.06976748;7.06976748;10.8062019;12.0620155;22.1162815;18.457365;20.0930233;39.3178291;20.9457359;47.5348816;35.3333321;31.7441864;26.2868214;17.6434116;9.89922523;0;0;0;0;0;0;0;0;0;0;0;0;0;0;0;0;0;0;0;0;0;0;0;0;0;0;0;0;0;0;9.82945728;17.1317825;18.527132;14.5426359;12.8139534;9.51162815;28.9069767;31.0077534;13.1162796;6.93798447;3.28682184;6.48837185;2.58914733;6.04651165;6.56589127,46,solid_clouds/keyframe_607.pcd
20080,11.511348,16.534543,0,8.058976,0;0;0.106382981;4.15957451;0;6.94680882;11.7872353;6.84574461;13.1968088;15.6223412;7.31914854;17.6595745;26.3723392;27.0957451;25.2393608;18.026598;16.8031921;20.0319138;26.0904255;21.3723392;16.6595745;12.9946804;3.89361715;1.75531912;5.78191519;14.7180853;5.31382942;5.15957451;13.2606382;14.8138304;41.5159607;45.2872353;39.9680862;20.8563824;18.2819138;40.9787216;27.3085098;13;3;0,29.345747;57.6595764;21.7925529;25.4468098;23.6489372;10.1223412;3.62234044;2;2.14893627;3.97872329;6.59574509;6.52659559;6.36702156;4.77127695;4.21276617;0;0;0;0;0;0;0;0;0;0;0;0;0;0;0;0;0;0;0;0;0;0;0;0;0;0;0;0;0;0;2.77659559;5.73404264;6.94680882;7.72340441;14.1329794;15.3457441;19.1170235;29.0531921;46.2127686;37.9521294;37.111702;39.888298;33.9255295;49.1755333;55.8883018,46,solid_clouds/keyframe_608.pcd
20160,14.78724,16.130096,0,-124.52545,0;0;0;0;0;0;0.385416687;0.8125;5.91666651;17.46875;63.5833321;35.4895821;38.4062462;38.3020821;35.9270821;27.072916;26.4895821;63.7604179;33.7291679;32.3645821;45.0625;57.4375;21.59375;3.72916675;0;0;0;0;0;0;0;0;0;0;0;0;0;0;0;0,11.125;9.41666603;7.42708349;7.67708302;7.16666651;11.458334;12.302083;11.71875;9.11458397;12.822917;14.468751;12.4895821;20.4479179;28.354166;14.677083;0;0;0;0;0;0;0;0;0;0;0;0;0;0;0;0;0;0;0;0;0;0;0;0;0;0;0;0;0;0;20.4895821;27.5000019;36.1666679;25.9999981;26.1875;22.7916679;24.6666679;28.0625;30.395834;40.0520821;24.2916641;3.13541651;20.0416679;12.15625;14.927084,46,solid_clouds/keyframe_609.pcd
20240,14.792907,16.132174,0,-129.512754,0;0;0;0;0;0;1.50515461;3.12371135;3.92783475;19.8453598;55.6804161;38.4329872;35.0618553;32.9381447;27.0824757;30.8866005;34.2474251;64.1958771;33.8762894;30.2268047;42.6907234;62.0000076;21.6494827;3.87628865;0;0;0;0;0;0;0;0;0;0;0;0;0;0;0;0,9.07216454;9.36082458;7.97938061;7.49484587;6.97938108;7.02061844;9.99999905;8.54639149;9.90721703;15.0824738;13.2061853;14.7010307;16.2989693;19.4948483;13.3195877;0;0;0;0;0;0;0;0;0;0;0;0;0;0;0;0;0;0;0;0;0;0;0;0;0;0;0;0;0;0;21.0927849;25.525774;31.4742279;32.2783508;23.6907234;25.0412369;28.3092804;25.2577324;31.7010307;34.3917542;34.6494827;17.1340199;12.8453608;15.2989683;14.0927839,46,solid_clouds/keyframe_610.pcd
20320,14.781617,16.127101,0,-129.574205,0;0;0;0;0;0;1.57142854;3.17346954;4.02040815;18.3163261;57.2653008;37.9897957;33;36.7959175;26.3571434;30;37.0204086;63.1020393;34.2755127;33.7755127;45.5408211;60.3979645;22.3979607;3.74489808;0;0;0;0;0;0;0;0;0;0;0;0;0;0;0;0,9.02040863;9.26530647;8.2551012;7.35714293;7.04081583;7.11224508;8.41836739;8.76530552;11.7346935;14.1326542;13.5510206;14.6020403;16.2551022;22.0306129;14.8571434;0;0;0;0;0;0;0;0;0;0;0;0;0;0;0;0;0;0;0;0;0;0;0;0;0;0;0;0;0;0;18.8877563;26.1224499;31.8775501;35.5408173;25.4489784;24.0204086;27.6632652;25.3673477;30.5918369;37.7448959;35.5612259;16.0306129;12.4693871;15;14.0204086,46,solid_clouds/keyframe_611.pcd
20960,18.099059,15.777068,0,-130.000737,0;0;0;0;0;0;1.90265489;2.11504412;3.78761053;24.3451328;62.5663719;38.5309715;28.0442467;32.6548653;28.4336281;20.3893795;33.7964592;30.2477875;23.0000019;16.7345123;11.7522135;13.3008852;16.9203529;50.9203529;25.5752201;16.2743359;13.7610617;72.7433624;19.1238937;7.51327419;0;0;0;0;0;0;0;0;0;0,13.2654858;13.1327429;11.8938046;8.4070797;7.42477846;7.93805313;7.46017694;6.81415892;6.47787619;15.0530968;20.3982277;14.7079639;27.495573;27.5752201;19.2654858;0;0;0;0;0;0;0;0;0;0;0;0;0;0;0;0;0;0;0;0;0;0;0;0;0;0;0;0;0;0;16.7699127;10.5044241;37.1592903;32.3362846;27.796463;37.7787628;31.8495579;33.1415939;36.2389374;28.7787609;23.3274345;22.495575;15.7522116;13.8849564;19.3097363,46,solid_clouds/keyframe_612.pcd
21040,18.103222,15.780995,0,-130.138203,0;0;0;0;0;0;1.4247787;2.06194687;3.68141603;24.0000019;66.353981;40.849556;28.8141594;31.4601746;29.1150436;20.504425;32.9822998;32.4867249;23.6814156;13.0442476;11.716814;12.3362837;14.6902657;52.1061974;28.4424763;16.504425;15.1504421;76.1150436;20.849556;6.13274336;0;0;0;0;0;0;0;0;0;0,13.6283178;13.9115047;14.1681414;8.28318501;7.89380503;8.14159298;7.61061907;6.89380503;6.35398245;14.9469013;22.3628311;15.9822998;26.353981;27.3451328;18.5221252;0;0;0;0;0;0;0;0;0;0;0;0;0;0;0;0;0;0;0;0;0;0;0;0;0;0;0;0;0;0;14.5929203;9.91150475;35.849556;31.9557533;25.2566376;37.0530968;36.203537;32.4778748;41.0531006;32.7522125;22.3628311;22.5663719;16.212389;13.8053093;20.0530968,46,solid_clouds/keyframe_613.pcd
21120,18.09996,15.783238,0,-130.071827,0;0;0;0;0;0;1.92105269;2.60526323;3.39473677;23.6403522;67.2192917;39.1052628;26.745615;32.4298248;31.6929836;21.657896;33.2719269;28.9824581;23.7368431;17.8157902;12.578948;15.0350876;14.4473686;46.1052628;27.4473686;16.8596497;15.0614042;70.8859634;20.6929817;7.01754379;0;0;0;0;0;0;0;0;0;0,13.4649143;12.8596487;13.2807016;8.17543793;7.46491241;7.92105246;7.57017565;6.82456112;6.25438595;14.7894735;18.833334;17.3421059;29.6315804;30.3771935;17.4912281;0;0;0;0;0;0;0;0;0;0;0;0;0;0;0;0;0;0;0;0;0;0;0;0;0;0;0;0;0;0;18.2894726;9.9912281;37.2192955;33.5263138;25.3421059;34.3333321;33.5526314;33.2982445;37.5526352;28.7105274;25.0614033;22.4473686;16.5;13.5789471;18.6666679,46,solid_clouds/keyframe_614.pcd
21200,18.092324,15.779498,0,-130.040863,0.00884955749;0;0;0;0;0;1.87610626;2.51327419;4.84070826;22.1504421;67.7787628;40.2300835;28.7433643;32.1769905;32.1858406;21.0442486;33.0177002;31.5309734;22.2743359;16.7964611;12.6991148;14.3893805;14.5840702;47.3274345;26.1238937;18.5398235;15.0973454;72.2300873;18.9822998;8.8053093;0;0;0;0;0;0;0;0;0;0,13.5486727;13.0973444;13.2743349;8.1061945;7.61946917;7.93805313;7.48672533;7.07079649;6.07079649;15.0265484;17.9469032;18.1415939;30.4690266;28.3185825;19.0530968;0;0;0;0;0;0;0;0;0;0;0;0;0;0;0;0;0;0;0;0;0;0;0;0;0;0;0;0;0;0;18.9822998;10.4336271;37.725666;32.8938065;25.8495579;35.9734497;33.3097343;31.6548691;38.9203529;29.0265503;24.3628311;22.6106205;16.2743378;13.858407;20.9026566,46,solid_clouds/keyframe_615.pcd
21280,18.098026,15.777257,0,-130.015809,0;0;0;0;0;0;1.9636364;2.70000005;3.61818171;25.5545464;63.727272;41.363636;30.4727249;32.136364;28.954546;21.3272724;34.3636322;31.1363621;22.5454559;15.1909084;10.9636364;14.590909;16.681818;50.4090881;28.5181808;16.7363644;14.2545452;72.7454529;22.1000004;7.18181801;0;0;0;0;0;0;0;0;0;0,12.3999996;14.4454546;12.318182;8.30000019;7.87272739;8.10000038;7.67272758;7;6.4636364;15.727273;20.045454;18.4272728;26.0090923;28.363636;18.4272728;0;0;0;0;0;0;0;0;0;0;0;0;0;0;0;0;0;0;0;0;0;0;0;0;0;0;0;0;0;0;17.2181816;10.681818;39.2818146;31.3545456;27.4454556;38;35.1454544;34.8363609;36.5;28.5181828;23.8454533;23.1545448;16.6090927;14.1545458;20.9181824,46,solid_clouds/keyframe_616.pcd
21360,18.098718,15.781451,0,-130.096185,0;0;0;0;0;0;1.85593224;2.48305082;4.44915247;22.3983059;65.203392;38.6949196;27.6610165;30.0677967;27.9152527;18.6186447;30.2457638;28.8813553;22.6610165;18.0423737;11.2796602;12.6864395;14.3813553;45.3644066;27.3050861;16.8559322;14.5338984;74.1949158;17.3474579;7.55084801;0;0;0;0;0;0;0;0;0;0,12.4661016;13.8898306;13.6864405;7.89830542;7.70339012;7.88135624;7.35593224;6.83898258;5.79661036;14.3135586;19.4576263;15.6101685;24.4576263;26.2033901;17.2372875;0;0;0;0;0;0;0;0;0;0;0;0;0;0;0;0;0;0;0;0;0;0;0;0;0;0;0;0;0;0;18.101696;10.8305082;35.1610184;32.398304;26.4406776;35.2203407;35.1440697;31.4576283;39.4152527;25.2457619;23.2542362;21.6355915;14.5508471;13.0677967;17.9576283,46,solid_clouds/keyframe_617.pcd
21440,18.094874,15.779917,0,-130.056937,0;0;0;0;0;0;1.92727268;2.67272711;4.88181782;23.9636364;67.2363663;41.5454559;31.2545433;32.4090881;32.5999985;19.8818188;32.9545441;29.7727261;25.8999996;15.272727;11.0363636;14.7000008;13.9818172;49.5545464;28.1545448;18.4363632;14.3818178;77.4181824;18.5090904;8.12727261;0;0;0;0;0;0;0;0;0;0,13.4636364;13.818182;13.5818186;8.30909061;7.72727251;8.13636398;7.76363659;7.03636312;6.5363636;15.2090902;19.8454552;18.636364;28.3090916;28.5;18.4727268;0;0;0;0;0;0;0;0;0;0;0;0;0;0;0;0;0;0;0;0;0;0;0;0;0;0;0;0;0;0;18.2181835;11.2636366;34.7181816;33.6090927;27.9272709;36.2636375;36.4090919;33.1909103;40.2090912;29.5;24;23.2818184;17.1454544;14.2636356;21.227272,46,solid_clouds/keyframe_618.pcd
21520,18.136783,15.705075,0,-10.645183,0;0;0;0.858208895;5.0970149;6.99253702;10.1940298;9.74626827;4.25373173;5.47014904;22.6641808;14.6865673;18.3358212;28.544775;19.8955212;18.1865654;24.0373116;53.4403;45.2089539;42.2462692;51.2686539;29.2611942;55.9477615;26.3582096;10.8507462;0;0;0;0;0;0;0;0;0;0;0;0;0;0;0,17.9552231;31.0970154;45.4925385;35.3432846;7.485075;16.1567154;13.2910452;2.67910433;5.5970149;6.23134279;10.9029856;5.37313414;9.70149326;2.39552236;1.35820901;0;0;0;0;0;0;0;0;0;0;0;0;0;0;0;0;0;0;0;0;0;0;0;0;0;0;0;0;0;0;4.10447741;8.14179039;6.59701443;11.999999;13.7313433;14.4253721;16.6044769;20.5671635;24.6865654;26.5895519;32.9403;31.9999981;27.5970154;32.5447731;19.9552231,46,solid_clouds/keyframe_619.pcd
21600,21.778205,15.500492,0,6.791873,0;0;0;5.3771925;0.859649122;4.32456112;5.87719297;15.6140347;1.51754379;6.43859625;45;52.9649124;79.5175476;96.3771896;87.8596497;48.5614014;60.2807007;32.8508759;20.754385;8.77192974;2.77192974;1;0;0;0;0;0;0;0;0;0;0;0;0;0;0;0;0;0;0,28.5;22.3684216;32.2807007;35.4473686;27.6842098;17.6315784;19.2982445;32.1578941;28.9298229;23.0263138;21.9035091;18.5438576;10.6228075;2.02631569;1.46491218;0;0;0;0;0;0;0;0;0;0;0;0;0;0;0;0;0;0;0;0;0;0;0;0;0;0;0;0;0;0;15.7719297;10.9824562;18.7543869;15.9824553;18.6578941;26.2543869;19.6403503;29.3684216;20.4824562;19.6491241;19.3245621;11.2017546;8.62280655;12.3421049;7.79824591,46,solid_clouds/keyframe_620.pcd
21680,22.343272,15.532566,0,-141.757343,0;0;0;0;0.159722224;2.4861114;2.31944466;8.92361069;8.89583302;18.0694447;12.3263893;65.0555496;71.9930573;25.3402805;40.6111145;31.291666;15.8263893;13.7847223;19.0416679;15.979166;19.5763893;12.9375;14.6111107;15.0555563;4.79861116;8.58333302;11.5763884;9.25000095;0.8125;0;4.65277767;14.354167;45.5694466;19.625;3.625;16.0347214;49.7083321;10.3055553;0;0,17.3402767;14.1736107;14.9097223;12.645833;10.541666;10.625;14.7013893;17.2569447;14.8888893;13.25;16.833334;14.125001;12.875;16.8194447;14.458333;0;0;0;0;0;0;0;0;0;0;0;0;0;0;0;0;0;0;0;0;0;0;0;0;0;0;0;0;0;0;2.77083325;6.4375;17.1111107;21.7916679;20.479166;42.0208282;40.7083359;32.8333359;39.4930573;30.8402786;23.958334;32.375;28.7152786;36.2291679;21.9722214,46,solid_clouds/keyframe_621.pcd
21760,22.326391,15.526759,0,-141.86385,0;0;0;0;1.68181825;0.175324664;2.13636351;7.16883183;8.58441544;14.5324678;10.6623373;61.0714264;72.7727203;21.9870129;37.6818161;30.3311691;14.636364;15.454545;19.7792225;15.4675331;17.2077904;13.8246756;15.9415588;8.65584469;10.909091;9.59740257;9.82467556;11.2662344;0.961038947;0;9.79870129;12.6233759;46.5974045;13.9220772;6.31168795;17.7987003;47.2402611;9.72727299;0;0,16.272728;12.7987003;15.2987013;11.318182;9.52597427;9.65584469;14.1168833;15.2012997;15.1233768;13.5714293;16.1103897;13.7467537;11.5129862;16.0779228;13.4935064;0;0;0;0;0;0;0;0;0;0;0;0;0;0;0;0;0;0;0;0;0;0;0;0;0;0;0;0;0;0;3.9675324;2.72077918;15.8571434;20.9415588;21.6948051;39.9610367;39.2792206;30.2792206;39.8766212;31.5974026;25.5194798;36.3701286;26.7922058;36.1818199;21.4675331,46,solid_clouds/keyframe_622.pcd
21840,22.322028,15.518017,0,-141.871763,0;0.00680272095;0;0;0.632653058;1.21768701;3.62585044;7.22448969;10.3061228;16.8163261;10.5850344;59.394558;72.54422;24.4625854;38.986393;31.2312927;14.8775511;13.2653046;19.4761906;14.8571434;17.4149647;14.789115;16.1224499;11.4625854;9.82312965;8.85033989;9.78911591;10.5510206;0;0.993197262;7.81632614;17.1428566;45.0612259;12.7687073;6.87074804;13.272109;54.1224442;10.1224489;0;0,16.8571434;13.7959175;14.9931965;10.8571434;9.64625835;9.6394558;14.2448988;16.8095226;14.136054;12.6530619;17.7346935;12.7755098;12.0476198;16.605442;14.0612249;0;0;0;0;0;0;0;0;0;0;0;0;0;0;0;0;0;0;0;0;0;0;0;0;0;0;0;0;0;0;2.87074852;6.39455795;18.4625835;21.333334;20.7142849;38.8911591;40.4489784;33.6598625;39.0884361;30.4693871;24.8979607;37.2925148;28.1496601;34.9523773;22,46,solid_clouds/keyframe_623.pcd
21920,22.327822,15.521538,0,-141.925548,0;0;0;0;0.78231293;0.15646258;3.3197279;5.88435364;9.45578289;17.2653065;9.65306187;64.5374146;74.7278976;23.7074852;40.2925148;28.9931984;15.6394558;12.6598644;17.5034008;15.7891159;15.5442181;16.1156464;16.2176876;10.5782309;10.8435383;9.1428566;9.90476227;9.08163357;2;0;9.91156483;18.3809528;50.9523811;12.1700687;8.64625835;17.952383;52.6326523;10.7346935;0;0,16.8979588;13.8231287;14.5306129;11.6258507;11.2517004;9.67346954;15.1836748;16.2040825;14.5238094;13.9115648;17.1700668;14.1564627;11.2448988;17.3469372;16.1564636;0;0;0;0;0;0;0;0;0;0;0;0;0;0;0;0;0;0;0;0;0;0;0;0;0;0;0;0;0;0;3.67346931;5;15.3061237;22.4149666;21.7891159;39.421772;41.8707466;35.2857132;45.4625854;32.0340157;27.5442181;36.1020432;27.183672;31.6938782;22.6938782,46,solid_clouds/keyframe_624.pcd
22000,22.318296,15.521076,0,-141.971757,0;0;0;0;0.907284796;0.271523178;3.21854305;7.0198679;8.75496674;16.781456;10.2516556;61.7947044;73.2052917;23.1854305;37.0993385;30.6225185;13.9337759;14.6158934;18.152319;14.5695372;16.0860939;16.4238415;15.6688747;8.11920547;11.9801321;8.7152319;10.6357613;11.6357622;1;1;6.80794716;14.7086096;44.5496674;10.2649002;8.32450294;22.2450314;49.7350998;12.4768209;0;0,16.562912;13.5298004;14.2317877;11.1258278;10.9867544;9.39072895;14.8145695;16.4900665;14.0662241;13.0198669;17.3311253;13.8211918;11.8344364;16.9337749;14.8874178;0;0;0;0;0;0;0;0;0;0;0;0;0;0;0;0;0;0;0;0;0;0;0;0;0;0;0;0;0;0;3.56953645;4.23841047;14.7284775;21.9536419;20.6556301;38.4503288;38.6754951;29.7417221;40.7417183;32.9139061;33.1324501;35.6622505;24.5298004;33.7615891;22.9801331,46,solid_clouds/keyframe_625.pcd
22080,22.325578,15.515541,0,-141.977572,0;0;0;0;0.693877578;2.11564636;2.27891159;7.04761934;8.90476227;16.9047623;13.394558;62.8027229;74.8843536;23.2721081;38.5170059;30.7619057;13.6870756;14.9795914;17.0952377;15.9523802;18.136055;14.4013605;15.5510206;9.83673477;12.000001;8.44898033;9.87074852;10.9659863;1;0;9.11564636;13.4625854;43.9795914;11.2993202;6.84353781;23.2244892;49.5782318;11.4761906;0;0,16.8095245;13.7210875;14.5714283;12.7482996;10.6190481;9.44217682;15.7619057;16.2653065;14.6122456;13.2380953;17.1700687;13.3265314;11.2244892;17.2653065;14.802721;0;0;0;0;0;0;0;0;0;0;0;0;0;0;0;0;0;0;0;0;0;0;0;0;0;0;0;0;0;0;3.79591823;4.90476179;14.7142859;25.1496601;21.741497;39.4285698;39.3673439;31.4897976;42.2993202;32.3333321;26.0884361;37.7142868;26.4013615;32.9319725;22.5442181,46,solid_clouds/keyframe_626.pcd
22640,24.562531,13.546188,0,133.144498,0;0;0;0;0;0;2.19620252;3.91772151;21.2215176;32.0886078;28.8987312;49.8607597;29.9873409;47.2468376;25.8417721;37.2848091;53.9873428;80.0316467;44.9113922;26.5316448;16.6962032;7.58227873;8.11392403;15.1898727;24.1202545;22.5632896;11.6265821;13.1898727;4.96835423;7.53797436;4.33544302;5.03797483;1;0;5.33544302;9.72151947;32.4493675;22.9873409;2.62658238;12.5949364,27.430378;37.4493675;43.7658195;48.1265831;33.7531624;18.113924;21.8797474;6.55063295;22.0189857;42.6075935;26.8417721;15.898735;20.8924065;13.170886;7.51898718;0;0;0;0;0;0;0;0;0;0;0;0;0;0;0;0;0;0;0;0;0;0;0;0;0;0;0;0;0;0;15.0886068;21.1835423;26.6265812;16.8734188;24.3544292;22.9620247;20.8924065;14.1392403;22.9240494;23.9683552;30.9050636;30.7911377;26.3480988;14.3164549;14.2911386,46,solid_clouds/keyframe_627.pcd
22720,24.564071,13.54758,0,133.172867,0;0;0;0;0;0;2.15094352;5.46540928;20.0440254;30.9937096;27.2389927;49.0251541;30.6855316;45.7106895;22.7987404;37.6100616;50.2704353;81.0125809;46.0503159;26.6729565;14.8867931;7.67924547;8.28930855;17;20.9308167;22.0817604;11.4968557;11.987421;4.89937115;7.3396225;4.22012568;6.36477995;1;0;5.22012568;8.71069145;27.2389946;23.4402523;2.52830195;11.2389936,27.9056587;35.2767296;44.0062866;47.5408821;31.4276733;18.6603775;18.8805027;5.48427677;19.9811306;42.8113213;27.3396225;16.0188694;18.3081741;12.7924528;7.3396225;0;0;0;0;0;0;0;0;0;0;0;0;0;0;0;0;0;0;0;0;0;0;0;0;0;0;0;0;0;0;14.4025154;19.9937115;26.5345898;15.7484274;25.4150944;22.3773594;18.7610073;17.1006298;21.9937115;20.7295589;28.8427677;28.1383667;28.8805027;15.9622641;13.628931,46,solid_clouds/keyframe_628.pcd
22800,24.561256,13.542319,0,133.157357,0;0;0;0;0;0;2.16352201;5.36477995;20.2767296;30.6666641;22.64151;51.92453;30.7169838;48.1383667;24.0125771;38.1257858;46.6163521;78.56604;48.0125809;27.1572342;13.2201252;7.78616381;12.6100636;18.1572342;20.2389927;21.4213829;10.6163521;11.9937096;5.69811344;7.40251541;5.22012568;7.39622641;0;0;6.22012568;8.60377312;29.8553467;24.2012577;3.43396235;12.5157242,28.4716988;38;45.5220146;47.9496841;31.9371071;20.1635208;20.2138348;6.6100626;22.8050327;40.8113213;26.4150944;16.691824;19.7735844;13.4905663;7.27672958;0;0;0;0;0;0;0;0;0;0;0;0;0;0;0;0;0;0;0;0;0;0;0;0;0;0;0;0;0;0;14.1006298;19.1823864;25.1509438;15.9811325;21.8301888;26.1257858;20.5408783;14.3270435;20.0691833;21.4528294;29.2138386;27.5786152;30.3270435;15.2704411;13.691824,46,solid_clouds/keyframe_629.pcd
22880,24.441091,13.115868,0,-105.41301,0;0;0;0;2.22641516;14.3207541;20.0754738;43.7358475;55.3396187;48.962265;50.1886749;16.9245281;4.6603775;4.20754719;3.54716969;7.83018875;16.4339619;14.3396225;3.96226406;3.16981125;1.4528302;2.03773594;0.698113203;3.84905648;4.94339609;1.60377359;4.50943375;4.11320782;0;0.679245293;0;0.679245293;0;0;0.924528301;0;13.0943394;5.15094328;0;1.58490562,8.35848999;7.09433985;9.07547188;3.71698117;7.24528313;8.320755;10.6792459;15.2075472;10.9622641;14.6226406;11;8.30188656;7.71698141;0.452830195;0;0;0;0;0;0;0;0;0;0;0;0;0;0;0;0;0;0;0;0;0;0;0;0;0;0;0;0;0;0;0;4.88679218;13.0943394;0;10.7547169;36.8867912;32.6981087;18.1509418;18.5660381;14.6603756;22.4339619;10.9811325;15.7547169;11.603775;10.5660381;11.4528313,46,solid_clouds/keyframe_630.pcd
22960,23.735847,11.567366,0,90.933103,0.00666666683;0;0;0;0;1.72000003;9.37999916;3.70000005;3.0733335;13.460001;9.7733345;28.1400013;38.7999992;30.0066681;37.0266685;18.7133331;26.0400009;23.7466679;43.6533356;39.706665;46;77.1733322;26.2599983;18.7999992;22.7999992;21.8199997;14.6600008;6.03999996;9.02000046;0;0;9.14000034;2.57999992;2.86000013;12.4800005;20.8000011;15.5;5.5;38.8400002;10.04,52.6666641;34.0533333;17.9133358;10.499999;14.6333332;31.0866661;30.9466686;35.9799995;35.6733322;31.2666664;36.5800018;18.2466679;21.8000011;29.9599991;0;0;0;0;0;0;0;0;0;0;0;0;0;0;0;0;0;0;0;0;0;0;0;0;0;0;0;0;0;0;0;1.31333327;3.32000017;7.58666658;12.6400003;11.1799984;3.24666691;5.13333321;6.65333271;18.7733345;39.7400017;30.0400009;37.3666687;34.2266655;30.7066669;44.0266685,46,solid_clouds/keyframe_631.pcd
23040,23.731669,11.57036,0,90.705078,0;0;0;0;0;3.49333334;9.65333366;4.37333298;2.29999995;15.1199999;10.4066668;30.5333328;39.9399986;30.7333336;38.9666672;15.6999998;18.5933342;22.0933342;37.0866661;43.9466667;46.5533333;74.2999954;30.2333336;18.6466675;23.3466663;22.6266651;11.3933334;11.4933338;10.1933327;0.939999998;0;9.93999958;2;7.53333378;10.0733328;13.0133333;17.3466663;11.3599997;27.8866673;13.6800003,49.6133347;33.7666664;22.7599983;10.5799999;16.2799988;30.3999996;32.3000031;36.4733315;31.3800011;34.3866653;40;22.3199997;14.8933334;24.9799995;0;0;0;0;0;0;0;0;0;0;0;0;0;0;0;0;0;0;0;0;0;0;0;0;0;0;0;0;0;0;0;1.85333323;4.31333351;6.97999954;10.7600002;11.0866661;5.78666687;5.75999975;6.72666645;20.4866657;37.4866638;31.0933342;33.2866669;32.753334;31.7733326;45.2199974,46,solid_clouds/keyframe_632.pcd
23120,23.730649,11.56747,0,90.633289,0;0;0;0;0;1.91780829;10;4.46575356;2.30136991;17.6575336;12.5821915;30.4589043;39.7191811;29.0753403;35.1232872;23.6986294;19.164381;20.0821915;37.5205498;49.1164398;49.3972588;79.5684967;30.7876701;16.0753422;22.452055;23.6712322;13.1849318;8.91095924;8.40410995;0;0;11.952055;1.97945213;8.4383564;10.808219;12.4726028;23.2465744;5.64383554;24.643837;18.1164379,54.8767128;34.1027412;21.7260284;10.2328768;13.9657536;30.9794521;33.9589043;33.6301384;32.1232872;34.3424644;44.0410957;22.7808208;15.3972597;24.7191772;0;0;0;0;0;0;0;0;0;0;0;0;0;0;0;0;0;0;0;0;0;0;0;0;0;0;0;0;0;0;0;3.12328768;3.09589052;8.50684929;10.0547943;12.4178085;6.57534218;5.97945213;7.41095924;18.0410957;39.8013687;32.6575356;37.7534256;35.1164398;29.0479469;46.1780853,46,solid_clouds/keyframe_633.pcd
23200,23.72741,11.57245,0,90.606743,0;0;0;0;0;1.77702701;9.71621609;4.75675678;2.27702713;17.0878372;11.25;30.3851357;38.2229729;28.837841;35.3986473;21.344595;17.0067558;21.1959457;41.1959457;48.9391899;41.6081085;77.9797287;28.6891899;18.3918915;22.2094612;24.3108101;10.1621618;10.5405407;7.48648643;1.94594598;0;9.88513565;1;9.35810757;8.60810757;13.0540533;20.9324341;3.71621609;27.2432423;17.466217,50.1216202;33.3108101;23.1486492;10.5270271;15.5743246;30.9189186;33.4391899;34.8310776;30.7027016;30.0810814;41.1891899;20.6013508;15.1081085;25.1756744;0;0;0;0;0;0;0;0;0;0;0;0;0;0;0;0;0;0;0;0;0;0;0;0;0;0;0;0;0;0;0;3.25675678;2.78378391;7.89189196;9.37162113;13.3310814;6.32432461;5.77702713;7.06756735;18.75;40.033783;33.5608101;34.5540543;33.7972946;29.1283779;43.6216202,46,solid_clouds/keyframe_634.pcd
23280,23.727917,11.573213,0,90.670762,0.00684931502;0;0;0;0;1.64383566;9.60958958;4.86301327;2.33561659;14.595891;12.260273;28.1986313;38.1849289;28.2671242;34.5068474;20.2808247;17.6369877;20.1232891;41.6301384;48.8356171;45.712326;77.5342484;28.4109592;17.7808228;23.287672;24.4246559;12.2739725;11.8835611;11.2671232;0;0;11.0753422;1;8.41780853;11.5821915;12.2945204;22.7191792;4.75342464;28.4657516;14.9383564,50.9520569;32.0753403;22.3561649;10.5068493;15.7397251;28.09589;33.6780815;36.2465744;32.883564;34.0890388;41.8493156;20.8630142;15.191781;26.4452057;0.910958886;0;0;0;0;0;0;0;0;0;0;0;0;0;0;0;0;0;0;0;0;0;0;0;0;0;0;0;0;0;0;3.13013697;2.34931517;7.73972559;8.78767109;11.1232872;5.53424644;5.91095924;6.9383564;19.3904114;39.4726028;34.9931488;36.6917801;33.232872;28.260273;45.3630142,46,solid_clouds/keyframe_635.pcd
23360,23.729731,11.57949,0,90.643046,0;0;0;0;0;1.95945942;9.7905407;4.56081104;2.3378377;15;11.7905397;31.8378372;40.3175659;28.533783;38.4999962;19.5202713;17.2229729;19.2364864;38.344593;51.1081085;45.7499962;78.040535;30.2027016;15.7094593;25.2567558;21.5675678;14.8378382;9.81756783;10.344595;1;0;10.6486483;0.939189196;8.33783817;8.81756783;15.094594;21.3648643;6.54729748;27.1621609;17.2094593,54.4797249;33.2702713;21.5540524;9.68243313;16.4662151;33.8310814;29.8581085;37.905407;34.3716202;31.8581066;38.6013489;21.7635136;17.094593;26.2499981;0.939189196;0;0;0;0;0;0;0;0;0;0;0;0;0;0;0;0;0;0;0;0;0;0;0;0;0;0;0;0;0;0;1.07432437;2.71621609;8.31081104;10.7094603;13.155406;4.89189148;6.07432413;7.59459448;19.2499981;38.587841;34.9864883;33.2297287;34.7905388;31.8648643;43.5472946,46,solid_clouds/keyframe_636.pcd
23440,22.655576,11.943966,0,148.389806,0;0;0;0.0714285746;2.18571448;5.32857084;11.1952381;4.42381001;3.33333325;1.80952394;10.6952381;20.6428566;29.3857136;30.1714287;19.80476;12.5;4.50476217;3.83809543;23.8952389;18.15238;36.6523781;33.3571434;44.9666672;44.9047585;29.3714294;26.2904758;15.257143;5.74285698;2.25714278;10.6285706;14.1904764;16.409523;17.8952389;31.7619038;29.8285713;9.75238037;42.8761902;46;20.7333336;0,64.3333359;47.5714264;47.1333351;42.8285713;25.5619049;31.1285725;19.8952389;15.4000006;4.69523811;5.61428595;3.461905;1.73333359;3.6047616;3.19047642;0.0190476198;0;0;0;0;0;0;0;0;0;0;0;0;0;0;0;0;0;0;0;0;0;0;0;0;0;0;0;0;0;0;21.6571426;27.6809521;22.3809528;17.1999989;15.3238106;20.5714283;11.0999994;10.9238091;10.166666;23.0761909;29.1571426;30.3714275;37.2047615;41.4142838;46.4142876,46,solid_clouds/keyframe_637.pcd
23520,19.459042,13.20072,0,-162.707697,0;0;0.0652173907;0.710144937;0.384057969;12.963768;14.666667;12.0434771;6.55072451;12.666666;13.427537;6.0289855;11.97826;11.8043489;5.615942;14.304348;34.9565201;34.0797081;22.869566;13.978261;12.717391;0;11.086957;12.311594;26.471014;14.347826;21.3840561;43.6159439;20.384058;36.963768;36.217392;47.246376;0;0;0;0;0;0;0;0,17.775362;11.028986;4.5869565;5.36956549;4.89855099;1.3768115;3.31884074;2.37681174;2.37681174;2.326087;2.35507274;2.44927549;1.673913;2.41304374;2.23188424;0;0;0;0;0;0;0;0;0;0;0;0;0;0;0;0;0;0;0;0;0;0;0;0;0;0;0;0;0;0;9.18115902;20.891304;19.565218;18.210146;22.144928;25.8550739;31.797102;41.623188;39.427536;37.8623199;35.97826;30.34058;42.6884041;40.144928;29.5724621,46,solid_clouds/keyframe_638.pcd
23600,16.17885,13.60657,0,179.671016,0;0;0;0;8.70434761;10.2956524;3.43478227;6.7478261;12.1826086;9.13043404;12.4956512;21.2260876;33.3999977;14.0260878;7.9913044;27.4086952;11.173912;24.3391304;41.8173943;19.7652168;48.782608;36.1304359;16.4869556;56.5999947;76.9217377;26.1652184;0;0;0;0;0;0;0;0;0;0;0;0;0;0,49.9913025;33.7999992;15.3217402;15.47826;5.63478231;5.40869522;6.5826087;4.37391233;4.4260869;2.90434766;2.05217385;5.01739168;1.7652173;4.06086969;0.113043472;0;0;0;0;0;0;0;0;0;0;0;0;0;0;0;0;0;0;0;0;0;0;0;0;0;0;0;0;0;0;11.9478264;16.6347828;13.7478266;16.956522;10.7565212;14.6869564;23.8434792;22.9652176;35.5652199;36.7217407;33.9826088;39.6782608;32.3478279;37.6347847;20.826086,46,solid_clouds/keyframe_639.pcd
24160,0.787876,7.066948,0,-113.935827,0;0;0;0;5.06999969;3.67999983;11.460001;8.02999973;4.55999994;20.9899998;54.3199959;35.9599991;21.4399986;13.6900005;10.21;16.6300011;19.7199974;16.5200005;11.0199995;17.25;17.9500008;36.7199974;20.1399994;15.5300007;17;8.03000069;7.36000013;13.1800003;0;0;3.80999994;4.26000023;5.57999992;1;3;6.53999996;11.0500002;13.3799992;1.86000001;53.4599991,15.2400007;41.9300003;38.329998;46.7600021;25.1099987;25.8500004;5.96999979;10.2799997;5.5999999;4.44999981;3.98999977;7.59999943;6.78999996;12.5200005;2.75999999;0;0;0;0;0;0;0;0;0;0;0;0;0;0;0;0;0;0;0;0;0;0;0;0;0;0;0;0;0;0;11.3899994;8.30000019;7.87000036;6.36000013;4.97000027;7.59999943;6.55999994;11.2799997;10.3799992;17.539999;18.579998;22.1300011;28.3599987;44.0400009;51.8599968,46,solid_clouds/keyframe_640.pcd
24240,-0.627244,4.403169,0,27.625818,0;0;0;0;0;9.73913002;1.40217388;18.282608;6.84782648;3.31521726;0.0543478243;0;0;0;0;24.880434;57.1739159;79.3043518;34.25;50.0978241;28.22826;41.532608;17.4021759;25.402174;34.0760841;22.7826099;0;0;0;0;0;0;0;1.52173913;0;0;0;0;0;0,35.6521721;35.25;9.08695698;35.7934761;22.27174;11.5326099;13.641305;14.5;13.72826;14.847826;19.467392;12.347826;17.054348;15.282608;11.73913;0;0;0;0;0;0;0;0;0;0;0;0;0;0;0;0;0;0;0;0;0;0;0;0;0;0;0;0;0;0;0.717391312;7.597826;9.847826;13.706521;5.84782648;3;5.6630435;2.45652175;2.2608695;2.19565201;5.36956549;29.7173901;23.684782;25.9891319;36.0434799,46,solid_clouds/keyframe_641.pcd
24320,-0.670708,4.430002,0,29.815567,0;0;0;0;0;9.1182785;2.1935482;8.65591335;8.05376339;1.77419353;0;0;0;0;0.118279569;38.4086037;52.6021538;81.60215;28.5698929;47.8709679;31.0860214;46.8494606;19.1827946;29.3440857;26.2043018;22.8494644;0;0;0;0;0;0;0;0;0;0.806451619;0;0;0;0,34.6881714;15.2795706;22.2365589;27.3440857;19.0322571;11.9569893;14.2580643;16.365591;14.7311831;17.1182804;15.5161285;16.9892464;14.8387089;14.2150536;12.9247313;0;0;0;0;0;0;0;0;0;0;0;0;0;0;0;0;0;0;0;0;0;0;0;0;0;0;0;0;0;0;0.806451619;9.91397953;8.25806522;15.0215054;5.87096739;2.17204285;3.54838705;2.47311807;2.21505356;3.24731183;12.9032249;31.2473087;23.032259;30.6236572;36.462368,46,solid_clouds/keyframe_642.pcd
24400,-0.666476,4.435736,0,29.58601,0;0;0;0;0;9.36666775;1.4666667;13.5777779;4.85555601;1.84444451;0;0;0;0;0.211111113;39.788887;59.0111084;90.2777786;29.4111118;53.0222206;33.9666672;51.4666672;24.4777794;28.8222218;24.6555557;32.1444435;0;0;0;0;0;0;0;0;0;0.899999976;0;0;0;0,37.4333344;19.6111107;23.6444435;30.8555546;20.4111118;12.7777777;15.9111118;17.5888901;16.6888885;17.5666676;19.2111092;16.6333332;18.4333344;16.4666672;12.1777773;0;0;0;0;0;0;0;0;0;0;0;0;0;0;0;0;0;0;0;0;0;0;0;0;0;0;0;0;0;0;1.89999998;12.8888893;11.0222216;14.1333342;6.17777777;2.36666679;7.18888903;2.36666679;2.33333373;2.45555568;15.2666674;32.744442;24.9444447;34.0555573;34.0111084,46,solid_clouds/keyframe_643.pcd
24480,-0.659332,4.436265,0,29.693817,0;0;0;0;0;9.21111202;1.4333334;13.6555557;6.57777834;1.78888893;0;0;0;0;0.13333334;37.8888893;55.0111122;91.211113;28.4444447;51.0777779;34.1555557;54.2666702;23.1333332;32.8111115;27.0222225;30.255558;0;0;0;0;0;0;0;0;0;0.888888896;0;0;0;0,37.5333328;23.544445;24.3444443;31.6666679;21.4111099;13.3000002;14.8666668;17.2111111;16.9000015;16.4333344;18.1555557;17.8999996;16.4333324;14.2444439;11.0777779;0;0;0;0;0;0;0;0;0;0;0;0;0;0;0;0;0;0;0;0;0;0;0;0;0;0;0;0;0;0;0.888888896;11.0555553;9.5;15.3222237;6.00000048;2.28888893;8.26666641;2.31111121;2.30000019;2.4333334;15.5888891;31.6222229;25.6444454;34.7333336;35.9888878,46,solid_clouds/keyframe_644.pcd
24560,-0.664479,4.433297,0,29.629106,0;0;0;0;0;9.48275948;2.62068939;13.8850584;4.83908033;1.86206889;0.0574712642;0;8.66666698;0;0.264367819;39.597702;55.2528725;89.2643661;30.8390827;55.9195404;32.2298813;54.6321869;19.9540234;23.1609192;22.5517235;31.9770107;0;0;0;0;0;0;0;0;0;0;0;0;0;0,30.3218384;20.2068977;24.4827595;30.4252853;20.9770107;13.402298;15.2183905;17.2068977;15.701149;17.6551723;18.8275871;17.6436768;16.034483;15.1954021;11.8505745;0;0;0;0;0;0;0;0;0;0;0;0;0;0;0;0;0;0;0;0;0;0;0;0;0;0;0;0;0;0;1.86206889;13.2528734;9.5402298;14.5287361;6.09195375;2.31034493;7.64367867;2.37931037;2.36781621;2.5517242;16.666666;32.3218384;24.9885063;36.4712639;38.9310341,46,solid_clouds/keyframe_645.pcd
24640,-0.581447,3.776399,0,-67.064647,0.0357142873;0;1.70535707;2.90178585;0.4375;10.4285707;7.25000095;7.45535755;1.94642854;0.214285716;8.66964245;13.5714283;11.0267859;9.83928585;21.5267868;22.6428566;19.3839283;11.5982141;20.3303566;35.9107132;25.0535717;19.1696434;20.1428566;24.8392868;26.7232132;9.7589283;9.51785755;6.94642878;5.94642878;3.96428561;4.44642878;3.79464293;30.5089283;13.4642859;0.776785731;0;0;9.10714245;2.92857146;0.758928597,6.32142878;23.0178585;31.3928566;24.6428585;11.3035717;17.125;8.90178585;2.0089283;2.42857146;4.63392925;3.71428561;1.77678561;1.83035707;1.83035707;6.17857122;0;0;0;0;0;0;0;0;0;0;0;0;0;0;0;0;0;0;0;0;0;0;0;0;0;0;0;0;0;0;6.84821415;7.15178585;13.5982151;10.6964283;11.3035717;21.6696415;5.89285707;0.767857134;0;14.5982141;47.4732132;64.2142868;44.839283;11.6071424;16.9553566,46,solid_clouds/keyframe_646.pcd
24720,0.033945,-0.610317,0,-55.670069,0;0;0;1.32558143;2.63565898;5.10077524;11.8449612;13.6589146;5.55038786;5.41860485;7.96124029;10.860465;4.76744223;7.34108543;6.9069767;35.6821671;69.1860428;31.7751923;14.8992252;10.5271311;14.5038757;18.9379864;26.2170525;31.6356583;119.837204;6.70542622;8.069767;4.9069767;7.89922476;0;6.60465145;6.47286844;0;4.41085243;0;4.4651165;0;0;0;0,3.94573665;7.69767427;20.3488369;10.5891466;13.2945728;13.5038757;12.1472874;12.333334;13.1162786;47.3875999;42.1472855;27.1937981;21.4186039;0;0;0;0;0;0;0;0;0;0;0;0;0;0;0;0;0;0;0;0;0;0;0;0;0;0;0;0;0;0;0;0;7.68217039;20.6821709;24.1860466;28.4651165;17.3565903;32.5271301;19.2403107;26.6666679;37.031002;20.6511612;8.15503883;4.5581398;4.67441893;4.77519417;4.33333349,46,solid_clouds/keyframe_647.pcd
25280,-1.238827,-8.533009,0,130.765942,0;0;1.56626511;0.578313231;1.18072295;5.50602436;4.3012042;4.19277143;5.30120468;6.87951803;7.92771149;71.6746979;65.4578323;20.7590351;13.1204815;8.1566267;6.0481925;10.4698801;11.3132534;17.8674717;12.0843372;7.86747026;14.8433723;12.3855419;13.1325302;37.4578323;12.1807232;3.01204824;0.662650585;1.51807225;7.34939766;0;0;0;0;0;0;0;5.57831287;5.83132505,14.096385;14.8433733;4.48192739;8.80722809;8.68674755;9.53011894;10.5180712;13.9759026;8.95180798;9.89156532;10.1807222;5.43373489;9.03614426;8.99999905;3.9638555;0;0;0;0;0;0;0;0;0;0;0;0;0;0;0;0;0;0;0;0;0;0;0;0;0;0;0;0;0;0;2.90361428;4.72289085;7.19277096;10.9156628;26.289156;21.3493977;0;11.0602407;25.2409649;17.4457836;18.8072281;40.7831345;24.1807232;26.6867447;17.2289162,46,solid_clouds/keyframe_648.pcd
26320,-4.943069,-10.018799,0,20.755847,0;0;1.02631581;1.31578946;0.828947365;8.18421078;5.35526323;5.92105198;7.21052551;28.6052628;54.2894745;18.5394745;15.8947372;17.2368412;14.8421049;15.499999;9.72368431;16.0657902;1.01315784;7.85526323;1;1.97368419;0.789473712;4.65789509;6.76315737;6.86842155;5.17105293;13.0394745;9.03947449;0;15.8552637;10.5394735;3.63157892;19.9210529;1.60526323;0;0;0;0;0,10.8815784;11.7631578;15.2368422;15.0657902;18.8947372;18.6315804;23.5526314;17.5000019;24.7763157;3.02631593;1.81578946;30.1447372;28.9605255;9.26315784;3.36842084;0;0;0;0;0;0;0;0;0;0;0;0;0;0;0;0;0;0;0;0;0;0;0;0;0;0;0;0;0;0;1.94736838;2.60526299;2.81578922;7.84210539;3.31578922;10.171052;10.8815784;6.1184206;5.09210491;7.38157845;8.26315784;6.84210491;4.44736814;12.3947363;7.26315784,46,solid_clouds/keyframe_649.pcd
26880,-5.734273,-7.992843,0,77.298455,0;0;0;8.25252438;6.3939395;3.4848485;1.95959592;1.77777779;2.4545455;2.77777791;4.61616182;7.21212149;31.7373753;18.0505047;29.2424259;20.4545441;15.3737383;19.9797993;26.6464672;22.1919212;15.8282843;9.56565666;9.97979736;10.3838396;3.87878799;0.575757563;8.29292965;5.40404034;0.98989898;2.33333349;0.464646459;6.58585882;7.19191933;5.40404034;5.73737383;0;0.575757563;1.07070708;0;0,39.4242439;13.151515;1.72727275;0.838383853;0.696969688;1.6161617;1.58585858;1.73737359;0.111111112;1.31313133;0;1.13131309;1.73737383;1.77777767;0;0;0;0;0;0;0;0;0;0;0;0;0;0;0;0;0;0;0;0;0;0;0;0;0;0;0;0;0;0;1.66666675;12.2929296;6.19191885;9.37373829;9.33333397;8.60606003;10.515152;14.363636;10.484848;26.0707073;19.60606;19.5252495;21.060606;37.0202026;23.454546;20.454546,46,solid_clouds/keyframe_650.pcd
26960,-4.279533,-4.955506,0,-16.348542,0;0;0;0;0;0.295774639;0.563380241;9.95774651;9.26760578;11.5492945;75.2253494;28.4507065;36.7887344;64;53.9999962;54.9154968;44.3943672;4;4;13.2676058;1;0;0;0;4.70422554;0;19.5352097;9.18309879;5.88732386;9.09859085;11.5352116;0;0;0;0;0;0;0;0;0,6.49295759;9.30985832;7.02816963;6.74647903;9.60563374;20.7464809;23.7605629;6.67605639;47.0985947;30.9436607;32.4507065;6.67605639;16.5070419;19.1830978;13.6760559;0;0;0;0;0;0;0;0;0;0;0;0;0;0;0;0;0;0;0;0;0;0;0;0;0;0;0;0;0;0;13.1971827;16.6338024;11.6478863;11.7042236;18.4929581;12.0704231;18.845068;14.2112675;23.1830997;18.7464809;16.1549282;10.8450708;5.25352144;10.1267605;13.6056337,46,solid_clouds/keyframe_651.pcd
27040,-4.278132,-4.957057,0,-31.113588,0;0;0;0;0;0.380281687;0.211267605;6.64788771;6.26760578;8.60563278;61.9436646;39.9859161;41.830986;47.5633774;50.3239441;45.3239441;29.4084511;0;0;7.36619711;0;0;0;0;0;4.69014072;13.7323933;4.33802795;9.67605591;5.16901398;12.8591547;4.92957735;0;0;0;0;0;0;0;0,8.43661976;11.9859161;5.78873253;7.88732433;7.09859133;8.46478844;9.29577446;20.0140858;14.7746487;0.676056325;33.6338005;19.4647884;10.4225349;6.18309879;8.39436531;0;0;0;0;0;0;0;0;0;0;0;0;0;0;0;0;0;0;0;0;0;0;0;0;0;0;0;0;0;0;13.7605639;10.6197186;15.2394361;14.253521;17.3239422;14.0281687;17.5070419;16.1971836;16.6056347;17.2394352;19.7042255;17.3521118;17.8591537;5.67605639;15.3661985,46,solid_clouds/keyframe_652.pcd
27120,-4.25915,-4.975665,0,-31.155745,0;0;0;0;0;0.385714293;0.328571439;5.87142897;6.84285688;10.7000008;60.0714302;40.2571411;40.3285713;48.0285721;50.514286;45.5714264;29.3285713;0;0;7.44285727;0;0;0;0;0;5.30000019;13.757143;5.0999999;9.87142849;5.20000029;12.8142862;5.58571482;0;0;0;0;0;0;0;0,8.61428642;11.7142868;6.12857199;7.31428576;7.41428566;7.27142906;8.72857189;20.9285736;13.7285719;0.728571415;34.4571419;20.8571415;10.5714283;4.78571415;10.1571436;0;0;0;0;0;0;0;0;0;0;0;0;0;0;0;0;0;0;0;0;0;0;0;0;0;0;0;0;0;0;14;10.5428581;13.8857145;14.3428574;17.3857155;14.4714289;16.4428577;16.8714294;17.0000019;17.3714294;19.8857136;18.2142868;18.1000004;6.95714331;14.4285717,46,solid_clouds/keyframe_653.pcd
27200,-4.267148,-4.967226,0,-31.126638,0.0142857144;0;0;0;0;0.342857152;0.45714286;6.80000019;7.30000019;11.8142843;60.6714325;39.7857132;42.4714279;45.9285736;48.4571419;46.1714287;28.2285728;0;0;8.34285736;0;0;0;0;0;5.5;15.3571434;4.54285717;10.0857143;4.95714283;11.9142857;4.01428604;0;0;0;0;0;0;0;0,8.31428623;12.2857141;6.2571435;7.18571472;8.45714283;6.98571444;9.61428547;21.4285717;14.4285707;0;31.9714279;20.8714294;11.4857149;5.15714312;9.39999962;0;0;0;0;0;0;0;0;0;0;0;0;0;0;0;0;0;0;0;0;0;0;0;0;0;0;0;0;0;0;14.3714275;10.242857;14.8000002;13.4142857;17.0428562;14.7285719;16.6142845;17.3714294;17.7571411;16.9142857;19.485714;18.1571426;17.2142868;6.52857113;14.6714287,46,solid_clouds/keyframe_654.pcd
27760,-3.517706,1.062254,0,90.123663,0;0;0;5.10975599;11.1707325;9.65853786;3.67073154;5.76829243;2.07317066;3.58536601;3.10975599;5.31707287;0;2.36585379;0;0;0;0;0;4.43902445;8.7926836;10.158536;16.6585369;22.8292694;98.0243912;17.6463413;13.6707325;10.5609751;4.42682934;5.18292713;13.1219501;6.31707287;2.48780489;6.73170757;1.65853655;0;0;0;0;0,30.2560997;8.73170853;7.15853643;1.69512188;1.82926834;2.3536582;1.79268301;2.5487802;1.67073166;1.68292689;0.024390243;1.68292689;0;1.62195122;0;0;0;0;0;0;0;0;0;0;0;0;0;0;0;0;0;0;0;0;0;0;0;0;0;0;0;0;0;0;0;0.0853658542;1.74390244;1.8780489;1.85365856;1.92682922;8.65853691;10.4146338;15.1951218;33.8414612;24.1707325;19.6463413;24.7682934;32.6341476;25.3902435;29.2804871,46,solid_clouds/keyframe_655.pcd
27840,-2.468345,5.816415,0,90.923862,0;0.0897435918;0;11.2179489;1.93589747;3.28205132;2.06410241;5.01282072;4.66666603;5.83333349;6.6153841;9.84615421;13.7948723;14.217948;19.4743595;73.4487152;4.55128193;9.6153841;5.06410217;5.55128193;4.57692289;2.83333325;24.8333321;30.5;28.2564106;15.9615383;20.0256405;10.6410255;0;0;0;0;0;0;0;0;0;0;0;0,13.7692308;15.0128202;11.8461533;7.51282024;6.12820482;6.92307711;5.1410265;1.97435904;0;1.96153843;1.5;2.96153879;0;2.8974359;0.0897435918;0;0;0;0;0;0;0;0;0;0;0;0;0;0;0;0;0;0;0;0;0;0;0;0;0;0;0;0;0;0;19.8717957;19.8589745;27.6666679;22.9230766;23.0128212;24.7820511;24.2948723;11.499999;12.0256405;12.6794872;11.8076916;13.0128202;9.17948723;10.0384607;13.5384607,46,solid_clouds/keyframe_656.pcd
27920,-2.773312,7.384042,0,-35.375508,0;0;0;0;5.15573788;6.79508209;3.31147552;2.68852448;0;2;17.9098358;22.4098358;23.5655727;55.9098358;33;25.8442631;24.0901623;24.7950821;26.9426231;16.2459011;14.000001;13.2131147;48.2622948;95.0491791;28.9180336;29.196722;11.7868853;0;0;1.91803277;3.41803265;6.43442631;2.45901632;0;0;0;5.42622948;11.9672127;17.3934422;38.0327873,12.9590168;29.3524609;55.9590149;35.0901642;29.1229496;27.1803284;27.1311474;26.2704926;18.9754105;14.7622948;34.4836082;18.9754086;6.04098368;7.72950792;11.6229506;0;0;0;0;0;0;0;0;0;0;0;0;0;0;0;0;0;0;0;0;0;0;0;0;0;0;0;0;0;0;5.30327892;7.40983629;22.9098358;33.3852463;27.5983601;39.0573769;13.1803284;23.4098377;17.3114758;23.401638;8.08196735;4.70491791;1.92622948;12.4672127;22.3360672,46,solid_clouds/keyframe_657.pcd
28480,-1.767359,11.697407,0,-106.358745,0;0;0.15463917;4.11340141;6.6701026;2.31958747;6.39175224;1.47422683;1;6.63917494;8.55670166;3.2474227;3.29896903;3.70103073;6.93814421;10.9175262;13.9587631;27.4536076;31.9072151;16.6082478;17.5463924;15.0309277;22.6391754;24.5154648;34.8144302;50.5051575;9.43298912;14.5360823;17.5773201;5.05154657;3.50515461;22.9793816;4.78350544;7.06185532;6.48453569;2;0.948453605;0;1.89690721;3.79381442,29.4020634;3.79381442;24.2680416;31.2474232;31.1649494;10.618557;9.53608227;24.7938137;22.474226;23.7422676;27.9999981;34.8247414;32.8969078;17.9896908;7.07216454;0;0;0;0;0;0;0;0;0;0;0;0;0;0;0;0;0;0;0;0;0;0;0;0;0;0;0;0;0;0;0.0206185561;0.938144326;1.49484527;0.0927835032;2.43298936;4.19587564;2.22680402;2.24742246;2.4020617;4.35051537;0.721649468;1;6.63917494;13.5051556;46.3608246,46,solid_clouds/keyframe_658.pcd
28560,-1.779411,11.69007,0,-106.308407,0;0;0;2.4329896;5.64948368;2.31958747;5.49484491;6.7525773;8.52577305;5.72164965;14.7319603;5.51546383;3.34020615;4.23711348;6.58762884;10.3092785;14.2680407;25.8144341;26.28866;17.7319603;15.0412378;12.4123716;21.6288662;24.8041229;36.1030922;52.7422676;7.54639196;14.8453608;17.1340199;7.77319622;2.59793806;22.1546383;6.65979385;6.07216501;6.58762884;2;2.9690721;0;1.97938144;3.95876288,29.6907215;3.95876288;24.0618553;27.2989693;29.6701012;12.5979385;9.87628841;26.3608246;21.3402042;25.948452;29.237112;36.7319565;34.4226799;18.381443;5.88659811;0;0;0;0;0;0;0;0;0;0;0;0;0;0;0;0;0;0;0;0;0;0;0;0;0;0;0;0;0;0;0;1;1.47422659;0.0824742243;2.3711338;3.23711324;2.23711324;2.32989669;2.42268014;6.13402081;4.11340189;5.77319574;5.72164965;13.7525778;44.6185532,46,solid_clouds/keyframe_659.pcd
28640,-1.780871,11.698146,0,-106.340384,0;0;0;3.11999965;6.43000031;2.27999973;5.29999971;6.68999958;8.10999966;5.43999958;8.89999962;3.25;3.29999971;3.65999985;7.67999983;20.789999;12.8999996;26.8700008;27.2299995;15.8000002;14.2800007;13.1000013;25.2699986;25.3600006;35.079998;48.0100021;6.46000004;14.4500008;17.4799995;7.62999964;2.52999997;20.6900005;6.49000025;5.18000031;5.64000034;2;3.5999999;0;1.79999995;0,29.1800003;0.899999976;21.3099995;35.0899963;26.9499989;12.1800003;6.26000023;25.2300014;19.3699989;27.4500008;31.1000004;35.4599991;30.8800011;17.8000011;8.68000031;0;0;0;0;0;0;0;0;0;0;0;0;0;0;0;0;0;0;0;0;0;0;0;0;0;0;0;0;0;0;0.349999994;1.38999987;1.40999985;0.099999994;2.07999992;4.30999994;2.18999982;2.21999979;3.07999992;5.34999943;3.97999978;5.46999931;5.43999958;13.7600002;43.8300018,46,solid_clouds/keyframe_660.pcd
28720,-1.785504,11.68709,0,-106.342311,0;0.0106382975;0;2.93617034;7.01063871;2.31914926;6.78723431;6.73404264;8.14893627;5.61702108;8.84042645;3.40425563;6.10638285;6.71276617;6.77659607;10.9680853;15.3404255;28.1595745;30.819149;19.4148941;15.957448;13.8617029;26.4787235;23.361702;28.7446823;44.1063843;8.60638332;14.7553196;17.0319157;5.18085098;2.63829803;21.6489372;6.52127647;4.27659607;6.61702156;3.91489363;1.87234044;0;3.74468088;0,28.9255333;1.87234044;22.8510647;31.7765961;27.1914902;10.7553196;9.54255295;26.8510647;21.1914902;27.319149;28.8936157;34.2553215;25.7765961;19.4042549;7.09574509;0;0;0;0;0;0;0;0;0;0;0;0;0;0;0;0;0;0;0;0;0;0;0;0;0;0;0;0;0;0;0.414893627;1.05319154;1.50000024;0.0851063803;2.74468088;4.25531912;2.21276617;2.28723431;3.29787254;6.58510685;4.05319166;5.44680882;5.61702108;13.8936186;48.2765961,46,solid_clouds/keyframe_661.pcd
28800,-1.787498,11.690802,0,-106.277518,0;0;0;3.08490586;6.55660391;2.18867946;5.16037703;7.30188704;7.67924547;5.30188656;8.51886749;3.08490562;3.12264156;3.49056602;11.4433956;10.1509438;17.0471706;23.8962288;29.4245281;17.4150944;15.6037722;17.1698112;23.1132088;22.679245;31;45.7830162;9.14150906;13.000001;17.2452831;8.3113203;2.39622641;20.820755;5.33018875;4.83018875;6.28301907;2;3.50943398;0;1.75471699;3.50943398,26.9528294;3.50943398;22.9811325;36.1981163;27.4622631;13.0377359;7.20754719;24.9150925;19.820755;23.6698132;27.4528313;37.2735825;26.103775;17.2735844;6.04716969;0;0;0;0;0;0;0;0;0;0;0;0;0;0;0;0;0;0;0;0;0;0;0;0;0;0;0;0;0;0;0.358490556;1.35849047;1.36792457;0.103773586;2.66981125;3.88679242;2.08490586;2.13207579;2.25471711;6.78301907;3.84905648;5.12264109;5.30188656;13;48.1698112,46,solid_clouds/keyframe_662.pcd
28880,-1.781581,11.672928,0,-106.295853,0;0;0;2.52777767;5.68518496;2.28703713;6.12037039;6.26851845;7.76851845;5.38888884;8.26851845;3.12037063;3.12037063;3.62037039;6.43518496;14.3796291;14.3518524;25.5277767;27.4444447;27.4444427;18.0740738;15.3611116;21.6851864;24.1296291;30.3425903;50.5;9.12962914;14.2870378;17.9074078;7.61111116;2.48148155;20.296299;8.24074078;7.59259272;4.5;2;3.48148155;0;1.83333337;3.66666675,28.4444466;3.66666675;20.8611107;34.2314835;27.5185204;20.1851845;11.1944447;24.4722214;22.2592621;26.1759262;28.6944447;34.4907417;32.6481476;17.2407417;5.57407427;0;0;0;0;0;0;0;0;0;0;0;0;0;0;0;0;0;0;0;0;0;0;0;0;0;0;0;0;0;0;0.342592597;0.888888955;1.31481481;0.0740740746;2.53703713;3.1481483;2.19444466;2.20370388;3.18518519;5.71296358;3.84259272;5.21296358;5.38888884;12.8055553;46.370369,46,solid_clouds/keyframe_663.pcd
28960,-1.780953,11.686634,0,-106.327054,0;0;0;2.41000009;6.71000004;2.33999968;5.5800004;7.48000002;7.98999977;5.43999958;8.89999962;3.16999984;3.18999982;3.50999999;6.50999975;16.789999;14.8399992;25.1299992;32.4300003;14.3899994;15.0300007;10.3400002;18.5700016;23.039999;33.9099998;50.6100006;7.47999954;14.3899994;16.6199989;5.79999971;2.33999991;21.1000004;7.57999992;6.24000025;5.46999979;2;3.5999999;0;3.79999995;0.949999988,28.1599998;2.8499999;22.4500008;32.2999992;26.8999996;11.1499996;10.3899994;24.9699993;20.7399998;25.0199986;23.4099998;34.4300003;33.4900017;17.3000011;6.88999987;0;0;0;0;0;0;0;0;0;0;0;0;0;0;0;0;0;0;0;0;0;0;0;0;0;0;0;0;0;0;0.219999999;0.879999936;1.33999991;0.129999995;2.52999973;4.11000013;2.24999976;2.26999974;3.30999994;5.18999958;4.89999962;5.37999964;5.43999958;13.46;43.8199997,46,solid_clouds/keyframe_664.pcd
29040,-1.784524,11.69468,0,-106.43336,0;0.0102040814;0;2.75510192;6.66326571;2.32653046;5.38775539;6.62244797;8.04081631;5.53061199;8.75510216;2.92857122;3.29591823;3.46938777;9.10204124;15.1326532;15.3265305;25.5408154;31.7040825;14.500001;17.4693871;10;25.1938782;24.3673477;32.3877563;50;7.56122446;14.4489803;17.3163261;4.22448969;2.57142854;21.2448978;5.29591846;5.06122446;6.36734724;2;2.78571439;0;2.78571439;0,27.2959194;0.928571403;23.9489803;31.7346954;28.9183674;9.72449017;6.41836739;26.9183674;20.9795914;26.9591827;25.1326504;34.5816345;32.7448997;17.8265305;6.89795923;0;0;0;0;0;0;0;0;0;0;0;0;0;0;0;0;0;0;0;0;0;0;0;0;0;0;0;0;0;0;0;1.37755096;1.40816319;0.112244904;2.62244868;4.02040815;2.20408154;2.21428561;2.36734676;5.27550936;4.78571415;5.40816355;5.53061199;13.1632652;46.6734657,46,solid_clouds/keyframe_665.pcd
29120,0.196161,10.81263,0,-28.837618,0;0;0;0;10.8148146;1.98765433;0.901234627;0;7.58024693;0.160493821;0;0;4.01234579;22.9259262;18.9382725;15.4938288;29.1481476;38.3209877;92.3333282;57.5308647;43.8271599;23.1111126;0;0;0;1;0.753086448;10.9876537;5.3209877;8.75308704;0;2.58024693;0;2.79012346;0;2;0;1.75308645;1.77777779;0.962962985,23.9753094;25.6913586;23.1111107;20.0123463;15.8024693;30.7037048;6.0246911;1.7283951;1.7283951;1.5925926;1.82716036;0.135802478;1.71604931;1.93827152;0.0493827164;0;0;0;0;0;0;0;0;0;0;0;0;0;0;0;0;0;0;0;0;0;0;0;0;0;0;0;0;0;0;12.6419754;2.79012346;7.83950567;10.2469139;5.53086424;10.4691362;13.9629641;13.0987663;15.0617285;18.333334;21.5308628;28.0864201;26.4074078;32.9259262;30.8024673,46,solid_clouds/keyframe_666.pcd
29200,3.384603,9.346349,0,-126.622721,0;0;0;0;1.79999995;6.375;0;0;3.9749999;23.8999996;31.8624992;20.4625015;16.4875011;46.1000023;52.0625;94.8874969;25.9874992;23.3624992;20.3875008;9.86250019;11.187501;24.8625011;21.5625;18.5499992;17.7000008;9.30000019;10.6999998;10.7000008;16.7250004;0;0;0;0;0;0;0;1.60000002;0;0.800000012;0,2.38750005;28.6499996;20.8500004;9.11250019;12.0500011;8.9375;7.17500067;9.68750095;8.97500038;15.8375006;10.5749998;18.0374985;18.5499992;20.0749989;14.5375004;0;0;0;0;0;0;0;0;0;0;0;0;0;0;0;0;0;0;0;0;0;0;0;0;0;0;0;0;0;0;15.5500011;18.1749992;12.25;12.0500002;11.5875006;16.7750015;16.3250008;16.9249992;16.6375008;17.9750004;25;28.4375;34.6500015;37.0750008;36.3499985,46,solid_clouds/keyframe_667.pcd
29280,3.33235,9.30542,0,-126.66702,0;0;0;0;0;0;0;5.43617058;6.45744658;23.8829784;28.5106373;21.2021275;13.2553196;37.1595726;57.9042587;93.7766037;43.5744705;34.4787216;29.3829784;13.6595745;13.8297873;29.7127666;23.4574471;20.8829784;16.1914902;10.4787235;14.2978725;10.5212765;22.9361706;7.76595783;3.87234044;1.94680858;1.89361703;0;0;0;3.82978725;2.87234044;3.82978725;0,40.0638313;56.7127647;27.4148941;8.46808529;12.0531921;12.957448;9.94680882;11.4574471;10;13.0531912;11.4787226;16.595747;17.9042549;16.7127666;17.6170216;0;0;0;0;0;0;0;0;0;0;0;0;0;0;0;0;0;0;0;0;0;0;0;0;0;0;0;0;0;0;13.361702;17.180851;10.7659569;12.2765961;10.9574471;14.9787226;16.4148941;17.0851059;15.81915;15.1170216;24.2553215;28.2021275;35.1702118;42.8404236;40.138298,46,solid_clouds/keyframe_668.pcd
29360,3.351665,9.315854,0,-126.888378,0;0.0107526882;0;0;0;0;0;0.107526883;8.73118305;26.4193554;29.4193554;22.60215;13.5053768;39.6774178;55.9892502;93.6666641;42.2903214;35.6021538;28.7311859;16.0107536;13.0430107;30.2150555;23.9354839;20.1935501;16.5161285;10.698925;13.4731188;12.4838715;23.2365589;7.77419376;3.79569888;2.97849464;3;0;0;0;3.74193549;2.80645156;1.87096775;0.935483873,42.5913963;57.526886;26.8602161;7.58064461;14.0967731;10.1505375;10.9784946;11.6989241;11.1397848;12.4193554;12.8924732;16.9032269;18.0645161;16.7849464;18.2043018;0;0;0;0;0;0;0;0;0;0;0;0;0;0;0;0;0;0;0;0;0;0;0;0;0;0;0;0;0;0;13.5376348;16.7849464;10.8387098;11.4731188;10.9784956;15.032258;16.4946232;17.2043018;15.8602142;14.6774187;24.3118267;28.5483894;35.8387108;39.5914001;44.39785,46,solid_clouds/keyframe_669.pcd
29440,3.341337,9.306556,0,-126.904232,0;0;0;0;0;0;0;0;9.17346954;25.8877544;27.4897976;21.877552;11;39.9591827;50.0714264;88.5408173;41.5714264;32.5;28.3571434;15.1836739;13.0918369;26.3061218;23.7448997;21.1530609;14.4897966;10.1938782;15.4183674;11.0510206;20.0204086;6.37755108;4.38775539;5.75510216;1.83673465;0;0;0;4.234694;1.69387758;2.54081631;0,42.408165;53.81633;26.2244911;5.66326523;13.2959185;10.4285717;11.2755108;11.7040825;9.36734676;11.9591827;11.9897966;14.5714283;16.0408154;16.2244911;16.7857151;0;0;0;0;0;0;0;0;0;0;0;0;0;0;0;0;0;0;0;0;0;0;0;0;0;0;0;0;0;0;12.938776;17.0408154;10.4081631;10.8979588;10.9081631;14.8469391;14.7551022;16.2755108;14.0918369;13.5510206;23.5102043;26.5204086;34.122448;40.3265305;41.9591827,46,solid_clouds/keyframe_670.pcd
30080,8.421621,17.489617,0,-98.576432,0;0;0;1.92500007;6.01249981;4.98749971;7.17500019;3.2249999;11.9000006;13.6499996;18.5750008;40.3375015;22.7250004;13.4875002;8.47499943;6.9124999;8.82499981;19.5874977;13.5499992;12.9500008;15.4000006;10.5125008;3.11249995;18.1875;13.2875004;10.9499998;17.3875008;51.0499992;4.9124999;0.962499976;0;8.61250019;1.76250005;0.800000012;0;14.3500004;0;0.987500012;8.73750019;0,33.6875;57.9874992;14.750001;5.5374999;8.39999962;8.4375;8.47499943;13.9125013;21.0500011;26.1875019;39.8125;26.1875;13.6125002;5.9375;0;0;0;0;0;0;0;0;0;0;0;0;0;0;0;0;0;0;0;0;0;0;0;0;0;0;0;0;0;0;0;1.63750005;1.69999993;3.16250014;3.86249995;3.82500005;9.82499981;9.38749981;9.78750038;3.77499986;10.7625008;9.21249962;9.17500019;7.0625;9.13749981;19.0250015,46,solid_clouds/keyframe_671.pcd
30160,8.418187,17.461375,0,-98.490586,0;3.8125;0;2.0625;6.71875;6;9.859375;1.9375;7.359375;14.140625;2.34375;20.78125;18.9375;17.703125;8.21875;7.265625;6.5;16.3125;15.03125;8.796875;15.28125;13.828125;8.765625;10.515625;9.6875;9.546875;12.109375;28.359375;4.5;0;0;5.03125;4.484375;0.96875;0.96875;9.6875;0;0;5.390625;0,19.171875;53.546875;13.125;4.5;8.25;8.203125;8.21875;12.890625;20.71875;24.9375;40.1875;22.4375;6.78125;5.390625;0;0;0;0;0;0;0;0;0;0;0;0;0;0;0;0;0;0;0;0;0;0;0;0;0;0;0;0;0;0;0;1.71875;3.34375;1.375;2.4375;5.0625;8.453125;9.234375;10.421875;3.859375;13.515625;2.46875;0.875;0.125;0.09375;1.5625,46,solid_clouds/keyframe_672.pcd
30240,8.419068,17.493191,0,-98.804086,0;0;0;2.95161295;12.8870964;5.5;9.87096786;1.75806451;7.91935492;17.8064518;20.5;52.6774178;21.9838715;19.8387089;10;9.88709641;6.48387098;17.1451607;12.7741928;7.53225803;9.77419281;12.6774187;1.87096775;9.11290359;5.61290312;5.61290312;12.8870964;37.7419357;9.35483837;0;0;2.93548393;5.66129017;0.95161289;5.72580671;7.61290359;0;0;5.7096777;0,37.7903252;6.66129017;8.1935482;7.8064518;9.74193573;10;10;15.8225803;21.967741;27;42.4516144;20.9032269;9.54838753;5.7096777;0;0;0;0;0;0;0;0;0;0;0;0;0;0;0;0;0;0;0;0;0;0;0;0;0;0;0;0;0;0;0;0.90322578;3.16129041;2.43548393;4.16129017;5.17741919;8.25806427;10.5;11.9032259;4.45161295;14.0322571;13.6935482;9.2096777;9.77419376;12.9032259;26.5967712,46,solid_clouds/keyframe_673.pcd
30320,8.422904,17.496836,0,-98.927862,0;0;0;2.74626875;11.7761183;5.73134279;7.34328365;4.08955193;7.65671635;17.8955212;19.8208923;41.8656731;18.6417904;14.8507452;9.22388077;9.16417885;5.94029856;14.5671644;10.9253731;10.6716423;8.14925289;11.8805962;3.28358221;4.985075;5.98507452;6;13.7014923;42.4626884;0.835820913;0;0;0;5.11940289;1.77611947;4.46268654;3.68656707;0.776119411;0.776119411;7.22388029;0.776119411,30.2388077;9.77611923;4.73134327;7.89552212;8.95522404;9.08955288;9.22388077;13.7761183;21.1343288;25.1940289;40.1343269;16.985075;8.14925385;7.22388029;0;0;0;0;0;0;0;0;0;0;0;0;0;0;0;0;0;0;0;0;0;0;0;0;0;0;0;0;0;0;0;1.53731346;2.89552236;2.67164183;3.76119423;5.04477644;8.85074711;10.6716423;10.2985077;3.71641803;9.76119328;10.3731346;9.55223942;7.05970192;10.970149;25.1194,46,solid_clouds/keyframe_674.pcd
30400,8.439892,17.505411,0,-98.891376,0;0;0;2.84210515;6.36842108;5.88157892;8.30263138;3.26315784;7.02631569;16.4999981;20.3947372;44.1710548;20.671051;14.8026314;9;9.3684206;6.92105293;18.9473686;17.2763157;17.8552628;14.2894745;15.6184225;7.57894754;10.250001;12.2763157;10.9868422;17.8289471;42.6315804;9.94736862;0;0;1.89473689;2.65789485;2.28947377;5.44736862;3.92105269;0;0;6.90789509;0,36.2368393;59.0131569;14;5.8815794;8.94736862;8.97368336;9;14.2105265;21.657896;27.8421059;40.3552628;16.5263157;7.84210539;6.90789509;0;0;0;0;0;0;0;0;0;0;0;0;0;0;0;0;0;0;0;0;0;0;0;0;0;0;0;0;0;0;0;1;2.42105269;3.97368407;2.57894731;4.35526323;10.9868422;9.46052647;9.47368336;4.05263186;8.69736862;9.61842155;9.52631664;5.47368431;11.3684216;23.7368412,46,solid_clouds/keyframe_675.pcd
30480,8.419302,17.48415,0,-98.838297,0;0;0;2.93150687;4.84931517;5.08219194;8.35616398;2.68493152;17;19.4931507;19.6438351;40.0136986;22.1780834;15.8219185;8.93150711;9.76712227;6.08219194;15.7671232;12.8219185;13.0821915;10.0410957;13.5616436;6.04109573;12.09589;10.1643839;12.191781;16.8904095;48.8219185;3.7808218;0;0;3.80821919;5.49315071;0.876712322;5.68493128;5.65753412;0;0;6.90410948;0,32.739727;53.0136986;10.9452057;10.9589043;8.63013744;8.93150711;8.93150711;14.2328768;21.2602749;23.5890427;41;21.09589;7.80821896;6.90410948;0;0;0;0;0;0;0;0;0;0;0;0;0;0;0;0;0;0;0;0;0;0;0;0;0;0;0;0;0;0;0;1;3.49315071;2.79452038;3.35616422;3.94520545;8.52054787;8.61643791;11.1506853;3.73972607;10.6438351;10.1506853;9.45205498;6.71232891;10.4383554;22.4657536,46,solid_clouds/keyframe_676.pcd
30560,8.421304,17.478155,0,-98.748644,0;0;0;3.10810804;5.78378439;5.60810852;8.20270252;3.63513517;8.97297287;17.4459457;19.1351357;49.7702713;26.6486473;15.6216221;9.16216183;10.5810814;6.40540504;20.1621628;14.6216211;20.2297287;14.8243246;14.5270262;6.39189196;9.94594574;6.6621623;11.594594;19.3918915;51.9459457;6.60810852;0.972972989;0;2.90540552;5.82432413;0.986486495;6.8378377;4.86486483;0;0.986486495;5.90540504;0,38;56.6891937;14.4864874;4.85135174;9.02702713;9.16216183;9.16216183;15.1621609;21.905405;28.2567558;45.3648682;22.2972965;9.72972965;5.90540504;0;0;0;0;0;0;0;0;0;0;0;0;0;0;0;0;0;0;0;0;0;0;0;0;0;0;0;0;0;0;0;1.71621621;3.70270252;2.37837839;4.62162209;4.0405407;9.12162209;9.58108139;11.4459448;4.45945978;11.4459457;11.7837839;8.93243313;7.64864922;13.7162151;21.6756744,46,solid_clouds/keyframe_677.pcd
30640,8.436554,17.495719,0,-98.900302,0;0;0;2.78378391;5.5405407;5.48648643;7.79729748;1.52702701;7.09459448;15.4189196;20.4729748;41.121624;20.9459457;13.5540543;8.89189243;8.98648643;6.10810804;20.2162151;13.8513508;16.310812;11.5675678;16.905407;7.62162209;9.58108139;11.8108101;20.7567558;18.2297287;49.121624;2.77027035;0;0;0;4.48648643;1.70270276;3.87837839;2.87837839;0;0;8.59459496;0,32.6621628;58.5540543;14.5945959;5.05405426;8.78378487;8.90540504;8.89189243;13.4324341;21.6486492;28.0000019;44;19.4594574;6.75675678;8.59459496;0;0;0;0;0;0;0;0;0;0;0;0;0;0;0;0;0;0;0;0;0;0;0;0;0;0;0;0;0;0;0;0.986486495;2.32432437;2.27027035;2.86486483;5.1621623;9.72972965;8.02702713;8.31081104;4.24324322;8.91891861;9.48648643;9.10810852;5.79729748;11.3918915;18.0540524,46,solid_clouds/keyframe_678.pcd
30720,8.427804,17.494439,0,-98.81785,0;0;0;2.89743614;5.23076963;4.39743614;7.70512819;2.97435904;7.78205109;14.2948723;19.4102573;40.384613;19.5897446;12.9871788;8.28205204;9.2307682;6.11538458;18.1025639;14.0256405;12.6538458;12.1025648;10.7051287;6.20512867;8.82051373;11.8076935;13.9230766;15.8846149;43.8589745;5.34615421;0;0;0.807692289;5.05128193;2.71794868;4.60256386;2.88461542;0;0;6.65384626;0,31.1794891;49.7564087;11.9230785;5.41025686;8.15384674;8.28205204;8.28205204;13.3717957;19.9871788;27.1025658;35.6666679;20.1794872;5.76923084;6.65384626;0;0;0;0;0;0;0;0;0;0;0;0;0;0;0;0;0;0;0;0;0;0;0;0;0;0;0;0;0;0;0;0.884615362;2.69230747;2.96153855;2.51282024;5.01282024;9.20512867;7.57692385;9.3846159;3.42307687;8.3846159;8.85897541;8.82051373;5.08974361;10.5769234;20.3333321,46,solid_clouds/keyframe_679.pcd
30800,8.416889,17.473312,0,-98.748488,0;0.0135135138;0;2.94594598;5.01351357;4.72972965;10.0810814;1.58108103;6.47297287;17.1351337;18.6081085;51.0675659;25.7432442;17.3513508;9.35135078;9.64864826;9.20270252;17.2837849;15.7162161;9.97297287;14.1621618;20.3918915;7.22972965;9.93243217;10.5270271;18;20.7702694;53.9594574;4.91891909;1;0;1;5.83783817;2;4.90540552;5.86486483;0;1;5.79729748;0,35.8918915;60.7432442;14.2432432;5.90540552;9.1351347;9.22972965;9.35135078;15.3243237;21.8783798;29.6081085;46.716217;24.3243237;7.81081104;5.81081104;0;0;0;0;0;0;0;0;0;0;0;0;0;0;0;0;0;0;0;0;0;0;0;0;0;0;0;0;0;0;0;0.945945919;3.4594593;2.27027035;1.28378391;5.01351357;8.56756783;9.97297287;11.0405397;3.9594593;11.810811;12.4324331;8.64864826;7.405406;12.8648634;23.5675659,46,solid_clouds/keyframe_680.pcd
30880,8.429898,17.478488,0,-98.821519,0;0;0;3.02564096;5.16666746;4.55128193;6.91025686;2.37179494;7.24358988;17.5897446;19.4230785;43.1538467;22.9358978;15.1794872;8.66666698;8.83333397;7.26923132;19.782053;12.0256405;11.4230776;12.7564106;16.2051296;9.2435894;5.82051277;12.5384607;15.6025639;15.1282053;54;3.69230771;0;0;0.897435904;5.38461542;1.8974359;5.58974361;3.79487181;0;0.897435904;8.38461494;0,33.2692337;52.3461533;13.6794872;5.2564106;8.56410217;8.7435894;8.66666698;13.166667;20.3205147;28.0641041;41.7051239;21.9871807;8.48717976;7.48717928;0;0;0;0;0;0;0;0;0;0;0;0;0;0;0;0;0;0;0;0;0;0;0;0;0;0;0;0;0;0;0;0.897435904;2.24358964;2.55128193;3.97435904;3.70512843;8.60256386;10.166666;9.92307758;3.32051277;10.5256414;9.61538506;8.91025543;6.43589735;11.1538467;23.6153831,46,solid_clouds/keyframe_681.pcd
30960,8.424869,17.495573,0,-98.856225,0;0;0;1.76250005;4.42499971;4.29999971;7.17499971;2.23749995;5.9625001;16.4124985;19.3874989;38.9499969;18.4250011;15.0500002;8.39999962;9.08749962;5.76249933;16.5625;15.687501;16.6624985;13.937499;13.8874998;6.38750029;12.1124992;11.2624998;13.5375004;15.3500004;45.3375015;5.2750001;0;0;0;4.11249971;2.2874999;2.6500001;1.88750005;0.762499988;0;7.5;0,32.6375008;54.6749954;11.1875;5.4124999;8.25;8.32500076;8.39999962;13.2875004;19.4874992;27.0874996;37.4124985;20.5124989;3.7750001;7.5;0;0;0;0;0;0;0;0;0;0;0;0;0;0;0;0;0;0;0;0;0;0;0;0;0;0;0;0;0;0;0;0.887499988;1.3375001;2.5;1.4625001;4.0875001;9.63749981;8.70000076;8.1875;3.08749986;9.38750076;8.94999886;8.92499924;5.13749981;11.437499;20.8625011,46,solid_clouds/keyframe_682.pcd
31040,8.423412,17.483273,0,-98.801683,0.01369863;0;0;2.99999976;6.61643839;5.09589052;8.6575346;2.35616446;7.53424692;17.3424664;18.712328;45.8082161;24.1643848;15.6301374;8.904109;8.7808218;8;16.7671242;15.8493147;12.5616446;10.8767128;18.0000019;5.3287673;11.2465754;12.191781;19.2054787;13.356164;53.2054787;2.68493152;0;0;0;3.64383554;1.91780818;2.86301374;3.82191777;0;0;6.86301374;0,33;56.5342484;13.191782;5.01369858;8.63013744;8.904109;8.904109;14.191782;21.4657555;25.383564;45.2054787;19.0136967;5.72602749;6.86301374;0;0;0;0;0;0;0;0;0;0;0;0;0;0;0;0;0;0;0;0;0;0;0;0;0;0;0;0;0;0;0;1;3.02739716;3;5.35616446;3.95890427;9.13698673;9.67123318;10.0273972;3.79452062;11.4383564;10.1095896;9.69863033;6.6575346;11.7671242;20.3287678,46,solid_clouds/keyframe_683.pcd
31120,8.423336,17.477191,0,-98.733193,0;0;0;3.04054046;5.39189196;4.60810804;7.63513517;4.85135126;7.89189148;17.3108101;19.6351337;46.5675659;24.7837849;16.9594593;9.13513565;9.47297287;6.36486483;20.4054031;13.5675669;9.43243217;13.1756754;17.783783;7.22972965;8.82432365;12.4324331;14.1621628;17.0135136;53.5405426;4.72972965;0;0;3.63513517;6.52702713;1.86486483;4.86486483;7.70270252;0;0;4.9594593;0,35.0405388;54.8648643;15.5405416;5.48648643;8.89189243;9.13513565;9.13513565;14.9729738;22.4324322;23.2297287;44.5540543;25.405405;9.70270252;4.9594593;0;0;0;0;0;0;0;0;0;0;0;0;0;0;0;0;0;0;0;0;0;0;0;0;0;0;0;0;0;0;0;1.72972965;4.33783817;2.6621623;2.01351357;5.02702713;9.17567539;9.50000095;10.905406;3.74324322;11.5270271;10.8918924;8.9594593;7.58108044;12.7432432;21.3513489,46,solid_clouds/keyframe_684.pcd
31200,8.428312,17.491965,0,-98.529573,0;0.012820513;0;2.56410265;5.84615469;4.37179518;7.79487228;3.17948723;9.1153841;12.7692318;19.6153851;37.448719;21.0769253;13.1282063;8.30769253;8.8589735;5.44871759;20.3589725;13.051281;12.6025629;12.9102564;13.5641031;5.42307663;11.9871798;10.6153851;16.5641022;17.3076935;50.8076897;4.57692337;0;0;1.79487181;4.26923084;2.53846145;4.5;5.52564096;0;0.846153855;6.66666698;0,32.0384636;56.7051315;12.6153841;6.52564096;8.17948723;8.30769253;8.30769253;13.3846169;20.9743576;26.0897446;38.1025658;23.1538467;9.19230747;6.66666698;0;0;0;0;0;0;0;0;0;0;0;0;0;0;0;0;0;0;0;0;0;0;0;0;0;0;0;0;0;0;0;1.69230771;1.83333337;2.52564096;3.73076916;2.21794891;8.16666698;10.5641022;9.30769253;3.5256412;10.7307682;9;8.60256481;7.33333302;8.05128193;17.9230766,46,solid_clouds/keyframe_685.pcd
31280,10.786921,16.58679,0,-4.278226,0;0;0;1.76300573;1.96531785;1.63583803;11.2543354;7.46242714;16.5549145;17.2369957;24.1676292;9.08670521;8.35260105;23.9017334;19.6300583;20.4450874;10.6127167;14.6647406;9.58381557;16.9132938;18.1040459;9.99422073;14.2080927;7.56069374;0.947976887;3.37572265;10.4913292;9.00578022;6.76300573;6.02312136;13.3410406;6.86705208;34.4913292;40.4393082;12.6878614;25.8728333;44.9075127;50.4161835;23.757225;3.23699427,62.1791878;41.8612747;29.8728313;22.9306374;18;22.4855499;7.80924797;3.93063569;5.72254276;2.27745676;13.6300583;2.2716763;3.92485571;6.05780315;2.01156068;0;0;0;0;0;0;0;0;0;0;0;0;0;0;0;0;0;0;0;0;0;0;0;0;0;0;0;0;0;0;4.20809221;6.64161873;3.69364166;6.0924859;5.87283278;6.06936407;6.16184998;15.838151;21.1965332;28.6936398;51.537571;41.8843918;33.9537582;43.3988419;37.5144501,46,solid_clouds/keyframe_686.pcd
31360,11.31125,16.592932,0,-127.655885,0;0;0;0;0;0;0.392523378;2.14018679;2.43925214;14.7570086;85.6448517;51.6355171;58.6915932;48.6261673;73.7663574;32.028038;24.6915894;12.1121502;15.3644848;5.81308413;4.3457942;1.73831773;0;0;0;0;0;8;26.4112129;22.467289;4.61682224;0;0;0;0;0;0;15.1775694;8.26168251;3.5981307,46.1869164;44.0186958;5.77570105;7.71962595;6.37383223;5.10280418;7.51401854;7.00934601;7.5607481;11.4392529;7.93457937;16.6074772;18.1588783;24.8691597;15.3177557;0;0;0;0;0;0;0;0;0;0;0;0;0;0;0;0;0;0;0;0;0;0;0;0;0;0;0;0;0;0;9.00934601;17.8504677;15.5327091;18.6728954;14.8785048;16.476635;16.9252338;23.2523346;12.8224306;19.8691597;27.2429886;24.2242985;16.981308;11.0467291;46.3457947,46,solid_clouds/keyframe_687.pcd
31440,11.304696,16.591177,0,-127.338684,0;0;0;0;0;0;0.373737365;2.33333349;2.67676759;15.060606;84.3131332;46.0202026;58.5858574;42.3838425;69.0101013;33.4141388;16;14.4141417;7.15151501;2.55555558;1.35353529;0;0;0;0;0;0;9;24.0404034;23.30303;5.090909;0;0;0;0;0;0;12.030302;13.6767673;4.28282833,38.8383827;31.878788;5.3939395;7.48484802;6.52525234;4.78787851;8.19191933;6.19191885;5.50505018;12.5353537;8.46464729;16.2626266;17.9090919;21.0505066;15.4141407;0;0;0;0;0;0;0;0;0;0;0;0;0;0;0;0;0;0;0;0;0;0;0;0;0;0;0;0;0;0;9.27272701;18.0404034;12.6868687;16.030304;15.1717186;11.4343433;20.3232327;21.878788;12.3434343;21.4545441;26.1010113;23.1111107;16.8989906;10.9191914;44.969696,46,solid_clouds/keyframe_688.pcd
31520,11.294655,16.581664,0,-127.445088,0;0;0;0;0;0;0.378947377;2.48421049;2.86315775;16.7473679;86.5263138;50.8947334;56.3684158;44.484211;68.568428;33.9684219;21.9789467;12.8421049;8.46315765;1.81052637;0;0;0;0;0;0;0;7.78947353;25.2421055;22.842104;4.92631578;0;0;0;0;0;0;12.4210529;13.0947361;4.36842108,36.7368393;32.4421043;5.69473696;8.03157902;7.17894745;4.61052608;8.29473686;6.46315765;7.11578941;12.1052628;8.97894764;15.4526329;17.4947376;20.1473694;16.2210522;0;0;0;0;0;0;0;0;0;0;0;0;0;0;0;0;0;0;0;0;0;0;0;0;0;0;0;0;0;0;10.8105268;18.515789;12.2736845;14.9157896;15.8105268;12.610527;19.9789467;23.2842102;12.1157894;20.7368412;30.1052628;25.2736835;18.7789478;11.936842;44.9473686,46,solid_clouds/keyframe_689.pcd
31600,11.319067,16.575165,0,-127.457617,0;0;0;0;0;0;0.389473706;2.57894731;2.79999995;18.1684227;89.421051;49.6210518;59.5473709;39.8631592;73.2842178;34.4421043;20.9263172;12.0947371;8.6421051;2.89473677;0;0;0;0;0;0;0;6.69473696;25.3999996;21.610527;5.6421051;0;0;0;0;0;0;12.6736841;11.4315786;5.24210501,34.3684196;34.1473694;4.23157883;8.26315784;7.44210577;4.65263128;8.38947392;7.21052647;7.33684206;12.4421053;8.7368412;17.2421055;18.294735;21.9684219;17.389473;0;0;0;0;0;0;0;0;0;0;0;0;0;0;0;0;0;0;0;0;0;0;0;0;0;0;0;0;0;0;9.70526409;16.6736832;12.6315784;15.9789476;16.515789;13.5263157;19.1578941;22.1894741;12.7684202;22.2315788;28.642107;24.8000011;18.6210537;10.1263161;47.6842117,46,solid_clouds/keyframe_690.pcd
31680,11.315085,16.575064,0,-127.481469,0;0.0106382975;0;0;0;0;0.372340411;2.67021275;2.86170197;16.3085098;91.7553177;48.3936195;60.9148941;43.0957451;74.9680862;33.6595764;20.819149;12.0212765;8.71276569;1.90425539;0;0;0;0;0;0;0;6.68085098;25.2978706;22.8404236;4.77659607;0;0;0;0;0;0;12.8297873;11.9148941;5.34042549,34.6702118;33.7340393;4.90425539;8.21276569;7.51063871;5.07446814;7.78723383;7.26595736;7.38297892;12.5;8.7553196;18.1702137;18.6489372;22.1702118;16.361702;0;0;0;0;0;0;0;0;0;0;0;0;0;0;0;0;0;0;0;0;0;0;0;0;0;0;0;0;0;0;9.90425491;16.9787235;12.8404255;18.2553196;17.3723412;13.0425529;18.9574471;22.5;12.2659569;22.5212784;29.5638294;24.4361706;18.1276588;10.7553196;47.4787254,46,solid_clouds/keyframe_691.pcd
31760,11.307751,16.579344,0,-127.447267,0;0;0;0;0;0;0.390000015;2.38999987;3.22000003;13.9899998;88.0200043;44.7300072;58.8100014;43.25;67.7100067;33.5300026;21.5900002;10.46;7.05999994;2.55999994;0;0;0;0;0;0;0;7.13999987;25.9599991;22.4399986;3.84000015;0;0;0;0;0;0;12.0699997;11.5199995;5.11999989,36.9600029;31.3200016;3.98000002;7.9800005;7;4.69000006;8.11999989;7.63999987;7.23999977;12.0600004;8.35999966;16.3999996;17.9099998;22.0099983;15.1299992;0;0;0;0;0;0;0;0;0;0;0;0;0;0;0;0;0;0;0;0;0;0;0;0;0;0;0;0;0;0;9.49000072;15.7000017;13.5500002;16.5799999;14.0200005;12.5400009;19.6599998;20.710001;12.1800003;20.3500004;27.289999;23.7400017;17.75;9.19999981;46.2399979,46,solid_clouds/keyframe_692.pcd
31840,12.253938,16.406023,0,-15.362397,0;0;0;0;0.0228571426;7.81714296;9.75428581;6.89142847;0.0628571436;3.37142873;34.0971413;32.9428558;14.1542864;25.1371441;15.9657145;14.3885727;18.4285717;33.5600014;24.5714283;9.86857224;18.2628574;11.4114285;3.81714272;10.6171427;15.1371431;9.05142879;8.79428577;19.851429;15.6285715;46.8057137;47.9600029;20.297142;26.1885719;45.7999992;74.1085663;33.417141;16.0285721;0;0;0,44.9657135;42.6057129;50.7371445;40.6685715;27.2514305;34.8228531;41.565712;22.3771439;21.3485699;17.0000019;13.2514296;6.81714296;1.70285714;0.777142882;0.0171428565;0;0;0;0;0;0;0;0;0;0;0;0;0;0;0;0;0;0;0;0;0;0;0;0;0;0;0;0;0;0;2.59428573;5.4742856;2.69142866;6.4742856;5.80571413;3.27428579;11.2114286;11.1657152;12.3371439;16.9657135;23.3428574;45.5371475;61.3028564;46.0628586;54.0628586,46,solid_clouds/keyframe_693.pcd
31920,14.782985,16.196712,0,-78.466609,0;0.00884955749;0;0;0;0;0;0;1.20353985;16.6460171;75.6991196;35.8318596;43.6017685;43.8849564;40.5044289;24.6194668;14.1504421;23.1946907;28.8761063;21.2035408;14.2920351;23.8672562;39.6548691;24.5663719;46.221241;40.8053131;12.141593;14.2300892;19.6991158;5.47787571;11.283186;0;0;0;0;0;0;0;0;0,9.04424858;18.7522125;13.6637173;16.778759;28.1681404;34.6548691;48.6106186;48.2920341;55.9203491;40.2920303;37.504425;26.9026527;21.3185825;28.7256641;0;0;0;0;0;0;0;0;0;0;0;0;0;0;0;0;0;0;0;0;0;0;0;0;0;0;0;0;0;0;0;24.9469032;29.2654858;19.3008842;2.96460176;16.212389;11.1769915;8.68141651;13.2566376;4.76991177;8.9026556;8.46017742;8.3008852;10.2300892;15.6194687;10.9469032,46,solid_clouds/keyframe_694.pcd
32000,14.807613,16.151598,0,-73.901522,0;0;0;0;0;0;0;0;4.07017565;19.1140347;52.7631607;17.1403503;32.3508797;33.9824524;31.8157883;11.087719;7.69298267;17.6491222;20.8421059;17.4912281;13.3684206;10.9298239;21.3333321;24.1315784;46.087719;46.5263176;7.94736814;15.2368422;37.6315804;15.7105255;16.2807026;0;0;0;0;0;0;0;0;0,10.4649124;11.7543859;12.6052628;16.8070164;27.2719307;46.4298248;32.087719;45.3070145;30.8157883;33.8157883;19.5175438;20.0438595;29.6228065;20.1228065;9.3596487;0;0;0;0;0;0;0;0;0;0;0;0;0;0;0;0;0;0;0;0;0;0;0;0;0;0;0;0;0;0;17.0701752;23.6754398;5.77192974;12.6052618;10.0614033;10.4473696;11.3947353;6.33333349;5.17543888;8.03508759;5.38596535;9.23684311;7.68421125;12.1842108;10.0964918,46,solid_clouds/keyframe_695.pcd
32080,14.819578,16.148015,0,-73.894472,0;0;0;0;0;0;0;0;3.9130435;18.4000015;52.5826073;17.0521736;31.2000008;31.8521729;30.3478241;10.565218;10.260869;20.0608692;19.3217392;16.8608685;11.4521742;11.5739126;23.8434772;21.4695663;39.2521744;43.173912;7.56521749;17.8521729;38.4869537;12.956522;15.8782606;0;0;0;0;0;0;0;0;0,10.3391304;12.2869549;12.3565216;16.695652;29.3652153;39.086956;32.9565201;40.5304337;28.3478241;32.9826088;19.0347824;20.173912;29.0347824;19.4869576;7.37391281;0;0;0;0;0;0;0;0;0;0;0;0;0;0;0;0;0;0;0;0;0;0;0;0;0;0;0;0;0;0;16.6000004;24.8173904;6.72173929;12.7217388;10;10.3739128;11.3217402;4.44347811;6.79999971;7.0173912;6.14782619;9.03478241;7.66956568;12.2086954;9.9913044,46,solid_clouds/keyframe_696.pcd
32160,14.812051,16.152364,0,-73.889767,0;0.00877192989;0;0;0;0;0;0;3.78947353;19.6842098;51.2631607;16.9035072;35.2894707;30.6228065;35.5438576;9.67543793;7.76315784;18.2719288;21.6491222;18.342104;12.5175438;10.087719;23.4298248;23.6842079;42.8070145;50.429821;5.70175457;16.2631588;38.421051;11.8245611;16.9736843;0;0;0;0;0;0;0;0;0,10.4561415;12.3596506;12.5964918;16.8070164;28.8684216;41.9298286;33.6403503;43.8771896;30.6842117;31.3947353;20.8245621;20.0350876;30.6140347;20.7719307;10.0614033;0;0;0;0;0;0;0;0;0;0;0;0;0;0;0;0;0;0;0;0;0;0;0;0;0;0;0;0;0;0;17.0350876;24.7982464;6.48245621;12.8508768;10.0701752;10.4385977;11.1842098;6.35087776;3.94736838;6.90350914;6.21052647;9.23684311;7.24561501;13.1842108;10.0877199,46,solid_clouds/keyframe_697.pcd
32240,14.804551,16.15687,0,-73.896669,0.0090909088;0;0;0;0;0;0;0;4.29090929;18.6909084;58.3909111;18.7454529;37.9636345;31.9454556;35.3090897;11.1999998;8.29999924;18.5636368;20.9363651;17.1909084;16.7818184;10.6090908;25.5636368;24.3454552;56.8181839;51.3454552;3.4909091;19.6999989;36.8363647;11.7636366;15.9363642;0;0;0;0;0;0;0;0;0,11.136363;13.2818174;13.6272726;18.1454544;30.1181812;44.5818176;35.7454529;43.5454521;32.863636;35.2636375;23.1272736;21.7181816;33.5363617;23.4727287;9.80909061;0;0;0;0;0;0;0;0;0;0;0;0;0;0;0;0;0;0;0;0;0;0;0;0;0;0;0;0;0;0;16.363636;25.0000019;6.5181818;13.4363642;11.8545456;10.2545452;12.6000004;5.62727261;6.34545469;7.47272778;6.82727289;10.6454535;7.5;13.4636364;10.8454542,46,solid_clouds/keyframe_698.pcd
32320,14.809573,16.15342,0,-73.934018,0;0;0;0;0;0;0;0;4.07964611;19.3451328;52.849556;17.1858406;36.5575256;30.2831841;34.2389374;10.6991148;7.72566414;17.0973454;20.1150436;18.7964592;14.9203539;11.575222;24.5044231;22.3805313;43.9115028;46.5486755;5.02654839;16.9646015;37.353981;13.6902657;16.283186;0;0;0;0;0;0;0;0;0,10.5398235;12.4690266;12.504425;16.9557514;28.0884953;45.5840759;32.2477875;40.778759;29.5663738;33.221241;18.9557533;19.8672562;29.7610607;22.6637173;9.63716793;0;0;0;0;0;0;0;0;0;0;0;0;0;0;0;0;0;0;0;0;0;0;0;0;0;0;0;0;0;0;19.3185844;24.424778;5.82300901;13.3185844;10.1327429;10.5309734;11.6814156;5.32743359;5.8938055;7.26548672;6.1946907;9.2920351;6.89380598;13.2566366;9.93805313,46,solid_clouds/keyframe_699.pcd
32400,14.840774,16.168036,0,-22.363374,0;0;0;0.0340136066;0.00680272095;0.959183693;12.0340137;6.34693861;17.4829941;36.1904793;55.0952415;27.4285698;37.136055;29.8911533;32.1632652;24.2244892;25;17.1836739;24.0068016;22.3197289;12.3401356;19.0612259;31.6598644;30.4625835;56.8843498;68.4285736;30.2244892;31.1156464;47.605442;25.2380962;23.8163261;0;0;0;0;0;0;0;0;0,52.8367348;51.2312927;29.3469391;38.2516975;41.9455795;29.7959175;15.7687082;14.938776;14.9591837;22.4489803;20.9591827;22.6938782;17.6530609;11.8843527;0;0;0;0;0;0;0;0;0;0;0;0;0;0;0;0;0;0;0;0;0;0;0;0;0;0;0;0;0;0;4.04081678;6.73469448;6.35374165;5.40816307;10.5986395;9.05442238;10.0408163;7.734694;8.52380943;14.1632652;13.2721081;25.8367329;41.3129272;60.4693909;63.680275;72.4013596,46,solid_clouds/keyframe_700.pcd
32480,18.023745,15.756543,0,-57.218807,0;0;0;0;0;0;2.06870222;8.45801449;8.80916023;23.160305;54.3358803;31.6183205;21.2061062;43.6641235;37.442749;28.5572529;20.9160309;84.1908417;47.9542007;50.7404594;39.3664131;22.3664131;53.839695;20.6946564;14.7938938;0;0;0;0;0;0;0;0;0;0;0;0;0;0;0,26.274807;34.5419807;27.4732838;53.6335869;32.9770966;23.0839691;46.6793861;27.1603069;19.9770985;30.1374035;37.6717567;36.26717;16.0763359;10.641221;5.62595415;2.63358808;0;0;0;0;0;0;0;0;0;0;0;0;0;0;0;0;0;0;0;0;0;0;0;0;0;0;0;0;0;18.282444;14.198473;11.6564884;8.1832056;13.6030531;9.47328281;6.03816795;6.45038223;6.35877895;7.23664141;9.38931274;11.6870232;11.320611;23.236639;26.2137394,46,solid_clouds/keyframe_701.pcd
32560,18.066592,15.801892,0,-71.580061,0;0;0;0;0;0;0;0;4.99159718;23.7394962;53.949585;29.5210056;21;36.5714302;28.4621849;22.2773094;27.8319321;64.8403397;47.3781548;44.8235321;28.5042;20.8487377;49.4958;23.7983208;14.5042019;0;0;0;0;0;0;0;0;0;0;0;0;0;0;0,20.294117;24.3781509;25.1764698;31.1260529;29.6470585;32.2436981;35.5462189;30.2689075;23.9831924;18.0420189;19.084034;13.4621849;24.7815132;28.2352943;11.8823528;0;0;0;0;0;0;0;0;0;0;0;0;0;0;0;0;0;0;0;0;0;0;0;0;0;0;0;0;0;0;9.34453773;22.1344528;18.0588226;16.084034;12.3025208;11.2352943;9.63865566;10.4705887;7.70588303;12;7.54621887;7.99159718;7.45378208;8.35294151;14.0672264,46,solid_clouds/keyframe_702.pcd
32640,18.062348,15.807592,0,-71.546361,0;0;0;0;0;0;0;0;2.57264948;23.2136765;53.4786377;30.0170937;21.2820511;36.8888893;29.5470066;23.3247852;25.9401703;63.6666679;48.5470085;41.145298;26.7264957;20.102562;49.0085449;19.3931618;15.4700861;0;0;0;0;0;0;0;0;0;0;0;0;0;0;0,18.7264957;23.1965828;27.8376102;27.9829063;27.6239338;32.3846169;34.9572678;25.7008553;21.0683765;18.5384617;19.8803425;12.7435894;27.4615383;24.4358978;12.6495733;0;0;0;0;0;0;0;0;0;0;0;0;0;0;0;0;0;0;0;0;0;0;0;0;0;0;0;0;0;0;9.3846159;22.5299149;18.2222233;16.6239319;12.1623936;11.2478647;9.55555534;11.3076935;7.48717976;12.4615383;7.42735052;7.41880369;8.03418827;8.427351;12.8461542,46,solid_clouds/keyframe_703.pcd
32720,18.068044,15.807788,0,-71.53761,0;0;0;0;0;0;0;0;2.5462184;23.7563019;52.7142868;30.8067245;19.7815132;33.5462189;29.7226887;23.0672264;26.6386528;63.5210075;48.6134453;44.5378151;30.1344547;19.0924377;51.4705887;18.1596642;16.1428566;0;0;0;0;0;0;0;0;0;0;0;0;0;0;0,19.0924358;22.831934;24.7142849;29.4621849;28.4369736;33.0336113;37.3361359;27.8823528;23.3865547;18.4789925;19.789917;13.6974792;27.5126057;22.5630264;11.3949585;0;0;0;0;0;0;0;0;0;0;0;0;0;0;0;0;0;0;0;0;0;0;0;0;0;0;0;0;0;0;6.85714293;23.8151264;18.4621849;16.5630245;13.2857151;12.1176453;9.29411793;10.0756311;7.3949585;12.0756302;7.53781557;6.85714245;7.95798349;8.63865471;13.705883,46,solid_clouds/keyframe_704.pcd
32800,18.060965,15.800393,0,-71.517346,0;0;0;0;0;0;0;0;2.375;23.6750011;52.3083305;30.6999989;18.6000004;33.7000046;28.6833324;23.458334;25.3250008;64.4333267;45.2833328;42.6083298;27.333334;18.8166656;52.0416679;17.5666656;15.9333344;0;0;0;0;0;0;0;0;0;0;0;0;0;0;0,18.9833317;23.541666;24.9833355;28.916666;26.4000015;32.7166672;35.9000015;24.2583313;22.9666672;20.0416679;20.5750008;13.6000004;28.125;20.1583328;10.125;0;0;0;0;0;0;0;0;0;0;0;0;0;0;0;0;0;0;0;0;0;0;0;0;0;0;0;0;0;0;6.86666679;23.6000004;18.1833344;15.8000011;12.1083345;11.8249998;9.92500019;10.2250004;7.1500001;12.1166677;7.83333302;6.64166641;7.75833321;8.21666622;13.2999992,46,solid_clouds/keyframe_705.pcd
33520,22.365727,15.349159,0,-138.801076,0;0;0;0;0;0;4.63448238;5.48965502;6.88275862;16.2137928;21.034483;79.2000046;43.3586235;22.1862068;37.4344864;33.4413795;13.1448278;11.3310347;17.1310349;14.6482763;15.2068958;13.9724131;16.1310349;13.5241375;3.95862055;6.3103447;8.96551704;10.3103447;1;1.64827585;4.71034479;9.6068964;48.8827591;7.15862083;15.6965513;21.041378;52.0344849;12.6206894;0;0,15.0620689;16.1310349;10.4275856;11.3034477;13.2482758;12.7999992;11.2344818;12.7931023;12.1241379;11.9517231;17.2482738;12.2620687;12.1172409;16.4344826;11.1862068;0;0;0;0;0;0;0;0;0;0;0;0;0;0;0;0;0;0;0;0;0;0;0;0;0;0;0;0;0;0;1.62758613;9.63448334;17.6000004;17.0827599;30.7034473;41.1241417;33.8620682;39.8965492;33.9655151;33.7793121;23.965517;35.6965523;28.172411;24.8206882;20.6551723,46,solid_clouds/keyframe_706.pcd
33600,22.366579,15.34774,0,-138.72835,0;0;0;0;0;0;3.84507036;5.73239374;6.7323947;15.6830988;20.4577465;80.4506989;46.5563354;21.338028;39.4225349;35.161972;13.3169022;11.2746477;16.3239441;15.0704222;17.0704212;14.1760559;15.838028;13.7253523;5.45774603;7.42957735;9.85211182;10.4577465;1;1.98591542;4.03521109;9.90140915;44.5352097;9.06338024;14.2183094;19;51.5070419;15.7816896;0;0,14.8661966;16.4647884;11.5633802;11.4718313;13.7323933;12.2183104;11.246479;10.9366198;11.4295759;13.915493;17.6056347;12.330986;13.8661966;16.9788723;12.415494;0;0;0;0;0;0;0;0;0;0;0;0;0;0;0;0;0;0;0;0;0;0;0;0;0;0;0;0;0;0;1.57746482;8.87323952;19.6549282;16.161972;30.8591576;40.7042236;34.8873253;32.669014;36.4647903;34.9436646;25.8732395;37.9647903;27.253521;26.8028164;20.6690121,46,solid_clouds/keyframe_707.pcd
33680,22.371217,15.353786,0,-138.733152,0;0;0;0;0;0;3.31506848;6.54794502;7.05479431;16.6164379;18.2602749;79.7671204;43.5068512;22.6643848;35.4452057;32.8904114;14.7602739;9.90410995;15.4863005;17.3424644;18.4315071;15.5684919;16.3082199;12.4657536;3.26027393;8.5616436;10;8.52054787;1;0.643835604;5.73972607;7.83561659;46.5890388;12.6986294;14.3561649;22.0410957;50.8356171;15.0410957;0;0,15.3904114;15.8493147;10.9726028;10.904109;13.3561659;13.1643829;10.9589033;11.3219166;13.7671232;12.5342455;16.1917801;11.1712332;11.8219185;15.8150682;13.3150673;0;0;0;0;0;0;0;0;0;0;0;0;0;0;0;0;0;0;0;0;0;0;0;0;0;0;0;0;0;0;1.6095891;11.1369858;20.068491;14.9246569;32.6917839;41.7945213;37.1369858;40.2465782;31.4520531;35.90411;24.2054806;36.4863014;24.6575336;24.4041119;20.2054787,46,solid_clouds/keyframe_708.pcd
33760,22.367215,15.34663,0,-138.712145,0;0;0;0;0;0;4.37837839;6.1621623;7.82432461;15.2635136;20.6351337;80.3783798;40.216217;22.4189186;36.8310814;32.4729729;12.439189;11.3648653;18.25;15.5743246;15.7702703;15.5270271;15.4594593;13.344595;5.16891909;6.18918896;10.4594603;10.5405407;1;1.66891885;3.99324322;9.37162113;43.2972984;8.60135174;12.155406;19.7229729;50.5472946;14.2432432;0;0,14.3986492;16.7094593;10.1486492;12.0675688;12.3513517;11.6756763;11.5945959;11.1148653;11.7567568;12.0472984;16.3513527;12.1283779;11.8243237;16.1216221;12.5743256;0;0;0;0;0;0;0;0;0;0;0;0;0;0;0;0;0;0;0;0;0;0;0;0;0;0;0;0;0;0;2.52702689;9.844594;22.1756763;16.5135136;31.4729729;39.155407;34.7297287;33.5135117;33.2567558;32.0270271;26.405405;36.0472946;27.5608101;22.9121609;20.2635136,46,solid_clouds/keyframe_709.pcd
33840,22.39816,15.338582,0,-138.806653,0;0;0;0;0;0;3.66666675;4.70833349;6.70833397;17.3194447;18.4375;79.8888855;42.1527786;22.6319427;36.0069427;33.7708321;13.958333;10.791667;17.1388893;16.8819447;16.1805573;13.2361107;16.4722233;13.604167;3.96527767;8.26388931;10.3194447;10.8125;0;0.680555582;4.05555534;10.5069447;46.375;12.541667;14.0694447;21.3611107;47.7986107;16.6875;0;0,16.3055553;16.1875;11.0277786;10.7361107;13.354167;11.770834;12.020834;12.2986126;12.791667;11.2152786;16.4930534;12.7430553;12.041666;16.125;10.8055553;0;0;0;0;0;0;0;0;0;0;0;0;0;0;0;0;0;0;0;0;0;0;0;0;0;0;0;0;0;0;1.52777779;7.68055582;14.916667;18.1736107;30.9652767;41.9097214;38.4305534;34.8333359;33.8611107;34.9513893;26.5277786;36.2291679;29.75;24.854166;20.4652786,46,solid_clouds/keyframe_710.pcd
34400,24.564669,13.543479,0,142.620772,0;0;0;0;0;0;0;5.95808363;11.7245502;18.7544899;39.7724571;33.5149689;28.1377239;39.3952141;27.287426;29.1077843;51.053894;76.8083801;35.9580841;18.2994003;9.82035923;10.2634735;6.92215586;17.8742504;24.8502998;16.5449104;14.287425;15.8922157;5.67065859;1.44910181;5.1377244;10.3233538;2;0;8.13772392;14.6347313;24.2994003;27.8383236;9.23952103;17.616766,49.766468;53.0598793;45.8443108;36.6107788;22.4071846;17.7005997;7.35928154;28.3892231;20.6107807;25.3353291;15.5508986;14.1377249;7.19760418;14.0359287;7.89221525;0;0;0;0;0;0;0;0;0;0;0;0;0;0;0;0;0;0;0;0;0;0;0;0;0;0;0;0;0;0;19.3413162;19.8083839;17.0059891;22.5389214;19.1197586;11.8203592;23.7125759;18.9161682;19.8622761;23.1137695;29.9041901;10.7724562;9.53892231;19.3832321;27.8383236,46,solid_clouds/keyframe_711.pcd
34480,24.573501,13.537582,0,142.594129,0;0;0;0;0;0;0;5.73684216;16.2923965;21.4853802;38.0467834;35.350872;27.4619904;38.2339211;26.7543869;30.2222195;51.5029221;76.3625793;42;18.6900597;11.8245611;8.86549664;5.62573099;15.157896;24.3567238;18.33918;11.2339182;16.0116959;4.03508759;2.99415207;5.08187151;11.3918133;2;0;10.6315794;11.8771935;23.7777786;25.9298248;10.1169586;13.4619884,42.7309914;52.3859673;48.8771935;37.087719;19.0350876;15.8888884;6.38596487;31.2923965;20.7543869;26.7953205;14.9005852;14.1228065;7.67836237;14.4795322;7.85380125;0;0;0;0;0;0;0;0;0;0;0;0;0;0;0;0;0;0;0;0;0;0;0;0;0;0;0;0;0;0;19.7251453;18.0233898;17.081871;22.3274822;21.6959057;13.3567257;24.1403522;19.50877;21.5029259;23.8830414;31.0701733;13.3742685;9.73099422;20.2748547;24.8888912,46,solid_clouds/keyframe_712.pcd
34560,24.572146,13.544644,0,142.660069,0;0;0;0;0;0;0;6.33132458;16.8132534;22.69277;38.4759026;33.8192787;29.6987934;40.8674698;28.6987934;29.7228909;53.9156609;78.72892;42.1626511;17.0542183;10.7048197;12.8493967;3.92771077;14.3012047;23.1084328;17.1867466;12.2650595;17.6626511;5.62048197;2.22891569;5.24698782;11.3253012;3;0;8.92168617;11.451807;27.4096394;31.2831326;10.6566267;12.1686745,44.0301208;51.8132553;49.0662651;37.2831345;24.5240974;16.3012047;7.47590351;31.4397583;20.1024075;27.7168655;15.3433733;14.740963;7.37951803;14.4698792;8.03012085;0;0;0;0;0;0;0;0;0;0;0;0;0;0;0;0;0;0;0;0;0;0;0;0;0;0;0;0;0;0;20.4578323;20.8975887;17.9277096;20.6927719;21.3795166;14.1144581;24.8915672;20.6506023;22.9277115;23.9819279;33.3493958;11.7289162;10.7771072;20.9156609;25.8915672,46,solid_clouds/keyframe_713.pcd
34640,23.874459,11.739314,0,-149.311963,0;0;0.0592592582;7.51111078;11.6296301;8.11851883;8.82962894;9.24444485;7.99259281;4.39259291;5.66666651;3.88888884;3.91111112;4.56296301;9.00740814;10.4740744;8.08888912;3.65185189;5.9333334;1.86666667;3.72592592;3.82962966;8.25925922;10.1037035;15.8962955;25.6740742;26.9777794;14.125926;24.4148159;14.9777775;13.207407;13.9185181;12;16.3925934;24.333334;18.6222229;14.1777782;6.39259243;7.37777805;24.7259254,5.46666622;2.62962937;5.14073992;2.13333321;3.2148149;1.57037044;3.05925941;1.77777791;1.51851857;3.1481483;2.28888893;1.15555573;0.214814812;0.800000012;1.04444444;0.970370412;0;0;0;0;0;0;0;0;0;0;0;0;0;0;0;0;0;0;0;0;0;0;0;0;0;0;0;0;0;2.38518524;12.8592587;28.4518509;29.2444439;36.9111099;49.2296295;35.6814804;38.1925926;32.7777786;39.755558;30.0518513;19.2592602;11.7111111;4.72592545;6.59259272,46,solid_clouds/keyframe_714.pcd
34720,23.829641,11.769488,0,94.0611,0;0;0;0;0;3;7;1.89570558;9.34969234;7.57668734;10.1963196;44.1533737;31.7116585;28.6809807;24.8895683;18.7791424;16.2331295;39.4294472;33.7852745;38.2147255;64.9447861;49.4171753;18.2453995;16.2699394;20.2699394;20.3865032;11.7177916;7.53987694;7.73619652;1.68098164;0;8.38036823;2;7.36196327;7.76073599;22.6809807;14.8773003;8.84049129;27.8588943;19.509203,38.2883453;29.0306759;15.1472387;12.957056;18.6134987;25.6809826;30.0981598;38.1165657;31.4233131;38.8773041;28.4417171;16.993866;26.503067;19.4417171;0;0;0;0;0;0;0;0;0;0;0;0;0;0;0;0;0;0;0;0;0;0;0;0;0;0;0;0;0;0;0;0.036809817;6.77300596;11.1840487;10.3190193;8.28834343;5.11656427;3.56441712;9.19018364;42.5460091;32.0000038;31.0981598;29.4049072;27.3374233;36.7791443;29.1226997,46,solid_clouds/keyframe_715.pcd
34800,23.837128,11.77596,0,94.053822,0;0;0;0;0;4;6.8687501;2.50625014;9.27499962;7.3187499;7.7437501;43.2000008;31.9874992;28.8687515;22.5437508;21.9187489;18.7000008;41.84375;29.8125;34.8125;58.15625;49.9062462;13.5812502;17.1687508;20.2874985;23.6875019;6.29375029;10.8312492;5.66249943;1.73749995;0;9.38124943;0;7.1500001;7.6312499;20.3687496;13.2124996;9.75624943;26.8875008;19.0687504,36.4624977;25.0437508;17.8562469;11.4875002;18.5874996;29.2562504;31.1875;37.8187485;27.0124989;37.6187515;28.90625;17.2062511;23.1312504;17.3999996;0.6875;0;0;0;0;0;0;0;0;0;0;0;0;0;0;0;0;0;0;0;0;0;0;0;0;0;0;0;0;0;0;0;8.19374943;8.64999962;10.531249;6.61249924;5.48124981;3.3375001;8.88125038;39.6249962;33.625;28.9125004;28.4812489;25.6062508;34.0812454;30.4875031,46,solid_clouds/keyframe_716.pcd
34880,23.83118,11.778482,0,94.229339,0;0;0;0;0;4;6.71165609;3.0306747;9.03067398;7.89570522;9.78527546;38.6012306;32.3435593;25.98773;23.4171772;18.2883415;16.496933;40.6625786;31.4785271;35.5460129;57.8772964;44.1533775;16.1349697;13.6134968;20.509201;20.2085896;6.71779108;9.77914143;5.12883472;1.70552146;0;11.2331285;0;6.12883377;8.83435535;17.2822094;15.6687107;8.98159504;25.5582809;19.6564407,38.3128815;22.6134987;12.3803673;11.981595;20.4110432;27.6012268;30.1165657;31.5766869;26.4110413;39.460125;26.4846611;16.8159504;23.6257668;17.2269936;1.21472394;0;0;0;0;0;0;0;0;0;0;0;0;0;0;0;0;0;0;0;0;0;0;0;0;0;0;0;0;0;0;0;8.70552158;8.71779156;11.6871166;5.82208586;4.70552158;3.11042953;9.47852802;34.6625748;31.7239246;29.4662571;28.4049091;25.9325161;35.0184059;28.7791405,46,solid_clouds/keyframe_717.pcd
34960,23.844479,11.75255,0,94.388259,0;0;0;0;0;2.83225799;6.9806447;4.03870964;9.49032402;7.81935501;9.36128998;40.9741936;32.522583;27.5677414;26.0258045;19.3677406;21.1032257;46.1935501;35.0322609;44.4645195;67.1677399;43.6967697;16.0516129;11.0516129;16.2516136;18.4516125;8.49032211;10.967742;6.81290293;0;0;10.0451612;0;5.47741938;10.2967739;19.7935486;23.4774189;8.98064518;31.9419346;14.5483875,46.0258064;23.6129036;12.000001;14.3096771;23.2064514;27.4645138;32.4258041;32.819355;22.9419346;44.1290321;28.0967731;21.2193546;27.0967731;20.0387096;2.21935487;0;0;0;0;0;0;0;0;0;0;0;0;0;0;0;0;0;0;0;0;0;0;0;0;0;0;0;0;0;0;0.0258064512;7.24516106;9.39354801;10.2774191;7.83870935;4.58064508;3.1935482;9.19999981;31.4064484;32.5483856;29.7354832;30.5806446;26.8129025;38.5677414;38.2645149,46,solid_clouds/keyframe_718.pcd
35040,23.835387,11.77913,0,94.224499,0;0;0;0;0;3;6.81481504;2.78395057;9.3209877;8.6790123;8.42592525;42.8333359;31.7716007;26.5555573;23.8580246;18.4629631;20.5864182;40.1111145;27.2839508;40.6975288;57.3827133;47.6790161;18.0987663;16.9506187;20.1358032;24.8518524;5.60493803;9.08642006;8.27160549;1.62962961;0;7.29629612;2;6.37036991;8.18518543;16.2962971;12.9259262;6.92592621;27.1851864;17.7037048,38.7530861;24.7469139;15.4320993;11.9691353;20.7345676;28.2777786;30.0246925;35.7098732;29.7160473;38.7407379;25.2962952;13.2592592;19.8148155;18.666666;0.919753075;0;0;0;0;0;0;0;0;0;0;0;0;0;0;0;0;0;0;0;0;0;0;0;0;0;0;0;0;0;0;0.0185185187;6.13580227;9.93209743;9.63580322;7.45679092;5.28395081;3.19753098;9.83333302;40.6111107;30.827158;27.9691353;30.6172829;25.5493813;34.3518524;32.2839508,46,solid_clouds/keyframe_719.pcd
35120,23.871589,11.755891,0,100.287516,0;0;0;0;0;0.902597427;8.46103954;8.40259743;6.27922058;13.3246746;6.00649309;34.9805183;34.9545479;34.9805222;46.922081;26.2142868;27.2207794;52.8636398;42.7532463;57.8961067;70.7987061;49.2207756;10.8831167;11.4935074;17.1753254;18.136364;9.57792187;8.8376627;4.55194807;2.34415579;0;8.74025917;4.53246784;2;9.23376656;14.3441563;27.4740257;9.66883087;30.5389614;18.0714283,41.3441582;12.818181;16.1233768;25.7792225;27.6753235;30.168829;40.3311691;41.0974045;49.0324669;40.4935074;27.8506508;28.0844154;22.5064926;4.66883135;0.88961041;0;0;0;0;0;0;0;0;0;0;0;0;0;0;0;0;0;0;0;0;0;0;0;0;0;0;0;0;0;0;6.83116865;8.91558552;12.6818171;1.94155848;4.81818151;5.88311672;9.87662315;27.9610386;27.9935055;30.8116894;25.4870129;20.2532463;39.2532501;45.3116875;52.9025993,46,solid_clouds/keyframe_720.pcd
35200,20.846022,12.68309,0,161.784225,0;0;0.441340774;2.14525127;0.0223463681;3.56424594;6.20111704;4.84357595;5.37430191;34.4301682;29.2290516;15.3463678;10.0614519;4.60893869;14.2011175;25.8268166;17.9776535;28.2681561;56.6256981;53.3016777;33.6983261;24.7039108;18.0111732;6.51955318;1.97765362;11.9608936;14.7709503;30.0446911;15.4078217;42.7765388;44.2793312;28.0055866;63.7150841;46.4636879;30.5474873;0;0;0;0;0,57.7039108;54.6592178;54.8994446;50.6368713;40.3296051;12.7765369;13.9050283;5.31843615;4.91061497;4.44134045;2.38547492;1.93854737;1.93296087;0.536312878;0.553072631;0.541899443;0;0;0;0;0;0;0;0;0;0;0;0;0;0;0;0;0;0;0;0;0;0;0;0;0;0;0;0;0;4.50279331;5.97206736;9.24581146;7.56424618;22.8994408;24.9385471;24.5363121;26.7597771;22.7039108;35.3240242;27.0949707;36.6145287;43.3240204;67.2290497;59.1731834,46,solid_clouds/keyframe_721.pcd
35840,1.033373,7.445428,0,-76.715641,0;0;0;0;0;5.43434334;12.1717167;16.787878;11.9595957;13.7777777;27.3535347;44.272728;39.7676773;28.3232327;46.3131294;96.1818161;67.3030319;25.9191914;16.5656567;9.030303;22.9292927;20.4444447;50.515152;22.2222214;10.212121;11.1313133;12.9494944;7.64646482;4.68686867;0.868686855;2.73737383;5.64646435;5.3939395;7.17171717;2;3.69696975;0.898989916;10.69697;0;1.89898992,10.333334;5.32323265;3.15151525;10.2727261;7.3939395;13.212122;17.1919174;35.1919212;27.3535347;29.4646454;28.969698;17.787878;21.7676773;25.5555553;17.5353546;0;0;0;0;0;0;0;0;0;0;0;0;0;0;0;0;0;0;0;0;0;0;0;0;0;0;0;0;0;0;12.6161613;7.5757575;13.090909;28.3737392;21.1111107;25.8282814;30.4747467;44.030304;26.9696999;45.9191933;24.424242;1;44.5656548;51.1717186;17.2525253,46,solid_clouds/keyframe_722.pcd
35920,0.367258,5.955303,0,-110.907505,0;0.00970873795;0;0;0.0582524277;6.15534019;7.79611683;9.89320469;29.1456337;39.9223328;6.75728178;5.20388365;10.7475729;14.3883495;16.7669907;9.78640747;9.5825243;16.3883495;15.9320393;39.699028;16.4271851;8.56310749;12.2038841;5.36893177;9.43689346;2.7475729;1.80582523;4.93203926;5.4951458;2.60194182;5.05825233;3.60194182;5.60194159;0.728155315;12.699029;11.1844654;4.4951458;45.9902916;0;0,7.12621355;42.1650467;27.6116505;46.951458;18.6990299;24.8640785;6.5048542;0.932038903;9.33980656;9.11650467;2.30097079;2.28155351;1.63106811;7.05825233;1.26213598;0;0;0;0;0;0;0;0;0;0;0;0;0;0;0;0;0;0;0;0;0;0;0;0;0;0;0;0;0;0;6.16504812;6.36893177;5.67961168;5.32038832;3.29126191;7.0097084;4.60194159;8.22330093;9.0776701;10.7864084;14.8058252;20.6407776;22.0388336;36.0679626;29.2524261,46,solid_clouds/keyframe_723.pcd
36000,-0.586285,4.688591,0,34.708208,0;0;0;0;0;10.6625004;1.4375;13.5749998;9.47500038;0.887499988;0;0;0;3.875;16.1499996;44.4249992;83.4625015;69.7750015;39.2125015;52.2125015;33.375;39.8624992;19.4874992;32.8250008;29.2875004;12.4875011;0;0;0;0;0;0;0;0;0;0;0;0;0;0,31.8250008;18.0499992;37.8375015;29.4000015;15.9624996;10.1999998;19.4125004;20;13.3625002;20.2125015;19.9625015;19.2125015;11.875;13.6124992;15.0749989;0;0;0;0;0;0;0;0;0;0;0;0;0;0;0;0;0;0;0;0;0;0;0;0;0;0;0;0;0;0;0;4.8125;14.625;5.3499999;3.38750005;2.7249999;2.36249995;2.29999995;2.36249995;27.6249981;21.4875011;30.0750008;30.4375;39.5625;29.3625011,46,solid_clouds/keyframe_724.pcd
36080,-0.590869,4.537977,0,34.775775,0.0120481923;0;0;0;0;9.93975735;3.32530117;12.5783129;9.18072319;0.963855445;0;0;0.939759016;0;17.9638557;50.8795166;73.3493958;81.7108459;40;51.1325264;40.9397583;38.7228889;19.7590351;30.9638557;28.3012047;17.9879513;0;0;0;0;0;0;0;0;0;0;0;0;0;0,29.1927719;16.9277096;39.7469902;29.5060253;18.2048187;10.9397583;19.9638557;19.9879513;17.1445789;19.0120468;18.9879513;19.9638557;11.7590361;15.8433733;16.0843372;0;0;0;0;0;0;0;0;0;0;0;0;0;0;0;0;0;0;0;0;0;0;0;0;0;0;0;0;0;0;5.65060234;4.61445761;15.4096375;4.14457846;3.32530141;5.37349367;2.22891569;2.16867471;2.22891569;28.710844;22.3012047;28.951807;29.5060253;35.855423;34.9156647,46,solid_clouds/keyframe_725.pcd
36160,-0.570417,4.561534,0,34.746576,0;0;0;0;0;8.05618;3.22471905;7.38202286;8.85393238;0.932584286;0;0;0;0.146067411;14.6179771;49.6292114;73.4157257;80.6966248;51.8988762;54.44944;48.8539314;37.2022476;22.6404495;29.280899;26.4606743;14.6853933;0;0;0;0;0;0;0;0;0;0;0;0;0;0,46.44944;16;36.943821;29.5730343;16.7865181;10.7528095;19.4044933;18.5393257;16.2921352;20.2359543;19.33708;19.3483143;11.5505619;16.4269676;14.7640448;0;0;0;0;0;0;0;0;0;0;0;0;0;0;0;0;0;0;0;0;0;0;0;0;0;0;0;0;0;0;0.932584286;6.5617981;16.9775295;4.07865191;3.14606738;5.13483238;2.14606738;2.10112357;2.14606738;24.5168514;27.8089886;29.3595505;28.4606743;34.6966286;31.9550552,46,solid_clouds/keyframe_726.pcd
36240,-0.58706,4.541333,0,34.78773,0;0;0;0;0;9.04705906;3.34117675;7.5411768;8.11764717;0;0;0;0;0.152941182;14.6000004;48.6470566;73.9529343;82.1647034;50.6588211;51.458828;39.2352943;39.0235291;20.2000008;31.3294106;27.0352936;16.9882355;0;0;0;0;0;0;0;0;0;0;0;0;0;0,29.5058823;17.364706;38.1764679;29.8588238;16.8588238;10.7294121;19.4941158;18.705883;17.8352928;19.611763;19.5647049;19.6235275;11.6235304;16.2588234;14.7529411;0;0;0;0;0;0;0;0;0;0;0;0;0;0;0;0;0;0;0;0;0;0;0;0;0;0;0;0;0;0;2.85882354;5.58823538;13.364706;3.21176505;5.15294123;4.47058821;2.24705887;2.21176481;2.21176481;24.7176456;28.2705879;31.0588226;30.9529419;34.388237;32.8235283,46,solid_clouds/keyframe_727.pcd
36320,-0.571493,4.551012,0,34.770464,0;0;0;0;0;9.33333492;3.33333325;6.69135857;9.46913624;0;0;0;0;0;16.4444447;50.0493774;76.7283936;81.8395004;51.5802498;54.3086472;39.4938278;40.4074097;19.1111107;32.629631;30.8148155;13.5308638;0;0;0;0;0;0;0;0;0;0;0;0;0;0,31.7037048;19.0493832;38.7777824;30.9629631;17.6296291;11.2222223;20.2962971;19.3703709;16.2222214;20.2962971;19.3456783;20.2592583;12.0493822;16.1604939;16.4444447;0;0;0;0;0;0;0;0;0;0;0;0;0;0;0;0;0;0;0;0;0;0;0;0;0;0;0;0;0;0;0;3.88888884;14.8024683;4.23456812;3.32098794;5.27160501;2.27160501;2.23456812;2.23456812;25.1111088;30.209877;31.0246906;29.9753075;36.7160492;34.6790123,46,solid_clouds/keyframe_728.pcd
