# command: ros2 run tf2_ros tf2_echo map base_footprint
# started: 2026-05-24 16:52:53 +0800
[INFO] [1779612774.401817669] [tf2_echo]: Waiting for transform map ->  base_footprint: Invalid frame ID "map" passed to canTransform argument target_frame - frame does not exist
[INFO] [1779612776.236107903] [tf2_echo]: Waiting for transform map ->  base_footprint: Invalid frame ID "base_footprint" passed to canTransform argument source_frame - frame does not exist
[INFO] [1779612778.233036689] [tf2_echo]: Waiting for transform map ->  base_footprint: Invalid frame ID "base_footprint" passed to canTransform argument source_frame - frame does not exist
[INFO] [1779612779.234457189] [tf2_echo]: Waiting for transform map ->  base_footprint: Could not find a connection between 'map' and 'base_footprint' because they are not part of the same tree.Tf has two or more unconnected trees.
At time 1779612778.759472370
- Translation: [6.009, 10.915, -1.236]
- Rotation: in Quaternion (xyzw) [-0.016, 0.041, 0.663, 0.747]
- Rotation: in RPY (radian) [0.031, 0.082, 1.453]
- Rotation: in RPY (degree) [1.776, 4.678, 83.272]
- Matrix:
  0.117 -0.992  0.040  6.009
  0.990  0.120  0.077 10.915
 -0.082  0.031  0.996 -1.236
  0.000  0.000  0.000  1.000
At time 1779612780.862643718
- Translation: [6.013, 10.915, -1.237]
- Rotation: in Quaternion (xyzw) [-0.015, 0.041, 0.663, 0.747]
- Rotation: in RPY (radian) [0.031, 0.082, 1.453]
- Rotation: in RPY (degree) [1.786, 4.672, 83.268]
- Matrix:
  0.117 -0.992  0.040  6.013
  0.990  0.120  0.077 10.915
 -0.081  0.031  0.996 -1.237
  0.000  0.000  0.000  1.000
At time 1779612782.65986633
- Translation: [6.011, 10.916, -1.239]
- Rotation: in Quaternion (xyzw) [-0.015, 0.041, 0.663, 0.747]
- Rotation: in RPY (radian) [0.031, 0.081, 1.453]
- Rotation: in RPY (degree) [1.767, 4.652, 83.234]
- Matrix:
  0.117 -0.992  0.040  6.011
  0.990  0.120  0.077 10.916
 -0.081  0.031  0.996 -1.239
  0.000  0.000  0.000  1.000
At time 1779612783.66265344
- Translation: [6.012, 10.918, -1.241]
- Rotation: in Quaternion (xyzw) [-0.015, 0.041, 0.663, 0.747]
- Rotation: in RPY (radian) [0.032, 0.081, 1.453]
- Rotation: in RPY (degree) [1.809, 4.635, 83.237]
- Matrix:
  0.117 -0.992  0.041  6.012
  0.990  0.120  0.076 10.918
 -0.081  0.031  0.996 -1.241
  0.000  0.000  0.000  1.000
At time 1779612784.67612409
- Translation: [6.010, 10.914, -1.240]
- Rotation: in Quaternion (xyzw) [-0.015, 0.041, 0.663, 0.747]
- Rotation: in RPY (radian) [0.031, 0.081, 1.452]
- Rotation: in RPY (degree) [1.793, 4.658, 83.220]
- Matrix:
  0.118 -0.992  0.041  6.010
  0.990  0.121  0.077 10.914
 -0.081  0.031  0.996 -1.240
  0.000  0.000  0.000  1.000
At time 1779612785.69034576
- Translation: [6.009, 10.915, -1.238]
- Rotation: in Quaternion (xyzw) [-0.016, 0.041, 0.663, 0.747]
- Rotation: in RPY (radian) [0.031, 0.081, 1.453]
- Rotation: in RPY (degree) [1.760, 4.669, 83.237]
- Matrix:
  0.117 -0.992  0.040  6.009
  0.990  0.120  0.077 10.915
 -0.081  0.031  0.996 -1.238
  0.000  0.000  0.000  1.000
At time 1779612786.70551633
- Translation: [6.009, 10.915, -1.238]
- Rotation: in Quaternion (xyzw) [-0.015, 0.041, 0.664, 0.747]
- Rotation: in RPY (radian) [0.031, 0.081, 1.454]
- Rotation: in RPY (degree) [1.804, 4.649, 83.309]
- Matrix:
  0.116 -0.992  0.041  6.009
  0.990  0.119  0.077 10.915
 -0.081  0.031  0.996 -1.238
  0.000  0.000  0.000  1.000
At time 1779612787.72092533
- Translation: [6.006, 10.913, -1.238]
- Rotation: in Quaternion (xyzw) [-0.015, 0.041, 0.663, 0.747]
- Rotation: in RPY (radian) [0.031, 0.081, 1.454]
- Rotation: in RPY (degree) [1.765, 4.656, 83.295]
- Matrix:
  0.116 -0.992  0.040  6.006
  0.990  0.119  0.077 10.913
 -0.081  0.031  0.996 -1.238
  0.000  0.000  0.000  1.000
At time 1779612788.73617219
- Translation: [6.008, 10.917, -1.238]
- Rotation: in Quaternion (xyzw) [-0.015, 0.041, 0.663, 0.747]
- Rotation: in RPY (radian) [0.032, 0.081, 1.453]
- Rotation: in RPY (degree) [1.813, 4.662, 83.223]
- Matrix:
  0.118 -0.992  0.041  6.008
  0.990  0.120  0.077 10.917
 -0.081  0.032  0.996 -1.238
  0.000  0.000  0.000  1.000
At time 1779612789.75417757
- Translation: [6.010, 10.917, -1.238]
- Rotation: in Quaternion (xyzw) [-0.015, 0.041, 0.663, 0.747]
- Rotation: in RPY (radian) [0.031, 0.081, 1.453]
- Rotation: in RPY (degree) [1.792, 4.659, 83.270]
- Matrix:
  0.117 -0.992  0.041  6.010
  0.990  0.120  0.077 10.917
 -0.081  0.031  0.996 -1.238
  0.000  0.000  0.000  1.000
At time 1779612790.78283548
- Translation: [6.009, 10.913, -1.235]
- Rotation: in Quaternion (xyzw) [-0.015, 0.041, 0.663, 0.747]
- Rotation: in RPY (radian) [0.031, 0.082, 1.453]
- Rotation: in RPY (degree) [1.788, 4.683, 83.277]
- Matrix:
  0.117 -0.992  0.041  6.009
  0.990  0.120  0.077 10.913
 -0.082  0.031  0.996 -1.235
  0.000  0.000  0.000  1.000
At time 1779612791.78479528
- Translation: [6.009, 10.911, -1.238]
- Rotation: in Quaternion (xyzw) [-0.016, 0.041, 0.663, 0.747]
- Rotation: in RPY (radian) [0.031, 0.081, 1.453]
- Rotation: in RPY (degree) [1.757, 4.661, 83.266]
- Matrix:
  0.117 -0.992  0.040  6.009
  0.990  0.120  0.077 10.911
 -0.081  0.031  0.996 -1.238
  0.000  0.000  0.000  1.000
At time 1779612792.79711437
- Translation: [6.011, 10.918, -1.240]
- Rotation: in Quaternion (xyzw) [-0.015, 0.041, 0.663, 0.747]
- Rotation: in RPY (radian) [0.031, 0.081, 1.452]
- Rotation: in RPY (degree) [1.788, 4.631, 83.222]
- Matrix:
  0.118 -0.992  0.041  6.011
  0.990  0.120  0.076 10.918
 -0.081  0.031  0.996 -1.240
  0.000  0.000  0.000  1.000
At time 1779612793.82987546
- Translation: [6.008, 10.916, -1.239]
- Rotation: in Quaternion (xyzw) [-0.015, 0.041, 0.663, 0.747]
- Rotation: in RPY (radian) [0.031, 0.081, 1.453]
- Rotation: in RPY (degree) [1.789, 4.643, 83.249]
- Matrix:
  0.117 -0.992  0.041  6.008
  0.990  0.120  0.077 10.916
 -0.081  0.031  0.996 -1.239
  0.000  0.000  0.000  1.000
At time 1779612794.82829475
- Translation: [6.005, 10.915, -1.239]
- Rotation: in Quaternion (xyzw) [-0.015, 0.041, 0.663, 0.747]
- Rotation: in RPY (radian) [0.032, 0.081, 1.452]
- Rotation: in RPY (degree) [1.807, 4.662, 83.222]
- Matrix:
  0.118 -0.992  0.041  6.005
  0.990  0.121  0.077 10.915
 -0.081  0.031  0.996 -1.239
  0.000  0.000  0.000  1.000
At time 1779612795.84299325
- Translation: [6.010, 10.911, -1.237]
- Rotation: in Quaternion (xyzw) [-0.016, 0.041, 0.663, 0.747]
- Rotation: in RPY (radian) [0.030, 0.081, 1.453]
- Rotation: in RPY (degree) [1.743, 4.669, 83.247]
- Matrix:
  0.117 -0.992  0.040  6.010
  0.990  0.120  0.077 10.911
 -0.081  0.030  0.996 -1.237
  0.000  0.000  0.000  1.000
At time 1779612796.85835218
- Translation: [6.007, 10.915, -1.239]
- Rotation: in Quaternion (xyzw) [-0.015, 0.041, 0.663, 0.747]
- Rotation: in RPY (radian) [0.031, 0.081, 1.453]
- Rotation: in RPY (degree) [1.796, 4.649, 83.267]
- Matrix:
  0.117 -0.992  0.041  6.007
  0.990  0.120  0.077 10.915
 -0.081  0.031  0.996 -1.239
  0.000  0.000  0.000  1.000
At time 1779612797.87327718
- Translation: [6.011, 10.918, -1.238]
- Rotation: in Quaternion (xyzw) [-0.015, 0.041, 0.664, 0.747]
- Rotation: in RPY (radian) [0.031, 0.081, 1.454]
- Rotation: in RPY (degree) [1.803, 4.657, 83.317]
- Matrix:
  0.116 -0.992  0.041  6.011
  0.990  0.119  0.077 10.918
 -0.081  0.031  0.996 -1.238
  0.000  0.000  0.000  1.000
At time 1779612798.88866472
- Translation: [6.008, 10.915, -1.238]
- Rotation: in Quaternion (xyzw) [-0.015, 0.041, 0.663, 0.747]
- Rotation: in RPY (radian) [0.032, 0.081, 1.454]
- Rotation: in RPY (degree) [1.812, 4.656, 83.283]
- Matrix:
  0.117 -0.992  0.041  6.008
  0.990  0.119  0.077 10.915
 -0.081  0.032  0.996 -1.238
  0.000  0.000  0.000  1.000
At time 1779612799.90403318
- Translation: [6.008, 10.903, -1.238]
- Rotation: in Quaternion (xyzw) [-0.015, 0.041, 0.665, 0.745]
- Rotation: in RPY (radian) [0.031, 0.081, 1.459]
- Rotation: in RPY (degree) [1.802, 4.655, 83.577]
- Matrix:
  0.112 -0.993  0.040  6.008
  0.990  0.114  0.077 10.903
 -0.081  0.031  0.996 -1.238
  0.000  0.000  0.000  1.000
At time 1779612800.91942310
- Translation: [6.006, 10.914, -1.239]
- Rotation: in Quaternion (xyzw) [-0.015, 0.041, 0.663, 0.747]
- Rotation: in RPY (radian) [0.031, 0.081, 1.453]
- Rotation: in RPY (degree) [1.783, 4.643, 83.276]
- Matrix:
  0.117 -0.992  0.040  6.006
  0.990  0.120  0.077 10.914
 -0.081  0.031  0.996 -1.239
  0.000  0.000  0.000  1.000
At time 1779612801.93423604
- Translation: [6.010, 10.915, -1.239]
- Rotation: in Quaternion (xyzw) [-0.015, 0.041, 0.663, 0.747]
- Rotation: in RPY (radian) [0.031, 0.081, 1.454]
- Rotation: in RPY (degree) [1.803, 4.655, 83.289]
- Matrix:
  0.116 -0.992  0.041  6.010
  0.990  0.119  0.077 10.915
 -0.081  0.031  0.996 -1.239
  0.000  0.000  0.000  1.000
At time 1779612802.94984531
- Translation: [6.011, 10.914, -1.238]
- Rotation: in Quaternion (xyzw) [-0.015, 0.041, 0.663, 0.747]
- Rotation: in RPY (radian) [0.031, 0.081, 1.453]
- Rotation: in RPY (degree) [1.769, 4.663, 83.257]
- Matrix:
  0.117 -0.992  0.040  6.011
  0.990  0.120  0.077 10.914
 -0.081  0.031  0.996 -1.238
  0.000  0.000  0.000  1.000
At time 1779612803.97097396
- Translation: [6.008, 10.915, -1.237]
- Rotation: in Quaternion (xyzw) [-0.016, 0.041, 0.663, 0.747]
- Rotation: in RPY (radian) [0.031, 0.082, 1.452]
- Rotation: in RPY (degree) [1.775, 4.682, 83.204]
- Matrix:
  0.118 -0.992  0.040  6.008
  0.990  0.121  0.077 10.915
 -0.082  0.031  0.996 -1.237
  0.000  0.000  0.000  1.000
At time 1779612804.98094224
- Translation: [6.003, 10.917, -1.237]
- Rotation: in Quaternion (xyzw) [-0.015, 0.041, 0.663, 0.747]
- Rotation: in RPY (radian) [0.032, 0.081, 1.452]
- Rotation: in RPY (degree) [1.811, 4.662, 83.211]
- Matrix:
  0.118 -0.992  0.041  6.003
  0.990  0.121  0.077 10.917
 -0.081  0.031  0.996 -1.237
  0.000  0.000  0.000  1.000
At time 1779612805.99557638
- Translation: [6.010, 10.902, -1.233]
- Rotation: in Quaternion (xyzw) [-0.016, 0.041, 0.664, 0.747]
- Rotation: in RPY (radian) [0.031, 0.083, 1.454]
- Rotation: in RPY (degree) [1.751, 4.773, 83.324]
- Matrix:
  0.116 -0.992  0.040  6.010
  0.990  0.119  0.079 10.902
 -0.083  0.030  0.996 -1.233
  0.000  0.000  0.000  1.000
At time 1779612806.101065635
- Translation: [6.004, 10.906, -1.236]
- Rotation: in Quaternion (xyzw) [-0.015, 0.042, 0.664, 0.747]
- Rotation: in RPY (radian) [0.033, 0.082, 1.454]
- Rotation: in RPY (degree) [1.868, 4.712, 83.320]
- Matrix:
  0.116 -0.992  0.042  6.004
  0.990  0.119  0.078 10.906
 -0.082  0.032  0.996 -1.236
  0.000  0.000  0.000  1.000
At time 1779612807.102588415
- Translation: [6.006, 10.912, -1.234]
- Rotation: in Quaternion (xyzw) [-0.015, 0.041, 0.668, 0.743]
- Rotation: in RPY (radian) [0.033, 0.081, 1.465]
- Rotation: in RPY (degree) [1.910, 4.627, 83.961]
- Matrix:
  0.105 -0.994  0.042  6.006
  0.991  0.108  0.077 10.912
 -0.081  0.033  0.996 -1.234
  0.000  0.000  0.000  1.000
At time 1779612808.104096412
- Translation: [6.004, 10.918, -1.236]
- Rotation: in Quaternion (xyzw) [-0.016, 0.040, 0.666, 0.744]
- Rotation: in RPY (radian) [0.030, 0.081, 1.461]
- Rotation: in RPY (degree) [1.726, 4.625, 83.720]
- Matrix:
  0.109 -0.993  0.039  6.004
  0.991  0.112  0.077 10.918
 -0.081  0.030  0.996 -1.236
  0.000  0.000  0.000  1.000
At time 1779612809.105646610
- Translation: [6.009, 10.914, -1.238]
- Rotation: in Quaternion (xyzw) [-0.015, 0.041, 0.668, 0.743]
- Rotation: in RPY (radian) [0.032, 0.081, 1.465]
- Rotation: in RPY (degree) [1.847, 4.638, 83.942]
- Matrix:
  0.105 -0.994  0.041  6.009
  0.991  0.108  0.077 10.914
 -0.081  0.032  0.996 -1.238
  0.000  0.000  0.000  1.000
At time 1779612810.107184648
- Translation: [6.009, 10.915, -1.238]
- Rotation: in Quaternion (xyzw) [-0.015, 0.041, 0.667, 0.743]
- Rotation: in RPY (radian) [0.032, 0.081, 1.464]
- Rotation: in RPY (degree) [1.840, 4.633, 83.895]
- Matrix:
  0.106 -0.994  0.041  6.009
  0.991  0.109  0.077 10.915
 -0.081  0.032  0.996 -1.238
  0.000  0.000  0.000  1.000
At time 1779612811.109256505
- Translation: [6.006, 10.914, -1.236]
- Rotation: in Quaternion (xyzw) [-0.015, 0.041, 0.667, 0.743]
- Rotation: in RPY (radian) [0.032, 0.081, 1.465]
- Rotation: in RPY (degree) [1.829, 4.648, 83.918]
- Matrix:
  0.106 -0.994  0.040  6.006
  0.991  0.108  0.077 10.914
 -0.081  0.032  0.996 -1.236
  0.000  0.000  0.000  1.000
At time 1779612812.110327243
- Translation: [6.005, 10.916, -1.239]
- Rotation: in Quaternion (xyzw) [-0.015, 0.041, 0.668, 0.743]
- Rotation: in RPY (radian) [0.033, 0.080, 1.465]
- Rotation: in RPY (degree) [1.907, 4.607, 83.950]
- Matrix:
  0.105 -0.994  0.042  6.005
  0.991  0.108  0.076 10.916
 -0.080  0.033  0.996 -1.239
  0.000  0.000  0.000  1.000
At time 1779612813.111726760
- Translation: [6.011, 10.917, -1.237]
- Rotation: in Quaternion (xyzw) [-0.015, 0.041, 0.667, 0.743]
- Rotation: in RPY (radian) [0.033, 0.081, 1.465]
- Rotation: in RPY (degree) [1.889, 4.632, 83.916]
- Matrix:
  0.106 -0.994  0.041  6.011
  0.991  0.109  0.077 10.917
 -0.081  0.033  0.996 -1.237
  0.000  0.000  0.000  1.000
At time 1779612814.13089418
- Translation: [6.006, 10.918, -1.239]
- Rotation: in Quaternion (xyzw) [-0.015, 0.041, 0.667, 0.743]
- Rotation: in RPY (radian) [0.032, 0.081, 1.464]
- Rotation: in RPY (degree) [1.812, 4.622, 83.905]
- Matrix:
  0.106 -0.994  0.040  6.006
  0.991  0.109  0.077 10.918
 -0.081  0.032  0.996 -1.239
  0.000  0.000  0.000  1.000
At time 1779612815.14905452
- Translation: [6.004, 10.913, -1.237]
- Rotation: in Quaternion (xyzw) [-0.015, 0.041, 0.667, 0.744]
- Rotation: in RPY (radian) [0.032, 0.081, 1.464]
- Rotation: in RPY (degree) [1.832, 4.639, 83.864]
- Matrix:
  0.107 -0.993  0.040  6.004
  0.991  0.109  0.077 10.913
 -0.081  0.032  0.996 -1.237
  0.000  0.000  0.000  1.000
At time 1779612816.116307258
- Translation: [6.008, 10.915, -1.236]
- Rotation: in Quaternion (xyzw) [-0.015, 0.041, 0.667, 0.744]
- Rotation: in RPY (radian) [0.031, 0.081, 1.463]
- Rotation: in RPY (degree) [1.784, 4.646, 83.818]
- Matrix:
  0.107 -0.993  0.040  6.008
  0.991  0.110  0.077 10.915
 -0.081  0.031  0.996 -1.236
  0.000  0.000  0.000  1.000
At time 1779612817.17697572
- Translation: [6.007, 10.910, -1.234]
- Rotation: in Quaternion (xyzw) [-0.015, 0.041, 0.667, 0.744]
- Rotation: in RPY (radian) [0.032, 0.081, 1.463]
- Rotation: in RPY (degree) [1.837, 4.669, 83.798]
- Matrix:
  0.108 -0.993  0.041  6.007
  0.991  0.111  0.077 10.910
 -0.081  0.032  0.996 -1.234
  0.000  0.000  0.000  1.000
At time 1779612818.19173622
- Translation: [6.009, 10.914, -1.238]
- Rotation: in Quaternion (xyzw) [-0.015, 0.041, 0.668, 0.743]
- Rotation: in RPY (radian) [0.032, 0.081, 1.465]
- Rotation: in RPY (degree) [1.829, 4.623, 83.922]
- Matrix:
  0.106 -0.994  0.040  6.009
  0.991  0.108  0.077 10.914
 -0.081  0.032  0.996 -1.238
  0.000  0.000  0.000  1.000
At time 1779612819.20750522
- Translation: [6.008, 10.916, -1.239]
- Rotation: in Quaternion (xyzw) [-0.015, 0.041, 0.668, 0.743]
- Rotation: in RPY (radian) [0.033, 0.080, 1.465]
- Rotation: in RPY (degree) [1.873, 4.592, 83.937]
- Matrix:
  0.105 -0.994  0.041  6.008
  0.991  0.108  0.076 10.916
 -0.080  0.033  0.996 -1.239
  0.000  0.000  0.000  1.000
At time 1779612820.22532463
- Translation: [6.007, 10.915, -1.236]
- Rotation: in Quaternion (xyzw) [-0.015, 0.041, 0.667, 0.744]
- Rotation: in RPY (radian) [0.032, 0.081, 1.464]
- Rotation: in RPY (degree) [1.836, 4.646, 83.856]
- Matrix:
  0.107 -0.993  0.041  6.007
  0.991  0.110  0.077 10.915
 -0.081  0.032  0.996 -1.236
  0.000  0.000  0.000  1.000
At time 1779612821.23797750
- Translation: [6.006, 10.912, -1.237]
- Rotation: in Quaternion (xyzw) [-0.015, 0.041, 0.667, 0.744]
- Rotation: in RPY (radian) [0.032, 0.081, 1.464]
- Rotation: in RPY (degree) [1.819, 4.621, 83.872]
- Matrix:
  0.106 -0.994  0.040  6.006
  0.991  0.109  0.077 10.912
 -0.081  0.032  0.996 -1.237
  0.000  0.000  0.000  1.000
At time 1779612822.25601625
- Translation: [6.005, 10.913, -1.238]
- Rotation: in Quaternion (xyzw) [-0.016, 0.040, 0.667, 0.744]
- Rotation: in RPY (radian) [0.031, 0.081, 1.464]
- Rotation: in RPY (degree) [1.767, 4.640, 83.855]
- Matrix:
  0.107 -0.994  0.039  6.005
  0.991  0.109  0.077 10.913
 -0.081  0.031  0.996 -1.238
  0.000  0.000  0.000  1.000
At time 1779612823.26883363
- Translation: [6.008, 10.909, -1.237]
- Rotation: in Quaternion (xyzw) [-0.015, 0.041, 0.668, 0.743]
- Rotation: in RPY (radian) [0.032, 0.081, 1.466]
- Rotation: in RPY (degree) [1.807, 4.657, 83.979]
- Matrix:
  0.105 -0.994  0.040  6.008
  0.991  0.107  0.077 10.909
 -0.081  0.031  0.996 -1.237
  0.000  0.000  0.000  1.000
At time 1779612824.28387308
- Translation: [6.008, 10.913, -1.237]
- Rotation: in Quaternion (xyzw) [-0.015, 0.041, 0.667, 0.744]
- Rotation: in RPY (radian) [0.032, 0.081, 1.463]
- Rotation: in RPY (degree) [1.836, 4.638, 83.833]
- Matrix:
  0.107 -0.993  0.041  6.008
  0.991  0.110  0.077 10.913
 -0.081  0.032  0.996 -1.237
  0.000  0.000  0.000  1.000
At time 1779612825.29849529
- Translation: [6.002, 10.913, -1.239]
- Rotation: in Quaternion (xyzw) [-0.015, 0.041, 0.668, 0.743]
- Rotation: in RPY (radian) [0.033, 0.081, 1.465]
- Rotation: in RPY (degree) [1.876, 4.615, 83.943]
- Matrix:
  0.105 -0.994  0.041  6.002
  0.991  0.108  0.077 10.913
 -0.080  0.033  0.996 -1.239
  0.000  0.000  0.000  1.000
At time 1779612826.31987428
- Translation: [6.007, 10.912, -1.237]
- Rotation: in Quaternion (xyzw) [-0.016, 0.040, 0.667, 0.744]
- Rotation: in RPY (radian) [0.031, 0.081, 1.464]
- Rotation: in RPY (degree) [1.781, 4.643, 83.884]
- Matrix:
  0.106 -0.994  0.040  6.007
  0.991  0.109  0.077 10.912
 -0.081  0.031  0.996 -1.237
  0.000  0.000  0.000  1.000
At time 1779612827.33095359
- Translation: [6.004, 10.910, -1.236]
- Rotation: in Quaternion (xyzw) [-0.016, 0.041, 0.667, 0.744]
- Rotation: in RPY (radian) [0.031, 0.081, 1.463]
- Rotation: in RPY (degree) [1.796, 4.663, 83.832]
- Matrix:
  0.107 -0.993  0.040  6.004
  0.991  0.110  0.077 10.910
 -0.081  0.031  0.996 -1.236
  0.000  0.000  0.000  1.000
At time 1779612828.34727334
- Translation: [6.006, 10.912, -1.235]
- Rotation: in Quaternion (xyzw) [-0.015, 0.041, 0.667, 0.744]
- Rotation: in RPY (radian) [0.032, 0.082, 1.463]
- Rotation: in RPY (degree) [1.813, 4.671, 83.842]
- Matrix:
  0.107 -0.993  0.040  6.006
  0.991  0.110  0.078 10.912
 -0.081  0.032  0.996 -1.235
  0.000  0.000  0.000  1.000
At time 1779612829.35958528
- Translation: [6.008, 10.915, -1.237]
- Rotation: in Quaternion (xyzw) [-0.016, 0.040, 0.667, 0.743]
- Rotation: in RPY (radian) [0.030, 0.081, 1.464]
- Rotation: in RPY (degree) [1.738, 4.654, 83.893]
- Matrix:
  0.106 -0.994  0.039  6.008
  0.991  0.109  0.077 10.915
 -0.081  0.030  0.996 -1.237
  0.000  0.000  0.000  1.000
At time 1779612830.37492513
- Translation: [6.010, 10.915, -1.238]
- Rotation: in Quaternion (xyzw) [-0.015, 0.041, 0.667, 0.744]
- Rotation: in RPY (radian) [0.032, 0.081, 1.463]
- Rotation: in RPY (degree) [1.842, 4.632, 83.825]
- Matrix:
  0.107 -0.993  0.041  6.010
  0.991  0.110  0.077 10.915
 -0.081  0.032  0.996 -1.238
  0.000  0.000  0.000  1.000
At time 1779612831.39050340
- Translation: [6.005, 10.912, -1.237]
- Rotation: in Quaternion (xyzw) [-0.016, 0.041, 0.667, 0.744]
- Rotation: in RPY (radian) [0.031, 0.081, 1.464]
- Rotation: in RPY (degree) [1.777, 4.660, 83.853]
- Matrix:
  0.107 -0.994  0.040  6.005
  0.991  0.110  0.077 10.912
 -0.081  0.031  0.996 -1.237
  0.000  0.000  0.000  1.000
At time 1779612832.40536403
- Translation: [6.004, 10.910, -1.238]
- Rotation: in Quaternion (xyzw) [-0.016, 0.041, 0.668, 0.743]
- Rotation: in RPY (radian) [0.031, 0.081, 1.465]
- Rotation: in RPY (degree) [1.789, 4.646, 83.938]
- Matrix:
  0.105 -0.994  0.040  6.004
  0.991  0.108  0.077 10.910
 -0.081  0.031  0.996 -1.238
  0.000  0.000  0.000  1.000
At time 1779612833.42084693
- Translation: [6.005, 10.913, -1.238]
- Rotation: in Quaternion (xyzw) [-0.015, 0.041, 0.667, 0.744]
- Rotation: in RPY (radian) [0.032, 0.081, 1.464]
- Rotation: in RPY (degree) [1.805, 4.640, 83.876]
- Matrix:
  0.106 -0.994  0.040  6.005
  0.991  0.109  0.077 10.913
 -0.081  0.031  0.996 -1.238
  0.000  0.000  0.000  1.000
At time 1779612834.42543649
- Translation: [6.008, 10.917, -1.238]
- Rotation: in Quaternion (xyzw) [-0.015, 0.041, 0.667, 0.744]
- Rotation: in RPY (radian) [0.031, 0.081, 1.463]
- Rotation: in RPY (degree) [1.794, 4.644, 83.813]
- Matrix:
  0.107 -0.993  0.040  6.008
  0.991  0.110  0.077 10.917
 -0.081  0.031  0.996 -1.238
  0.000  0.000  0.000  1.000
At time 1779612835.42214393
- Translation: [6.004, 10.912, -1.239]
- Rotation: in Quaternion (xyzw) [-0.015, 0.041, 0.667, 0.743]
- Rotation: in RPY (radian) [0.032, 0.081, 1.465]
- Rotation: in RPY (degree) [1.807, 4.636, 83.913]
- Matrix:
  0.106 -0.994  0.040  6.004
  0.991  0.109  0.077 10.912
 -0.081  0.031  0.996 -1.239
  0.000  0.000  0.000  1.000
At time 1779612836.42259216
- Translation: [5.991, 10.912, -1.228]
- Rotation: in Quaternion (xyzw) [-0.015, 0.049, 0.671, 0.739]
- Rotation: in RPY (radian) [0.044, 0.094, 1.477]
- Rotation: in RPY (degree) [2.496, 5.374, 84.599]
- Matrix:
  0.094 -0.994  0.052  5.991
  0.991  0.098  0.089 10.912
 -0.094  0.043  0.995 -1.228
  0.000  0.000  0.000  1.000
At time 1779612837.42299509
- Translation: [5.977, 11.091, -1.248]
- Rotation: in Quaternion (xyzw) [-0.009, 0.054, 0.715, 0.697]
- Rotation: in RPY (radian) [0.066, 0.089, 1.599]
- Rotation: in RPY (degree) [3.779, 5.072, 91.631]
- Matrix:
 -0.028 -0.998  0.063  5.977
  0.996 -0.023  0.090 11.091
 -0.088  0.066  0.994 -1.248
  0.000  0.000  0.000  1.000
At time 1779612838.42292594
- Translation: [5.959, 11.466, -1.273]
- Rotation: in Quaternion (xyzw) [0.000, 0.059, 0.739, 0.671]
- Rotation: in RPY (radian) [0.088, 0.079, 1.672]
- Rotation: in RPY (degree) [5.057, 4.551, 95.785]
- Matrix:
 -0.100 -0.992  0.080  5.959
  0.992 -0.093  0.088 11.466
 -0.079  0.088  0.993 -1.273
  0.000  0.000  0.000  1.000
At time 1779612839.42527437
- Translation: [5.909, 11.831, -1.283]
- Rotation: in Quaternion (xyzw) [-0.013, 0.060, 0.714, 0.698]
- Rotation: in RPY (radian) [0.068, 0.103, 1.597]
- Rotation: in RPY (degree) [3.873, 5.877, 91.504]
- Matrix:
 -0.026 -0.998  0.065  5.909
  0.994 -0.019  0.104 11.831
 -0.102  0.067  0.992 -1.283
  0.000  0.000  0.000  1.000
At time 1779612840.42561531
- Translation: [5.939, 12.224, -1.322]
- Rotation: in Quaternion (xyzw) [-0.026, 0.061, 0.613, 0.787]
- Rotation: in RPY (radian) [0.034, 0.128, 1.325]
- Rotation: in RPY (degree) [1.931, 7.327, 75.940]
- Matrix:
  0.241 -0.968  0.064  5.939
  0.962  0.247  0.115 12.224
 -0.128  0.033  0.991 -1.322
  0.000  0.000  0.000  1.000
At time 1779612841.42364358
- Translation: [6.162, 12.613, -1.359]
- Rotation: in Quaternion (xyzw) [-0.035, 0.055, 0.517, 0.853]
- Rotation: in RPY (radian) [-0.003, 0.130, 1.090]
- Rotation: in RPY (degree) [-0.188, 7.455, 62.425]
- Matrix:
  0.459 -0.887  0.057  6.162
  0.879  0.463  0.117 12.613
 -0.130 -0.003  0.992 -1.359
  0.000  0.000  0.000  1.000
At time 1779612842.42354345
- Translation: [6.355, 12.926, -1.383]
- Rotation: in Quaternion (xyzw) [-0.032, 0.059, 0.530, 0.845]
- Rotation: in RPY (radian) [0.008, 0.135, 1.120]
- Rotation: in RPY (degree) [0.486, 7.707, 64.199]
- Matrix:
  0.431 -0.900  0.066  6.355
  0.892  0.436  0.117 12.926
 -0.134  0.008  0.991 -1.383
  0.000  0.000  0.000  1.000
At time 1779612843.42345523
- Translation: [6.466, 13.355, -1.421]
- Rotation: in Quaternion (xyzw) [-0.022, 0.058, 0.587, 0.807]
- Rotation: in RPY (radian) [0.032, 0.119, 1.259]
- Rotation: in RPY (degree) [1.839, 6.834, 72.121]
- Matrix:
  0.305 -0.950  0.067  6.466
  0.945  0.310  0.103 13.355
 -0.119  0.032  0.992 -1.421
  0.000  0.000  0.000  1.000
At time 1779612844.42987585
- Translation: [6.511, 13.717, -1.439]
- Rotation: in Quaternion (xyzw) [-0.021, 0.059, 0.646, 0.761]
- Rotation: in RPY (radian) [0.045, 0.117, 1.411]
- Rotation: in RPY (degree) [2.582, 6.685, 80.823]
- Matrix:
  0.158 -0.985  0.063  6.511
  0.980  0.164  0.108 13.717
 -0.116  0.045  0.992 -1.439
  0.000  0.000  0.000  1.000
At time 1779612845.42413473
- Translation: [6.566, 14.055, -1.456]
- Rotation: in Quaternion (xyzw) [-0.015, 0.057, 0.741, 0.669]
- Rotation: in RPY (radian) [0.065, 0.098, 1.675]
- Rotation: in RPY (degree) [3.700, 5.615, 95.963]
- Matrix:
 -0.103 -0.993  0.054  6.566
  0.990 -0.097  0.104 14.055
 -0.098  0.064  0.993 -1.456
  0.000  0.000  0.000  1.000
At time 1779612846.42376279
- Translation: [6.501, 14.133, -1.464]
- Rotation: in Quaternion (xyzw) [-0.011, 0.047, 0.841, 0.539]
- Rotation: in RPY (radian) [0.068, 0.069, 2.003]
- Rotation: in RPY (degree) [3.904, 3.929, 114.776]
- Matrix:
 -0.418 -0.908  0.033  6.501
  0.906 -0.414  0.091 14.133
 -0.069  0.068  0.995 -1.464
  0.000  0.000  0.000  1.000
At time 1779612847.42531251
- Translation: [6.439, 14.187, -1.455]
- Rotation: in Quaternion (xyzw) [-0.002, 0.041, 0.844, 0.534]
- Rotation: in RPY (radian) [0.067, 0.048, 2.015]
- Rotation: in RPY (degree) [3.844, 2.733, 115.471]
- Matrix:
 -0.430 -0.902  0.040  6.439
  0.902 -0.426  0.072 14.187
 -0.048  0.067  0.997 -1.455
  0.000  0.000  0.000  1.000
At time 1779612848.42436599
- Translation: [6.417, 14.208, -1.458]
- Rotation: in Quaternion (xyzw) [-0.004, 0.043, 0.857, 0.514]
- Rotation: in RPY (radian) [0.070, 0.050, 2.063]
- Rotation: in RPY (degree) [4.035, 2.883, 118.211]
- Matrix:
 -0.472 -0.881  0.038  6.417
  0.880 -0.468  0.077 14.208
 -0.050  0.070  0.996 -1.458
  0.000  0.000  0.000  1.000
At time 1779612849.42693614
- Translation: [6.321, 14.417, -1.448]
- Rotation: in Quaternion (xyzw) [-0.005, 0.047, 0.906, 0.420]
- Rotation: in RPY (radian) [0.082, 0.048, 2.276]
- Rotation: in RPY (degree) [4.694, 2.739, 130.408]
- Matrix:
 -0.647 -0.761  0.031  6.321
  0.761 -0.643  0.089 14.417
 -0.048  0.082  0.996 -1.448
  0.000  0.000  0.000  1.000
At time 1779612850.42533397
- Translation: [5.993, 14.703, -1.460]
- Rotation: in Quaternion (xyzw) [0.011, 0.051, 0.942, 0.332]
- Rotation: in RPY (radian) [0.104, 0.014, 2.465]
- Rotation: in RPY (degree) [5.954, 0.795, 141.205]
- Matrix:
 -0.779 -0.624  0.054  5.993
  0.626 -0.774  0.089 14.703
 -0.014  0.104  0.995 -1.460
  0.000  0.000  0.000  1.000
At time 1779612851.42453527
- Translation: [5.648, 14.975, -1.475]
- Rotation: in Quaternion (xyzw) [0.005, 0.047, 0.915, 0.401]
- Rotation: in RPY (radian) [0.089, 0.029, 2.316]
- Rotation: in RPY (degree) [5.124, 1.651, 132.719]
- Matrix:
 -0.678 -0.733  0.046  5.648
  0.734 -0.674  0.082 14.975
 -0.029  0.089  0.996 -1.475
  0.000  0.000  0.000  1.000
At time 1779612852.42614221
- Translation: [5.422, 15.322, -1.478]
- Rotation: in Quaternion (xyzw) [-0.006, 0.042, 0.846, 0.531]
- Rotation: in RPY (radian) [0.064, 0.055, 2.022]
- Rotation: in RPY (degree) [3.695, 3.177, 115.867]
- Matrix:
 -0.436 -0.899  0.034  5.422
  0.898 -0.432  0.078 15.322
 -0.055  0.064  0.996 -1.478
  0.000  0.000  0.000  1.000
At time 1779612853.42566537
- Translation: [5.260, 15.689, -1.482]
- Rotation: in Quaternion (xyzw) [-0.019, 0.047, 0.796, 0.603]
- Rotation: in RPY (radian) [0.051, 0.087, 1.848]
- Rotation: in RPY (degree) [2.938, 4.990, 105.893]
- Matrix:
 -0.273 -0.962  0.026  5.260
  0.958 -0.269  0.098 15.689
 -0.087  0.051  0.995 -1.482
  0.000  0.000  0.000  1.000
At time 1779612854.42619466
- Translation: [5.133, 16.061, -1.499]
- Rotation: in Quaternion (xyzw) [-0.028, 0.044, 0.716, 0.696]
- Rotation: in RPY (radian) [0.025, 0.101, 1.601]
- Rotation: in RPY (degree) [1.443, 5.801, 91.728]
- Matrix:
 -0.030 -0.999  0.022  5.133
  0.994 -0.028  0.102 16.061
 -0.101  0.025  0.995 -1.499
  0.000  0.000  0.000  1.000
At time 1779612855.42553424
- Translation: [5.081, 16.486, -1.517]
- Rotation: in Quaternion (xyzw) [-0.027, 0.047, 0.687, 0.725]
- Rotation: in RPY (radian) [0.025, 0.105, 1.519]
- Rotation: in RPY (degree) [1.449, 6.010, 87.039]
- Matrix:
  0.051 -0.998  0.031  5.081
  0.993  0.054  0.103 16.486
 -0.105  0.025  0.994 -1.517
  0.000  0.000  0.000  1.000
At time 1779612856.42530536
- Translation: [5.100, 16.917, -1.537]
- Rotation: in Quaternion (xyzw) [-0.030, 0.035, 0.695, 0.717]
- Rotation: in RPY (radian) [0.006, 0.091, 1.540]
- Rotation: in RPY (degree) [0.331, 5.205, 88.252]
- Matrix:
  0.030 -1.000  0.009  5.100
  0.995  0.031  0.091 16.917
 -0.091  0.006  0.996 -1.537
  0.000  0.000  0.000  1.000
At time 1779612857.44719457
- Translation: [5.120, 17.327, -1.560]
- Rotation: in Quaternion (xyzw) [-0.032, 0.031, 0.698, 0.715]
- Rotation: in RPY (radian) [-0.003, 0.089, 1.546]
- Rotation: in RPY (degree) [-0.154, 5.074, 88.597]
- Matrix:
  0.024 -1.000 -0.001  5.120
  0.996  0.024  0.088 17.327
 -0.088 -0.003  0.996 -1.560
  0.000  0.000  0.000  1.000
At time 1779612858.42962551
- Translation: [5.172, 17.713, -1.594]
- Rotation: in Quaternion (xyzw) [-0.021, 0.038, 0.723, 0.689]
- Rotation: in RPY (radian) [0.026, 0.084, 1.620]
- Rotation: in RPY (degree) [1.500, 4.820, 92.834]
- Matrix:
 -0.049 -0.999  0.022  5.172
  0.995 -0.047  0.085 17.713
 -0.084  0.026  0.996 -1.594
  0.000  0.000  0.000  1.000
At time 1779612859.42780399
- Translation: [5.148, 18.107, -1.620]
- Rotation: in Quaternion (xyzw) [-0.014, 0.038, 0.754, 0.656]
- Rotation: in RPY (radian) [0.040, 0.071, 1.711]
- Rotation: in RPY (degree) [2.272, 4.089, 98.016]
- Matrix:
 -0.139 -0.990  0.029  5.148
  0.988 -0.137  0.076 18.107
 -0.071  0.040  0.997 -1.620
  0.000  0.000  0.000  1.000
At time 1779612860.42786598
- Translation: [5.063, 18.228, -1.607]
- Rotation: in Quaternion (xyzw) [-0.023, 0.044, 0.664, 0.746]
- Rotation: in RPY (radian) [0.025, 0.096, 1.455]
- Rotation: in RPY (degree) [1.419, 5.506, 83.391]
- Matrix:
  0.115 -0.993  0.036  5.063
  0.989  0.117  0.092 18.228
 -0.096  0.025  0.995 -1.607
  0.000  0.000  0.000  1.000
At time 1779612861.42688608
- Translation: [5.077, 18.321, -1.611]
- Rotation: in Quaternion (xyzw) [-0.036, 0.045, 0.465, 0.884]
- Rotation: in RPY (radian) [-0.021, 0.114, 0.967]
- Rotation: in RPY (degree) [-1.226, 6.511, 55.408]
- Matrix:
  0.564 -0.824  0.047  5.077
  0.818  0.566  0.105 18.321
 -0.113 -0.021  0.993 -1.611
  0.000  0.000  0.000  1.000
At time 1779612862.42685747
- Translation: [5.116, 18.528, -1.622]
- Rotation: in Quaternion (xyzw) [-0.040, 0.049, 0.207, 0.976]
- Rotation: in RPY (radian) [-0.059, 0.112, 0.415]
- Rotation: in RPY (degree) [-3.386, 6.405, 23.775]
- Matrix:
  0.909 -0.408  0.078  5.116
  0.401  0.911  0.099 18.528
 -0.112 -0.059  0.992 -1.622
  0.000  0.000  0.000  1.000
At time 1779612863.43020486
- Translation: [5.182, 18.535, -1.639]
- Rotation: in Quaternion (xyzw) [-0.053, 0.045, -0.064, 0.996]
- Rotation: in RPY (radian) [-0.112, 0.083, -0.132]
- Rotation: in RPY (degree) [-6.424, 4.749, -7.576]
- Matrix:
  0.988  0.122  0.096  5.182
 -0.131  0.986  0.100 18.535
 -0.083 -0.112  0.990 -1.639
  0.000  0.000  0.000  1.000
At time 1779612864.43039560
- Translation: [5.255, 18.394, -1.622]
- Rotation: in Quaternion (xyzw) [-0.043, 0.043, -0.311, 0.948]
- Rotation: in RPY (radian) [-0.109, 0.055, -0.637]
- Rotation: in RPY (degree) [-6.241, 3.168, -36.524]
- Matrix:
  0.802  0.587  0.109  5.255
 -0.594  0.802  0.055 18.394
 -0.055 -0.109  0.993 -1.622
  0.000  0.000  0.000  1.000
At time 1779612865.42728424
- Translation: [5.328, 18.530, -1.645]
- Rotation: in Quaternion (xyzw) [-0.044, 0.034, -0.528, 0.848]
- Rotation: in RPY (radian) [-0.111, 0.011, -1.114]
- Rotation: in RPY (degree) [-6.348, 0.616, -63.825]
- Matrix:
  0.441  0.891  0.104  5.328
 -0.897  0.439  0.039 18.530
 -0.011 -0.111  0.994 -1.645
  0.000  0.000  0.000  1.000
At time 1779612866.42804241
- Translation: [5.410, 18.356, -1.647]
- Rotation: in Quaternion (xyzw) [-0.032, 0.019, -0.550, 0.834]
- Rotation: in RPY (radian) [-0.074, -0.003, -1.166]
- Rotation: in RPY (degree) [-4.228, -0.190, -66.827]
- Matrix:
  0.394  0.917  0.066  5.410
 -0.919  0.392  0.032 18.356
  0.003 -0.074  0.997 -1.647
  0.000  0.000  0.000  1.000
At time 1779612867.42787551
- Translation: [5.418, 18.332, -1.642]
- Rotation: in Quaternion (xyzw) [-0.041, 0.020, -0.545, 0.837]
- Rotation: in RPY (radian) [-0.090, -0.010, -1.154]
- Rotation: in RPY (degree) [-5.178, -0.568, -66.118]
- Matrix:
  0.405  0.911  0.079  5.418
 -0.914  0.402  0.046 18.332
  0.010 -0.090  0.996 -1.642
  0.000  0.000  0.000  1.000
At time 1779612868.42907476
- Translation: [5.462, 18.319, -1.651]
- Rotation: in Quaternion (xyzw) [-0.036, 0.030, -0.483, 0.874]
- Rotation: in RPY (radian) [-0.091, 0.018, -1.011]
- Rotation: in RPY (degree) [-5.230, 1.029, -57.918]
- Matrix:
  0.531  0.843  0.087  5.462
 -0.847  0.530  0.033 18.319
 -0.018 -0.091  0.996 -1.651
  0.000  0.000  0.000  1.000
At time 1779612869.42799472
- Translation: [5.544, 18.305, -1.641]
- Rotation: in Quaternion (xyzw) [-0.027, 0.033, -0.389, 0.920]
- Rotation: in RPY (radian) [-0.076, 0.040, -0.801]
- Rotation: in RPY (degree) [-4.352, 2.265, -45.893]
- Matrix:
  0.695  0.714  0.082  5.544
 -0.717  0.696  0.025 18.305
 -0.040 -0.076  0.996 -1.641
  0.000  0.000  0.000  1.000
At time 1779612870.42753219
- Translation: [5.582, 18.235, -1.630]
- Rotation: in Quaternion (xyzw) [-0.029, 0.043, -0.287, 0.956]
- Rotation: in RPY (radian) [-0.080, 0.066, -0.586]
- Rotation: in RPY (degree) [-4.598, 3.786, -33.586]
- Matrix:
  0.831  0.547  0.099  5.582
 -0.552  0.833  0.030 18.235
 -0.066 -0.080  0.995 -1.630
  0.000  0.000  0.000  1.000
At time 1779612871.43825387
- Translation: [5.691, 18.149, -1.628]
- Rotation: in Quaternion (xyzw) [-0.026, 0.044, -0.186, 0.981]
- Rotation: in RPY (radian) [-0.068, 0.077, -0.376]
- Rotation: in RPY (degree) [-3.913, 4.410, -21.561]
- Matrix:
  0.927  0.362  0.096  5.691
 -0.366  0.930  0.035 18.149
 -0.077 -0.068  0.995 -1.628
  0.000  0.000  0.000  1.000
At time 1779612872.42925596
- Translation: [5.821, 18.082, -1.651]
- Rotation: in Quaternion (xyzw) [-0.022, 0.041, -0.078, 0.996]
- Rotation: in RPY (radian) [-0.051, 0.077, -0.159]
- Rotation: in RPY (degree) [-2.912, 4.429, -9.081]
- Matrix:
  0.985  0.154  0.084  5.821
 -0.157  0.987  0.038 18.082
 -0.077 -0.051  0.996 -1.651
  0.000  0.000  0.000  1.000
At time 1779612873.43050527
- Translation: [5.935, 18.061, -1.660]
- Rotation: in Quaternion (xyzw) [-0.024, 0.043, 0.010, 0.999]
- Rotation: in RPY (radian) [-0.048, 0.086, 0.018]
- Rotation: in RPY (degree) [-2.726, 4.916, 1.023]
- Matrix:
  0.996 -0.022  0.085  5.935
  0.018  0.999  0.049 18.061
 -0.086 -0.047  0.995 -1.660
  0.000  0.000  0.000  1.000
At time 1779612874.42962551
- Translation: [6.068, 18.055, -1.668]
- Rotation: in Quaternion (xyzw) [-0.023, 0.043, 0.018, 0.999]
- Rotation: in RPY (radian) [-0.044, 0.086, 0.034]
- Rotation: in RPY (degree) [-2.501, 4.927, 1.922]
- Matrix:
  0.996 -0.037  0.084  6.068
  0.033  0.998  0.046 18.055
 -0.086 -0.043  0.995 -1.668
  0.000  0.000  0.000  1.000
At time 1779612875.42958259
- Translation: [6.411, 18.056, -1.702]
- Rotation: in Quaternion (xyzw) [-0.021, 0.044, -0.001, 0.999]
- Rotation: in RPY (radian) [-0.041, 0.087, -0.004]
- Rotation: in RPY (degree) [-2.374, 4.997, -0.213]
- Matrix:
  0.996  0.000  0.087  6.411
 -0.004  0.999  0.041 18.056
 -0.087 -0.041  0.995 -1.702
  0.000  0.000  0.000  1.000
At time 1779612876.42968750
- Translation: [6.827, 18.041, -1.719]
- Rotation: in Quaternion (xyzw) [-0.034, 0.049, -0.019, 0.998]
- Rotation: in RPY (radian) [-0.070, 0.097, -0.041]
- Rotation: in RPY (degree) [-4.032, 5.574, -2.322]
- Matrix:
  0.994  0.034  0.100  6.827
 -0.040  0.997  0.066 18.041
 -0.097 -0.070  0.993 -1.719
  0.000  0.000  0.000  1.000
At time 1779612877.42956590
- Translation: [7.229, 18.035, -1.733]
- Rotation: in Quaternion (xyzw) [-0.041, 0.051, -0.027, 0.997]
- Rotation: in RPY (radian) [-0.086, 0.100, -0.059]
- Rotation: in RPY (degree) [-4.913, 5.734, -3.365]
- Matrix:
  0.993  0.050  0.104  7.229
 -0.058  0.995  0.080 18.035
 -0.100 -0.085  0.991 -1.733
  0.000  0.000  0.000  1.000
At time 1779612878.43295383
- Translation: [7.668, 18.026, -1.756]
- Rotation: in Quaternion (xyzw) [-0.045, 0.049, 0.005, 0.998]
- Rotation: in RPY (radian) [-0.091, 0.099, 0.005]
- Rotation: in RPY (degree) [-5.194, 5.667, 0.278]
- Matrix:
  0.995 -0.014  0.098  7.668
  0.005  0.996  0.091 18.026
 -0.099 -0.090  0.991 -1.756
  0.000  0.000  0.000  1.000
At time 1779612879.46012639
- Translation: [7.978, 18.008, -1.774]
- Rotation: in Quaternion (xyzw) [-0.051, 0.046, 0.037, 0.997]
- Rotation: in RPY (radian) [-0.098, 0.096, 0.069]
- Rotation: in RPY (degree) [-5.642, 5.493, 3.925]
- Matrix:
  0.993 -0.078  0.088  7.978
  0.068  0.992  0.105 18.008
 -0.096 -0.098  0.991 -1.774
  0.000  0.000  0.000  1.000
At time 1779612880.43059825
- Translation: [8.099, 18.044, -1.780]
- Rotation: in Quaternion (xyzw) [-0.051, 0.041, -0.074, 0.995]
- Rotation: in RPY (radian) [-0.109, 0.075, -0.153]
- Rotation: in RPY (degree) [-6.222, 4.277, -8.752]
- Matrix:
  0.986  0.143  0.090  8.099
 -0.152  0.984  0.096 18.044
 -0.075 -0.108  0.991 -1.780
  0.000  0.000  0.000  1.000
At time 1779612881.43375730
- Translation: [8.193, 18.050, -1.777]
- Rotation: in Quaternion (xyzw) [-0.045, 0.037, -0.210, 0.976]
- Rotation: in RPY (radian) [-0.104, 0.052, -0.427]
- Rotation: in RPY (degree) [-5.983, 3.001, -24.479]
- Matrix:
  0.909  0.407  0.091  8.193
 -0.414  0.907  0.073 18.050
 -0.052 -0.104  0.993 -1.777
  0.000  0.000  0.000  1.000
At time 1779612882.43034315
- Translation: [8.222, 18.031, -1.796]
- Rotation: in Quaternion (xyzw) [-0.035, 0.032, -0.350, 0.936]
- Rotation: in RPY (radian) [-0.088, 0.035, -0.717]
- Rotation: in RPY (degree) [-5.056, 2.020, -41.085]
- Matrix:
  0.753  0.652  0.084  8.222
 -0.657  0.753  0.043 18.031
 -0.035 -0.088  0.995 -1.796
  0.000  0.000  0.000  1.000
At time 1779612883.43552398
- Translation: [8.260, 18.026, -1.797]
- Rotation: in Quaternion (xyzw) [-0.033, 0.024, -0.493, 0.869]
- Rotation: in RPY (radian) [-0.081, 0.008, -1.033]
- Rotation: in RPY (degree) [-4.665, 0.482, -59.213]
- Matrix:
  0.512  0.856  0.074  8.260
 -0.859  0.511  0.034 18.026
 -0.008 -0.081  0.997 -1.797
  0.000  0.000  0.000  1.000
At time 1779612884.43089628
- Translation: [8.301, 17.990, -1.787]
- Rotation: in Quaternion (xyzw) [-0.022, 0.012, -0.612, 0.790]
- Rotation: in RPY (radian) [-0.050, -0.009, -1.318]
- Rotation: in RPY (degree) [-2.879, -0.490, -75.541]
- Matrix:
  0.250  0.967  0.047  8.301
 -0.968  0.249  0.021 17.990
  0.009 -0.050  0.999 -1.787
  0.000  0.000  0.000  1.000
At time 1779612885.43491601
- Translation: [8.290, 17.883, -1.780]
- Rotation: in Quaternion (xyzw) [-0.023, -0.001, -0.685, 0.728]
- Rotation: in RPY (radian) [-0.032, -0.032, -1.510]
- Rotation: in RPY (degree) [-1.847, -1.851, -86.536]
- Matrix:
  0.060  0.998  0.030  8.290
 -0.998  0.059  0.034 17.883
  0.032 -0.032  0.999 -1.780
  0.000  0.000  0.000  1.000
At time 1779612886.43128490
- Translation: [8.295, 17.804, -1.763]
- Rotation: in Quaternion (xyzw) [-0.042, 0.005, -0.691, 0.721]
- Rotation: in RPY (radian) [-0.068, -0.050, -1.526]
- Rotation: in RPY (degree) [-3.887, -2.877, -87.457]
- Matrix:
  0.044  0.997  0.065  8.295
 -0.998  0.041  0.053 17.804
  0.050 -0.068  0.996 -1.763
  0.000  0.000  0.000  1.000
At time 1779612887.43156385
- Translation: [8.303, 17.797, -1.764]
- Rotation: in Quaternion (xyzw) [-0.039, 0.009, -0.672, 0.739]
- Rotation: in RPY (radian) [-0.069, -0.039, -1.474]
- Rotation: in RPY (degree) [-3.976, -2.233, -84.451]
- Matrix:
  0.097  0.993  0.065  8.303
 -0.995  0.094  0.045 17.797
  0.039 -0.069  0.997 -1.764
  0.000  0.000  0.000  1.000
At time 1779612888.43795347
- Translation: [8.318, 17.836, -1.766]
- Rotation: in Quaternion (xyzw) [-0.028, 0.027, -0.427, 0.903]
- Rotation: in RPY (radian) [-0.075, 0.025, -0.885]
- Rotation: in RPY (degree) [-4.273, 1.407, -50.711]
- Matrix:
  0.633  0.771  0.073  8.318
 -0.774  0.633  0.028 17.836
 -0.025 -0.074  0.997 -1.766
  0.000  0.000  0.000  1.000
At time 1779612889.43217658
- Translation: [8.386, 17.798, -1.781]
- Rotation: in Quaternion (xyzw) [-0.024, 0.040, -0.019, 0.999]
- Rotation: in RPY (radian) [-0.050, 0.079, -0.040]
- Rotation: in RPY (degree) [-2.847, 4.520, -2.270]
- Matrix:
  0.996  0.036  0.081  8.386
 -0.039  0.998  0.047 17.798
 -0.079 -0.050  0.996 -1.781
  0.000  0.000  0.000  1.000
At time 1779612890.43393611
- Translation: [8.449, 17.701, -1.776]
- Rotation: in Quaternion (xyzw) [-0.023, 0.050, 0.235, 0.970]
- Rotation: in RPY (radian) [-0.021, 0.107, 0.474]
- Rotation: in RPY (degree) [-1.215, 6.150, 27.175]
- Matrix:
  0.884 -0.459  0.086  8.449
  0.454  0.888  0.068 17.701
 -0.107 -0.021  0.994 -1.776
  0.000  0.000  0.000  1.000
At time 1779612891.43290615
- Translation: [8.698, 17.864, -1.803]
- Rotation: in Quaternion (xyzw) [-0.016, 0.047, 0.128, 0.991]
- Rotation: in RPY (radian) [-0.020, 0.097, 0.256]
- Rotation: in RPY (degree) [-1.137, 5.563, 14.686]
- Matrix:
  0.963 -0.255  0.089  8.698
  0.252  0.967  0.044 17.864
 -0.097 -0.020  0.995 -1.803
  0.000  0.000  0.000  1.000
At time 1779612892.43411493
- Translation: [9.027, 17.840, -1.838]
- Rotation: in Quaternion (xyzw) [-0.024, 0.045, -0.017, 0.999]
- Rotation: in RPY (radian) [-0.050, 0.089, -0.036]
- Rotation: in RPY (degree) [-2.853, 5.098, -2.062]
- Matrix:
  0.995  0.032  0.090  9.027
 -0.036  0.998  0.047 17.840
 -0.089 -0.050  0.995 -1.838
  0.000  0.000  0.000  1.000
At time 1779612893.43659448
- Translation: [9.405, 17.783, -1.840]
- Rotation: in Quaternion (xyzw) [-0.026, 0.053, -0.084, 0.995]
- Rotation: in RPY (radian) [-0.060, 0.100, -0.172]
- Rotation: in RPY (degree) [-3.457, 5.758, -9.877]
- Matrix:
  0.980  0.165  0.109  9.405
 -0.171  0.984  0.042 17.783
 -0.100 -0.060  0.993 -1.840
  0.000  0.000  0.000  1.000
At time 1779612894.43501377
- Translation: [9.842, 17.720, -1.864]
- Rotation: in Quaternion (xyzw) [-0.029, 0.052, -0.047, 0.997]
- Rotation: in RPY (radian) [-0.063, 0.102, -0.097]
- Rotation: in RPY (degree) [-3.591, 5.824, -5.562]
- Matrix:
  0.990  0.090  0.107  9.842
 -0.096  0.994  0.053 17.720
 -0.101 -0.062  0.993 -1.864
  0.000  0.000  0.000  1.000
At time 1779612895.43238639
- Translation: [10.256, 17.682, -1.878]
- Rotation: in Quaternion (xyzw) [-0.035, 0.053, 0.071, 0.995]
- Rotation: in RPY (radian) [-0.063, 0.110, 0.138]
- Rotation: in RPY (degree) [-3.611, 6.300, 7.916]
- Matrix:
  0.984 -0.144  0.100 10.256
  0.137  0.988  0.077 17.682
 -0.110 -0.063  0.992 -1.878
  0.000  0.000  0.000  1.000
At time 1779612896.43278217
- Translation: [10.585, 17.749, -1.902]
- Rotation: in Quaternion (xyzw) [-0.050, 0.046, 0.069, 0.995]
- Rotation: in RPY (radian) [-0.094, 0.098, 0.133]
- Rotation: in RPY (degree) [-5.406, 5.630, 7.616]
- Matrix:
  0.986 -0.141  0.084 10.585
  0.132  0.986  0.106 17.749
 -0.098 -0.094  0.991 -1.902
  0.000  0.000  0.000  1.000
At time 1779612897.44987440
- Translation: [10.991, 17.723, -1.916]
- Rotation: in Quaternion (xyzw) [-0.057, 0.047, 0.068, 0.995]
- Rotation: in RPY (radian) [-0.108, 0.101, 0.131]
- Rotation: in RPY (degree) [-6.193, 5.794, 7.492]
- Matrix:
  0.986 -0.140  0.085 10.991
  0.130  0.984  0.120 17.723
 -0.101 -0.107  0.989 -1.916
  0.000  0.000  0.000  1.000
At time 1779612898.46677350
- Translation: [11.338, 17.853, -1.946]
- Rotation: in Quaternion (xyzw) [-0.042, 0.049, 0.117, 0.991]
- Rotation: in RPY (radian) [-0.072, 0.106, 0.230]
- Rotation: in RPY (degree) [-4.105, 6.098, 13.193]
- Matrix:
  0.968 -0.235  0.087 11.338
  0.227  0.969  0.094 17.853
 -0.106 -0.071  0.992 -1.946
  0.000  0.000  0.000  1.000
At time 1779612899.43426752
- Translation: [11.627, 17.893, -1.973]
- Rotation: in Quaternion (xyzw) [-0.028, 0.050, 0.159, 0.986]
- Rotation: in RPY (radian) [-0.039, 0.107, 0.318]
- Rotation: in RPY (degree) [-2.255, 6.140, 18.198]
- Matrix:
  0.945 -0.316  0.089 11.627
  0.311  0.948  0.071 17.893
 -0.107 -0.039  0.993 -1.973
  0.000  0.000  0.000  1.000
At time 1779612900.43413400
- Translation: [11.875, 17.959, -1.992]
- Rotation: in Quaternion (xyzw) [-0.020, 0.048, 0.160, 0.986]
- Rotation: in RPY (radian) [-0.023, 0.101, 0.321]
- Rotation: in RPY (degree) [-1.330, 5.776, 18.407]
- Matrix:
  0.944 -0.318  0.088 11.875
  0.314  0.948  0.054 17.959
 -0.101 -0.023  0.995 -1.992
  0.000  0.000  0.000  1.000
At time 1779612901.43510675
- Translation: [11.958, 17.940, -1.992]
- Rotation: in Quaternion (xyzw) [-0.027, 0.041, -0.018, 0.999]
- Rotation: in RPY (radian) [-0.056, 0.080, -0.038]
- Rotation: in RPY (degree) [-3.208, 4.606, -2.191]
- Matrix:
  0.996  0.034  0.082 11.958
 -0.038  0.998  0.053 17.940
 -0.080 -0.056  0.995 -1.992
  0.000  0.000  0.000  1.000
At time 1779612902.43767452
- Translation: [12.068, 18.046, -1.980]
- Rotation: in Quaternion (xyzw) [-0.030, 0.037, -0.243, 0.969]
- Rotation: in RPY (radian) [-0.077, 0.057, -0.493]
- Rotation: in RPY (degree) [-4.410, 3.247, -28.253]
- Matrix:
  0.879  0.468  0.086 12.068
 -0.473  0.880  0.041 18.046
 -0.057 -0.077  0.995 -1.980
  0.000  0.000  0.000  1.000
At time 1779612903.43704509
- Translation: [12.124, 18.046, -1.979]
- Rotation: in Quaternion (xyzw) [-0.038, 0.034, -0.458, 0.888]
- Rotation: in RPY (radian) [-0.099, 0.025, -0.953]
- Rotation: in RPY (degree) [-5.685, 1.448, -54.605]
- Matrix:
  0.579  0.810  0.095 12.124
 -0.815  0.578  0.037 18.046
 -0.025 -0.099  0.995 -1.979
  0.000  0.000  0.000  1.000
At time 1779612904.43764591
- Translation: [12.128, 17.978, -1.974]
- Rotation: in Quaternion (xyzw) [-0.041, 0.029, -0.645, 0.762]
- Rotation: in RPY (radian) [-0.101, -0.009, -1.404]
- Rotation: in RPY (degree) [-5.763, -0.520, -80.437]
- Matrix:
  0.166  0.981  0.098 12.128
 -0.986  0.164  0.026 17.978
  0.009 -0.100  0.995 -1.974
  0.000  0.000  0.000  1.000
At time 1779612905.43789625
- Translation: [12.160, 17.889, -1.984]
- Rotation: in Quaternion (xyzw) [-0.040, 0.023, -0.722, 0.691]
- Rotation: in RPY (radian) [-0.089, -0.027, -1.614]
- Rotation: in RPY (degree) [-5.094, -1.539, -92.468]
- Matrix:
 -0.043  0.995  0.090 12.160
 -0.999 -0.045  0.023 17.889
  0.027 -0.089  0.996 -1.984
  0.000  0.000  0.000  1.000
At time 1779612906.43505430
- Translation: [12.148, 17.847, -1.995]
- Rotation: in Quaternion (xyzw) [-0.039, 0.009, -0.721, 0.692]
- Rotation: in RPY (radian) [-0.068, -0.044, -1.611]
- Rotation: in RPY (degree) [-3.893, -2.517, -92.324]
- Matrix:
 -0.041  0.997  0.070 12.148
 -0.998 -0.043  0.041 17.847
  0.044 -0.068  0.997 -1.995
  0.000  0.000  0.000  1.000
At time 1779612907.43611764
- Translation: [12.197, 17.822, -1.968]
- Rotation: in Quaternion (xyzw) [-0.041, 0.015, -0.698, 0.715]
- Rotation: in RPY (radian) [-0.079, -0.035, -1.546]
- Rotation: in RPY (degree) [-4.534, -2.028, -88.574]
- Matrix:
  0.025  0.997  0.078 12.197
 -0.999  0.022  0.037 17.822
  0.035 -0.079  0.996 -1.968
  0.000  0.000  0.000  1.000
At time 1779612908.43464660
- Translation: [12.196, 17.767, -1.975]
- Rotation: in Quaternion (xyzw) [-0.046, 0.021, -0.635, 0.771]
- Rotation: in RPY (radian) [-0.098, -0.025, -1.376]
- Rotation: in RPY (degree) [-5.601, -1.428, -78.855]
- Matrix:
  0.193  0.977  0.091 12.196
 -0.981  0.190  0.043 17.767
  0.025 -0.098  0.995 -1.975
  0.000  0.000  0.000  1.000
At time 1779612909.43674707
- Translation: [12.214, 17.721, -1.990]
- Rotation: in Quaternion (xyzw) [-0.045, 0.032, -0.554, 0.831]
- Rotation: in RPY (radian) [-0.111, 0.004, -1.176]
- Rotation: in RPY (degree) [-6.355, 0.213, -67.406]
- Matrix:
  0.384  0.917  0.104 12.214
 -0.923  0.382  0.039 17.721
 -0.004 -0.111  0.994 -1.990
  0.000  0.000  0.000  1.000
At time 1779612910.43538570
- Translation: [12.286, 17.624, -2.000]
- Rotation: in Quaternion (xyzw) [-0.039, 0.030, -0.447, 0.893]
- Rotation: in RPY (radian) [-0.097, 0.019, -0.929]
- Rotation: in RPY (degree) [-5.560, 1.084, -53.206]
- Matrix:
  0.599  0.796  0.089 12.286
 -0.801  0.598  0.043 17.624
 -0.019 -0.097  0.995 -2.000
  0.000  0.000  0.000  1.000
At time 1779612911.43571472
- Translation: [12.332, 17.544, -1.994]
- Rotation: in Quaternion (xyzw) [-0.039, 0.032, -0.347, 0.937]
- Rotation: in RPY (radian) [-0.096, 0.033, -0.711]
- Rotation: in RPY (degree) [-5.473, 1.878, -40.728]
- Matrix:
  0.757  0.647  0.087 12.332
 -0.652  0.756  0.051 17.544
 -0.033 -0.095  0.995 -1.994
  0.000  0.000  0.000  1.000
At time 1779612912.43716430
- Translation: [12.385, 17.528, -1.991]
- Rotation: in Quaternion (xyzw) [-0.035, 0.036, -0.244, 0.968]
- Rotation: in RPY (radian) [-0.085, 0.054, -0.496]
- Rotation: in RPY (degree) [-4.869, 3.077, -28.433]
- Matrix:
  0.878  0.470  0.087 12.385
 -0.475  0.878  0.049 17.528
 -0.054 -0.085  0.995 -1.991
  0.000  0.000  0.000  1.000
At time 1779612913.43616294
- Translation: [12.454, 17.491, -1.999]
- Rotation: in Quaternion (xyzw) [-0.030, 0.040, -0.135, 0.990]
- Rotation: in RPY (radian) [-0.070, 0.071, -0.275]
- Rotation: in RPY (degree) [-4.038, 4.045, -15.731]
- Matrix:
  0.960  0.266  0.087 12.454
 -0.270  0.962  0.049 17.491
 -0.071 -0.070  0.995 -1.999
  0.000  0.000  0.000  1.000
At time 1779612914.43649435
- Translation: [12.487, 17.473, -2.005]
- Rotation: in Quaternion (xyzw) [-0.027, 0.042, -0.028, 0.998]
- Rotation: in RPY (radian) [-0.057, 0.083, -0.059]
- Rotation: in RPY (degree) [-3.264, 4.775, -3.366]
- Matrix:
  0.995  0.054  0.086 12.487
 -0.059  0.997  0.052 17.473
 -0.083 -0.057  0.995 -2.005
  0.000  0.000  0.000  1.000
At time 1779612915.43659687
- Translation: [12.583, 17.440, -2.014]
- Rotation: in Quaternion (xyzw) [-0.024, 0.045, 0.071, 0.996]
- Rotation: in RPY (radian) [-0.042, 0.094, 0.140]
- Rotation: in RPY (degree) [-2.392, 5.375, 8.016]
- Matrix:
  0.986 -0.143  0.087 12.583
  0.139  0.989  0.054 17.440
 -0.094 -0.042  0.995 -2.014
  0.000  0.000  0.000  1.000
At time 1779612916.49991607
- Translation: [12.742, 17.424, -2.026]
- Rotation: in Quaternion (xyzw) [-0.023, 0.049, 0.138, 0.989]
- Rotation: in RPY (radian) [-0.032, 0.103, 0.275]
- Rotation: in RPY (degree) [-1.854, 5.888, 15.773]
- Matrix:
  0.957 -0.275  0.090 12.742
  0.270  0.961  0.059 17.424
 -0.103 -0.032  0.994 -2.026
  0.000  0.000  0.000  1.000
At time 1779612917.43740510
- Translation: [12.951, 17.528, -2.050]
- Rotation: in Quaternion (xyzw) [-0.029, 0.055, 0.188, 0.980]
- Rotation: in RPY (radian) [-0.036, 0.120, 0.377]
- Rotation: in RPY (degree) [-2.046, 6.858, 21.612]
- Matrix:
  0.923 -0.372  0.098 12.951
  0.366  0.928  0.077 17.528
 -0.119 -0.035  0.992 -2.050
  0.000  0.000  0.000  1.000
At time 1779612918.43869495
- Translation: [13.373, 17.758, -2.081]
- Rotation: in Quaternion (xyzw) [-0.034, 0.053, 0.242, 0.968]
- Rotation: in RPY (radian) [-0.041, 0.119, 0.487]
- Rotation: in RPY (degree) [-2.343, 6.792, 27.920]
- Matrix:
  0.877 -0.472  0.085 13.373
  0.465  0.881  0.091 17.758
 -0.118 -0.041  0.992 -2.081
  0.000  0.000  0.000  1.000
At time 1779612919.45814275
- Translation: [13.794, 17.951, -2.099]
- Rotation: in Quaternion (xyzw) [-0.043, 0.048, 0.251, 0.966]
- Rotation: in RPY (radian) [-0.060, 0.114, 0.506]
- Rotation: in RPY (degree) [-3.432, 6.554, 28.997]
- Matrix:
  0.869 -0.490  0.071 13.794
  0.482  0.870  0.108 17.951
 -0.114 -0.059  0.992 -2.099
  0.000  0.000  0.000  1.000
At time 1779612920.43676614
- Translation: [14.489, 18.405, -2.137]
- Rotation: in Quaternion (xyzw) [-0.045, 0.044, 0.142, 0.988]
- Rotation: in RPY (radian) [-0.077, 0.101, 0.282]
- Rotation: in RPY (degree) [-4.438, 5.776, 16.154]
- Matrix:
  0.956 -0.285  0.075 14.489
  0.277  0.955  0.102 18.405
 -0.101 -0.077  0.992 -2.137
  0.000  0.000  0.000  1.000
At time 1779612921.43736457
- Translation: [15.268, 18.719, -2.150]
- Rotation: in Quaternion (xyzw) [-0.051, 0.043, 0.038, 0.997]
- Rotation: in RPY (radian) [-0.099, 0.090, 0.071]
- Rotation: in RPY (degree) [-5.699, 5.184, 4.052]
- Matrix:
  0.993 -0.079  0.083 15.268
  0.070  0.992  0.105 18.719
 -0.090 -0.099  0.991 -2.150
  0.000  0.000  0.000  1.000
At time 1779612922.43779373
- Translation: [15.664, 19.037, -2.186]
- Rotation: in Quaternion (xyzw) [-0.046, 0.038, -0.049, 0.997]
- Rotation: in RPY (radian) [-0.095, 0.071, -0.102]
- Rotation: in RPY (degree) [-5.444, 4.061, -5.852]
- Matrix:
  0.992  0.095  0.080 15.664
 -0.102  0.991  0.087 19.037
 -0.071 -0.095  0.993 -2.186
  0.000  0.000  0.000  1.000
At time 1779612923.44664382
- Translation: [15.706, 18.990, -2.182]
- Rotation: in Quaternion (xyzw) [-0.032, 0.033, -0.047, 0.998]
- Rotation: in RPY (radian) [-0.066, 0.063, -0.097]
- Rotation: in RPY (degree) [-3.805, 3.632, -5.529]
- Matrix:
  0.993  0.092  0.069 15.706
 -0.096  0.994  0.060 18.990
 -0.063 -0.066  0.996 -2.182
  0.000  0.000  0.000  1.000
At time 1779612924.44112443
- Translation: [15.524, 18.751, -2.173]
- Rotation: in Quaternion (xyzw) [-0.034, 0.035, -0.032, 0.998]
- Rotation: in RPY (radian) [-0.069, 0.068, -0.066]
- Rotation: in RPY (degree) [-3.976, 3.872, -3.771]
- Matrix:
  0.996  0.061  0.072 15.524
 -0.066  0.996  0.065 18.751
 -0.068 -0.069  0.995 -2.173
  0.000  0.000  0.000  1.000
At time 1779612925.42154227
- Translation: [15.532, 18.766, -2.175]
- Rotation: in Quaternion (xyzw) [-0.033, 0.034, -0.033, 0.998]
- Rotation: in RPY (radian) [-0.069, 0.065, -0.068]
- Rotation: in RPY (degree) [-3.956, 3.733, -3.922]
- Matrix:
  0.996  0.064  0.070 15.532
 -0.068  0.996  0.064 18.766
 -0.065 -0.069  0.995 -2.175
  0.000  0.000  0.000  1.000
At time 1779612926.43894529
- Translation: [15.544, 18.737, -2.172]
- Rotation: in Quaternion (xyzw) [-0.033, 0.033, -0.029, 0.999]
- Rotation: in RPY (radian) [-0.068, 0.064, -0.060]
- Rotation: in RPY (degree) [-3.901, 3.646, -3.424]
- Matrix:
  0.996  0.055  0.067 15.544
 -0.060  0.996  0.064 18.737
 -0.064 -0.068  0.996 -2.172
  0.000  0.000  0.000  1.000
At time 1779612927.43918371
- Translation: [15.733, 18.841, -2.173]
- Rotation: in Quaternion (xyzw) [-0.033, 0.033, -0.036, 0.998]
- Rotation: in RPY (radian) [-0.068, 0.063, -0.075]
- Rotation: in RPY (degree) [-3.919, 3.611, -4.279]
- Matrix:
  0.995  0.070  0.068 15.733
 -0.074  0.995  0.063 18.841
 -0.063 -0.068  0.996 -2.173
  0.000  0.000  0.000  1.000
At time 1779612928.44414281
- Translation: [15.731, 18.845, -2.173]
- Rotation: in Quaternion (xyzw) [-0.033, 0.033, -0.036, 0.998]
- Rotation: in RPY (radian) [-0.069, 0.063, -0.075]
- Rotation: in RPY (degree) [-3.927, 3.597, -4.271]
- Matrix:
  0.995  0.070  0.068 15.731
 -0.074  0.995  0.064 18.845
 -0.063 -0.068  0.996 -2.173
  0.000  0.000  0.000  1.000
At time 1779612928.989420313
- Translation: [15.729, 18.832, -2.173]
- Rotation: in Quaternion (xyzw) [-0.033, 0.032, -0.036, 0.998]
- Rotation: in RPY (radian) [-0.068, 0.062, -0.074]
- Rotation: in RPY (degree) [-3.870, 3.534, -4.239]
- Matrix:
  0.995  0.070  0.066 15.729
 -0.074  0.995  0.063 18.832
 -0.062 -0.067  0.996 -2.173
  0.000  0.000  0.000  1.000
At time 1779612929.235861642
- Translation: [15.728, 18.827, -2.173]
- Rotation: in Quaternion (xyzw) [-0.033, 0.032, -0.036, 0.998]
- Rotation: in RPY (radian) [-0.068, 0.061, -0.075]
- Rotation: in RPY (degree) [-3.883, 3.513, -4.305]
- Matrix:
  0.995  0.071  0.066 15.728
 -0.075  0.995  0.063 18.827
 -0.061 -0.068  0.996 -2.173
  0.000  0.000  0.000  1.000
At time 1779612929.235861642
- Translation: [15.728, 18.827, -2.173]
- Rotation: in Quaternion (xyzw) [-0.033, 0.032, -0.036, 0.998]
- Rotation: in RPY (radian) [-0.068, 0.061, -0.075]
- Rotation: in RPY (degree) [-3.883, 3.513, -4.305]
- Matrix:
  0.995  0.071  0.066 15.728
 -0.075  0.995  0.063 18.827
 -0.061 -0.068  0.996 -2.173
  0.000  0.000  0.000  1.000
At time 1779612929.235861642
- Translation: [15.728, 18.827, -2.173]
- Rotation: in Quaternion (xyzw) [-0.033, 0.032, -0.036, 0.998]
- Rotation: in RPY (radian) [-0.068, 0.061, -0.075]
- Rotation: in RPY (degree) [-3.883, 3.513, -4.305]
- Matrix:
  0.995  0.071  0.066 15.728
 -0.075  0.995  0.063 18.827
 -0.061 -0.068  0.996 -2.173
  0.000  0.000  0.000  1.000
At time 1779612929.235861642
- Translation: [15.728, 18.827, -2.173]
- Rotation: in Quaternion (xyzw) [-0.033, 0.032, -0.036, 0.998]
- Rotation: in RPY (radian) [-0.068, 0.061, -0.075]
- Rotation: in RPY (degree) [-3.883, 3.513, -4.305]
- Matrix:
  0.995  0.071  0.066 15.728
 -0.075  0.995  0.063 18.827
 -0.061 -0.068  0.996 -2.173
  0.000  0.000  0.000  1.000
At time 1779612934.44031858
- Translation: [15.567, 18.758, -2.172]
- Rotation: in Quaternion (xyzw) [-0.033, 0.033, -0.031, 0.998]
- Rotation: in RPY (radian) [-0.068, 0.063, -0.065]
- Rotation: in RPY (degree) [-3.901, 3.631, -3.698]
- Matrix:
  0.996  0.060  0.067 15.567
 -0.064  0.996  0.064 18.758
 -0.063 -0.068  0.996 -2.172
  0.000  0.000  0.000  1.000
At time 1779612935.45333385
- Translation: [15.725, 18.858, -2.176]
- Rotation: in Quaternion (xyzw) [-0.033, 0.033, -0.038, 0.998]
- Rotation: in RPY (radian) [-0.068, 0.063, -0.079]
- Rotation: in RPY (degree) [-3.924, 3.624, -4.528]
- Matrix:
  0.995  0.074  0.068 15.725
 -0.079  0.995  0.063 18.858
 -0.063 -0.068  0.996 -2.176
  0.000  0.000  0.000  1.000
At time 1779612936.27635856
- Translation: [15.725, 18.870, -2.171]
- Rotation: in Quaternion (xyzw) [-0.033, 0.034, -0.038, 0.998]
- Rotation: in RPY (radian) [-0.068, 0.065, -0.078]
- Rotation: in RPY (degree) [-3.885, 3.708, -4.447]
- Matrix:
  0.995  0.073  0.070 15.725
 -0.077  0.995  0.063 18.870
 -0.065 -0.068  0.996 -2.171
  0.000  0.000  0.000  1.000
At time 1779612937.44115543
- Translation: [15.722, 18.857, -2.172]
- Rotation: in Quaternion (xyzw) [-0.033, 0.034, -0.038, 0.998]
- Rotation: in RPY (radian) [-0.068, 0.065, -0.078]
- Rotation: in RPY (degree) [-3.912, 3.728, -4.461]
- Matrix:
  0.995  0.073  0.070 15.722
 -0.078  0.995  0.063 18.857
 -0.065 -0.068  0.996 -2.172
  0.000  0.000  0.000  1.000
At time 1779612937.533193639
- Translation: [15.724, 18.848, -2.173]
- Rotation: in Quaternion (xyzw) [-0.033, 0.034, -0.038, 0.998]
- Rotation: in RPY (radian) [-0.069, 0.065, -0.079]
- Rotation: in RPY (degree) [-3.931, 3.750, -4.503]
- Matrix:
  0.995  0.074  0.070 15.724
 -0.078  0.995  0.063 18.848
 -0.065 -0.068  0.996 -2.173
  0.000  0.000  0.000  1.000
At time 1779612939.44165372
- Translation: [15.556, 18.814, -2.173]
- Rotation: in Quaternion (xyzw) [-0.033, 0.034, -0.035, 0.998]
- Rotation: in RPY (radian) [-0.069, 0.066, -0.072]
- Rotation: in RPY (degree) [-3.955, 3.774, -4.153]
- Matrix:
  0.995  0.068  0.070 15.556
 -0.072  0.995  0.064 18.814
 -0.066 -0.069  0.995 -2.173
  0.000  0.000  0.000  1.000
At time 1779612940.44169425
- Translation: [15.573, 18.796, -2.176]
- Rotation: in Quaternion (xyzw) [-0.033, 0.034, -0.034, 0.998]
- Rotation: in RPY (radian) [-0.069, 0.066, -0.069]
- Rotation: in RPY (degree) [-3.963, 3.756, -3.979]
- Matrix:
  0.995  0.065  0.070 15.573
 -0.069  0.996  0.064 18.796
 -0.066 -0.069  0.995 -2.176
  0.000  0.000  0.000  1.000
At time 1779612941.15987560
- Translation: [15.581, 18.759, -2.175]
- Rotation: in Quaternion (xyzw) [-0.034, 0.034, -0.031, 0.998]
- Rotation: in RPY (radian) [-0.070, 0.066, -0.065]
- Rotation: in RPY (degree) [-3.984, 3.768, -3.727]
- Matrix:
  0.996  0.060  0.070 15.581
 -0.065  0.996  0.065 18.759
 -0.066 -0.069  0.995 -2.175
  0.000  0.000  0.000  1.000
At time 1779612942.44460535
- Translation: [15.538, 18.770, -2.174]
- Rotation: in Quaternion (xyzw) [-0.033, 0.034, -0.031, 0.998]
- Rotation: in RPY (radian) [-0.069, 0.066, -0.064]
- Rotation: in RPY (degree) [-3.964, 3.795, -3.644]
- Matrix:
  0.996  0.059  0.070 15.538
 -0.063  0.996  0.065 18.770
 -0.066 -0.069  0.995 -2.174
  0.000  0.000  0.000  1.000
At time 1779612943.44212341
- Translation: [15.563, 18.791, -2.176]
- Rotation: in Quaternion (xyzw) [-0.034, 0.034, -0.031, 0.998]
- Rotation: in RPY (radian) [-0.070, 0.067, -0.064]
- Rotation: in RPY (degree) [-3.993, 3.826, -3.672]
- Matrix:
  0.996  0.059  0.071 15.563
 -0.064  0.996  0.065 18.791
 -0.067 -0.069  0.995 -2.176
  0.000  0.000  0.000  1.000
At time 1779612944.44228315
- Translation: [15.566, 18.761, -2.174]
- Rotation: in Quaternion (xyzw) [-0.034, 0.035, -0.031, 0.998]
- Rotation: in RPY (radian) [-0.070, 0.067, -0.064]
- Rotation: in RPY (degree) [-3.987, 3.832, -3.665]
- Matrix:
  0.996  0.059  0.071 15.566
 -0.064  0.996  0.065 18.761
 -0.067 -0.069  0.995 -2.174
  0.000  0.000  0.000  1.000
At time 1779612945.44259548
- Translation: [15.642, 18.716, -2.174]
- Rotation: in Quaternion (xyzw) [-0.034, 0.034, -0.027, 0.998]
- Rotation: in RPY (radian) [-0.070, 0.067, -0.056]
- Rotation: in RPY (degree) [-4.006, 3.844, -3.206]
- Matrix:
  0.996  0.051  0.071 15.642
 -0.056  0.996  0.066 18.716
 -0.067 -0.070  0.995 -2.174
  0.000  0.000  0.000  1.000
At time 1779612946.44326543
- Translation: [15.941, 18.930, -2.174]
- Rotation: in Quaternion (xyzw) [-0.034, 0.035, -0.028, 0.998]
- Rotation: in RPY (radian) [-0.070, 0.067, -0.057]
- Rotation: in RPY (degree) [-3.994, 3.860, -3.291]
- Matrix:
  0.996  0.053  0.071 15.941
 -0.057  0.996  0.066 18.930
 -0.067 -0.069  0.995 -2.174
  0.000  0.000  0.000  1.000
At time 1779612947.44484376
- Translation: [15.943, 18.923, -2.173]
- Rotation: in Quaternion (xyzw) [-0.034, 0.035, -0.027, 0.998]
- Rotation: in RPY (radian) [-0.069, 0.067, -0.056]
- Rotation: in RPY (degree) [-3.973, 3.862, -3.228]
- Matrix:
  0.996  0.052  0.071 15.943
 -0.056  0.996  0.065 18.923
 -0.067 -0.069  0.995 -2.173
  0.000  0.000  0.000  1.000
At time 1779612948.44309616
- Translation: [15.947, 18.923, -2.174]
- Rotation: in Quaternion (xyzw) [-0.034, 0.035, -0.028, 0.998]
- Rotation: in RPY (radian) [-0.069, 0.068, -0.058]
- Rotation: in RPY (degree) [-3.974, 3.876, -3.335]
- Matrix:
  0.996  0.053  0.071 15.947
 -0.058  0.996  0.065 18.923
 -0.068 -0.069  0.995 -2.174
  0.000  0.000  0.000  1.000
At time 1779612948.863595270
- Translation: [15.952, 18.927, -2.175]
- Rotation: in Quaternion (xyzw) [-0.034, 0.035, -0.027, 0.998]
- Rotation: in RPY (radian) [-0.070, 0.067, -0.056]
- Rotation: in RPY (degree) [-4.002, 3.852, -3.187]
- Matrix:
  0.996  0.051  0.071 15.952
 -0.055  0.996  0.066 18.927
 -0.067 -0.070  0.995 -2.175
  0.000  0.000  0.000  1.000
At time 1779612950.44727563
- Translation: [15.973, 18.797, -2.177]
- Rotation: in Quaternion (xyzw) [-0.034, 0.034, -0.028, 0.998]
- Rotation: in RPY (radian) [-0.070, 0.066, -0.058]
- Rotation: in RPY (degree) [-4.022, 3.800, -3.296]
- Matrix:
  0.996  0.053  0.070 15.973
 -0.057  0.996  0.066 18.797
 -0.066 -0.070  0.995 -2.177
  0.000  0.000  0.000  1.000
At time 1779612951.44677257
- Translation: [15.976, 18.796, -2.176]
- Rotation: in Quaternion (xyzw) [-0.034, 0.034, -0.028, 0.998]
- Rotation: in RPY (radian) [-0.070, 0.067, -0.057]
- Rotation: in RPY (degree) [-4.030, 3.838, -3.293]
- Matrix:
  0.996  0.053  0.071 15.976
 -0.057  0.996  0.066 18.796
 -0.067 -0.070  0.995 -2.176
  0.000  0.000  0.000  1.000
At time 1779612952.44805288
- Translation: [15.953, 18.910, -2.177]
- Rotation: in Quaternion (xyzw) [-0.035, 0.034, -0.008, 0.999]
- Rotation: in RPY (radian) [-0.070, 0.067, -0.018]
- Rotation: in RPY (degree) [-3.993, 3.825, -1.043]
- Matrix:
  0.998  0.014  0.068 15.953
 -0.018  0.997  0.068 18.910
 -0.067 -0.069  0.995 -2.177
  0.000  0.000  0.000  1.000
At time 1779612953.29818085
- Translation: [15.953, 18.912, -2.177]
- Rotation: in Quaternion (xyzw) [-0.035, 0.034, -0.008, 0.999]
- Rotation: in RPY (radian) [-0.070, 0.067, -0.018]
- Rotation: in RPY (degree) [-4.017, 3.823, -1.041]
- Matrix:
  0.998  0.013  0.068 15.953
 -0.018  0.997  0.069 18.912
 -0.067 -0.070  0.995 -2.177
  0.000  0.000  0.000  1.000
At time 1779612954.14921609
- Translation: [15.954, 18.916, -2.176]
- Rotation: in Quaternion (xyzw) [-0.035, 0.034, -0.009, 0.999]
- Rotation: in RPY (radian) [-0.070, 0.067, -0.020]
- Rotation: in RPY (degree) [-4.031, 3.826, -1.163]
- Matrix:
  0.998  0.016  0.068 15.954
 -0.020  0.997  0.069 18.916
 -0.067 -0.070  0.995 -2.176
  0.000  0.000  0.000  1.000
At time 1779612954.259803538
- Translation: [15.957, 18.914, -2.175]
- Rotation: in Quaternion (xyzw) [-0.035, 0.034, -0.009, 0.999]
- Rotation: in RPY (radian) [-0.070, 0.067, -0.019]
- Rotation: in RPY (degree) [-4.029, 3.823, -1.111]
- Matrix:
  0.998  0.015  0.068 15.957
 -0.019  0.997  0.069 18.914
 -0.067 -0.070  0.995 -2.175
  0.000  0.000  0.000  1.000
At time 1779612954.259803538
- Translation: [15.957, 18.914, -2.175]
- Rotation: in Quaternion (xyzw) [-0.035, 0.034, -0.009, 0.999]
- Rotation: in RPY (radian) [-0.070, 0.067, -0.019]
- Rotation: in RPY (degree) [-4.029, 3.823, -1.111]
- Matrix:
  0.998  0.015  0.068 15.957
 -0.019  0.997  0.069 18.914
 -0.067 -0.070  0.995 -2.175
  0.000  0.000  0.000  1.000
At time 1779612957.49446582
- Translation: [16.226, 18.690, -2.176]
- Rotation: in Quaternion (xyzw) [-0.035, 0.033, 0.006, 0.999]
- Rotation: in RPY (radian) [-0.070, 0.066, 0.010]
- Rotation: in RPY (degree) [-4.030, 3.806, 0.559]
- Matrix:
  0.998 -0.014  0.066 16.226
  0.010  0.997  0.071 18.690
 -0.066 -0.070  0.995 -2.176
  0.000  0.000  0.000  1.000
At time 1779612958.46451568
- Translation: [16.229, 18.690, -2.175]
- Rotation: in Quaternion (xyzw) [-0.035, 0.033, 0.006, 0.999]
- Rotation: in RPY (radian) [-0.070, 0.067, 0.010]
- Rotation: in RPY (degree) [-4.015, 3.821, 0.559]
- Matrix:
  0.998 -0.014  0.066 16.229
  0.010  0.997  0.071 18.690
 -0.067 -0.070  0.995 -2.175
  0.000  0.000  0.000  1.000
At time 1779612959.28089049
- Translation: [16.225, 18.692, -2.177]
- Rotation: in Quaternion (xyzw) [-0.035, 0.033, 0.006, 0.999]
- Rotation: in RPY (radian) [-0.070, 0.066, 0.009]
- Rotation: in RPY (degree) [-4.035, 3.797, 0.500]
- Matrix:
  0.998 -0.013  0.065 16.225
  0.009  0.997  0.071 18.692
 -0.066 -0.070  0.995 -2.177
  0.000  0.000  0.000  1.000
At time 1779612960.44822216
- Translation: [16.338, 18.564, -2.175]
- Rotation: in Quaternion (xyzw) [-0.035, 0.033, 0.013, 0.999]
- Rotation: in RPY (radian) [-0.070, 0.067, 0.024]
- Rotation: in RPY (degree) [-4.008, 3.827, 1.363]
- Matrix:
  0.997 -0.028  0.065 16.338
  0.024  0.997  0.071 18.564
 -0.067 -0.070  0.995 -2.175
  0.000  0.000  0.000  1.000
At time 1779612960.980343290
- Translation: [16.334, 18.570, -2.176]
- Rotation: in Quaternion (xyzw) [-0.035, 0.033, 0.013, 0.999]
- Rotation: in RPY (radian) [-0.070, 0.067, 0.024]
- Rotation: in RPY (degree) [-4.020, 3.818, 1.392]
- Matrix:
  0.997 -0.029  0.065 16.334
  0.024  0.997  0.072 18.570
 -0.067 -0.070  0.995 -2.176
  0.000  0.000  0.000  1.000
At time 1779612962.44617652
- Translation: [16.342, 18.571, -2.175]
- Rotation: in Quaternion (xyzw) [-0.035, 0.033, 0.012, 0.999]
- Rotation: in RPY (radian) [-0.070, 0.066, 0.022]
- Rotation: in RPY (degree) [-3.998, 3.806, 1.288]
- Matrix:
  0.998 -0.027  0.065 16.342
  0.022  0.997  0.071 18.571
 -0.066 -0.070  0.995 -2.175
  0.000  0.000  0.000  1.000
At time 1779612962.69585652
- Translation: [16.342, 18.570, -2.175]
- Rotation: in Quaternion (xyzw) [-0.035, 0.033, 0.012, 0.999]
- Rotation: in RPY (radian) [-0.070, 0.066, 0.022]
- Rotation: in RPY (degree) [-4.002, 3.805, 1.283]
- Matrix:
  0.998 -0.027  0.065 16.342
  0.022  0.997  0.071 18.570
 -0.066 -0.070  0.995 -2.175
  0.000  0.000  0.000  1.000
At time 1779612962.69585652
- Translation: [16.342, 18.570, -2.175]
- Rotation: in Quaternion (xyzw) [-0.035, 0.033, 0.012, 0.999]
- Rotation: in RPY (radian) [-0.070, 0.066, 0.022]
- Rotation: in RPY (degree) [-4.002, 3.805, 1.283]
- Matrix:
  0.998 -0.027  0.065 16.342
  0.022  0.997  0.071 18.570
 -0.066 -0.070  0.995 -2.175
  0.000  0.000  0.000  1.000
At time 1779612962.69585652
- Translation: [16.342, 18.570, -2.175]
- Rotation: in Quaternion (xyzw) [-0.035, 0.033, 0.012, 0.999]
- Rotation: in RPY (radian) [-0.070, 0.066, 0.022]
- Rotation: in RPY (degree) [-4.002, 3.805, 1.283]
- Matrix:
  0.998 -0.027  0.065 16.342
  0.022  0.997  0.071 18.570
 -0.066 -0.070  0.995 -2.175
  0.000  0.000  0.000  1.000
At time 1779612966.45108556
- Translation: [16.063, 18.612, -2.174]
- Rotation: in Quaternion (xyzw) [-0.037, 0.032, 0.046, 0.998]
- Rotation: in RPY (radian) [-0.070, 0.067, 0.090]
- Rotation: in RPY (degree) [-4.019, 3.841, 5.147]
- Matrix:
  0.994 -0.094  0.060 16.063
  0.090  0.993  0.076 18.612
 -0.067 -0.070  0.995 -2.174
  0.000  0.000  0.000  1.000
At time 1779612967.47630548
- Translation: [16.064, 18.619, -2.174]
- Rotation: in Quaternion (xyzw) [-0.037, 0.032, 0.045, 0.998]
- Rotation: in RPY (radian) [-0.070, 0.067, 0.088]
- Rotation: in RPY (degree) [-4.025, 3.850, 5.066]
- Matrix:
  0.994 -0.093  0.061 16.064
  0.088  0.993  0.076 18.619
 -0.067 -0.070  0.995 -2.174
  0.000  0.000  0.000  1.000
At time 1779612968.46889305
- Translation: [16.069, 18.619, -2.177]
- Rotation: in Quaternion (xyzw) [-0.037, 0.031, 0.045, 0.998]
- Rotation: in RPY (radian) [-0.071, 0.066, 0.087]
- Rotation: in RPY (degree) [-4.057, 3.786, 4.977]
- Matrix:
  0.994 -0.091  0.059 16.069
  0.087  0.993  0.076 18.619
 -0.066 -0.071  0.995 -2.177
  0.000  0.000  0.000  1.000
At time 1779612968.966774629
- Translation: [16.070, 18.622, -2.172]
- Rotation: in Quaternion (xyzw) [-0.037, 0.032, 0.047, 0.998]
- Rotation: in RPY (radian) [-0.071, 0.067, 0.092]
- Rotation: in RPY (degree) [-4.077, 3.822, 5.267]
- Matrix:
  0.994 -0.096  0.060 16.070
  0.092  0.993  0.077 18.622
 -0.067 -0.071  0.995 -2.172
  0.000  0.000  0.000  1.000
At time 1779612970.46591520
- Translation: [15.988, 18.261, -2.174]
- Rotation: in Quaternion (xyzw) [-0.037, 0.031, 0.065, 0.997]
- Rotation: in RPY (radian) [-0.071, 0.066, 0.128]
- Rotation: in RPY (degree) [-4.060, 3.803, 7.354]
- Matrix:
  0.990 -0.132  0.057 15.988
  0.128  0.989  0.079 18.261
 -0.066 -0.071  0.995 -2.174
  0.000  0.000  0.000  1.000
At time 1779612971.44772386
- Translation: [15.953, 18.115, -2.173]
- Rotation: in Quaternion (xyzw) [-0.038, 0.031, 0.071, 0.996]
- Rotation: in RPY (radian) [-0.071, 0.067, 0.141]
- Rotation: in RPY (degree) [-4.044, 3.821, 8.057]
- Matrix:
  0.988 -0.144  0.056 15.953
  0.140  0.987  0.079 18.115
 -0.067 -0.070  0.995 -2.173
  0.000  0.000  0.000  1.000
At time 1779612972.44777393
- Translation: [15.956, 18.108, -2.172]
- Rotation: in Quaternion (xyzw) [-0.037, 0.031, 0.072, 0.996]
- Rotation: in RPY (radian) [-0.070, 0.067, 0.143]
- Rotation: in RPY (degree) [-4.008, 3.823, 8.166]
- Matrix:
  0.988 -0.146  0.056 15.956
  0.142  0.987  0.079 18.108
 -0.067 -0.070  0.995 -2.172
  0.000  0.000  0.000  1.000
At time 1779612973.44795751
- Translation: [15.953, 18.102, -2.172]
- Rotation: in Quaternion (xyzw) [-0.037, 0.031, 0.070, 0.996]
- Rotation: in RPY (radian) [-0.071, 0.067, 0.138]
- Rotation: in RPY (degree) [-4.041, 3.822, 7.917]
- Matrix:
  0.988 -0.142  0.056 15.953
  0.137  0.987  0.079 18.102
 -0.067 -0.070  0.995 -2.172
  0.000  0.000  0.000  1.000
At time 1779612974.44835567
- Translation: [15.973, 18.102, -2.172]
- Rotation: in Quaternion (xyzw) [-0.038, 0.030, 0.083, 0.995]
- Rotation: in RPY (radian) [-0.070, 0.067, 0.164]
- Rotation: in RPY (degree) [-4.004, 3.816, 9.379]
- Matrix:
  0.984 -0.167  0.054 15.973
  0.163  0.983  0.080 18.102
 -0.067 -0.070  0.995 -2.172
  0.000  0.000  0.000  1.000
At time 1779612975.44911384
- Translation: [15.932, 18.089, -2.172]
- Rotation: in Quaternion (xyzw) [-0.038, 0.030, 0.080, 0.996]
- Rotation: in RPY (radian) [-0.071, 0.067, 0.159]
- Rotation: in RPY (degree) [-4.042, 3.822, 9.107]
- Matrix:
  0.985 -0.163  0.054 15.932
  0.158  0.984  0.080 18.089
 -0.067 -0.070  0.995 -2.172
  0.000  0.000  0.000  1.000
At time 1779612976.44853448
- Translation: [15.877, 18.056, -2.174]
- Rotation: in Quaternion (xyzw) [-0.038, 0.030, 0.079, 0.996]
- Rotation: in RPY (radian) [-0.071, 0.067, 0.157]
- Rotation: in RPY (degree) [-4.055, 3.812, 8.983]
- Matrix:
  0.986 -0.160  0.054 15.877
  0.156  0.985  0.080 18.056
 -0.066 -0.071  0.995 -2.174
  0.000  0.000  0.000  1.000
At time 1779612977.44941663
- Translation: [15.925, 18.087, -2.173]
- Rotation: in Quaternion (xyzw) [-0.038, 0.030, 0.078, 0.996]
- Rotation: in RPY (radian) [-0.071, 0.066, 0.154]
- Rotation: in RPY (degree) [-4.070, 3.804, 8.827]
- Matrix:
  0.986 -0.158  0.054 15.925
  0.153  0.985  0.080 18.087
 -0.066 -0.071  0.995 -2.173
  0.000  0.000  0.000  1.000
At time 1779612978.45015573
- Translation: [16.005, 18.079, -2.172]
- Rotation: in Quaternion (xyzw) [-0.038, 0.030, 0.091, 0.995]
- Rotation: in RPY (radian) [-0.071, 0.067, 0.179]
- Rotation: in RPY (degree) [-4.054, 3.817, 10.278]
- Matrix:
  0.982 -0.183  0.053 16.005
  0.178  0.981  0.081 18.079
 -0.067 -0.071  0.995 -2.172
  0.000  0.000  0.000  1.000
At time 1779612979.44904470
- Translation: [16.034, 18.104, -2.172]
- Rotation: in Quaternion (xyzw) [-0.038, 0.030, 0.093, 0.995]
- Rotation: in RPY (radian) [-0.071, 0.067, 0.183]
- Rotation: in RPY (degree) [-4.064, 3.824, 10.498]
- Matrix:
  0.981 -0.186  0.052 16.034
  0.182  0.980  0.082 18.104
 -0.067 -0.071  0.995 -2.172
  0.000  0.000  0.000  1.000
At time 1779612980.45273303
- Translation: [15.983, 18.103, -2.172]
- Rotation: in Quaternion (xyzw) [-0.038, 0.030, 0.087, 0.995]
- Rotation: in RPY (radian) [-0.071, 0.067, 0.172]
- Rotation: in RPY (degree) [-4.045, 3.822, 9.839]
- Matrix:
  0.983 -0.175  0.053 15.983
  0.171  0.982  0.081 18.103
 -0.067 -0.070  0.995 -2.172
  0.000  0.000  0.000  1.000
At time 1779612981.42161985
- Translation: [15.979, 18.101, -2.179]
- Rotation: in Quaternion (xyzw) [-0.037, 0.031, 0.091, 0.995]
- Rotation: in RPY (radian) [-0.069, 0.068, 0.179]
- Rotation: in RPY (degree) [-3.968, 3.885, 10.270]
- Matrix:
  0.982 -0.182  0.054 15.979
  0.178  0.981  0.080 18.101
 -0.068 -0.069  0.995 -2.179
  0.000  0.000  0.000  1.000
At time 1779612982.45017480
- Translation: [15.962, 18.163, -2.177]
- Rotation: in Quaternion (xyzw) [-0.037, 0.038, 0.092, 0.994]
- Rotation: in RPY (radian) [-0.066, 0.082, 0.182]
- Rotation: in RPY (degree) [-3.783, 4.695, 10.450]
- Matrix:
  0.980 -0.186  0.068 15.962
  0.181  0.980  0.080 18.163
 -0.082 -0.066  0.994 -2.177
  0.000  0.000  0.000  1.000
At time 1779612983.44985532
- Translation: [16.086, 18.141, -2.175]
- Rotation: in Quaternion (xyzw) [-0.036, 0.040, 0.099, 0.994]
- Rotation: in RPY (radian) [-0.065, 0.087, 0.196]
- Rotation: in RPY (degree) [-3.707, 4.976, 11.221]
- Matrix:
  0.977 -0.200  0.072 16.086
  0.194  0.978  0.080 18.141
 -0.087 -0.064  0.994 -2.175
  0.000  0.000  0.000  1.000
At time 1779612984.45147418
- Translation: [15.949, 18.133, -2.177]
- Rotation: in Quaternion (xyzw) [-0.037, 0.041, 0.112, 0.992]
- Rotation: in RPY (radian) [-0.065, 0.090, 0.222]
- Rotation: in RPY (degree) [-3.720, 5.145, 12.704]
- Matrix:
  0.972 -0.225  0.073 15.949
  0.219  0.972  0.083 18.133
 -0.090 -0.065  0.994 -2.177
  0.000  0.000  0.000  1.000
At time 1779612985.45748710
- Translation: [15.920, 18.102, -2.176]
- Rotation: in Quaternion (xyzw) [-0.036, 0.039, 0.112, 0.992]
- Rotation: in RPY (radian) [-0.064, 0.086, 0.221]
- Rotation: in RPY (degree) [-3.639, 4.932, 12.665]
- Matrix:
  0.972 -0.224  0.070 15.920
  0.218  0.973  0.081 18.102
 -0.086 -0.063  0.994 -2.176
  0.000  0.000  0.000  1.000
At time 1779612986.45096397
- Translation: [15.710, 18.037, -2.187]
- Rotation: in Quaternion (xyzw) [-0.028, 0.030, 0.128, 0.991]
- Rotation: in RPY (radian) [-0.048, 0.067, 0.255]
- Rotation: in RPY (degree) [-2.725, 3.832, 14.637]
- Matrix:
  0.965 -0.255  0.053 15.710
  0.252  0.966  0.063 18.037
 -0.067 -0.047  0.997 -2.187
  0.000  0.000  0.000  1.000
At time 1779612987.45278549
- Translation: [15.549, 17.966, -2.169]
- Rotation: in Quaternion (xyzw) [-0.051, 0.032, 0.202, 0.978]
- Rotation: in RPY (radian) [-0.088, 0.083, 0.404]
- Rotation: in RPY (degree) [-5.022, 4.728, 23.153]
- Matrix:
  0.916 -0.398  0.041 15.549
  0.392  0.913  0.113 17.966
 -0.082 -0.087  0.993 -2.169
  0.000  0.000  0.000  1.000
At time 1779612988.45023441
- Translation: [15.168, 18.093, -2.200]
- Rotation: in Quaternion (xyzw) [-0.034, 0.035, 0.231, 0.972]
- Rotation: in RPY (radian) [-0.050, 0.084, 0.464]
- Rotation: in RPY (degree) [-2.864, 4.821, 26.609]
- Matrix:
  0.891 -0.451  0.053 15.168
  0.446  0.891  0.082 18.093
 -0.084 -0.050  0.995 -2.200
  0.000  0.000  0.000  1.000
At time 1779612989.45664548
- Translation: [15.204, 18.287, -2.181]
- Rotation: in Quaternion (xyzw) [-0.038, 0.031, 0.251, 0.967]
- Rotation: in RPY (radian) [-0.057, 0.079, 0.505]
- Rotation: in RPY (degree) [-3.287, 4.539, 28.945]
- Matrix:
  0.872 -0.487  0.041 15.204
  0.482  0.871  0.088 18.287
 -0.079 -0.057  0.995 -2.181
  0.000  0.000  0.000  1.000
At time 1779612990.46090602
- Translation: [15.294, 18.000, -2.184]
- Rotation: in Quaternion (xyzw) [-0.039, 0.030, 0.310, 0.949]
- Rotation: in RPY (radian) [-0.056, 0.082, 0.630]
- Rotation: in RPY (degree) [-3.190, 4.682, 36.080]
- Matrix:
  0.805 -0.592  0.033 15.294
  0.587  0.804  0.093 18.000
 -0.082 -0.055  0.995 -2.184
  0.000  0.000  0.000  1.000
At time 1779612991.45224428
- Translation: [14.839, 17.880, -2.188]
- Rotation: in Quaternion (xyzw) [-0.039, 0.031, 0.321, 0.946]
- Rotation: in RPY (radian) [-0.054, 0.083, 0.652]
- Rotation: in RPY (degree) [-3.085, 4.751, 37.352]
- Matrix:
  0.792 -0.609  0.033 14.839
  0.605  0.791  0.093 17.880
 -0.083 -0.054  0.995 -2.188
  0.000  0.000  0.000  1.000
At time 1779612992.45234441
- Translation: [14.561, 17.997, -2.184]
- Rotation: in Quaternion (xyzw) [-0.038, 0.030, 0.303, 0.952]
- Rotation: in RPY (radian) [-0.056, 0.080, 0.614]
- Rotation: in RPY (degree) [-3.184, 4.567, 35.161]
- Matrix:
  0.815 -0.579  0.033 14.561
  0.574  0.814  0.091 17.997
 -0.080 -0.055  0.995 -2.184
  0.000  0.000  0.000  1.000
At time 1779612993.45170545
- Translation: [14.852, 17.787, -2.184]
- Rotation: in Quaternion (xyzw) [-0.040, 0.031, 0.338, 0.940]
- Rotation: in RPY (radian) [-0.054, 0.085, 0.687]
- Rotation: in RPY (degree) [-3.103, 4.880, 39.382]
- Matrix:
  0.770 -0.637  0.031 14.852
  0.632  0.769  0.096 17.787
 -0.085 -0.054  0.995 -2.184
  0.000  0.000  0.000  1.000
At time 1779612994.45188665
- Translation: [14.924, 17.805, -2.186]
- Rotation: in Quaternion (xyzw) [-0.040, 0.029, 0.305, 0.951]
- Rotation: in RPY (radian) [-0.058, 0.080, 0.618]
- Rotation: in RPY (degree) [-3.340, 4.603, 35.410]
- Matrix:
  0.812 -0.582  0.032 14.924
  0.578  0.811  0.094 17.805
 -0.080 -0.058  0.995 -2.186
  0.000  0.000  0.000  1.000
At time 1779612995.45232534
- Translation: [15.456, 17.037, -2.190]
- Rotation: in Quaternion (xyzw) [-0.041, 0.026, 0.370, 0.928]
- Rotation: in RPY (radian) [-0.057, 0.079, 0.758]
- Rotation: in RPY (degree) [-3.273, 4.527, 43.413]
- Matrix:
  0.724 -0.689  0.018 15.456
  0.685  0.722  0.096 17.037
 -0.079 -0.057  0.995 -2.190
  0.000  0.000  0.000  1.000
At time 1779612996.45261383
- Translation: [15.499, 16.758, -2.189]
- Rotation: in Quaternion (xyzw) [-0.042, 0.026, 0.374, 0.926]
- Rotation: in RPY (radian) [-0.058, 0.079, 0.766]
- Rotation: in RPY (degree) [-3.299, 4.551, 43.910]
- Matrix:
  0.718 -0.696  0.017 15.499
  0.691  0.716  0.096 16.758
 -0.079 -0.057  0.995 -2.189
  0.000  0.000  0.000  1.000
At time 1779612997.45249223
- Translation: [15.436, 16.831, -2.194]
- Rotation: in Quaternion (xyzw) [-0.041, 0.026, 0.368, 0.929]
- Rotation: in RPY (radian) [-0.058, 0.078, 0.752]
- Rotation: in RPY (degree) [-3.344, 4.483, 43.082]
- Matrix:
  0.728 -0.685  0.017 15.436
  0.681  0.726  0.096 16.831
 -0.078 -0.058  0.995 -2.194
  0.000  0.000  0.000  1.000
At time 1779612998.45241594
- Translation: [15.309, 17.075, -2.183]
- Rotation: in Quaternion (xyzw) [-0.040, 0.028, 0.349, 0.936]
- Rotation: in RPY (radian) [-0.056, 0.081, 0.712]
- Rotation: in RPY (degree) [-3.194, 4.625, 40.782]
- Matrix:
  0.755 -0.656  0.025 15.309
  0.651  0.753  0.095 17.075
 -0.081 -0.056  0.995 -2.183
  0.000  0.000  0.000  1.000
At time 1779612999.45288562
- Translation: [15.266, 17.187, -2.188]
- Rotation: in Quaternion (xyzw) [-0.041, 0.029, 0.349, 0.936]
- Rotation: in RPY (radian) [-0.056, 0.083, 0.712]
- Rotation: in RPY (degree) [-3.194, 4.741, 40.811]
- Matrix:
  0.754 -0.656  0.026 15.266
  0.651  0.753  0.096 17.187
 -0.083 -0.056  0.995 -2.188
  0.000  0.000  0.000  1.000
At time 1779613000.45322418
- Translation: [14.925, 18.404, -2.190]
- Rotation: in Quaternion (xyzw) [-0.031, 0.040, 0.098, 0.994]
- Rotation: in RPY (radian) [-0.054, 0.086, 0.194]
- Rotation: in RPY (degree) [-3.099, 4.925, 11.095]
- Matrix:
  0.978 -0.197  0.074 14.925
  0.192  0.979  0.070 18.404
 -0.086 -0.054  0.995 -2.190
  0.000  0.000  0.000  1.000
At time 1779613001.45753240
- Translation: [15.041, 18.366, -2.191]
- Rotation: in Quaternion (xyzw) [-0.033, 0.037, 0.086, 0.995]
- Rotation: in RPY (radian) [-0.058, 0.080, 0.171]
- Rotation: in RPY (degree) [-3.350, 4.578, 9.788]
- Matrix:
  0.982 -0.174  0.069 15.041
  0.169  0.983  0.071 18.366
 -0.080 -0.058  0.995 -2.191
  0.000  0.000  0.000  1.000
At time 1779613002.45370578
- Translation: [15.000, 18.278, -2.192]
- Rotation: in Quaternion (xyzw) [-0.033, 0.036, 0.092, 0.995]
- Rotation: in RPY (radian) [-0.058, 0.078, 0.181]
- Rotation: in RPY (degree) [-3.339, 4.453, 10.394]
- Matrix:
  0.981 -0.185  0.066 15.000
  0.180  0.981  0.071 18.278
 -0.078 -0.058  0.995 -2.192
  0.000  0.000  0.000  1.000
At time 1779613003.45688629
- Translation: [14.991, 18.261, -2.191]
- Rotation: in Quaternion (xyzw) [-0.033, 0.036, 0.094, 0.994]
- Rotation: in RPY (radian) [-0.058, 0.078, 0.186]
- Rotation: in RPY (degree) [-3.350, 4.474, 10.641]
- Matrix:
  0.980 -0.189  0.066 14.991
  0.184  0.980  0.072 18.261
 -0.078 -0.058  0.995 -2.191
  0.000  0.000  0.000  1.000
At time 1779613004.45630455
- Translation: [14.998, 18.254, -2.190]
- Rotation: in Quaternion (xyzw) [-0.033, 0.036, 0.095, 0.994]
- Rotation: in RPY (radian) [-0.058, 0.078, 0.188]
- Rotation: in RPY (degree) [-3.327, 4.482, 10.749]
- Matrix:
  0.979 -0.191  0.066 14.998
  0.186  0.980  0.072 18.254
 -0.078 -0.058  0.995 -2.190
  0.000  0.000  0.000  1.000
At time 1779613005.48149347
- Translation: [15.003, 18.263, -2.192]
- Rotation: in Quaternion (xyzw) [-0.033, 0.036, 0.094, 0.994]
- Rotation: in RPY (radian) [-0.059, 0.078, 0.186]
- Rotation: in RPY (degree) [-3.364, 4.497, 10.650]
- Matrix:
  0.980 -0.189  0.066 15.003
  0.184  0.980  0.072 18.263
 -0.078 -0.058  0.995 -2.192
  0.000  0.000  0.000  1.000
At time 1779613006.45785665
- Translation: [14.995, 18.256, -2.192]
- Rotation: in Quaternion (xyzw) [-0.033, 0.036, 0.094, 0.994]
- Rotation: in RPY (radian) [-0.058, 0.078, 0.187]
- Rotation: in RPY (degree) [-3.348, 4.484, 10.704]
- Matrix:
  0.980 -0.190  0.066 14.995
  0.185  0.980  0.072 18.256
 -0.078 -0.058  0.995 -2.192
  0.000  0.000  0.000  1.000
At time 1779613007.48851490
- Translation: [14.983, 18.263, -2.192]
- Rotation: in Quaternion (xyzw) [-0.033, 0.036, 0.093, 0.994]
- Rotation: in RPY (radian) [-0.059, 0.078, 0.184]
- Rotation: in RPY (degree) [-3.378, 4.487, 10.549]
- Matrix:
  0.980 -0.187  0.066 14.983
  0.183  0.981  0.072 18.263
 -0.078 -0.059  0.995 -2.192
  0.000  0.000  0.000  1.000
At time 1779613008.45473337
- Translation: [14.996, 18.268, -2.191]
- Rotation: in Quaternion (xyzw) [-0.033, 0.036, 0.093, 0.994]
- Rotation: in RPY (radian) [-0.058, 0.078, 0.185]
- Rotation: in RPY (degree) [-3.335, 4.492, 10.607]
- Matrix:
  0.980 -0.188  0.066 14.996
  0.184  0.980  0.072 18.268
 -0.078 -0.058  0.995 -2.191
  0.000  0.000  0.000  1.000
At time 1779613009.45634269
- Translation: [14.983, 18.253, -2.192]
- Rotation: in Quaternion (xyzw) [-0.033, 0.036, 0.095, 0.994]
- Rotation: in RPY (radian) [-0.058, 0.078, 0.188]
- Rotation: in RPY (degree) [-3.342, 4.493, 10.762]
- Matrix:
  0.979 -0.191  0.066 14.983
  0.186  0.980  0.072 18.253
 -0.078 -0.058  0.995 -2.192
  0.000  0.000  0.000  1.000
At time 1779613010.38709955
- Translation: [15.002, 18.251, -2.191]
- Rotation: in Quaternion (xyzw) [-0.033, 0.036, 0.095, 0.994]
- Rotation: in RPY (radian) [-0.058, 0.079, 0.188]
- Rotation: in RPY (degree) [-3.341, 4.516, 10.743]
- Matrix:
  0.979 -0.191  0.066 15.002
  0.186  0.980  0.072 18.251
 -0.079 -0.058  0.995 -2.191
  0.000  0.000  0.000  1.000
At time 1779613011.47032594
- Translation: [14.985, 18.255, -2.194]
- Rotation: in Quaternion (xyzw) [-0.033, 0.036, 0.095, 0.994]
- Rotation: in RPY (radian) [-0.059, 0.079, 0.188]
- Rotation: in RPY (degree) [-3.367, 4.503, 10.746]
- Matrix:
  0.979 -0.191  0.066 14.985
  0.186  0.980  0.072 18.255
 -0.079 -0.059  0.995 -2.194
  0.000  0.000  0.000  1.000
At time 1779613012.45545101
- Translation: [15.009, 18.287, -2.191]
- Rotation: in Quaternion (xyzw) [-0.032, 0.037, 0.093, 0.994]
- Rotation: in RPY (radian) [-0.058, 0.079, 0.184]
- Rotation: in RPY (degree) [-3.320, 4.523, 10.542]
- Matrix:
  0.980 -0.187  0.067 15.009
  0.182  0.981  0.071 18.287
 -0.079 -0.058  0.995 -2.191
  0.000  0.000  0.000  1.000
At time 1779613013.45563220
- Translation: [14.975, 18.262, -2.193]
- Rotation: in Quaternion (xyzw) [-0.033, 0.036, 0.094, 0.994]
- Rotation: in RPY (radian) [-0.058, 0.078, 0.186]
- Rotation: in RPY (degree) [-3.342, 4.494, 10.629]
- Matrix:
  0.980 -0.189  0.066 14.975
  0.184  0.980  0.072 18.262
 -0.078 -0.058  0.995 -2.193
  0.000  0.000  0.000  1.000
At time 1779613014.45567750
- Translation: [14.974, 18.253, -2.193]
- Rotation: in Quaternion (xyzw) [-0.033, 0.036, 0.095, 0.994]
- Rotation: in RPY (radian) [-0.059, 0.079, 0.187]
- Rotation: in RPY (degree) [-3.373, 4.514, 10.726]
- Matrix:
  0.979 -0.190  0.066 14.974
  0.186  0.980  0.072 18.253
 -0.079 -0.059  0.995 -2.193
  0.000  0.000  0.000  1.000
At time 1779613015.45629501
- Translation: [14.999, 18.274, -2.193]
- Rotation: in Quaternion (xyzw) [-0.033, 0.036, 0.094, 0.994]
- Rotation: in RPY (radian) [-0.058, 0.079, 0.186]
- Rotation: in RPY (degree) [-3.347, 4.512, 10.675]
- Matrix:
  0.980 -0.189  0.066 14.999
  0.185  0.980  0.072 18.274
 -0.079 -0.058  0.995 -2.193
  0.000  0.000  0.000  1.000
At time 1779613016.45842409
- Translation: [14.998, 18.291, -2.188]
- Rotation: in Quaternion (xyzw) [-0.032, 0.037, 0.091, 0.995]
- Rotation: in RPY (radian) [-0.058, 0.080, 0.180]
- Rotation: in RPY (degree) [-3.298, 4.575, 10.327]
- Matrix:
  0.981 -0.183  0.068 14.998
  0.179  0.981  0.071 18.291
 -0.080 -0.057  0.995 -2.188
  0.000  0.000  0.000  1.000
At time 1779613017.48798322
- Translation: [14.980, 18.263, -2.191]
- Rotation: in Quaternion (xyzw) [-0.033, 0.037, 0.094, 0.994]
- Rotation: in RPY (radian) [-0.058, 0.080, 0.187]
- Rotation: in RPY (degree) [-3.330, 4.566, 10.705]
- Matrix:
  0.979 -0.190  0.067 14.980
  0.185  0.980  0.072 18.263
 -0.080 -0.058  0.995 -2.191
  0.000  0.000  0.000  1.000
At time 1779613018.45667648
- Translation: [14.993, 18.249, -2.192]
- Rotation: in Quaternion (xyzw) [-0.033, 0.037, 0.096, 0.994]
- Rotation: in RPY (radian) [-0.058, 0.080, 0.190]
- Rotation: in RPY (degree) [-3.345, 4.559, 10.864]
- Matrix:
  0.979 -0.193  0.067 14.993
  0.188  0.980  0.072 18.249
 -0.079 -0.058  0.995 -2.192
  0.000  0.000  0.000  1.000
At time 1779613019.46020507
- Translation: [15.004, 18.255, -2.190]
- Rotation: in Quaternion (xyzw) [-0.033, 0.037, 0.095, 0.994]
- Rotation: in RPY (radian) [-0.058, 0.080, 0.187]
- Rotation: in RPY (degree) [-3.345, 4.569, 10.731]
- Matrix:
  0.979 -0.190  0.067 15.004
  0.186  0.980  0.072 18.255
 -0.080 -0.058  0.995 -2.190
  0.000  0.000  0.000  1.000
At time 1779613020.45712471
- Translation: [15.004, 18.249, -2.191]
- Rotation: in Quaternion (xyzw) [-0.033, 0.037, 0.095, 0.994]
- Rotation: in RPY (radian) [-0.058, 0.079, 0.189]
- Rotation: in RPY (degree) [-3.339, 4.543, 10.825]
- Matrix:
  0.979 -0.192  0.067 15.004
  0.187  0.980  0.072 18.249
 -0.079 -0.058  0.995 -2.191
  0.000  0.000  0.000  1.000
At time 1779613021.45717239
- Translation: [14.979, 18.266, -2.188]
- Rotation: in Quaternion (xyzw) [-0.033, 0.037, 0.094, 0.994]
- Rotation: in RPY (radian) [-0.058, 0.080, 0.186]
- Rotation: in RPY (degree) [-3.337, 4.598, 10.665]
- Matrix:
  0.980 -0.189  0.068 14.979
  0.184  0.980  0.072 18.266
 -0.080 -0.058  0.995 -2.188
  0.000  0.000  0.000  1.000
At time 1779613022.45738697
- Translation: [14.985, 18.257, -2.191]
- Rotation: in Quaternion (xyzw) [-0.033, 0.037, 0.096, 0.994]
- Rotation: in RPY (radian) [-0.058, 0.080, 0.190]
- Rotation: in RPY (degree) [-3.342, 4.556, 10.858]
- Matrix:
  0.979 -0.193  0.067 14.985
  0.188  0.980  0.072 18.257
 -0.079 -0.058  0.995 -2.191
  0.000  0.000  0.000  1.000
At time 1779613023.45759439
- Translation: [14.994, 18.260, -2.191]
- Rotation: in Quaternion (xyzw) [-0.033, 0.037, 0.093, 0.994]
- Rotation: in RPY (radian) [-0.059, 0.080, 0.185]
- Rotation: in RPY (degree) [-3.372, 4.568, 10.583]
- Matrix:
  0.980 -0.188  0.067 14.994
  0.183  0.980  0.072 18.260
 -0.080 -0.059  0.995 -2.191
  0.000  0.000  0.000  1.000
At time 1779613024.45781135
- Translation: [14.996, 18.261, -2.190]
- Rotation: in Quaternion (xyzw) [-0.033, 0.037, 0.094, 0.994]
- Rotation: in RPY (radian) [-0.058, 0.080, 0.186]
- Rotation: in RPY (degree) [-3.339, 4.555, 10.672]
- Matrix:
  0.980 -0.189  0.067 14.996
  0.185  0.980  0.072 18.261
 -0.079 -0.058  0.995 -2.190
  0.000  0.000  0.000  1.000
At time 1779613025.46251296
- Translation: [14.987, 18.208, -2.182]
- Rotation: in Quaternion (xyzw) [-0.032, 0.043, 0.066, 0.996]
- Rotation: in RPY (radian) [-0.059, 0.090, 0.130]
- Rotation: in RPY (degree) [-3.397, 5.180, 7.448]
- Matrix:
  0.988 -0.135  0.082 14.987
  0.129  0.989  0.070 18.208
 -0.090 -0.059  0.994 -2.182
  0.000  0.000  0.000  1.000
At time 1779613026.48027276
- Translation: [14.992, 18.290, -2.188]
- Rotation: in Quaternion (xyzw) [-0.046, 0.041, -0.218, 0.974]
- Rotation: in RPY (radian) [-0.107, 0.060, -0.444]
- Rotation: in RPY (degree) [-6.156, 3.444, -25.464]
- Matrix:
  0.901  0.422  0.100 14.992
 -0.429  0.900  0.071 18.290
 -0.060 -0.107  0.992 -2.188
  0.000  0.000  0.000  1.000
At time 1779613027.45784473
- Translation: [14.893, 18.469, -2.222]
- Rotation: in Quaternion (xyzw) [-0.035, 0.025, -0.515, 0.856]
- Rotation: in RPY (radian) [-0.085, 0.008, -1.082]
- Rotation: in RPY (degree) [-4.893, 0.431, -62.011]
- Matrix:
  0.469  0.880  0.079 14.893
 -0.883  0.468  0.033 18.469
 -0.008 -0.085  0.996 -2.222
  0.000  0.000  0.000  1.000
At time 1779613028.45841455
- Translation: [14.933, 18.343, -2.224]
- Rotation: in Quaternion (xyzw) [-0.029, 0.005, -0.691, 0.722]
- Rotation: in RPY (radian) [-0.048, -0.032, -1.526]
- Rotation: in RPY (degree) [-2.758, -1.852, -87.436]
- Matrix:
  0.045  0.998  0.047 14.933
 -0.998  0.043  0.034 18.343
  0.032 -0.048  0.998 -2.224
  0.000  0.000  0.000  1.000
At time 1779613029.45931339
- Translation: [15.227, 18.394, -2.182]
- Rotation: in Quaternion (xyzw) [-0.037, 0.007, -0.677, 0.735]
- Rotation: in RPY (radian) [-0.063, -0.039, -1.488]
- Rotation: in RPY (degree) [-3.610, -2.258, -85.278]
- Matrix:
  0.082  0.995  0.060 15.227
 -0.996  0.080  0.044 18.394
  0.039 -0.063  0.997 -2.182
  0.000  0.000  0.000  1.000
At time 1779613030.45995473
- Translation: [14.910, 18.304, -2.196]
- Rotation: in Quaternion (xyzw) [-0.034, 0.018, -0.681, 0.731]
- Rotation: in RPY (radian) [-0.075, -0.019, -1.500]
- Rotation: in RPY (degree) [-4.285, -1.107, -85.936]
- Matrix:
  0.071  0.995  0.073 14.910
 -0.997  0.069  0.025 18.304
  0.019 -0.075  0.997 -2.196
  0.000  0.000  0.000  1.000
At time 1779613031.46016454
- Translation: [14.972, 18.219, -2.183]
- Rotation: in Quaternion (xyzw) [-0.022, 0.017, -0.536, 0.844]
- Rotation: in RPY (radian) [-0.056, 0.005, -1.132]
- Rotation: in RPY (degree) [-3.197, 0.290, -64.877]
- Matrix:
  0.425  0.904  0.053 14.972
 -0.905  0.424  0.019 18.219
 -0.005 -0.056  0.998 -2.183
  0.000  0.000  0.000  1.000
At time 1779613032.46170473
- Translation: [15.080, 18.101, -2.171]
- Rotation: in Quaternion (xyzw) [-0.021, 0.026, -0.344, 0.938]
- Rotation: in RPY (radian) [-0.057, 0.034, -0.704]
- Rotation: in RPY (degree) [-3.258, 1.928, -40.318]
- Matrix:
  0.762  0.645  0.062 15.080
 -0.647  0.762  0.022 18.101
 -0.034 -0.057  0.998 -2.171
  0.000  0.000  0.000  1.000
At time 1779613033.46028375
- Translation: [15.129, 18.125, -2.168]
- Rotation: in Quaternion (xyzw) [-0.038, 0.043, -0.124, 0.991]
- Rotation: in RPY (radian) [-0.086, 0.075, -0.252]
- Rotation: in RPY (degree) [-4.907, 4.307, -14.411]
- Matrix:
  0.966  0.242  0.094 15.129
 -0.248  0.967  0.064 18.125
 -0.075 -0.085  0.994 -2.168
  0.000  0.000  0.000  1.000
At time 1779613034.46021699
- Translation: [15.462, 17.809, -2.176]
- Rotation: in Quaternion (xyzw) [-0.047, 0.044, 0.070, 0.995]
- Rotation: in RPY (radian) [-0.087, 0.093, 0.137]
- Rotation: in RPY (degree) [-5.006, 5.352, 7.831]
- Matrix:
  0.986 -0.144  0.080 15.462
  0.136  0.986  0.099 17.809
 -0.093 -0.087  0.992 -2.176
  0.000  0.000  0.000  1.000
At time 1779613035.46016693
- Translation: [15.713, 17.946, -2.183]
- Rotation: in Quaternion (xyzw) [-0.040, 0.050, 0.059, 0.996]
- Rotation: in RPY (radian) [-0.075, 0.105, 0.114]
- Rotation: in RPY (degree) [-4.271, 6.038, 6.507]
- Matrix:
  0.988 -0.121  0.096 15.713
  0.113  0.990  0.086 17.946
 -0.105 -0.074  0.992 -2.183
  0.000  0.000  0.000  1.000
At time 1779613036.46111583
- Translation: [16.101, 18.055, -2.222]
- Rotation: in Quaternion (xyzw) [-0.023, 0.048, 0.017, 0.998]
- Rotation: in RPY (radian) [-0.044, 0.098, 0.032]
- Rotation: in RPY (degree) [-2.526, 5.593, 1.808]
- Matrix:
  0.995 -0.036  0.096 16.101
  0.031  0.998  0.047 18.055
 -0.097 -0.044  0.994 -2.222
  0.000  0.000  0.000  1.000
At time 1779613037.46108484
- Translation: [16.323, 18.015, -2.257]
- Rotation: in Quaternion (xyzw) [-0.016, 0.042, 0.006, 0.999]
- Rotation: in RPY (radian) [-0.032, 0.083, 0.011]
- Rotation: in RPY (degree) [-1.846, 4.772, 0.607]
- Matrix:
  0.996 -0.013  0.083 16.323
  0.011  0.999  0.033 18.015
 -0.083 -0.032  0.996 -2.257
  0.000  0.000  0.000  1.000
At time 1779613038.46069622
- Translation: [16.757, 17.982, -2.277]
- Rotation: in Quaternion (xyzw) [-0.035, 0.052, -0.001, 0.998]
- Rotation: in RPY (radian) [-0.070, 0.104, -0.006]
- Rotation: in RPY (degree) [-4.010, 5.932, -0.332]
- Matrix:
  0.995 -0.001  0.103 16.757
 -0.006  0.998  0.069 17.982
 -0.103 -0.070  0.992 -2.277
  0.000  0.000  0.000  1.000
At time 1779613039.46100378
- Translation: [17.139, 18.019, -2.297]
- Rotation: in Quaternion (xyzw) [-0.033, 0.053, 0.045, 0.997]
- Rotation: in RPY (radian) [-0.062, 0.109, 0.088]
- Rotation: in RPY (degree) [-3.547, 6.262, 5.018]
- Matrix:
  0.990 -0.094  0.103 17.139
  0.087  0.994  0.071 18.019
 -0.109 -0.061  0.992 -2.297
  0.000  0.000  0.000  1.000
At time 1779613040.46051979
- Translation: [17.506, 18.006, -2.306]
- Rotation: in Quaternion (xyzw) [-0.045, 0.047, 0.035, 0.997]
- Rotation: in RPY (radian) [-0.087, 0.097, 0.066]
- Rotation: in RPY (degree) [-4.986, 5.577, 3.765]
- Matrix:
  0.993 -0.074  0.091 17.506
  0.065  0.994  0.093 18.006
 -0.097 -0.086  0.992 -2.306
  0.000  0.000  0.000  1.000
At time 1779613041.46160697
- Translation: [17.581, 18.045, -2.320]
- Rotation: in Quaternion (xyzw) [-0.060, 0.045, 0.018, 0.997]
- Rotation: in RPY (radian) [-0.118, 0.092, 0.030]
- Rotation: in RPY (degree) [-6.754, 5.255, 1.703]
- Matrix:
  0.995 -0.040  0.087 17.581
  0.030  0.992  0.120 18.045
 -0.092 -0.117  0.989 -2.320
  0.000  0.000  0.000  1.000
At time 1779613042.47331571
- Translation: [18.045, 18.043, -2.319]
- Rotation: in Quaternion (xyzw) [-0.051, 0.051, -0.017, 0.997]
- Rotation: in RPY (radian) [-0.103, 0.101, -0.040]
- Rotation: in RPY (degree) [-5.922, 5.786, -2.281]
- Matrix:
  0.994  0.029  0.104 18.045
 -0.040  0.994  0.099 18.043
 -0.101 -0.103  0.990 -2.319
  0.000  0.000  0.000  1.000
At time 1779613043.47123432
- Translation: [18.362, 18.090, -2.357]
- Rotation: in Quaternion (xyzw) [-0.026, 0.043, -0.021, 0.999]
- Rotation: in RPY (radian) [-0.054, 0.085, -0.045]
- Rotation: in RPY (degree) [-3.113, 4.875, -2.565]
- Matrix:
  0.995  0.040  0.087 18.362
 -0.045  0.998  0.050 18.090
 -0.085 -0.054  0.995 -2.357
  0.000  0.000  0.000  1.000
At time 1779613044.47296285
- Translation: [18.749, 18.064, -2.393]
- Rotation: in Quaternion (xyzw) [-0.017, 0.046, 0.000, 0.999]
- Rotation: in RPY (radian) [-0.035, 0.093, -0.001]
- Rotation: in RPY (degree) [-1.999, 5.306, -0.063]
- Matrix:
  0.996 -0.002  0.092 18.749
 -0.001  0.999  0.035 18.064
 -0.092 -0.035  0.995 -2.393
  0.000  0.000  0.000  1.000
At time 1779613045.46244382
- Translation: [19.154, 18.084, -2.420]
- Rotation: in Quaternion (xyzw) [-0.023, 0.049, -0.005, 0.999]
- Rotation: in RPY (radian) [-0.047, 0.097, -0.013]
- Rotation: in RPY (degree) [-2.715, 5.555, -0.733]
- Matrix:
  0.995  0.008  0.097 19.154
 -0.013  0.999  0.046 18.084
 -0.097 -0.047  0.994 -2.420
  0.000  0.000  0.000  1.000
At time 1779613046.46310663
- Translation: [19.483, 18.062, -2.433]
- Rotation: in Quaternion (xyzw) [-0.037, 0.050, -0.041, 0.997]
- Rotation: in RPY (radian) [-0.078, 0.097, -0.086]
- Rotation: in RPY (degree) [-4.479, 5.582, -4.911]
- Matrix:
  0.992  0.078  0.103 19.483
 -0.085  0.994  0.070 18.062
 -0.097 -0.078  0.992 -2.433
  0.000  0.000  0.000  1.000
At time 1779613047.46241521
- Translation: [19.938, 18.085, -2.449]
- Rotation: in Quaternion (xyzw) [-0.048, 0.048, -0.028, 0.997]
- Rotation: in RPY (radian) [-0.099, 0.093, -0.062]
- Rotation: in RPY (degree) [-5.663, 5.312, -3.533]
- Matrix:
  0.994  0.052  0.098 19.938
 -0.061  0.994  0.093 18.085
 -0.093 -0.098  0.991 -2.449
  0.000  0.000  0.000  1.000
At time 1779613048.46211481
- Translation: [20.102, 18.086, -2.449]
- Rotation: in Quaternion (xyzw) [-0.054, 0.048, 0.029, 0.997]
- Rotation: in RPY (radian) [-0.105, 0.100, 0.052]
- Rotation: in RPY (degree) [-6.042, 5.704, 2.996]
- Matrix:
  0.994 -0.062  0.093 20.102
  0.052  0.993  0.110 18.086
 -0.099 -0.105  0.990 -2.449
  0.000  0.000  0.000  1.000
At time 1779613049.46241283
- Translation: [20.164, 18.111, -2.452]
- Rotation: in Quaternion (xyzw) [-0.051, 0.044, -0.002, 0.998]
- Rotation: in RPY (radian) [-0.102, 0.088, -0.010]
- Rotation: in RPY (degree) [-5.868, 5.052, -0.546]
- Matrix:
  0.996  0.000  0.089 20.164
 -0.009  0.995  0.101 18.111
 -0.088 -0.102  0.991 -2.452
  0.000  0.000  0.000  1.000
At time 1779613050.46274662
- Translation: [20.279, 18.046, -2.466]
- Rotation: in Quaternion (xyzw) [-0.048, 0.043, -0.144, 0.988]
- Rotation: in RPY (radian) [-0.108, 0.071, -0.293]
- Rotation: in RPY (degree) [-6.189, 4.044, -16.768]
- Matrix:
  0.955  0.280  0.098 20.279
 -0.288  0.954  0.083 18.046
 -0.071 -0.108  0.992 -2.466
  0.000  0.000  0.000  1.000
At time 1779613051.47452688
- Translation: [20.335, 18.167, -2.481]
- Rotation: in Quaternion (xyzw) [-0.046, 0.039, -0.286, 0.956]
- Rotation: in RPY (radian) [-0.110, 0.047, -0.584]
- Rotation: in RPY (degree) [-6.316, 2.716, -33.452]
- Matrix:
  0.833  0.544  0.100 20.335
 -0.551  0.832  0.066 18.167
 -0.047 -0.110  0.993 -2.481
  0.000  0.000  0.000  1.000
At time 1779613052.46406507
- Translation: [20.400, 18.127, -2.489]
- Rotation: in Quaternion (xyzw) [-0.042, 0.035, -0.435, 0.899]
- Rotation: in RPY (radian) [-0.106, 0.027, -0.902]
- Rotation: in RPY (degree) [-6.080, 1.542, -51.682]
- Matrix:
  0.620  0.778  0.100 20.400
 -0.784  0.619  0.045 18.127
 -0.027 -0.106  0.994 -2.489
  0.000  0.000  0.000  1.000
At time 1779613053.46950340
- Translation: [20.269, 18.233, -2.511]
- Rotation: in Quaternion (xyzw) [-0.039, 0.022, -0.574, 0.817]
- Rotation: in RPY (radian) [-0.089, -0.009, -1.225]
- Rotation: in RPY (degree) [-5.096, -0.500, -70.181]
- Matrix:
  0.339  0.937  0.081 20.269
 -0.941  0.337  0.038 18.233
  0.009 -0.089  0.996 -2.511
  0.000  0.000  0.000  1.000
At time 1779613054.46923637
- Translation: [20.316, 17.996, -2.523]
- Rotation: in Quaternion (xyzw) [-0.031, 0.010, -0.695, 0.719]
- Rotation: in RPY (radian) [-0.058, -0.029, -1.536]
- Rotation: in RPY (degree) [-3.347, -1.675, -87.997]
- Matrix:
  0.035  0.998  0.057 20.316
 -0.999  0.033  0.031 17.996
  0.029 -0.058  0.998 -2.523
  0.000  0.000  0.000  1.000
At time 1779613055.46482324
- Translation: [20.299, 17.923, -2.495]
- Rotation: in Quaternion (xyzw) [-0.032, 0.003, -0.789, 0.614]
- Rotation: in RPY (radian) [-0.044, -0.048, -1.818]
- Rotation: in RPY (degree) [-2.546, -2.724, -104.173]
- Matrix:
 -0.245  0.968  0.055 20.299
 -0.968 -0.247  0.035 17.923
  0.048 -0.044  0.998 -2.495
  0.000  0.000  0.000  1.000
At time 1779613056.46631574
- Translation: [20.305, 17.813, -2.483]
- Rotation: in Quaternion (xyzw) [-0.029, -0.008, -0.861, 0.508]
- Rotation: in RPY (radian) [-0.016, -0.057, -2.074]
- Rotation: in RPY (degree) [-0.928, -3.263, -118.829]
- Matrix:
 -0.481  0.876  0.042 20.305
 -0.875 -0.483  0.042 17.813
  0.057 -0.016  0.998 -2.483
  0.000  0.000  0.000  1.000
At time 1779613057.46580553
- Translation: [20.240, 17.742, -2.454]
- Rotation: in Quaternion (xyzw) [0.033, 0.006, 0.866, -0.500]
- Rotation: in RPY (radian) [-0.022, -0.063, -2.094]
- Rotation: in RPY (degree) [-1.248, -3.594, -119.984]
- Matrix:
 -0.499  0.865  0.050 20.240
 -0.864 -0.501  0.043 17.742
  0.063 -0.022  0.998 -2.454
  0.000  0.000  0.000  1.000
At time 1779613058.46542406
- Translation: [20.242, 17.755, -2.452]
- Rotation: in Quaternion (xyzw) [0.034, 0.005, 0.866, -0.498]
- Rotation: in RPY (radian) [-0.025, -0.065, -2.097]
- Rotation: in RPY (degree) [-1.425, -3.712, -120.133]
- Matrix:
 -0.501  0.864  0.054 20.242
 -0.863 -0.503  0.043 17.755
  0.065 -0.025  0.998 -2.452
  0.000  0.000  0.000  1.000
At time 1779613059.46626329
- Translation: [20.231, 17.722, -2.475]
- Rotation: in Quaternion (xyzw) [-0.028, -0.001, -0.747, 0.665]
- Rotation: in RPY (radian) [-0.036, -0.044, -1.686]
- Rotation: in RPY (degree) [-2.044, -2.538, -96.617]
- Matrix:
 -0.115  0.993  0.041 20.231
 -0.992 -0.117  0.040 17.722
  0.044 -0.036  0.998 -2.475
  0.000  0.000  0.000  1.000
At time 1779613060.46571254
- Translation: [20.238, 17.585, -2.476]
- Rotation: in Quaternion (xyzw) [-0.026, 0.022, -0.487, 0.872]
- Rotation: in RPY (radian) [-0.068, 0.014, -1.019]
- Rotation: in RPY (degree) [-3.883, 0.783, -58.412]
- Matrix:
  0.524  0.849  0.065 20.238
 -0.852  0.523  0.024 17.585
 -0.014 -0.068  0.998 -2.476
  0.000  0.000  0.000  1.000
At time 1779613061.46666383
- Translation: [20.408, 17.400, -2.452]
- Rotation: in Quaternion (xyzw) [-0.024, 0.038, -0.185, 0.982]
- Rotation: in RPY (radian) [-0.062, 0.067, -0.375]
- Rotation: in RPY (degree) [-3.542, 3.812, -21.511]
- Matrix:
  0.928  0.362  0.084 20.408
 -0.366  0.930  0.033 17.400
 -0.066 -0.062  0.996 -2.452
  0.000  0.000  0.000  1.000
At time 1779613062.46688556
- Translation: [20.635, 17.449, -2.439]
- Rotation: in Quaternion (xyzw) [-0.032, 0.050, 0.015, 0.998]
- Rotation: in RPY (radian) [-0.063, 0.101, 0.027]
- Rotation: in RPY (degree) [-3.595, 5.798, 1.550]
- Matrix:
  0.995 -0.033  0.099 20.635
  0.027  0.997  0.065 17.449
 -0.101 -0.062  0.993 -2.439
  0.000  0.000  0.000  1.000
At time 1779613063.46730518
- Translation: [20.627, 17.556, -2.470]
- Rotation: in Quaternion (xyzw) [-0.018, 0.044, -0.083, 0.995]
- Rotation: in RPY (radian) [-0.043, 0.084, -0.167]
- Rotation: in RPY (degree) [-2.471, 4.805, -9.583]
- Matrix:
  0.983  0.163  0.090 20.627
 -0.166  0.986  0.029 17.556
 -0.084 -0.043  0.996 -2.470
  0.000  0.000  0.000  1.000
At time 1779613064.47884464
- Translation: [20.880, 17.552, -2.484]
- Rotation: in Quaternion (xyzw) [-0.021, 0.034, -0.207, 0.978]
- Rotation: in RPY (radian) [-0.056, 0.057, -0.419]
- Rotation: in RPY (degree) [-3.201, 3.294, -24.005]
- Matrix:
  0.912  0.403  0.075 20.880
 -0.406  0.913  0.028 17.552
 -0.057 -0.056  0.997 -2.484
  0.000  0.000  0.000  1.000
At time 1779613065.46692371
- Translation: [21.227, 17.305, -2.514]
- Rotation: in Quaternion (xyzw) [-0.024, 0.028, -0.290, 0.956]
- Rotation: in RPY (radian) [-0.062, 0.039, -0.589]
- Rotation: in RPY (degree) [-3.547, 2.243, -33.765]
- Matrix:
  0.831  0.553  0.067 21.227
 -0.555  0.831  0.030 17.305
 -0.039 -0.062  0.997 -2.514
  0.000  0.000  0.000  1.000
At time 1779613066.46747446
- Translation: [21.552, 16.981, -2.514]
- Rotation: in Quaternion (xyzw) [-0.028, 0.033, -0.336, 0.941]
- Rotation: in RPY (radian) [-0.074, 0.043, -0.688]
- Rotation: in RPY (degree) [-4.229, 2.452, -39.444]
- Matrix:
  0.772  0.631  0.080 21.552
 -0.635  0.772  0.030 16.981
 -0.043 -0.074  0.996 -2.514
  0.000  0.000  0.000  1.000
At time 1779613067.46667575
- Translation: [21.893, 16.777, -2.519]
- Rotation: in Quaternion (xyzw) [-0.028, 0.040, -0.318, 0.947]
- Rotation: in RPY (radian) [-0.079, 0.058, -0.650]
- Rotation: in RPY (degree) [-4.531, 3.296, -37.250]
- Matrix:
  0.795  0.600  0.093 21.893
 -0.604  0.796  0.028 16.777
 -0.058 -0.079  0.995 -2.519
  0.000  0.000  0.000  1.000
At time 1779613068.46788454
- Translation: [22.142, 16.546, -2.536]
- Rotation: in Quaternion (xyzw) [-0.023, 0.035, -0.190, 0.981]
- Rotation: in RPY (radian) [-0.059, 0.060, -0.385]
- Rotation: in RPY (degree) [-3.375, 3.412, -22.072]
- Matrix:
  0.925  0.372  0.077 22.142
 -0.375  0.926  0.032 16.546
 -0.060 -0.059  0.996 -2.536
  0.000  0.000  0.000  1.000
At time 1779613069.46775341
- Translation: [22.383, 16.418, -2.555]
- Rotation: in Quaternion (xyzw) [-0.028, 0.046, -0.046, 0.997]
- Rotation: in RPY (radian) [-0.060, 0.090, -0.095]
- Rotation: in RPY (degree) [-3.442, 5.146, -5.440]
- Matrix:
  0.991  0.089  0.095 22.383
 -0.094  0.994  0.051 16.418
 -0.090 -0.060  0.994 -2.555
  0.000  0.000  0.000  1.000
At time 1779613070.46806335
- Translation: [22.591, 16.447, -2.565]
- Rotation: in Quaternion (xyzw) [-0.040, 0.044, -0.005, 0.998]
- Rotation: in RPY (radian) [-0.081, 0.088, -0.013]
- Rotation: in RPY (degree) [-4.667, 5.021, -0.734]
- Matrix:
  0.996  0.006  0.088 22.591
 -0.013  0.997  0.080 16.447
 -0.088 -0.081  0.993 -2.565
  0.000  0.000  0.000  1.000
At time 1779613071.46825647
- Translation: [22.856, 16.519, -2.574]
- Rotation: in Quaternion (xyzw) [-0.047, 0.042, 0.002, 0.998]
- Rotation: in RPY (radian) [-0.095, 0.084, 0.001]
- Rotation: in RPY (degree) [-5.418, 4.827, 0.058]
- Matrix:
  0.996 -0.009  0.084 22.856
  0.001  0.996  0.095 16.519
 -0.084 -0.094  0.992 -2.574
  0.000  0.000  0.000  1.000
At time 1779613072.46768426
- Translation: [23.064, 16.516, -2.573]
- Rotation: in Quaternion (xyzw) [-0.051, 0.045, 0.066, 0.996]
- Rotation: in RPY (radian) [-0.096, 0.096, 0.127]
- Rotation: in RPY (degree) [-5.493, 5.518, 7.268]
- Matrix:
  0.987 -0.135  0.083 23.064
  0.126  0.986  0.107 16.516
 -0.096 -0.095  0.991 -2.573
  0.000  0.000  0.000  1.000
At time 1779613073.47185420
- Translation: [23.069, 16.534, -2.563]
- Rotation: in Quaternion (xyzw) [-0.045, 0.042, 0.339, 0.939]
- Rotation: in RPY (radian) [-0.057, 0.109, 0.689]
- Rotation: in RPY (degree) [-3.251, 6.247, 39.485]
- Matrix:
  0.767 -0.640  0.048 23.069
  0.632  0.767  0.113 16.534
 -0.109 -0.056  0.992 -2.563
  0.000  0.000  0.000  1.000
At time 1779613074.46792268
- Translation: [23.169, 16.587, -2.556]
- Rotation: in Quaternion (xyzw) [-0.029, 0.040, 0.671, 0.740]
- Rotation: in RPY (radian) [0.010, 0.098, 1.474]
- Rotation: in RPY (degree) [0.582, 5.604, 84.433]
- Matrix:
  0.097 -0.995  0.020 23.169
  0.991  0.098  0.096 16.587
 -0.098  0.010  0.995 -2.556
  0.000  0.000  0.000  1.000
At time 1779613075.46874761
- Translation: [23.159, 16.770, -2.577]
- Rotation: in Quaternion (xyzw) [-0.007, 0.051, 0.897, 0.440]
- Rotation: in RPY (radian) [0.086, 0.057, 2.232]
- Rotation: in RPY (degree) [4.924, 3.280, 127.879]
- Matrix:
 -0.613 -0.789  0.033 23.159
  0.788 -0.608  0.098 16.770
 -0.057  0.086  0.995 -2.577
  0.000  0.000  0.000  1.000
At time 1779613076.47101736
- Translation: [22.970, 16.892, -2.556]
- Rotation: in Quaternion (xyzw) [0.006, 0.040, 0.995, 0.094]
- Rotation: in RPY (radian) [0.081, -0.004, 2.953]
- Rotation: in RPY (degree) [4.667, -0.235, 169.201]
- Matrix:
 -0.982 -0.186  0.019 22.970
  0.187 -0.979  0.079 16.892
  0.004  0.081  0.997 -2.556
  0.000  0.000  0.000  1.000
At time 1779613077.47220468
- Translation: [22.923, 16.938, -2.574]
- Rotation: in Quaternion (xyzw) [0.017, 0.013, 0.997, -0.078]
- Rotation: in RPY (radian) [0.022, -0.035, -2.985]
- Rotation: in RPY (degree) [1.282, -1.998, -171.024]
- Matrix:
 -0.987  0.157  0.031 22.923
 -0.156 -0.987  0.028 16.938
  0.035  0.022  0.999 -2.574
  0.000  0.000  0.000  1.000
At time 1779613078.50330400
- Translation: [22.883, 16.889, -2.561]
- Rotation: in Quaternion (xyzw) [0.024, 0.016, 0.996, -0.079]
- Rotation: in RPY (radian) [0.029, -0.050, -2.985]
- Rotation: in RPY (degree) [1.669, -2.888, -171.019]
- Matrix:
 -0.986  0.157  0.045 22.883
 -0.156 -0.987  0.037 16.889
  0.050  0.029  0.998 -2.561
  0.000  0.000  0.000  1.000
At time 1779613079.46979427
- Translation: [22.895, 16.820, -2.583]
- Rotation: in Quaternion (xyzw) [0.022, 0.027, 0.993, -0.113]
- Rotation: in RPY (radian) [0.048, -0.049, -2.917]
- Rotation: in RPY (degree) [2.752, -2.824, -167.108]
- Matrix:
 -0.974  0.225  0.037 22.895
 -0.223 -0.973  0.058 16.820
  0.049  0.048  0.998 -2.583
  0.000  0.000  0.000  1.000
At time 1779613080.47153711
- Translation: [22.824, 16.903, -2.551]
- Rotation: in Quaternion (xyzw) [0.031, 0.002, 0.961, -0.274]
- Rotation: in RPY (radian) [-0.013, -0.061, -2.586]
- Rotation: in RPY (degree) [-0.723, -3.498, -148.169]
- Matrix:
 -0.848  0.527  0.058 22.824
 -0.526 -0.850  0.021 16.903
  0.061 -0.013  0.998 -2.551
  0.000  0.000  0.000  1.000
At time 1779613081.47102451
- Translation: [22.713, 16.850, -2.528]
- Rotation: in Quaternion (xyzw) [0.027, -0.007, 0.898, -0.440]
- Rotation: in RPY (radian) [-0.037, -0.042, -2.230]
- Rotation: in RPY (degree) [-2.130, -2.411, -127.764]
- Matrix:
 -0.612  0.789  0.055 22.713
 -0.790 -0.613  0.010 16.850
  0.042 -0.037  0.998 -2.528
  0.000  0.000  0.000  1.000
At time 1779613082.47077417
- Translation: [22.574, 16.695, -2.540]
- Rotation: in Quaternion (xyzw) [-0.042, 0.018, -0.796, 0.604]
- Rotation: in RPY (radian) [-0.081, -0.045, -1.841]
- Rotation: in RPY (degree) [-4.615, -2.570, -105.488]
- Matrix:
 -0.267  0.960  0.089 22.574
 -0.963 -0.270  0.022 16.695
  0.045 -0.080  0.996 -2.540
  0.000  0.000  0.000  1.000
At time 1779613083.47061443
- Translation: [22.540, 16.554, -2.538]
- Rotation: in Quaternion (xyzw) [-0.050, 0.020, -0.688, 0.724]
- Rotation: in RPY (radian) [-0.100, -0.039, -1.519]
- Rotation: in RPY (degree) [-5.716, -2.238, -87.023]
- Matrix:
  0.052  0.994  0.097 22.540
 -0.998  0.048  0.044 16.554
  0.039 -0.100  0.994 -2.538
  0.000  0.000  0.000  1.000
At time 1779613084.47106266
- Translation: [22.575, 16.492, -2.554]
- Rotation: in Quaternion (xyzw) [-0.041, 0.018, -0.673, 0.738]
- Rotation: in RPY (radian) [-0.085, -0.028, -1.477]
- Rotation: in RPY (degree) [-4.870, -1.591, -84.609]
- Matrix:
  0.094  0.992  0.082 22.575
 -0.995  0.091  0.036 16.492
  0.028 -0.085  0.996 -2.554
  0.000  0.000  0.000  1.000
At time 1779613085.47075271
- Translation: [22.624, 16.247, -2.526]
- Rotation: in Quaternion (xyzw) [-0.049, 0.028, -0.713, 0.699]
- Rotation: in RPY (radian) [-0.109, -0.031, -1.590]
- Rotation: in RPY (degree) [-6.228, -1.799, -91.081]
- Matrix:
 -0.019  0.994  0.109 22.624
 -0.999 -0.022  0.029 16.247
  0.031 -0.108  0.994 -2.526
  0.000  0.000  0.000  1.000
At time 1779613086.47114610
- Translation: [22.609, 15.879, -2.489]
- Rotation: in Quaternion (xyzw) [-0.052, 0.033, -0.728, 0.682]
- Rotation: in RPY (radian) [-0.119, -0.030, -1.634]
- Rotation: in RPY (degree) [-6.832, -1.739, -93.643]
- Matrix:
 -0.064  0.991  0.121 22.609
 -0.998 -0.067  0.023 15.879
  0.030 -0.119  0.992 -2.489
  0.000  0.000  0.000  1.000
At time 1779613087.47283649
- Translation: [22.591, 15.542, -2.491]
- Rotation: in Quaternion (xyzw) [-0.045, 0.024, -0.718, 0.694]
- Rotation: in RPY (radian) [-0.097, -0.031, -1.604]
- Rotation: in RPY (degree) [-5.547, -1.767, -91.888]
- Matrix:
 -0.033  0.995  0.098 22.591
 -0.999 -0.036  0.027 15.542
  0.031 -0.097  0.995 -2.491
  0.000  0.000  0.000  1.000
At time 1779613088.47263383
- Translation: [22.601, 15.058, -2.494]
- Rotation: in Quaternion (xyzw) [-0.039, 0.001, -0.713, 0.700]
- Rotation: in RPY (radian) [-0.056, -0.055, -1.587]
- Rotation: in RPY (degree) [-3.219, -3.154, -90.928]
- Matrix:
 -0.016  0.998  0.057 22.601
 -0.998 -0.019  0.054 15.058
  0.055 -0.056  0.997 -2.494
  0.000  0.000  0.000  1.000
At time 1779613089.47666549
- Translation: [22.604, 14.736, -2.479]
- Rotation: in Quaternion (xyzw) [-0.034, -0.006, -0.670, 0.742]
- Rotation: in RPY (radian) [-0.042, -0.054, -1.468]
- Rotation: in RPY (degree) [-2.413, -3.082, -84.092]
- Matrix:
  0.103  0.994  0.036 22.604
 -0.993  0.101  0.058 14.736
  0.054 -0.042  0.998 -2.479
  0.000  0.000  0.000  1.000
At time 1779613090.47339677
- Translation: [22.661, 14.486, -2.445]
- Rotation: in Quaternion (xyzw) [-0.037, -0.008, -0.711, 0.702]
- Rotation: in RPY (radian) [-0.040, -0.064, -1.583]
- Rotation: in RPY (degree) [-2.297, -3.670, -90.689]
- Matrix:
 -0.012  0.999  0.041 22.661
 -0.998 -0.015  0.063 14.486
  0.064 -0.040  0.997 -2.445
  0.000  0.000  0.000  1.000
At time 1779613091.47395467
- Translation: [22.638, 14.453, -2.414]
- Rotation: in Quaternion (xyzw) [-0.028, -0.007, -0.829, 0.558]
- Rotation: in RPY (radian) [-0.020, -0.055, -1.956]
- Rotation: in RPY (degree) [-1.144, -3.165, -112.058]
- Matrix:
 -0.375  0.926  0.039 22.638
 -0.925 -0.376  0.044 14.453
  0.055 -0.020  0.998 -2.414
  0.000  0.000  0.000  1.000
At time 1779613092.47688484
- Translation: [22.672, 14.387, -2.408]
- Rotation: in Quaternion (xyzw) [0.022, 0.014, 0.920, -0.391]
- Rotation: in RPY (radian) [0.008, -0.051, -2.339]
- Rotation: in RPY (degree) [0.454, -2.946, -134.008]
- Matrix:
 -0.694  0.720  0.030 22.672
 -0.718 -0.694  0.042 14.387
  0.051  0.008  0.999 -2.408
  0.000  0.000  0.000  1.000
At time 1779613093.47385454
- Translation: [22.616, 14.321, -2.387]
- Rotation: in Quaternion (xyzw) [0.021, 0.025, 0.976, -0.215]
- Rotation: in RPY (radian) [0.039, -0.053, -2.708]
- Rotation: in RPY (degree) [2.257, -3.013, -155.173]
- Matrix:
 -0.906  0.421  0.031 22.616
 -0.419 -0.906  0.058 14.321
  0.053  0.039  0.998 -2.387
  0.000  0.000  0.000  1.000
At time 1779613094.47780275
- Translation: [22.544, 14.214, -2.382]
- Rotation: in Quaternion (xyzw) [0.014, 0.024, 0.999, -0.030]
- Rotation: in RPY (radian) [0.047, -0.029, -3.083]
- Rotation: in RPY (degree) [2.720, -1.639, -176.629]
- Matrix:
 -0.998  0.060  0.026 22.544
 -0.059 -0.997  0.049 14.214
  0.029  0.047  0.998 -2.382
  0.000  0.000  0.000  1.000
At time 1779613095.47459602
- Translation: [22.473, 14.256, -2.374]
- Rotation: in Quaternion (xyzw) [0.007, 0.028, 0.987, 0.158]
- Rotation: in RPY (radian) [0.058, -0.004, 2.824]
- Rotation: in RPY (degree) [3.308, -0.240, 161.807]
- Matrix:
 -0.950 -0.311  0.022 22.473
  0.312 -0.949  0.054 14.256
  0.004  0.058  0.998 -2.374
  0.000  0.000  0.000  1.000
At time 1779613096.48003435
- Translation: [22.435, 14.246, -2.359]
- Rotation: in Quaternion (xyzw) [-0.003, 0.034, 0.940, 0.340]
- Rotation: in RPY (radian) [0.062, 0.028, 2.447]
- Rotation: in RPY (degree) [3.533, 1.618, 140.214]
- Matrix:
 -0.768 -0.640  0.018 22.435
  0.640 -0.766  0.065 14.246
 -0.028  0.062  0.998 -2.359
  0.000  0.000  0.000  1.000
At time 1779613097.47425508
- Translation: [22.409, 14.372, -2.372]
- Rotation: in Quaternion (xyzw) [-0.004, 0.032, 0.910, 0.414]
- Rotation: in RPY (radian) [0.055, 0.034, 2.288]
- Rotation: in RPY (degree) [3.165, 1.945, 131.086]
- Matrix:
 -0.657 -0.754  0.019 22.409
  0.753 -0.655  0.062 14.372
 -0.034  0.055  0.998 -2.372
  0.000  0.000  0.000  1.000
At time 1779613098.47455549
- Translation: [22.330, 14.363, -2.388]
- Rotation: in Quaternion (xyzw) [0.008, 0.035, 0.910, 0.414]
- Rotation: in RPY (radian) [0.070, 0.013, 2.288]
- Rotation: in RPY (degree) [4.005, 0.759, 131.089]
- Matrix:
 -0.657 -0.752  0.044 22.330
  0.754 -0.655  0.056 14.363
 -0.013  0.070  0.997 -2.388
  0.000  0.000  0.000  1.000
At time 1779613099.47645330
- Translation: [22.439, 14.422, -2.387]
- Rotation: in Quaternion (xyzw) [0.007, 0.036, 0.915, 0.402]
- Rotation: in RPY (radian) [0.073, 0.016, 2.315]
- Rotation: in RPY (degree) [4.165, 0.905, 132.652]
- Matrix:
 -0.677 -0.734  0.043 22.439
  0.735 -0.675  0.061 14.422
 -0.016  0.073  0.997 -2.387
  0.000  0.000  0.000  1.000
At time 1779613100.47499418
- Translation: [22.401, 14.351, -2.385]
- Rotation: in Quaternion (xyzw) [0.004, 0.039, 0.919, 0.392]
- Rotation: in RPY (radian) [0.074, 0.023, 2.336]
- Rotation: in RPY (degree) [4.256, 1.334, 133.845]
- Matrix:
 -0.693 -0.720  0.037 22.401
  0.721 -0.690  0.068 14.351
 -0.023  0.074  0.997 -2.385
  0.000  0.000  0.000  1.000
At time 1779613101.47511577
- Translation: [22.379, 14.369, -2.382]
- Rotation: in Quaternion (xyzw) [0.002, 0.039, 0.919, 0.391]
- Rotation: in RPY (radian) [0.073, 0.028, 2.338]
- Rotation: in RPY (degree) [4.189, 1.582, 133.965]
- Matrix:
 -0.694 -0.719  0.033 22.379
  0.719 -0.691  0.071 14.369
 -0.028  0.073  0.997 -2.382
  0.000  0.000  0.000  1.000
At time 1779613102.47916650
- Translation: [22.371, 14.358, -2.381]
- Rotation: in Quaternion (xyzw) [0.003, 0.039, 0.920, 0.391]
- Rotation: in RPY (radian) [0.073, 0.024, 2.338]
- Rotation: in RPY (degree) [4.206, 1.401, 133.968]
- Matrix:
 -0.694 -0.719  0.036 22.371
  0.720 -0.691  0.068 14.358
 -0.024  0.073  0.997 -2.381
  0.000  0.000  0.000  1.000
At time 1779613103.47566413
- Translation: [22.356, 14.364, -2.380]
- Rotation: in Quaternion (xyzw) [0.003, 0.038, 0.920, 0.389]
- Rotation: in RPY (radian) [0.073, 0.024, 2.343]
- Rotation: in RPY (degree) [4.165, 1.388, 134.245]
- Matrix:
 -0.698 -0.716  0.035 22.356
  0.716 -0.695  0.068 14.364
 -0.024  0.073  0.997 -2.380
  0.000  0.000  0.000  1.000
At time 1779613104.47578334
- Translation: [22.421, 14.388, -2.382]
- Rotation: in Quaternion (xyzw) [0.003, 0.037, 0.922, 0.386]
- Rotation: in RPY (radian) [0.072, 0.023, 2.350]
- Rotation: in RPY (degree) [4.112, 1.298, 134.650]
- Matrix:
 -0.703 -0.711  0.035 22.421
  0.711 -0.700  0.066 14.388
 -0.023  0.072  0.997 -2.382
  0.000  0.000  0.000  1.000
At time 1779613105.47581672
- Translation: [22.394, 14.371, -2.382]
- Rotation: in Quaternion (xyzw) [0.003, 0.038, 0.922, 0.386]
- Rotation: in RPY (radian) [0.072, 0.023, 2.349]
- Rotation: in RPY (degree) [4.120, 1.322, 134.601]
- Matrix:
 -0.702 -0.711  0.035 22.394
  0.712 -0.699  0.067 14.371
 -0.023  0.072  0.997 -2.382
  0.000  0.000  0.000  1.000
At time 1779613106.50273418
- Translation: [22.324, 14.332, -2.380]
- Rotation: in Quaternion (xyzw) [0.003, 0.038, 0.919, 0.392]
- Rotation: in RPY (radian) [0.072, 0.024, 2.337]
- Rotation: in RPY (degree) [4.118, 1.375, 133.901]
- Matrix:
 -0.693 -0.720  0.035 22.324
  0.720 -0.690  0.067 14.332
 -0.024  0.072  0.997 -2.380
  0.000  0.000  0.000  1.000
At time 1779613107.47679424
- Translation: [22.388, 14.375, -2.380]
- Rotation: in Quaternion (xyzw) [0.003, 0.038, 0.921, 0.387]
- Rotation: in RPY (radian) [0.072, 0.024, 2.347]
- Rotation: in RPY (degree) [4.111, 1.379, 134.487]
- Matrix:
 -0.701 -0.713  0.034 22.388
  0.713 -0.698  0.067 14.375
 -0.024  0.072  0.997 -2.380
  0.000  0.000  0.000  1.000
At time 1779613108.47645330
- Translation: [22.358, 14.357, -2.379]
- Rotation: in Quaternion (xyzw) [0.003, 0.037, 0.921, 0.389]
- Rotation: in RPY (radian) [0.071, 0.023, 2.343]
- Rotation: in RPY (degree) [4.053, 1.327, 134.255]
- Matrix:
 -0.698 -0.716  0.035 22.358
  0.716 -0.695  0.066 14.357
 -0.023  0.071  0.997 -2.379
  0.000  0.000  0.000  1.000
At time 1779613109.47603607
- Translation: [22.351, 14.362, -2.383]
- Rotation: in Quaternion (xyzw) [0.003, 0.038, 0.920, 0.390]
- Rotation: in RPY (radian) [0.072, 0.024, 2.340]
- Rotation: in RPY (degree) [4.118, 1.375, 134.093]
- Matrix:
 -0.696 -0.718  0.035 22.351
  0.718 -0.693  0.067 14.362
 -0.024  0.072  0.997 -2.383
  0.000  0.000  0.000  1.000
At time 1779613110.47860622
- Translation: [22.382, 14.391, -2.380]
- Rotation: in Quaternion (xyzw) [0.000, 0.026, 0.920, 0.390]
- Rotation: in RPY (radian) [0.049, 0.020, 2.341]
- Rotation: in RPY (degree) [2.798, 1.163, 134.107]
- Matrix:
 -0.696 -0.718  0.021 22.382
  0.718 -0.694  0.049 14.391
 -0.020  0.049  0.999 -2.380
  0.000  0.000  0.000  1.000
At time 1779613111.49524545
- Translation: [22.338, 14.394, -2.379]
- Rotation: in Quaternion (xyzw) [0.009, 0.027, 0.926, 0.376]
- Rotation: in RPY (radian) [0.056, 0.003, 2.369]
- Rotation: in RPY (degree) [3.237, 0.147, 135.757]
- Matrix:
 -0.716 -0.697  0.038 22.338
  0.698 -0.715  0.042 14.394
 -0.003  0.056  0.998 -2.379
  0.000  0.000  0.000  1.000
At time 1779613112.47779560
- Translation: [22.319, 14.350, -2.381]
- Rotation: in Quaternion (xyzw) [0.004, 0.035, 0.927, 0.373]
- Rotation: in RPY (radian) [0.068, 0.020, 2.377]
- Rotation: in RPY (degree) [3.922, 1.125, 136.201]
- Matrix:
 -0.722 -0.691  0.033 22.319
  0.692 -0.719  0.063 14.350
 -0.020  0.068  0.997 -2.381
  0.000  0.000  0.000  1.000
At time 1779613113.48330545
- Translation: [22.335, 14.359, -2.369]
- Rotation: in Quaternion (xyzw) [0.008, 0.039, 0.929, 0.367]
- Rotation: in RPY (radian) [0.079, 0.013, 2.389]
- Rotation: in RPY (degree) [4.506, 0.773, 136.882]
- Matrix:
 -0.730 -0.682  0.044 22.335
  0.683 -0.727  0.067 14.359
 -0.013  0.079  0.997 -2.369
  0.000  0.000  0.000  1.000
At time 1779613114.47800540
- Translation: [22.332, 14.473, -2.388]
- Rotation: in Quaternion (xyzw) [0.010, 0.039, 0.935, 0.352]
- Rotation: in RPY (radian) [0.080, 0.009, 2.421]
- Rotation: in RPY (degree) [4.610, 0.519, 138.708]
- Matrix:
 -0.751 -0.658  0.046 22.332
  0.660 -0.748  0.066 14.473
 -0.009  0.080  0.997 -2.388
  0.000  0.000  0.000  1.000
At time 1779613115.47711372
- Translation: [22.299, 14.384, -2.383]
- Rotation: in Quaternion (xyzw) [0.006, 0.027, 0.935, 0.354]
- Rotation: in RPY (radian) [0.055, 0.008, 2.418]
- Rotation: in RPY (degree) [3.145, 0.455, 138.542]
- Matrix:
 -0.749 -0.661  0.030 22.299
  0.662 -0.748  0.046 14.384
 -0.008  0.055  0.998 -2.383
  0.000  0.000  0.000  1.000
At time 1779613116.47842502
- Translation: [22.251, 14.377, -2.377]
- Rotation: in Quaternion (xyzw) [0.005, 0.036, 0.939, 0.342]
- Rotation: in RPY (radian) [0.071, 0.015, 2.445]
- Rotation: in RPY (degree) [4.047, 0.859, 140.062]
- Matrix:
 -0.767 -0.641  0.034 22.251
  0.642 -0.764  0.064 14.377
 -0.015  0.071  0.997 -2.377
  0.000  0.000  0.000  1.000
At time 1779613117.48064231
- Translation: [22.317, 14.382, -2.376]
- Rotation: in Quaternion (xyzw) [0.002, 0.037, 0.941, 0.338]
- Rotation: in RPY (radian) [0.071, 0.022, 2.453]
- Rotation: in RPY (degree) [4.070, 1.275, 140.540]
- Matrix:
 -0.772 -0.635  0.028 22.317
  0.635 -0.769  0.069 14.382
 -0.022  0.071  0.997 -2.376
  0.000  0.000  0.000  1.000
At time 1779613118.51673650
- Translation: [22.280, 14.441, -2.385]
- Rotation: in Quaternion (xyzw) [0.008, 0.034, 0.938, 0.345]
- Rotation: in RPY (radian) [0.068, 0.009, 2.436]
- Rotation: in RPY (degree) [3.908, 0.522, 139.586]
- Matrix:
 -0.761 -0.647  0.037 22.280
  0.648 -0.759  0.058 14.441
 -0.009  0.068  0.998 -2.385
  0.000  0.000  0.000  1.000
At time 1779613119.47894477
- Translation: [22.331, 14.416, -2.380]
- Rotation: in Quaternion (xyzw) [0.010, 0.033, 0.938, 0.344]
- Rotation: in RPY (radian) [0.069, 0.005, 2.438]
- Rotation: in RPY (degree) [3.927, 0.272, 139.690]
- Matrix:
 -0.763 -0.646  0.041 22.331
  0.647 -0.761  0.055 14.416
 -0.005  0.068  0.998 -2.380
  0.000  0.000  0.000  1.000
At time 1779613120.48010349
- Translation: [22.297, 14.376, -2.378]
- Rotation: in Quaternion (xyzw) [0.009, 0.033, 0.935, 0.354]
- Rotation: in RPY (radian) [0.069, 0.007, 2.417]
- Rotation: in RPY (degree) [3.946, 0.374, 138.503]
- Matrix:
 -0.749 -0.661  0.041 22.297
  0.663 -0.747  0.056 14.376
 -0.007  0.069  0.998 -2.378
  0.000  0.000  0.000  1.000
At time 1779613121.47928333
- Translation: [22.291, 14.390, -2.379]
- Rotation: in Quaternion (xyzw) [0.009, 0.033, 0.935, 0.353]
- Rotation: in RPY (radian) [0.069, 0.006, 2.419]
- Rotation: in RPY (degree) [3.930, 0.368, 138.619]
- Matrix:
 -0.750 -0.660  0.041 22.291
  0.661 -0.748  0.056 14.390
 -0.006  0.069  0.998 -2.379
  0.000  0.000  0.000  1.000
At time 1779613122.47999858
- Translation: [22.290, 14.390, -2.379]
- Rotation: in Quaternion (xyzw) [0.009, 0.033, 0.935, 0.353]
- Rotation: in RPY (radian) [0.069, 0.006, 2.419]
- Rotation: in RPY (degree) [3.941, 0.363, 138.606]
- Matrix:
 -0.750 -0.660  0.041 22.290
  0.661 -0.748  0.056 14.390
 -0.006  0.069  0.998 -2.379
  0.000  0.000  0.000  1.000
At time 1779613123.47999858
- Translation: [22.292, 14.398, -2.379]
- Rotation: in Quaternion (xyzw) [0.009, 0.033, 0.935, 0.353]
- Rotation: in RPY (radian) [0.069, 0.006, 2.421]
- Rotation: in RPY (degree) [3.943, 0.354, 138.687]
- Matrix:
 -0.751 -0.659  0.041 22.292
  0.660 -0.749  0.056 14.398
 -0.006  0.069  0.998 -2.379
  0.000  0.000  0.000  1.000
At time 1779613124.48019409
- Translation: [22.280, 14.402, -2.378]
- Rotation: in Quaternion (xyzw) [0.009, 0.033, 0.935, 0.352]
- Rotation: in RPY (radian) [0.069, 0.006, 2.422]
- Rotation: in RPY (degree) [3.932, 0.347, 138.743]
- Matrix:
 -0.752 -0.658  0.041 22.280
  0.659 -0.750  0.056 14.402
 -0.006  0.069  0.998 -2.378
  0.000  0.000  0.000  1.000
At time 1779613125.48032283
- Translation: [22.281, 14.393, -2.378]
- Rotation: in Quaternion (xyzw) [0.009, 0.033, 0.935, 0.353]
- Rotation: in RPY (radian) [0.069, 0.006, 2.419]
- Rotation: in RPY (degree) [3.929, 0.364, 138.624]
- Matrix:
 -0.750 -0.660  0.041 22.281
  0.661 -0.748  0.056 14.393
 -0.006  0.069  0.998 -2.378
  0.000  0.000  0.000  1.000
At time 1779613126.48065423
- Translation: [22.283, 14.387, -2.378]
- Rotation: in Quaternion (xyzw) [0.009, 0.033, 0.935, 0.353]
- Rotation: in RPY (radian) [0.069, 0.006, 2.419]
- Rotation: in RPY (degree) [3.931, 0.350, 138.593]
- Matrix:
 -0.750 -0.660  0.041 22.283
  0.661 -0.748  0.055 14.387
 -0.006  0.069  0.998 -2.378
  0.000  0.000  0.000  1.000
At time 1779613127.48081636
- Translation: [22.266, 14.413, -2.383]
- Rotation: in Quaternion (xyzw) [0.009, 0.033, 0.935, 0.353]
- Rotation: in RPY (radian) [0.068, 0.005, 2.419]
- Rotation: in RPY (degree) [3.898, 0.312, 138.622]
- Matrix:
 -0.750 -0.660  0.041 22.266
  0.661 -0.748  0.055 14.413
 -0.005  0.068  0.998 -2.383
  0.000  0.000  0.000  1.000
At time 1779613128.48117399
- Translation: [22.392, 14.469, -2.379]
- Rotation: in Quaternion (xyzw) [0.009, 0.033, 0.940, 0.341]
- Rotation: in RPY (radian) [0.068, 0.006, 2.446]
- Rotation: in RPY (degree) [3.914, 0.354, 140.145]
- Matrix:
 -0.768 -0.640  0.039 22.392
  0.641 -0.766  0.056 14.469
 -0.006  0.068  0.998 -2.379
  0.000  0.000  0.000  1.000
At time 1779613129.48306226
- Translation: [22.202, 14.365, -2.371]
- Rotation: in Quaternion (xyzw) [0.009, 0.046, 0.967, 0.249]
- Rotation: in RPY (radian) [0.093, 0.006, 2.637]
- Rotation: in RPY (degree) [5.304, 0.336, 151.109]
- Matrix:
 -0.876 -0.482  0.040 22.202
  0.483 -0.872  0.084 14.365
 -0.006  0.092  0.996 -2.371
  0.000  0.000  0.000  1.000
At time 1779613130.48223257
- Translation: [22.245, 14.404, -2.382]
- Rotation: in Quaternion (xyzw) [0.015, 0.017, 1.000, -0.000]
- Rotation: in RPY (radian) [0.033, -0.030, 3.141]
- Rotation: in RPY (degree) [1.895, -1.718, 179.981]
- Matrix:
 -1.000  0.001  0.030 22.245
  0.000 -0.999  0.033 14.404
  0.030  0.033  0.999 -2.382
  0.000  0.000  0.000  1.000
At time 1779613131.48256397
- Translation: [22.112, 14.376, -2.366]
- Rotation: in Quaternion (xyzw) [0.009, 0.021, 0.996, 0.087]
- Rotation: in RPY (radian) [0.044, -0.015, 2.967]
- Rotation: in RPY (degree) [2.537, -0.848, 169.981]
- Matrix:
 -0.985 -0.173  0.022 22.112
  0.174 -0.984  0.041 14.376
  0.015  0.044  0.999 -2.366
  0.000  0.000  0.000  1.000
At time 1779613132.48299551
- Translation: [21.911, 14.450, -2.349]
- Rotation: in Quaternion (xyzw) [0.002, 0.028, 0.969, 0.247]
- Rotation: in RPY (radian) [0.056, 0.010, 2.642]
- Rotation: in RPY (degree) [3.196, 0.588, 151.384]
- Matrix:
 -0.878 -0.479  0.018 21.911
  0.479 -0.876  0.054 14.450
 -0.010  0.056  0.998 -2.349
  0.000  0.000  0.000  1.000
At time 1779613133.48902511
- Translation: [21.686, 14.568, -2.344]
- Rotation: in Quaternion (xyzw) [0.002, 0.041, 0.934, 0.354]
- Rotation: in RPY (radian) [0.078, 0.025, 2.419]
- Rotation: in RPY (degree) [4.471, 1.454, 138.598]
- Matrix:
 -0.750 -0.661  0.033 21.686
  0.661 -0.746  0.075 14.568
 -0.025  0.078  0.997 -2.344
  0.000  0.000  0.000  1.000
At time 1779613134.48302412
- Translation: [21.460, 14.826, -2.355]
- Rotation: in Quaternion (xyzw) [0.004, 0.049, 0.929, 0.367]
- Rotation: in RPY (radian) [0.094, 0.028, 2.391]
- Rotation: in RPY (degree) [5.363, 1.607, 136.970]
- Matrix:
 -0.731 -0.681  0.043 21.460
  0.682 -0.726  0.087 14.826
 -0.028  0.093  0.995 -2.355
  0.000  0.000  0.000  1.000
At time 1779613135.48270225
- Translation: [21.246, 14.895, -2.362]
- Rotation: in Quaternion (xyzw) [0.006, 0.054, 0.925, 0.375]
- Rotation: in RPY (radian) [0.105, 0.030, 2.373]
- Rotation: in RPY (degree) [6.026, 1.729, 135.962]
- Matrix:
 -0.719 -0.694  0.051 21.246
  0.695 -0.713  0.096 14.895
 -0.030  0.105  0.994 -2.362
  0.000  0.000  0.000  1.000
At time 1779613136.48381328
- Translation: [20.949, 15.242, -2.347]
- Rotation: in Quaternion (xyzw) [0.001, 0.055, 0.957, 0.285]
- Rotation: in RPY (radian) [0.106, 0.029, 2.564]
- Rotation: in RPY (degree) [6.086, 1.663, 146.925]
- Matrix:
 -0.838 -0.545  0.034 20.949
  0.546 -0.832  0.105 15.242
 -0.029  0.106  0.994 -2.347
  0.000  0.000  0.000  1.000
At time 1779613137.48361539
- Translation: [20.704, 15.325, -2.351]
- Rotation: in Quaternion (xyzw) [0.002, 0.041, 0.989, 0.144]
- Rotation: in RPY (radian) [0.082, 0.009, 2.853]
- Rotation: in RPY (degree) [4.710, 0.490, 163.476]
- Matrix:
 -0.959 -0.284  0.015 20.704
  0.284 -0.955  0.081 15.325
 -0.009  0.082  0.997 -2.351
  0.000  0.000  0.000  1.000
At time 1779613138.48520565
- Translation: [20.310, 15.420, -2.347]
- Rotation: in Quaternion (xyzw) [0.003, 0.029, 0.999, 0.038]
- Rotation: in RPY (radian) [0.058, -0.003, 3.066]
- Rotation: in RPY (degree) [3.337, -0.198, 175.651]
- Matrix:
 -0.997 -0.075  0.008 20.310
  0.076 -0.995  0.058 15.420
  0.003  0.058  0.998 -2.347
  0.000  0.000  0.000  1.000
At time 1779613139.48513650
- Translation: [19.893, 15.462, -2.316]
- Rotation: in Quaternion (xyzw) [0.009, 0.024, 0.999, -0.032]
- Rotation: in RPY (radian) [0.048, -0.019, -3.078]
- Rotation: in RPY (degree) [2.728, -1.099, -176.375]
- Matrix:
 -0.998  0.064  0.016 19.893
 -0.063 -0.997  0.049 15.462
  0.019  0.048  0.999 -2.316
  0.000  0.000  0.000  1.000
At time 1779613140.48475742
- Translation: [19.526, 15.341, -2.281]
- Rotation: in Quaternion (xyzw) [0.009, 0.019, 0.999, -0.035]
- Rotation: in RPY (radian) [0.037, -0.019, -3.072]
- Rotation: in RPY (degree) [2.140, -1.072, -175.998]
- Matrix:
 -0.997  0.070  0.016 19.526
 -0.070 -0.997  0.039 15.341
  0.019  0.037  0.999 -2.281
  0.000  0.000  0.000  1.000
At time 1779613141.48264503
- Translation: [19.155, 15.293, -2.268]
- Rotation: in Quaternion (xyzw) [0.011, 0.005, 0.999, 0.040]
- Rotation: in RPY (radian) [0.012, -0.022, 3.061]
- Rotation: in RPY (degree) [0.674, -1.250, 175.393]
- Matrix:
 -0.997 -0.080  0.023 19.155
  0.080 -0.997  0.010 15.293
  0.022  0.012  1.000 -2.268
  0.000  0.000  0.000  1.000
At time 1779613142.48773527
- Translation: [18.747, 15.317, -2.231]
- Rotation: in Quaternion (xyzw) [0.005, -0.002, 0.995, 0.098]
- Rotation: in RPY (radian) [-0.004, -0.010, 2.945]
- Rotation: in RPY (degree) [-0.228, -0.549, 168.747]
- Matrix:
 -0.981 -0.195  0.009 18.747
  0.195 -0.981 -0.006 15.317
  0.010 -0.004  1.000 -2.231
  0.000  0.000  0.000  1.000
At time 1779613143.48702478
- Translation: [18.384, 15.420, -2.194]
- Rotation: in Quaternion (xyzw) [0.003, 0.005, 0.995, 0.103]
- Rotation: in RPY (radian) [0.010, -0.005, 2.934]
- Rotation: in RPY (degree) [0.549, -0.278, 168.132]
- Matrix:
 -0.979 -0.206  0.007 18.384
  0.206 -0.979  0.008 15.420
  0.005  0.010  1.000 -2.194
  0.000  0.000  0.000  1.000
At time 1779613144.48512458
- Translation: [17.982, 15.456, -2.180]
- Rotation: in Quaternion (xyzw) [0.003, 0.014, 1.000, 0.009]
- Rotation: in RPY (radian) [0.027, -0.005, 3.124]
- Rotation: in RPY (degree) [1.570, -0.284, 179.009]
- Matrix:
 -1.000 -0.017  0.005 17.982
  0.017 -0.999  0.027 15.456
  0.005  0.027  1.000 -2.180
  0.000  0.000  0.000  1.000
At time 1779613145.48529386
- Translation: [17.606, 15.411, -2.166]
- Rotation: in Quaternion (xyzw) [0.014, 0.025, 0.999, -0.042]
- Rotation: in RPY (radian) [0.049, -0.030, -3.058]
- Rotation: in RPY (degree) [2.801, -1.720, -175.196]
- Matrix:
 -0.996  0.085  0.026 17.606
 -0.084 -0.995  0.051 15.411
  0.030  0.049  0.998 -2.166
  0.000  0.000  0.000  1.000
At time 1779613146.48599481
- Translation: [17.243, 15.350, -2.140]
- Rotation: in Quaternion (xyzw) [0.021, 0.036, 0.999, -0.020]
- Rotation: in RPY (radian) [0.070, -0.044, -3.102]
- Rotation: in RPY (degree) [4.027, -2.501, -177.744]
- Matrix:
 -0.998  0.042  0.041 17.243
 -0.039 -0.997  0.072 15.350
  0.044  0.070  0.997 -2.140
  0.000  0.000  0.000  1.000
At time 1779613147.48557281
- Translation: [16.990, 15.413, -2.137]
- Rotation: in Quaternion (xyzw) [0.014, 0.036, 0.999, 0.037]
- Rotation: in RPY (radian) [0.073, -0.026, 3.067]
- Rotation: in RPY (degree) [4.171, -1.495, 175.741]
- Matrix:
 -0.997 -0.072  0.031 16.990
  0.074 -0.995  0.071 15.413
  0.026  0.073  0.997 -2.137
  0.000  0.000  0.000  1.000
At time 1779613148.48534631
- Translation: [16.756, 15.389, -2.133]
- Rotation: in Quaternion (xyzw) [0.009, 0.040, 0.995, 0.096]
- Rotation: in RPY (radian) [0.082, -0.011, 2.949]
- Rotation: in RPY (degree) [4.705, -0.640, 168.989]
- Matrix:
 -0.982 -0.189  0.027 16.756
  0.191 -0.978  0.078 15.389
  0.011  0.082  0.997 -2.133
  0.000  0.000  0.000  1.000
At time 1779613149.48721551
- Translation: [16.583, 15.396, -2.119]
- Rotation: in Quaternion (xyzw) [0.019, 0.034, 0.993, 0.112]
- Rotation: in RPY (radian) [0.073, -0.030, 2.916]
- Rotation: in RPY (degree) [4.169, -1.724, 167.100]
- Matrix:
 -0.974 -0.221  0.045 16.583
  0.223 -0.973  0.064 15.396
  0.030  0.073  0.997 -2.119
  0.000  0.000  0.000  1.000
At time 1779613150.48644542
- Translation: [16.596, 15.412, -2.111]
- Rotation: in Quaternion (xyzw) [0.021, 0.025, 0.994, 0.106]
- Rotation: in RPY (radian) [0.054, -0.036, 2.928]
- Rotation: in RPY (degree) [3.102, -2.060, 167.766]
- Matrix:
 -0.977 -0.210  0.047 16.596
  0.212 -0.976  0.045 15.412
  0.036  0.054  0.998 -2.111
  0.000  0.000  0.000  1.000
At time 1779613151.48657417
- Translation: [16.519, 15.475, -2.103]
- Rotation: in Quaternion (xyzw) [0.017, 0.009, 0.997, 0.074]
- Rotation: in RPY (radian) [0.021, -0.033, 2.992]
- Rotation: in RPY (degree) [1.190, -1.876, 171.450]
- Matrix:
 -0.988 -0.148  0.035 16.519
  0.149 -0.989  0.016 15.475
  0.033  0.021  0.999 -2.103
  0.000  0.000  0.000  1.000
At time 1779613152.48650503
- Translation: [16.208, 15.475, -2.100]
- Rotation: in Quaternion (xyzw) [0.015, -0.000, 1.000, -0.000]
- Rotation: in RPY (radian) [-0.000, -0.031, -3.141]
- Rotation: in RPY (degree) [-0.025, -1.767, -179.950]
- Matrix:
 -1.000  0.001  0.031 16.208
 -0.001 -1.000 -0.000 15.475
  0.031 -0.000  1.000 -2.100
  0.000  0.000  0.000  1.000
At time 1779613153.48623323
- Translation: [15.792, 15.446, -2.063]
- Rotation: in Quaternion (xyzw) [0.016, 0.008, 0.998, -0.061]
- Rotation: in RPY (radian) [0.014, -0.033, -3.020]
- Rotation: in RPY (degree) [0.800, -1.919, -173.059]
- Matrix:
 -0.992  0.121  0.032 15.792
 -0.121 -0.993  0.018 15.446
  0.033  0.014  0.999 -2.063
  0.000  0.000  0.000  1.000
At time 1779613154.48771381
- Translation: [15.425, 15.301, -2.038]
- Rotation: in Quaternion (xyzw) [0.018, 0.029, 0.997, -0.072]
- Rotation: in RPY (radian) [0.056, -0.040, -2.998]
- Rotation: in RPY (degree) [3.206, -2.303, -171.774]
- Matrix:
 -0.989  0.145  0.032 15.425
 -0.143 -0.988  0.061 15.301
  0.040  0.056  0.998 -2.038
  0.000  0.000  0.000  1.000
At time 1779613155.49022674
- Translation: [15.015, 15.238, -2.030]
- Rotation: in Quaternion (xyzw) [0.021, 0.037, 0.999, -0.025]
- Rotation: in RPY (radian) [0.074, -0.044, -3.094]
- Rotation: in RPY (degree) [4.219, -2.501, -177.276]
- Matrix:
 -0.998  0.051  0.040 15.015
 -0.047 -0.996  0.076 15.238
  0.044  0.073  0.996 -2.030
  0.000  0.000  0.000  1.000
At time 1779613156.48787593
- Translation: [14.641, 15.249, -2.004]
- Rotation: in Quaternion (xyzw) [0.017, 0.039, 0.999, 0.002]
- Rotation: in RPY (radian) [0.079, -0.034, 3.137]
- Rotation: in RPY (degree) [4.500, -1.928, 179.742]
- Matrix:
 -0.999 -0.002  0.034 14.641
  0.004 -0.997  0.078 15.249
  0.034  0.078  0.996 -2.004
  0.000  0.000  0.000  1.000
At time 1779613157.48837423
- Translation: [14.202, 15.282, -1.980]
- Rotation: in Quaternion (xyzw) [0.014, 0.035, 0.999, -0.032]
- Rotation: in RPY (radian) [0.068, -0.031, -3.079]
- Rotation: in RPY (degree) [3.905, -1.773, -176.392]
- Matrix:
 -0.998  0.065  0.027 14.202
 -0.063 -0.996  0.070 15.282
  0.031  0.068  0.997 -1.980
  0.000  0.000  0.000  1.000
At time 1779613158.49000501
- Translation: [13.776, 15.243, -1.954]
- Rotation: in Quaternion (xyzw) [0.013, 0.024, 0.999, -0.031]
- Rotation: in RPY (radian) [0.048, -0.027, -3.080]
- Rotation: in RPY (degree) [2.723, -1.547, -176.491]
- Matrix:
 -0.998  0.062  0.024 13.776
 -0.061 -0.997  0.049 15.243
  0.027  0.047  0.999 -1.954
  0.000  0.000  0.000  1.000
At time 1779613159.48884391
- Translation: [13.435, 15.221, -1.926]
- Rotation: in Quaternion (xyzw) [0.014, 0.012, 1.000, 0.002]
- Rotation: in RPY (radian) [0.024, -0.027, 3.137]
- Rotation: in RPY (degree) [1.383, -1.553, 179.740]
- Matrix:
 -1.000 -0.004  0.027 13.435
  0.005 -1.000  0.024 15.221
  0.027  0.024  0.999 -1.926
  0.000  0.000  0.000  1.000
At time 1779613160.48975706
- Translation: [13.063, 15.272, -1.905]
- Rotation: in Quaternion (xyzw) [0.014, 0.001, 0.999, 0.034]
- Rotation: in RPY (radian) [0.002, -0.028, 3.074]
- Rotation: in RPY (degree) [0.126, -1.606, 176.103]
- Matrix:
 -0.997 -0.068  0.028 13.063
  0.068 -0.998  0.000 15.272
  0.028  0.002  1.000 -1.905
  0.000  0.000  0.000  1.000
At time 1779613161.49020528
- Translation: [12.691, 15.276, -1.879]
- Rotation: in Quaternion (xyzw) [0.014, 0.011, 0.999, 0.037]
- Rotation: in RPY (radian) [0.023, -0.027, 3.068]
- Rotation: in RPY (degree) [1.317, -1.553, 175.787]
- Matrix:
 -0.997 -0.073  0.029 12.691
  0.073 -0.997  0.021 15.276
  0.027  0.023  0.999 -1.879
  0.000  0.000  0.000  1.000
At time 1779613162.49133539
- Translation: [12.333, 15.264, -1.854]
- Rotation: in Quaternion (xyzw) [0.014, 0.025, 1.000, -0.007]
- Rotation: in RPY (radian) [0.050, -0.028, -3.128]
- Rotation: in RPY (degree) [2.845, -1.617, -179.199]
- Matrix:
 -1.000  0.015  0.027 12.333
 -0.014 -0.999  0.050 15.264
  0.028  0.050  0.998 -1.854
  0.000  0.000  0.000  1.000
At time 1779613163.49172401
- Translation: [11.943, 15.216, -1.830]
- Rotation: in Quaternion (xyzw) [0.018, 0.042, 0.998, -0.041]
- Rotation: in RPY (radian) [0.082, -0.039, -3.061]
- Rotation: in RPY (degree) [4.704, -2.208, -175.387]
- Matrix:
 -0.996  0.083  0.032 11.943
 -0.080 -0.993  0.085 15.216
  0.039  0.082  0.996 -1.830
  0.000  0.000  0.000  1.000
At time 1779613164.49148321
- Translation: [11.539, 15.228, -1.810]
- Rotation: in Quaternion (xyzw) [0.018, 0.040, 0.999, -0.020]
- Rotation: in RPY (radian) [0.079, -0.038, -3.103]
- Rotation: in RPY (degree) [4.514, -2.179, -177.783]
- Matrix:
 -0.999  0.042  0.035 11.539
 -0.039 -0.996  0.080 15.228
  0.038  0.079  0.996 -1.810
  0.000  0.000  0.000  1.000
At time 1779613165.49231529
- Translation: [11.153, 15.242, -1.789]
- Rotation: in Quaternion (xyzw) [0.007, 0.029, 0.999, 0.023]
- Rotation: in RPY (radian) [0.059, -0.013, 3.096]
- Rotation: in RPY (degree) [3.396, -0.724, 177.391]
- Matrix:
 -0.999 -0.045  0.015 11.153
  0.046 -0.997  0.059 15.242
  0.013  0.059  0.998 -1.789
  0.000  0.000  0.000  1.000
At time 1779613166.49276590
- Translation: [10.747, 15.226, -1.783]
- Rotation: in Quaternion (xyzw) [0.009, 0.017, 1.000, 0.021]
- Rotation: in RPY (radian) [0.034, -0.017, 3.099]
- Rotation: in RPY (degree) [1.951, -0.945, 177.566]
- Matrix:
 -0.999 -0.042  0.018 10.747
  0.042 -0.999  0.033 15.226
  0.016  0.034  0.999 -1.783
  0.000  0.000  0.000  1.000
At time 1779613167.49416542
- Translation: [10.359, 15.215, -1.747]
- Rotation: in Quaternion (xyzw) [0.015, 0.005, 1.000, -0.014]
- Rotation: in RPY (radian) [0.010, -0.031, -3.113]
- Rotation: in RPY (degree) [0.585, -1.783, -178.361]
- Matrix:
 -0.999  0.029  0.031 10.359
 -0.029 -1.000  0.011 15.215
  0.031  0.010  0.999 -1.747
  0.000  0.000  0.000  1.000
At time 1779613168.49309253
- Translation: [9.978, 15.202, -1.716]
- Rotation: in Quaternion (xyzw) [0.017, -0.002, 1.000, -0.022]
- Rotation: in RPY (radian) [-0.004, -0.035, -3.098]
- Rotation: in RPY (degree) [-0.256, -1.999, -177.506]
- Matrix:
 -0.998  0.043  0.035  9.978
 -0.043 -0.999 -0.003 15.202
  0.035 -0.004  0.999 -1.716
  0.000  0.000  0.000  1.000
At time 1779613169.49452304
- Translation: [9.586, 15.173, -1.695]
- Rotation: in Quaternion (xyzw) [0.012, 0.010, 1.000, -0.027]
- Rotation: in RPY (radian) [0.019, -0.025, -3.088]
- Rotation: in RPY (degree) [1.074, -1.454, -176.940]
- Matrix:
 -0.998  0.054  0.024  9.586
 -0.053 -0.998  0.020 15.173
  0.025  0.019  1.000 -1.695
  0.000  0.000  0.000  1.000
At time 1779613170.49525260
- Translation: [9.153, 15.077, -1.673]
- Rotation: in Quaternion (xyzw) [0.017, 0.030, 0.999, -0.003]
- Rotation: in RPY (radian) [0.059, -0.034, -3.136]
- Rotation: in RPY (degree) [3.408, -1.923, -179.694]
- Matrix:
 -0.999  0.007  0.033  9.153
 -0.005 -0.998  0.060 15.077
  0.034  0.059  0.998 -1.673
  0.000  0.000  0.000  1.000
At time 1779613171.49577713
- Translation: [8.789, 15.071, -1.640]
- Rotation: in Quaternion (xyzw) [0.015, 0.042, 0.999, -0.002]
- Rotation: in RPY (radian) [0.085, -0.030, -3.138]
- Rotation: in RPY (degree) [4.860, -1.732, -179.796]
- Matrix:
 -1.000  0.006  0.030  8.789
 -0.004 -0.996  0.085 15.071
  0.030  0.085  0.996 -1.640
  0.000  0.000  0.000  1.000
At time 1779613172.49577713
- Translation: [8.413, 15.105, -1.641]
- Rotation: in Quaternion (xyzw) [0.010, 0.031, 0.999, -0.017]
- Rotation: in RPY (radian) [0.063, -0.022, -3.108]
- Rotation: in RPY (degree) [3.584, -1.259, -178.085]
- Matrix:
 -0.999  0.035  0.020  8.413
 -0.033 -0.997  0.063 15.105
  0.022  0.062  0.998 -1.641
  0.000  0.000  0.000  1.000
At time 1779613173.49810647
- Translation: [8.097, 15.112, -1.610]
- Rotation: in Quaternion (xyzw) [0.004, 0.026, 0.999, -0.019]
- Rotation: in RPY (radian) [0.052, -0.009, -3.105]
- Rotation: in RPY (degree) [2.961, -0.526, -177.876]
- Matrix:
 -0.999  0.037  0.007  8.097
 -0.037 -0.998  0.052 15.112
  0.009  0.052  0.999 -1.610
  0.000  0.000  0.000  1.000
At time 1779613174.49670457
- Translation: [7.675, 15.081, -1.601]
- Rotation: in Quaternion (xyzw) [0.010, 0.013, 1.000, -0.010]
- Rotation: in RPY (radian) [0.025, -0.020, -3.122]
- Rotation: in RPY (degree) [1.452, -1.153, -178.851]
- Matrix:
 -1.000  0.021  0.020  7.675
 -0.020 -0.999  0.026 15.081
  0.020  0.025  0.999 -1.601
  0.000  0.000  0.000  1.000
At time 1779613175.49613237
- Translation: [7.369, 15.102, -1.577]
- Rotation: in Quaternion (xyzw) [0.017, 0.002, 1.000, 0.008]
- Rotation: in RPY (radian) [0.005, -0.034, 3.125]
- Rotation: in RPY (degree) [0.258, -1.947, 179.065]
- Matrix:
 -0.999 -0.016  0.034  7.369
  0.016 -1.000  0.004 15.102
  0.034  0.005  0.999 -1.577
  0.000  0.000  0.000  1.000
At time 1779613176.50253629
- Translation: [7.120, 15.080, -1.551]
- Rotation: in Quaternion (xyzw) [0.011, 0.004, 0.999, 0.047]
- Rotation: in RPY (radian) [0.010, -0.021, 3.047]
- Rotation: in RPY (degree) [0.551, -1.186, 174.554]
- Matrix:
 -0.995 -0.095  0.022  7.120
  0.095 -0.995  0.008 15.080
  0.021  0.010  1.000 -1.551
  0.000  0.000  0.000  1.000
At time 1779613177.49785614
- Translation: [6.935, 15.118, -1.542]
- Rotation: in Quaternion (xyzw) [0.020, 0.005, 1.000, -0.000]
- Rotation: in RPY (radian) [0.011, -0.040, -3.141]
- Rotation: in RPY (degree) [0.615, -2.288, -179.981]
- Matrix:
 -0.999  0.001  0.040  6.935
 -0.000 -1.000  0.011 15.118
  0.040  0.011  0.999 -1.542
  0.000  0.000  0.000  1.000
At time 1779613178.50848484
- Translation: [6.864, 15.130, -1.539]
- Rotation: in Quaternion (xyzw) [0.022, 0.003, 0.998, -0.056]
- Rotation: in RPY (radian) [0.003, -0.045, -3.029]
- Rotation: in RPY (degree) [0.196, -2.573, -173.540]
- Matrix:
 -0.993  0.113  0.044  6.864
 -0.112 -0.994  0.008 15.130
  0.045  0.003  0.999 -1.539
  0.000  0.000  0.000  1.000
At time 1779613179.50315380
- Translation: [6.785, 15.109, -1.528]
- Rotation: in Quaternion (xyzw) [0.024, 0.002, 0.992, -0.123]
- Rotation: in RPY (radian) [-0.001, -0.047, -2.894]
- Rotation: in RPY (degree) [-0.070, -2.709, -165.835]
- Matrix:
 -0.969  0.245  0.046  6.785
 -0.244 -0.970  0.010 15.109
  0.047 -0.001  0.999 -1.528
  0.000  0.000  0.000  1.000
At time 1779613180.49903392
- Translation: [6.695, 15.101, -1.528]
- Rotation: in Quaternion (xyzw) [0.027, -0.003, 0.982, -0.187]
- Rotation: in RPY (radian) [-0.017, -0.052, -2.764]
- Rotation: in RPY (degree) [-0.969, -2.958, -158.356]
- Matrix:
 -0.928  0.368  0.054  6.695
 -0.368 -0.930  0.003 15.101
  0.052 -0.017  0.999 -1.528
  0.000  0.000  0.000  1.000
At time 1779613181.49956560
- Translation: [6.606, 15.022, -1.530]
- Rotation: in Quaternion (xyzw) [0.031, -0.004, 0.966, -0.258]
- Rotation: in RPY (radian) [-0.024, -0.057, -2.618]
- Rotation: in RPY (degree) [-1.346, -3.287, -150.023]
- Matrix:
 -0.865  0.498  0.061  6.606
 -0.499 -0.867  0.008 15.022
  0.057 -0.023  0.998 -1.530
  0.000  0.000  0.000  1.000
At time 1779613182.50304651
- Translation: [6.535, 14.979, -1.513]
- Rotation: in Quaternion (xyzw) [0.035, -0.006, 0.946, -0.323]
- Rotation: in RPY (radian) [-0.034, -0.062, -2.482]
- Rotation: in RPY (degree) [-1.970, -3.550, -142.226]
- Matrix:
 -0.789  0.611  0.070  6.535
 -0.611 -0.791  0.011 14.979
  0.062 -0.034  0.997 -1.513
  0.000  0.000  0.000  1.000
At time 1779613183.50050497
- Translation: [6.495, 15.015, -1.483]
- Rotation: in Quaternion (xyzw) [0.037, -0.014, 0.920, -0.390]
- Rotation: in RPY (radian) [-0.054, -0.057, -2.339]
- Rotation: in RPY (degree) [-3.073, -3.255, -134.025]
- Matrix:
 -0.694  0.716  0.078  6.495
 -0.718 -0.696  0.004 15.015
  0.057 -0.054  0.997 -1.483
  0.000  0.000  0.000  1.000
At time 1779613184.50088405
- Translation: [6.421, 14.936, -1.485]
- Rotation: in Quaternion (xyzw) [0.041, -0.012, 0.890, -0.454]
- Rotation: in RPY (radian) [-0.059, -0.061, -2.197]
- Rotation: in RPY (degree) [-3.373, -3.514, -125.900]
- Matrix:
 -0.585  0.807  0.084  6.421
 -0.809 -0.588  0.015 14.936
  0.061 -0.059  0.996 -1.485
  0.000  0.000  0.000  1.000
At time 1779613185.50467729
- Translation: [6.347, 14.797, -1.473]
- Rotation: in Quaternion (xyzw) [-0.042, 0.016, -0.861, 0.507]
- Rotation: in RPY (radian) [-0.070, -0.056, -2.076]
- Rotation: in RPY (degree) [-3.983, -3.223, -118.927]
- Matrix:
 -0.483  0.871  0.088  6.347
 -0.874 -0.486  0.016 14.797
  0.056 -0.069  0.996 -1.473
  0.000  0.000  0.000  1.000
At time 1779613186.50969600
- Translation: [6.281, 14.671, -1.485]
- Rotation: in Quaternion (xyzw) [-0.044, 0.017, -0.824, 0.564]
- Rotation: in RPY (radian) [-0.077, -0.054, -1.939]
- Rotation: in RPY (degree) [-4.436, -3.103, -111.115]
- Matrix:
 -0.360  0.929  0.092  6.281
 -0.931 -0.363  0.022 14.671
  0.054 -0.077  0.996 -1.485
  0.000  0.000  0.000  1.000
At time 1779613187.50286531
- Translation: [6.279, 14.551, -1.482]
- Rotation: in Quaternion (xyzw) [-0.043, 0.013, -0.802, 0.596]
- Rotation: in RPY (radian) [-0.073, -0.054, -1.862]
- Rotation: in RPY (degree) [-4.175, -3.078, -106.661]
- Matrix:
 -0.286  0.954  0.085  6.279
 -0.957 -0.290  0.030 14.551
  0.054 -0.073  0.996 -1.482
  0.000  0.000  0.000  1.000
At time 1779613188.50375461
- Translation: [6.234, 14.495, -1.462]
- Rotation: in Quaternion (xyzw) [-0.043, 0.008, -0.796, 0.604]
- Rotation: in RPY (radian) [-0.064, -0.058, -1.842]
- Rotation: in RPY (degree) [-3.691, -3.318, -105.550]
- Matrix:
 -0.268  0.960  0.078  6.234
 -0.962 -0.271  0.038 14.495
  0.058 -0.064  0.996 -1.462
  0.000  0.000  0.000  1.000
At time 1779613189.50424337
- Translation: [6.249, 14.505, -1.466]
- Rotation: in Quaternion (xyzw) [-0.035, 0.011, -0.792, 0.609]
- Rotation: in RPY (radian) [-0.060, -0.043, -1.830]
- Rotation: in RPY (degree) [-3.465, -2.449, -104.851]
- Matrix:
 -0.256  0.964  0.069  6.249
 -0.966 -0.258  0.026 14.505
  0.043 -0.060  0.997 -1.466
  0.000  0.000  0.000  1.000
At time 1779613190.50539493
- Translation: [6.311, 14.504, -1.456]
- Rotation: in Quaternion (xyzw) [-0.038, 0.022, -0.652, 0.757]
- Rotation: in RPY (radian) [-0.087, -0.016, -1.423]
- Rotation: in RPY (degree) [-4.967, -0.937, -81.507]
- Matrix:
  0.148  0.986  0.083  6.311
 -0.989  0.146  0.029 14.504
  0.016 -0.087  0.996 -1.456
  0.000  0.000  0.000  1.000
At time 1779613191.50692558
- Translation: [6.283, 14.295, -1.454]
- Rotation: in Quaternion (xyzw) [-0.037, 0.022, -0.627, 0.778]
- Rotation: in RPY (radian) [-0.085, -0.012, -1.357]
- Rotation: in RPY (degree) [-4.881, -0.698, -77.774]
- Matrix:
  0.212  0.974  0.081  6.283
 -0.977  0.210  0.030 14.295
  0.012 -0.085  0.996 -1.454
  0.000  0.000  0.000  1.000
At time 1779613192.50623655
- Translation: [6.329, 13.947, -1.450]
- Rotation: in Quaternion (xyzw) [-0.025, 0.009, -0.638, 0.770]
- Rotation: in RPY (radian) [-0.050, -0.018, -1.383]
- Rotation: in RPY (degree) [-2.849, -1.024, -79.243]
- Matrix:
  0.187  0.981  0.046  6.329
 -0.982  0.186  0.027 13.947
  0.018 -0.050  0.999 -1.450
  0.000  0.000  0.000  1.000
At time 1779613193.50704717
- Translation: [6.422, 13.596, -1.436]
- Rotation: in Quaternion (xyzw) [-0.019, 0.001, -0.655, 0.755]
- Rotation: in RPY (radian) [-0.030, -0.023, -1.429]
- Rotation: in RPY (degree) [-1.715, -1.311, -81.863]
- Matrix:
  0.142  0.990  0.026  6.422
 -0.990  0.141  0.027 13.596
  0.023 -0.030  0.999 -1.436
  0.000  0.000  0.000  1.000
At time 1779613194.50763607
- Translation: [6.406, 13.269, -1.413]
- Rotation: in Quaternion (xyzw) [-0.020, 0.005, -0.695, 0.718]
- Rotation: in RPY (radian) [-0.035, -0.020, -1.538]
- Rotation: in RPY (degree) [-2.002, -1.168, -88.097]
- Matrix:
  0.033  0.999  0.034  6.406
 -0.999  0.032  0.022 13.269
  0.020 -0.035  0.999 -1.413
  0.000  0.000  0.000  1.000
At time 1779613195.50710439
- Translation: [6.375, 12.927, -1.386]
- Rotation: in Quaternion (xyzw) [-0.019, 0.014, -0.739, 0.673]
- Rotation: in RPY (radian) [-0.045, -0.009, -1.665]
- Rotation: in RPY (degree) [-2.603, -0.499, -95.396]
- Matrix:
 -0.094  0.995  0.046  6.375
 -0.996 -0.094  0.004 12.927
  0.009 -0.045  0.999 -1.386
  0.000  0.000  0.000  1.000
At time 1779613196.50716400
- Translation: [6.303, 12.558, -1.379]
- Rotation: in Quaternion (xyzw) [-0.029, 0.022, -0.773, 0.633]
- Rotation: in RPY (radian) [-0.071, -0.018, -1.769]
- Rotation: in RPY (degree) [-4.050, -1.003, -101.349]
- Matrix:
 -0.197  0.978  0.073  6.303
 -0.980 -0.198  0.003 12.558
  0.018 -0.071  0.997 -1.379
  0.000  0.000  0.000  1.000
At time 1779613197.50747632
- Translation: [6.229, 12.152, -1.360]
- Rotation: in Quaternion (xyzw) [-0.036, 0.025, -0.779, 0.625]
- Rotation: in RPY (radian) [-0.083, -0.025, -1.789]
- Rotation: in RPY (degree) [-4.778, -1.452, -102.495]
- Matrix:
 -0.216  0.972  0.087  6.229
 -0.976 -0.218  0.007 12.152
  0.025 -0.083  0.996 -1.360
  0.000  0.000  0.000  1.000
At time 1779613198.50803422
- Translation: [6.148, 11.751, -1.324]
- Rotation: in Quaternion (xyzw) [-0.045, 0.031, -0.753, 0.655]
- Rotation: in RPY (radian) [-0.106, -0.027, -1.708]
- Rotation: in RPY (degree) [-6.101, -1.551, -97.866]
- Matrix:
 -0.137  0.985  0.109  6.148
 -0.990 -0.139  0.012 11.751
  0.027 -0.106  0.994 -1.324
  0.000  0.000  0.000  1.000
At time 1779613199.50917387
- Translation: [6.106, 11.381, -1.311]
- Rotation: in Quaternion (xyzw) [-0.045, 0.034, -0.732, 0.679]
- Rotation: in RPY (radian) [-0.112, -0.020, -1.644]
- Rotation: in RPY (degree) [-6.416, -1.150, -94.179]
- Matrix:
 -0.073  0.991  0.113  6.106
 -0.997 -0.075  0.012 11.381
  0.020 -0.112  0.994 -1.311
  0.000  0.000  0.000  1.000
At time 1779613200.51043272
- Translation: [6.087, 11.007, -1.294]
- Rotation: in Quaternion (xyzw) [-0.043, 0.029, -0.705, 0.707]
- Rotation: in RPY (radian) [-0.103, -0.020, -1.567]
- Rotation: in RPY (degree) [-5.883, -1.137, -89.775]
- Matrix:
  0.004  0.995  0.102  6.087
 -1.000  0.002  0.020 11.007
  0.020 -0.102  0.995 -1.294
  0.000  0.000  0.000  1.000
At time 1779613201.51083326
- Translation: [6.140, 10.717, -1.283]
- Rotation: in Quaternion (xyzw) [-0.035, 0.019, -0.693, 0.719]
- Rotation: in RPY (radian) [-0.078, -0.022, -1.533]
- Rotation: in RPY (degree) [-4.442, -1.241, -87.856]
- Matrix:
  0.037  0.996  0.077  6.140
 -0.999  0.036  0.024 10.717
  0.022 -0.077  0.997 -1.283
  0.000  0.000  0.000  1.000
At time 1779613202.51138639
- Translation: [6.144, 10.538, -1.270]
- Rotation: in Quaternion (xyzw) [-0.026, 0.012, -0.682, 0.731]
- Rotation: in RPY (radian) [-0.055, -0.017, -1.501]
- Rotation: in RPY (degree) [-3.155, -1.001, -86.023]
- Matrix:
  0.069  0.996  0.054  6.144
 -0.997  0.068  0.021 10.538
  0.017 -0.055  0.998 -1.270
  0.000  0.000  0.000  1.000
At time 1779613203.51206588
- Translation: [6.136, 10.387, -1.264]
- Rotation: in Quaternion (xyzw) [-0.044, 0.016, -0.680, 0.731]
- Rotation: in RPY (radian) [-0.086, -0.036, -1.497]
- Rotation: in RPY (degree) [-4.932, -2.089, -85.781]
- Matrix:
  0.074  0.994  0.083  6.136
 -0.997  0.070  0.043 10.387
  0.036 -0.086  0.996 -1.264
  0.000  0.000  0.000  1.000
At time 1779613204.51157474
- Translation: [6.157, 10.395, -1.261]
- Rotation: in Quaternion (xyzw) [-0.042, 0.014, -0.683, 0.729]
- Rotation: in RPY (radian) [-0.081, -0.037, -1.504]
- Rotation: in RPY (degree) [-4.649, -2.138, -86.176]
- Matrix:
  0.067  0.995  0.078  6.157
 -0.997  0.063  0.043 10.395
  0.037 -0.081  0.996 -1.261
  0.000  0.000  0.000  1.000
At time 1779613205.51230430
- Translation: [6.155, 10.398, -1.261]
- Rotation: in Quaternion (xyzw) [-0.043, 0.014, -0.683, 0.729]
- Rotation: in RPY (radian) [-0.081, -0.038, -1.505]
- Rotation: in RPY (degree) [-4.659, -2.187, -86.219]
- Matrix:
  0.066  0.995  0.079  6.155
 -0.997  0.063  0.043 10.398
  0.038 -0.081  0.996 -1.261
  0.000  0.000  0.000  1.000
At time 1779613206.51846742
- Translation: [6.158, 10.397, -1.258]
- Rotation: in Quaternion (xyzw) [-0.043, 0.013, -0.683, 0.729]
- Rotation: in RPY (radian) [-0.081, -0.039, -1.505]
- Rotation: in RPY (degree) [-4.629, -2.240, -86.236]
- Matrix:
  0.066  0.995  0.078  6.158
 -0.997  0.062  0.044 10.397
  0.039 -0.081  0.996 -1.258
  0.000  0.000  0.000  1.000
At time 1779613207.51323652
- Translation: [6.161, 10.395, -1.261]
- Rotation: in Quaternion (xyzw) [-0.043, 0.013, -0.683, 0.729]
- Rotation: in RPY (radian) [-0.081, -0.040, -1.505]
- Rotation: in RPY (degree) [-4.658, -2.277, -86.246]
- Matrix:
  0.065  0.995  0.078  6.161
 -0.997  0.062  0.045 10.395
  0.040 -0.081  0.996 -1.261
  0.000  0.000  0.000  1.000
At time 1779613208.51384687
- Translation: [6.153, 10.400, -1.262]
- Rotation: in Quaternion (xyzw) [-0.043, 0.013, -0.683, 0.729]
- Rotation: in RPY (radian) [-0.082, -0.040, -1.505]
- Rotation: in RPY (degree) [-4.674, -2.290, -86.221]
- Matrix:
  0.066  0.995  0.079  6.153
 -0.997  0.062  0.045 10.400
  0.040 -0.081  0.996 -1.262
  0.000  0.000  0.000  1.000
At time 1779613209.51556348
- Translation: [6.155, 10.393, -1.259]
- Rotation: in Quaternion (xyzw) [-0.043, 0.013, -0.683, 0.729]
- Rotation: in RPY (radian) [-0.081, -0.040, -1.504]
- Rotation: in RPY (degree) [-4.641, -2.285, -86.175]
- Matrix:
  0.067  0.995  0.078  6.155
 -0.997  0.063  0.045 10.393
  0.040 -0.081  0.996 -1.259
  0.000  0.000  0.000  1.000
At time 1779613210.51455736
- Translation: [6.160, 10.394, -1.261]
- Rotation: in Quaternion (xyzw) [-0.043, 0.013, -0.683, 0.729]
- Rotation: in RPY (radian) [-0.081, -0.040, -1.505]
- Rotation: in RPY (degree) [-4.651, -2.298, -86.228]
- Matrix:
  0.066  0.995  0.078  6.160
 -0.997  0.062  0.045 10.394
  0.040 -0.081  0.996 -1.261
  0.000  0.000  0.000  1.000
At time 1779613211.51502704
- Translation: [6.157, 10.390, -1.260]
- Rotation: in Quaternion (xyzw) [-0.043, 0.013, -0.683, 0.729]
- Rotation: in RPY (radian) [-0.082, -0.040, -1.504]
- Rotation: in RPY (degree) [-4.672, -2.272, -86.160]
- Matrix:
  0.067  0.995  0.079  6.157
 -0.997  0.064  0.045 10.390
  0.040 -0.081  0.996 -1.260
  0.000  0.000  0.000  1.000
At time 1779613212.51566362
- Translation: [6.158, 10.388, -1.260]
- Rotation: in Quaternion (xyzw) [-0.044, 0.013, -0.683, 0.729]
- Rotation: in RPY (radian) [-0.082, -0.042, -1.504]
- Rotation: in RPY (degree) [-4.672, -2.384, -86.172]
- Matrix:
  0.067  0.995  0.079  6.158
 -0.997  0.063  0.047 10.388
  0.042 -0.081  0.996 -1.260
  0.000  0.000  0.000  1.000
At time 1779613213.51674365
- Translation: [6.159, 10.391, -1.262]
- Rotation: in Quaternion (xyzw) [-0.044, 0.014, -0.683, 0.729]
- Rotation: in RPY (radian) [-0.082, -0.040, -1.505]
- Rotation: in RPY (degree) [-4.722, -2.293, -86.246]
- Matrix:
  0.065  0.995  0.080  6.159
 -0.997  0.062  0.045 10.391
  0.040 -0.082  0.996 -1.262
  0.000  0.000  0.000  1.000
At time 1779613214.51681756
- Translation: [6.159, 10.395, -1.261]
- Rotation: in Quaternion (xyzw) [-0.043, 0.014, -0.683, 0.729]
- Rotation: in RPY (radian) [-0.082, -0.039, -1.505]
- Rotation: in RPY (degree) [-4.671, -2.242, -86.202]
- Matrix:
  0.066  0.995  0.079  6.159
 -0.997  0.063  0.044 10.395
  0.039 -0.081  0.996 -1.261
  0.000  0.000  0.000  1.000
At time 1779613215.51805496
- Translation: [6.159, 10.396, -1.260]
- Rotation: in Quaternion (xyzw) [-0.043, 0.014, -0.683, 0.729]
- Rotation: in RPY (radian) [-0.081, -0.039, -1.504]
- Rotation: in RPY (degree) [-4.654, -2.207, -86.190]
- Matrix:
  0.066  0.995  0.078  6.159
 -0.997  0.063  0.044 10.396
  0.039 -0.081  0.996 -1.260
  0.000  0.000  0.000  1.000
At time 1779613216.51762342
- Translation: [6.155, 10.392, -1.260]
- Rotation: in Quaternion (xyzw) [-0.043, 0.014, -0.683, 0.729]
- Rotation: in RPY (radian) [-0.082, -0.038, -1.504]
- Rotation: in RPY (degree) [-4.689, -2.181, -86.189]
- Matrix:
  0.066  0.995  0.079  6.155
 -0.997  0.063  0.043 10.392
  0.038 -0.082  0.996 -1.260
  0.000  0.000  0.000  1.000
At time 1779613217.51813364
- Translation: [6.155, 10.396, -1.259]
- Rotation: in Quaternion (xyzw) [-0.043, 0.014, -0.683, 0.729]
- Rotation: in RPY (radian) [-0.082, -0.038, -1.504]
- Rotation: in RPY (degree) [-4.686, -2.164, -86.199]
- Matrix:
  0.066  0.995  0.079  6.155
 -0.997  0.063  0.043 10.396
  0.038 -0.082  0.996 -1.259
  0.000  0.000  0.000  1.000
At time 1779613218.51858663
- Translation: [6.159, 10.393, -1.261]
- Rotation: in Quaternion (xyzw) [-0.043, 0.014, -0.683, 0.729]
- Rotation: in RPY (radian) [-0.082, -0.038, -1.505]
- Rotation: in RPY (degree) [-4.689, -2.173, -86.231]
- Matrix:
  0.066  0.995  0.079  6.159
 -0.997  0.062  0.043 10.393
  0.038 -0.082  0.996 -1.261
  0.000  0.000  0.000  1.000
At time 1779613219.51903486
- Translation: [6.155, 10.394, -1.261]
- Rotation: in Quaternion (xyzw) [-0.042, 0.015, -0.683, 0.729]
- Rotation: in RPY (radian) [-0.082, -0.037, -1.504]
- Rotation: in RPY (degree) [-4.688, -2.092, -86.184]
- Matrix:
  0.067  0.995  0.079  6.155
 -0.997  0.063  0.042 10.394
  0.037 -0.082  0.996 -1.261
  0.000  0.000  0.000  1.000
At time 1779613220.51998376
- Translation: [6.157, 10.394, -1.262]
- Rotation: in Quaternion (xyzw) [-0.042, 0.015, -0.683, 0.729]
- Rotation: in RPY (radian) [-0.082, -0.036, -1.505]
- Rotation: in RPY (degree) [-4.710, -2.059, -86.205]
- Matrix:
  0.066  0.995  0.080  6.157
 -0.997  0.063  0.041 10.394
  0.036 -0.082  0.996 -1.262
  0.000  0.000  0.000  1.000
At time 1779613221.52247285
- Translation: [6.157, 10.399, -1.260]
- Rotation: in Quaternion (xyzw) [-0.042, 0.015, -0.683, 0.729]
- Rotation: in RPY (radian) [-0.082, -0.036, -1.505]
- Rotation: in RPY (degree) [-4.691, -2.061, -86.211]
- Matrix:
  0.066  0.995  0.079  6.157
 -0.997  0.063  0.041 10.399
  0.036 -0.082  0.996 -1.260
  0.000  0.000  0.000  1.000
At time 1779613222.51976680
- Translation: [6.158, 10.392, -1.263]
- Rotation: in Quaternion (xyzw) [-0.042, 0.015, -0.683, 0.729]
- Rotation: in RPY (radian) [-0.082, -0.037, -1.505]
- Rotation: in RPY (degree) [-4.704, -2.099, -86.212]
- Matrix:
  0.066  0.995  0.079  6.158
 -0.997  0.063  0.042 10.392
  0.037 -0.082  0.996 -1.263
  0.000  0.000  0.000  1.000
At time 1779613223.52275657
- Translation: [6.157, 10.388, -1.262]
- Rotation: in Quaternion (xyzw) [-0.042, 0.015, -0.683, 0.729]
- Rotation: in RPY (radian) [-0.082, -0.037, -1.505]
- Rotation: in RPY (degree) [-4.690, -2.111, -86.230]
- Matrix:
  0.066  0.995  0.079  6.157
 -0.997  0.063  0.042 10.388
  0.037 -0.082  0.996 -1.262
  0.000  0.000  0.000  1.000
At time 1779613224.52400350
- Translation: [6.156, 10.388, -1.261]
- Rotation: in Quaternion (xyzw) [-0.042, 0.015, -0.683, 0.729]
- Rotation: in RPY (radian) [-0.082, -0.036, -1.504]
- Rotation: in RPY (degree) [-4.682, -2.090, -86.201]
- Matrix:
  0.066  0.995  0.079  6.156
 -0.997  0.063  0.042 10.388
  0.036 -0.082  0.996 -1.261
  0.000  0.000  0.000  1.000
At time 1779613225.52206993
- Translation: [6.159, 10.389, -1.265]
- Rotation: in Quaternion (xyzw) [-0.043, 0.015, -0.683, 0.729]
- Rotation: in RPY (radian) [-0.082, -0.037, -1.505]
- Rotation: in RPY (degree) [-4.713, -2.114, -86.216]
- Matrix:
  0.066  0.995  0.080  6.159
 -0.997  0.063  0.042 10.389
  0.037 -0.082  0.996 -1.265
  0.000  0.000  0.000  1.000
At time 1779613226.52815675
- Translation: [6.158, 10.389, -1.263]
- Rotation: in Quaternion (xyzw) [-0.042, 0.015, -0.683, 0.729]
- Rotation: in RPY (radian) [-0.082, -0.037, -1.505]
- Rotation: in RPY (degree) [-4.677, -2.101, -86.234]
- Matrix:
  0.066  0.995  0.079  6.158
 -0.997  0.062  0.042 10.389
  0.037 -0.081  0.996 -1.263
  0.000  0.000  0.000  1.000
At time 1779613227.52523612
- Translation: [6.154, 10.390, -1.267]
- Rotation: in Quaternion (xyzw) [-0.043, 0.015, -0.683, 0.729]
- Rotation: in RPY (radian) [-0.082, -0.037, -1.504]
- Rotation: in RPY (degree) [-4.702, -2.120, -86.188]
- Matrix:
  0.066  0.995  0.079  6.154
 -0.997  0.063  0.042 10.390
  0.037 -0.082  0.996 -1.267
  0.000  0.000  0.000  1.000
At time 1779613228.52382469
- Translation: [6.157, 10.387, -1.265]
- Rotation: in Quaternion (xyzw) [-0.042, 0.015, -0.683, 0.729]
- Rotation: in RPY (radian) [-0.082, -0.036, -1.505]
- Rotation: in RPY (degree) [-4.711, -2.075, -86.222]
- Matrix:
  0.066  0.995  0.080  6.157
 -0.997  0.063  0.041 10.387
  0.036 -0.082  0.996 -1.265
  0.000  0.000  0.000  1.000
At time 1779613229.52408218
- Translation: [6.158, 10.390, -1.266]
- Rotation: in Quaternion (xyzw) [-0.043, 0.014, -0.683, 0.729]
- Rotation: in RPY (radian) [-0.082, -0.037, -1.505]
- Rotation: in RPY (degree) [-4.686, -2.130, -86.214]
- Matrix:
  0.066  0.995  0.079  6.158
 -0.997  0.063  0.042 10.390
  0.037 -0.082  0.996 -1.266
  0.000  0.000  0.000  1.000
At time 1779613230.52608728
- Translation: [6.161, 10.392, -1.265]
- Rotation: in Quaternion (xyzw) [-0.042, 0.015, -0.683, 0.729]
- Rotation: in RPY (radian) [-0.082, -0.037, -1.505]
- Rotation: in RPY (degree) [-4.703, -2.094, -86.224]
- Matrix:
  0.066  0.995  0.079  6.161
 -0.997  0.063  0.042 10.392
  0.037 -0.082  0.996 -1.265
  0.000  0.000  0.000  1.000
At time 1779613231.52842378
- Translation: [6.157, 10.391, -1.266]
- Rotation: in Quaternion (xyzw) [-0.043, 0.015, -0.683, 0.729]
- Rotation: in RPY (radian) [-0.082, -0.037, -1.504]
- Rotation: in RPY (degree) [-4.710, -2.105, -86.150]
- Matrix:
  0.067  0.995  0.079  6.157
 -0.997  0.064  0.042 10.391
  0.037 -0.082  0.996 -1.266
  0.000  0.000  0.000  1.000
At time 1779613232.52737474
- Translation: [6.166, 10.391, -1.268]
- Rotation: in Quaternion (xyzw) [-0.043, 0.015, -0.683, 0.729]
- Rotation: in RPY (radian) [-0.083, -0.037, -1.504]
- Rotation: in RPY (degree) [-4.727, -2.144, -86.189]
- Matrix:
  0.066  0.995  0.080  6.166
 -0.997  0.063  0.043 10.391
  0.037 -0.082  0.996 -1.268
  0.000  0.000  0.000  1.000
At time 1779613233.52686452
- Translation: [6.161, 10.395, -1.267]
- Rotation: in Quaternion (xyzw) [-0.043, 0.015, -0.684, 0.728]
- Rotation: in RPY (radian) [-0.082, -0.037, -1.506]
- Rotation: in RPY (degree) [-4.699, -2.122, -86.310]
- Matrix:
  0.064  0.995  0.079  6.161
 -0.997  0.061  0.042 10.395
  0.037 -0.082  0.996 -1.267
  0.000  0.000  0.000  1.000
At time 1779613234.52694559
- Translation: [6.154, 10.394, -1.266]
- Rotation: in Quaternion (xyzw) [-0.042, 0.015, -0.683, 0.729]
- Rotation: in RPY (radian) [-0.083, -0.036, -1.505]
- Rotation: in RPY (degree) [-4.746, -2.049, -86.228]
- Matrix:
  0.066  0.995  0.080  6.154
 -0.997  0.063  0.041 10.394
  0.036 -0.083  0.996 -1.266
  0.000  0.000  0.000  1.000
At time 1779613235.52731275
- Translation: [6.154, 10.393, -1.264]
- Rotation: in Quaternion (xyzw) [-0.042, 0.015, -0.683, 0.729]
- Rotation: in RPY (radian) [-0.082, -0.036, -1.505]
- Rotation: in RPY (degree) [-4.725, -2.051, -86.214]
- Matrix:
  0.066  0.995  0.080  6.154
 -0.997  0.063  0.041 10.393
  0.036 -0.082  0.996 -1.264
  0.000  0.000  0.000  1.000
At time 1779613236.52776336
- Translation: [6.158, 10.383, -1.265]
- Rotation: in Quaternion (xyzw) [-0.043, 0.015, -0.683, 0.729]
- Rotation: in RPY (radian) [-0.082, -0.037, -1.505]
- Rotation: in RPY (degree) [-4.719, -2.095, -86.217]
- Matrix:
  0.066  0.995  0.080  6.158
 -0.997  0.063  0.042 10.383
  0.037 -0.082  0.996 -1.265
  0.000  0.000  0.000  1.000
At time 1779613237.52809238
- Translation: [6.153, 10.386, -1.268]
- Rotation: in Quaternion (xyzw) [-0.043, 0.014, -0.683, 0.729]
- Rotation: in RPY (radian) [-0.082, -0.037, -1.504]
- Rotation: in RPY (degree) [-4.726, -2.147, -86.199]
- Matrix:
  0.066  0.995  0.080  6.153
 -0.997  0.063  0.043 10.386
  0.037 -0.082  0.996 -1.268
  0.000  0.000  0.000  1.000
At time 1779613238.53351640
- Translation: [6.156, 10.380, -1.263]
- Rotation: in Quaternion (xyzw) [-0.042, 0.015, -0.683, 0.729]
- Rotation: in RPY (radian) [-0.082, -0.037, -1.504]
- Rotation: in RPY (degree) [-4.708, -2.092, -86.192]
- Matrix:
  0.066  0.995  0.079  6.156
 -0.997  0.063  0.042 10.380
  0.036 -0.082  0.996 -1.263
  0.000  0.000  0.000  1.000
At time 1779613239.52897453
- Translation: [6.156, 10.391, -1.266]
- Rotation: in Quaternion (xyzw) [-0.043, 0.015, -0.683, 0.729]
- Rotation: in RPY (radian) [-0.082, -0.037, -1.505]
- Rotation: in RPY (degree) [-4.716, -2.101, -86.223]
- Matrix:
  0.066  0.995  0.080  6.156
 -0.997  0.063  0.042 10.391
  0.037 -0.082  0.996 -1.266
  0.000  0.000  0.000  1.000
At time 1779613240.52968502
- Translation: [6.157, 10.386, -1.263]
- Rotation: in Quaternion (xyzw) [-0.042, 0.015, -0.683, 0.729]
- Rotation: in RPY (radian) [-0.082, -0.036, -1.504]
- Rotation: in RPY (degree) [-4.705, -2.088, -86.188]
- Matrix:
  0.066  0.995  0.079  6.157
 -0.997  0.063  0.042 10.386
  0.036 -0.082  0.996 -1.263
  0.000  0.000  0.000  1.000
At time 1779613241.53295373
- Translation: [6.154, 10.397, -1.265]
- Rotation: in Quaternion (xyzw) [-0.043, 0.015, -0.683, 0.729]
- Rotation: in RPY (radian) [-0.082, -0.037, -1.504]
- Rotation: in RPY (degree) [-4.702, -2.123, -86.194]
- Matrix:
  0.066  0.995  0.079  6.154
 -0.997  0.063  0.042 10.397
  0.037 -0.082  0.996 -1.265
  0.000  0.000  0.000  1.000
At time 1779613242.53057909
- Translation: [6.158, 10.386, -1.265]
- Rotation: in Quaternion (xyzw) [-0.043, 0.014, -0.683, 0.729]
- Rotation: in RPY (radian) [-0.082, -0.037, -1.505]
- Rotation: in RPY (degree) [-4.709, -2.139, -86.212]
- Matrix:
  0.066  0.995  0.079  6.158
 -0.997  0.063  0.043 10.386
  0.037 -0.082  0.996 -1.265
  0.000  0.000  0.000  1.000
At time 1779613243.53090572
- Translation: [6.153, 10.395, -1.265]
- Rotation: in Quaternion (xyzw) [-0.043, 0.015, -0.683, 0.729]
- Rotation: in RPY (radian) [-0.082, -0.037, -1.504]
- Rotation: in RPY (degree) [-4.716, -2.104, -86.176]
- Matrix:
  0.067  0.995  0.080  6.153
 -0.997  0.063  0.042 10.395
  0.037 -0.082  0.996 -1.265
  0.000  0.000  0.000  1.000
At time 1779613244.53116321
- Translation: [6.160, 10.391, -1.264]
- Rotation: in Quaternion (xyzw) [-0.043, 0.015, -0.683, 0.729]
- Rotation: in RPY (radian) [-0.082, -0.037, -1.505]
- Rotation: in RPY (degree) [-4.718, -2.096, -86.242]
- Matrix:
  0.065  0.995  0.080  6.160
 -0.997  0.062  0.042 10.391
  0.037 -0.082  0.996 -1.264
  0.000  0.000  0.000  1.000
At time 1779613245.53217649
- Translation: [6.158, 10.384, -1.266]
- Rotation: in Quaternion (xyzw) [-0.043, 0.014, -0.684, 0.728]
- Rotation: in RPY (radian) [-0.082, -0.038, -1.506]
- Rotation: in RPY (degree) [-4.714, -2.149, -86.295]
- Matrix:
  0.065  0.995  0.080  6.158
 -0.997  0.061  0.043 10.384
  0.038 -0.082  0.996 -1.266
  0.000  0.000  0.000  1.000
At time 1779613246.53146600
- Translation: [6.155, 10.399, -1.263]
- Rotation: in Quaternion (xyzw) [-0.043, 0.015, -0.683, 0.729]
- Rotation: in RPY (radian) [-0.082, -0.037, -1.504]
- Rotation: in RPY (degree) [-4.699, -2.116, -86.180]
- Matrix:
  0.067  0.995  0.079  6.155
 -0.997  0.063  0.042 10.399
  0.037 -0.082  0.996 -1.263
  0.000  0.000  0.000  1.000
At time 1779613247.53290605
- Translation: [6.156, 10.391, -1.264]
- Rotation: in Quaternion (xyzw) [-0.043, 0.014, -0.683, 0.729]
- Rotation: in RPY (radian) [-0.082, -0.037, -1.505]
- Rotation: in RPY (degree) [-4.702, -2.128, -86.219]
- Matrix:
  0.066  0.995  0.079  6.156
 -0.997  0.063  0.042 10.391
  0.037 -0.082  0.996 -1.264
  0.000  0.000  0.000  1.000
At time 1779613248.53374528
- Translation: [6.156, 10.397, -1.265]
- Rotation: in Quaternion (xyzw) [-0.043, 0.015, -0.683, 0.729]
- Rotation: in RPY (radian) [-0.082, -0.037, -1.504]
- Rotation: in RPY (degree) [-4.727, -2.099, -86.192]
- Matrix:
  0.066  0.995  0.080  6.156
 -0.997  0.063  0.042 10.397
  0.037 -0.082  0.996 -1.265
  0.000  0.000  0.000  1.000
At time 1779613249.53425312
- Translation: [6.158, 10.395, -1.265]
- Rotation: in Quaternion (xyzw) [-0.043, 0.015, -0.683, 0.729]
- Rotation: in RPY (radian) [-0.082, -0.037, -1.505]
- Rotation: in RPY (degree) [-4.710, -2.125, -86.206]
- Matrix:
  0.066  0.995  0.079  6.158
 -0.997  0.063  0.042 10.395
  0.037 -0.082  0.996 -1.265
  0.000  0.000  0.000  1.000
At time 1779613250.53459644
- Translation: [6.156, 10.400, -1.265]
- Rotation: in Quaternion (xyzw) [-0.043, 0.014, -0.683, 0.729]
- Rotation: in RPY (radian) [-0.082, -0.037, -1.504]
- Rotation: in RPY (degree) [-4.701, -2.138, -86.186]
- Matrix:
  0.066  0.995  0.079  6.156
 -0.997  0.063  0.043 10.400
  0.037 -0.082  0.996 -1.265
  0.000  0.000  0.000  1.000
At time 1779613251.53510427
- Translation: [6.157, 10.393, -1.262]
- Rotation: in Quaternion (xyzw) [-0.042, 0.015, -0.683, 0.729]
- Rotation: in RPY (radian) [-0.082, -0.036, -1.505]
- Rotation: in RPY (degree) [-4.716, -2.081, -86.225]
- Matrix:
  0.066  0.995  0.080  6.157
 -0.997  0.063  0.042 10.393
  0.036 -0.082  0.996 -1.262
  0.000  0.000  0.000  1.000
At time 1779613252.53610324
- Translation: [6.158, 10.393, -1.266]
- Rotation: in Quaternion (xyzw) [-0.043, 0.015, -0.683, 0.729]
- Rotation: in RPY (radian) [-0.082, -0.037, -1.505]
- Rotation: in RPY (degree) [-4.711, -2.108, -86.235]
- Matrix:
  0.066  0.995  0.080  6.158
 -0.997  0.062  0.042 10.393
  0.037 -0.082  0.996 -1.266
  0.000  0.000  0.000  1.000
At time 1779613253.53594350
- Translation: [6.156, 10.394, -1.263]
- Rotation: in Quaternion (xyzw) [-0.043, 0.014, -0.683, 0.729]
- Rotation: in RPY (radian) [-0.082, -0.037, -1.504]
- Rotation: in RPY (degree) [-4.688, -2.131, -86.193]
- Matrix:
  0.066  0.995  0.079  6.156
 -0.997  0.063  0.042 10.394
  0.037 -0.082  0.996 -1.263
  0.000  0.000  0.000  1.000
At time 1779613254.53730726
- Translation: [6.158, 10.396, -1.264]
- Rotation: in Quaternion (xyzw) [-0.042, 0.015, -0.683, 0.729]
- Rotation: in RPY (radian) [-0.082, -0.037, -1.505]
- Rotation: in RPY (degree) [-4.693, -2.111, -86.218]
- Matrix:
  0.066  0.995  0.079  6.158
 -0.997  0.063  0.042 10.396
  0.037 -0.082  0.996 -1.264
  0.000  0.000  0.000  1.000
At time 1779613255.53635597
- Translation: [6.156, 10.394, -1.262]
- Rotation: in Quaternion (xyzw) [-0.042, 0.015, -0.683, 0.729]
- Rotation: in RPY (radian) [-0.082, -0.036, -1.505]
- Rotation: in RPY (degree) [-4.708, -2.082, -86.205]
- Matrix:
  0.066  0.995  0.080  6.156
 -0.997  0.063  0.042 10.394
  0.036 -0.082  0.996 -1.262
  0.000  0.000  0.000  1.000
At time 1779613256.53768396
- Translation: [6.158, 10.395, -1.265]
- Rotation: in Quaternion (xyzw) [-0.043, 0.014, -0.683, 0.729]
- Rotation: in RPY (radian) [-0.082, -0.038, -1.505]
- Rotation: in RPY (degree) [-4.694, -2.155, -86.225]
- Matrix:
  0.066  0.995  0.079  6.158
 -0.997  0.063  0.043 10.395
  0.038 -0.082  0.996 -1.265
  0.000  0.000  0.000  1.000
At time 1779613257.54102420
- Translation: [6.157, 10.394, -1.265]
- Rotation: in Quaternion (xyzw) [-0.043, 0.014, -0.683, 0.729]
- Rotation: in RPY (radian) [-0.082, -0.037, -1.505]
- Rotation: in RPY (degree) [-4.708, -2.135, -86.212]
- Matrix:
  0.066  0.995  0.079  6.157
 -0.997  0.063  0.042 10.394
  0.037 -0.082  0.996 -1.265
  0.000  0.000  0.000  1.000
At time 1779613258.53853750
- Translation: [6.155, 10.394, -1.263]
- Rotation: in Quaternion (xyzw) [-0.042, 0.015, -0.683, 0.729]
- Rotation: in RPY (radian) [-0.082, -0.037, -1.504]
- Rotation: in RPY (degree) [-4.692, -2.096, -86.182]
- Matrix:
  0.067  0.995  0.079  6.155
 -0.997  0.063  0.042 10.394
  0.037 -0.082  0.996 -1.263
  0.000  0.000  0.000  1.000
At time 1779613259.53942441
- Translation: [6.158, 10.396, -1.263]
- Rotation: in Quaternion (xyzw) [-0.042, 0.015, -0.683, 0.729]
- Rotation: in RPY (radian) [-0.082, -0.036, -1.504]
- Rotation: in RPY (degree) [-4.712, -2.061, -86.197]
- Matrix:
  0.066  0.995  0.080  6.158
 -0.997  0.063  0.041 10.396
  0.036 -0.082  0.996 -1.263
  0.000  0.000  0.000  1.000
At time 1779613260.53947448
- Translation: [6.158, 10.394, -1.266]
- Rotation: in Quaternion (xyzw) [-0.043, 0.015, -0.683, 0.729]
- Rotation: in RPY (radian) [-0.082, -0.037, -1.505]
- Rotation: in RPY (degree) [-4.708, -2.124, -86.213]
- Matrix:
  0.066  0.995  0.079  6.158
 -0.997  0.063  0.042 10.394
  0.037 -0.082  0.996 -1.266
  0.000  0.000  0.000  1.000
At time 1779613261.53992271
- Translation: [6.155, 10.395, -1.264]
- Rotation: in Quaternion (xyzw) [-0.042, 0.014, -0.683, 0.729]
- Rotation: in RPY (radian) [-0.082, -0.037, -1.504]
- Rotation: in RPY (degree) [-4.691, -2.117, -86.192]
- Matrix:
  0.066  0.995  0.079  6.155
 -0.997  0.063  0.042 10.395
  0.037 -0.082  0.996 -1.264
  0.000  0.000  0.000  1.000
At time 1779613262.54058551
- Translation: [6.157, 10.399, -1.265]
- Rotation: in Quaternion (xyzw) [-0.042, 0.015, -0.683, 0.729]
- Rotation: in RPY (radian) [-0.082, -0.037, -1.505]
- Rotation: in RPY (degree) [-4.712, -2.093, -86.207]
- Matrix:
  0.066  0.995  0.080  6.157
 -0.997  0.063  0.042 10.399
  0.037 -0.082  0.996 -1.265
  0.000  0.000  0.000  1.000
At time 1779613263.54163455
- Translation: [6.157, 10.393, -1.263]
- Rotation: in Quaternion (xyzw) [-0.042, 0.015, -0.683, 0.729]
- Rotation: in RPY (radian) [-0.082, -0.036, -1.505]
- Rotation: in RPY (degree) [-4.719, -2.065, -86.217]
- Matrix:
  0.066  0.995  0.080  6.157
 -0.997  0.063  0.041 10.393
  0.036 -0.082  0.996 -1.263
  0.000  0.000  0.000  1.000
At time 1779613264.54515361
- Translation: [6.158, 10.393, -1.264]
- Rotation: in Quaternion (xyzw) [-0.043, 0.015, -0.683, 0.729]
- Rotation: in RPY (radian) [-0.082, -0.037, -1.505]
- Rotation: in RPY (degree) [-4.703, -2.125, -86.213]
- Matrix:
  0.066  0.995  0.079  6.158
 -0.997  0.063  0.042 10.393
  0.037 -0.082  0.996 -1.264
  0.000  0.000  0.000  1.000
At time 1779613265.54519414
- Translation: [6.158, 10.389, -1.263]
- Rotation: in Quaternion (xyzw) [-0.043, 0.015, -0.683, 0.729]
- Rotation: in RPY (radian) [-0.082, -0.037, -1.505]
- Rotation: in RPY (degree) [-4.715, -2.097, -86.233]
- Matrix:
  0.066  0.995  0.080  6.158
 -0.997  0.062  0.042 10.389
  0.037 -0.082  0.996 -1.263
  0.000  0.000  0.000  1.000
At time 1779613266.54710626
- Translation: [6.156, 10.392, -1.265]
- Rotation: in Quaternion (xyzw) [-0.042, 0.015, -0.683, 0.729]
- Rotation: in RPY (radian) [-0.082, -0.037, -1.505]
- Rotation: in RPY (degree) [-4.707, -2.098, -86.215]
- Matrix:
  0.066  0.995  0.079  6.156
 -0.997  0.063  0.042 10.392
  0.037 -0.082  0.996 -1.265
  0.000  0.000  0.000  1.000
At time 1779613267.54306507
- Translation: [6.156, 10.391, -1.264]
- Rotation: in Quaternion (xyzw) [-0.042, 0.015, -0.683, 0.729]
- Rotation: in RPY (radian) [-0.082, -0.037, -1.504]
- Rotation: in RPY (degree) [-4.702, -2.097, -86.179]
- Matrix:
  0.067  0.995  0.079  6.156
 -0.997  0.063  0.042 10.391
  0.037 -0.082  0.996 -1.264
  0.000  0.000  0.000  1.000
At time 1779613268.54356336
- Translation: [6.155, 10.397, -1.267]
- Rotation: in Quaternion (xyzw) [-0.043, 0.015, -0.683, 0.729]
- Rotation: in RPY (radian) [-0.083, -0.036, -1.504]
- Rotation: in RPY (degree) [-4.746, -2.065, -86.182]
- Matrix:
  0.067  0.995  0.080  6.155
 -0.997  0.063  0.041 10.397
  0.036 -0.083  0.996 -1.267
  0.000  0.000  0.000  1.000
At time 1779613269.54522275
- Translation: [6.157, 10.394, -1.265]
- Rotation: in Quaternion (xyzw) [-0.042, 0.015, -0.683, 0.729]
- Rotation: in RPY (radian) [-0.082, -0.036, -1.505]
- Rotation: in RPY (degree) [-4.727, -2.075, -86.211]
- Matrix:
  0.066  0.995  0.080  6.157
 -0.997  0.063  0.041 10.394
  0.036 -0.082  0.996 -1.265
  0.000  0.000  0.000  1.000
At time 1779613270.54478645
- Translation: [6.158, 10.393, -1.263]
- Rotation: in Quaternion (xyzw) [-0.042, 0.015, -0.683, 0.729]
- Rotation: in RPY (radian) [-0.082, -0.036, -1.505]
- Rotation: in RPY (degree) [-4.702, -2.074, -86.211]
- Matrix:
  0.066  0.995  0.079  6.158
 -0.997  0.063  0.041 10.393
  0.036 -0.082  0.996 -1.263
  0.000  0.000  0.000  1.000
At time 1779613271.54497480
- Translation: [6.156, 10.391, -1.265]
- Rotation: in Quaternion (xyzw) [-0.043, 0.015, -0.683, 0.729]
- Rotation: in RPY (radian) [-0.082, -0.037, -1.504]
- Rotation: in RPY (degree) [-4.709, -2.114, -86.196]
- Matrix:
  0.066  0.995  0.079  6.156
 -0.997  0.063  0.042 10.391
  0.037 -0.082  0.996 -1.265
  0.000  0.000  0.000  1.000
At time 1779613272.54556369
- Translation: [6.159, 10.393, -1.264]
- Rotation: in Quaternion (xyzw) [-0.042, 0.015, -0.683, 0.729]
- Rotation: in RPY (radian) [-0.082, -0.036, -1.505]
- Rotation: in RPY (degree) [-4.707, -2.089, -86.225]
- Matrix:
  0.066  0.995  0.079  6.159
 -0.997  0.063  0.042 10.393
  0.036 -0.082  0.996 -1.264
  0.000  0.000  0.000  1.000
At time 1779613273.54638385
- Translation: [6.157, 10.392, -1.266]
- Rotation: in Quaternion (xyzw) [-0.043, 0.015, -0.683, 0.729]
- Rotation: in RPY (radian) [-0.082, -0.037, -1.505]
- Rotation: in RPY (degree) [-4.721, -2.118, -86.211]
- Matrix:
  0.066  0.995  0.080  6.157
 -0.997  0.063  0.042 10.392
  0.037 -0.082  0.996 -1.266
  0.000  0.000  0.000  1.000
At time 1779613274.54946660
- Translation: [6.156, 10.396, -1.269]
- Rotation: in Quaternion (xyzw) [-0.043, 0.015, -0.683, 0.729]
- Rotation: in RPY (radian) [-0.082, -0.037, -1.504]
- Rotation: in RPY (degree) [-4.725, -2.143, -86.192]
- Matrix:
  0.066  0.995  0.080  6.156
 -0.997  0.063  0.043 10.396
  0.037 -0.082  0.996 -1.269
  0.000  0.000  0.000  1.000
At time 1779613275.54689645
- Translation: [6.156, 10.394, -1.266]
- Rotation: in Quaternion (xyzw) [-0.043, 0.014, -0.683, 0.729]
- Rotation: in RPY (radian) [-0.082, -0.037, -1.505]
- Rotation: in RPY (degree) [-4.699, -2.132, -86.202]
- Matrix:
  0.066  0.995  0.079  6.156
 -0.997  0.063  0.042 10.394
  0.037 -0.082  0.996 -1.266
  0.000  0.000  0.000  1.000
At time 1779613276.54768323
- Translation: [6.158, 10.390, -1.265]
- Rotation: in Quaternion (xyzw) [-0.043, 0.014, -0.683, 0.729]
- Rotation: in RPY (radian) [-0.082, -0.037, -1.505]
- Rotation: in RPY (degree) [-4.688, -2.137, -86.214]
- Matrix:
  0.066  0.995  0.079  6.158
 -0.997  0.063  0.042 10.390
  0.037 -0.082  0.996 -1.265
  0.000  0.000  0.000  1.000
At time 1779613277.54849386
- Translation: [6.155, 10.394, -1.264]
- Rotation: in Quaternion (xyzw) [-0.043, 0.015, -0.683, 0.729]
- Rotation: in RPY (radian) [-0.082, -0.037, -1.505]
- Rotation: in RPY (degree) [-4.711, -2.100, -86.203]
- Matrix:
  0.066  0.995  0.080  6.155
 -0.997  0.063  0.042 10.394
  0.037 -0.082  0.996 -1.264
  0.000  0.000  0.000  1.000
At time 1779613278.54918766
- Translation: [6.155, 10.389, -1.265]
- Rotation: in Quaternion (xyzw) [-0.043, 0.015, -0.683, 0.729]
- Rotation: in RPY (radian) [-0.082, -0.037, -1.504]
- Rotation: in RPY (degree) [-4.707, -2.116, -86.178]
- Matrix:
  0.067  0.995  0.079  6.155
 -0.997  0.063  0.042 10.389
  0.037 -0.082  0.996 -1.265
  0.000  0.000  0.000  1.000
At time 1779613279.55188655
- Translation: [6.158, 10.392, -1.264]
- Rotation: in Quaternion (xyzw) [-0.042, 0.015, -0.683, 0.729]
- Rotation: in RPY (radian) [-0.082, -0.036, -1.505]
- Rotation: in RPY (degree) [-4.717, -2.087, -86.228]
- Matrix:
  0.066  0.995  0.080  6.158
 -0.997  0.063  0.042 10.392
  0.036 -0.082  0.996 -1.264
  0.000  0.000  0.000  1.000
At time 1779613280.54984331
- Translation: [6.157, 10.388, -1.265]
- Rotation: in Quaternion (xyzw) [-0.043, 0.015, -0.683, 0.729]
- Rotation: in RPY (radian) [-0.083, -0.037, -1.505]
- Rotation: in RPY (degree) [-4.736, -2.106, -86.210]
- Matrix:
  0.066  0.995  0.080  6.157
 -0.997  0.063  0.042 10.388
  0.037 -0.083  0.996 -1.265
  0.000  0.000  0.000  1.000
At time 1779613281.55260419
- Translation: [6.157, 10.394, -1.266]
- Rotation: in Quaternion (xyzw) [-0.043, 0.014, -0.683, 0.729]
- Rotation: in RPY (radian) [-0.082, -0.038, -1.504]
- Rotation: in RPY (degree) [-4.715, -2.154, -86.198]
- Matrix:
  0.066  0.995  0.080  6.157
 -0.997  0.063  0.043 10.394
  0.038 -0.082  0.996 -1.266
  0.000  0.000  0.000  1.000
At time 1779613282.55026531
- Translation: [6.156, 10.395, -1.265]
- Rotation: in Quaternion (xyzw) [-0.043, 0.014, -0.683, 0.729]
- Rotation: in RPY (radian) [-0.082, -0.037, -1.505]
- Rotation: in RPY (degree) [-4.703, -2.136, -86.221]
- Matrix:
  0.066  0.995  0.079  6.156
 -0.997  0.063  0.042 10.395
  0.037 -0.082  0.996 -1.265
  0.000  0.000  0.000  1.000
At time 1779613283.55598497
- Translation: [6.160, 10.393, -1.266]
- Rotation: in Quaternion (xyzw) [-0.043, 0.015, -0.683, 0.729]
- Rotation: in RPY (radian) [-0.082, -0.037, -1.505]
- Rotation: in RPY (degree) [-4.718, -2.124, -86.223]
- Matrix:
  0.066  0.995  0.080  6.160
 -0.997  0.063  0.042 10.393
  0.037 -0.082  0.996 -1.266
  0.000  0.000  0.000  1.000
At time 1779613284.55177450
- Translation: [6.158, 10.389, -1.264]
- Rotation: in Quaternion (xyzw) [-0.043, 0.015, -0.683, 0.729]
- Rotation: in RPY (radian) [-0.082, -0.037, -1.505]
- Rotation: in RPY (degree) [-4.712, -2.111, -86.224]
- Matrix:
  0.066  0.995  0.080  6.158
 -0.997  0.063  0.042 10.389
  0.037 -0.082  0.996 -1.264
  0.000  0.000  0.000  1.000
At time 1779613285.55226325
- Translation: [6.155, 10.398, -1.264]
- Rotation: in Quaternion (xyzw) [-0.043, 0.015, -0.683, 0.729]
- Rotation: in RPY (radian) [-0.083, -0.036, -1.505]
- Rotation: in RPY (degree) [-4.734, -2.076, -86.232]
- Matrix:
  0.066  0.995  0.080  6.155
 -0.997  0.063  0.041 10.398
  0.036 -0.082  0.996 -1.264
  0.000  0.000  0.000  1.000
At time 1779613286.55551528
- Translation: [6.152, 10.387, -1.266]
- Rotation: in Quaternion (xyzw) [-0.043, 0.015, -0.683, 0.729]
- Rotation: in RPY (radian) [-0.083, -0.037, -1.504]
- Rotation: in RPY (degree) [-4.730, -2.107, -86.172]
- Matrix:
  0.067  0.995  0.080  6.152
 -0.997  0.064  0.042 10.387
  0.037 -0.082  0.996 -1.266
  0.000  0.000  0.000  1.000
At time 1779613287.55365562
- Translation: [6.155, 10.386, -1.266]
- Rotation: in Quaternion (xyzw) [-0.043, 0.015, -0.683, 0.729]
- Rotation: in RPY (radian) [-0.083, -0.037, -1.505]
- Rotation: in RPY (degree) [-4.729, -2.106, -86.216]
- Matrix:
  0.066  0.995  0.080  6.155
 -0.997  0.063  0.042 10.386
  0.037 -0.082  0.996 -1.266
  0.000  0.000  0.000  1.000
At time 1779613288.55444478
- Translation: [6.156, 10.387, -1.268]
- Rotation: in Quaternion (xyzw) [-0.043, 0.015, -0.683, 0.729]
- Rotation: in RPY (radian) [-0.083, -0.037, -1.505]
- Rotation: in RPY (degree) [-4.728, -2.122, -86.216]
- Matrix:
  0.066  0.995  0.080  6.156
 -0.997  0.063  0.042 10.387
  0.037 -0.082  0.996 -1.268
  0.000  0.000  0.000  1.000
At time 1779613289.55505037
- Translation: [6.156, 10.386, -1.267]
- Rotation: in Quaternion (xyzw) [-0.043, 0.014, -0.683, 0.729]
- Rotation: in RPY (radian) [-0.082, -0.038, -1.505]
- Rotation: in RPY (degree) [-4.699, -2.159, -86.235]
- Matrix:
  0.066  0.995  0.079  6.156
 -0.997  0.062  0.043 10.386
  0.038 -0.082  0.996 -1.267
  0.000  0.000  0.000  1.000
At time 1779613290.55865526
- Translation: [6.156, 10.385, -1.267]
- Rotation: in Quaternion (xyzw) [-0.043, 0.015, -0.683, 0.729]
- Rotation: in RPY (radian) [-0.083, -0.037, -1.505]
- Rotation: in RPY (degree) [-4.735, -2.112, -86.212]
- Matrix:
  0.066  0.995  0.080  6.156
 -0.997  0.063  0.042 10.385
  0.037 -0.082  0.996 -1.267
  0.000  0.000  0.000  1.000
At time 1779613291.55706739
- Translation: [6.152, 10.387, -1.266]
- Rotation: in Quaternion (xyzw) [-0.043, 0.015, -0.683, 0.729]
- Rotation: in RPY (radian) [-0.083, -0.037, -1.505]
- Rotation: in RPY (degree) [-4.734, -2.112, -86.215]
- Matrix:
  0.066  0.995  0.080  6.152
 -0.997  0.063  0.042 10.387
  0.037 -0.082  0.996 -1.266
  0.000  0.000  0.000  1.000
At time 1779613292.55757522
- Translation: [6.155, 10.388, -1.265]
- Rotation: in Quaternion (xyzw) [-0.043, 0.015, -0.683, 0.729]
- Rotation: in RPY (radian) [-0.083, -0.036, -1.505]
- Rotation: in RPY (degree) [-4.736, -2.077, -86.241]
- Matrix:
  0.066  0.995  0.080  6.155
 -0.997  0.062  0.041 10.388
  0.036 -0.083  0.996 -1.265
  0.000  0.000  0.000  1.000
At time 1779613293.56008338
- Translation: [6.156, 10.385, -1.266]
- Rotation: in Quaternion (xyzw) [-0.043, 0.015, -0.683, 0.729]
- Rotation: in RPY (radian) [-0.083, -0.037, -1.505]
- Rotation: in RPY (degree) [-4.729, -2.131, -86.235]
- Matrix:
  0.066  0.995  0.080  6.156
 -0.997  0.062  0.042 10.385
  0.037 -0.082  0.996 -1.266
  0.000  0.000  0.000  1.000
At time 1779613294.55831670
- Translation: [6.155, 10.384, -1.266]
- Rotation: in Quaternion (xyzw) [-0.043, 0.014, -0.683, 0.729]
- Rotation: in RPY (radian) [-0.082, -0.037, -1.505]
- Rotation: in RPY (degree) [-4.701, -2.143, -86.212]
- Matrix:
  0.066  0.995  0.079  6.155
 -0.997  0.063  0.043 10.384
  0.037 -0.082  0.996 -1.266
  0.000  0.000  0.000  1.000
At time 1779613295.56001424
- Translation: [6.155, 10.391, -1.268]
- Rotation: in Quaternion (xyzw) [-0.043, 0.015, -0.683, 0.729]
- Rotation: in RPY (radian) [-0.083, -0.037, -1.504]
- Rotation: in RPY (degree) [-4.736, -2.133, -86.194]
- Matrix:
  0.066  0.995  0.080  6.155
 -0.997  0.063  0.042 10.391
  0.037 -0.083  0.996 -1.268
  0.000  0.000  0.000  1.000
At time 1779613296.55965423
- Translation: [6.157, 10.382, -1.264]
- Rotation: in Quaternion (xyzw) [-0.043, 0.015, -0.683, 0.729]
- Rotation: in RPY (radian) [-0.082, -0.036, -1.505]
- Rotation: in RPY (degree) [-4.719, -2.090, -86.206]
- Matrix:
  0.066  0.995  0.080  6.157
 -0.997  0.063  0.042 10.382
  0.036 -0.082  0.996 -1.264
  0.000  0.000  0.000  1.000
At time 1779613297.56181430
- Translation: [6.152, 10.382, -1.264]
- Rotation: in Quaternion (xyzw) [-0.043, 0.015, -0.683, 0.729]
- Rotation: in RPY (radian) [-0.082, -0.037, -1.505]
- Rotation: in RPY (degree) [-4.700, -2.120, -86.208]
- Matrix:
  0.066  0.995  0.079  6.152
 -0.997  0.063  0.042 10.382
  0.037 -0.082  0.996 -1.264
  0.000  0.000  0.000  1.000
At time 1779613298.56296586
- Translation: [6.157, 10.389, -1.265]
- Rotation: in Quaternion (xyzw) [-0.042, 0.015, -0.683, 0.729]
- Rotation: in RPY (radian) [-0.083, -0.036, -1.505]
- Rotation: in RPY (degree) [-4.730, -2.076, -86.222]
- Matrix:
  0.066  0.995  0.080  6.157
 -0.997  0.063  0.041 10.389
  0.036 -0.082  0.996 -1.265
  0.000  0.000  0.000  1.000
At time 1779613299.56281566
- Translation: [6.153, 10.393, -1.267]
- Rotation: in Quaternion (xyzw) [-0.043, 0.014, -0.683, 0.729]
- Rotation: in RPY (radian) [-0.082, -0.038, -1.505]
- Rotation: in RPY (degree) [-4.714, -2.150, -86.251]
- Matrix:
  0.065  0.995  0.080  6.153
 -0.997  0.062  0.043 10.393
  0.038 -0.082  0.996 -1.267
  0.000  0.000  0.000  1.000
At time 1779613300.56354522
- Translation: [6.154, 10.392, -1.266]
- Rotation: in Quaternion (xyzw) [-0.043, 0.015, -0.683, 0.729]
- Rotation: in RPY (radian) [-0.083, -0.036, -1.504]
- Rotation: in RPY (degree) [-4.748, -2.078, -86.200]
- Matrix:
  0.066  0.995  0.080  6.154
 -0.997  0.063  0.042 10.392
  0.036 -0.083  0.996 -1.266
  0.000  0.000  0.000  1.000
At time 1779613301.56552410
- Translation: [6.153, 10.394, -1.267]
- Rotation: in Quaternion (xyzw) [-0.043, 0.015, -0.683, 0.729]
- Rotation: in RPY (radian) [-0.083, -0.037, -1.504]
- Rotation: in RPY (degree) [-4.739, -2.111, -86.192]
- Matrix:
  0.066  0.995  0.080  6.153
 -0.997  0.063  0.042 10.394
  0.037 -0.083  0.996 -1.267
  0.000  0.000  0.000  1.000
At time 1779613302.56487798
- Translation: [6.159, 10.390, -1.266]
- Rotation: in Quaternion (xyzw) [-0.043, 0.015, -0.683, 0.729]
- Rotation: in RPY (radian) [-0.082, -0.037, -1.505]
- Rotation: in RPY (degree) [-4.718, -2.123, -86.206]
- Matrix:
  0.066  0.995  0.080  6.159
 -0.997  0.063  0.042 10.390
  0.037 -0.082  0.996 -1.266
  0.000  0.000  0.000  1.000
At time 1779613303.56568622
- Translation: [6.153, 10.388, -1.265]
- Rotation: in Quaternion (xyzw) [-0.042, 0.015, -0.683, 0.729]
- Rotation: in RPY (radian) [-0.083, -0.036, -1.505]
- Rotation: in RPY (degree) [-4.737, -2.069, -86.214]
- Matrix:
  0.066  0.995  0.080  6.153
 -0.997  0.063  0.041 10.388
  0.036 -0.083  0.996 -1.265
  0.000  0.000  0.000  1.000
At time 1779613304.56670427
- Translation: [6.154, 10.388, -1.265]
- Rotation: in Quaternion (xyzw) [-0.043, 0.014, -0.683, 0.729]
- Rotation: in RPY (radian) [-0.082, -0.038, -1.504]
- Rotation: in RPY (degree) [-4.696, -2.157, -86.192]
- Matrix:
  0.066  0.995  0.079  6.154
 -0.997  0.063  0.043 10.388
  0.038 -0.082  0.996 -1.265
  0.000  0.000  0.000  1.000
At time 1779613305.56771278
- Translation: [6.157, 10.386, -1.267]
- Rotation: in Quaternion (xyzw) [-0.043, 0.015, -0.683, 0.729]
- Rotation: in RPY (radian) [-0.082, -0.037, -1.505]
- Rotation: in RPY (degree) [-4.725, -2.116, -86.211]
- Matrix:
  0.066  0.995  0.080  6.157
 -0.997  0.063  0.042 10.386
  0.037 -0.082  0.996 -1.267
  0.000  0.000  0.000  1.000
At time 1779613306.56813716
- Translation: [6.155, 10.391, -1.264]
- Rotation: in Quaternion (xyzw) [-0.042, 0.015, -0.683, 0.729]
- Rotation: in RPY (radian) [-0.082, -0.037, -1.505]
- Rotation: in RPY (degree) [-4.696, -2.113, -86.210]
- Matrix:
  0.066  0.995  0.079  6.155
 -0.997  0.063  0.042 10.391
  0.037 -0.082  0.996 -1.264
  0.000  0.000  0.000  1.000
At time 1779613307.56891441
- Translation: [6.156, 10.395, -1.265]
- Rotation: in Quaternion (xyzw) [-0.043, 0.014, -0.683, 0.729]
- Rotation: in RPY (radian) [-0.082, -0.037, -1.505]
- Rotation: in RPY (degree) [-4.700, -2.127, -86.220]
- Matrix:
  0.066  0.995  0.079  6.156
 -0.997  0.063  0.042 10.395
  0.037 -0.082  0.996 -1.265
  0.000  0.000  0.000  1.000
At time 1779613308.56974411
- Translation: [6.158, 10.389, -1.266]
- Rotation: in Quaternion (xyzw) [-0.043, 0.015, -0.683, 0.729]
- Rotation: in RPY (radian) [-0.082, -0.037, -1.505]
- Rotation: in RPY (degree) [-4.717, -2.136, -86.219]
- Matrix:
  0.066  0.995  0.080  6.158
 -0.997  0.063  0.042 10.389
  0.037 -0.082  0.996 -1.266
  0.000  0.000  0.000  1.000
At time 1779613309.57034254
- Translation: [6.155, 10.393, -1.267]
- Rotation: in Quaternion (xyzw) [-0.043, 0.015, -0.683, 0.729]
- Rotation: in RPY (radian) [-0.082, -0.037, -1.504]
- Rotation: in RPY (degree) [-4.722, -2.132, -86.199]
- Matrix:
  0.066  0.995  0.080  6.155
 -0.997  0.063  0.042 10.393
  0.037 -0.082  0.996 -1.267
  0.000  0.000  0.000  1.000
At time 1779613310.57103633
- Translation: [6.161, 10.409, -1.264]
- Rotation: in Quaternion (xyzw) [-0.042, 0.015, -0.684, 0.728]
- Rotation: in RPY (radian) [-0.082, -0.036, -1.508]
- Rotation: in RPY (degree) [-4.713, -2.038, -86.397]
- Matrix:
  0.063  0.995  0.080  6.161
 -0.997  0.060  0.041 10.409
  0.036 -0.082  0.996 -1.264
  0.000  0.000  0.000  1.000
At time 1779613311.57181596
- Translation: [6.183, 10.379, -1.269]
- Rotation: in Quaternion (xyzw) [-0.043, 0.013, -0.684, 0.728]
- Rotation: in RPY (radian) [-0.081, -0.040, -1.506]
- Rotation: in RPY (degree) [-4.642, -2.284, -86.288]
- Matrix:
  0.065  0.995  0.078  6.183
 -0.997  0.061  0.045 10.379
  0.040 -0.081  0.996 -1.269
  0.000  0.000  0.000  1.000
At time 1779613312.57309389
- Translation: [6.157, 10.387, -1.267]
- Rotation: in Quaternion (xyzw) [-0.043, 0.014, -0.683, 0.729]
- Rotation: in RPY (radian) [-0.082, -0.037, -1.505]
- Rotation: in RPY (degree) [-4.708, -2.148, -86.229]
- Matrix:
  0.066  0.995  0.079  6.157
 -0.997  0.062  0.043 10.387
  0.037 -0.082  0.996 -1.267
  0.000  0.000  0.000  1.000
At time 1779613313.57443380
- Translation: [6.181, 10.400, -1.267]
- Rotation: in Quaternion (xyzw) [-0.037, 0.020, -0.669, 0.742]
- Rotation: in RPY (radian) [-0.082, -0.020, -1.466]
- Rotation: in RPY (degree) [-4.709, -1.147, -83.982]
- Matrix:
  0.105  0.991  0.080  6.181
 -0.994  0.103  0.028 10.400
  0.020 -0.082  0.996 -1.267
  0.000  0.000  0.000  1.000
At time 1779613314.57670593
- Translation: [6.143, 10.331, -1.264]
- Rotation: in Quaternion (xyzw) [-0.050, 0.033, -0.585, 0.809]
- Rotation: in RPY (radian) [-0.119, -0.005, -1.253]
- Rotation: in RPY (degree) [-6.825, -0.311, -71.782]
- Matrix:
  0.313  0.943  0.111  6.143
 -0.950  0.310  0.042 10.331
  0.005 -0.119  0.993 -1.264
  0.000  0.000  0.000  1.000
At time 1779613315.57610750
- Translation: [6.181, 10.304, -1.255]
- Rotation: in Quaternion (xyzw) [-0.050, 0.038, -0.497, 0.865]
- Rotation: in RPY (radian) [-0.125, 0.017, -1.044]
- Rotation: in RPY (degree) [-7.145, 0.959, -59.842]
- Matrix:
  0.502  0.857  0.116  6.181
 -0.865  0.500  0.048 10.304
 -0.017 -0.124  0.992 -1.255
  0.000  0.000  0.000  1.000
At time 1779613316.57724475
- Translation: [6.251, 10.278, -1.237]
- Rotation: in Quaternion (xyzw) [-0.050, 0.049, -0.390, 0.918]
- Rotation: in RPY (radian) [-0.130, 0.050, -0.807]
- Rotation: in RPY (degree) [-7.474, 2.887, -46.258]
- Matrix:
  0.691  0.712  0.129  6.251
 -0.722  0.690  0.054 10.278
 -0.050 -0.130  0.990 -1.237
  0.000  0.000  0.000  1.000
At time 1779613317.57793378
- Translation: [6.342, 10.245, -1.236]
- Rotation: in Quaternion (xyzw) [-0.047, 0.043, -0.280, 0.958]
- Rotation: in RPY (radian) [-0.115, 0.057, -0.571]
- Rotation: in RPY (degree) [-6.567, 3.250, -32.731]
- Matrix:
  0.840  0.532  0.109  6.342
 -0.540  0.839  0.066 10.245
 -0.057 -0.114  0.992 -1.236
  0.000  0.000  0.000  1.000
At time 1779613318.57674407
- Translation: [6.408, 10.244, -1.212]
- Rotation: in Quaternion (xyzw) [-0.043, 0.053, -0.191, 0.979]
- Rotation: in RPY (radian) [-0.106, 0.088, -0.390]
- Rotation: in RPY (degree) [-6.046, 5.016, -22.363]
- Matrix:
  0.921  0.370  0.120  6.408
 -0.379  0.923  0.064 10.244
 -0.087 -0.105  0.991 -1.212
  0.000  0.000  0.000  1.000
At time 1779613319.57734727
- Translation: [6.517, 10.221, -1.219]
- Rotation: in Quaternion (xyzw) [-0.035, 0.048, -0.107, 0.992]
- Rotation: in RPY (radian) [-0.081, 0.088, -0.218]
- Rotation: in RPY (degree) [-4.626, 5.052, -12.501]
- Matrix:
  0.973  0.209  0.103  6.517
 -0.216  0.975  0.060 10.221
 -0.088 -0.080  0.993 -1.219
  0.000  0.000  0.000  1.000
At time 1779613320.57840347
- Translation: [6.628, 10.107, -1.293]
- Rotation: in Quaternion (xyzw) [-0.036, 0.042, 0.001, 0.998]
- Rotation: in RPY (radian) [-0.073, 0.084, -0.001]
- Rotation: in RPY (degree) [-4.159, 4.820, -0.056]
- Matrix:
  0.996 -0.005  0.084  6.628
 -0.001  0.997  0.072 10.107
 -0.084 -0.072  0.994 -1.293
  0.000  0.000  0.000  1.000
At time 1779613321.57946443
- Translation: [6.753, 10.052, -1.255]
- Rotation: in Quaternion (xyzw) [-0.030, 0.045, 0.114, 0.992]
- Rotation: in RPY (radian) [-0.049, 0.097, 0.226]
- Rotation: in RPY (degree) [-2.780, 5.533, 12.947]
- Matrix:
  0.970 -0.228  0.083  6.753
  0.223  0.972  0.069 10.052
 -0.096 -0.048  0.994 -1.255
  0.000  0.000  0.000  1.000
At time 1779613322.58389425
- Translation: [6.901, 10.101, -1.278]
- Rotation: in Quaternion (xyzw) [-0.027, 0.026, 0.187, 0.982]
- Rotation: in RPY (radian) [-0.044, 0.061, 0.376]
- Rotation: in RPY (degree) [-2.493, 3.501, 21.539]
- Matrix:
  0.928 -0.369  0.041  6.901
  0.366  0.928  0.063 10.101
 -0.061 -0.043  0.997 -1.278
  0.000  0.000  0.000  1.000
At time 1779613323.58124542
- Translation: [6.943, 10.137, -1.290]
- Rotation: in Quaternion (xyzw) [-0.026, 0.021, 0.190, 0.981]
- Rotation: in RPY (radian) [-0.044, 0.050, 0.381]
- Rotation: in RPY (degree) [-2.519, 2.882, 21.841]
- Matrix:
  0.927 -0.374  0.030  6.943
  0.372  0.926  0.059 10.137
 -0.050 -0.044  0.998 -1.290
  0.000  0.000  0.000  1.000
At time 1779613324.58177471
- Translation: [6.922, 10.124, -1.282]
- Rotation: in Quaternion (xyzw) [-0.031, 0.023, 0.184, 0.982]
- Rotation: in RPY (radian) [-0.053, 0.056, 0.368]
- Rotation: in RPY (degree) [-3.015, 3.206, 21.113]
- Matrix:
  0.931 -0.362  0.033  6.922
  0.360  0.931  0.069 10.124
 -0.056 -0.053  0.997 -1.282
  0.000  0.000  0.000  1.000
At time 1779613325.58379411
- Translation: [6.936, 10.115, -1.299]
- Rotation: in Quaternion (xyzw) [-0.030, 0.020, 0.186, 0.982]
- Rotation: in RPY (radian) [-0.051, 0.050, 0.372]
- Rotation: in RPY (degree) [-2.921, 2.879, 21.327]
- Matrix:
  0.930 -0.366  0.028  6.936
  0.363  0.929  0.066 10.115
 -0.050 -0.051  0.997 -1.299
  0.000  0.000  0.000  1.000
At time 1779613326.58352708
- Translation: [6.931, 10.116, -1.296]
- Rotation: in Quaternion (xyzw) [-0.030, 0.020, 0.184, 0.982]
- Rotation: in RPY (radian) [-0.051, 0.050, 0.368]
- Rotation: in RPY (degree) [-2.923, 2.873, 21.091]
- Matrix:
  0.932 -0.362  0.028  6.931
  0.359  0.931  0.066 10.116
 -0.050 -0.051  0.997 -1.296
  0.000  0.000  0.000  1.000
At time 1779613327.58420658
- Translation: [6.936, 10.122, -1.297]
- Rotation: in Quaternion (xyzw) [-0.030, 0.019, 0.184, 0.982]
- Rotation: in RPY (radian) [-0.051, 0.048, 0.369]
- Rotation: in RPY (degree) [-2.949, 2.756, 21.153]
- Matrix:
  0.932 -0.363  0.026  6.936
  0.360  0.930  0.065 10.122
 -0.048 -0.051  0.998 -1.297
  0.000  0.000  0.000  1.000
At time 1779613328.58479547
- Translation: [6.935, 10.118, -1.300]
- Rotation: in Quaternion (xyzw) [-0.030, 0.019, 0.183, 0.982]
- Rotation: in RPY (radian) [-0.052, 0.048, 0.368]
- Rotation: in RPY (degree) [-2.956, 2.723, 21.080]
- Matrix:
  0.932 -0.361  0.026  6.935
  0.359  0.931  0.065 10.118
 -0.048 -0.052  0.998 -1.300
  0.000  0.000  0.000  1.000
At time 1779613329.58533430
- Translation: [6.937, 10.124, -1.300]
- Rotation: in Quaternion (xyzw) [-0.029, 0.019, 0.185, 0.982]
- Rotation: in RPY (radian) [-0.051, 0.049, 0.371]
- Rotation: in RPY (degree) [-2.902, 2.784, 21.278]
- Matrix:
  0.931 -0.365  0.027  6.937
  0.362  0.930  0.065 10.124
 -0.049 -0.051  0.998 -1.300
  0.000  0.000  0.000  1.000
At time 1779613330.59179544
- Translation: [6.947, 10.132, -1.302]
- Rotation: in Quaternion (xyzw) [-0.029, 0.015, 0.185, 0.982]
- Rotation: in RPY (radian) [-0.052, 0.040, 0.371]
- Rotation: in RPY (degree) [-2.966, 2.279, 21.237]
- Matrix:
  0.931 -0.364  0.018  6.947
  0.362  0.930  0.063 10.132
 -0.040 -0.052  0.998 -1.302
  0.000  0.000  0.000  1.000
At time 1779613331.58803558
- Translation: [6.912, 10.181, -1.264]
- Rotation: in Quaternion (xyzw) [-0.019, 0.033, 0.299, 0.953]
- Rotation: in RPY (radian) [-0.016, 0.075, 0.608]
- Rotation: in RPY (degree) [-0.925, 4.297, 34.829]
- Matrix:
  0.819 -0.572  0.052  6.912
  0.570  0.820  0.056 10.181
 -0.075 -0.016  0.997 -1.264
  0.000  0.000  0.000  1.000
At time 1779613332.58823347
- Translation: [6.876, 10.272, -1.267]
- Rotation: in Quaternion (xyzw) [-0.019, 0.042, 0.622, 0.782]
- Rotation: in RPY (radian) [0.022, 0.089, 1.345]
- Rotation: in RPY (degree) [1.283, 5.117, 77.073]
- Matrix:
  0.223 -0.974  0.042  6.876
  0.971  0.226  0.082 10.272
 -0.089  0.022  0.996 -1.267
  0.000  0.000  0.000  1.000
At time 1779613333.58958292
- Translation: [6.884, 10.406, -1.261]
- Rotation: in Quaternion (xyzw) [-0.002, 0.024, 0.880, 0.474]
- Rotation: in RPY (radian) [0.041, 0.027, 2.154]
- Rotation: in RPY (degree) [2.321, 1.560, 123.432]
- Matrix:
 -0.551 -0.834  0.019  6.884
  0.834 -0.550  0.045 10.406
 -0.027  0.040  0.999 -1.261
  0.000  0.000  0.000  1.000
At time 1779613334.58908224
- Translation: [6.904, 10.300, -1.265]
- Rotation: in Quaternion (xyzw) [0.001, 0.009, 0.993, 0.120]
- Rotation: in RPY (radian) [0.019, 0.000, 2.902]
- Rotation: in RPY (degree) [1.086, 0.008, 166.246]
- Matrix:
 -0.971 -0.238  0.004  6.904
  0.238 -0.971  0.018 10.300
 -0.000  0.019  1.000 -1.265
  0.000  0.000  0.000  1.000
At time 1779613335.58956384
- Translation: [6.823, 10.257, -1.264]
- Rotation: in Quaternion (xyzw) [0.007, 0.012, 0.994, 0.108]
- Rotation: in RPY (radian) [0.025, -0.012, 2.925]
- Rotation: in RPY (degree) [1.422, -0.664, 167.601]
- Matrix:
 -0.977 -0.214  0.017  6.823
  0.215 -0.976  0.022 10.257
  0.012  0.025  1.000 -1.264
  0.000  0.000  0.000  1.000
At time 1779613336.59084653
- Translation: [6.719, 10.290, -1.264]
- Rotation: in Quaternion (xyzw) [0.015, 0.020, 0.992, 0.121]
- Rotation: in RPY (radian) [0.043, -0.025, 2.898]
- Rotation: in RPY (degree) [2.457, -1.461, 166.056]
- Matrix:
 -0.970 -0.240  0.035  6.719
  0.241 -0.970  0.035 10.290
  0.025  0.043  0.999 -1.264
  0.000  0.000  0.000  1.000
At time 1779613337.59154510
- Translation: [6.680, 10.317, -1.256]
- Rotation: in Quaternion (xyzw) [0.022, 0.023, 0.991, 0.126]
- Rotation: in RPY (radian) [0.051, -0.037, 2.887]
- Rotation: in RPY (degree) [2.902, -2.132, 165.407]
- Matrix:
 -0.967 -0.250  0.049  6.680
  0.252 -0.967  0.040 10.317
  0.037  0.051  0.998 -1.256
  0.000  0.000  0.000  1.000
At time 1779613338.59559345
- Translation: [6.687, 10.313, -1.254]
- Rotation: in Quaternion (xyzw) [0.022, 0.023, 0.991, 0.127]
- Rotation: in RPY (radian) [0.051, -0.037, 2.886]
- Rotation: in RPY (degree) [2.944, -2.136, 165.362]
- Matrix:
 -0.967 -0.251  0.049  6.687
  0.253 -0.967  0.040 10.313
  0.037  0.051  0.998 -1.254
  0.000  0.000  0.000  1.000
At time 1779613339.59394359
- Translation: [6.691, 10.302, -1.254]
- Rotation: in Quaternion (xyzw) [0.022, 0.023, 0.991, 0.127]
- Rotation: in RPY (radian) [0.052, -0.037, 2.886]
- Rotation: in RPY (degree) [2.952, -2.130, 165.344]
- Matrix:
 -0.967 -0.251  0.049  6.691
  0.253 -0.967  0.040 10.302
  0.037  0.051  0.998 -1.254
  0.000  0.000  0.000  1.000
At time 1779613340.59783697
- Translation: [6.651, 10.322, -1.255]
- Rotation: in Quaternion (xyzw) [0.021, 0.024, 0.992, 0.125]
- Rotation: in RPY (radian) [0.054, -0.036, 2.891]
- Rotation: in RPY (degree) [3.079, -2.091, 165.624]
- Matrix:
 -0.968 -0.246  0.049  6.651
  0.248 -0.968  0.043 10.322
  0.036  0.054  0.998 -1.255
  0.000  0.000  0.000  1.000
At time 1779613341.59543609
- Translation: [6.691, 10.305, -1.256]
- Rotation: in Quaternion (xyzw) [0.021, 0.024, 0.991, 0.128]
- Rotation: in RPY (radian) [0.054, -0.036, 2.885]
- Rotation: in RPY (degree) [3.085, -2.072, 165.286]
- Matrix:
 -0.967 -0.252  0.049  6.691
  0.254 -0.966  0.043 10.305
  0.036  0.054  0.998 -1.256
  0.000  0.000  0.000  1.000
At time 1779613342.59552431
- Translation: [6.681, 10.301, -1.257]
- Rotation: in Quaternion (xyzw) [0.022, 0.025, 0.991, 0.127]
- Rotation: in RPY (radian) [0.054, -0.038, 2.885]
- Rotation: in RPY (degree) [3.119, -2.159, 165.305]
- Matrix:
 -0.967 -0.251  0.050  6.681
  0.253 -0.966  0.043 10.301
  0.038  0.054  0.998 -1.257
  0.000  0.000  0.000  1.000
At time 1779613343.59638261
- Translation: [6.677, 10.303, -1.257]
- Rotation: in Quaternion (xyzw) [0.023, 0.024, 0.991, 0.128]
- Rotation: in RPY (radian) [0.054, -0.039, 2.883]
- Rotation: in RPY (degree) [3.115, -2.239, 165.175]
- Matrix:
 -0.966 -0.253  0.052  6.677
  0.256 -0.966  0.043 10.303
  0.039  0.054  0.998 -1.257
  0.000  0.000  0.000  1.000
At time 1779613344.60013532
- Translation: [6.714, 10.294, -1.253]
- Rotation: in Quaternion (xyzw) [0.022, 0.025, 0.991, 0.129]
- Rotation: in RPY (radian) [0.055, -0.037, 2.882]
- Rotation: in RPY (degree) [3.143, -2.120, 165.098]
- Matrix:
 -0.966 -0.255  0.050  6.714
  0.257 -0.965  0.043 10.294
  0.037  0.055  0.998 -1.253
  0.000  0.000  0.000  1.000
At time 1779613345.59671640
- Translation: [6.692, 10.291, -1.256]
- Rotation: in Quaternion (xyzw) [0.022, 0.025, 0.991, 0.129]
- Rotation: in RPY (radian) [0.055, -0.038, 2.881]
- Rotation: in RPY (degree) [3.130, -2.176, 165.054]
- Matrix:
 -0.965 -0.256  0.051  6.692
  0.258 -0.965  0.043 10.291
  0.038  0.055  0.998 -1.256
  0.000  0.000  0.000  1.000
At time 1779613346.59858322
- Translation: [6.669, 10.297, -1.258]
- Rotation: in Quaternion (xyzw) [0.022, 0.025, 0.991, 0.127]
- Rotation: in RPY (radian) [0.055, -0.038, 2.885]
- Rotation: in RPY (degree) [3.124, -2.185, 165.306]
- Matrix:
 -0.967 -0.251  0.051  6.669
  0.253 -0.966  0.043 10.297
  0.038  0.054  0.998 -1.258
  0.000  0.000  0.000  1.000
At time 1779613347.59954404
- Translation: [6.673, 10.297, -1.257]
- Rotation: in Quaternion (xyzw) [0.022, 0.024, 0.991, 0.127]
- Rotation: in RPY (radian) [0.054, -0.038, 2.885]
- Rotation: in RPY (degree) [3.104, -2.190, 165.291]
- Matrix:
 -0.967 -0.252  0.051  6.673
  0.254 -0.966  0.043 10.297
  0.038  0.054  0.998 -1.257
  0.000  0.000  0.000  1.000
At time 1779613348.59996604
- Translation: [6.671, 10.293, -1.256]
- Rotation: in Quaternion (xyzw) [0.022, 0.024, 0.991, 0.128]
- Rotation: in RPY (radian) [0.054, -0.038, 2.883]
- Rotation: in RPY (degree) [3.112, -2.196, 165.207]
- Matrix:
 -0.966 -0.253  0.051  6.671
  0.255 -0.966  0.043 10.293
  0.038  0.054  0.998 -1.256
  0.000  0.000  0.000  1.000
At time 1779613349.60079574
- Translation: [6.672, 10.297, -1.261]
- Rotation: in Quaternion (xyzw) [0.023, 0.024, 0.991, 0.127]
- Rotation: in RPY (radian) [0.054, -0.040, 2.886]
- Rotation: in RPY (degree) [3.078, -2.268, 165.339]
- Matrix:
 -0.967 -0.251  0.052  6.672
  0.253 -0.967  0.042 10.297
  0.040  0.054  0.998 -1.261
  0.000  0.000  0.000  1.000
At time 1779613350.60351371
- Translation: [6.670, 10.297, -1.257]
- Rotation: in Quaternion (xyzw) [0.023, 0.025, 0.991, 0.127]
- Rotation: in RPY (radian) [0.054, -0.039, 2.885]
- Rotation: in RPY (degree) [3.121, -2.225, 165.325]
- Matrix:
 -0.967 -0.251  0.051  6.670
  0.253 -0.966  0.043 10.297
  0.039  0.054  0.998 -1.257
  0.000  0.000  0.000  1.000
At time 1779613351.60312271
- Translation: [6.672, 10.297, -1.255]
- Rotation: in Quaternion (xyzw) [0.023, 0.024, 0.991, 0.127]
- Rotation: in RPY (radian) [0.054, -0.039, 2.886]
- Rotation: in RPY (degree) [3.083, -2.216, 165.353]
- Matrix:
 -0.967 -0.250  0.051  6.672
  0.253 -0.967  0.042 10.297
  0.039  0.054  0.998 -1.255
  0.000  0.000  0.000  1.000
At time 1779613352.60300588
- Translation: [6.667, 10.297, -1.254]
- Rotation: in Quaternion (xyzw) [0.023, 0.024, 0.991, 0.127]
- Rotation: in RPY (radian) [0.054, -0.039, 2.886]
- Rotation: in RPY (degree) [3.105, -2.226, 165.332]
- Matrix:
 -0.967 -0.251  0.051  6.667
  0.253 -0.967  0.043 10.297
  0.039  0.054  0.998 -1.254
  0.000  0.000  0.000  1.000
At time 1779613353.60472488
- Translation: [6.671, 10.295, -1.258]
- Rotation: in Quaternion (xyzw) [0.023, 0.024, 0.991, 0.127]
- Rotation: in RPY (radian) [0.054, -0.040, 2.886]
- Rotation: in RPY (degree) [3.087, -2.266, 165.333]
- Matrix:
 -0.967 -0.251  0.052  6.671
  0.253 -0.967  0.042 10.295
  0.040  0.054  0.998 -1.258
  0.000  0.000  0.000  1.000
At time 1779613354.60502529
- Translation: [6.668, 10.306, -1.256]
- Rotation: in Quaternion (xyzw) [0.023, 0.024, 0.991, 0.127]
- Rotation: in RPY (radian) [0.053, -0.040, 2.886]
- Rotation: in RPY (degree) [3.020, -2.303, 165.371]
- Matrix:
 -0.967 -0.250  0.052  6.668
  0.252 -0.967  0.041 10.306
  0.040  0.053  0.998 -1.256
  0.000  0.000  0.000  1.000
At time 1779613355.60717344
- Translation: [6.677, 10.297, -1.258]
- Rotation: in Quaternion (xyzw) [0.023, 0.024, 0.991, 0.128]
- Rotation: in RPY (radian) [0.053, -0.040, 2.884]
- Rotation: in RPY (degree) [3.037, -2.317, 165.257]
- Matrix:
 -0.966 -0.252  0.053  6.677
  0.254 -0.966  0.041 10.297
  0.040  0.053  0.998 -1.258
  0.000  0.000  0.000  1.000
At time 1779613356.60752630
- Translation: [6.669, 10.301, -1.254]
- Rotation: in Quaternion (xyzw) [0.023, 0.024, 0.991, 0.127]
- Rotation: in RPY (radian) [0.053, -0.039, 2.885]
- Rotation: in RPY (degree) [3.065, -2.255, 165.314]
- Matrix:
 -0.967 -0.251  0.052  6.669
  0.253 -0.966  0.042 10.301
  0.039  0.053  0.998 -1.254
  0.000  0.000  0.000  1.000
At time 1779613357.60685634
- Translation: [6.675, 10.304, -1.260]
- Rotation: in Quaternion (xyzw) [0.023, 0.024, 0.991, 0.127]
- Rotation: in RPY (radian) [0.054, -0.040, 2.885]
- Rotation: in RPY (degree) [3.083, -2.296, 165.310]
- Matrix:
 -0.967 -0.251  0.052  6.675
  0.253 -0.966  0.042 10.304
  0.040  0.054  0.998 -1.260
  0.000  0.000  0.000  1.000
At time 1779613358.60825347
- Translation: [6.678, 10.301, -1.257]
- Rotation: in Quaternion (xyzw) [0.023, 0.025, 0.991, 0.127]
- Rotation: in RPY (radian) [0.055, -0.039, 2.885]
- Rotation: in RPY (degree) [3.126, -2.243, 165.281]
- Matrix:
 -0.966 -0.252  0.052  6.678
  0.254 -0.966  0.043 10.301
  0.039  0.054  0.998 -1.257
  0.000  0.000  0.000  1.000
At time 1779613359.60910224
- Translation: [6.674, 10.294, -1.256]
- Rotation: in Quaternion (xyzw) [0.023, 0.025, 0.991, 0.128]
- Rotation: in RPY (radian) [0.054, -0.039, 2.884]
- Rotation: in RPY (degree) [3.121, -2.233, 165.255]
- Matrix:
 -0.966 -0.252  0.051  6.674
  0.254 -0.966  0.043 10.294
  0.039  0.054  0.998 -1.256
  0.000  0.000  0.000  1.000
At time 1779613360.61083555
- Translation: [6.669, 10.305, -1.257]
- Rotation: in Quaternion (xyzw) [0.023, 0.025, 0.991, 0.127]
- Rotation: in RPY (radian) [0.055, -0.039, 2.886]
- Rotation: in RPY (degree) [3.133, -2.228, 165.336]
- Matrix:
 -0.967 -0.251  0.051  6.669
  0.253 -0.967  0.043 10.305
  0.039  0.055  0.998 -1.257
  0.000  0.000  0.000  1.000
At time 1779613361.61395645
- Translation: [6.676, 10.296, -1.258]
- Rotation: in Quaternion (xyzw) [0.023, 0.024, 0.991, 0.128]
- Rotation: in RPY (radian) [0.054, -0.039, 2.885]
- Rotation: in RPY (degree) [3.084, -2.222, 165.281]
- Matrix:
 -0.966 -0.252  0.051  6.676
  0.254 -0.966  0.042 10.296
  0.039  0.054  0.998 -1.258
  0.000  0.000  0.000  1.000
At time 1779613362.61201333
- Translation: [6.681, 10.299, -1.259]
- Rotation: in Quaternion (xyzw) [0.023, 0.024, 0.991, 0.128]
- Rotation: in RPY (radian) [0.054, -0.039, 2.884]
- Rotation: in RPY (degree) [3.083, -2.242, 165.239]
- Matrix:
 -0.966 -0.252  0.051  6.681
  0.255 -0.966  0.042 10.299
  0.039  0.054  0.998 -1.259
  0.000  0.000  0.000  1.000
At time 1779613363.61145305
- Translation: [6.675, 10.299, -1.260]
- Rotation: in Quaternion (xyzw) [0.023, 0.024, 0.991, 0.128]
- Rotation: in RPY (radian) [0.054, -0.039, 2.884]
- Rotation: in RPY (degree) [3.077, -2.253, 165.253]
- Matrix:
 -0.966 -0.252  0.052  6.675
  0.254 -0.966  0.042 10.299
  0.039  0.054  0.998 -1.260
  0.000  0.000  0.000  1.000
At time 1779613364.61217546
- Translation: [6.667, 10.301, -1.256]
- Rotation: in Quaternion (xyzw) [0.023, 0.024, 0.991, 0.127]
- Rotation: in RPY (radian) [0.054, -0.039, 2.885]
- Rotation: in RPY (degree) [3.079, -2.215, 165.288]
- Matrix:
 -0.966 -0.252  0.051  6.667
  0.254 -0.966  0.042 10.301
  0.039  0.054  0.998 -1.256
  0.000  0.000  0.000  1.000
At time 1779613365.61292648
- Translation: [6.671, 10.291, -1.260]
- Rotation: in Quaternion (xyzw) [0.023, 0.024, 0.991, 0.128]
- Rotation: in RPY (radian) [0.054, -0.039, 2.883]
- Rotation: in RPY (degree) [3.086, -2.261, 165.203]
- Matrix:
 -0.966 -0.253  0.052  6.671
  0.255 -0.966  0.042 10.291
  0.039  0.054  0.998 -1.260
  0.000  0.000  0.000  1.000
At time 1779613366.61625719
- Translation: [6.676, 10.299, -1.258]
- Rotation: in Quaternion (xyzw) [0.023, 0.024, 0.991, 0.128]
- Rotation: in RPY (radian) [0.054, -0.039, 2.884]
- Rotation: in RPY (degree) [3.088, -2.230, 165.235]
- Matrix:
 -0.966 -0.252  0.051  6.676
  0.255 -0.966  0.042 10.299
  0.039  0.054  0.998 -1.258
  0.000  0.000  0.000  1.000
At time 1779613367.61455249
- Translation: [6.676, 10.301, -1.258]
- Rotation: in Quaternion (xyzw) [0.023, 0.024, 0.991, 0.127]
- Rotation: in RPY (radian) [0.054, -0.039, 2.886]
- Rotation: in RPY (degree) [3.073, -2.216, 165.355]
- Matrix:
 -0.967 -0.250  0.051  6.676
  0.253 -0.967  0.042 10.301
  0.039  0.054  0.998 -1.258
  0.000  0.000  0.000  1.000
At time 1779613368.61550617
- Translation: [6.645, 10.297, -1.253]
- Rotation: in Quaternion (xyzw) [0.022, 0.024, 0.992, 0.125]
- Rotation: in RPY (radian) [0.053, -0.038, 2.889]
- Rotation: in RPY (degree) [3.065, -2.191, 165.534]
- Matrix:
 -0.968 -0.247  0.050  6.645
  0.250 -0.967  0.042 10.297
  0.038  0.053  0.998 -1.253
  0.000  0.000  0.000  1.000
At time 1779613369.61592578
- Translation: [6.724, 10.283, -1.255]
- Rotation: in Quaternion (xyzw) [0.022, 0.024, 0.991, 0.128]
- Rotation: in RPY (radian) [0.054, -0.038, 2.883]
- Rotation: in RPY (degree) [3.076, -2.194, 165.173]
- Matrix:
 -0.966 -0.254  0.051  6.724
  0.256 -0.966  0.042 10.283
  0.038  0.054  0.998 -1.255
  0.000  0.000  0.000  1.000
At time 1779613370.61680555
- Translation: [6.688, 10.289, -1.255]
- Rotation: in Quaternion (xyzw) [0.023, 0.024, 0.991, 0.128]
- Rotation: in RPY (radian) [0.054, -0.039, 2.885]
- Rotation: in RPY (degree) [3.083, -2.207, 165.278]
- Matrix:
 -0.966 -0.252  0.051  6.688
  0.254 -0.966  0.042 10.289
  0.039  0.054  0.998 -1.255
  0.000  0.000  0.000  1.000
At time 1779613371.61755418
- Translation: [6.697, 10.291, -1.255]
- Rotation: in Quaternion (xyzw) [0.021, 0.024, 0.991, 0.128]
- Rotation: in RPY (radian) [0.052, -0.035, 2.884]
- Rotation: in RPY (degree) [3.007, -2.010, 165.254]
- Matrix:
 -0.966 -0.252  0.047  6.697
  0.254 -0.966  0.042 10.291
  0.035  0.052  0.998 -1.255
  0.000  0.000  0.000  1.000
At time 1779613372.61813592
- Translation: [6.708, 10.291, -1.256]
- Rotation: in Quaternion (xyzw) [0.023, 0.024, 0.991, 0.129]
- Rotation: in RPY (radian) [0.054, -0.040, 2.882]
- Rotation: in RPY (degree) [3.108, -2.270, 165.144]
- Matrix:
 -0.966 -0.254  0.052  6.708
  0.256 -0.966  0.042 10.291
  0.040  0.054  0.998 -1.256
  0.000  0.000  0.000  1.000
At time 1779613373.61891555
- Translation: [6.659, 10.317, -1.254]
- Rotation: in Quaternion (xyzw) [0.022, 0.024, 0.991, 0.126]
- Rotation: in RPY (radian) [0.054, -0.037, 2.887]
- Rotation: in RPY (degree) [3.093, -2.138, 165.415]
- Matrix:
 -0.967 -0.250  0.050  6.659
  0.252 -0.967  0.043 10.317
  0.037  0.054  0.998 -1.254
  0.000  0.000  0.000  1.000
At time 1779613374.61987400
- Translation: [6.657, 10.306, -1.255]
- Rotation: in Quaternion (xyzw) [0.023, 0.025, 0.991, 0.126]
- Rotation: in RPY (radian) [0.055, -0.040, 2.887]
- Rotation: in RPY (degree) [3.131, -2.309, 165.405]
- Matrix:
 -0.967 -0.249  0.053  6.657
  0.252 -0.967  0.043 10.306
  0.040  0.055  0.998 -1.255
  0.000  0.000  0.000  1.000
At time 1779613375.62079429
- Translation: [6.672, 10.300, -1.256]
- Rotation: in Quaternion (xyzw) [0.023, 0.024, 0.991, 0.127]
- Rotation: in RPY (radian) [0.054, -0.039, 2.885]
- Rotation: in RPY (degree) [3.107, -2.261, 165.305]
- Matrix:
 -0.967 -0.251  0.052  6.672
  0.253 -0.966  0.042 10.300
  0.039  0.054  0.998 -1.256
  0.000  0.000  0.000  1.000
At time 1779613376.62135696
- Translation: [6.670, 10.295, -1.257]
- Rotation: in Quaternion (xyzw) [0.023, 0.024, 0.991, 0.127]
- Rotation: in RPY (radian) [0.054, -0.040, 2.885]
- Rotation: in RPY (degree) [3.091, -2.283, 165.310]
- Matrix:
 -0.967 -0.251  0.052  6.670
  0.253 -0.966  0.042 10.295
  0.040  0.054  0.998 -1.257
  0.000  0.000  0.000  1.000
At time 1779613377.62204599
- Translation: [6.666, 10.297, -1.257]
- Rotation: in Quaternion (xyzw) [0.023, 0.024, 0.991, 0.127]
- Rotation: in RPY (radian) [0.054, -0.039, 2.886]
- Rotation: in RPY (degree) [3.080, -2.262, 165.348]
- Matrix:
 -0.967 -0.251  0.052  6.666
  0.253 -0.967  0.042 10.297
  0.039  0.054  0.998 -1.257
  0.000  0.000  0.000  1.000
At time 1779613378.62591552
- Translation: [6.669, 10.293, -1.254]
- Rotation: in Quaternion (xyzw) [0.023, 0.024, 0.991, 0.127]
- Rotation: in RPY (radian) [0.054, -0.039, 2.885]
- Rotation: in RPY (degree) [3.091, -2.245, 165.304]
- Matrix:
 -0.967 -0.251  0.052  6.669
  0.253 -0.966  0.042 10.293
  0.039  0.054  0.998 -1.254
  0.000  0.000  0.000  1.000
At time 1779613379.62686443
- Translation: [6.668, 10.299, -1.253]
- Rotation: in Quaternion (xyzw) [0.023, 0.024, 0.991, 0.127]
- Rotation: in RPY (radian) [0.054, -0.039, 2.886]
- Rotation: in RPY (degree) [3.097, -2.221, 165.333]
- Matrix:
 -0.967 -0.251  0.051  6.668
  0.253 -0.967  0.042 10.299
  0.039  0.054  0.998 -1.253
  0.000  0.000  0.000  1.000
At time 1779613380.62519550
- Translation: [6.674, 10.295, -1.256]
- Rotation: in Quaternion (xyzw) [0.023, 0.024, 0.991, 0.127]
- Rotation: in RPY (radian) [0.054, -0.039, 2.885]
- Rotation: in RPY (degree) [3.102, -2.259, 165.306]
- Matrix:
 -0.967 -0.251  0.052  6.674
  0.253 -0.966  0.042 10.295
  0.039  0.054  0.998 -1.256
  0.000  0.000  0.000  1.000
At time 1779613381.62509536
- Translation: [6.676, 10.293, -1.255]
- Rotation: in Quaternion (xyzw) [0.023, 0.024, 0.991, 0.128]
- Rotation: in RPY (radian) [0.054, -0.039, 2.885]
- Rotation: in RPY (degree) [3.114, -2.250, 165.279]
- Matrix:
 -0.966 -0.252  0.052  6.676
  0.254 -0.966  0.043 10.293
  0.039  0.054  0.998 -1.255
  0.000  0.000  0.000  1.000
At time 1779613382.62789440
- Translation: [6.673, 10.303, -1.256]
- Rotation: in Quaternion (xyzw) [0.023, 0.024, 0.991, 0.127]
- Rotation: in RPY (radian) [0.054, -0.039, 2.885]
- Rotation: in RPY (degree) [3.106, -2.247, 165.323]
- Matrix:
 -0.967 -0.251  0.052  6.673
  0.253 -0.966  0.042 10.303
  0.039  0.054  0.998 -1.256
  0.000  0.000  0.000  1.000
At time 1779613383.62673330
- Translation: [6.672, 10.298, -1.258]
- Rotation: in Quaternion (xyzw) [0.023, 0.024, 0.991, 0.127]
- Rotation: in RPY (radian) [0.054, -0.040, 2.885]
- Rotation: in RPY (degree) [3.101, -2.267, 165.313]
- Matrix:
 -0.967 -0.251  0.052  6.672
  0.253 -0.966  0.042 10.298
  0.040  0.054  0.998 -1.258
  0.000  0.000  0.000  1.000
At time 1779613384.62723636
- Translation: [6.673, 10.302, -1.255]
- Rotation: in Quaternion (xyzw) [0.023, 0.024, 0.991, 0.127]
- Rotation: in RPY (radian) [0.054, -0.039, 2.885]
- Rotation: in RPY (degree) [3.086, -2.240, 165.317]
- Matrix:
 -0.967 -0.251  0.051  6.673
  0.253 -0.966  0.042 10.302
  0.039  0.054  0.998 -1.255
  0.000  0.000  0.000  1.000
At time 1779613385.62816619
- Translation: [6.671, 10.294, -1.255]
- Rotation: in Quaternion (xyzw) [0.023, 0.024, 0.991, 0.127]
- Rotation: in RPY (radian) [0.054, -0.039, 2.885]
- Rotation: in RPY (degree) [3.095, -2.258, 165.324]
- Matrix:
 -0.967 -0.251  0.052  6.671
  0.253 -0.967  0.042 10.294
  0.039  0.054  0.998 -1.255
  0.000  0.000  0.000  1.000
At time 1779613386.62914371
- Translation: [6.670, 10.305, -1.256]
- Rotation: in Quaternion (xyzw) [0.023, 0.024, 0.991, 0.127]
- Rotation: in RPY (radian) [0.054, -0.039, 2.886]
- Rotation: in RPY (degree) [3.117, -2.243, 165.362]
- Matrix:
 -0.967 -0.250  0.052  6.670
  0.253 -0.967  0.043 10.305
  0.039  0.054  0.998 -1.256
  0.000  0.000  0.000  1.000
At time 1779613387.62952280
- Translation: [6.669, 10.305, -1.255]
- Rotation: in Quaternion (xyzw) [0.023, 0.024, 0.991, 0.127]
- Rotation: in RPY (radian) [0.054, -0.039, 2.886]
- Rotation: in RPY (degree) [3.105, -2.235, 165.368]
- Matrix:
 -0.967 -0.250  0.051  6.669
  0.252 -0.967  0.043 10.305
  0.039  0.054  0.998 -1.255
  0.000  0.000  0.000  1.000
At time 1779613388.63046693
- Translation: [6.669, 10.296, -1.257]
- Rotation: in Quaternion (xyzw) [0.023, 0.024, 0.991, 0.127]
- Rotation: in RPY (radian) [0.054, -0.039, 2.885]
- Rotation: in RPY (degree) [3.108, -2.259, 165.326]
- Matrix:
 -0.967 -0.251  0.052  6.669
  0.253 -0.966  0.042 10.296
  0.039  0.054  0.998 -1.257
  0.000  0.000  0.000  1.000
At time 1779613389.63140630
- Translation: [6.670, 10.301, -1.255]
- Rotation: in Quaternion (xyzw) [0.023, 0.024, 0.991, 0.127]
- Rotation: in RPY (radian) [0.054, -0.039, 2.886]
- Rotation: in RPY (degree) [3.102, -2.220, 165.331]
- Matrix:
 -0.967 -0.251  0.051  6.670
  0.253 -0.967  0.043 10.301
  0.039  0.054  0.998 -1.255
  0.000  0.000  0.000  1.000
At time 1779613390.63193321
- Translation: [6.673, 10.300, -1.255]
- Rotation: in Quaternion (xyzw) [0.023, 0.024, 0.991, 0.127]
- Rotation: in RPY (radian) [0.054, -0.039, 2.885]
- Rotation: in RPY (degree) [3.082, -2.244, 165.323]
- Matrix:
 -0.967 -0.251  0.051  6.673
  0.253 -0.967  0.042 10.300
  0.039  0.054  0.998 -1.255
  0.000  0.000  0.000  1.000
At time 1779613391.63468217
- Translation: [6.671, 10.300, -1.256]
- Rotation: in Quaternion (xyzw) [0.023, 0.024, 0.991, 0.127]
- Rotation: in RPY (radian) [0.054, -0.039, 2.886]
- Rotation: in RPY (degree) [3.116, -2.241, 165.361]
- Matrix:
 -0.967 -0.250  0.052  6.671
  0.253 -0.967  0.043 10.300
  0.039  0.054  0.998 -1.256
  0.000  0.000  0.000  1.000
At time 1779613392.63926696
- Translation: [6.676, 10.307, -1.259]
- Rotation: in Quaternion (xyzw) [0.023, 0.024, 0.991, 0.127]
- Rotation: in RPY (radian) [0.054, -0.040, 2.886]
- Rotation: in RPY (degree) [3.092, -2.279, 165.332]
- Matrix:
 -0.967 -0.251  0.052  6.676
  0.253 -0.967  0.042 10.307
  0.040  0.054  0.998 -1.259
  0.000  0.000  0.000  1.000
At time 1779613393.63513517
- Translation: [6.672, 10.292, -1.259]
- Rotation: in Quaternion (xyzw) [0.023, 0.024, 0.991, 0.127]
- Rotation: in RPY (radian) [0.054, -0.040, 2.885]
- Rotation: in RPY (degree) [3.098, -2.279, 165.310]
- Matrix:
 -0.967 -0.251  0.052  6.672
  0.253 -0.966  0.042 10.292
  0.040  0.054  0.998 -1.259
  0.000  0.000  0.000  1.000
At time 1779613394.63487529
- Translation: [6.675, 10.295, -1.259]
- Rotation: in Quaternion (xyzw) [0.023, 0.024, 0.991, 0.127]
- Rotation: in RPY (radian) [0.054, -0.040, 2.885]
- Rotation: in RPY (degree) [3.112, -2.265, 165.297]
- Matrix:
 -0.966 -0.251  0.052  6.675
  0.254 -0.966  0.042 10.295
  0.040  0.054  0.998 -1.259
  0.000  0.000  0.000  1.000
At time 1779613395.63574314
- Translation: [6.671, 10.304, -1.256]
- Rotation: in Quaternion (xyzw) [0.023, 0.024, 0.991, 0.127]
- Rotation: in RPY (radian) [0.054, -0.039, 2.886]
- Rotation: in RPY (degree) [3.117, -2.236, 165.347]
- Matrix:
 -0.967 -0.251  0.051  6.671
  0.253 -0.967  0.043 10.304
  0.039  0.054  0.998 -1.256
  0.000  0.000  0.000  1.000
At time 1779613396.63659667
- Translation: [6.670, 10.300, -1.257]
- Rotation: in Quaternion (xyzw) [0.023, 0.024, 0.991, 0.127]
- Rotation: in RPY (radian) [0.054, -0.039, 2.886]
- Rotation: in RPY (degree) [3.119, -2.252, 165.361]
- Matrix:
 -0.967 -0.250  0.052  6.670
  0.253 -0.967  0.043 10.300
  0.039  0.054  0.998 -1.257
  0.000  0.000  0.000  1.000
At time 1779613397.63732624
- Translation: [6.676, 10.295, -1.256]
- Rotation: in Quaternion (xyzw) [0.023, 0.025, 0.991, 0.127]
- Rotation: in RPY (radian) [0.055, -0.039, 2.885]
- Rotation: in RPY (degree) [3.128, -2.231, 165.282]
- Matrix:
 -0.966 -0.252  0.051  6.676
  0.254 -0.966  0.043 10.295
  0.039  0.055  0.998 -1.256
  0.000  0.000  0.000  1.000
At time 1779613398.63816547
- Translation: [6.667, 10.300, -1.255]
- Rotation: in Quaternion (xyzw) [0.023, 0.025, 0.991, 0.127]
- Rotation: in RPY (radian) [0.054, -0.039, 2.887]
- Rotation: in RPY (degree) [3.116, -2.220, 165.386]
- Matrix:
 -0.967 -0.250  0.051  6.667
  0.252 -0.967  0.043 10.300
  0.039  0.054  0.998 -1.255
  0.000  0.000  0.000  1.000
At time 1779613399.64296245
- Translation: [6.675, 10.298, -1.256]
- Rotation: in Quaternion (xyzw) [0.023, 0.024, 0.991, 0.127]
- Rotation: in RPY (radian) [0.054, -0.039, 2.885]
- Rotation: in RPY (degree) [3.100, -2.254, 165.294]
- Matrix:
 -0.966 -0.251  0.052  6.675
  0.254 -0.966  0.042 10.298
  0.039  0.054  0.998 -1.256
  0.000  0.000  0.000  1.000
At time 1779613400.63943624
- Translation: [6.671, 10.301, -1.256]
- Rotation: in Quaternion (xyzw) [0.023, 0.024, 0.991, 0.127]
- Rotation: in RPY (radian) [0.054, -0.039, 2.886]
- Rotation: in RPY (degree) [3.097, -2.242, 165.329]
- Matrix:
 -0.967 -0.251  0.051  6.671
  0.253 -0.967  0.042 10.301
  0.039  0.054  0.998 -1.256
  0.000  0.000  0.000  1.000
At time 1779613401.64271450
- Translation: [6.674, 10.298, -1.258]
- Rotation: in Quaternion (xyzw) [0.023, 0.024, 0.991, 0.127]
- Rotation: in RPY (radian) [0.054, -0.039, 2.885]
- Rotation: in RPY (degree) [3.102, -2.258, 165.307]
- Matrix:
 -0.967 -0.251  0.052  6.674
  0.253 -0.966  0.042 10.298
  0.039  0.054  0.998 -1.258
  0.000  0.000  0.000  1.000
At time 1779613402.64112424
- Translation: [6.674, 10.303, -1.257]
- Rotation: in Quaternion (xyzw) [0.023, 0.024, 0.991, 0.127]
- Rotation: in RPY (radian) [0.054, -0.039, 2.886]
- Rotation: in RPY (degree) [3.114, -2.241, 165.333]
- Matrix:
 -0.967 -0.251  0.052  6.674
  0.253 -0.967  0.043 10.303
  0.039  0.054  0.998 -1.257
  0.000  0.000  0.000  1.000
At time 1779613403.64330339
- Translation: [6.672, 10.303, -1.257]
- Rotation: in Quaternion (xyzw) [0.023, 0.024, 0.991, 0.127]
- Rotation: in RPY (radian) [0.054, -0.040, 2.885]
- Rotation: in RPY (degree) [3.102, -2.265, 165.305]
- Matrix:
 -0.967 -0.251  0.052  6.672
  0.253 -0.966  0.042 10.303
  0.040  0.054  0.998 -1.257
  0.000  0.000  0.000  1.000
At time 1779613404.64254760
- Translation: [6.677, 10.296, -1.257]
- Rotation: in Quaternion (xyzw) [0.023, 0.025, 0.991, 0.127]
- Rotation: in RPY (radian) [0.055, -0.039, 2.885]
- Rotation: in RPY (degree) [3.128, -2.238, 165.289]
- Matrix:
 -0.966 -0.251  0.052  6.677
  0.254 -0.966  0.043 10.296
  0.039  0.055  0.998 -1.257
  0.000  0.000  0.000  1.000
At time 1779613405.64343452
- Translation: [6.671, 10.299, -1.257]
- Rotation: in Quaternion (xyzw) [0.023, 0.024, 0.991, 0.127]
- Rotation: in RPY (radian) [0.054, -0.040, 2.885]
- Rotation: in RPY (degree) [3.101, -2.267, 165.317]
- Matrix:
 -0.967 -0.251  0.052  6.671
  0.253 -0.966  0.042 10.299
  0.040  0.054  0.998 -1.257
  0.000  0.000  0.000  1.000
At time 1779613406.64486503
- Translation: [6.673, 10.299, -1.256]
- Rotation: in Quaternion (xyzw) [0.023, 0.024, 0.991, 0.127]
- Rotation: in RPY (radian) [0.054, -0.039, 2.886]
- Rotation: in RPY (degree) [3.082, -2.245, 165.335]
- Matrix:
 -0.967 -0.251  0.051  6.673
  0.253 -0.967  0.042 10.299
  0.039  0.054  0.998 -1.256
  0.000  0.000  0.000  1.000
At time 1779613407.64483404
- Translation: [6.669, 10.293, -1.254]
- Rotation: in Quaternion (xyzw) [0.023, 0.024, 0.991, 0.127]
- Rotation: in RPY (radian) [0.054, -0.039, 2.886]
- Rotation: in RPY (degree) [3.109, -2.219, 165.353]
- Matrix:
 -0.967 -0.250  0.051  6.669
  0.253 -0.967  0.043 10.293
  0.039  0.054  0.998 -1.254
  0.000  0.000  0.000  1.000
At time 1779613408.64554691
- Translation: [6.672, 10.295, -1.258]
- Rotation: in Quaternion (xyzw) [0.023, 0.024, 0.991, 0.127]
- Rotation: in RPY (radian) [0.054, -0.040, 2.885]
- Rotation: in RPY (degree) [3.098, -2.271, 165.295]
- Matrix:
 -0.966 -0.251  0.052  6.672
  0.254 -0.966  0.042 10.295
  0.040  0.054  0.998 -1.258
  0.000  0.000  0.000  1.000
At time 1779613409.65012454
- Translation: [6.668, 10.302, -1.256]
- Rotation: in Quaternion (xyzw) [0.023, 0.024, 0.991, 0.127]
- Rotation: in RPY (radian) [0.054, -0.039, 2.886]
- Rotation: in RPY (degree) [3.105, -2.242, 165.373]
- Matrix:
 -0.967 -0.250  0.051  6.668
  0.252 -0.967  0.043 10.302
  0.039  0.054  0.998 -1.256
  0.000  0.000  0.000  1.000
At time 1779613410.64756393
- Translation: [6.671, 10.301, -1.259]
- Rotation: in Quaternion (xyzw) [0.023, 0.024, 0.991, 0.127]
- Rotation: in RPY (radian) [0.054, -0.040, 2.886]
- Rotation: in RPY (degree) [3.100, -2.270, 165.334]
- Matrix:
 -0.967 -0.251  0.052  6.671
  0.253 -0.967  0.042 10.301
  0.040  0.054  0.998 -1.259
  0.000  0.000  0.000  1.000
At time 1779613411.64792394
- Translation: [6.670, 10.294, -1.257]
- Rotation: in Quaternion (xyzw) [0.023, 0.024, 0.991, 0.127]
- Rotation: in RPY (radian) [0.054, -0.039, 2.885]
- Rotation: in RPY (degree) [3.096, -2.257, 165.313]
- Matrix:
 -0.967 -0.251  0.052  6.670
  0.253 -0.966  0.042 10.294
  0.039  0.054  0.998 -1.257
  0.000  0.000  0.000  1.000
At time 1779613412.64858675
- Translation: [6.674, 10.298, -1.255]
- Rotation: in Quaternion (xyzw) [0.023, 0.024, 0.991, 0.127]
- Rotation: in RPY (radian) [0.054, -0.039, 2.885]
- Rotation: in RPY (degree) [3.104, -2.234, 165.319]
- Matrix:
 -0.967 -0.251  0.051  6.674
  0.253 -0.966  0.043 10.298
  0.039  0.054  0.998 -1.255
  0.000  0.000  0.000  1.000
At time 1779613413.64972639
- Translation: [6.675, 10.300, -1.255]
- Rotation: in Quaternion (xyzw) [0.023, 0.024, 0.991, 0.128]
- Rotation: in RPY (radian) [0.054, -0.039, 2.885]
- Rotation: in RPY (degree) [3.113, -2.222, 165.278]
- Matrix:
 -0.966 -0.252  0.051  6.675
  0.254 -0.966  0.043 10.300
  0.039  0.054  0.998 -1.255
  0.000  0.000  0.000  1.000
At time 1779613414.65239667
- Translation: [6.673, 10.301, -1.255]
- Rotation: in Quaternion (xyzw) [0.023, 0.024, 0.991, 0.127]
- Rotation: in RPY (radian) [0.054, -0.039, 2.885]
- Rotation: in RPY (degree) [3.105, -2.232, 165.314]
- Matrix:
 -0.967 -0.251  0.051  6.673
  0.253 -0.966  0.043 10.301
  0.039  0.054  0.998 -1.255
  0.000  0.000  0.000  1.000
At time 1779613415.65088272
- Translation: [6.674, 10.299, -1.257]
- Rotation: in Quaternion (xyzw) [0.023, 0.024, 0.991, 0.127]
- Rotation: in RPY (radian) [0.054, -0.039, 2.885]
- Rotation: in RPY (degree) [3.105, -2.245, 165.304]
- Matrix:
 -0.967 -0.251  0.052  6.674
  0.253 -0.966  0.042 10.299
  0.039  0.054  0.998 -1.257
  0.000  0.000  0.000  1.000
At time 1779613416.65067529
- Translation: [6.669, 10.299, -1.257]
- Rotation: in Quaternion (xyzw) [0.023, 0.024, 0.991, 0.127]
- Rotation: in RPY (radian) [0.054, -0.040, 2.886]
- Rotation: in RPY (degree) [3.088, -2.270, 165.365]
- Matrix:
 -0.967 -0.250  0.052  6.669
  0.252 -0.967  0.042 10.299
  0.040  0.054  0.998 -1.257
  0.000  0.000  0.000  1.000
At time 1779613417.65372467
- Translation: [6.665, 10.295, -1.255]
- Rotation: in Quaternion (xyzw) [0.023, 0.024, 0.991, 0.127]
- Rotation: in RPY (radian) [0.054, -0.039, 2.885]
- Rotation: in RPY (degree) [3.100, -2.234, 165.316]
- Matrix:
 -0.967 -0.251  0.051  6.665
  0.253 -0.966  0.042 10.295
  0.039  0.054  0.998 -1.255
  0.000  0.000  0.000  1.000
At time 1779613418.65325498
- Translation: [6.676, 10.298, -1.256]
- Rotation: in Quaternion (xyzw) [0.023, 0.024, 0.991, 0.127]
- Rotation: in RPY (radian) [0.054, -0.040, 2.885]
- Rotation: in RPY (degree) [3.083, -2.273, 165.283]
- Matrix:
 -0.966 -0.252  0.052  6.676
  0.254 -0.966  0.042 10.298
  0.040  0.054  0.998 -1.256
  0.000  0.000  0.000  1.000
At time 1779613419.65389394
- Translation: [6.671, 10.300, -1.256]
- Rotation: in Quaternion (xyzw) [0.023, 0.024, 0.991, 0.127]
- Rotation: in RPY (radian) [0.054, -0.039, 2.886]
- Rotation: in RPY (degree) [3.094, -2.252, 165.349]
- Matrix:
 -0.967 -0.251  0.052  6.671
  0.253 -0.967  0.042 10.300
  0.039  0.054  0.998 -1.256
  0.000  0.000  0.000  1.000
At time 1779613420.65497636
- Translation: [6.671, 10.302, -1.255]
- Rotation: in Quaternion (xyzw) [0.023, 0.024, 0.991, 0.127]
- Rotation: in RPY (radian) [0.054, -0.039, 2.886]
- Rotation: in RPY (degree) [3.084, -2.251, 165.341]
- Matrix:
 -0.967 -0.251  0.052  6.671
  0.253 -0.967  0.042 10.302
  0.039  0.054  0.998 -1.255
  0.000  0.000  0.000  1.000
[INFO] [1779613421.090748335] [rclcpp]: signal_handler(SIGINT/SIGTERM)
