# command: ros2 run tf2_ros tf2_echo odom base_footprint
# started: 2026-05-24 16:52:53 +0800
[INFO] [1779612775.451296923] [tf2_echo]: Waiting for transform odom ->  base_footprint: Invalid frame ID "odom" passed to canTransform argument target_frame - frame does not exist
[INFO] [1779612777.036492725] [tf2_echo]: Waiting for transform odom ->  base_footprint: Invalid frame ID "base_footprint" passed to canTransform argument source_frame - frame does not exist
[INFO] [1779612778.047488843] [tf2_echo]: Waiting for transform odom ->  base_footprint: Invalid frame ID "base_footprint" passed to canTransform argument source_frame - frame does not exist
At time 1779612777.562131643
- Translation: [-0.202, 0.105, -1.239]
- Rotation: in Quaternion (xyzw) [0.015, 0.041, 0.003, 0.999]
- Rotation: in RPY (radian) [0.031, 0.081, 0.008]
- Rotation: in RPY (degree) [1.764, 4.660, 0.473]
- Matrix:
  0.997 -0.006  0.081 -0.202
  0.008  1.000 -0.030  0.105
 -0.081  0.031  0.996 -1.239
  0.000  0.000  0.000  1.000
At time 1779612778.659354448
- Translation: [-0.206, 0.111, -1.237]
- Rotation: in Quaternion (xyzw) [0.016, 0.041, 0.003, 0.999]
- Rotation: in RPY (radian) [0.032, 0.081, 0.008]
- Rotation: in RPY (degree) [1.812, 4.664, 0.453]
- Matrix:
  0.997 -0.005  0.082 -0.206
  0.008  0.999 -0.031  0.111
 -0.081  0.032  0.996 -1.237
  0.000  0.000  0.000  1.000
At time 1779612780.567228555
- Translation: [-0.207, 0.110, -1.237]
- Rotation: in Quaternion (xyzw) [0.015, 0.041, 0.003, 0.999]
- Rotation: in RPY (radian) [0.031, 0.082, 0.008]
- Rotation: in RPY (degree) [1.773, 4.686, 0.452]
- Matrix:
  0.997 -0.005  0.082 -0.207
  0.008  1.000 -0.030  0.110
 -0.082  0.031  0.996 -1.237
  0.000  0.000  0.000  1.000
At time 1779612781.865005493
- Translation: [-0.205, 0.108, -1.236]
- Rotation: in Quaternion (xyzw) [0.015, 0.041, 0.003, 0.999]
- Rotation: in RPY (radian) [0.030, 0.082, 0.008]
- Rotation: in RPY (degree) [1.735, 4.684, 0.445]
- Matrix:
  0.997 -0.005  0.082 -0.205
  0.008  1.000 -0.030  0.108
 -0.082  0.030  0.996 -1.236
  0.000  0.000  0.000  1.000
At time 1779612782.865689516
- Translation: [-0.206, 0.111, -1.238]
- Rotation: in Quaternion (xyzw) [0.015, 0.041, 0.004, 0.999]
- Rotation: in RPY (radian) [0.031, 0.081, 0.008]
- Rotation: in RPY (degree) [1.754, 4.664, 0.474]
- Matrix:
  0.997 -0.006  0.082 -0.206
  0.008  1.000 -0.030  0.111
 -0.081  0.031  0.996 -1.238
  0.000  0.000  0.000  1.000
At time 1779612783.867218255
- Translation: [-0.204, 0.110, -1.238]
- Rotation: in Quaternion (xyzw) [0.015, 0.041, 0.003, 0.999]
- Rotation: in RPY (radian) [0.031, 0.081, 0.008]
- Rotation: in RPY (degree) [1.787, 4.663, 0.461]
- Matrix:
  0.997 -0.006  0.082 -0.204
  0.008  1.000 -0.031  0.110
 -0.081  0.031  0.996 -1.238
  0.000  0.000  0.000  1.000
At time 1779612784.868732690
- Translation: [-0.206, 0.109, -1.238]
- Rotation: in Quaternion (xyzw) [0.015, 0.041, 0.003, 0.999]
- Rotation: in RPY (radian) [0.031, 0.081, 0.008]
- Rotation: in RPY (degree) [1.775, 4.661, 0.466]
- Matrix:
  0.997 -0.006  0.081 -0.206
  0.008  1.000 -0.030  0.109
 -0.081  0.031  0.996 -1.238
  0.000  0.000  0.000  1.000
At time 1779612785.870264530
- Translation: [-0.207, 0.110, -1.237]
- Rotation: in Quaternion (xyzw) [0.015, 0.041, 0.003, 0.999]
- Rotation: in RPY (radian) [0.031, 0.081, 0.008]
- Rotation: in RPY (degree) [1.782, 4.658, 0.470]
- Matrix:
  0.997 -0.006  0.081 -0.207
  0.008  1.000 -0.030  0.110
 -0.081  0.031  0.996 -1.237
  0.000  0.000  0.000  1.000
At time 1779612786.871911525
- Translation: [-0.205, 0.107, -1.238]
- Rotation: in Quaternion (xyzw) [0.015, 0.041, 0.003, 0.999]
- Rotation: in RPY (radian) [0.031, 0.081, 0.008]
- Rotation: in RPY (degree) [1.754, 4.662, 0.441]
- Matrix:
  0.997 -0.005  0.081 -0.205
  0.008  1.000 -0.030  0.107
 -0.081  0.030  0.996 -1.238
  0.000  0.000  0.000  1.000
At time 1779612787.873459339
- Translation: [-0.204, 0.110, -1.238]
- Rotation: in Quaternion (xyzw) [0.015, 0.041, 0.003, 0.999]
- Rotation: in RPY (radian) [0.031, 0.081, 0.008]
- Rotation: in RPY (degree) [1.785, 4.654, 0.456]
- Matrix:
  0.997 -0.005  0.081 -0.204
  0.008  1.000 -0.030  0.110
 -0.081  0.031  0.996 -1.238
  0.000  0.000  0.000  1.000
At time 1779612788.874834537
- Translation: [-0.206, 0.110, -1.236]
- Rotation: in Quaternion (xyzw) [0.016, 0.041, 0.003, 0.999]
- Rotation: in RPY (radian) [0.031, 0.082, 0.008]
- Rotation: in RPY (degree) [1.802, 4.680, 0.467]
- Matrix:
  0.997 -0.006  0.082 -0.206
  0.008  0.999 -0.031  0.110
 -0.082  0.031  0.996 -1.236
  0.000  0.000  0.000  1.000
At time 1779612789.877677679
- Translation: [-0.204, 0.107, -1.238]
- Rotation: in Quaternion (xyzw) [0.015, 0.041, 0.003, 0.999]
- Rotation: in RPY (radian) [0.031, 0.081, 0.008]
- Rotation: in RPY (degree) [1.789, 4.661, 0.442]
- Matrix:
  0.997 -0.005  0.081 -0.204
  0.008  1.000 -0.031  0.107
 -0.081  0.031  0.996 -1.238
  0.000  0.000  0.000  1.000
At time 1779612790.877889394
- Translation: [-0.204, 0.111, -1.238]
- Rotation: in Quaternion (xyzw) [0.016, 0.041, 0.004, 0.999]
- Rotation: in RPY (radian) [0.032, 0.081, 0.008]
- Rotation: in RPY (degree) [1.827, 4.640, 0.476]
- Matrix:
  0.997 -0.006  0.081 -0.204
  0.008  0.999 -0.031  0.111
 -0.081  0.032  0.996 -1.238
  0.000  0.000  0.000  1.000
At time 1779612791.879386425
- Translation: [-0.205, 0.108, -1.239]
- Rotation: in Quaternion (xyzw) [0.016, 0.041, 0.004, 0.999]
- Rotation: in RPY (radian) [0.032, 0.081, 0.009]
- Rotation: in RPY (degree) [1.806, 4.643, 0.505]
- Matrix:
  0.997 -0.006  0.081 -0.205
  0.009  0.999 -0.031  0.108
 -0.081  0.031  0.996 -1.239
  0.000  0.000  0.000  1.000
At time 1779612792.880922555
- Translation: [-0.204, 0.108, -1.239]
- Rotation: in Quaternion (xyzw) [0.015, 0.041, 0.003, 0.999]
- Rotation: in RPY (radian) [0.031, 0.081, 0.008]
- Rotation: in RPY (degree) [1.778, 4.650, 0.469]
- Matrix:
  0.997 -0.006  0.081 -0.204
  0.008  1.000 -0.030  0.108
 -0.081  0.031  0.996 -1.239
  0.000  0.000  0.000  1.000
At time 1779612793.882508516
- Translation: [-0.204, 0.107, -1.239]
- Rotation: in Quaternion (xyzw) [0.016, 0.041, 0.004, 0.999]
- Rotation: in RPY (radian) [0.031, 0.081, 0.009]
- Rotation: in RPY (degree) [1.799, 4.646, 0.503]
- Matrix:
  0.997 -0.006  0.081 -0.204
  0.009  0.999 -0.031  0.107
 -0.081  0.031  0.996 -1.239
  0.000  0.000  0.000  1.000
At time 1779612794.884069442
- Translation: [-0.204, 0.111, -1.237]
- Rotation: in Quaternion (xyzw) [0.015, 0.041, 0.003, 0.999]
- Rotation: in RPY (radian) [0.031, 0.081, 0.008]
- Rotation: in RPY (degree) [1.761, 4.668, 0.455]
- Matrix:
  0.997 -0.005  0.082 -0.204
  0.008  1.000 -0.030  0.111
 -0.081  0.031  0.996 -1.237
  0.000  0.000  0.000  1.000
At time 1779612795.885498285
- Translation: [-0.205, 0.109, -1.238]
- Rotation: in Quaternion (xyzw) [0.015, 0.041, 0.003, 0.999]
- Rotation: in RPY (radian) [0.031, 0.081, 0.008]
- Rotation: in RPY (degree) [1.766, 4.652, 0.456]
- Matrix:
  0.997 -0.005  0.081 -0.205
  0.008  1.000 -0.030  0.109
 -0.081  0.031  0.996 -1.238
  0.000  0.000  0.000  1.000
At time 1779612796.887025594
- Translation: [-0.206, 0.111, -1.239]
- Rotation: in Quaternion (xyzw) [0.015, 0.041, 0.004, 0.999]
- Rotation: in RPY (radian) [0.031, 0.081, 0.008]
- Rotation: in RPY (degree) [1.762, 4.643, 0.481]
- Matrix:
  0.997 -0.006  0.081 -0.206
  0.008  1.000 -0.030  0.111
 -0.081  0.031  0.996 -1.239
  0.000  0.000  0.000  1.000
At time 1779612797.888666629
- Translation: [-0.204, 0.110, -1.237]
- Rotation: in Quaternion (xyzw) [0.015, 0.041, 0.004, 0.999]
- Rotation: in RPY (radian) [0.031, 0.081, 0.008]
- Rotation: in RPY (degree) [1.771, 4.662, 0.475]
- Matrix:
  0.997 -0.006  0.081 -0.204
  0.008  1.000 -0.030  0.110
 -0.081  0.031  0.996 -1.237
  0.000  0.000  0.000  1.000
At time 1779612798.890571355
- Translation: [-0.204, 0.111, -1.237]
- Rotation: in Quaternion (xyzw) [0.015, 0.041, 0.003, 0.999]
- Rotation: in RPY (radian) [0.031, 0.081, 0.008]
- Rotation: in RPY (degree) [1.780, 4.662, 0.450]
- Matrix:
  0.997 -0.005  0.081 -0.204
  0.008  1.000 -0.030  0.111
 -0.081  0.031  0.996 -1.237
  0.000  0.000  0.000  1.000
At time 1779612799.891594409
- Translation: [-0.204, 0.108, -1.240]
- Rotation: in Quaternion (xyzw) [0.015, 0.041, 0.004, 0.999]
- Rotation: in RPY (radian) [0.031, 0.081, 0.009]
- Rotation: in RPY (degree) [1.789, 4.636, 0.492]
- Matrix:
  0.997 -0.006  0.081 -0.204
  0.009  0.999 -0.031  0.108
 -0.081  0.031  0.996 -1.240
  0.000  0.000  0.000  1.000
At time 1779612800.893294572
- Translation: [-0.204, 0.110, -1.239]
- Rotation: in Quaternion (xyzw) [0.015, 0.041, 0.003, 0.999]
- Rotation: in RPY (radian) [0.031, 0.081, 0.008]
- Rotation: in RPY (degree) [1.766, 4.651, 0.455]
- Matrix:
  0.997 -0.005  0.081 -0.204
  0.008  1.000 -0.030  0.110
 -0.081  0.031  0.996 -1.239
  0.000  0.000  0.000  1.000
At time 1779612801.894763469
- Translation: [-0.203, 0.109, -1.239]
- Rotation: in Quaternion (xyzw) [0.015, 0.041, 0.004, 0.999]
- Rotation: in RPY (radian) [0.031, 0.081, 0.008]
- Rotation: in RPY (degree) [1.796, 4.649, 0.479]
- Matrix:
  0.997 -0.006  0.081 -0.203
  0.008  0.999 -0.031  0.109
 -0.081  0.031  0.996 -1.239
  0.000  0.000  0.000  1.000
At time 1779612802.896253347
- Translation: [-0.204, 0.109, -1.237]
- Rotation: in Quaternion (xyzw) [0.015, 0.041, 0.004, 0.999]
- Rotation: in RPY (radian) [0.031, 0.082, 0.008]
- Rotation: in RPY (degree) [1.797, 4.675, 0.482]
- Matrix:
  0.997 -0.006  0.082 -0.204
  0.008  0.999 -0.031  0.109
 -0.081  0.031  0.996 -1.237
  0.000  0.000  0.000  1.000
At time 1779612803.897703409
- Translation: [-0.203, 0.106, -1.238]
- Rotation: in Quaternion (xyzw) [0.015, 0.041, 0.004, 0.999]
- Rotation: in RPY (radian) [0.031, 0.081, 0.008]
- Rotation: in RPY (degree) [1.794, 4.666, 0.478]
- Matrix:
  0.997 -0.006  0.082 -0.203
  0.008  0.999 -0.031  0.106
 -0.081  0.031  0.996 -1.238
  0.000  0.000  0.000  1.000
At time 1779612804.899227619
- Translation: [-0.206, 0.101, -1.235]
- Rotation: in Quaternion (xyzw) [0.015, 0.042, 0.003, 0.999]
- Rotation: in RPY (radian) [0.031, 0.083, 0.008]
- Rotation: in RPY (degree) [1.758, 4.751, 0.460]
- Matrix:
  0.997 -0.005  0.083 -0.206
  0.008  1.000 -0.030  0.101
 -0.083  0.031  0.996 -1.235
  0.000  0.000  0.000  1.000
At time 1779612805.900738477
- Translation: [-0.207, 0.100, -1.233]
- Rotation: in Quaternion (xyzw) [0.015, 0.041, 0.003, 0.999]
- Rotation: in RPY (radian) [0.031, 0.082, 0.007]
- Rotation: in RPY (degree) [1.761, 4.699, 0.376]
- Matrix:
  0.997 -0.004  0.082 -0.207
  0.007  1.000 -0.030  0.100
 -0.082  0.031  0.996 -1.233
  0.000  0.000  0.000  1.000
At time 1779612806.902274370
- Translation: [-0.204, 0.112, -1.234]
- Rotation: in Quaternion (xyzw) [0.016, 0.040, 0.010, 0.999]
- Rotation: in RPY (radian) [0.033, 0.079, 0.021]
- Rotation: in RPY (degree) [1.899, 4.554, 1.207]
- Matrix:
  0.997 -0.018  0.080 -0.204
  0.021  0.999 -0.031  0.112
 -0.079  0.033  0.996 -1.234
  0.000  0.000  0.000  1.000
At time 1779612807.903805255
- Translation: [-0.212, 0.111, -1.238]
- Rotation: in Quaternion (xyzw) [0.015, 0.041, 0.008, 0.999]
- Rotation: in RPY (radian) [0.031, 0.081, 0.016]
- Rotation: in RPY (degree) [1.774, 4.642, 0.936]
- Matrix:
  0.997 -0.014  0.081 -0.212
  0.016  0.999 -0.030  0.111
 -0.081  0.031  0.996 -1.238
  0.000  0.000  0.000  1.000
At time 1779612808.905469655
- Translation: [-0.209, 0.119, -1.238]
- Rotation: in Quaternion (xyzw) [0.016, 0.040, 0.009, 0.999]
- Rotation: in RPY (radian) [0.033, 0.081, 0.020]
- Rotation: in RPY (degree) [1.879, 4.619, 1.148]
- Matrix:
  0.997 -0.017  0.081 -0.209
  0.020  0.999 -0.031  0.119
 -0.081  0.033  0.996 -1.238
  0.000  0.000  0.000  1.000
At time 1779612809.906840562
- Translation: [-0.207, 0.116, -1.238]
- Rotation: in Quaternion (xyzw) [0.016, 0.040, 0.009, 0.999]
- Rotation: in RPY (radian) [0.033, 0.081, 0.019]
- Rotation: in RPY (degree) [1.876, 4.615, 1.069]
- Matrix:
  0.997 -0.016  0.081 -0.207
  0.019  0.999 -0.031  0.116
 -0.080  0.033  0.996 -1.238
  0.000  0.000  0.000  1.000
At time 1779612810.908473491
- Translation: [-0.210, 0.114, -1.237]
- Rotation: in Quaternion (xyzw) [0.016, 0.041, 0.009, 0.999]
- Rotation: in RPY (radian) [0.032, 0.081, 0.019]
- Rotation: in RPY (degree) [1.846, 4.627, 1.115]
- Matrix:
  0.997 -0.017  0.081 -0.210
  0.019  0.999 -0.031  0.114
 -0.081  0.032  0.996 -1.237
  0.000  0.000  0.000  1.000
At time 1779612811.910279273
- Translation: [-0.207, 0.113, -1.238]
- Rotation: in Quaternion (xyzw) [0.016, 0.040, 0.009, 0.999]
- Rotation: in RPY (radian) [0.033, 0.081, 0.019]
- Rotation: in RPY (degree) [1.872, 4.625, 1.083]
- Matrix:
  0.997 -0.016  0.081 -0.207
  0.019  0.999 -0.031  0.113
 -0.081  0.033  0.996 -1.238
  0.000  0.000  0.000  1.000
At time 1779612812.911424398
- Translation: [-0.211, 0.120, -1.237]
- Rotation: in Quaternion (xyzw) [0.016, 0.041, 0.009, 0.999]
- Rotation: in RPY (radian) [0.032, 0.081, 0.019]
- Rotation: in RPY (degree) [1.825, 4.638, 1.100]
- Matrix:
  0.997 -0.017  0.081 -0.211
  0.019  0.999 -0.030  0.120
 -0.081  0.032  0.996 -1.237
  0.000  0.000  0.000  1.000
At time 1779612813.912929534
- Translation: [-0.208, 0.115, -1.238]
- Rotation: in Quaternion (xyzw) [0.016, 0.041, 0.009, 0.999]
- Rotation: in RPY (radian) [0.032, 0.081, 0.019]
- Rotation: in RPY (degree) [1.831, 4.633, 1.076]
- Matrix:
  0.997 -0.016  0.081 -0.208
  0.019  0.999 -0.030  0.115
 -0.081  0.032  0.996 -1.238
  0.000  0.000  0.000  1.000
At time 1779612814.914882421
- Translation: [-0.208, 0.112, -1.236]
- Rotation: in Quaternion (xyzw) [0.015, 0.041, 0.009, 0.999]
- Rotation: in RPY (radian) [0.032, 0.081, 0.020]
- Rotation: in RPY (degree) [1.814, 4.647, 1.146]
- Matrix:
  0.997 -0.017  0.082 -0.208
  0.020  0.999 -0.030  0.112
 -0.081  0.032  0.996 -1.236
  0.000  0.000  0.000  1.000
At time 1779612815.816053390
- Translation: [-0.209, 0.113, -1.236]
- Rotation: in Quaternion (xyzw) [0.015, 0.041, 0.009, 0.999]
- Rotation: in RPY (radian) [0.032, 0.081, 0.019]
- Rotation: in RPY (degree) [1.815, 4.641, 1.079]
- Matrix:
  0.997 -0.016  0.081 -0.209
  0.019  0.999 -0.030  0.113
 -0.081  0.032  0.996 -1.236
  0.000  0.000  0.000  1.000
At time 1779612816.917511701
- Translation: [-0.211, 0.117, -1.236]
- Rotation: in Quaternion (xyzw) [0.015, 0.041, 0.009, 0.999]
- Rotation: in RPY (radian) [0.032, 0.081, 0.020]
- Rotation: in RPY (degree) [1.815, 4.651, 1.122]
- Matrix:
  0.997 -0.017  0.082 -0.211
  0.020  0.999 -0.030  0.117
 -0.081  0.032  0.996 -1.236
  0.000  0.000  0.000  1.000
At time 1779612817.819090604
- Translation: [-0.207, 0.109, -1.238]
- Rotation: in Quaternion (xyzw) [0.016, 0.040, 0.009, 0.999]
- Rotation: in RPY (radian) [0.033, 0.081, 0.019]
- Rotation: in RPY (degree) [1.864, 4.614, 1.065]
- Matrix:
  0.997 -0.016  0.081 -0.207
  0.019  0.999 -0.031  0.109
 -0.080  0.032  0.996 -1.238
  0.000  0.000  0.000  1.000
At time 1779612818.820678472
- Translation: [-0.208, 0.114, -1.238]
- Rotation: in Quaternion (xyzw) [0.016, 0.040, 0.009, 0.999]
- Rotation: in RPY (radian) [0.033, 0.081, 0.019]
- Rotation: in RPY (degree) [1.878, 4.618, 1.071]
- Matrix:
  0.997 -0.016  0.081 -0.208
  0.019  0.999 -0.031  0.114
 -0.081  0.033  0.996 -1.238
  0.000  0.000  0.000  1.000
At time 1779612819.822720289
- Translation: [-0.211, 0.112, -1.237]
- Rotation: in Quaternion (xyzw) [0.015, 0.041, 0.009, 0.999]
- Rotation: in RPY (radian) [0.031, 0.081, 0.019]
- Rotation: in RPY (degree) [1.750, 4.643, 1.092]
- Matrix:
  0.997 -0.017  0.081 -0.211
  0.019  0.999 -0.029  0.112
 -0.081  0.030  0.996 -1.237
  0.000  0.000  0.000  1.000
At time 1779612820.823877573
- Translation: [-0.208, 0.113, -1.237]
- Rotation: in Quaternion (xyzw) [0.016, 0.041, 0.009, 0.999]
- Rotation: in RPY (radian) [0.032, 0.081, 0.020]
- Rotation: in RPY (degree) [1.832, 4.633, 1.122]
- Matrix:
  0.997 -0.017  0.081 -0.208
  0.020  0.999 -0.030  0.113
 -0.081  0.032  0.996 -1.237
  0.000  0.000  0.000  1.000
At time 1779612821.825007438
- Translation: [-0.207, 0.111, -1.238]
- Rotation: in Quaternion (xyzw) [0.016, 0.040, 0.009, 0.999]
- Rotation: in RPY (radian) [0.032, 0.081, 0.020]
- Rotation: in RPY (degree) [1.830, 4.618, 1.139]
- Matrix:
  0.997 -0.017  0.081 -0.207
  0.020  0.999 -0.030  0.111
 -0.081  0.032  0.996 -1.238
  0.000  0.000  0.000  1.000
At time 1779612822.826520204
- Translation: [-0.209, 0.115, -1.238]
- Rotation: in Quaternion (xyzw) [0.016, 0.041, 0.009, 0.999]
- Rotation: in RPY (radian) [0.033, 0.081, 0.019]
- Rotation: in RPY (degree) [1.864, 4.633, 1.088]
- Matrix:
  0.997 -0.016  0.081 -0.209
  0.019  0.999 -0.031  0.115
 -0.081  0.032  0.996 -1.238
  0.000  0.000  0.000  1.000
At time 1779612823.828044176
- Translation: [-0.210, 0.115, -1.235]
- Rotation: in Quaternion (xyzw) [0.015, 0.041, 0.009, 0.999]
- Rotation: in RPY (radian) [0.030, 0.081, 0.019]
- Rotation: in RPY (degree) [1.745, 4.661, 1.081]
- Matrix:
  0.997 -0.016  0.082 -0.210
  0.019  0.999 -0.029  0.115
 -0.081  0.030  0.996 -1.235
  0.000  0.000  0.000  1.000
At time 1779612824.829572677
- Translation: [-0.209, 0.112, -1.238]
- Rotation: in Quaternion (xyzw) [0.015, 0.041, 0.009, 0.999]
- Rotation: in RPY (radian) [0.032, 0.081, 0.018]
- Rotation: in RPY (degree) [1.807, 4.641, 1.054]
- Matrix:
  0.997 -0.016  0.081 -0.209
  0.018  0.999 -0.030  0.112
 -0.081  0.031  0.996 -1.238
  0.000  0.000  0.000  1.000
At time 1779612825.831110477
- Translation: [-0.208, 0.114, -1.238]
- Rotation: in Quaternion (xyzw) [0.015, 0.041, 0.009, 0.999]
- Rotation: in RPY (radian) [0.032, 0.081, 0.019]
- Rotation: in RPY (degree) [1.819, 4.631, 1.061]
- Matrix:
  0.997 -0.016  0.081 -0.208
  0.018  0.999 -0.030  0.114
 -0.081  0.032  0.996 -1.238
  0.000  0.000  0.000  1.000
At time 1779612826.832696437
- Translation: [-0.211, 0.116, -1.237]
- Rotation: in Quaternion (xyzw) [0.015, 0.041, 0.009, 0.999]
- Rotation: in RPY (radian) [0.031, 0.081, 0.019]
- Rotation: in RPY (degree) [1.785, 4.650, 1.109]
- Matrix:
  0.997 -0.017  0.082 -0.211
  0.019  0.999 -0.030  0.116
 -0.081  0.031  0.996 -1.237
  0.000  0.000  0.000  1.000
At time 1779612827.834509372
- Translation: [-0.210, 0.114, -1.237]
- Rotation: in Quaternion (xyzw) [0.015, 0.041, 0.009, 0.999]
- Rotation: in RPY (radian) [0.030, 0.081, 0.020]
- Rotation: in RPY (degree) [1.741, 4.654, 1.159]
- Matrix:
  0.996 -0.018  0.082 -0.210
  0.020  0.999 -0.029  0.114
 -0.081  0.030  0.996 -1.237
  0.000  0.000  0.000  1.000
At time 1779612828.835660696
- Translation: [-0.211, 0.113, -1.235]
- Rotation: in Quaternion (xyzw) [0.015, 0.041, 0.009, 0.999]
- Rotation: in RPY (radian) [0.031, 0.082, 0.019]
- Rotation: in RPY (degree) [1.779, 4.671, 1.066]
- Matrix:
  0.997 -0.016  0.082 -0.211
  0.019  0.999 -0.030  0.113
 -0.081  0.031  0.996 -1.235
  0.000  0.000  0.000  1.000
At time 1779612829.837179422
- Translation: [-0.210, 0.113, -1.239]
- Rotation: in Quaternion (xyzw) [0.015, 0.041, 0.009, 0.999]
- Rotation: in RPY (radian) [0.030, 0.081, 0.019]
- Rotation: in RPY (degree) [1.722, 4.639, 1.094]
- Matrix:
  0.997 -0.017  0.081 -0.210
  0.019  0.999 -0.028  0.113
 -0.081  0.030  0.996 -1.239
  0.000  0.000  0.000  1.000
At time 1779612830.838731527
- Translation: [-0.210, 0.112, -1.236]
- Rotation: in Quaternion (xyzw) [0.015, 0.041, 0.009, 0.999]
- Rotation: in RPY (radian) [0.030, 0.081, 0.019]
- Rotation: in RPY (degree) [1.710, 4.661, 1.088]
- Matrix:
  0.997 -0.017  0.082 -0.210
  0.019  0.999 -0.028  0.112
 -0.081  0.030  0.996 -1.236
  0.000  0.000  0.000  1.000
At time 1779612831.840352296
- Translation: [-0.208, 0.111, -1.238]
- Rotation: in Quaternion (xyzw) [0.015, 0.041, 0.009, 0.999]
- Rotation: in RPY (radian) [0.032, 0.081, 0.019]
- Rotation: in RPY (degree) [1.818, 4.646, 1.077]
- Matrix:
  0.997 -0.016  0.082 -0.208
  0.019  0.999 -0.030  0.111
 -0.081  0.032  0.996 -1.238
  0.000  0.000  0.000  1.000
At time 1779612832.842142581
- Translation: [-0.208, 0.111, -1.238]
- Rotation: in Quaternion (xyzw) [0.015, 0.041, 0.009, 0.999]
- Rotation: in RPY (radian) [0.032, 0.081, 0.019]
- Rotation: in RPY (degree) [1.814, 4.632, 1.094]
- Matrix:
  0.997 -0.017  0.081 -0.208
  0.019  0.999 -0.030  0.111
 -0.081  0.032  0.996 -1.238
  0.000  0.000  0.000  1.000
At time 1779612833.842198610
- Translation: [-0.209, 0.116, -1.238]
- Rotation: in Quaternion (xyzw) [0.015, 0.041, 0.009, 0.999]
- Rotation: in RPY (radian) [0.031, 0.081, 0.019]
- Rotation: in RPY (degree) [1.767, 4.628, 1.110]
- Matrix:
  0.997 -0.017  0.081 -0.209
  0.019  0.999 -0.029  0.116
 -0.081  0.031  0.996 -1.238
  0.000  0.000  0.000  1.000
At time 1779612834.842212438
- Translation: [-0.205, 0.108, -1.238]
- Rotation: in Quaternion (xyzw) [0.015, 0.040, 0.009, 0.999]
- Rotation: in RPY (radian) [0.032, 0.081, 0.019]
- Rotation: in RPY (degree) [1.811, 4.623, 1.096]
- Matrix:
  0.997 -0.017  0.081 -0.205
  0.019  0.999 -0.030  0.108
 -0.081  0.031  0.996 -1.238
  0.000  0.000  0.000  1.000
At time 1779612835.842248439
- Translation: [-0.212, 0.120, -1.237]
- Rotation: in Quaternion (xyzw) [0.017, 0.041, 0.010, 0.999]
- Rotation: in RPY (radian) [0.034, 0.081, 0.021]
- Rotation: in RPY (degree) [1.967, 4.659, 1.220]
- Matrix:
  0.996 -0.018  0.082 -0.212
  0.021  0.999 -0.033  0.120
 -0.081  0.034  0.996 -1.237
  0.000  0.000  0.000  1.000
At time 1779612836.842320442
- Translation: [-0.085, 0.083, -1.245]
- Rotation: in Quaternion (xyzw) [0.029, 0.050, 0.051, 0.997]
- Rotation: in RPY (radian) [0.063, 0.097, 0.106]
- Rotation: in RPY (degree) [3.626, 5.556, 6.088]
- Matrix:
  0.990 -0.100  0.103 -0.085
  0.106  0.993 -0.053  0.083
 -0.097  0.063  0.993 -1.245
  0.000  0.000  0.000  1.000
At time 1779612837.842745542
- Translation: [0.239, 0.158, -1.265]
- Rotation: in Quaternion (xyzw) [0.019, 0.054, 0.084, 0.995]
- Rotation: in RPY (radian) [0.047, 0.105, 0.171]
- Rotation: in RPY (degree) [2.705, 6.032, 9.792]
- Matrix:
  0.980 -0.165  0.111  0.239
  0.169  0.985 -0.029  0.158
 -0.105  0.047  0.993 -1.265
  0.000  0.000  0.000  1.000
At time 1779612838.842255592
- Translation: [0.596, 0.231, -1.279]
- Rotation: in Quaternion (xyzw) [0.017, 0.055, 0.068, 0.996]
- Rotation: in RPY (radian) [0.041, 0.106, 0.138]
- Rotation: in RPY (degree) [2.356, 6.102, 7.901]
- Matrix:
  0.985 -0.133  0.111  0.596
  0.137  0.990 -0.026  0.231
 -0.106  0.041  0.993 -1.279
  0.000  0.000  0.000  1.000
At time 1779612839.842310428
- Translation: [1.040, 0.231, -1.314]
- Rotation: in Quaternion (xyzw) [0.007, 0.056, -0.046, 0.997]
- Rotation: in RPY (radian) [0.009, 0.113, -0.091]
- Rotation: in RPY (degree) [0.541, 6.459, -5.206]
- Matrix:
  0.990  0.092  0.111  1.040
 -0.090  0.996 -0.020  0.231
 -0.112  0.009  0.994 -1.314
  0.000  0.000  0.000  1.000
At time 1779612840.842274188
- Translation: [1.444, 0.186, -1.340]
- Rotation: in Quaternion (xyzw) [0.005, 0.062, -0.177, 0.982]
- Rotation: in RPY (radian) [-0.012, 0.124, -0.356]
- Rotation: in RPY (degree) [-0.685, 7.096, -20.420]
- Matrix:
  0.930  0.347  0.120  1.444
 -0.346  0.938 -0.032  0.186
 -0.124 -0.012  0.992 -1.340
  0.000  0.000  0.000  1.000
At time 1779612841.842284440
- Translation: [1.818, 0.041, -1.374]
- Rotation: in Quaternion (xyzw) [0.006, 0.064, -0.193, 0.979]
- Rotation: in RPY (radian) [-0.014, 0.127, -0.390]
- Rotation: in RPY (degree) [-0.778, 7.275, -22.336]
- Matrix:
  0.918  0.378  0.122  1.818
 -0.377  0.926 -0.036  0.041
 -0.127 -0.013  0.992 -1.374
  0.000  0.000  0.000  1.000
At time 1779612842.842793703
- Translation: [2.234, -0.070, -1.415]
- Rotation: in Quaternion (xyzw) [0.006, 0.059, -0.125, 0.990]
- Rotation: in RPY (radian) [-0.003, 0.118, -0.250]
- Rotation: in RPY (degree) [-0.178, 6.766, -14.342]
- Matrix:
  0.962  0.247  0.115  2.234
 -0.246  0.969 -0.026 -0.070
 -0.118 -0.003  0.993 -1.415
  0.000  0.000  0.000  1.000
At time 1779612843.842281579
- Translation: [2.616, -0.122, -1.433]
- Rotation: in Quaternion (xyzw) [0.004, 0.054, -0.043, 0.998]
- Rotation: in RPY (radian) [0.003, 0.108, -0.087]
- Rotation: in RPY (degree) [0.151, 6.161, -4.970]
- Matrix:
  0.990  0.087  0.107  2.616
 -0.086  0.996 -0.012 -0.122
 -0.107  0.003  0.994 -1.433
  0.000  0.000  0.000  1.000
At time 1779612844.842876434
- Translation: [2.920, -0.101, -1.448]
- Rotation: in Quaternion (xyzw) [0.004, 0.051, 0.045, 0.998]
- Rotation: in RPY (radian) [0.012, 0.102, 0.091]
- Rotation: in RPY (degree) [0.688, 5.836, 5.203]
- Matrix:
  0.991 -0.089  0.102  2.920
  0.090  0.996 -0.003 -0.101
 -0.102  0.012  0.995 -1.448
  0.000  0.000  0.000  1.000
At time 1779612845.845779418
- Translation: [3.074, -0.039, -1.453]
- Rotation: in Quaternion (xyzw) [0.007, 0.037, 0.248, 0.968]
- Rotation: in RPY (radian) [0.032, 0.068, 0.503]
- Rotation: in RPY (degree) [1.821, 3.893, 28.812]
- Matrix:
  0.874 -0.480  0.075  3.074
  0.481  0.877  0.005 -0.039
 -0.068  0.032  0.997 -1.453
  0.000  0.000  0.000  1.000
At time 1779612846.842944622
- Translation: [3.128, 0.050, -1.461]
- Rotation: in Quaternion (xyzw) [0.027, 0.029, 0.269, 0.962]
- Rotation: in RPY (radian) [0.069, 0.042, 0.548]
- Rotation: in RPY (degree) [3.929, 2.404, 31.370]
- Matrix:
  0.853 -0.517  0.071  3.128
  0.520  0.853 -0.037  0.050
 -0.042  0.068  0.997 -1.461
  0.000  0.000  0.000  1.000
At time 1779612847.843015432
- Translation: [3.164, 0.021, -1.450]
- Rotation: in Quaternion (xyzw) [0.021, 0.034, 0.293, 0.955]
- Rotation: in RPY (radian) [0.061, 0.053, 0.597]
- Rotation: in RPY (degree) [3.482, 3.038, 34.209]
- Matrix:
  0.826 -0.559  0.078  3.164
  0.561  0.827 -0.020  0.021
 -0.053  0.061  0.997 -1.450
  0.000  0.000  0.000  1.000
At time 1779612848.842681646
- Translation: [3.332, 0.170, -1.470]
- Rotation: in Quaternion (xyzw) [0.041, 0.039, 0.379, 0.924]
- Rotation: in RPY (radian) [0.105, 0.041, 0.781]
- Rotation: in RPY (degree) [6.003, 2.337, 44.776]
- Matrix:
  0.709 -0.697  0.102  3.332
  0.704  0.709 -0.046  0.170
 -0.041  0.104  0.994 -1.470
  0.000  0.000  0.000  1.000
At time 1779612849.842532396
- Translation: [3.588, 0.471, -1.466]
- Rotation: in Quaternion (xyzw) [0.033, 0.037, 0.461, 0.886]
- Rotation: in RPY (radian) [0.093, 0.034, 0.961]
- Rotation: in RPY (degree) [5.343, 1.975, 55.060]
- Matrix:
  0.572 -0.814  0.096  3.588
  0.819  0.573 -0.025  0.471
 -0.034  0.093  0.995 -1.466
  0.000  0.000  0.000  1.000
At time 1779612850.842523336
- Translation: [3.791, 0.804, -1.475]
- Rotation: in Quaternion (xyzw) [0.016, 0.036, 0.421, 0.906]
- Rotation: in RPY (radian) [0.060, 0.052, 0.872]
- Rotation: in RPY (degree) [3.411, 2.978, 49.963]
- Matrix:
  0.642 -0.762  0.079  3.791
  0.765  0.645  0.001  0.804
 -0.052  0.059  0.997 -1.475
  0.000  0.000  0.000  1.000
At time 1779612851.842925310
- Translation: [4.056, 1.130, -1.473]
- Rotation: in Quaternion (xyzw) [0.009, 0.039, 0.273, 0.961]
- Rotation: in RPY (radian) [0.039, 0.070, 0.556]
- Rotation: in RPY (degree) [2.245, 3.993, 31.839]
- Matrix:
  0.847 -0.525  0.080  4.056
  0.526  0.850  0.003  1.130
 -0.070  0.039  0.997 -1.473
  0.000  0.000  0.000  1.000
At time 1779612852.842504739
- Translation: [4.389, 1.383, -1.480]
- Rotation: in Quaternion (xyzw) [0.009, 0.041, 0.193, 0.980]
- Rotation: in RPY (radian) [0.034, 0.077, 0.391]
- Rotation: in RPY (degree) [1.948, 4.419, 22.396]
- Matrix:
  0.922 -0.378  0.084  4.389
  0.380  0.925 -0.002  1.383
 -0.077  0.034  0.996 -1.480
  0.000  0.000  0.000  1.000
At time 1779612853.845886468
- Translation: [4.766, 1.545, -1.491]
- Rotation: in Quaternion (xyzw) [-0.001, 0.042, 0.085, 0.996]
- Rotation: in RPY (radian) [0.005, 0.084, 0.171]
- Rotation: in RPY (degree) [0.272, 4.792, 9.771]
- Matrix:
  0.982 -0.169  0.083  4.766
  0.169  0.986  0.010  1.545
 -0.084  0.005  0.996 -1.491
  0.000  0.000  0.000  1.000
At time 1779612854.843782424
- Translation: [5.165, 1.626, -1.506]
- Rotation: in Quaternion (xyzw) [-0.008, 0.047, 0.028, 0.998]
- Rotation: in RPY (radian) [-0.013, 0.095, 0.056]
- Rotation: in RPY (degree) [-0.726, 5.430, 3.222]
- Matrix:
  0.994 -0.057  0.094  5.165
  0.056  0.998  0.018  1.626
 -0.095 -0.013  0.995 -1.506
  0.000  0.000  0.000  1.000
At time 1779612855.842558622
- Translation: [5.599, 1.693, -1.524]
- Rotation: in Quaternion (xyzw) [0.000, 0.048, 0.052, 0.998]
- Rotation: in RPY (radian) [0.005, 0.096, 0.104]
- Rotation: in RPY (degree) [0.297, 5.501, 5.941]
- Matrix:
  0.990 -0.103  0.096  5.599
  0.103  0.995  0.005  1.693
 -0.096  0.005  0.995 -1.524
  0.000  0.000  0.000  1.000
At time 1779612856.842731475
- Translation: [6.005, 1.771, -1.554]
- Rotation: in Quaternion (xyzw) [0.014, 0.048, 0.069, 0.996]
- Rotation: in RPY (radian) [0.035, 0.094, 0.140]
- Rotation: in RPY (degree) [1.979, 5.386, 8.029]
- Matrix:
  0.986 -0.136  0.098  6.005
  0.139  0.990 -0.021  1.771
 -0.094  0.034  0.995 -1.554
  0.000  0.000  0.000  1.000
At time 1779612857.842659473
- Translation: [6.417, 1.827, -1.597]
- Rotation: in Quaternion (xyzw) [0.030, 0.048, 0.097, 0.994]
- Rotation: in RPY (radian) [0.069, 0.090, 0.199]
- Rotation: in RPY (degree) [3.978, 5.128, 11.374]
- Matrix:
  0.976 -0.191  0.101  6.417
  0.196  0.979 -0.050  1.827
 -0.089  0.069  0.994 -1.597
  0.000  0.000  0.000  1.000
At time 1779612858.842801332
- Translation: [6.768, 1.861, -1.622]
- Rotation: in Quaternion (xyzw) [0.035, 0.044, 0.141, 0.988]
- Rotation: in RPY (radian) [0.082, 0.078, 0.286]
- Rotation: in RPY (degree) [4.672, 4.450, 16.373]
- Matrix:
  0.957 -0.275  0.097  6.768
  0.281  0.958 -0.056  1.861
 -0.078  0.081  0.994 -1.622
  0.000  0.000  0.000  1.000
At time 1779612859.843083620
- Translation: [6.997, 1.930, -1.623]
- Rotation: in Quaternion (xyzw) [0.038, 0.040, 0.067, 0.996]
- Rotation: in RPY (radian) [0.082, 0.074, 0.138]
- Rotation: in RPY (degree) [4.679, 4.233, 7.919]
- Matrix:
  0.988 -0.131  0.084  6.997
  0.137  0.988 -0.071  1.930
 -0.074  0.081  0.994 -1.623
  0.000  0.000  0.000  1.000
At time 1779612860.842733621
- Translation: [7.092, 1.898, -1.615]
- Rotation: in Quaternion (xyzw) [0.029, 0.047, -0.179, 0.982]
- Rotation: in RPY (radian) [0.040, 0.103, -0.359]
- Rotation: in RPY (degree) [2.265, 5.894, -20.541]
- Matrix:
  0.931  0.354  0.082  7.092
 -0.349  0.934 -0.073  1.898
 -0.103  0.039  0.994 -1.615
  0.000  0.000  0.000  1.000
At time 1779612861.843141555
- Translation: [7.207, 1.864, -1.622]
- Rotation: in Quaternion (xyzw) [0.018, 0.051, -0.437, 0.898]
- Rotation: in RPY (radian) [-0.012, 0.109, -0.906]
- Rotation: in RPY (degree) [-0.697, 6.228, -51.904]
- Matrix:
  0.613  0.786  0.076  7.207
 -0.782  0.618 -0.078  1.864
 -0.108 -0.012  0.994 -1.622
  0.000  0.000  0.000  1.000
At time 1779612862.843019485
- Translation: [7.203, 1.821, -1.617]
- Rotation: in Quaternion (xyzw) [0.002, 0.060, -0.661, 0.748]
- Rotation: in RPY (radian) [-0.077, 0.093, -1.450]
- Rotation: in RPY (degree) [-4.407, 5.310, -83.076]
- Matrix:
  0.120  0.989  0.087  7.203
 -0.988  0.127 -0.082  1.821
 -0.093 -0.077  0.993 -1.617
  0.000  0.000  0.000  1.000
At time 1779612863.842771530
- Translation: [7.286, 1.724, -1.615]
- Rotation: in Quaternion (xyzw) [-0.001, 0.060, -0.835, 0.548]
- Rotation: in RPY (radian) [-0.102, 0.064, -1.983]
- Rotation: in RPY (degree) [-5.846, 3.681, -113.637]
- Matrix:
 -0.400  0.914  0.068  7.286
 -0.914 -0.393 -0.099  1.724
 -0.064 -0.102  0.993 -1.615
  0.000  0.000  0.000  1.000
At time 1779612864.842709541
- Translation: [7.251, 1.673, -1.633]
- Rotation: in Quaternion (xyzw) [0.011, -0.062, 0.947, -0.316]
- Rotation: in RPY (radian) [-0.125, 0.018, -2.498]
- Rotation: in RPY (degree) [-7.177, 1.048, -143.120]
- Matrix:
 -0.800  0.597  0.060  7.251
 -0.600 -0.792 -0.111  1.673
 -0.018 -0.125  0.992 -1.633
  0.000  0.000  0.000  1.000
At time 1779612865.842684268
- Translation: [7.167, 1.583, -1.644]
- Rotation: in Quaternion (xyzw) [0.015, -0.050, 0.965, -0.257]
- Rotation: in RPY (radian) [-0.104, -0.004, -2.621]
- Rotation: in RPY (degree) [-5.980, -0.220, -150.147]
- Matrix:
 -0.867  0.495  0.055  7.167
 -0.498 -0.863 -0.088  1.583
  0.004 -0.104  0.995 -1.644
  0.000  0.000  0.000  1.000
At time 1779612866.842799663
- Translation: [7.149, 1.564, -1.640]
- Rotation: in Quaternion (xyzw) [0.017, -0.042, 0.965, -0.259]
- Rotation: in RPY (radian) [-0.090, -0.011, -2.617]
- Rotation: in RPY (degree) [-5.147, -0.648, -149.930]
- Matrix:
 -0.865  0.498  0.055  7.149
 -0.501 -0.862 -0.072  1.564
  0.011 -0.090  0.996 -1.640
  0.000  0.000  0.000  1.000
At time 1779612867.842765331
- Translation: [7.127, 1.530, -1.633]
- Rotation: in Quaternion (xyzw) [0.015, -0.059, 0.946, -0.318]
- Rotation: in RPY (radian) [-0.121, 0.008, -2.494]
- Rotation: in RPY (degree) [-6.919, 0.477, -142.874]
- Matrix:
 -0.797  0.600  0.066  7.127
 -0.604 -0.791 -0.101  1.530
 -0.008 -0.120  0.993 -1.633
  0.000  0.000  0.000  1.000
At time 1779612868.842804431
- Translation: [7.087, 1.459, -1.635]
- Rotation: in Quaternion (xyzw) [0.010, -0.058, 0.914, -0.402]
- Rotation: in RPY (radian) [-0.115, 0.029, -2.313]
- Rotation: in RPY (degree) [-6.599, 1.640, -132.545]
- Matrix:
 -0.676  0.734  0.065  7.087
 -0.736 -0.669 -0.099  1.459
 -0.029 -0.115  0.993 -1.635
  0.000  0.000  0.000  1.000
At time 1779612869.842868328
- Translation: [7.027, 1.392, -1.630]
- Rotation: in Quaternion (xyzw) [-0.006, 0.059, -0.864, 0.501]
- Rotation: in RPY (radian) [-0.109, 0.048, -2.093]
- Rotation: in RPY (degree) [-6.217, 2.755, -119.925]
- Matrix:
 -0.498  0.864  0.070  7.027
 -0.866 -0.491 -0.095  1.392
 -0.048 -0.108  0.993 -1.630
  0.000  0.000  0.000  1.000
At time 1779612870.842822313
- Translation: [6.975, 1.286, -1.642]
- Rotation: in Quaternion (xyzw) [-0.001, 0.059, -0.804, 0.591]
- Rotation: in RPY (radian) [-0.096, 0.069, -1.877]
- Rotation: in RPY (degree) [-5.472, 3.926, -107.522]
- Matrix:
 -0.300  0.951  0.070  6.975
 -0.951 -0.293 -0.094  1.286
 -0.068 -0.095  0.993 -1.642
  0.000  0.000  0.000  1.000
At time 1779612871.842883586
- Translation: [6.983, 1.168, -1.653]
- Rotation: in Quaternion (xyzw) [0.011, 0.048, -0.744, 0.666]
- Rotation: in RPY (radian) [-0.057, 0.081, -1.683]
- Rotation: in RPY (degree) [-3.274, 4.624, -96.422]
- Matrix:
 -0.111  0.993  0.048  6.983
 -0.990 -0.107 -0.086  1.168
 -0.081 -0.057  0.995 -1.653
  0.000  0.000  0.000  1.000
At time 1779612872.842945575
- Translation: [6.969, 1.087, -1.665]
- Rotation: in Quaternion (xyzw) [0.013, 0.048, -0.676, 0.735]
- Rotation: in RPY (radian) [-0.045, 0.088, -1.488]
- Rotation: in RPY (degree) [-2.595, 5.019, -85.275]
- Matrix:
  0.082  0.995  0.052  6.969
 -0.993  0.086 -0.083  1.087
 -0.087 -0.045  0.995 -1.665
  0.000  0.000  0.000  1.000
At time 1779612873.842937231
- Translation: [6.988, 0.969, -1.667]
- Rotation: in Quaternion (xyzw) [0.016, 0.048, -0.664, 0.746]
- Rotation: in RPY (radian) [-0.040, 0.092, -1.455]
- Rotation: in RPY (degree) [-2.317, 5.286, -83.393]
- Matrix:
  0.115  0.992  0.051  6.988
 -0.989  0.119 -0.087  0.969
 -0.092 -0.040  0.995 -1.667
  0.000  0.000  0.000  1.000
At time 1779612874.843332290
- Translation: [6.997, 0.670, -1.684]
- Rotation: in Quaternion (xyzw) [0.006, 0.059, -0.683, 0.728]
- Rotation: in RPY (radian) [-0.072, 0.094, -1.509]
- Rotation: in RPY (degree) [-4.105, 5.392, -86.484]
- Matrix:
  0.061  0.995  0.077  6.997
 -0.994  0.068 -0.089  0.670
 -0.094 -0.071  0.993 -1.684
  0.000  0.000  0.000  1.000
At time 1779612875.842885732
- Translation: [7.023, 0.266, -1.693]
- Rotation: in Quaternion (xyzw) [-0.003, 0.067, -0.686, 0.724]
- Rotation: in RPY (radian) [-0.097, 0.094, -1.521]
- Rotation: in RPY (degree) [-5.543, 5.384, -87.159]
- Matrix:
  0.049  0.994  0.101  7.023
 -0.994  0.058 -0.088  0.266
 -0.094 -0.096  0.991 -1.693
  0.000  0.000  0.000  1.000
At time 1779612876.842879533
- Translation: [7.037, -0.169, -1.726]
- Rotation: in Quaternion (xyzw) [-0.015, 0.071, -0.688, 0.722]
- Rotation: in RPY (radian) [-0.120, 0.081, -1.528]
- Rotation: in RPY (degree) [-6.885, 4.622, -87.575]
- Matrix:
  0.042  0.991  0.123  7.037
 -0.996  0.052 -0.075 -0.169
 -0.081 -0.119  0.990 -1.726
  0.000  0.000  0.000  1.000
At time 1779612877.843174219
- Translation: [7.055, -0.581, -1.751]
- Rotation: in Quaternion (xyzw) [-0.018, 0.077, -0.665, 0.743]
- Rotation: in RPY (radian) [-0.129, 0.090, -1.466]
- Rotation: in RPY (degree) [-7.407, 5.176, -83.984]
- Matrix:
  0.104  0.985  0.138  7.055
 -0.990  0.116 -0.075 -0.581
 -0.090 -0.128  0.988 -1.751
  0.000  0.000  0.000  1.000
At time 1779612878.843021631
- Translation: [7.145, -0.942, -1.766]
- Rotation: in Quaternion (xyzw) [-0.011, 0.073, -0.625, 0.777]
- Rotation: in RPY (radian) [-0.109, 0.101, -1.361]
- Rotation: in RPY (degree) [-6.253, 5.770, -77.991]
- Matrix:
  0.207  0.970  0.127  7.145
 -0.973  0.218 -0.075 -0.942
 -0.101 -0.108  0.989 -1.766
  0.000  0.000  0.000  1.000
At time 1779612879.842929601
- Translation: [7.195, -1.086, -1.760]
- Rotation: in Quaternion (xyzw) [-0.012, 0.069, -0.693, 0.718]
- Rotation: in RPY (radian) [-0.114, 0.083, -1.540]
- Rotation: in RPY (degree) [-6.523, 4.769, -88.235]
- Matrix:
  0.031  0.993  0.116  7.195
 -0.996  0.040 -0.079 -1.086
 -0.083 -0.113  0.990 -1.760
  0.000  0.000  0.000  1.000
At time 1779612880.843002319
- Translation: [7.200, -1.208, -1.757]
- Rotation: in Quaternion (xyzw) [-0.013, 0.066, -0.787, 0.613]
- Rotation: in RPY (radian) [-0.120, 0.060, -1.821]
- Rotation: in RPY (degree) [-6.858, 3.424, -104.323]
- Matrix:
 -0.247  0.964  0.101  7.200
 -0.967 -0.239 -0.087 -1.208
 -0.060 -0.119  0.991 -1.757
  0.000  0.000  0.000  1.000
At time 1779612881.843269348
- Translation: [7.160, -1.249, -1.746]
- Rotation: in Quaternion (xyzw) [0.014, -0.061, 0.866, -0.496]
- Rotation: in RPY (radian) [-0.120, 0.037, -2.104]
- Rotation: in RPY (degree) [-6.855, 2.098, -120.541]
- Matrix:
 -0.508  0.857  0.084  7.160
 -0.861 -0.501 -0.092 -1.249
 -0.037 -0.119  0.992 -1.746
  0.000  0.000  0.000  1.000
At time 1779612882.843384265
- Translation: [7.136, -1.275, -1.777]
- Rotation: in Quaternion (xyzw) [0.014, -0.057, 0.937, -0.345]
- Rotation: in RPY (radian) [-0.116, 0.013, -2.437]
- Rotation: in RPY (degree) [-6.637, 0.740, -139.609]
- Matrix:
 -0.762  0.645  0.065  7.136
 -0.648 -0.756 -0.096 -1.275
 -0.013 -0.116  0.993 -1.777
  0.000  0.000  0.000  1.000
At time 1779612883.843063592
- Translation: [7.100, -1.298, -1.778]
- Rotation: in Quaternion (xyzw) [0.014, -0.047, 0.976, -0.210]
- Rotation: in RPY (radian) [-0.098, -0.008, -2.718]
- Rotation: in RPY (degree) [-5.595, -0.448, -155.703]
- Matrix:
 -0.911  0.409  0.047  7.100
 -0.411 -0.907 -0.086 -1.298
  0.008 -0.097  0.995 -1.778
  0.000  0.000  0.000  1.000
At time 1779612884.843020439
- Translation: [7.008, -1.307, -1.783]
- Rotation: in Quaternion (xyzw) [0.016, -0.041, 0.994, -0.099]
- Rotation: in RPY (radian) [-0.085, -0.024, -2.943]
- Rotation: in RPY (degree) [-4.859, -1.379, -168.599]
- Matrix:
 -0.980  0.195  0.040  7.008
 -0.198 -0.977 -0.078 -1.307
  0.024 -0.085  0.996 -1.783
  0.000  0.000  0.000  1.000
At time 1779612885.843488454
- Translation: [6.935, -1.356, -1.772]
- Rotation: in Quaternion (xyzw) [0.026, -0.023, 0.995, -0.088]
- Rotation: in RPY (radian) [-0.051, -0.049, -2.964]
- Rotation: in RPY (degree) [-2.901, -2.788, -169.796]
- Matrix:
 -0.983  0.174  0.057  6.935
 -0.177 -0.983 -0.041 -1.356
  0.049 -0.051  0.998 -1.772
  0.000  0.000  0.000  1.000
At time 1779612886.843212366
- Translation: [6.928, -1.342, -1.771]
- Rotation: in Quaternion (xyzw) [0.029, -0.032, 0.995, -0.087]
- Rotation: in RPY (radian) [-0.068, -0.053, -2.965]
- Rotation: in RPY (degree) [-3.919, -3.024, -169.859]
- Matrix:
 -0.983  0.172  0.064  6.928
 -0.176 -0.983 -0.058 -1.342
  0.053 -0.068  0.996 -1.771
  0.000  0.000  0.000  1.000
At time 1779612887.843170404
- Translation: [6.897, -1.380, -1.769]
- Rotation: in Quaternion (xyzw) [0.008, -0.040, 0.941, -0.335]
- Rotation: in RPY (radian) [-0.081, 0.012, -2.458]
- Rotation: in RPY (degree) [-4.652, 0.683, -140.805]
- Matrix:
 -0.775  0.631  0.042  6.897
 -0.632 -0.772 -0.070 -1.380
 -0.012 -0.081  0.997 -1.769
  0.000  0.000  0.000  1.000
At time 1779612888.843225717
- Translation: [6.919, -1.408, -1.767]
- Rotation: in Quaternion (xyzw) [0.003, 0.053, -0.746, 0.664]
- Rotation: in RPY (radian) [-0.075, 0.075, -1.691]
- Rotation: in RPY (degree) [-4.284, 4.272, -96.873]
- Matrix:
 -0.119  0.991  0.065  6.919
 -0.990 -0.114 -0.083 -1.408
 -0.074 -0.074  0.994 -1.767
  0.000  0.000  0.000  1.000
At time 1779612889.843280553
- Translation: [6.872, -1.498, -1.776]
- Rotation: in Quaternion (xyzw) [0.022, 0.051, -0.481, 0.875]
- Rotation: in RPY (radian) [-0.011, 0.110, -1.005]
- Rotation: in RPY (degree) [-0.610, 6.287, -57.605]
- Matrix:
  0.533  0.844  0.068  6.872
 -0.839  0.537 -0.087 -1.498
 -0.110 -0.011  0.994 -1.776
  0.000  0.000  0.000  1.000
At time 1779612890.843238592
- Translation: [6.972, -1.693, -1.800]
- Rotation: in Quaternion (xyzw) [0.019, 0.054, -0.548, 0.835]
- Rotation: in RPY (radian) [-0.028, 0.112, -1.163]
- Rotation: in RPY (degree) [-1.579, 6.402, -66.646]
- Matrix:
  0.394  0.917  0.069  6.972
 -0.912  0.399 -0.091 -1.693
 -0.112 -0.027  0.993 -1.800
  0.000  0.000  0.000  1.000
At time 1779612891.843584537
- Translation: [7.033, -1.981, -1.807]
- Rotation: in Quaternion (xyzw) [0.011, 0.064, -0.670, 0.740]
- Rotation: in RPY (radian) [-0.070, 0.110, -1.476]
- Rotation: in RPY (degree) [-4.026, 6.297, -84.558]
- Matrix:
  0.094  0.992  0.080  7.033
 -0.989  0.102 -0.102 -1.981
 -0.110 -0.070  0.992 -1.807
  0.000  0.000  0.000  1.000
At time 1779612892.843218326
- Translation: [7.053, -2.400, -1.849]
- Rotation: in Quaternion (xyzw) [-0.001, 0.062, -0.730, 0.680]
- Rotation: in RPY (radian) [-0.091, 0.083, -1.645]
- Rotation: in RPY (degree) [-5.227, 4.766, -94.275]
- Matrix:
 -0.074  0.994  0.085  7.053
 -0.994 -0.067 -0.089 -2.400
 -0.083 -0.091  0.992 -1.849
  0.000  0.000  0.000  1.000
At time 1779612893.843191385
- Translation: [7.015, -2.823, -1.855]
- Rotation: in Quaternion (xyzw) [-0.009, 0.066, -0.711, 0.700]
- Rotation: in RPY (radian) [-0.107, 0.080, -1.589]
- Rotation: in RPY (degree) [-6.136, 4.570, -91.062]
- Matrix:
 -0.018  0.994  0.105  7.015
 -0.997 -0.010 -0.081 -2.823
 -0.080 -0.107  0.991 -1.855
  0.000  0.000  0.000  1.000
At time 1779612894.843245744
- Translation: [7.000, -3.227, -1.864]
- Rotation: in Quaternion (xyzw) [-0.014, 0.072, -0.623, 0.779]
- Rotation: in RPY (radian) [-0.112, 0.095, -1.354]
- Rotation: in RPY (degree) [-6.406, 5.435, -77.599]
- Matrix:
  0.214  0.968  0.129  7.000
 -0.972  0.224 -0.068 -3.227
 -0.095 -0.111  0.989 -1.864
  0.000  0.000  0.000  1.000
At time 1779612895.843302488
- Translation: [7.117, -3.559, -1.890]
- Rotation: in Quaternion (xyzw) [-0.010, 0.071, -0.593, 0.802]
- Rotation: in RPY (radian) [-0.101, 0.102, -1.278]
- Rotation: in RPY (degree) [-5.808, 5.827, -73.249]
- Matrix:
  0.287  0.950  0.126  7.117
 -0.953  0.297 -0.068 -3.559
 -0.102 -0.101  0.990 -1.890
  0.000  0.000  0.000  1.000
At time 1779612896.843334436
- Translation: [7.257, -3.942, -1.911]
- Rotation: in Quaternion (xyzw) [0.007, 0.060, -0.599, 0.799]
- Rotation: in RPY (radian) [-0.061, 0.104, -1.289]
- Rotation: in RPY (degree) [-3.518, 5.933, -73.870]
- Matrix:
  0.276  0.957  0.088  7.257
 -0.955  0.283 -0.082 -3.942
 -0.103 -0.061  0.993 -1.911
  0.000  0.000  0.000  1.000
At time 1779612897.843623399
- Translation: [7.356, -4.299, -1.945]
- Rotation: in Quaternion (xyzw) [0.023, 0.049, -0.566, 0.822]
- Rotation: in RPY (radian) [-0.019, 0.107, -1.207]
- Rotation: in RPY (degree) [-1.070, 6.136, -69.177]
- Matrix:
  0.353  0.934  0.055  7.356
 -0.929  0.357 -0.093 -4.299
 -0.107 -0.019  0.994 -1.945
  0.000  0.000  0.000  1.000
At time 1779612898.844096660
- Translation: [7.407, -4.623, -1.979]
- Rotation: in Quaternion (xyzw) [0.024, 0.045, -0.539, 0.841]
- Rotation: in RPY (radian) [-0.008, 0.101, -1.141]
- Rotation: in RPY (degree) [-0.462, 5.768, -65.348]
- Matrix:
  0.415  0.908  0.049  7.407
 -0.904  0.418 -0.088 -4.623
 -0.100 -0.008  0.995 -1.979
  0.000  0.000  0.000  1.000
At time 1779612899.843466281
- Translation: [7.500, -4.864, -2.002]
- Rotation: in Quaternion (xyzw) [0.024, 0.044, -0.515, 0.856]
- Rotation: in RPY (radian) [-0.003, 0.100, -1.083]
- Rotation: in RPY (degree) [-0.198, 5.744, -62.057]
- Matrix:
  0.466  0.883  0.050  7.500
 -0.879  0.469 -0.087 -4.864
 -0.100 -0.003  0.995 -2.002
  0.000  0.000  0.000  1.000
At time 1779612900.843870639
- Translation: [7.621, -4.957, -2.008]
- Rotation: in Quaternion (xyzw) [0.017, 0.043, -0.647, 0.761]
- Rotation: in RPY (radian) [-0.031, 0.088, -1.409]
- Rotation: in RPY (degree) [-1.760, 5.029, -80.751]
- Matrix:
  0.160  0.986  0.044  7.621
 -0.983  0.163 -0.082 -4.957
 -0.088 -0.031  0.996 -2.008
  0.000  0.000  0.000  1.000
At time 1779612901.845984458
- Translation: [7.625, -5.069, -1.996]
- Rotation: in Quaternion (xyzw) [0.009, 0.037, -0.792, 0.609]
- Rotation: in RPY (radian) [-0.049, 0.060, -1.833]
- Rotation: in RPY (degree) [-2.799, 3.412, -104.999]
- Matrix:
 -0.258  0.966  0.032  7.625
 -0.964 -0.256 -0.070 -5.069
 -0.060 -0.049  0.997 -1.996
  0.000  0.000  0.000  1.000
At time 1779612902.843530416
- Translation: [7.618, -5.115, -1.994]
- Rotation: in Quaternion (xyzw) [0.002, -0.032, 0.909, -0.416]
- Rotation: in RPY (radian) [-0.059, 0.023, -2.284]
- Rotation: in RPY (degree) [-3.369, 1.338, -130.889]
- Matrix:
 -0.654  0.756  0.029  7.618
 -0.756 -0.652 -0.056 -5.115
 -0.023 -0.059  0.998 -1.994
  0.000  0.000  0.000  1.000
At time 1779612903.843852281
- Translation: [7.559, -5.164, -1.976]
- Rotation: in Quaternion (xyzw) [0.011, -0.030, 0.980, -0.194]
- Rotation: in RPY (radian) [-0.063, -0.011, -2.750]
- Rotation: in RPY (degree) [-3.597, -0.626, -157.538]
- Matrix:
 -0.924  0.381  0.034  7.559
 -0.382 -0.923 -0.054 -5.164
  0.011 -0.063  0.998 -1.976
  0.000  0.000  0.000  1.000
At time 1779612904.843588590
- Translation: [7.504, -5.163, -1.971]
- Rotation: in Quaternion (xyzw) [0.015, -0.028, 0.998, -0.051]
- Rotation: in RPY (radian) [-0.057, -0.028, -3.038]
- Rotation: in RPY (degree) [-3.285, -1.598, -174.087]
- Matrix:
 -0.994  0.101  0.034  7.504
 -0.103 -0.993 -0.054 -5.163
  0.028 -0.057  0.998 -1.971
  0.000  0.000  0.000  1.000
At time 1779612905.843591451
- Translation: [7.440, -5.160, -1.989]
- Rotation: in Quaternion (xyzw) [0.024, -0.037, 0.998, -0.045]
- Rotation: in RPY (radian) [-0.076, -0.044, -3.050]
- Rotation: in RPY (degree) [-4.371, -2.510, -174.726]
- Matrix:
 -0.995  0.088  0.050  7.440
 -0.092 -0.993 -0.072 -5.160
  0.044 -0.076  0.996 -1.989
  0.000  0.000  0.000  1.000
At time 1779612906.843879461
- Translation: [7.450, -5.180, -1.999]
- Rotation: in Quaternion (xyzw) [0.017, -0.028, 0.997, -0.068]
- Rotation: in RPY (radian) [-0.058, -0.030, -3.004]
- Rotation: in RPY (degree) [-3.326, -1.741, -172.112]
- Matrix:
 -0.990  0.135  0.038  7.450
 -0.137 -0.989 -0.053 -5.180
  0.030 -0.058  0.998 -1.999
  0.000  0.000  0.000  1.000
At time 1779612907.843882560
- Translation: [7.387, -5.225, -1.970]
- Rotation: in Quaternion (xyzw) [0.018, -0.034, 0.988, -0.148]
- Rotation: in RPY (radian) [-0.073, -0.026, -2.844]
- Rotation: in RPY (degree) [-4.206, -1.501, -162.953]
- Matrix:
 -0.956  0.291  0.046  7.387
 -0.293 -0.954 -0.062 -5.225
  0.026 -0.073  0.997 -1.970
  0.000  0.000  0.000  1.000
At time 1779612908.843822479
- Translation: [7.347, -5.223, -1.963]
- Rotation: in Quaternion (xyzw) [0.015, -0.051, 0.968, -0.247]
- Rotation: in RPY (radian) [-0.107, -0.004, -2.642]
- Rotation: in RPY (degree) [-6.140, -0.254, -151.355]
- Matrix:
 -0.878  0.476  0.055  7.347
 -0.479 -0.873 -0.092 -5.223
  0.004 -0.107  0.994 -1.963
  0.000  0.000  0.000  1.000
At time 1779612909.843518495
- Translation: [7.250, -5.333, -1.976]
- Rotation: in Quaternion (xyzw) [0.017, -0.056, 0.936, -0.346]
- Rotation: in RPY (radian) [-0.116, 0.007, -2.434]
- Rotation: in RPY (degree) [-6.642, 0.413, -139.470]
- Matrix:
 -0.760  0.646  0.070  7.250
 -0.650 -0.754 -0.093 -5.333
 -0.007 -0.116  0.993 -1.976
  0.000  0.000  0.000  1.000
At time 1779612910.843546628
- Translation: [7.155, -5.358, -1.979]
- Rotation: in Quaternion (xyzw) [0.013, -0.059, 0.897, -0.438]
- Rotation: in RPY (radian) [-0.118, 0.029, -2.235]
- Rotation: in RPY (degree) [-6.753, 1.666, -128.031]
- Matrix:
 -0.616  0.784  0.075  7.155
 -0.787 -0.609 -0.095 -5.358
 -0.029 -0.118  0.993 -1.979
  0.000  0.000  0.000  1.000
At time 1779612911.843579530
- Translation: [7.125, -5.421, -1.976]
- Rotation: in Quaternion (xyzw) [-0.012, 0.062, -0.842, 0.536]
- Rotation: in RPY (radian) [-0.118, 0.045, -2.010]
- Rotation: in RPY (degree) [-6.735, 2.605, -115.185]
- Matrix:
 -0.425  0.901  0.087  7.125
 -0.904 -0.418 -0.091 -5.421
 -0.045 -0.117  0.992 -1.976
  0.000  0.000  0.000  1.000
At time 1779612912.843562126
- Translation: [7.088, -5.490, -1.989]
- Rotation: in Quaternion (xyzw) [-0.011, 0.062, -0.776, 0.628]
- Rotation: in RPY (radian) [-0.111, 0.062, -1.785]
- Rotation: in RPY (degree) [-6.340, 3.551, -102.267]
- Matrix:
 -0.212  0.973  0.095  7.088
 -0.975 -0.204 -0.084 -5.490
 -0.062 -0.110  0.992 -1.989
  0.000  0.000  0.000  1.000
At time 1779612913.844791412
- Translation: [7.072, -5.564, -2.000]
- Rotation: in Quaternion (xyzw) [-0.007, 0.063, -0.703, 0.709]
- Rotation: in RPY (radian) [-0.098, 0.079, -1.566]
- Rotation: in RPY (degree) [-5.628, 4.553, -89.707]
- Matrix:
  0.005  0.995  0.098  7.072
 -0.997  0.013 -0.078 -5.564
 -0.079 -0.098  0.992 -2.000
  0.000  0.000  0.000  1.000
At time 1779612914.843651533
- Translation: [7.059, -5.626, -2.009]
- Rotation: in Quaternion (xyzw) [-0.002, 0.061, -0.626, 0.777]
- Rotation: in RPY (radian) [-0.079, 0.092, -1.359]
- Rotation: in RPY (degree) [-4.528, 5.275, -77.889]
- Matrix:
  0.209  0.973  0.096  7.059
 -0.974  0.216 -0.073 -5.626
 -0.092 -0.079  0.993 -2.009
  0.000  0.000  0.000  1.000
At time 1779612915.843692541
- Translation: [7.094, -5.738, -2.027]
- Rotation: in Quaternion (xyzw) [-0.000, 0.059, -0.565, 0.823]
- Rotation: in RPY (radian) [-0.067, 0.097, -1.206]
- Rotation: in RPY (degree) [-3.853, 5.554, -69.124]
- Matrix:
  0.355  0.930  0.097  7.094
 -0.930  0.362 -0.066 -5.738
 -0.097 -0.067  0.993 -2.027
  0.000  0.000  0.000  1.000
At time 1779612916.843721628
- Translation: [7.228, -5.928, -2.038]
- Rotation: in Quaternion (xyzw) [-0.001, 0.065, -0.533, 0.844]
- Rotation: in RPY (radian) [-0.072, 0.108, -1.131]
- Rotation: in RPY (degree) [-4.104, 6.215, -64.806]
- Matrix:
  0.423  0.899  0.111  7.228
 -0.900  0.432 -0.067 -5.928
 -0.108 -0.071  0.992 -2.038
  0.000  0.000  0.000  1.000
At time 1779612917.843702554
- Translation: [7.438, -6.277, -2.060]
- Rotation: in Quaternion (xyzw) [-0.011, 0.067, -0.481, 0.874]
- Rotation: in RPY (radian) [-0.085, 0.106, -1.010]
- Rotation: in RPY (degree) [-4.846, 6.062, -57.855]
- Matrix:
  0.529  0.839  0.128  7.438
 -0.842  0.538 -0.044 -6.277
 -0.106 -0.084  0.991 -2.060
  0.000  0.000  0.000  1.000
At time 1779612918.843743324
- Translation: [7.674, -6.612, -2.075]
- Rotation: in Quaternion (xyzw) [-0.010, 0.066, -0.423, 0.903]
- Rotation: in RPY (radian) [-0.074, 0.112, -0.881]
- Rotation: in RPY (degree) [-4.247, 6.420, -50.466]
- Matrix:
  0.633  0.764  0.128  7.674
 -0.766  0.641 -0.039 -6.612
 -0.112 -0.074  0.991 -2.075
  0.000  0.000  0.000  1.000
At time 1779612919.843780755
- Translation: [7.988, -6.967, -2.103]
- Rotation: in Quaternion (xyzw) [-0.009, 0.069, -0.495, 0.866]
- Rotation: in RPY (radian) [-0.084, 0.112, -1.042]
- Rotation: in RPY (degree) [-4.817, 6.421, -59.725]
- Matrix:
  0.501  0.856  0.129  7.988
 -0.858  0.510 -0.054 -6.967
 -0.112 -0.083  0.990 -2.103
  0.000  0.000  0.000  1.000
At time 1779612920.843788623
- Translation: [8.091, -7.260, -2.124]
- Rotation: in Quaternion (xyzw) [-0.002, 0.065, -0.568, 0.820]
- Rotation: in RPY (radian) [-0.078, 0.105, -1.215]
- Rotation: in RPY (degree) [-4.476, 6.005, -69.634]
- Matrix:
  0.346  0.932  0.109  8.091
 -0.932  0.355 -0.071 -7.260
 -0.105 -0.078  0.991 -2.124
  0.000  0.000  0.000  1.000
At time 1779612921.843799352
- Translation: [8.228, -7.482, -2.160]
- Rotation: in Quaternion (xyzw) [-0.015, 0.064, -0.657, 0.751]
- Rotation: in RPY (radian) [-0.106, 0.077, -1.441]
- Rotation: in RPY (degree) [-6.084, 4.384, -82.551]
- Matrix:
  0.129  0.985  0.115  8.228
 -0.989  0.137 -0.062 -7.482
 -0.076 -0.106  0.991 -2.160
  0.000  0.000  0.000  1.000
At time 1779612922.843815326
- Translation: [8.172, -7.548, -2.178]
- Rotation: in Quaternion (xyzw) [-0.006, 0.053, -0.663, 0.747]
- Rotation: in RPY (radian) [-0.080, 0.071, -1.455]
- Rotation: in RPY (degree) [-4.586, 4.048, -83.380]
- Matrix:
  0.115  0.990  0.088  8.172
 -0.991  0.121 -0.061 -7.548
 -0.071 -0.080  0.994 -2.178
  0.000  0.000  0.000  1.000
At time 1779612923.843856334
- Translation: [8.156, -7.561, -2.173]
- Rotation: in Quaternion (xyzw) [-0.004, 0.048, -0.659, 0.751]
- Rotation: in RPY (radian) [-0.069, 0.068, -1.443]
- Rotation: in RPY (degree) [-3.978, 3.904, -82.677]
- Matrix:
  0.127  0.989  0.077  8.156
 -0.990  0.132 -0.059 -7.561
 -0.068 -0.069  0.995 -2.173
  0.000  0.000  0.000  1.000
At time 1779612924.843871593
- Translation: [8.156, -7.570, -2.174]
- Rotation: in Quaternion (xyzw) [-0.004, 0.048, -0.661, 0.749]
- Rotation: in RPY (radian) [-0.069, 0.067, -1.448]
- Rotation: in RPY (degree) [-3.975, 3.820, -82.948]
- Matrix:
  0.122  0.989  0.077  8.156
 -0.990  0.127 -0.057 -7.570
 -0.067 -0.069  0.995 -2.174
  0.000  0.000  0.000  1.000
At time 1779612925.844041585
- Translation: [8.137, -7.570, -2.174]
- Rotation: in Quaternion (xyzw) [-0.005, 0.046, -0.660, 0.750]
- Rotation: in RPY (radian) [-0.068, 0.063, -1.445]
- Rotation: in RPY (degree) [-3.905, 3.594, -82.776]
- Matrix:
  0.126  0.989  0.075  8.137
 -0.990  0.130 -0.053 -7.570
 -0.063 -0.068  0.996 -2.174
  0.000  0.000  0.000  1.000
At time 1779612926.844724416
- Translation: [8.151, -7.570, -2.174]
- Rotation: in Quaternion (xyzw) [-0.005, 0.046, -0.660, 0.750]
- Rotation: in RPY (radian) [-0.069, 0.063, -1.447]
- Rotation: in RPY (degree) [-3.950, 3.608, -82.888]
- Matrix:
  0.124  0.989  0.076  8.151
 -0.990  0.128 -0.054 -7.570
 -0.063 -0.069  0.996 -2.174
  0.000  0.000  0.000  1.000
At time 1779612927.846671342
- Translation: [8.158, -7.567, -2.172]
- Rotation: in Quaternion (xyzw) [-0.005, 0.046, -0.661, 0.749]
- Rotation: in RPY (radian) [-0.069, 0.063, -1.448]
- Rotation: in RPY (degree) [-3.933, 3.607, -82.967]
- Matrix:
  0.122  0.990  0.076  8.158
 -0.991  0.126 -0.054 -7.567
 -0.063 -0.068  0.996 -2.172
  0.000  0.000  0.000  1.000
At time 1779612928.844421625
- Translation: [8.147, -7.569, -2.176]
- Rotation: in Quaternion (xyzw) [-0.005, 0.045, -0.660, 0.750]
- Rotation: in RPY (radian) [-0.067, 0.061, -1.447]
- Rotation: in RPY (degree) [-3.862, 3.511, -82.886]
- Matrix:
  0.124  0.990  0.074  8.147
 -0.990  0.128 -0.052 -7.569
 -0.061 -0.067  0.996 -2.176
  0.000  0.000  0.000  1.000
At time 1779612929.843970537
- Translation: [8.098, -7.581, -2.172]
- Rotation: in Quaternion (xyzw) [-0.005, 0.046, -0.659, 0.750]
- Rotation: in RPY (radian) [-0.068, 0.062, -1.444]
- Rotation: in RPY (degree) [-3.876, 3.540, -82.723]
- Matrix:
  0.126  0.989  0.075  8.098
 -0.990  0.131 -0.053 -7.581
 -0.062 -0.067  0.996 -2.172
  0.000  0.000  0.000  1.000
At time 1779612930.845125436
- Translation: [8.144, -7.575, -2.174]
- Rotation: in Quaternion (xyzw) [-0.005, 0.046, -0.661, 0.749]
- Rotation: in RPY (radian) [-0.068, 0.062, -1.447]
- Rotation: in RPY (degree) [-3.895, 3.541, -82.908]
- Matrix:
  0.123  0.990  0.075  8.144
 -0.990  0.127 -0.053 -7.575
 -0.062 -0.068  0.996 -2.174
  0.000  0.000  0.000  1.000
At time 1779612931.843997240
- Translation: [8.142, -7.569, -2.171]
- Rotation: in Quaternion (xyzw) [-0.005, 0.046, -0.660, 0.750]
- Rotation: in RPY (radian) [-0.068, 0.063, -1.445]
- Rotation: in RPY (degree) [-3.900, 3.600, -82.769]
- Matrix:
  0.126  0.989  0.075  8.142
 -0.990  0.130 -0.054 -7.569
 -0.063 -0.068  0.996 -2.171
  0.000  0.000  0.000  1.000
At time 1779612932.845955610
- Translation: [8.169, -7.563, -2.175]
- Rotation: in Quaternion (xyzw) [-0.005, 0.046, -0.660, 0.750]
- Rotation: in RPY (radian) [-0.069, 0.063, -1.445]
- Rotation: in RPY (degree) [-3.943, 3.599, -82.794]
- Matrix:
  0.125  0.989  0.076  8.169
 -0.990  0.129 -0.054 -7.563
 -0.063 -0.069  0.996 -2.175
  0.000  0.000  0.000  1.000
At time 1779612933.844042539
- Translation: [8.111, -7.569, -2.174]
- Rotation: in Quaternion (xyzw) [-0.005, 0.046, -0.659, 0.750]
- Rotation: in RPY (radian) [-0.069, 0.063, -1.444]
- Rotation: in RPY (degree) [-3.957, 3.596, -82.751]
- Matrix:
  0.126  0.989  0.076  8.111
 -0.990  0.130 -0.053 -7.569
 -0.063 -0.069  0.996 -2.174
  0.000  0.000  0.000  1.000
At time 1779612934.844315528
- Translation: [8.122, -7.569, -2.174]
- Rotation: in Quaternion (xyzw) [-0.005, 0.047, -0.660, 0.750]
- Rotation: in RPY (radian) [-0.069, 0.064, -1.445]
- Rotation: in RPY (degree) [-3.953, 3.645, -82.800]
- Matrix:
  0.125  0.989  0.076  8.122
 -0.990  0.129 -0.054 -7.569
 -0.064 -0.069  0.996 -2.174
  0.000  0.000  0.000  1.000
At time 1779612935.844300270
- Translation: [8.146, -7.571, -2.173]
- Rotation: in Quaternion (xyzw) [-0.004, 0.047, -0.660, 0.750]
- Rotation: in RPY (radian) [-0.068, 0.064, -1.445]
- Rotation: in RPY (degree) [-3.889, 3.686, -82.810]
- Matrix:
  0.125  0.989  0.075  8.146
 -0.990  0.129 -0.055 -7.571
 -0.064 -0.068  0.996 -2.173
  0.000  0.000  0.000  1.000
At time 1779612936.845306634
- Translation: [8.140, -7.575, -2.174]
- Rotation: in Quaternion (xyzw) [-0.004, 0.047, -0.660, 0.750]
- Rotation: in RPY (radian) [-0.068, 0.064, -1.445]
- Rotation: in RPY (degree) [-3.900, 3.685, -82.780]
- Matrix:
  0.125  0.989  0.076  8.140
 -0.990  0.130 -0.055 -7.575
 -0.064 -0.068  0.996 -2.174
  0.000  0.000  0.000  1.000
At time 1779612937.846790552
- Translation: [8.117, -7.572, -2.173]
- Rotation: in Quaternion (xyzw) [-0.004, 0.047, -0.660, 0.750]
- Rotation: in RPY (radian) [-0.069, 0.066, -1.446]
- Rotation: in RPY (degree) [-3.955, 3.772, -82.857]
- Matrix:
  0.124  0.989  0.077  8.117
 -0.990  0.129 -0.057 -7.572
 -0.066 -0.069  0.995 -2.173
  0.000  0.000  0.000  1.000
At time 1779612938.844728469
- Translation: [8.144, -7.567, -2.172]
- Rotation: in Quaternion (xyzw) [-0.004, 0.048, -0.661, 0.749]
- Rotation: in RPY (radian) [-0.069, 0.066, -1.447]
- Rotation: in RPY (degree) [-3.946, 3.783, -82.924]
- Matrix:
  0.123  0.989  0.076  8.144
 -0.990  0.127 -0.057 -7.567
 -0.066 -0.069  0.995 -2.172
  0.000  0.000  0.000  1.000
At time 1779612939.845367670
- Translation: [8.141, -7.569, -2.177]
- Rotation: in Quaternion (xyzw) [-0.004, 0.047, -0.661, 0.749]
- Rotation: in RPY (radian) [-0.069, 0.065, -1.448]
- Rotation: in RPY (degree) [-3.971, 3.742, -82.943]
- Matrix:
  0.123  0.989  0.077  8.141
 -0.990  0.127 -0.056 -7.569
 -0.065 -0.069  0.995 -2.177
  0.000  0.000  0.000  1.000
At time 1779612940.844178676
- Translation: [8.132, -7.563, -2.175]
- Rotation: in Quaternion (xyzw) [-0.004, 0.048, -0.660, 0.749]
- Rotation: in RPY (radian) [-0.070, 0.066, -1.447]
- Rotation: in RPY (degree) [-4.007, 3.778, -82.892]
- Matrix:
  0.123  0.989  0.077  8.132
 -0.990  0.128 -0.057 -7.563
 -0.066 -0.070  0.995 -2.175
  0.000  0.000  0.000  1.000
At time 1779612941.844322443
- Translation: [8.169, -7.560, -2.174]
- Rotation: in Quaternion (xyzw) [-0.004, 0.047, -0.661, 0.749]
- Rotation: in RPY (radian) [-0.069, 0.066, -1.448]
- Rotation: in RPY (degree) [-3.927, 3.785, -82.950]
- Matrix:
  0.122  0.990  0.076  8.169
 -0.990  0.127 -0.057 -7.560
 -0.066 -0.068  0.995 -2.174
  0.000  0.000  0.000  1.000
At time 1779612942.844207525
- Translation: [8.167, -7.558, -2.177]
- Rotation: in Quaternion (xyzw) [-0.004, 0.048, -0.662, 0.748]
- Rotation: in RPY (radian) [-0.070, 0.066, -1.451]
- Rotation: in RPY (degree) [-3.999, 3.805, -83.108]
- Matrix:
  0.120  0.990  0.077  8.167
 -0.991  0.124 -0.057 -7.558
 -0.066 -0.070  0.995 -2.177
  0.000  0.000  0.000  1.000
At time 1779612943.844255447
- Translation: [8.164, -7.562, -2.173]
- Rotation: in Quaternion (xyzw) [-0.004, 0.048, -0.661, 0.748]
- Rotation: in RPY (radian) [-0.069, 0.067, -1.450]
- Rotation: in RPY (degree) [-3.981, 3.856, -83.066]
- Matrix:
  0.120  0.990  0.077  8.164
 -0.990  0.125 -0.058 -7.562
 -0.067 -0.069  0.995 -2.173
  0.000  0.000  0.000  1.000
At time 1779612944.844275712
- Translation: [8.148, -7.560, -2.173]
- Rotation: in Quaternion (xyzw) [-0.004, 0.048, -0.662, 0.748]
- Rotation: in RPY (radian) [-0.070, 0.067, -1.451]
- Rotation: in RPY (degree) [-3.993, 3.854, -83.111]
- Matrix:
  0.120  0.990  0.077  8.148
 -0.991  0.124 -0.058 -7.560
 -0.067 -0.069  0.995 -2.173
  0.000  0.000  0.000  1.000
At time 1779612945.844371557
- Translation: [8.149, -7.560, -2.173]
- Rotation: in Quaternion (xyzw) [-0.004, 0.048, -0.661, 0.749]
- Rotation: in RPY (radian) [-0.069, 0.067, -1.449]
- Rotation: in RPY (degree) [-3.981, 3.853, -82.995]
- Matrix:
  0.122  0.990  0.077  8.149
 -0.990  0.126 -0.058 -7.560
 -0.067 -0.069  0.995 -2.173
  0.000  0.000  0.000  1.000
At time 1779612946.844815731
- Translation: [8.161, -7.562, -2.176]
- Rotation: in Quaternion (xyzw) [-0.004, 0.048, -0.660, 0.749]
- Rotation: in RPY (radian) [-0.069, 0.068, -1.447]
- Rotation: in RPY (degree) [-3.975, 3.872, -82.903]
- Matrix:
  0.123  0.989  0.077  8.161
 -0.990  0.128 -0.058 -7.562
 -0.068 -0.069  0.995 -2.176
  0.000  0.000  0.000  1.000
At time 1779612947.844330310
- Translation: [8.166, -7.558, -2.175]
- Rotation: in Quaternion (xyzw) [-0.004, 0.048, -0.661, 0.749]
- Rotation: in RPY (radian) [-0.069, 0.067, -1.449]
- Rotation: in RPY (degree) [-3.961, 3.857, -83.028]
- Matrix:
  0.121  0.990  0.077  8.166
 -0.990  0.126 -0.058 -7.558
 -0.067 -0.069  0.995 -2.175
  0.000  0.000  0.000  1.000
At time 1779612948.844316720
- Translation: [8.163, -7.563, -2.176]
- Rotation: in Quaternion (xyzw) [-0.004, 0.048, -0.660, 0.749]
- Rotation: in RPY (radian) [-0.070, 0.067, -1.447]
- Rotation: in RPY (degree) [-4.016, 3.847, -82.921]
- Matrix:
  0.123  0.989  0.078  8.163
 -0.990  0.128 -0.058 -7.563
 -0.067 -0.070  0.995 -2.176
  0.000  0.000  0.000  1.000
At time 1779612949.844348430
- Translation: [8.159, -7.547, -2.178]
- Rotation: in Quaternion (xyzw) [-0.004, 0.048, -0.664, 0.746]
- Rotation: in RPY (radian) [-0.069, 0.066, -1.457]
- Rotation: in RPY (degree) [-3.977, 3.797, -83.461]
- Matrix:
  0.114  0.991  0.076  8.159
 -0.991  0.118 -0.058 -7.547
 -0.066 -0.069  0.995 -2.178
  0.000  0.000  0.000  1.000
At time 1779612950.844413518
- Translation: [8.171, -7.544, -2.174]
- Rotation: in Quaternion (xyzw) [-0.004, 0.048, -0.663, 0.747]
- Rotation: in RPY (radian) [-0.070, 0.068, -1.455]
- Rotation: in RPY (degree) [-4.000, 3.873, -83.346]
- Matrix:
  0.116  0.990  0.077  8.171
 -0.991  0.120 -0.059 -7.544
 -0.068 -0.070  0.995 -2.174
  0.000  0.000  0.000  1.000
At time 1779612951.844815254
- Translation: [8.167, -7.543, -2.177]
- Rotation: in Quaternion (xyzw) [-0.004, 0.048, -0.664, 0.746]
- Rotation: in RPY (radian) [-0.070, 0.067, -1.457]
- Rotation: in RPY (degree) [-4.016, 3.826, -83.484]
- Matrix:
  0.113  0.991  0.077  8.167
 -0.991  0.118 -0.058 -7.543
 -0.067 -0.070  0.995 -2.177
  0.000  0.000  0.000  1.000
At time 1779612952.844411611
- Translation: [8.173, -7.545, -2.177]
- Rotation: in Quaternion (xyzw) [-0.004, 0.048, -0.665, 0.745]
- Rotation: in RPY (radian) [-0.070, 0.067, -1.459]
- Rotation: in RPY (degree) [-4.030, 3.825, -83.605]
- Matrix:
  0.111  0.991  0.077  8.173
 -0.992  0.116 -0.058 -7.545
 -0.067 -0.070  0.995 -2.177
  0.000  0.000  0.000  1.000
At time 1779612953.844420433
- Translation: [8.176, -7.542, -2.176]
- Rotation: in Quaternion (xyzw) [-0.004, 0.048, -0.665, 0.746]
- Rotation: in RPY (radian) [-0.070, 0.067, -1.459]
- Rotation: in RPY (degree) [-3.995, 3.825, -83.575]
- Matrix:
  0.112  0.991  0.077  8.176
 -0.992  0.116 -0.058 -7.542
 -0.067 -0.070  0.995 -2.176
  0.000  0.000  0.000  1.000
At time 1779612954.846944332
- Translation: [8.172, -7.539, -2.175]
- Rotation: in Quaternion (xyzw) [-0.004, 0.048, -0.665, 0.745]
- Rotation: in RPY (radian) [-0.071, 0.067, -1.459]
- Rotation: in RPY (degree) [-4.058, 3.832, -83.613]
- Matrix:
  0.111  0.991  0.078  8.172
 -0.992  0.116 -0.058 -7.539
 -0.067 -0.071  0.995 -2.175
  0.000  0.000  0.000  1.000
At time 1779612955.844456434
- Translation: [8.179, -7.546, -2.176]
- Rotation: in Quaternion (xyzw) [-0.004, 0.048, -0.665, 0.745]
- Rotation: in RPY (radian) [-0.070, 0.067, -1.459]
- Rotation: in RPY (degree) [-4.002, 3.818, -83.585]
- Matrix:
  0.111  0.991  0.077  8.179
 -0.992  0.116 -0.058 -7.546
 -0.067 -0.070  0.995 -2.176
  0.000  0.000  0.000  1.000
At time 1779612956.844465732
- Translation: [8.172, -7.546, -2.176]
- Rotation: in Quaternion (xyzw) [-0.004, 0.048, -0.664, 0.746]
- Rotation: in RPY (radian) [-0.070, 0.067, -1.458]
- Rotation: in RPY (degree) [-4.007, 3.814, -83.510]
- Matrix:
  0.113  0.991  0.077  8.172
 -0.991  0.117 -0.058 -7.546
 -0.067 -0.070  0.995 -2.176
  0.000  0.000  0.000  1.000
At time 1779612957.844644546
- Translation: [8.178, -7.546, -2.176]
- Rotation: in Quaternion (xyzw) [-0.004, 0.048, -0.665, 0.745]
- Rotation: in RPY (radian) [-0.070, 0.066, -1.459]
- Rotation: in RPY (degree) [-3.996, 3.797, -83.600]
- Matrix:
  0.111  0.991  0.077  8.178
 -0.992  0.116 -0.058 -7.546
 -0.066 -0.070  0.995 -2.176
  0.000  0.000  0.000  1.000
At time 1779612958.845929384
- Translation: [8.182, -7.542, -2.175]
- Rotation: in Quaternion (xyzw) [-0.004, 0.048, -0.665, 0.745]
- Rotation: in RPY (radian) [-0.071, 0.066, -1.461]
- Rotation: in RPY (degree) [-4.045, 3.808, -83.690]
- Matrix:
  0.110  0.991  0.077  8.182
 -0.992  0.114 -0.058 -7.542
 -0.066 -0.070  0.995 -2.175
  0.000  0.000  0.000  1.000
At time 1779612959.844551324
- Translation: [8.184, -7.544, -2.175]
- Rotation: in Quaternion (xyzw) [-0.004, 0.048, -0.665, 0.745]
- Rotation: in RPY (radian) [-0.070, 0.067, -1.459]
- Rotation: in RPY (degree) [-4.007, 3.820, -83.593]
- Matrix:
  0.111  0.991  0.077  8.184
 -0.992  0.116 -0.058 -7.544
 -0.067 -0.070  0.995 -2.175
  0.000  0.000  0.000  1.000
At time 1779612960.844635725
- Translation: [8.193, -7.544, -2.174]
- Rotation: in Quaternion (xyzw) [-0.004, 0.048, -0.666, 0.745]
- Rotation: in RPY (radian) [-0.070, 0.067, -1.461]
- Rotation: in RPY (degree) [-4.015, 3.817, -83.713]
- Matrix:
  0.109  0.991  0.077  8.193
 -0.992  0.114 -0.058 -7.544
 -0.067 -0.070  0.995 -2.174
  0.000  0.000  0.000  1.000
At time 1779612961.844952583
- Translation: [8.188, -7.545, -2.175]
- Rotation: in Quaternion (xyzw) [-0.004, 0.048, -0.665, 0.746]
- Rotation: in RPY (radian) [-0.070, 0.067, -1.459]
- Rotation: in RPY (degree) [-3.997, 3.821, -83.575]
- Matrix:
  0.112  0.991  0.077  8.188
 -0.992  0.116 -0.058 -7.545
 -0.067 -0.070  0.995 -2.175
  0.000  0.000  0.000  1.000
At time 1779612962.845869541
- Translation: [8.165, -7.548, -2.175]
- Rotation: in Quaternion (xyzw) [-0.005, 0.048, -0.663, 0.747]
- Rotation: in RPY (radian) [-0.072, 0.065, -1.453]
- Rotation: in RPY (degree) [-4.121, 3.741, -83.239]
- Matrix:
  0.117  0.990  0.079  8.165
 -0.991  0.122 -0.056 -7.548
 -0.065 -0.072  0.995 -2.175
  0.000  0.000  0.000  1.000
At time 1779612963.844595432
- Translation: [8.187, -7.535, -2.174]
- Rotation: in Quaternion (xyzw) [-0.004, 0.049, -0.665, 0.745]
- Rotation: in RPY (radian) [-0.070, 0.067, -1.459]
- Rotation: in RPY (degree) [-4.032, 3.862, -83.596]
- Matrix:
  0.111  0.991  0.077  8.187
 -0.992  0.116 -0.059 -7.535
 -0.067 -0.070  0.995 -2.174
  0.000  0.000  0.000  1.000
At time 1779612964.845594644
- Translation: [8.177, -7.537, -2.173]
- Rotation: in Quaternion (xyzw) [-0.004, 0.049, -0.664, 0.746]
- Rotation: in RPY (radian) [-0.070, 0.067, -1.457]
- Rotation: in RPY (degree) [-4.032, 3.858, -83.478]
- Matrix:
  0.113  0.991  0.077  8.177
 -0.991  0.118 -0.059 -7.537
 -0.067 -0.070  0.995 -2.173
  0.000  0.000  0.000  1.000
At time 1779612965.845334529
- Translation: [8.177, -7.541, -2.174]
- Rotation: in Quaternion (xyzw) [-0.004, 0.048, -0.664, 0.746]
- Rotation: in RPY (radian) [-0.070, 0.067, -1.457]
- Rotation: in RPY (degree) [-4.013, 3.838, -83.472]
- Matrix:
  0.113  0.991  0.077  8.177
 -0.991  0.118 -0.058 -7.541
 -0.067 -0.070  0.995 -2.174
  0.000  0.000  0.000  1.000
At time 1779612966.844707489
- Translation: [8.177, -7.540, -2.173]
- Rotation: in Quaternion (xyzw) [-0.004, 0.048, -0.664, 0.746]
- Rotation: in RPY (radian) [-0.070, 0.067, -1.457]
- Rotation: in RPY (degree) [-3.996, 3.847, -83.457]
- Matrix:
  0.114  0.991  0.077  8.177
 -0.991  0.118 -0.059 -7.540
 -0.067 -0.070  0.995 -2.173
  0.000  0.000  0.000  1.000
At time 1779612967.851884365
- Translation: [8.178, -7.543, -2.175]
- Rotation: in Quaternion (xyzw) [-0.004, 0.048, -0.665, 0.746]
- Rotation: in RPY (radian) [-0.071, 0.067, -1.458]
- Rotation: in RPY (degree) [-4.043, 3.820, -83.561]
- Matrix:
  0.112  0.991  0.078  8.178
 -0.991  0.117 -0.058 -7.543
 -0.067 -0.070  0.995 -2.175
  0.000  0.000  0.000  1.000
At time 1779612968.844795703
- Translation: [8.188, -7.543, -2.170]
- Rotation: in Quaternion (xyzw) [-0.004, 0.048, -0.663, 0.747]
- Rotation: in RPY (radian) [-0.070, 0.067, -1.454]
- Rotation: in RPY (degree) [-3.987, 3.847, -83.297]
- Matrix:
  0.116  0.990  0.077  8.188
 -0.991  0.121 -0.058 -7.543
 -0.067 -0.069  0.995 -2.170
  0.000  0.000  0.000  1.000
At time 1779612969.845105648
- Translation: [8.167, -7.546, -2.172]
- Rotation: in Quaternion (xyzw) [-0.004, 0.048, -0.663, 0.747]
- Rotation: in RPY (radian) [-0.070, 0.066, -1.453]
- Rotation: in RPY (degree) [-4.021, 3.809, -83.237]
- Matrix:
  0.117  0.990  0.077  8.167
 -0.991  0.122 -0.058 -7.546
 -0.066 -0.070  0.995 -2.172
  0.000  0.000  0.000  1.000
At time 1779612970.844750404
- Translation: [8.187, -7.542, -2.172]
- Rotation: in Quaternion (xyzw) [-0.004, 0.048, -0.663, 0.747]
- Rotation: in RPY (radian) [-0.070, 0.067, -1.455]
- Rotation: in RPY (degree) [-4.032, 3.833, -83.358]
- Matrix:
  0.115  0.990  0.078  8.187
 -0.991  0.120 -0.058 -7.542
 -0.067 -0.070  0.995 -2.172
  0.000  0.000  0.000  1.000
At time 1779612971.845796346
- Translation: [8.186, -7.544, -2.173]
- Rotation: in Quaternion (xyzw) [-0.004, 0.048, -0.663, 0.747]
- Rotation: in RPY (radian) [-0.071, 0.067, -1.454]
- Rotation: in RPY (degree) [-4.053, 3.834, -83.290]
- Matrix:
  0.117  0.990  0.078  8.186
 -0.991  0.121 -0.058 -7.544
 -0.067 -0.071  0.995 -2.173
  0.000  0.000  0.000  1.000
At time 1779612972.845369577
- Translation: [8.181, -7.542, -2.173]
- Rotation: in Quaternion (xyzw) [-0.004, 0.048, -0.664, 0.746]
- Rotation: in RPY (radian) [-0.071, 0.067, -1.456]
- Rotation: in RPY (degree) [-4.046, 3.822, -83.436]
- Matrix:
  0.114  0.990  0.078  8.181
 -0.991  0.119 -0.058 -7.542
 -0.067 -0.070  0.995 -2.173
  0.000  0.000  0.000  1.000
At time 1779612973.844817638
- Translation: [8.174, -7.546, -2.173]
- Rotation: in Quaternion (xyzw) [-0.004, 0.048, -0.663, 0.747]
- Rotation: in RPY (radian) [-0.070, 0.066, -1.454]
- Rotation: in RPY (degree) [-4.039, 3.803, -83.304]
- Matrix:
  0.116  0.990  0.078  8.174
 -0.991  0.121 -0.058 -7.546
 -0.066 -0.070  0.995 -2.173
  0.000  0.000  0.000  1.000
At time 1779612974.844858407
- Translation: [8.183, -7.539, -2.172]
- Rotation: in Quaternion (xyzw) [-0.004, 0.049, -0.664, 0.747]
- Rotation: in RPY (radian) [-0.071, 0.067, -1.456]
- Rotation: in RPY (degree) [-4.059, 3.836, -83.399]
- Matrix:
  0.115  0.990  0.078  8.183
 -0.991  0.119 -0.058 -7.539
 -0.067 -0.071  0.995 -2.172
  0.000  0.000  0.000  1.000
At time 1779612975.845221281
- Translation: [8.172, -7.542, -2.174]
- Rotation: in Quaternion (xyzw) [-0.004, 0.048, -0.663, 0.747]
- Rotation: in RPY (radian) [-0.071, 0.066, -1.455]
- Rotation: in RPY (degree) [-4.050, 3.804, -83.371]
- Matrix:
  0.115  0.990  0.078  8.172
 -0.991  0.120 -0.058 -7.542
 -0.066 -0.070  0.995 -2.174
  0.000  0.000  0.000  1.000
At time 1779612976.844865560
- Translation: [8.177, -7.542, -2.173]
- Rotation: in Quaternion (xyzw) [-0.004, 0.048, -0.663, 0.747]
- Rotation: in RPY (radian) [-0.071, 0.066, -1.455]
- Rotation: in RPY (degree) [-4.049, 3.806, -83.377]
- Matrix:
  0.115  0.990  0.078  8.177
 -0.991  0.120 -0.058 -7.542
 -0.066 -0.070  0.995 -2.173
  0.000  0.000  0.000  1.000
At time 1779612977.844873428
- Translation: [8.181, -7.541, -2.173]
- Rotation: in Quaternion (xyzw) [-0.004, 0.048, -0.664, 0.747]
- Rotation: in RPY (radian) [-0.071, 0.066, -1.455]
- Rotation: in RPY (degree) [-4.045, 3.810, -83.392]
- Matrix:
  0.115  0.990  0.078  8.181
 -0.991  0.119 -0.058 -7.541
 -0.066 -0.070  0.995 -2.173
  0.000  0.000  0.000  1.000
At time 1779612978.844916105
- Translation: [8.180, -7.541, -2.171]
- Rotation: in Quaternion (xyzw) [-0.004, 0.048, -0.663, 0.747]
- Rotation: in RPY (radian) [-0.070, 0.067, -1.455]
- Rotation: in RPY (degree) [-4.023, 3.836, -83.349]
- Matrix:
  0.116  0.990  0.077  8.180
 -0.991  0.120 -0.058 -7.541
 -0.067 -0.070  0.995 -2.171
  0.000  0.000  0.000  1.000
At time 1779612979.845049381
- Translation: [8.178, -7.539, -2.173]
- Rotation: in Quaternion (xyzw) [-0.004, 0.048, -0.664, 0.746]
- Rotation: in RPY (radian) [-0.071, 0.067, -1.456]
- Rotation: in RPY (degree) [-4.048, 3.816, -83.428]
- Matrix:
  0.114  0.990  0.078  8.178
 -0.991  0.119 -0.058 -7.539
 -0.067 -0.070  0.995 -2.173
  0.000  0.000  0.000  1.000
At time 1779612980.845086574
- Translation: [8.185, -7.545, -2.173]
- Rotation: in Quaternion (xyzw) [-0.004, 0.048, -0.663, 0.747]
- Rotation: in RPY (radian) [-0.070, 0.067, -1.453]
- Rotation: in RPY (degree) [-3.994, 3.818, -83.263]
- Matrix:
  0.117  0.990  0.077  8.185
 -0.991  0.122 -0.058 -7.545
 -0.067 -0.069  0.995 -2.173
  0.000  0.000  0.000  1.000
At time 1779612981.845070600
- Translation: [8.226, -7.546, -2.175]
- Rotation: in Quaternion (xyzw) [0.001, 0.052, -0.652, 0.756]
- Rotation: in RPY (radian) [-0.067, 0.080, -1.425]
- Rotation: in RPY (degree) [-3.828, 4.607, -81.670]
- Matrix:
  0.144  0.986  0.078  8.226
 -0.986  0.150 -0.070 -7.546
 -0.080 -0.067  0.995 -2.175
  0.000  0.000  0.000  1.000
At time 1779612982.846372365
- Translation: [8.172, -7.561, -2.175]
- Rotation: in Quaternion (xyzw) [0.003, 0.054, -0.649, 0.759]
- Rotation: in RPY (radian) [-0.066, 0.087, -1.418]
- Rotation: in RPY (degree) [-3.770, 4.986, -81.247]
- Matrix:
  0.152  0.985  0.078  8.172
 -0.985  0.157 -0.076 -7.561
 -0.087 -0.066  0.994 -2.175
  0.000  0.000  0.000  1.000
At time 1779612983.846040248
- Translation: [8.221, -7.557, -2.177]
- Rotation: in Quaternion (xyzw) [0.005, 0.055, -0.645, 0.762]
- Rotation: in RPY (radian) [-0.064, 0.090, -1.409]
- Rotation: in RPY (degree) [-3.678, 5.143, -80.717]
- Matrix:
  0.161  0.984  0.078  8.221
 -0.983  0.167 -0.078 -7.557
 -0.090 -0.064  0.994 -2.177
  0.000  0.000  0.000  1.000
At time 1779612984.845032691
- Translation: [8.234, -7.555, -2.177]
- Rotation: in Quaternion (xyzw) [0.004, 0.056, -0.645, 0.762]
- Rotation: in RPY (radian) [-0.067, 0.090, -1.407]
- Rotation: in RPY (degree) [-3.819, 5.152, -80.603]
- Matrix:
  0.163  0.983  0.080  8.234
 -0.983  0.169 -0.078 -7.555
 -0.090 -0.066  0.994 -2.177
  0.000  0.000  0.000  1.000
At time 1779612985.845034122
- Translation: [8.211, -7.564, -2.182]
- Rotation: in Quaternion (xyzw) [-0.000, 0.049, -0.646, 0.761]
- Rotation: in RPY (radian) [-0.065, 0.075, -1.410]
- Rotation: in RPY (degree) [-3.710, 4.297, -80.786]
- Matrix:
  0.160  0.984  0.076  8.211
 -0.984  0.165 -0.063 -7.564
 -0.075 -0.065  0.995 -2.182
  0.000  0.000  0.000  1.000
At time 1779612986.845168590
- Translation: [8.219, -7.611, -2.180]
- Rotation: in Quaternion (xyzw) [0.006, 0.044, -0.624, 0.780]
- Rotation: in RPY (radian) [-0.045, 0.077, -1.352]
- Rotation: in RPY (degree) [-2.573, 4.394, -77.453]
- Matrix:
  0.217  0.974  0.060  8.219
 -0.973  0.220 -0.065 -7.611
 -0.077 -0.045  0.996 -2.180
  0.000  0.000  0.000  1.000
At time 1779612987.846746444
- Translation: [8.280, -7.690, -2.182]
- Rotation: in Quaternion (xyzw) [-0.010, 0.056, -0.603, 0.796]
- Rotation: in RPY (radian) [-0.085, 0.077, -1.299]
- Rotation: in RPY (degree) [-4.869, 4.437, -74.436]
- Matrix:
  0.268  0.958  0.102  8.280
 -0.960  0.274 -0.051 -7.690
 -0.077 -0.085  0.993 -2.182
  0.000  0.000  0.000  1.000
At time 1779612988.845229387
- Translation: [8.301, -7.731, -2.196]
- Rotation: in Quaternion (xyzw) [0.005, 0.043, -0.597, 0.801]
- Rotation: in RPY (radian) [-0.044, 0.074, -1.282]
- Rotation: in RPY (degree) [-2.506, 4.228, -73.458]
- Matrix:
  0.284  0.957  0.063  8.301
 -0.956  0.288 -0.058 -7.731
 -0.074 -0.044  0.996 -2.196
  0.000  0.000  0.000  1.000
At time 1779612989.845113754
- Translation: [8.265, -7.717, -2.184]
- Rotation: in Quaternion (xyzw) [0.001, 0.050, -0.590, 0.806]
- Rotation: in RPY (radian) [-0.056, 0.082, -1.265]
- Rotation: in RPY (degree) [-3.235, 4.697, -72.496]
- Matrix:
  0.300  0.951  0.078  8.265
 -0.950  0.305 -0.061 -7.717
 -0.082 -0.056  0.995 -2.184
  0.000  0.000  0.000  1.000
At time 1779612990.845532655
- Translation: [8.274, -7.727, -2.186]
- Rotation: in Quaternion (xyzw) [0.005, 0.051, -0.592, 0.805]
- Rotation: in RPY (radian) [-0.053, 0.088, -1.270]
- Rotation: in RPY (degree) [-3.049, 5.063, -72.783]
- Matrix:
  0.295  0.952  0.077  8.274
 -0.951  0.300 -0.068 -7.727
 -0.088 -0.053  0.995 -2.186
  0.000  0.000  0.000  1.000
At time 1779612991.845172405
- Translation: [8.268, -7.727, -2.183]
- Rotation: in Quaternion (xyzw) [0.001, 0.049, -0.590, 0.806]
- Rotation: in RPY (radian) [-0.056, 0.080, -1.267]
- Rotation: in RPY (degree) [-3.187, 4.575, -72.605]
- Matrix:
  0.298  0.951  0.077  8.268
 -0.951  0.303 -0.059 -7.727
 -0.080 -0.055  0.995 -2.183
  0.000  0.000  0.000  1.000
At time 1779612992.845180273
- Translation: [8.278, -7.721, -2.184]
- Rotation: in Quaternion (xyzw) [0.002, 0.049, -0.589, 0.806]
- Rotation: in RPY (radian) [-0.055, 0.082, -1.265]
- Rotation: in RPY (degree) [-3.151, 4.677, -72.452]
- Matrix:
  0.301  0.951  0.077  8.278
 -0.950  0.305 -0.061 -7.721
 -0.082 -0.055  0.995 -2.184
  0.000  0.000  0.000  1.000
At time 1779612993.845505714
- Translation: [8.268, -7.725, -2.182]
- Rotation: in Quaternion (xyzw) [0.002, 0.050, -0.591, 0.805]
- Rotation: in RPY (radian) [-0.057, 0.083, -1.270]
- Rotation: in RPY (degree) [-3.241, 4.728, -72.765]
- Matrix:
  0.295  0.952  0.078  8.268
 -0.952  0.300 -0.062 -7.725
 -0.082 -0.056  0.995 -2.182
  0.000  0.000  0.000  1.000
At time 1779612994.845244646
- Translation: [8.339, -7.729, -2.190]
- Rotation: in Quaternion (xyzw) [0.001, 0.049, -0.596, 0.801]
- Rotation: in RPY (radian) [-0.057, 0.079, -1.282]
- Rotation: in RPY (degree) [-3.289, 4.540, -73.433]
- Matrix:
  0.284  0.956  0.078  8.339
 -0.955  0.289 -0.059 -7.729
 -0.079 -0.057  0.995 -2.190
  0.000  0.000  0.000  1.000
At time 1779612995.845559358
- Translation: [8.321, -7.730, -2.190]
- Rotation: in Quaternion (xyzw) [0.000, 0.049, -0.595, 0.802]
- Rotation: in RPY (radian) [-0.058, 0.079, -1.280]
- Rotation: in RPY (degree) [-3.308, 4.526, -73.314]
- Matrix:
  0.286  0.955  0.078  8.321
 -0.955  0.291 -0.059 -7.730
 -0.079 -0.058  0.995 -2.190
  0.000  0.000  0.000  1.000
At time 1779612996.845450401
- Translation: [8.318, -7.728, -2.191]
- Rotation: in Quaternion (xyzw) [0.000, 0.049, -0.595, 0.802]
- Rotation: in RPY (radian) [-0.058, 0.079, -1.280]
- Rotation: in RPY (degree) [-3.344, 4.526, -73.322]
- Matrix:
  0.286  0.955  0.078  8.318
 -0.955  0.291 -0.059 -7.728
 -0.079 -0.058  0.995 -2.191
  0.000  0.000  0.000  1.000
At time 1779612997.845275640
- Translation: [8.276, -7.723, -2.187]
- Rotation: in Quaternion (xyzw) [0.001, 0.049, -0.590, 0.806]
- Rotation: in RPY (radian) [-0.056, 0.081, -1.265]
- Rotation: in RPY (degree) [-3.222, 4.618, -72.493]
- Matrix:
  0.300  0.951  0.078  8.276
 -0.951  0.305 -0.060 -7.723
 -0.081 -0.056  0.995 -2.187
  0.000  0.000  0.000  1.000
At time 1779612998.845271587
- Translation: [8.305, -7.730, -2.188]
- Rotation: in Quaternion (xyzw) [0.001, 0.048, -0.589, 0.807]
- Rotation: in RPY (radian) [-0.055, 0.080, -1.264]
- Rotation: in RPY (degree) [-3.149, 4.584, -72.422]
- Matrix:
  0.301  0.951  0.076  8.305
 -0.950  0.306 -0.059 -7.730
 -0.080 -0.055  0.995 -2.188
  0.000  0.000  0.000  1.000
At time 1779612999.845323324
- Translation: [8.295, -7.709, -2.190]
- Rotation: in Quaternion (xyzw) [0.006, 0.053, -0.587, 0.808]
- Rotation: in RPY (radian) [-0.053, 0.092, -1.260]
- Rotation: in RPY (degree) [-3.047, 5.258, -72.183]
- Matrix:
  0.305  0.949  0.079  8.295
 -0.948  0.310 -0.071 -7.709
 -0.092 -0.053  0.994 -2.190
  0.000  0.000  0.000  1.000
At time 1779613000.845457315
- Translation: [8.341, -7.727, -2.189]
- Rotation: in Quaternion (xyzw) [0.001, 0.050, -0.595, 0.802]
- Rotation: in RPY (radian) [-0.059, 0.081, -1.279]
- Rotation: in RPY (degree) [-3.362, 4.615, -73.296]
- Matrix:
  0.286  0.955  0.079  8.341
 -0.955  0.291 -0.060 -7.727
 -0.080 -0.058  0.995 -2.189
  0.000  0.000  0.000  1.000
At time 1779613001.845899581
- Translation: [8.319, -7.716, -2.190]
- Rotation: in Quaternion (xyzw) [-0.000, 0.049, -0.594, 0.803]
- Rotation: in RPY (radian) [-0.059, 0.078, -1.276]
- Rotation: in RPY (degree) [-3.370, 4.491, -73.130]
- Matrix:
  0.289  0.954  0.079  8.319
 -0.954  0.294 -0.058 -7.716
 -0.078 -0.059  0.995 -2.190
  0.000  0.000  0.000  1.000
At time 1779613002.845351457
- Translation: [8.324, -7.724, -2.193]
- Rotation: in Quaternion (xyzw) [-0.000, 0.049, -0.594, 0.803]
- Rotation: in RPY (radian) [-0.059, 0.078, -1.277]
- Rotation: in RPY (degree) [-3.363, 4.473, -73.171]
- Matrix:
  0.289  0.954  0.079  8.324
 -0.954  0.293 -0.058 -7.724
 -0.078 -0.058  0.995 -2.193
  0.000  0.000  0.000  1.000
At time 1779613003.845387458
- Translation: [8.308, -7.720, -2.191]
- Rotation: in Quaternion (xyzw) [-0.000, 0.049, -0.594, 0.803]
- Rotation: in RPY (radian) [-0.058, 0.078, -1.277]
- Rotation: in RPY (degree) [-3.325, 4.476, -73.163]
- Matrix:
  0.289  0.954  0.078  8.308
 -0.954  0.293 -0.058 -7.720
 -0.078 -0.058  0.995 -2.191
  0.000  0.000  0.000  1.000
At time 1779613004.846261262
- Translation: [8.321, -7.722, -2.191]
- Rotation: in Quaternion (xyzw) [-0.000, 0.049, -0.594, 0.803]
- Rotation: in RPY (radian) [-0.058, 0.078, -1.277]
- Rotation: in RPY (degree) [-3.349, 4.493, -73.149]
- Matrix:
  0.289  0.954  0.079  8.321
 -0.954  0.294 -0.058 -7.722
 -0.078 -0.058  0.995 -2.191
  0.000  0.000  0.000  1.000
At time 1779613005.845405578
- Translation: [8.317, -7.722, -2.191]
- Rotation: in Quaternion (xyzw) [-0.000, 0.049, -0.594, 0.803]
- Rotation: in RPY (radian) [-0.058, 0.079, -1.277]
- Rotation: in RPY (degree) [-3.339, 4.499, -73.142]
- Matrix:
  0.289  0.954  0.078  8.317
 -0.954  0.294 -0.058 -7.722
 -0.078 -0.058  0.995 -2.191
  0.000  0.000  0.000  1.000
At time 1779613006.845437526
- Translation: [8.320, -7.723, -2.193]
- Rotation: in Quaternion (xyzw) [-0.000, 0.049, -0.594, 0.803]
- Rotation: in RPY (radian) [-0.059, 0.078, -1.277]
- Rotation: in RPY (degree) [-3.364, 4.487, -73.184]
- Matrix:
  0.288  0.954  0.079  8.320
 -0.954  0.293 -0.058 -7.723
 -0.078 -0.059  0.995 -2.193
  0.000  0.000  0.000  1.000
At time 1779613007.845837354
- Translation: [8.326, -7.722, -2.192]
- Rotation: in Quaternion (xyzw) [0.000, 0.049, -0.595, 0.803]
- Rotation: in RPY (radian) [-0.058, 0.078, -1.278]
- Rotation: in RPY (degree) [-3.336, 4.492, -73.208]
- Matrix:
  0.288  0.954  0.078  8.326
 -0.954  0.293 -0.058 -7.722
 -0.078 -0.058  0.995 -2.192
  0.000  0.000  0.000  1.000
At time 1779613008.845494270
- Translation: [8.318, -7.724, -2.192]
- Rotation: in Quaternion (xyzw) [-0.000, 0.049, -0.595, 0.803]
- Rotation: in RPY (radian) [-0.059, 0.078, -1.277]
- Rotation: in RPY (degree) [-3.356, 4.495, -73.188]
- Matrix:
  0.288  0.954  0.079  8.318
 -0.954  0.293 -0.058 -7.724
 -0.078 -0.058  0.995 -2.192
  0.000  0.000  0.000  1.000
At time 1779613009.845500707
- Translation: [8.329, -7.720, -2.192]
- Rotation: in Quaternion (xyzw) [0.000, 0.049, -0.595, 0.802]
- Rotation: in RPY (radian) [-0.058, 0.079, -1.279]
- Rotation: in RPY (degree) [-3.347, 4.506, -73.284]
- Matrix:
  0.287  0.955  0.078  8.329
 -0.955  0.292 -0.058 -7.720
 -0.079 -0.058  0.995 -2.192
  0.000  0.000  0.000  1.000
At time 1779613010.845934629
- Translation: [8.328, -7.724, -2.193]
- Rotation: in Quaternion (xyzw) [-0.000, 0.049, -0.595, 0.802]
- Rotation: in RPY (radian) [-0.058, 0.078, -1.278]
- Rotation: in RPY (degree) [-3.343, 4.493, -73.231]
- Matrix:
  0.288  0.955  0.078  8.328
 -0.955  0.292 -0.058 -7.724
 -0.078 -0.058  0.995 -2.193
  0.000  0.000  0.000  1.000
At time 1779613011.845553398
- Translation: [8.345, -7.721, -2.192]
- Rotation: in Quaternion (xyzw) [0.000, 0.049, -0.595, 0.802]
- Rotation: in RPY (radian) [-0.058, 0.079, -1.279]
- Rotation: in RPY (degree) [-3.323, 4.515, -73.291]
- Matrix:
  0.287  0.955  0.078  8.345
 -0.955  0.291 -0.059 -7.721
 -0.079 -0.058  0.995 -2.192
  0.000  0.000  0.000  1.000
At time 1779613012.845562219
- Translation: [8.333, -7.722, -2.191]
- Rotation: in Quaternion (xyzw) [0.000, 0.049, -0.595, 0.802]
- Rotation: in RPY (radian) [-0.058, 0.079, -1.278]
- Rotation: in RPY (degree) [-3.323, 4.533, -73.237]
- Matrix:
  0.288  0.955  0.078  8.333
 -0.955  0.292 -0.059 -7.722
 -0.079 -0.058  0.995 -2.191
  0.000  0.000  0.000  1.000
At time 1779613013.845906734
- Translation: [8.325, -7.724, -2.192]
- Rotation: in Quaternion (xyzw) [0.000, 0.049, -0.595, 0.803]
- Rotation: in RPY (radian) [-0.058, 0.079, -1.277]
- Rotation: in RPY (degree) [-3.350, 4.518, -73.190]
- Matrix:
  0.288  0.954  0.079  8.325
 -0.954  0.293 -0.058 -7.724
 -0.079 -0.058  0.995 -2.192
  0.000  0.000  0.000  1.000
At time 1779613014.846147537
- Translation: [8.328, -7.721, -2.192]
- Rotation: in Quaternion (xyzw) [0.000, 0.049, -0.595, 0.802]
- Rotation: in RPY (radian) [-0.058, 0.079, -1.278]
- Rotation: in RPY (degree) [-3.317, 4.513, -73.232]
- Matrix:
  0.288  0.955  0.078  8.328
 -0.955  0.292 -0.059 -7.721
 -0.079 -0.058  0.995 -2.192
  0.000  0.000  0.000  1.000
At time 1779613015.845639467
- Translation: [8.351, -7.726, -2.190]
- Rotation: in Quaternion (xyzw) [0.001, 0.049, -0.596, 0.802]
- Rotation: in RPY (radian) [-0.058, 0.080, -1.281]
- Rotation: in RPY (degree) [-3.322, 4.568, -73.384]
- Matrix:
  0.285  0.955  0.078  8.351
 -0.955  0.290 -0.060 -7.726
 -0.080 -0.058  0.995 -2.190
  0.000  0.000  0.000  1.000
At time 1779613016.845666408
- Translation: [8.344, -7.726, -2.190]
- Rotation: in Quaternion (xyzw) [0.001, 0.049, -0.596, 0.802]
- Rotation: in RPY (radian) [-0.058, 0.080, -1.281]
- Rotation: in RPY (degree) [-3.333, 4.581, -73.391]
- Matrix:
  0.285  0.955  0.078  8.344
 -0.955  0.290 -0.060 -7.726
 -0.080 -0.058  0.995 -2.190
  0.000  0.000  0.000  1.000
At time 1779613017.845643758
- Translation: [8.336, -7.725, -2.192]
- Rotation: in Quaternion (xyzw) [0.000, 0.049, -0.595, 0.802]
- Rotation: in RPY (radian) [-0.058, 0.080, -1.279]
- Rotation: in RPY (degree) [-3.351, 4.559, -73.296]
- Matrix:
  0.287  0.955  0.079  8.336
 -0.955  0.291 -0.059 -7.725
 -0.079 -0.058  0.995 -2.192
  0.000  0.000  0.000  1.000
At time 1779613018.845689535
- Translation: [8.354, -7.726, -2.189]
- Rotation: in Quaternion (xyzw) [0.001, 0.049, -0.596, 0.802]
- Rotation: in RPY (radian) [-0.058, 0.080, -1.281]
- Rotation: in RPY (degree) [-3.329, 4.585, -73.397]
- Matrix:
  0.285  0.955  0.078  8.354
 -0.955  0.290 -0.060 -7.726
 -0.080 -0.058  0.995 -2.189
  0.000  0.000  0.000  1.000
At time 1779613019.845710515
- Translation: [8.345, -7.725, -2.190]
- Rotation: in Quaternion (xyzw) [0.000, 0.049, -0.596, 0.801]
- Rotation: in RPY (radian) [-0.058, 0.080, -1.281]
- Rotation: in RPY (degree) [-3.347, 4.581, -73.416]
- Matrix:
  0.285  0.955  0.079  8.345
 -0.955  0.289 -0.060 -7.725
 -0.080 -0.058  0.995 -2.190
  0.000  0.000  0.000  1.000
At time 1779613020.845707416
- Translation: [8.355, -7.725, -2.188]
- Rotation: in Quaternion (xyzw) [0.001, 0.049, -0.596, 0.801]
- Rotation: in RPY (radian) [-0.058, 0.080, -1.281]
- Rotation: in RPY (degree) [-3.326, 4.591, -73.404]
- Matrix:
  0.285  0.955  0.078  8.355
 -0.955  0.290 -0.060 -7.725
 -0.080 -0.058  0.995 -2.188
  0.000  0.000  0.000  1.000
At time 1779613021.845763683
- Translation: [8.339, -7.725, -2.191]
- Rotation: in Quaternion (xyzw) [0.000, 0.049, -0.595, 0.802]
- Rotation: in RPY (radian) [-0.058, 0.079, -1.279]
- Rotation: in RPY (degree) [-3.317, 4.542, -73.292]
- Matrix:
  0.287  0.955  0.078  8.339
 -0.955  0.291 -0.059 -7.725
 -0.079 -0.058  0.995 -2.191
  0.000  0.000  0.000  1.000
At time 1779613022.845777511
- Translation: [8.342, -7.727, -2.190]
- Rotation: in Quaternion (xyzw) [0.000, 0.049, -0.596, 0.802]
- Rotation: in RPY (radian) [-0.058, 0.080, -1.281]
- Rotation: in RPY (degree) [-3.344, 4.555, -73.371]
- Matrix:
  0.285  0.955  0.079  8.342
 -0.955  0.290 -0.059 -7.727
 -0.079 -0.058  0.995 -2.190
  0.000  0.000  0.000  1.000
At time 1779613023.845767498
- Translation: [8.338, -7.725, -2.192]
- Rotation: in Quaternion (xyzw) [0.000, 0.049, -0.595, 0.802]
- Rotation: in RPY (radian) [-0.058, 0.080, -1.280]
- Rotation: in RPY (degree) [-3.351, 4.562, -73.321]
- Matrix:
  0.286  0.955  0.079  8.338
 -0.955  0.291 -0.059 -7.725
 -0.080 -0.058  0.995 -2.192
  0.000  0.000  0.000  1.000
At time 1779613024.845815181
- Translation: [8.335, -7.727, -2.188]
- Rotation: in Quaternion (xyzw) [0.001, 0.049, -0.597, 0.801]
- Rotation: in RPY (radian) [-0.058, 0.080, -1.283]
- Rotation: in RPY (degree) [-3.311, 4.601, -73.494]
- Matrix:
  0.283  0.956  0.078  8.335
 -0.956  0.288 -0.060 -7.727
 -0.080 -0.058  0.995 -2.188
  0.000  0.000  0.000  1.000
At time 1779613025.845723628
- Translation: [8.343, -7.715, -2.174]
- Rotation: in Quaternion (xyzw) [-0.011, 0.068, -0.785, 0.615]
- Rotation: in RPY (radian) [-0.120, 0.066, -1.817]
- Rotation: in RPY (degree) [-6.883, 3.800, -104.098]
- Matrix:
 -0.243  0.965  0.100  8.343
 -0.968 -0.234 -0.093 -7.715
 -0.066 -0.120  0.991 -2.174
  0.000  0.000  0.000  1.000
At time 1779613026.845761537
- Translation: [8.414, -7.786, -2.194]
- Rotation: in Quaternion (xyzw) [0.014, -0.058, 0.941, -0.334]
- Rotation: in RPY (radian) [-0.119, 0.013, -2.459]
- Rotation: in RPY (degree) [-6.844, 0.751, -140.918]
- Matrix:
 -0.776  0.627  0.065  8.414
 -0.630 -0.770 -0.101 -7.786
 -0.013 -0.119  0.993 -2.194
  0.000  0.000  0.000  1.000
At time 1779613027.845827341
- Translation: [8.317, -7.821, -2.204]
- Rotation: in Quaternion (xyzw) [0.016, -0.047, 0.995, -0.091]
- Rotation: in RPY (radian) [-0.097, -0.024, -2.958]
- Rotation: in RPY (degree) [-5.574, -1.374, -169.488]
- Matrix:
 -0.983  0.179  0.041  8.317
 -0.182 -0.979 -0.091 -7.821
  0.024 -0.097  0.995 -2.204
  0.000  0.000  0.000  1.000
At time 1779613028.847515344
- Translation: [8.254, -7.849, -2.206]
- Rotation: in Quaternion (xyzw) [0.022, -0.031, 0.997, -0.061]
- Rotation: in RPY (radian) [-0.064, -0.039, -3.018]
- Rotation: in RPY (degree) [-3.646, -2.262, -172.934]
- Matrix:
 -0.992  0.120  0.047  8.254
 -0.123 -0.991 -0.058 -7.849
  0.039 -0.064  0.997 -2.206
  0.000  0.000  0.000  1.000
At time 1779613029.845945596
- Translation: [8.221, -7.854, -2.183]
- Rotation: in Quaternion (xyzw) [0.023, -0.037, 0.996, -0.077]
- Rotation: in RPY (radian) [-0.078, -0.039, -2.986]
- Rotation: in RPY (degree) [-4.441, -2.248, -171.069]
- Matrix:
 -0.987  0.152  0.051  8.221
 -0.155 -0.985 -0.070 -7.854
  0.039 -0.077  0.996 -2.183
  0.000  0.000  0.000  1.000
At time 1779613030.845867633
- Translation: [8.159, -7.903, -2.212]
- Rotation: in Quaternion (xyzw) [0.004, -0.037, 0.971, -0.238]
- Rotation: in RPY (radian) [-0.074, 0.009, -2.662]
- Rotation: in RPY (degree) [-4.217, 0.521, -152.520]
- Matrix:
 -0.887  0.461  0.026  8.159
 -0.461 -0.884 -0.069 -7.903
 -0.009 -0.074  0.997 -2.212
  0.000  0.000  0.000  1.000
At time 1779613031.846212387
- Translation: [8.019, -7.968, -2.183]
- Rotation: in Quaternion (xyzw) [-0.005, -0.061, 0.898, -0.436]
- Rotation: in RPY (radian) [-0.105, 0.062, -2.240]
- Rotation: in RPY (degree) [-6.008, 3.544, -128.339]
- Matrix:
 -0.619  0.784  0.044  8.019
 -0.783 -0.612 -0.113 -7.968
 -0.062 -0.104  0.993 -2.183
  0.000  0.000  0.000  1.000
At time 1779613032.846297264
- Translation: [8.078, -8.151, -2.181]
- Rotation: in Quaternion (xyzw) [0.011, 0.040, -0.782, 0.622]
- Rotation: in RPY (radian) [-0.049, 0.067, -1.800]
- Rotation: in RPY (degree) [-2.833, 3.824, -103.121]
- Matrix:
 -0.227  0.973  0.033  8.078
 -0.972 -0.224 -0.076 -8.151
 -0.067 -0.049  0.997 -2.181
  0.000  0.000  0.000  1.000
At time 1779613033.846047639
- Translation: [7.990, -8.247, -2.195]
- Rotation: in Quaternion (xyzw) [0.014, 0.048, -0.625, 0.779]
- Rotation: in RPY (radian) [-0.038, 0.092, -1.354]
- Rotation: in RPY (degree) [-2.203, 5.297, -77.586]
- Matrix:
  0.214  0.975  0.057  7.990
 -0.972  0.218 -0.082 -8.247
 -0.092 -0.038  0.995 -2.195
  0.000  0.000  0.000  1.000
At time 1779613034.846783638
- Translation: [7.956, -8.399, -2.194]
- Rotation: in Quaternion (xyzw) [0.015, 0.048, -0.604, 0.795]
- Rotation: in RPY (radian) [-0.034, 0.095, -1.301]
- Rotation: in RPY (degree) [-1.965, 5.471, -74.549]
- Matrix:
  0.265  0.962  0.058  7.956
 -0.959  0.269 -0.083 -8.399
 -0.095 -0.034  0.995 -2.194
  0.000  0.000  0.000  1.000
At time 1779613035.847345590
- Translation: [8.036, -8.645, -2.230]
- Rotation: in Quaternion (xyzw) [0.018, 0.049, -0.629, 0.775]
- Rotation: in RPY (radian) [-0.034, 0.100, -1.365]
- Rotation: in RPY (degree) [-1.948, 5.707, -78.221]
- Matrix:
  0.203  0.978  0.054  8.036
 -0.974  0.207 -0.090 -8.645
 -0.099 -0.034  0.994 -2.230
  0.000  0.000  0.000  1.000
At time 1779613036.846089839
- Translation: [8.062, -8.997, -2.253]
- Rotation: in Quaternion (xyzw) [0.011, 0.057, -0.666, 0.744]
- Rotation: in RPY (radian) [-0.059, 0.099, -1.464]
- Rotation: in RPY (degree) [-3.393, 5.666, -83.874]
- Matrix:
  0.106  0.992  0.069  8.062
 -0.989  0.112 -0.092 -8.997
 -0.099 -0.059  0.993 -2.253
  0.000  0.000  0.000  1.000
At time 1779613037.846088647
- Translation: [8.109, -9.376, -2.265]
- Rotation: in Quaternion (xyzw) [-0.000, 0.068, -0.675, 0.735]
- Rotation: in RPY (radian) [-0.093, 0.100, -1.491]
- Rotation: in RPY (degree) [-5.347, 5.720, -85.419]
- Matrix:
  0.079  0.992  0.101  8.109
 -0.992  0.089 -0.091 -9.376
 -0.100 -0.093  0.991 -2.265
  0.000  0.000  0.000  1.000
At time 1779613038.845975399
- Translation: [8.192, -9.755, -2.280]
- Rotation: in Quaternion (xyzw) [-0.007, 0.069, -0.639, 0.766]
- Rotation: in RPY (radian) [-0.100, 0.097, -1.396]
- Rotation: in RPY (degree) [-5.716, 5.584, -79.983]
- Matrix:
  0.173  0.978  0.115  8.192
 -0.980  0.183 -0.078 -9.755
 -0.097 -0.099  0.990 -2.280
  0.000  0.000  0.000  1.000
At time 1779613039.846065521
- Translation: [8.240, -10.092, -2.286]
- Rotation: in Quaternion (xyzw) [-0.014, 0.072, -0.631, 0.772]
- Rotation: in RPY (radian) [-0.115, 0.094, -1.376]
- Rotation: in RPY (degree) [-6.567, 5.375, -78.823]
- Matrix:
  0.193  0.973  0.130  8.240
 -0.977  0.203 -0.069 -10.092
 -0.094 -0.114  0.989 -2.286
  0.000  0.000  0.000  1.000
At time 1779613040.846203565
- Translation: [8.374, -10.414, -2.300]
- Rotation: in Quaternion (xyzw) [0.002, 0.069, -0.645, 0.761]
- Rotation: in RPY (radian) [-0.085, 0.108, -1.412]
- Rotation: in RPY (degree) [-4.890, 6.171, -80.888]
- Matrix:
  0.157  0.982  0.101  8.374
 -0.982  0.167 -0.092 -10.414
 -0.107 -0.085  0.991 -2.300
  0.000  0.000  0.000  1.000
At time 1779613041.846261501
- Translation: [8.444, -10.813, -2.329]
- Rotation: in Quaternion (xyzw) [0.015, 0.049, -0.673, 0.738]
- Rotation: in RPY (radian) [-0.044, 0.092, -1.480]
- Rotation: in RPY (degree) [-2.520, 5.295, -84.777]
- Matrix:
  0.091  0.995  0.052  8.444
 -0.992  0.095 -0.088 -10.813
 -0.092 -0.044  0.995 -2.329
  0.000  0.000  0.000  1.000
At time 1779613042.846241474
- Translation: [8.506, -11.201, -2.380]
- Rotation: in Quaternion (xyzw) [0.015, 0.039, -0.688, 0.724]
- Rotation: in RPY (radian) [-0.033, 0.077, -1.521]
- Rotation: in RPY (degree) [-1.903, 4.419, -87.152]
- Matrix:
  0.050  0.998  0.037  8.506
 -0.996  0.052 -0.075 -11.201
 -0.077 -0.033  0.996 -2.380
  0.000  0.000  0.000  1.000
At time 1779613043.846231222
- Translation: [8.468, -11.558, -2.391]
- Rotation: in Quaternion (xyzw) [0.012, 0.059, -0.689, 0.723]
- Rotation: in RPY (radian) [-0.063, 0.102, -1.526]
- Rotation: in RPY (degree) [-3.638, 5.854, -87.439]
- Matrix:
  0.044  0.997  0.068  8.468
 -0.994  0.051 -0.099 -11.558
 -0.102 -0.063  0.993 -2.391
  0.000  0.000  0.000  1.000
At time 1779613044.846326351
- Translation: [8.472, -11.946, -2.416]
- Rotation: in Quaternion (xyzw) [0.002, 0.063, -0.686, 0.725]
- Rotation: in RPY (radian) [-0.085, 0.095, -1.520]
- Rotation: in RPY (degree) [-4.859, 5.433, -87.076]
- Matrix:
  0.051  0.995  0.089  8.472
 -0.994  0.059 -0.090 -11.946
 -0.095 -0.084  0.992 -2.416
  0.000  0.000  0.000  1.000
At time 1779613045.846372604
- Translation: [8.492, -12.239, -2.417]
- Rotation: in Quaternion (xyzw) [-0.005, 0.069, -0.700, 0.711]
- Rotation: in RPY (radian) [-0.105, 0.091, -1.560]
- Rotation: in RPY (degree) [-6.037, 5.235, -89.390]
- Matrix:
  0.011  0.994  0.106  8.492
 -0.996  0.020 -0.090 -12.239
 -0.091 -0.105  0.990 -2.417
  0.000  0.000  0.000  1.000
At time 1779613046.846232652
- Translation: [8.546, -12.576, -2.420]
- Rotation: in Quaternion (xyzw) [-0.011, 0.073, -0.693, 0.717]
- Rotation: in RPY (radian) [-0.118, 0.090, -1.543]
- Rotation: in RPY (degree) [-6.763, 5.176, -88.395]
- Matrix:
  0.028  0.992  0.120  8.546
 -0.996  0.038 -0.086 -12.576
 -0.090 -0.117  0.989 -2.420
  0.000  0.000  0.000  1.000
At time 1779613047.846383333
- Translation: [8.632, -12.837, -2.425]
- Rotation: in Quaternion (xyzw) [-0.000, 0.067, -0.647, 0.759]
- Rotation: in RPY (radian) [-0.088, 0.102, -1.416]
- Rotation: in RPY (degree) [-5.035, 5.827, -81.158]
- Matrix:
  0.153  0.983  0.102  8.632
 -0.983  0.162 -0.086 -12.837
 -0.102 -0.087  0.991 -2.425
  0.000  0.000  0.000  1.000
At time 1779613048.846573352
- Translation: [8.636, -13.011, -2.444]
- Rotation: in Quaternion (xyzw) [-0.001, 0.060, -0.643, 0.764]
- Rotation: in RPY (radian) [-0.078, 0.090, -1.403]
- Rotation: in RPY (degree) [-4.466, 5.168, -80.413]
- Matrix:
  0.166  0.982  0.092  8.636
 -0.982  0.173 -0.076 -13.011
 -0.090 -0.078  0.993 -2.444
  0.000  0.000  0.000  1.000
At time 1779613049.846391439
- Translation: [8.640, -13.069, -2.444]
- Rotation: in Quaternion (xyzw) [-0.003, 0.061, -0.739, 0.670]
- Rotation: in RPY (radian) [-0.095, 0.077, -1.672]
- Rotation: in RPY (degree) [-5.457, 4.433, -95.811]
- Matrix:
 -0.101  0.991  0.087  8.640
 -0.992 -0.093 -0.086 -13.069
 -0.077 -0.095  0.992 -2.444
  0.000  0.000  0.000  1.000
At time 1779613050.846389532
- Translation: [8.695, -13.113, -2.458]
- Rotation: in Quaternion (xyzw) [-0.008, 0.060, -0.832, 0.552]
- Rotation: in RPY (radian) [-0.109, 0.054, -1.973]
- Rotation: in RPY (degree) [-6.267, 3.100, -113.018]
- Matrix:
 -0.390  0.917  0.079  8.695
 -0.919 -0.383 -0.092 -13.113
 -0.054 -0.109  0.993 -2.458
  0.000  0.000  0.000  1.000
At time 1779613051.846339702
- Translation: [8.726, -13.162, -2.475]
- Rotation: in Quaternion (xyzw) [0.006, -0.057, 0.907, -0.417]
- Rotation: in RPY (radian) [-0.108, 0.036, -2.282]
- Rotation: in RPY (degree) [-6.184, 2.069, -130.762]
- Matrix:
 -0.652  0.756  0.058  8.726
 -0.757 -0.646 -0.098 -13.162
 -0.036 -0.108  0.994 -2.475
  0.000  0.000  0.000  1.000
At time 1779613052.846717357
- Translation: [8.760, -13.187, -2.481]
- Rotation: in Quaternion (xyzw) [0.015, -0.054, 0.964, -0.261]
- Rotation: in RPY (radian) [-0.112, -0.000, -2.613]
- Rotation: in RPY (degree) [-6.407, -0.020, -149.737]
- Matrix:
 -0.864  0.501  0.057  8.760
 -0.504 -0.858 -0.096 -13.187
  0.000 -0.112  0.994 -2.481
  0.000  0.000  0.000  1.000
At time 1779613053.846509456
- Translation: [8.783, -13.195, -2.503]
- Rotation: in Quaternion (xyzw) [0.015, -0.047, 0.994, -0.102]
- Rotation: in RPY (radian) [-0.097, -0.020, -2.936]
- Rotation: in RPY (degree) [-5.545, -1.135, -168.207]
- Matrix:
 -0.979  0.202  0.039  8.783
 -0.204 -0.975 -0.091 -13.195
  0.020 -0.097  0.995 -2.503
  0.000  0.000  0.000  1.000
At time 1779613054.846401214
- Translation: [8.585, -13.239, -2.494]
- Rotation: in Quaternion (xyzw) [0.016, -0.036, 0.998, 0.044]
- Rotation: in RPY (radian) [-0.070, -0.035, 3.054]
- Rotation: in RPY (degree) [-4.027, -1.997, 174.992]
- Matrix:
 -0.996 -0.090  0.028  8.585
  0.087 -0.994 -0.073 -13.239
  0.035 -0.070  0.997 -2.494
  0.000  0.000  0.000  1.000
At time 1779613055.846570730
- Translation: [8.538, -13.198, -2.490]
- Rotation: in Quaternion (xyzw) [0.020, -0.024, 0.984, 0.177]
- Rotation: in RPY (radian) [-0.039, -0.048, 2.787]
- Rotation: in RPY (degree) [-2.241, -2.776, 159.671]
- Matrix:
 -0.937 -0.349  0.032  8.538
  0.347 -0.936 -0.053 -13.198
  0.048 -0.039  0.998 -2.490
  0.000  0.000  0.000  1.000
At time 1779613056.846601486
- Translation: [8.372, -13.237, -2.469]
- Rotation: in Quaternion (xyzw) [0.029, -0.009, 0.977, 0.209]
- Rotation: in RPY (radian) [-0.005, -0.060, 2.720]
- Rotation: in RPY (degree) [-0.263, -3.459, 155.834]
- Matrix:
 -0.911 -0.410  0.053  8.372
  0.409 -0.912 -0.029 -13.237
  0.060 -0.005  0.998 -2.469
  0.000  0.000  0.000  1.000
At time 1779613057.846761465
- Translation: [8.311, -13.226, -2.451]
- Rotation: in Quaternion (xyzw) [0.030, -0.019, 0.978, 0.203]
- Rotation: in RPY (radian) [-0.025, -0.067, 2.733]
- Rotation: in RPY (degree) [-1.448, -3.815, 156.576]
- Matrix:
 -0.916 -0.399  0.051  8.311
  0.397 -0.917 -0.050 -13.226
  0.067 -0.025  0.997 -2.451
  0.000  0.000  0.000  1.000
At time 1779613058.848382234
- Translation: [8.373, -13.129, -2.481]
- Rotation: in Quaternion (xyzw) [0.022, -0.029, 0.998, 0.042]
- Rotation: in RPY (radian) [-0.056, -0.047, 3.059]
- Rotation: in RPY (degree) [-3.215, -2.706, 175.289]
- Matrix:
 -0.996 -0.085  0.042  8.373
  0.082 -0.995 -0.060 -13.129
  0.047 -0.056  0.997 -2.481
  0.000  0.000  0.000  1.000
At time 1779613059.846642255
- Translation: [8.250, -13.175, -2.473]
- Rotation: in Quaternion (xyzw) [0.005, -0.036, 0.957, -0.287]
- Rotation: in RPY (radian) [-0.071, 0.011, -2.560]
- Rotation: in RPY (degree) [-4.084, 0.626, -146.672]
- Matrix:
 -0.835  0.549  0.030  8.250
 -0.549 -0.833 -0.065 -13.175
 -0.011 -0.071  0.997 -2.473
  0.000  0.000  0.000  1.000
At time 1779613060.846650362
- Translation: [8.269, -13.302, -2.470]
- Rotation: in Quaternion (xyzw) [0.007, 0.041, -0.837, 0.546]
- Rotation: in RPY (radian) [-0.061, 0.055, -1.988]
- Rotation: in RPY (degree) [-3.494, 3.179, -113.896]
- Matrix:
 -0.404  0.914  0.033  8.269
 -0.913 -0.401 -0.075 -13.302
 -0.055 -0.061  0.997 -2.470
  0.000  0.000  0.000  1.000
At time 1779613061.846683740
- Translation: [8.171, -13.452, -2.457]
- Rotation: in Quaternion (xyzw) [0.014, 0.045, -0.661, 0.749]
- Rotation: in RPY (radian) [-0.038, 0.086, -1.447]
- Rotation: in RPY (degree) [-2.189, 4.926, -82.901]
- Matrix:
  0.123  0.991  0.048  8.171
 -0.989  0.127 -0.080 -13.452
 -0.086 -0.038  0.996 -2.457
  0.000  0.000  0.000  1.000
At time 1779613062.846602439
- Translation: [8.112, -13.643, -2.480]
- Rotation: in Quaternion (xyzw) [0.004, 0.051, -0.695, 0.717]
- Rotation: in RPY (radian) [-0.065, 0.079, -1.543]
- Rotation: in RPY (degree) [-3.707, 4.498, -88.413]
- Matrix:
  0.028  0.997  0.067  8.112
 -0.997  0.033 -0.076 -13.643
 -0.078 -0.064  0.995 -2.480
  0.000  0.000  0.000  1.000
At time 1779613063.846669197
- Translation: [8.162, -13.757, -2.493]
- Rotation: in Quaternion (xyzw) [0.013, 0.053, -0.789, 0.612]
- Rotation: in RPY (radian) [-0.068, 0.086, -1.825]
- Rotation: in RPY (degree) [-3.906, 4.930, -104.544]
- Matrix:
 -0.250  0.967  0.044  8.162
 -0.964 -0.245 -0.100 -13.757
 -0.086 -0.068  0.994 -2.493
  0.000  0.000  0.000  1.000
At time 1779613064.846717357
- Translation: [8.033, -14.142, -2.517]
- Rotation: in Quaternion (xyzw) [-0.002, 0.056, -0.859, 0.509]
- Rotation: in RPY (radian) [-0.099, 0.054, -2.075]
- Rotation: in RPY (degree) [-5.689, 3.085, -118.871]
- Matrix:
 -0.482  0.874  0.061  8.033
 -0.874 -0.476 -0.095 -14.142
 -0.054 -0.099  0.994 -2.517
  0.000  0.000  0.000  1.000
At time 1779613065.846706390
- Translation: [7.833, -14.504, -2.513]
- Rotation: in Quaternion (xyzw) [0.002, -0.059, 0.888, -0.456]
- Rotation: in RPY (radian) [-0.108, 0.051, -2.195]
- Rotation: in RPY (degree) [-6.165, 2.902, -125.772]
- Matrix:
 -0.584  0.810  0.058  7.833
 -0.810 -0.577 -0.104 -14.504
 -0.051 -0.107  0.993 -2.513
  0.000  0.000  0.000  1.000
At time 1779613066.846710681
- Translation: [7.594, -14.853, -2.502]
- Rotation: in Quaternion (xyzw) [0.004, -0.064, 0.888, -0.455]
- Rotation: in RPY (radian) [-0.117, 0.052, -2.198]
- Rotation: in RPY (degree) [-6.690, 2.958, -125.955]
- Matrix:
 -0.586  0.807  0.064  7.594
 -0.808 -0.578 -0.110 -14.853
 -0.052 -0.116  0.992 -2.502
  0.000  0.000  0.000  1.000
At time 1779613067.846897602
- Translation: [7.428, -15.162, -2.514]
- Rotation: in Quaternion (xyzw) [-0.010, 0.062, -0.827, 0.559]
- Rotation: in RPY (radian) [-0.114, 0.053, -1.955]
- Rotation: in RPY (degree) [-6.531, 3.057, -112.016]
- Matrix:
 -0.374  0.923  0.086  7.428
 -0.926 -0.367 -0.092 -15.162
 -0.053 -0.114  0.992 -2.514
  0.000  0.000  0.000  1.000
At time 1779613068.846678495
- Translation: [7.297, -15.410, -2.526]
- Rotation: in Quaternion (xyzw) [-0.008, 0.071, -0.727, 0.683]
- Rotation: in RPY (radian) [-0.116, 0.085, -1.637]
- Rotation: in RPY (degree) [-6.629, 4.869, -93.809]
- Matrix:
 -0.066  0.992  0.110  7.297
 -0.994 -0.056 -0.092 -15.410
 -0.085 -0.115  0.990 -2.526
  0.000  0.000  0.000  1.000
At time 1779613069.846730232
- Translation: [7.323, -15.664, -2.558]
- Rotation: in Quaternion (xyzw) [-0.013, 0.068, -0.666, 0.743]
- Rotation: in RPY (radian) [-0.110, 0.084, -1.466]
- Rotation: in RPY (degree) [-6.284, 4.809, -84.001]
- Matrix:
  0.104  0.988  0.118  7.323
 -0.991  0.113 -0.071 -15.664
 -0.084 -0.109  0.990 -2.558
  0.000  0.000  0.000  1.000
At time 1779613070.847905635
- Translation: [7.349, -15.885, -2.568]
- Rotation: in Quaternion (xyzw) [-0.011, 0.067, -0.657, 0.751]
- Rotation: in RPY (radian) [-0.106, 0.086, -1.442]
- Rotation: in RPY (degree) [-6.052, 4.919, -82.609]
- Matrix:
  0.128  0.985  0.116  7.349
 -0.988  0.137 -0.071 -15.885
 -0.086 -0.105  0.991 -2.568
  0.000  0.000  0.000  1.000
At time 1779613071.847095489
- Translation: [7.403, -16.063, -2.567]
- Rotation: in Quaternion (xyzw) [-0.005, 0.058, -0.634, 0.771]
- Rotation: in RPY (radian) [-0.081, 0.083, -1.379]
- Rotation: in RPY (degree) [-4.667, 4.754, -78.997]
- Matrix:
  0.190  0.977  0.096  7.403
 -0.978  0.197 -0.066 -16.063
 -0.083 -0.081  0.993 -2.567
  0.000  0.000  0.000  1.000
At time 1779613072.846988439
- Translation: [7.373, -16.190, -2.549]
- Rotation: in Quaternion (xyzw) [0.004, 0.056, -0.402, 0.914]
- Rotation: in RPY (radian) [-0.038, 0.105, -0.830]
- Rotation: in RPY (degree) [-2.150, 6.025, -47.583]
- Matrix:
  0.671  0.735  0.098  7.373
 -0.734  0.677 -0.052 -16.190
 -0.105 -0.037  0.994 -2.549
  0.000  0.000  0.000  1.000
At time 1779613073.847217321
- Translation: [7.409, -16.240, -2.539]
- Rotation: in Quaternion (xyzw) [-0.004, 0.051, -0.067, 0.996]
- Rotation: in RPY (radian) [-0.014, 0.101, -0.136]
- Rotation: in RPY (degree) [-0.828, 5.798, -7.788]
- Matrix:
  0.986  0.134  0.102  7.409
 -0.135  0.991  0.001 -16.240
 -0.101 -0.014  0.995 -2.539
  0.000  0.000  0.000  1.000
At time 1779613074.846791744
- Translation: [7.598, -16.229, -2.567]
- Rotation: in Quaternion (xyzw) [0.005, 0.035, 0.285, 0.958]
- Rotation: in RPY (radian) [0.029, 0.064, 0.578]
- Rotation: in RPY (degree) [1.650, 3.662, 33.137]
- Matrix:
  0.836 -0.545  0.069  7.598
  0.546  0.838  0.011 -16.229
 -0.064  0.029  0.998 -2.567
  0.000  0.000  0.000  1.000
At time 1779613075.846842527
- Translation: [7.694, -16.142, -2.559]
- Rotation: in Quaternion (xyzw) [0.014, 0.018, 0.613, 0.790]
- Rotation: in RPY (radian) [0.045, 0.012, 1.319]
- Rotation: in RPY (degree) [2.590, 0.664, 75.581]
- Matrix:
  0.249 -0.967  0.047  7.694
  0.968  0.249 -0.000 -16.142
 -0.012  0.045  0.999 -2.559
  0.000  0.000  0.000  1.000
At time 1779613076.846939563
- Translation: [7.779, -16.053, -2.577]
- Rotation: in Quaternion (xyzw) [0.020, 0.001, 0.784, 0.620]
- Rotation: in RPY (radian) [0.027, -0.031, 1.803]
- Rotation: in RPY (degree) [1.539, -1.749, 103.332]
- Matrix:
 -0.230 -0.973  0.033  7.779
  0.973 -0.231 -0.023 -16.053
  0.031  0.027  0.999 -2.577
  0.000  0.000  0.000  1.000
At time 1779613077.847351551
- Translation: [7.757, -15.978, -2.561]
- Rotation: in Quaternion (xyzw) [0.030, 0.003, 0.796, 0.604]
- Rotation: in RPY (radian) [0.042, -0.044, 1.842]
- Rotation: in RPY (degree) [2.389, -2.526, 105.538]
- Matrix:
 -0.268 -0.962  0.052  7.757
  0.963 -0.269 -0.031 -15.978
  0.044  0.042  0.998 -2.561
  0.000  0.000  0.000  1.000
At time 1779613078.847050428
- Translation: [7.730, -15.988, -2.539]
- Rotation: in Quaternion (xyzw) [0.024, 0.006, 0.808, 0.588]
- Rotation: in RPY (radian) [0.037, -0.031, 1.882]
- Rotation: in RPY (degree) [2.147, -1.769, 107.859]
- Matrix:
 -0.307 -0.951  0.045  7.730
  0.951 -0.308 -0.018 -15.988
  0.031  0.037  0.999 -2.539
  0.000  0.000  0.000  1.000
At time 1779613079.847273588
- Translation: [7.690, -15.942, -2.560]
- Rotation: in Quaternion (xyzw) [0.031, 0.006, 0.890, 0.455]
- Rotation: in RPY (radian) [0.040, -0.050, 2.196]
- Rotation: in RPY (degree) [2.289, -2.873, 125.811]
- Matrix:
 -0.584 -0.809  0.062  7.690
  0.810 -0.586 -0.017 -15.942
  0.050  0.040  0.998 -2.560
  0.000  0.000  0.000  1.000
At time 1779613080.848721504
- Translation: [7.637, -15.828, -2.531]
- Rotation: in Quaternion (xyzw) [0.020, -0.003, 0.956, 0.292]
- Rotation: in RPY (radian) [0.007, -0.041, 2.548]
- Rotation: in RPY (degree) [0.397, -2.328, 145.991]
- Matrix:
 -0.828 -0.559  0.038  7.637
  0.559 -0.829 -0.017 -15.828
  0.041  0.007  0.999 -2.531
  0.000  0.000  0.000  1.000
At time 1779613081.847552537
- Translation: [7.668, -15.706, -2.535]
- Rotation: in Quaternion (xyzw) [0.016, -0.033, 0.993, 0.110]
- Rotation: in RPY (radian) [-0.062, -0.039, 2.922]
- Rotation: in RPY (degree) [-3.555, -2.261, 167.427]
- Matrix:
 -0.975 -0.220  0.025  7.668
  0.218 -0.974 -0.069 -15.706
  0.039 -0.062  0.997 -2.535
  0.000  0.000  0.000  1.000
At time 1779613082.847059488
- Translation: [7.498, -15.676, -2.527]
- Rotation: in Quaternion (xyzw) [0.017, -0.042, 0.998, -0.049]
- Rotation: in RPY (radian) [-0.087, -0.030, -3.042]
- Rotation: in RPY (degree) [-4.958, -1.735, -174.276]
- Matrix:
 -0.995  0.097  0.039  7.498
 -0.100 -0.992 -0.083 -15.676
  0.030 -0.086  0.996 -2.527
  0.000  0.000  0.000  1.000
At time 1779613083.847125291
- Translation: [7.407, -15.663, -2.527]
- Rotation: in Quaternion (xyzw) [0.018, -0.055, 0.993, -0.102]
- Rotation: in RPY (radian) [-0.113, -0.025, -2.936]
- Rotation: in RPY (degree) [-6.461, -1.409, -168.224]
- Matrix:
 -0.979  0.200  0.047  7.407
 -0.204 -0.973 -0.105 -15.663
  0.025 -0.112  0.993 -2.527
  0.000  0.000  0.000  1.000
At time 1779613084.847113370
- Translation: [7.222, -15.708, -2.521]
- Rotation: in Quaternion (xyzw) [0.020, -0.058, 0.996, -0.067]
- Rotation: in RPY (radian) [-0.119, -0.032, -3.005]
- Rotation: in RPY (degree) [-6.831, -1.813, -172.193]
- Matrix:
 -0.990  0.131  0.047  7.222
 -0.136 -0.984 -0.114 -15.708
  0.032 -0.119  0.992 -2.521
  0.000  0.000  0.000  1.000
At time 1779613085.848031759
- Translation: [6.872, -15.798, -2.497]
- Rotation: in Quaternion (xyzw) [0.014, -0.041, 0.998, -0.055]
- Rotation: in RPY (radian) [-0.083, -0.023, -3.030]
- Rotation: in RPY (degree) [-4.765, -1.295, -173.608]
- Matrix:
 -0.994  0.109  0.032  6.872
 -0.111 -0.991 -0.080 -15.798
  0.023 -0.083  0.996 -2.497
  0.000  0.000  0.000  1.000
At time 1779613086.849013566
- Translation: [6.514, -15.869, -2.499]
- Rotation: in Quaternion (xyzw) [0.022, -0.022, 0.998, -0.058]
- Rotation: in RPY (radian) [-0.046, -0.041, -3.025]
- Rotation: in RPY (degree) [-2.617, -2.358, -173.339]
- Matrix:
 -0.992  0.114  0.046  6.514
 -0.116 -0.992 -0.041 -15.869
  0.041 -0.046  0.998 -2.499
  0.000  0.000  0.000  1.000
At time 1779613087.847232341
- Translation: [6.167, -15.891, -2.497]
- Rotation: in Quaternion (xyzw) [0.026, -0.019, 0.998, -0.053]
- Rotation: in RPY (radian) [-0.041, -0.049, -3.034]
- Rotation: in RPY (degree) [-2.351, -2.811, -173.860]
- Matrix:
 -0.993  0.105  0.053  6.167
 -0.107 -0.994 -0.036 -15.891
  0.049 -0.041  0.998 -2.497
  0.000  0.000  0.000  1.000
At time 1779613088.847262382
- Translation: [5.856, -15.924, -2.487]
- Rotation: in Quaternion (xyzw) [0.020, -0.021, 0.995, -0.094]
- Rotation: in RPY (radian) [-0.045, -0.035, -2.952]
- Rotation: in RPY (degree) [-2.580, -2.010, -169.163]
- Matrix:
 -0.982  0.186  0.043  5.856
 -0.188 -0.981 -0.038 -15.924
  0.035 -0.045  0.998 -2.487
  0.000  0.000  0.000  1.000
At time 1779613089.847234725
- Translation: [5.671, -15.963, -2.444]
- Rotation: in Quaternion (xyzw) [0.022, -0.020, 0.997, -0.077]
- Rotation: in RPY (radian) [-0.043, -0.042, -2.987]
- Rotation: in RPY (degree) [-2.452, -2.394, -171.122]
- Matrix:
 -0.987  0.152  0.048  5.671
 -0.154 -0.987 -0.036 -15.963
  0.042 -0.043  0.998 -2.444
  0.000  0.000  0.000  1.000
At time 1779613090.847263574
- Translation: [5.434, -16.008, -2.419]
- Rotation: in Quaternion (xyzw) [0.023, -0.017, 0.995, 0.093]
- Rotation: in RPY (radian) [-0.030, -0.048, 2.956]
- Rotation: in RPY (degree) [-1.699, -2.754, 169.362]
- Matrix:
 -0.982 -0.186  0.042  5.434
  0.184 -0.982 -0.038 -16.008
  0.048 -0.030  0.998 -2.419
  0.000  0.000  0.000  1.000
At time 1779613091.847646474
- Translation: [5.397, -16.005, -2.410]
- Rotation: in Quaternion (xyzw) [0.026, -0.013, 0.960, 0.277]
- Rotation: in RPY (radian) [-0.011, -0.058, 2.581]
- Rotation: in RPY (degree) [-0.647, -3.335, 147.857]
- Matrix:
 -0.845 -0.533  0.043  5.397
  0.531 -0.846 -0.041 -16.005
  0.058 -0.011  0.998 -2.410
  0.000  0.000  0.000  1.000
At time 1779613092.847892522
- Translation: [5.226, -15.978, -2.388]
- Rotation: in Quaternion (xyzw) [0.037, 0.010, 0.894, 0.445]
- Rotation: in RPY (radian) [0.051, -0.058, 2.216]
- Rotation: in RPY (degree) [2.938, -3.338, 126.973]
- Matrix:
 -0.600 -0.796  0.076  5.226
  0.798 -0.603 -0.016 -15.978
  0.058  0.051  0.997 -2.388
  0.000  0.000  0.000  1.000
At time 1779613093.847421407
- Translation: [5.129, -15.901, -2.398]
- Rotation: in Quaternion (xyzw) [0.039, 0.014, 0.792, 0.609]
- Rotation: in RPY (radian) [0.070, -0.045, 1.828]
- Rotation: in RPY (degree) [4.029, -2.606, 104.749]
- Matrix:
 -0.254 -0.964  0.079  5.129
  0.966 -0.257 -0.026 -15.901
  0.045  0.070  0.996 -2.398
  0.000  0.000  0.000  1.000
At time 1779613094.847545623
- Translation: [5.074, -15.851, -2.390]
- Rotation: in Quaternion (xyzw) [0.040, 0.020, 0.661, 0.749]
- Rotation: in RPY (radian) [0.086, -0.022, 1.445]
- Rotation: in RPY (degree) [4.914, -1.279, 82.781]
- Matrix:
  0.126 -0.989  0.082  5.074
  0.992  0.123 -0.033 -15.851
  0.022  0.086  0.996 -2.390
  0.000  0.000  0.000  1.000
At time 1779613095.847495794
- Translation: [5.133, -15.837, -2.376]
- Rotation: in Quaternion (xyzw) [0.041, 0.033, 0.523, 0.851]
- Rotation: in RPY (radian) [0.104, 0.013, 1.102]
- Rotation: in RPY (degree) [5.964, 0.773, 63.145]
- Matrix:
  0.452 -0.887  0.099  5.133
  0.892  0.451 -0.035 -15.837
 -0.013  0.104  0.994 -2.376
  0.000  0.000  0.000  1.000
At time 1779613096.848435640
- Translation: [5.171, -15.754, -2.376]
- Rotation: in Quaternion (xyzw) [0.038, 0.035, 0.416, 0.908]
- Rotation: in RPY (radian) [0.098, 0.032, 0.861]
- Rotation: in RPY (degree) [5.601, 1.807, 49.314]
- Matrix:
  0.652 -0.753  0.094  5.171
  0.758  0.651 -0.040 -15.754
 -0.032  0.098  0.995 -2.376
  0.000  0.000  0.000  1.000
At time 1779613097.847426414
- Translation: [5.244, -15.699, -2.384]
- Rotation: in Quaternion (xyzw) [0.027, 0.021, 0.410, 0.912]
- Rotation: in RPY (radian) [0.066, 0.016, 0.845]
- Rotation: in RPY (degree) [3.804, 0.894, 48.419]
- Matrix:
  0.664 -0.746  0.060  5.244
  0.748  0.663 -0.032 -15.699
 -0.016  0.066  0.998 -2.384
  0.000  0.000  0.000  1.000
At time 1779613098.847456455
- Translation: [5.237, -15.693, -2.389]
- Rotation: in Quaternion (xyzw) [0.029, 0.020, 0.409, 0.912]
- Rotation: in RPY (radian) [0.070, 0.013, 0.844]
- Rotation: in RPY (degree) [4.017, 0.764, 48.331]
- Matrix:
  0.665 -0.745  0.061  5.237
  0.747  0.664 -0.037 -15.693
 -0.013  0.070  0.997 -2.389
  0.000  0.000  0.000  1.000
At time 1779613099.847491264
- Translation: [5.210, -15.714, -2.389]
- Rotation: in Quaternion (xyzw) [0.029, 0.026, 0.424, 0.905]
- Rotation: in RPY (radian) [0.074, 0.022, 0.878]
- Rotation: in RPY (degree) [4.259, 1.268, 50.302]
- Matrix:
  0.639 -0.766  0.071  5.210
  0.769  0.638 -0.030 -15.714
 -0.022  0.074  0.997 -2.389
  0.000  0.000  0.000  1.000
At time 1779613100.847519636
- Translation: [5.197, -15.713, -2.384]
- Rotation: in Quaternion (xyzw) [0.027, 0.028, 0.426, 0.904]
- Rotation: in RPY (radian) [0.073, 0.027, 0.881]
- Rotation: in RPY (degree) [4.184, 1.530, 50.469]
- Matrix:
  0.636 -0.768  0.073  5.197
  0.771  0.636 -0.026 -15.713
 -0.027  0.073  0.997 -2.384
  0.000  0.000  0.000  1.000
At time 1779613101.848010540
- Translation: [5.178, -15.701, -2.381]
- Rotation: in Quaternion (xyzw) [0.028, 0.027, 0.426, 0.904]
- Rotation: in RPY (radian) [0.074, 0.025, 0.882]
- Rotation: in RPY (degree) [4.216, 1.427, 50.529]
- Matrix:
  0.635 -0.769  0.073  5.178
  0.772  0.635 -0.028 -15.701
 -0.025  0.073  0.997 -2.381
  0.000  0.000  0.000  1.000
At time 1779613102.847601413
- Translation: [5.170, -15.704, -2.382]
- Rotation: in Quaternion (xyzw) [0.028, 0.027, 0.426, 0.904]
- Rotation: in RPY (radian) [0.073, 0.025, 0.882]
- Rotation: in RPY (degree) [4.171, 1.408, 50.546]
- Matrix:
  0.635 -0.769  0.072  5.170
  0.772  0.635 -0.027 -15.704
 -0.025  0.073  0.997 -2.382
  0.000  0.000  0.000  1.000
At time 1779613103.847553253
- Translation: [5.193, -15.705, -2.382]
- Rotation: in Quaternion (xyzw) [0.028, 0.026, 0.427, 0.904]
- Rotation: in RPY (radian) [0.072, 0.023, 0.883]
- Rotation: in RPY (degree) [4.121, 1.329, 50.602]
- Matrix:
  0.635 -0.770  0.070  5.193
  0.773  0.634 -0.028 -15.705
 -0.023  0.072  0.997 -2.382
  0.000  0.000  0.000  1.000
At time 1779613104.847580671
- Translation: [5.194, -15.709, -2.383]
- Rotation: in Quaternion (xyzw) [0.028, 0.026, 0.426, 0.904]
- Rotation: in RPY (radian) [0.072, 0.023, 0.882]
- Rotation: in RPY (degree) [4.116, 1.299, 50.555]
- Matrix:
  0.635 -0.769  0.070  5.194
  0.772  0.635 -0.028 -15.709
 -0.023  0.072  0.997 -2.383
  0.000  0.000  0.000  1.000
At time 1779613105.847633600
- Translation: [5.176, -15.690, -2.381]
- Rotation: in Quaternion (xyzw) [0.027, 0.026, 0.426, 0.904]
- Rotation: in RPY (radian) [0.072, 0.024, 0.882]
- Rotation: in RPY (degree) [4.115, 1.353, 50.522]
- Matrix:
  0.636 -0.769  0.070  5.176
  0.772  0.635 -0.027 -15.690
 -0.024  0.072  0.997 -2.381
  0.000  0.000  0.000  1.000
At time 1779613106.847664356
- Translation: [5.153, -15.698, -2.381]
- Rotation: in Quaternion (xyzw) [0.028, 0.026, 0.426, 0.904]
- Rotation: in RPY (radian) [0.072, 0.024, 0.881]
- Rotation: in RPY (degree) [4.140, 1.371, 50.504]
- Matrix:
  0.636 -0.769  0.071  5.153
  0.771  0.636 -0.027 -15.698
 -0.024  0.072  0.997 -2.381
  0.000  0.000  0.000  1.000
At time 1779613107.847669363
- Translation: [5.194, -15.699, -2.381]
- Rotation: in Quaternion (xyzw) [0.027, 0.025, 0.427, 0.904]
- Rotation: in RPY (radian) [0.071, 0.023, 0.883]
- Rotation: in RPY (degree) [4.079, 1.305, 50.611]
- Matrix:
  0.634 -0.770  0.069  5.194
  0.773  0.634 -0.028 -15.699
 -0.023  0.071  0.997 -2.381
  0.000  0.000  0.000  1.000
At time 1779613108.847828626
- Translation: [5.184, -15.698, -2.383]
- Rotation: in Quaternion (xyzw) [0.027, 0.026, 0.426, 0.904]
- Rotation: in RPY (radian) [0.072, 0.024, 0.883]
- Rotation: in RPY (degree) [4.114, 1.358, 50.565]
- Matrix:
  0.635 -0.769  0.070  5.184
  0.772  0.635 -0.027 -15.698
 -0.024  0.072  0.997 -2.383
  0.000  0.000  0.000  1.000
At time 1779613109.847769498
- Translation: [5.180, -15.714, -2.375]
- Rotation: in Quaternion (xyzw) [0.019, 0.024, 0.428, 0.903]
- Rotation: in RPY (radian) [0.055, 0.026, 0.886]
- Rotation: in RPY (degree) [3.153, 1.508, 50.739]
- Matrix:
  0.633 -0.772  0.059  5.180
  0.774  0.633 -0.014 -15.714
 -0.026  0.055  0.998 -2.375
  0.000  0.000  0.000  1.000
At time 1779613110.847808361
- Translation: [5.202, -15.695, -2.388]
- Rotation: in Quaternion (xyzw) [0.037, 0.021, 0.433, 0.900]
- Rotation: in RPY (radian) [0.084, 0.005, 0.898]
- Rotation: in RPY (degree) [4.814, 0.302, 51.429]
- Matrix:
  0.623 -0.779  0.069  5.202
  0.782  0.622 -0.048 -15.695
 -0.005  0.084  0.996 -2.388
  0.000  0.000  0.000  1.000
At time 1779613111.847741603
- Translation: [5.191, -15.687, -2.383]
- Rotation: in Quaternion (xyzw) [0.027, 0.023, 0.443, 0.896]
- Rotation: in RPY (radian) [0.069, 0.017, 0.918]
- Rotation: in RPY (degree) [3.945, 0.998, 52.606]
- Matrix:
  0.607 -0.792  0.065  5.191
  0.794  0.607 -0.028 -15.687
 -0.017  0.069  0.997 -2.383
  0.000  0.000  0.000  1.000
At time 1779613112.847856521
- Translation: [5.154, -15.718, -2.383]
- Rotation: in Quaternion (xyzw) [0.034, 0.034, 0.448, 0.893]
- Rotation: in RPY (radian) [0.091, 0.030, 0.931]
- Rotation: in RPY (degree) [5.222, 1.734, 53.325]
- Matrix:
  0.597 -0.797  0.091  5.154
  0.802  0.597 -0.030 -15.718
 -0.030  0.091  0.995 -2.383
  0.000  0.000  0.000  1.000
At time 1779613113.847762346
- Translation: [5.234, -15.705, -2.377]
- Rotation: in Quaternion (xyzw) [0.017, 0.016, 0.458, 0.888]
- Rotation: in RPY (radian) [0.045, 0.013, 0.953]
- Rotation: in RPY (degree) [2.598, 0.737, 54.611]
- Matrix:
  0.579 -0.814  0.044  5.234
  0.815  0.579 -0.016 -15.705
 -0.013  0.045  0.999 -2.377
  0.000  0.000  0.000  1.000
At time 1779613114.847997426
- Translation: [5.229, -15.662, -2.372]
- Rotation: in Quaternion (xyzw) [0.031, 0.018, 0.469, 0.882]
- Rotation: in RPY (radian) [0.071, 0.003, 0.977]
- Rotation: in RPY (degree) [4.075, 0.153, 55.981]
- Matrix:
  0.559 -0.827  0.060  5.229
  0.829  0.558 -0.038 -15.662
 -0.003  0.071  0.997 -2.372
  0.000  0.000  0.000  1.000
At time 1779613115.847839117
- Translation: [5.240, -15.638, -2.380]
- Rotation: in Quaternion (xyzw) [0.028, 0.022, 0.472, 0.881]
- Rotation: in RPY (radian) [0.071, 0.013, 0.985]
- Rotation: in RPY (degree) [4.068, 0.736, 56.447]
- Matrix:
  0.553 -0.831  0.066  5.240
  0.833  0.552 -0.029 -15.638
 -0.013  0.071  0.997 -2.380
  0.000  0.000  0.000  1.000
At time 1779613116.847870349
- Translation: [5.202, -15.667, -2.377]
- Rotation: in Quaternion (xyzw) [0.026, 0.026, 0.475, 0.879]
- Rotation: in RPY (radian) [0.070, 0.021, 0.991]
- Rotation: in RPY (degree) [4.013, 1.197, 56.766]
- Matrix:
  0.548 -0.834  0.070  5.202
  0.836  0.548 -0.021 -15.667
 -0.021  0.070  0.997 -2.377
  0.000  0.000  0.000  1.000
At time 1779613117.847876548
- Translation: [5.229, -15.643, -2.378]
- Rotation: in Quaternion (xyzw) [0.028, 0.021, 0.471, 0.881]
- Rotation: in RPY (radian) [0.068, 0.010, 0.982]
- Rotation: in RPY (degree) [3.897, 0.601, 56.287]
- Matrix:
  0.555 -0.830  0.062  5.229
  0.832  0.554 -0.029 -15.643
 -0.010  0.068  0.998 -2.378
  0.000  0.000  0.000  1.000
At time 1779613118.849534511
- Translation: [5.305, -15.649, -2.383]
- Rotation: in Quaternion (xyzw) [0.029, 0.018, 0.469, 0.883]
- Rotation: in RPY (radian) [0.069, 0.004, 0.977]
- Rotation: in RPY (degree) [3.930, 0.258, 55.965]
- Matrix:
  0.560 -0.827  0.059  5.305
  0.829  0.559 -0.035 -15.649
 -0.004  0.069  0.998 -2.383
  0.000  0.000  0.000  1.000
At time 1779613119.848046541
- Translation: [5.212, -15.683, -2.379]
- Rotation: in Quaternion (xyzw) [0.029, 0.019, 0.460, 0.887]
- Rotation: in RPY (radian) [0.069, 0.006, 0.956]
- Rotation: in RPY (degree) [3.932, 0.362, 54.803]
- Matrix:
  0.576 -0.815  0.060  5.212
  0.817  0.575 -0.034 -15.683
 -0.006  0.069  0.998 -2.379
  0.000  0.000  0.000  1.000
At time 1779613120.847964048
- Translation: [5.211, -15.679, -2.381]
- Rotation: in Quaternion (xyzw) [0.029, 0.018, 0.460, 0.887]
- Rotation: in RPY (radian) [0.069, 0.006, 0.956]
- Rotation: in RPY (degree) [3.925, 0.343, 54.762]
- Matrix:
  0.577 -0.815  0.059  5.211
  0.817  0.576 -0.035 -15.679
 -0.006  0.068  0.998 -2.381
  0.000  0.000  0.000  1.000
At time 1779613121.849100589
- Translation: [5.216, -15.676, -2.381]
- Rotation: in Quaternion (xyzw) [0.029, 0.018, 0.459, 0.888]
- Rotation: in RPY (radian) [0.069, 0.006, 0.955]
- Rotation: in RPY (degree) [3.940, 0.337, 54.732]
- Matrix:
  0.577 -0.814  0.059  5.216
  0.816  0.576 -0.035 -15.676
 -0.006  0.069  0.998 -2.381
  0.000  0.000  0.000  1.000
At time 1779613122.847989559
- Translation: [5.220, -15.669, -2.381]
- Rotation: in Quaternion (xyzw) [0.029, 0.018, 0.459, 0.888]
- Rotation: in RPY (radian) [0.069, 0.006, 0.954]
- Rotation: in RPY (degree) [3.929, 0.332, 54.679]
- Matrix:
  0.578 -0.814  0.059  5.220
  0.816  0.577 -0.035 -15.669
 -0.006  0.069  0.998 -2.381
  0.000  0.000  0.000  1.000
At time 1779613123.848023414
- Translation: [5.224, -15.671, -2.380]
- Rotation: in Quaternion (xyzw) [0.029, 0.018, 0.459, 0.888]
- Rotation: in RPY (radian) [0.068, 0.006, 0.955]
- Rotation: in RPY (degree) [3.923, 0.342, 54.718]
- Matrix:
  0.578 -0.814  0.059  5.224
  0.816  0.577 -0.035 -15.671
 -0.006  0.068  0.998 -2.380
  0.000  0.000  0.000  1.000
At time 1779613124.848151445
- Translation: [5.218, -15.674, -2.377]
- Rotation: in Quaternion (xyzw) [0.029, 0.018, 0.459, 0.888]
- Rotation: in RPY (radian) [0.069, 0.006, 0.955]
- Rotation: in RPY (degree) [3.927, 0.351, 54.723]
- Matrix:
  0.578 -0.814  0.059  5.218
  0.816  0.577 -0.035 -15.674
 -0.006  0.068  0.998 -2.377
  0.000  0.000  0.000  1.000
At time 1779613125.848051548
- Translation: [5.210, -15.667, -2.378]
- Rotation: in Quaternion (xyzw) [0.029, 0.019, 0.459, 0.888]
- Rotation: in RPY (radian) [0.069, 0.006, 0.955]
- Rotation: in RPY (degree) [3.938, 0.351, 54.697]
- Matrix:
  0.578 -0.814  0.060  5.210
  0.816  0.577 -0.035 -15.667
 -0.006  0.069  0.998 -2.378
  0.000  0.000  0.000  1.000
At time 1779613126.848089456
- Translation: [5.226, -15.670, -2.381]
- Rotation: in Quaternion (xyzw) [0.029, 0.018, 0.459, 0.888]
- Rotation: in RPY (radian) [0.068, 0.006, 0.956]
- Rotation: in RPY (degree) [3.895, 0.338, 54.755]
- Matrix:
  0.577 -0.815  0.059  5.226
  0.817  0.576 -0.034 -15.670
 -0.006  0.068  0.998 -2.381
  0.000  0.000  0.000  1.000
At time 1779613127.848145484
- Translation: [5.210, -15.678, -2.379]
- Rotation: in Quaternion (xyzw) [0.029, 0.019, 0.459, 0.888]
- Rotation: in RPY (radian) [0.069, 0.006, 0.954]
- Rotation: in RPY (degree) [3.950, 0.370, 54.675]
- Matrix:
  0.578 -0.814  0.060  5.210
  0.816  0.577 -0.035 -15.678
 -0.006  0.069  0.998 -2.379
  0.000  0.000  0.000  1.000
At time 1779613128.848835229
- Translation: [5.241, -15.652, -2.385]
- Rotation: in Quaternion (xyzw) [0.027, 0.030, 0.513, 0.857]
- Rotation: in RPY (radian) [0.077, 0.023, 1.079]
- Rotation: in RPY (degree) [4.424, 1.344, 61.831]
- Matrix:
  0.472 -0.878  0.079  5.241
  0.881  0.472 -0.016 -15.652
 -0.023  0.077  0.997 -2.385
  0.000  0.000  0.000  1.000
At time 1779613129.848260402
- Translation: [5.224, -15.584, -2.397]
- Rotation: in Quaternion (xyzw) [0.035, 0.017, 0.738, 0.674]
- Rotation: in RPY (radian) [0.073, -0.029, 1.660]
- Rotation: in RPY (degree) [4.156, -1.688, 95.105]
- Matrix:
 -0.089 -0.993  0.075  5.224
  0.996 -0.091 -0.023 -15.584
  0.029  0.072  0.997 -2.397
  0.000  0.000  0.000  1.000
At time 1779613130.848290443
- Translation: [5.200, -15.532, -2.376]
- Rotation: in Quaternion (xyzw) [0.037, 0.020, 0.709, 0.704]
- Rotation: in RPY (radian) [0.081, -0.025, 1.578]
- Rotation: in RPY (degree) [4.639, -1.439, 90.413]
- Matrix:
 -0.007 -0.997  0.081  5.200
  1.000 -0.009 -0.024 -15.532
  0.025  0.081  0.996 -2.376
  0.000  0.000  0.000  1.000
At time 1779613131.848299503
- Translation: [5.228, -15.321, -2.367]
- Rotation: in Quaternion (xyzw) [0.038, 0.029, 0.595, 0.802]
- Rotation: in RPY (radian) [0.096, 0.000, 1.276]
- Rotation: in RPY (degree) [5.479, 0.019, 73.129]
- Matrix:
  0.290 -0.953  0.091  5.228
  0.957  0.289 -0.027 -15.321
 -0.000  0.095  0.995 -2.367
  0.000  0.000  0.000  1.000
At time 1779613132.848303318
- Translation: [5.299, -15.092, -2.362]
- Rotation: in Quaternion (xyzw) [0.039, 0.037, 0.472, 0.880]
- Rotation: in RPY (radian) [0.105, 0.028, 0.987]
- Rotation: in RPY (degree) [6.012, 1.626, 56.560]
- Matrix:
  0.551 -0.828  0.103  5.299
  0.834  0.551 -0.034 -15.092
 -0.028  0.105  0.994 -2.362
  0.000  0.000  0.000  1.000
At time 1779613133.848440408
- Translation: [5.532, -14.864, -2.363]
- Rotation: in Quaternion (xyzw) [0.036, 0.040, 0.444, 0.894]
- Rotation: in RPY (radian) [0.100, 0.040, 0.924]
- Rotation: in RPY (degree) [5.738, 2.290, 52.934]
- Matrix:
  0.602 -0.792  0.104  5.532
  0.797  0.603 -0.029 -14.864
 -0.040  0.100  0.994 -2.363
  0.000  0.000  0.000  1.000
At time 1779613134.850173234
- Translation: [5.708, -14.623, -2.380]
- Rotation: in Quaternion (xyzw) [0.022, 0.037, 0.432, 0.901]
- Rotation: in RPY (radian) [0.073, 0.048, 0.896]
- Rotation: in RPY (degree) [4.185, 2.754, 51.337]
- Matrix:
  0.624 -0.777  0.087  5.708
  0.780  0.626 -0.008 -14.623
 -0.048  0.073  0.996 -2.380
  0.000  0.000  0.000  1.000
At time 1779613135.848283290
- Translation: [5.865, -14.299, -2.364]
- Rotation: in Quaternion (xyzw) [0.024, 0.037, 0.490, 0.871]
- Rotation: in RPY (radian) [0.078, 0.041, 1.027]
- Rotation: in RPY (degree) [4.464, 2.368, 58.852]
- Matrix:
  0.517 -0.852  0.088  5.865
  0.855  0.518 -0.005 -14.299
 -0.041  0.078  0.996 -2.364
  0.000  0.000  0.000  1.000
At time 1779613136.848348617
- Translation: [5.993, -14.038, -2.369]
- Rotation: in Quaternion (xyzw) [0.021, 0.025, 0.608, 0.793]
- Rotation: in RPY (radian) [0.063, 0.014, 1.309]
- Rotation: in RPY (degree) [3.616, 0.807, 75.018]
- Matrix:
  0.258 -0.964  0.065  5.993
  0.966  0.259 -0.003 -14.038
 -0.014  0.063  0.998 -2.369
  0.000  0.000  0.000  1.000
At time 1779613137.848439455
- Translation: [5.984, -13.675, -2.337]
- Rotation: in Quaternion (xyzw) [0.016, 0.014, 0.690, 0.724]
- Rotation: in RPY (radian) [0.043, -0.001, 1.522]
- Rotation: in RPY (degree) [2.458, -0.048, 87.223]
- Matrix:
  0.048 -0.998  0.043  5.984
  0.999  0.048 -0.003 -13.675
  0.001  0.043  0.999 -2.337
  0.000  0.000  0.000  1.000
At time 1779613138.848260402
- Translation: [5.934, -13.300, -2.316]
- Rotation: in Quaternion (xyzw) [0.014, -0.003, 0.745, 0.667]
- Rotation: in RPY (radian) [0.014, -0.025, 1.682]
- Rotation: in RPY (degree) [0.809, -1.436, 96.357]
- Matrix:
 -0.111 -0.994  0.017  5.934
  0.994 -0.111 -0.023 -13.300
  0.025  0.014  1.000 -2.316
  0.000  0.000  0.000  1.000
At time 1779613139.848273754
- Translation: [5.877, -12.907, -2.291]
- Rotation: in Quaternion (xyzw) [0.012, -0.014, 0.769, 0.639]
- Rotation: in RPY (radian) [-0.006, -0.037, 1.754]
- Rotation: in RPY (degree) [-0.333, -2.095, 100.523]
- Matrix:
 -0.183 -0.983  0.001  5.877
  0.983 -0.182 -0.037 -12.907
  0.037 -0.006  0.999 -2.291
  0.000  0.000  0.000  1.000
At time 1779613140.848553657
- Translation: [5.860, -12.571, -2.262]
- Rotation: in Quaternion (xyzw) [0.004, -0.008, 0.736, 0.677]
- Rotation: in RPY (radian) [-0.006, -0.017, 1.654]
- Rotation: in RPY (degree) [-0.330, -0.995, 94.747]
- Matrix:
 -0.083 -0.997 -0.004  5.860
  0.996 -0.083 -0.018 -12.571
  0.017 -0.006  1.000 -2.262
  0.000  0.000  0.000  1.000
At time 1779613141.848532438
- Translation: [5.793, -12.122, -2.223]
- Rotation: in Quaternion (xyzw) [0.012, 0.009, 0.704, 0.710]
- Rotation: in RPY (radian) [0.030, -0.004, 1.561]
- Rotation: in RPY (degree) [1.741, -0.209, 89.460]
- Matrix:
  0.009 -0.999  0.030  5.793
  1.000  0.009 -0.004 -12.122
  0.004  0.030  1.000 -2.223
  0.000  0.000  0.000  1.000
At time 1779613142.849108457
- Translation: [5.677, -11.710, -2.199]
- Rotation: in Quaternion (xyzw) [0.031, 0.019, 0.683, 0.730]
- Rotation: in RPY (radian) [0.072, -0.015, 1.504]
- Rotation: in RPY (degree) [4.124, -0.838, 86.155]
- Matrix:
  0.067 -0.995  0.071  5.677
  0.998  0.066 -0.019 -11.710
  0.015  0.072  0.997 -2.199
  0.000  0.000  0.000  1.000
At time 1779613143.848515510
- Translation: [5.792, -11.307, -2.198]
- Rotation: in Quaternion (xyzw) [0.038, 0.020, 0.740, 0.671]
- Rotation: in RPY (radian) [0.080, -0.029, 1.667]
- Rotation: in RPY (degree) [4.594, -1.650, 95.495]
- Matrix:
 -0.096 -0.992  0.082  5.792
  0.995 -0.098 -0.021 -11.307
  0.029  0.080  0.996 -2.198
  0.000  0.000  0.000  1.000
At time 1779613144.848555326
- Translation: [5.683, -10.962, -2.184]
- Rotation: in Quaternion (xyzw) [0.042, 0.018, 0.780, 0.624]
- Rotation: in RPY (radian) [0.080, -0.043, 1.791]
- Rotation: in RPY (degree) [4.570, -2.447, 102.622]
- Matrix:
 -0.218 -0.972  0.087  5.683
  0.975 -0.221 -0.024 -10.962
  0.043  0.080  0.996 -2.184
  0.000  0.000  0.000  1.000
At time 1779613145.848716497
- Translation: [5.593, -10.601, -2.170]
- Rotation: in Quaternion (xyzw) [0.039, 0.016, 0.760, 0.649]
- Rotation: in RPY (radian) [0.075, -0.038, 1.727]
- Rotation: in RPY (degree) [4.304, -2.173, 98.922]
- Matrix:
 -0.155 -0.985  0.080  5.593
  0.987 -0.157 -0.026 -10.601
  0.038  0.075  0.996 -2.170
  0.000  0.000  0.000  1.000
At time 1779613146.848556280
- Translation: [5.583, -10.326, -2.147]
- Rotation: in Quaternion (xyzw) [0.024, 0.005, 0.724, 0.689]
- Rotation: in RPY (radian) [0.039, -0.028, 1.619]
- Rotation: in RPY (degree) [2.255, -1.600, 92.778]
- Matrix:
 -0.048 -0.998  0.041  5.583
  0.998 -0.050 -0.026 -10.326
  0.028  0.039  0.999 -2.147
  0.000  0.000  0.000  1.000
At time 1779613147.848552703
- Translation: [5.622, -10.116, -2.136]
- Rotation: in Quaternion (xyzw) [0.021, 0.008, 0.689, 0.725]
- Rotation: in RPY (radian) [0.041, -0.017, 1.519]
- Rotation: in RPY (degree) [2.330, -0.959, 87.036]
- Matrix:
  0.052 -0.998  0.040  5.622
  0.999  0.051 -0.019 -10.116
  0.017  0.041  0.999 -2.136
  0.000  0.000  0.000  1.000
At time 1779613148.848669528
- Translation: [5.622, -9.927, -2.126]
- Rotation: in Quaternion (xyzw) [0.026, 0.002, 0.670, 0.742]
- Rotation: in RPY (radian) [0.042, -0.031, 1.468]
- Rotation: in RPY (degree) [2.385, -1.805, 84.117]
- Matrix:
  0.102 -0.994  0.038  5.622
  0.994  0.101 -0.036 -9.927
  0.031  0.042  0.999 -2.126
  0.000  0.000  0.000  1.000
At time 1779613149.848921537
- Translation: [5.579, -9.877, -2.111]
- Rotation: in Quaternion (xyzw) [0.033, 0.005, 0.674, 0.738]
- Rotation: in RPY (radian) [0.054, -0.037, 1.479]
- Rotation: in RPY (degree) [3.122, -2.123, 84.714]
- Matrix:
  0.092 -0.994  0.051  5.579
  0.995  0.090 -0.042 -9.877
  0.037  0.054  0.998 -2.111
  0.000  0.000  0.000  1.000
At time 1779613150.848634481
- Translation: [5.579, -9.851, -2.109]
- Rotation: in Quaternion (xyzw) [0.031, 0.004, 0.696, 0.717]
- Rotation: in RPY (radian) [0.050, -0.037, 1.541]
- Rotation: in RPY (degree) [2.851, -2.135, 88.273]
- Matrix:
  0.030 -0.998  0.049  5.579
  0.999  0.028 -0.039 -9.851
  0.037  0.050  0.998 -2.109
  0.000  0.000  0.000  1.000
At time 1779613151.848698377
- Translation: [5.613, -9.586, -2.092]
- Rotation: in Quaternion (xyzw) [0.019, 0.005, 0.754, 0.657]
- Rotation: in RPY (radian) [0.033, -0.022, 1.708]
- Rotation: in RPY (degree) [1.916, -1.277, 97.851]
- Matrix:
 -0.137 -0.990  0.036  5.613
  0.990 -0.137 -0.017 -9.586
  0.022  0.033  0.999 -2.092
  0.000  0.000  0.000  1.000
At time 1779613152.848715543
- Translation: [5.426, -9.223, -2.072]
- Rotation: in Quaternion (xyzw) [0.033, 0.014, 0.792, 0.609]
- Rotation: in RPY (radian) [0.063, -0.036, 1.829]
- Rotation: in RPY (degree) [3.607, -2.051, 104.809]
- Matrix:
 -0.255 -0.964  0.070  5.426
  0.966 -0.257 -0.018 -9.223
  0.036  0.063  0.997 -2.072
  0.000  0.000  0.000  1.000
At time 1779613153.848705291
- Translation: [5.394, -8.817, -2.054]
- Rotation: in Quaternion (xyzw) [0.037, 0.012, 0.795, 0.606]
- Rotation: in RPY (radian) [0.064, -0.045, 1.838]
- Rotation: in RPY (degree) [3.664, -2.604, 105.319]
- Matrix:
 -0.264 -0.962  0.074  5.394
  0.963 -0.266 -0.027 -8.817
  0.045  0.064  0.997 -2.054
  0.000  0.000  0.000  1.000
At time 1779613154.849038600
- Translation: [5.293, -8.505, -2.037]
- Rotation: in Quaternion (xyzw) [0.026, 0.006, 0.763, 0.646]
- Rotation: in RPY (radian) [0.043, -0.032, 1.737]
- Rotation: in RPY (degree) [2.463, -1.808, 99.520]
- Matrix:
 -0.165 -0.985  0.048  5.293
  0.986 -0.167 -0.024 -8.505
  0.032  0.043  0.999 -2.037
  0.000  0.000  0.000  1.000
At time 1779613155.848911523
- Translation: [5.235, -8.097, -2.000]
- Rotation: in Quaternion (xyzw) [0.024, 0.013, 0.733, 0.679]
- Rotation: in RPY (radian) [0.052, -0.017, 1.647]
- Rotation: in RPY (degree) [2.956, -0.969, 94.355]
- Matrix:
 -0.076 -0.996  0.053  5.235
  0.997 -0.077 -0.013 -8.097
  0.017  0.052  0.999 -2.000
  0.000  0.000  0.000  1.000
At time 1779613156.848785638
- Translation: [5.159, -7.688, -1.974]
- Rotation: in Quaternion (xyzw) [0.020, 0.006, 0.747, 0.664]
- Rotation: in RPY (radian) [0.036, -0.022, 1.688]
- Rotation: in RPY (degree) [2.049, -1.236, 96.730]
- Matrix:
 -0.117 -0.992  0.038  5.159
  0.993 -0.118 -0.017 -7.688
  0.022  0.036  0.999 -1.974
  0.000  0.000  0.000  1.000
At time 1779613157.848793506
- Translation: [5.155, -7.271, -1.952]
- Rotation: in Quaternion (xyzw) [0.018, -0.011, 0.760, 0.649]
- Rotation: in RPY (radian) [0.007, -0.041, 1.728]
- Rotation: in RPY (degree) [0.397, -2.321, 99.004]
- Matrix:
 -0.156 -0.988  0.013  5.155
  0.987 -0.157 -0.039 -7.271
  0.040  0.007  0.999 -1.952
  0.000  0.000  0.000  1.000
At time 1779613158.848971366
- Translation: [5.102, -6.923, -1.927]
- Rotation: in Quaternion (xyzw) [0.011, -0.007, 0.757, 0.654]
- Rotation: in RPY (radian) [0.003, -0.026, 1.716]
- Rotation: in RPY (degree) [0.195, -1.493, 98.336]
- Matrix:
 -0.145 -0.989  0.007  5.102
  0.989 -0.145 -0.025 -6.923
  0.026  0.003  1.000 -1.927
  0.000  0.000  0.000  1.000
At time 1779613159.849011659
- Translation: [5.026, -6.578, -1.902]
- Rotation: in Quaternion (xyzw) [0.018, 0.002, 0.742, 0.671]
- Rotation: in RPY (radian) [0.028, -0.024, 1.671]
- Rotation: in RPY (degree) [1.589, -1.350, 95.744]
- Matrix:
 -0.100 -0.995  0.030  5.026
  0.995 -0.101 -0.021 -6.578
  0.024  0.028  0.999 -1.902
  0.000  0.000  0.000  1.000
At time 1779613160.849339485
- Translation: [5.022, -6.130, -1.891]
- Rotation: in Quaternion (xyzw) [0.033, 0.012, 0.744, 0.667]
- Rotation: in RPY (radian) [0.061, -0.033, 1.679]
- Rotation: in RPY (degree) [3.504, -1.898, 96.208]
- Matrix:
 -0.108 -0.992  0.064  5.022
  0.994 -0.110 -0.026 -6.130
  0.033  0.061  0.998 -1.891
  0.000  0.000  0.000  1.000
At time 1779613161.849250555
- Translation: [4.906, -5.778, -1.863]
- Rotation: in Quaternion (xyzw) [0.045, 0.020, 0.756, 0.653]
- Rotation: in RPY (radian) [0.091, -0.042, 1.716]
- Rotation: in RPY (degree) [5.188, -2.409, 98.303]
- Matrix:
 -0.144 -0.985  0.096  4.906
  0.989 -0.148 -0.028 -5.778
  0.042  0.090  0.995 -1.863
  0.000  0.000  0.000  1.000
At time 1779613162.849625349
- Translation: [4.933, -5.389, -1.840]
- Rotation: in Quaternion (xyzw) [0.034, 0.020, 0.771, 0.636]
- Rotation: in RPY (radian) [0.074, -0.028, 1.761]
- Rotation: in RPY (degree) [4.217, -1.591, 100.874]
- Matrix:
 -0.189 -0.979  0.077  4.933
  0.982 -0.190 -0.013 -5.389
  0.028  0.074  0.997 -1.840
  0.000  0.000  0.000  1.000
At time 1779613163.849364280
- Translation: [4.849, -5.028, -1.819]
- Rotation: in Quaternion (xyzw) [0.024, 0.016, 0.757, 0.653]
- Rotation: in RPY (radian) [0.056, -0.016, 1.717]
- Rotation: in RPY (degree) [3.217, -0.931, 98.379]
- Matrix:
 -0.146 -0.988  0.058  4.849
  0.989 -0.146 -0.008 -5.028
  0.016  0.056  0.998 -1.819
  0.000  0.000  0.000  1.000
At time 1779613164.849224328
- Translation: [4.766, -4.651, -1.794]
- Rotation: in Quaternion (xyzw) [0.017, 0.007, 0.728, 0.686]
- Rotation: in RPY (radian) [0.034, -0.015, 1.630]
- Rotation: in RPY (degree) [1.948, -0.866, 93.407]
- Matrix:
 -0.059 -0.998  0.035  4.766
  0.998 -0.060 -0.013 -4.651
  0.015  0.034  0.999 -1.794
  0.000  0.000  0.000  1.000
At time 1779613165.849984884
- Translation: [4.732, -4.232, -1.777]
- Rotation: in Quaternion (xyzw) [0.013, -0.008, 0.727, 0.687]
- Rotation: in RPY (radian) [0.007, -0.030, 1.627]
- Rotation: in RPY (degree) [0.374, -1.704, 93.240]
- Matrix:
 -0.056 -0.998  0.008  4.732
  0.998 -0.057 -0.029 -4.232
  0.030  0.007  1.000 -1.777
  0.000  0.000  0.000  1.000
At time 1779613166.849388360
- Translation: [4.745, -3.832, -1.749]
- Rotation: in Quaternion (xyzw) [0.013, -0.009, 0.763, 0.646]
- Rotation: in RPY (radian) [0.003, -0.031, 1.737]
- Rotation: in RPY (degree) [0.194, -1.748, 99.498]
- Matrix:
 -0.165 -0.986  0.008  4.745
  0.986 -0.165 -0.030 -3.832
  0.031  0.003  1.000 -1.749
  0.000  0.000  0.000  1.000
At time 1779613167.849589347
- Translation: [4.586, -3.433, -1.727]
- Rotation: in Quaternion (xyzw) [0.020, -0.003, 0.786, 0.618]
- Rotation: in RPY (radian) [0.021, -0.036, 1.807]
- Rotation: in RPY (degree) [1.190, -2.040, 103.562]
- Matrix:
 -0.234 -0.972  0.029  4.586
  0.972 -0.235 -0.030 -3.433
  0.036  0.021  0.999 -1.727
  0.000  0.000  0.000  1.000
At time 1779613168.849491357
- Translation: [4.463, -3.074, -1.696]
- Rotation: in Quaternion (xyzw) [0.037, 0.016, 0.780, 0.625]
- Rotation: in RPY (radian) [0.070, -0.038, 1.789]
- Rotation: in RPY (degree) [4.036, -2.166, 102.479]
- Matrix:
 -0.216 -0.973  0.077  4.463
  0.976 -0.218 -0.022 -3.074
  0.038  0.070  0.997 -1.696
  0.000  0.000  0.000  1.000
At time 1779613169.849527359
- Translation: [4.433, -2.674, -1.675]
- Rotation: in Quaternion (xyzw) [0.039, 0.020, 0.759, 0.650]
- Rotation: in RPY (radian) [0.081, -0.034, 1.724]
- Rotation: in RPY (degree) [4.631, -1.928, 98.779]
- Matrix:
 -0.153 -0.985  0.085  4.433
  0.988 -0.155 -0.021 -2.674
  0.034  0.081  0.996 -1.675
  0.000  0.000  0.000  1.000
At time 1779613170.849670648
- Translation: [4.366, -2.317, -1.654]
- Rotation: in Quaternion (xyzw) [0.028, 0.021, 0.737, 0.674]
- Rotation: in RPY (radian) [0.070, -0.013, 1.660]
- Rotation: in RPY (degree) [3.987, -0.729, 95.087]
- Matrix:
 -0.089 -0.994  0.070  4.366
  0.996 -0.089 -0.006 -2.317
  0.013  0.070  0.997 -1.654
  0.000  0.000  0.000  1.000
At time 1779613171.849570751
- Translation: [4.408, -1.974, -1.646]
- Rotation: in Quaternion (xyzw) [0.018, 0.009, 0.743, 0.669]
- Rotation: in RPY (radian) [0.038, -0.014, 1.675]
- Rotation: in RPY (degree) [2.157, -0.813, 95.945]
- Matrix:
 -0.104 -0.994  0.039  4.408
  0.995 -0.104 -0.010 -1.974
  0.014  0.038  0.999 -1.646
  0.000  0.000  0.000  1.000
At time 1779613172.849793434
- Translation: [4.291, -1.575, -1.612]
- Rotation: in Quaternion (xyzw) [0.017, 0.000, 0.761, 0.649]
- Rotation: in RPY (radian) [0.022, -0.026, 1.728]
- Rotation: in RPY (degree) [1.285, -1.485, 99.026]
- Matrix:
 -0.157 -0.987  0.026  4.291
  0.987 -0.157 -0.022 -1.575
  0.026  0.022  0.999 -1.612
  0.000  0.000  0.000  1.000
At time 1779613173.849644660
- Translation: [4.286, -1.192, -1.582]
- Rotation: in Quaternion (xyzw) [0.013, -0.012, 0.756, 0.655]
- Rotation: in RPY (radian) [-0.001, -0.034, 1.714]
- Rotation: in RPY (degree) [-0.072, -1.958, 98.202]
- Matrix:
 -0.143 -0.990  0.004  4.286
  0.989 -0.143 -0.034 -1.192
  0.034 -0.001  0.999 -1.582
  0.000  0.000  0.000  1.000
At time 1779613174.849984407
- Translation: [4.217, -0.813, -1.567]
- Rotation: in Quaternion (xyzw) [0.017, -0.006, 0.761, 0.648]
- Rotation: in RPY (radian) [0.013, -0.034, 1.731]
- Rotation: in RPY (degree) [0.771, -1.956, 99.199]
- Matrix:
 -0.160 -0.987  0.019  4.217
  0.987 -0.160 -0.032 -0.813
  0.034  0.013  0.999 -1.567
  0.000  0.000  0.000  1.000
At time 1779613175.849796533
- Translation: [4.133, -0.541, -1.550]
- Rotation: in Quaternion (xyzw) [0.028, 0.005, 0.731, 0.681]
- Rotation: in RPY (radian) [0.045, -0.033, 1.641]
- Rotation: in RPY (degree) [2.592, -1.893, 94.012]
- Matrix:
 -0.070 -0.996  0.047  4.133
  0.997 -0.071 -0.030 -0.541
  0.033  0.045  0.998 -1.550
  0.000  0.000  0.000  1.000
At time 1779613176.849881649
- Translation: [4.132, -0.355, -1.546]
- Rotation: in Quaternion (xyzw) [0.037, 0.005, 0.746, 0.664]
- Rotation: in RPY (radian) [0.057, -0.048, 1.685]
- Rotation: in RPY (degree) [3.267, -2.739, 96.566]
- Matrix:
 -0.114 -0.992  0.062  4.132
  0.992 -0.117 -0.041 -0.355
  0.048  0.057  0.997 -1.546
  0.000  0.000  0.000  1.000
At time 1779613177.849940538
- Translation: [4.100, -0.281, -1.530]
- Rotation: in Quaternion (xyzw) [0.035, 0.004, 0.781, 0.623]
- Rotation: in RPY (radian) [0.050, -0.050, 1.794]
- Rotation: in RPY (degree) [2.882, -2.837, 102.796]
- Matrix:
 -0.221 -0.973  0.060  4.100
  0.974 -0.224 -0.037 -0.281
  0.049  0.050  0.998 -1.530
  0.000  0.000  0.000  1.000
At time 1779613178.849927425
- Translation: [4.080, -0.219, -1.531]
- Rotation: in Quaternion (xyzw) [0.034, 0.002, 0.821, 0.570]
- Rotation: in RPY (radian) [0.042, -0.053, 1.927]
- Rotation: in RPY (degree) [2.400, -3.060, 110.434]
- Matrix:
 -0.349 -0.935  0.058  4.080
  0.936 -0.351 -0.035 -0.219
  0.053  0.042  0.998 -1.531
  0.000  0.000  0.000  1.000
At time 1779613179.850009441
- Translation: [4.047, -0.117, -1.521]
- Rotation: in Quaternion (xyzw) [0.030, -0.006, 0.859, 0.511]
- Rotation: in RPY (radian) [0.020, -0.058, 2.067]
- Rotation: in RPY (degree) [1.136, -3.334, 118.424]
- Matrix:
 -0.475 -0.879  0.045  4.047
  0.878 -0.477 -0.042 -0.117
  0.058  0.020  0.998 -1.521
  0.000  0.000  0.000  1.000
At time 1779613180.850057840
- Translation: [3.989, -0.031, -1.525]
- Rotation: in Quaternion (xyzw) [0.029, -0.017, 0.891, 0.453]
- Rotation: in RPY (radian) [-0.004, -0.068, 2.201]
- Rotation: in RPY (degree) [-0.250, -3.907, 126.122]
- Matrix:
 -0.588 -0.808  0.037  3.989
  0.806 -0.589 -0.058 -0.031
  0.068 -0.004  0.998 -1.525
  0.000  0.000  0.000  1.000
At time 1779613181.850117444
- Translation: [3.941, 0.005, -1.505]
- Rotation: in Quaternion (xyzw) [0.028, -0.017, 0.919, 0.393]
- Rotation: in RPY (radian) [-0.009, -0.065, 2.334]
- Rotation: in RPY (degree) [-0.490, -3.706, 133.740]
- Matrix:
 -0.690 -0.723  0.039  3.941
  0.721 -0.691 -0.053  0.005
  0.065 -0.009  0.998 -1.505
  0.000  0.000  0.000  1.000
At time 1779613182.850139379
- Translation: [3.886, 0.046, -1.483]
- Rotation: in Quaternion (xyzw) [0.024, -0.022, 0.943, 0.330]
- Rotation: in RPY (radian) [-0.026, -0.060, 2.469]
- Rotation: in RPY (degree) [-1.473, -3.444, 141.442]
- Matrix:
 -0.781 -0.624  0.031  3.886
  0.622 -0.781 -0.058  0.046
  0.060 -0.026  0.998 -1.483
  0.000  0.000  0.000  1.000
At time 1779613183.850230216
- Translation: [3.793, 0.111, -1.474]
- Rotation: in Quaternion (xyzw) [0.026, -0.026, 0.964, 0.265]
- Rotation: in RPY (radian) [-0.037, -0.063, 2.607]
- Rotation: in RPY (degree) [-2.098, -3.609, 149.350]
- Matrix:
 -0.859 -0.511  0.035  3.793
  0.509 -0.859 -0.064  0.111
  0.063 -0.037  0.997 -1.474
  0.000  0.000  0.000  1.000
At time 1779613184.850261688
- Translation: [3.711, 0.135, -1.468]
- Rotation: in Quaternion (xyzw) [0.023, -0.032, 0.979, 0.202]
- Rotation: in RPY (radian) [-0.053, -0.057, 2.736]
- Rotation: in RPY (degree) [-3.055, -3.272, 156.757]
- Matrix:
 -0.917 -0.397  0.031  3.711
  0.394 -0.916 -0.071  0.135
  0.057 -0.053  0.997 -1.468
  0.000  0.000  0.000  1.000
At time 1779613185.850266456
- Translation: [3.609, 0.211, -1.471]
- Rotation: in Quaternion (xyzw) [0.023, -0.042, 0.990, 0.136]
- Rotation: in RPY (radian) [-0.077, -0.056, 2.871]
- Rotation: in RPY (degree) [-4.402, -3.222, 164.481]
- Matrix:
 -0.962 -0.271  0.033  3.609
  0.267 -0.960 -0.089  0.211
  0.056 -0.077  0.995 -1.471
  0.000  0.000  0.000  1.000
At time 1779613186.850286483
- Translation: [3.501, 0.241, -1.469]
- Rotation: in Quaternion (xyzw) [0.024, -0.048, 0.995, 0.084]
- Rotation: in RPY (radian) [-0.091, -0.056, 2.975]
- Rotation: in RPY (degree) [-5.197, -3.232, 170.459]
- Matrix:
 -0.985 -0.170  0.040  3.501
  0.165 -0.981 -0.099  0.241
  0.056 -0.090  0.994 -1.469
  0.000  0.000  0.000  1.000
At time 1779613187.850367546
- Translation: [3.403, 0.279, -1.466]
- Rotation: in Quaternion (xyzw) [0.029, -0.032, 0.996, 0.083]
- Rotation: in RPY (radian) [-0.060, -0.063, 2.978]
- Rotation: in RPY (degree) [-3.440, -3.633, 170.617]
- Matrix:
 -0.985 -0.166  0.053  3.403
  0.163 -0.984 -0.070  0.279
  0.063 -0.060  0.996 -1.466
  0.000  0.000  0.000  1.000
At time 1779613188.850406408
- Translation: [3.417, 0.293, -1.468]
- Rotation: in Quaternion (xyzw) [0.024, -0.032, 0.996, 0.077]
- Rotation: in RPY (radian) [-0.061, -0.053, 2.990]
- Rotation: in RPY (degree) [-3.468, -3.012, 171.290]
- Matrix:
 -0.987 -0.154  0.043  3.417
  0.151 -0.986 -0.068  0.293
  0.053 -0.060  0.997 -1.468
  0.000  0.000  0.000  1.000
At time 1779613189.850547552
- Translation: [3.395, 0.257, -1.469]
- Rotation: in Quaternion (xyzw) [0.014, -0.022, 0.994, -0.105]
- Rotation: in RPY (radian) [-0.048, -0.024, -2.931]
- Rotation: in RPY (degree) [-2.730, -1.359, -167.913]
- Matrix:
 -0.978  0.208  0.033  3.395
 -0.209 -0.977 -0.042  0.257
  0.024 -0.048  0.999 -1.469
  0.000  0.000  0.000  1.000
At time 1779613190.850562572
- Translation: [3.239, 0.206, -1.466]
- Rotation: in Quaternion (xyzw) [0.011, -0.024, 0.984, -0.174]
- Rotation: in RPY (radian) [-0.051, -0.014, -2.792]
- Rotation: in RPY (degree) [-2.920, -0.785, -159.958]
- Matrix:
 -0.939  0.342  0.030  3.239
 -0.343 -0.938 -0.043  0.206
  0.014 -0.051  0.999 -1.466
  0.000  0.000  0.000  1.000
At time 1779613191.850596666
- Translation: [2.961, 0.141, -1.452]
- Rotation: in Quaternion (xyzw) [0.012, -0.018, 0.987, -0.157]
- Rotation: in RPY (radian) [-0.039, -0.018, -2.826]
- Rotation: in RPY (degree) [-2.243, -1.032, -161.942]
- Matrix:
 -0.951  0.309  0.029  2.961
 -0.310 -0.950 -0.032  0.141
  0.018 -0.039  0.999 -1.452
  0.000  0.000  0.000  1.000
At time 1779613192.850620746
- Translation: [2.631, 0.124, -1.445]
- Rotation: in Quaternion (xyzw) [0.005, -0.029, 0.991, -0.130]
- Rotation: in RPY (radian) [-0.058, -0.002, -2.880]
- Rotation: in RPY (degree) [-3.310, -0.110, -165.038]
- Matrix:
 -0.966  0.258  0.017  2.631
 -0.258 -0.965 -0.055  0.124
  0.002 -0.058  0.998 -1.445
  0.000  0.000  0.000  1.000
At time 1779613193.850605487
- Translation: [2.262, 0.077, -1.419]
- Rotation: in Quaternion (xyzw) [0.008, -0.037, 0.997, -0.074]
- Rotation: in RPY (radian) [-0.075, -0.010, -2.994]
- Rotation: in RPY (degree) [-4.296, -0.577, -171.520]
- Matrix:
 -0.989  0.146  0.021  2.262
 -0.147 -0.986 -0.073  0.077
  0.010 -0.075  0.997 -1.419
  0.000  0.000  0.000  1.000
At time 1779613194.850672483
- Translation: [1.916, 0.022, -1.388]
- Rotation: in Quaternion (xyzw) [0.008, -0.045, 0.999, -0.020]
- Rotation: in RPY (radian) [-0.090, -0.015, -3.100]
- Rotation: in RPY (degree) [-5.165, -0.857, -177.631]
- Matrix:
 -0.999  0.040  0.019  1.916
 -0.041 -0.995 -0.089  0.022
  0.015 -0.090  0.996 -1.388
  0.000  0.000  0.000  1.000
At time 1779613195.850871324
- Translation: [1.520, 0.061, -1.381]
- Rotation: in Quaternion (xyzw) [0.017, -0.054, 0.998, 0.025]
- Rotation: in RPY (radian) [-0.108, -0.036, 3.094]
- Rotation: in RPY (degree) [-6.193, -2.066, 177.276]
- Matrix:
 -0.998 -0.051  0.031  1.520
  0.048 -0.993 -0.109  0.061
  0.036 -0.108  0.994 -1.381
  0.000  0.000  0.000  1.000
At time 1779613196.850786447
- Translation: [1.133, 0.066, -1.358]
- Rotation: in Quaternion (xyzw) [0.014, -0.053, 0.998, 0.034]
- Rotation: in RPY (radian) [-0.104, -0.032, 3.074]
- Rotation: in RPY (degree) [-5.966, -1.832, 176.136]
- Matrix:
 -0.997 -0.070  0.025  1.133
  0.067 -0.992 -0.106  0.066
  0.032 -0.104  0.994 -1.358
  0.000  0.000  0.000  1.000
At time 1779613197.850845813
- Translation: [0.747, 0.062, -1.333]
- Rotation: in Quaternion (xyzw) [0.010, -0.047, 0.999, -0.010]
- Rotation: in RPY (radian) [-0.094, -0.018, -3.120]
- Rotation: in RPY (degree) [-5.368, -1.040, -178.756]
- Matrix:
 -1.000  0.020  0.020  0.747
 -0.022 -0.995 -0.093  0.062
  0.018 -0.094  0.995 -1.333
  0.000  0.000  0.000  1.000
At time 1779613198.850952386
- Translation: [0.354, 0.017, -1.320]
- Rotation: in Quaternion (xyzw) [0.013, -0.039, 0.998, -0.055]
- Rotation: in RPY (radian) [-0.079, -0.022, -3.030]
- Rotation: in RPY (degree) [-4.500, -1.253, -173.594]
- Matrix:
 -0.994  0.110  0.030  0.354
 -0.112 -0.991 -0.076  0.017
  0.022 -0.078  0.997 -1.320
  0.000  0.000  0.000  1.000
At time 1779613199.851014375
- Translation: [-0.038, -0.040, -1.301]
- Rotation: in Quaternion (xyzw) [0.011, -0.027, 0.996, -0.086]
- Rotation: in RPY (radian) [-0.057, -0.017, -2.969]
- Rotation: in RPY (degree) [-3.241, -0.978, -170.106]
- Matrix:
 -0.985  0.171  0.026 -0.038
 -0.172 -0.984 -0.053 -0.040
  0.017 -0.057  0.998 -1.301
  0.000  0.000  0.000  1.000
At time 1779613200.851139307
- Translation: [-0.332, -0.100, -1.282]
- Rotation: in Quaternion (xyzw) [0.014, -0.019, 0.995, -0.098]
- Rotation: in RPY (radian) [-0.040, -0.025, -2.945]
- Rotation: in RPY (degree) [-2.276, -1.412, -168.712]
- Matrix:
 -0.980  0.195  0.032 -0.332
 -0.196 -0.980 -0.034 -0.100
  0.025 -0.040  0.999 -1.282
  0.000  0.000  0.000  1.000
At time 1779613201.851066589
- Translation: [-0.535, -0.126, -1.273]
- Rotation: in Quaternion (xyzw) [0.013, -0.019, 0.995, -0.093]
- Rotation: in RPY (radian) [-0.041, -0.022, -2.954]
- Rotation: in RPY (degree) [-2.364, -1.277, -169.263]
- Matrix:
 -0.982  0.185  0.030 -0.535
 -0.186 -0.982 -0.036 -0.126
  0.022 -0.041  0.999 -1.273
  0.000  0.000  0.000  1.000
At time 1779613202.851769447
- Translation: [-0.663, -0.170, -1.269]
- Rotation: in Quaternion (xyzw) [0.021, -0.028, 0.994, -0.100]
- Rotation: in RPY (radian) [-0.059, -0.036, -2.940]
- Rotation: in RPY (degree) [-3.405, -2.049, -168.472]
- Matrix:
 -0.979  0.197  0.047 -0.663
 -0.200 -0.979 -0.051 -0.170
  0.036 -0.059  0.998 -1.269
  0.000  0.000  0.000  1.000
At time 1779613203.851403474
- Translation: [-0.683, -0.169, -1.263]
- Rotation: in Quaternion (xyzw) [0.023, -0.038, 0.994, -0.103]
- Rotation: in RPY (radian) [-0.081, -0.037, -2.933]
- Rotation: in RPY (degree) [-4.660, -2.132, -168.068]
- Matrix:
 -0.978  0.203  0.053 -0.683
 -0.207 -0.976 -0.072 -0.169
  0.037 -0.081  0.996 -1.263
  0.000  0.000  0.000  1.000
At time 1779613204.851239442
- Translation: [-0.672, -0.169, -1.261]
- Rotation: in Quaternion (xyzw) [0.023, -0.038, 0.994, -0.102]
- Rotation: in RPY (radian) [-0.081, -0.039, -2.935]
- Rotation: in RPY (degree) [-4.660, -2.207, -168.172]
- Matrix:
 -0.978  0.201  0.054 -0.672
 -0.205 -0.976 -0.072 -0.169
  0.039 -0.081  0.996 -1.261
  0.000  0.000  0.000  1.000
At time 1779613205.851495742
- Translation: [-0.676, -0.168, -1.257]
- Rotation: in Quaternion (xyzw) [0.023, -0.038, 0.994, -0.102]
- Rotation: in RPY (radian) [-0.081, -0.038, -2.935]
- Rotation: in RPY (degree) [-4.635, -2.195, -168.153]
- Matrix:
 -0.978  0.202  0.054 -0.676
 -0.205 -0.976 -0.071 -0.168
  0.038 -0.081  0.996 -1.257
  0.000  0.000  0.000  1.000
At time 1779613206.851375579
- Translation: [-0.675, -0.169, -1.261]
- Rotation: in Quaternion (xyzw) [0.024, -0.038, 0.994, -0.102]
- Rotation: in RPY (radian) [-0.081, -0.040, -2.935]
- Rotation: in RPY (degree) [-4.647, -2.284, -168.162]
- Matrix:
 -0.978  0.201  0.055 -0.675
 -0.205 -0.976 -0.071 -0.169
  0.040 -0.081  0.996 -1.261
  0.000  0.000  0.000  1.000
At time 1779613207.851358413
- Translation: [-0.675, -0.172, -1.262]
- Rotation: in Quaternion (xyzw) [0.024, -0.038, 0.994, -0.102]
- Rotation: in RPY (radian) [-0.081, -0.040, -2.935]
- Rotation: in RPY (degree) [-4.660, -2.283, -168.181]
- Matrix:
 -0.978  0.201  0.056 -0.675
 -0.205 -0.976 -0.071 -0.172
  0.040 -0.081  0.996 -1.262
  0.000  0.000  0.000  1.000
At time 1779613208.851418256
- Translation: [-0.673, -0.170, -1.260]
- Rotation: in Quaternion (xyzw) [0.024, -0.038, 0.994, -0.102]
- Rotation: in RPY (radian) [-0.081, -0.040, -2.936]
- Rotation: in RPY (degree) [-4.645, -2.286, -168.194]
- Matrix:
 -0.978  0.201  0.055 -0.673
 -0.204 -0.976 -0.071 -0.170
  0.040 -0.081  0.996 -1.260
  0.000  0.000  0.000  1.000
At time 1779613209.851558685
- Translation: [-0.675, -0.168, -1.260]
- Rotation: in Quaternion (xyzw) [0.024, -0.038, 0.994, -0.102]
- Rotation: in RPY (radian) [-0.081, -0.040, -2.935]
- Rotation: in RPY (degree) [-4.648, -2.301, -168.169]
- Matrix:
 -0.978  0.201  0.056 -0.675
 -0.205 -0.976 -0.071 -0.168
  0.040 -0.081  0.996 -1.260
  0.000  0.000  0.000  1.000
At time 1779613210.852040529
- Translation: [-0.676, -0.168, -1.262]
- Rotation: in Quaternion (xyzw) [0.024, -0.038, 0.994, -0.103]
- Rotation: in RPY (radian) [-0.081, -0.041, -2.934]
- Rotation: in RPY (degree) [-4.661, -2.334, -168.094]
- Matrix:
 -0.978  0.202  0.056 -0.676
 -0.206 -0.976 -0.071 -0.168
  0.041 -0.081  0.996 -1.262
  0.000  0.000  0.000  1.000
At time 1779613211.851584434
- Translation: [-0.676, -0.169, -1.261]
- Rotation: in Quaternion (xyzw) [0.024, -0.039, 0.994, -0.102]
- Rotation: in RPY (radian) [-0.082, -0.041, -2.934]
- Rotation: in RPY (degree) [-4.706, -2.322, -168.130]
- Matrix:
 -0.978  0.202  0.056 -0.676
 -0.206 -0.976 -0.072 -0.169
  0.041 -0.082  0.996 -1.261
  0.000  0.000  0.000  1.000
At time 1779613212.851603269
- Translation: [-0.675, -0.168, -1.262]
- Rotation: in Quaternion (xyzw) [0.024, -0.039, 0.994, -0.103]
- Rotation: in RPY (radian) [-0.082, -0.040, -2.934]
- Rotation: in RPY (degree) [-4.711, -2.300, -168.107]
- Matrix:
 -0.978  0.202  0.056 -0.675
 -0.206 -0.976 -0.072 -0.168
  0.040 -0.082  0.996 -1.262
  0.000  0.000  0.000  1.000
At time 1779613213.851656675
- Translation: [-0.679, -0.168, -1.261]
- Rotation: in Quaternion (xyzw) [0.024, -0.039, 0.994, -0.103]
- Rotation: in RPY (radian) [-0.082, -0.039, -2.934]
- Rotation: in RPY (degree) [-4.689, -2.259, -168.109]
- Matrix:
 -0.978  0.202  0.055 -0.679
 -0.206 -0.976 -0.072 -0.168
  0.039 -0.082  0.996 -1.261
  0.000  0.000  0.000  1.000
At time 1779613214.851699829
- Translation: [-0.683, -0.168, -1.259]
- Rotation: in Quaternion (xyzw) [0.023, -0.039, 0.994, -0.103]
- Rotation: in RPY (radian) [-0.082, -0.039, -2.934]
- Rotation: in RPY (degree) [-4.672, -2.213, -168.117]
- Matrix:
 -0.978  0.202  0.054 -0.683
 -0.206 -0.976 -0.072 -0.168
  0.039 -0.081  0.996 -1.259
  0.000  0.000  0.000  1.000
At time 1779613215.851757526
- Translation: [-0.680, -0.171, -1.260]
- Rotation: in Quaternion (xyzw) [0.023, -0.039, 0.994, -0.102]
- Rotation: in RPY (radian) [-0.082, -0.038, -2.935]
- Rotation: in RPY (degree) [-4.682, -2.171, -168.147]
- Matrix:
 -0.978  0.202  0.054 -0.680
 -0.205 -0.976 -0.072 -0.171
  0.038 -0.082  0.996 -1.260
  0.000  0.000  0.000  1.000
At time 1779613216.851794242
- Translation: [-0.682, -0.170, -1.262]
- Rotation: in Quaternion (xyzw) [0.023, -0.039, 0.994, -0.102]
- Rotation: in RPY (radian) [-0.082, -0.038, -2.935]
- Rotation: in RPY (degree) [-4.698, -2.194, -168.139]
- Matrix:
 -0.978  0.202  0.054 -0.682
 -0.205 -0.976 -0.072 -0.170
  0.038 -0.082  0.996 -1.262
  0.000  0.000  0.000  1.000
At time 1779613217.852002620
- Translation: [-0.683, -0.169, -1.262]
- Rotation: in Quaternion (xyzw) [0.023, -0.039, 0.994, -0.103]
- Rotation: in RPY (radian) [-0.082, -0.039, -2.934]
- Rotation: in RPY (degree) [-4.680, -2.211, -168.118]
- Matrix:
 -0.978  0.202  0.054 -0.683
 -0.206 -0.976 -0.072 -0.169
  0.039 -0.082  0.996 -1.262
  0.000  0.000  0.000  1.000
At time 1779613218.852193593
- Translation: [-0.678, -0.170, -1.261]
- Rotation: in Quaternion (xyzw) [0.022, -0.039, 0.994, -0.102]
- Rotation: in RPY (radian) [-0.082, -0.036, -2.935]
- Rotation: in RPY (degree) [-4.715, -2.046, -168.172]
- Matrix:
 -0.978  0.201  0.052 -0.678
 -0.205 -0.976 -0.073 -0.170
  0.036 -0.082  0.996 -1.261
  0.000  0.000  0.000  1.000
At time 1779613219.851970672
- Translation: [-0.683, -0.171, -1.261]
- Rotation: in Quaternion (xyzw) [0.022, -0.039, 0.994, -0.102]
- Rotation: in RPY (radian) [-0.082, -0.037, -2.935]
- Rotation: in RPY (degree) [-4.692, -2.101, -168.176]
- Matrix:
 -0.978  0.201  0.053 -0.683
 -0.205 -0.976 -0.073 -0.171
  0.037 -0.082  0.996 -1.261
  0.000  0.000  0.000  1.000
At time 1779613220.852000236
- Translation: [-0.686, -0.172, -1.260]
- Rotation: in Quaternion (xyzw) [0.022, -0.039, 0.994, -0.102]
- Rotation: in RPY (radian) [-0.082, -0.036, -2.935]
- Rotation: in RPY (degree) [-4.688, -2.071, -168.166]
- Matrix:
 -0.978  0.201  0.052 -0.686
 -0.205 -0.976 -0.073 -0.172
  0.036 -0.082  0.996 -1.260
  0.000  0.000  0.000  1.000
At time 1779613221.852053642
- Translation: [-0.676, -0.167, -1.263]
- Rotation: in Quaternion (xyzw) [0.022, -0.039, 0.994, -0.102]
- Rotation: in RPY (radian) [-0.082, -0.036, -2.935]
- Rotation: in RPY (degree) [-4.717, -2.050, -168.148]
- Matrix:
 -0.978  0.202  0.052 -0.676
 -0.205 -0.976 -0.073 -0.167
  0.036 -0.082  0.996 -1.263
  0.000  0.000  0.000  1.000
At time 1779613222.852185487
- Translation: [-0.682, -0.171, -1.261]
- Rotation: in Quaternion (xyzw) [0.022, -0.039, 0.994, -0.102]
- Rotation: in RPY (radian) [-0.082, -0.036, -2.935]
- Rotation: in RPY (degree) [-4.698, -2.073, -168.142]
- Matrix:
 -0.978  0.202  0.052 -0.682
 -0.205 -0.976 -0.073 -0.171
  0.036 -0.082  0.996 -1.261
  0.000  0.000  0.000  1.000
At time 1779613223.852367401
- Translation: [-0.680, -0.172, -1.262]
- Rotation: in Quaternion (xyzw) [0.022, -0.039, 0.994, -0.102]
- Rotation: in RPY (radian) [-0.082, -0.036, -2.935]
- Rotation: in RPY (degree) [-4.709, -2.057, -168.162]
- Matrix:
 -0.978  0.202  0.052 -0.680
 -0.205 -0.976 -0.073 -0.172
  0.036 -0.082  0.996 -1.262
  0.000  0.000  0.000  1.000
At time 1779613224.852327346
- Translation: [-0.676, -0.171, -1.262]
- Rotation: in Quaternion (xyzw) [0.022, -0.039, 0.994, -0.102]
- Rotation: in RPY (radian) [-0.082, -0.036, -2.935]
- Rotation: in RPY (degree) [-4.690, -2.075, -168.164]
- Matrix:
 -0.978  0.202  0.052 -0.676
 -0.205 -0.976 -0.073 -0.171
  0.036 -0.082  0.996 -1.262
  0.000  0.000  0.000  1.000
At time 1779613225.852285623
- Translation: [-0.683, -0.176, -1.263]
- Rotation: in Quaternion (xyzw) [0.022, -0.039, 0.994, -0.102]
- Rotation: in RPY (radian) [-0.082, -0.036, -2.935]
- Rotation: in RPY (degree) [-4.681, -2.088, -168.179]
- Matrix:
 -0.978  0.201  0.052 -0.683
 -0.205 -0.976 -0.072 -0.176
  0.036 -0.082  0.996 -1.263
  0.000  0.000  0.000  1.000
At time 1779613226.852594614
- Translation: [-0.682, -0.175, -1.265]
- Rotation: in Quaternion (xyzw) [0.022, -0.039, 0.994, -0.102]
- Rotation: in RPY (radian) [-0.082, -0.036, -2.935]
- Rotation: in RPY (degree) [-4.716, -2.072, -168.183]
- Matrix:
 -0.978  0.201  0.052 -0.682
 -0.205 -0.976 -0.073 -0.175
  0.036 -0.082  0.996 -1.265
  0.000  0.000  0.000  1.000
At time 1779613227.852526426
- Translation: [-0.677, -0.172, -1.265]
- Rotation: in Quaternion (xyzw) [0.023, -0.039, 0.994, -0.102]
- Rotation: in RPY (radian) [-0.082, -0.037, -2.935]
- Rotation: in RPY (degree) [-4.686, -2.141, -168.167]
- Matrix:
 -0.978  0.201  0.053 -0.677
 -0.205 -0.976 -0.072 -0.172
  0.037 -0.082  0.996 -1.265
  0.000  0.000  0.000  1.000
At time 1779613228.852417230
- Translation: [-0.677, -0.170, -1.266]
- Rotation: in Quaternion (xyzw) [0.023, -0.039, 0.994, -0.102]
- Rotation: in RPY (radian) [-0.082, -0.037, -2.935]
- Rotation: in RPY (degree) [-4.699, -2.112, -168.157]
- Matrix:
 -0.978  0.202  0.053 -0.677
 -0.205 -0.976 -0.073 -0.170
  0.037 -0.082  0.996 -1.266
  0.000  0.000  0.000  1.000
At time 1779613229.852442741
- Translation: [-0.679, -0.175, -1.268]
- Rotation: in Quaternion (xyzw) [0.023, -0.039, 0.994, -0.102]
- Rotation: in RPY (radian) [-0.082, -0.037, -2.935]
- Rotation: in RPY (degree) [-4.715, -2.106, -168.162]
- Matrix:
 -0.978  0.201  0.053 -0.679
 -0.205 -0.976 -0.073 -0.175
  0.037 -0.082  0.996 -1.268
  0.000  0.000  0.000  1.000
At time 1779613230.852560758
- Translation: [-0.682, -0.172, -1.264]
- Rotation: in Quaternion (xyzw) [0.022, -0.039, 0.994, -0.101]
- Rotation: in RPY (radian) [-0.083, -0.036, -2.937]
- Rotation: in RPY (degree) [-4.730, -2.039, -168.284]
- Matrix:
 -0.979  0.200  0.051 -0.682
 -0.203 -0.976 -0.074 -0.172
  0.036 -0.082  0.996 -1.264
  0.000  0.000  0.000  1.000
At time 1779613231.852660417
- Translation: [-0.683, -0.170, -1.264]
- Rotation: in Quaternion (xyzw) [0.023, -0.039, 0.994, -0.103]
- Rotation: in RPY (radian) [-0.083, -0.037, -2.934]
- Rotation: in RPY (degree) [-4.728, -2.144, -168.127]
- Matrix:
 -0.978  0.202  0.053 -0.683
 -0.206 -0.976 -0.073 -0.170
  0.037 -0.082  0.996 -1.264
  0.000  0.000  0.000  1.000
At time 1779613232.852613449
- Translation: [-0.667, -0.169, -1.263]
- Rotation: in Quaternion (xyzw) [0.022, -0.039, 0.994, -0.102]
- Rotation: in RPY (radian) [-0.082, -0.036, -2.935]
- Rotation: in RPY (degree) [-4.700, -2.057, -168.159]
- Matrix:
 -0.978  0.202  0.052 -0.667
 -0.205 -0.976 -0.073 -0.169
  0.036 -0.082  0.996 -1.263
  0.000  0.000  0.000  1.000
At time 1779613233.852838754
- Translation: [-0.683, -0.172, -1.267]
- Rotation: in Quaternion (xyzw) [0.022, -0.039, 0.994, -0.103]
- Rotation: in RPY (radian) [-0.083, -0.036, -2.934]
- Rotation: in RPY (degree) [-4.741, -2.054, -168.131]
- Matrix:
 -0.978  0.202  0.052 -0.683
 -0.206 -0.976 -0.074 -0.172
  0.036 -0.083  0.996 -1.267
  0.000  0.000  0.000  1.000
At time 1779613234.853016614
- Translation: [-0.683, -0.172, -1.265]
- Rotation: in Quaternion (xyzw) [0.022, -0.039, 0.994, -0.103]
- Rotation: in RPY (radian) [-0.082, -0.036, -2.934]
- Rotation: in RPY (degree) [-4.715, -2.084, -168.113]
- Matrix:
 -0.978  0.202  0.052 -0.683
 -0.206 -0.976 -0.073 -0.172
  0.036 -0.082  0.996 -1.265
  0.000  0.000  0.000  1.000
At time 1779613235.852789402
- Translation: [-0.679, -0.169, -1.266]
- Rotation: in Quaternion (xyzw) [0.023, -0.039, 0.994, -0.103]
- Rotation: in RPY (radian) [-0.082, -0.037, -2.934]
- Rotation: in RPY (degree) [-4.718, -2.124, -168.113]
- Matrix:
 -0.978  0.202  0.053 -0.679
 -0.206 -0.976 -0.073 -0.169
  0.037 -0.082  0.996 -1.266
  0.000  0.000  0.000  1.000
At time 1779613236.852784395
- Translation: [-0.682, -0.172, -1.264]
- Rotation: in Quaternion (xyzw) [0.022, -0.039, 0.994, -0.103]
- Rotation: in RPY (radian) [-0.082, -0.036, -2.934]
- Rotation: in RPY (degree) [-4.705, -2.083, -168.124]
- Matrix:
 -0.978  0.202  0.052 -0.682
 -0.206 -0.976 -0.073 -0.172
  0.036 -0.082  0.996 -1.264
  0.000  0.000  0.000  1.000
At time 1779613237.853166580
- Translation: [-0.682, -0.171, -1.264]
- Rotation: in Quaternion (xyzw) [0.023, -0.039, 0.994, -0.103]
- Rotation: in RPY (radian) [-0.082, -0.037, -2.934]
- Rotation: in RPY (degree) [-4.699, -2.122, -168.117]
- Matrix:
 -0.978  0.202  0.053 -0.682
 -0.206 -0.976 -0.073 -0.171
  0.037 -0.082  0.996 -1.264
  0.000  0.000  0.000  1.000
At time 1779613238.852909564
- Translation: [-0.689, -0.172, -1.266]
- Rotation: in Quaternion (xyzw) [0.023, -0.039, 0.994, -0.103]
- Rotation: in RPY (radian) [-0.083, -0.037, -2.934]
- Rotation: in RPY (degree) [-4.745, -2.102, -168.120]
- Matrix:
 -0.978  0.202  0.053 -0.689
 -0.206 -0.976 -0.073 -0.172
  0.037 -0.083  0.996 -1.266
  0.000  0.000  0.000  1.000
At time 1779613239.852974414
- Translation: [-0.682, -0.170, -1.265]
- Rotation: in Quaternion (xyzw) [0.022, -0.039, 0.994, -0.103]
- Rotation: in RPY (radian) [-0.083, -0.036, -2.934]
- Rotation: in RPY (degree) [-4.739, -2.085, -168.132]
- Matrix:
 -0.978  0.202  0.052 -0.682
 -0.206 -0.976 -0.073 -0.170
  0.036 -0.083  0.996 -1.265
  0.000  0.000  0.000  1.000
At time 1779613240.853056430
- Translation: [-0.687, -0.174, -1.266]
- Rotation: in Quaternion (xyzw) [0.023, -0.039, 0.994, -0.102]
- Rotation: in RPY (radian) [-0.082, -0.037, -2.935]
- Rotation: in RPY (degree) [-4.707, -2.136, -168.146]
- Matrix:
 -0.978  0.202  0.053 -0.687
 -0.205 -0.976 -0.073 -0.174
  0.037 -0.082  0.996 -1.266
  0.000  0.000  0.000  1.000
At time 1779613241.853269577
- Translation: [-0.675, -0.170, -1.266]
- Rotation: in Quaternion (xyzw) [0.023, -0.039, 0.994, -0.102]
- Rotation: in RPY (radian) [-0.082, -0.037, -2.935]
- Rotation: in RPY (degree) [-4.700, -2.147, -168.140]
- Matrix:
 -0.978  0.202  0.053 -0.675
 -0.205 -0.976 -0.073 -0.170
  0.037 -0.082  0.996 -1.266
  0.000  0.000  0.000  1.000
At time 1779613242.853112459
- Translation: [-0.679, -0.169, -1.264]
- Rotation: in Quaternion (xyzw) [0.022, -0.039, 0.994, -0.103]
- Rotation: in RPY (radian) [-0.083, -0.036, -2.934]
- Rotation: in RPY (degree) [-4.728, -2.072, -168.115]
- Matrix:
 -0.978  0.202  0.052 -0.679
 -0.206 -0.976 -0.073 -0.169
  0.036 -0.082  0.996 -1.264
  0.000  0.000  0.000  1.000
At time 1779613243.853156328
- Translation: [-0.676, -0.167, -1.266]
- Rotation: in Quaternion (xyzw) [0.023, -0.039, 0.994, -0.103]
- Rotation: in RPY (radian) [-0.083, -0.037, -2.934]
- Rotation: in RPY (degree) [-4.729, -2.107, -168.080]
- Matrix:
 -0.978  0.203  0.053 -0.676
 -0.206 -0.976 -0.073 -0.167
  0.037 -0.082  0.996 -1.266
  0.000  0.000  0.000  1.000
At time 1779613244.853414297
- Translation: [-0.676, -0.171, -1.267]
- Rotation: in Quaternion (xyzw) [0.023, -0.039, 0.994, -0.103]
- Rotation: in RPY (radian) [-0.082, -0.038, -2.934]
- Rotation: in RPY (degree) [-4.699, -2.156, -168.085]
- Matrix:
 -0.978  0.203  0.054 -0.676
 -0.206 -0.976 -0.072 -0.171
  0.038 -0.082  0.996 -1.267
  0.000  0.000  0.000  1.000
At time 1779613245.853252649
- Translation: [-0.677, -0.170, -1.265]
- Rotation: in Quaternion (xyzw) [0.023, -0.039, 0.994, -0.103]
- Rotation: in RPY (radian) [-0.082, -0.037, -2.934]
- Rotation: in RPY (degree) [-4.705, -2.128, -168.088]
- Matrix:
 -0.978  0.203  0.053 -0.677
 -0.206 -0.976 -0.073 -0.170
  0.037 -0.082  0.996 -1.265
  0.000  0.000  0.000  1.000
At time 1779613246.853835582
- Translation: [-0.675, -0.168, -1.262]
- Rotation: in Quaternion (xyzw) [0.023, -0.039, 0.994, -0.103]
- Rotation: in RPY (radian) [-0.082, -0.037, -2.934]
- Rotation: in RPY (degree) [-4.672, -2.147, -168.084]
- Matrix:
 -0.978  0.203  0.053 -0.675
 -0.206 -0.976 -0.072 -0.168
  0.037 -0.081  0.996 -1.262
  0.000  0.000  0.000  1.000
At time 1779613247.853737354
- Translation: [-0.682, -0.171, -1.264]
- Rotation: in Quaternion (xyzw) [0.022, -0.039, 0.994, -0.103]
- Rotation: in RPY (radian) [-0.083, -0.036, -2.934]
- Rotation: in RPY (degree) [-4.729, -2.083, -168.127]
- Matrix:
 -0.978  0.202  0.052 -0.682
 -0.206 -0.976 -0.073 -0.171
  0.036 -0.082  0.996 -1.264
  0.000  0.000  0.000  1.000
At time 1779613248.853403329
- Translation: [-0.678, -0.169, -1.265]
- Rotation: in Quaternion (xyzw) [0.023, -0.039, 0.994, -0.103]
- Rotation: in RPY (radian) [-0.082, -0.037, -2.934]
- Rotation: in RPY (degree) [-4.699, -2.137, -168.102]
- Matrix:
 -0.978  0.202  0.053 -0.678
 -0.206 -0.976 -0.072 -0.169
  0.037 -0.082  0.996 -1.265
  0.000  0.000  0.000  1.000
At time 1779613249.853945970
- Translation: [-0.684, -0.171, -1.263]
- Rotation: in Quaternion (xyzw) [0.022, -0.039, 0.994, -0.103]
- Rotation: in RPY (radian) [-0.082, -0.036, -2.934]
- Rotation: in RPY (degree) [-4.714, -2.088, -168.117]
- Matrix:
 -0.978  0.202  0.052 -0.684
 -0.206 -0.976 -0.073 -0.171
  0.036 -0.082  0.996 -1.263
  0.000  0.000  0.000  1.000
At time 1779613250.853493452
- Translation: [-0.683, -0.169, -1.261]
- Rotation: in Quaternion (xyzw) [0.023, -0.039, 0.994, -0.103]
- Rotation: in RPY (radian) [-0.082, -0.037, -2.934]
- Rotation: in RPY (degree) [-4.681, -2.117, -168.100]
- Matrix:
 -0.978  0.203  0.053 -0.683
 -0.206 -0.976 -0.072 -0.169
  0.037 -0.082  0.996 -1.261
  0.000  0.000  0.000  1.000
At time 1779613251.853802442
- Translation: [-0.676, -0.170, -1.266]
- Rotation: in Quaternion (xyzw) [0.023, -0.039, 0.994, -0.103]
- Rotation: in RPY (radian) [-0.082, -0.038, -2.934]
- Rotation: in RPY (degree) [-4.697, -2.170, -168.118]
- Matrix:
 -0.978  0.202  0.054 -0.676
 -0.206 -0.976 -0.072 -0.170
  0.038 -0.082  0.996 -1.266
  0.000  0.000  0.000  1.000
At time 1779613252.853771448
- Translation: [-0.679, -0.171, -1.261]
- Rotation: in Quaternion (xyzw) [0.023, -0.039, 0.994, -0.103]
- Rotation: in RPY (radian) [-0.082, -0.037, -2.934]
- Rotation: in RPY (degree) [-4.671, -2.127, -168.114]
- Matrix:
 -0.978  0.202  0.053 -0.679
 -0.206 -0.976 -0.072 -0.171
  0.037 -0.081  0.996 -1.261
  0.000  0.000  0.000  1.000
At time 1779613253.853827953
- Translation: [-0.680, -0.171, -1.267]
- Rotation: in Quaternion (xyzw) [0.023, -0.039, 0.994, -0.103]
- Rotation: in RPY (radian) [-0.082, -0.037, -2.934]
- Rotation: in RPY (degree) [-4.715, -2.121, -168.123]
- Matrix:
 -0.978  0.202  0.053 -0.680
 -0.206 -0.976 -0.073 -0.171
  0.037 -0.082  0.996 -1.267
  0.000  0.000  0.000  1.000
At time 1779613254.853696584
- Translation: [-0.680, -0.170, -1.262]
- Rotation: in Quaternion (xyzw) [0.022, -0.039, 0.994, -0.103]
- Rotation: in RPY (radian) [-0.082, -0.037, -2.934]
- Rotation: in RPY (degree) [-4.685, -2.100, -168.125]
- Matrix:
 -0.978  0.202  0.053 -0.680
 -0.206 -0.976 -0.072 -0.170
  0.037 -0.082  0.996 -1.262
  0.000  0.000  0.000  1.000
At time 1779613255.853744268
- Translation: [-0.677, -0.170, -1.264]
- Rotation: in Quaternion (xyzw) [0.023, -0.039, 0.994, -0.103]
- Rotation: in RPY (radian) [-0.082, -0.037, -2.934]
- Rotation: in RPY (degree) [-4.704, -2.105, -168.101]
- Matrix:
 -0.978  0.203  0.053 -0.677
 -0.206 -0.976 -0.073 -0.170
  0.037 -0.082  0.996 -1.264
  0.000  0.000  0.000  1.000
At time 1779613256.853923320
- Translation: [-0.683, -0.168, -1.263]
- Rotation: in Quaternion (xyzw) [0.022, -0.039, 0.994, -0.103]
- Rotation: in RPY (radian) [-0.082, -0.037, -2.934]
- Rotation: in RPY (degree) [-4.715, -2.094, -168.102]
- Matrix:
 -0.978  0.203  0.053 -0.683
 -0.206 -0.976 -0.073 -0.168
  0.037 -0.082  0.996 -1.263
  0.000  0.000  0.000  1.000
At time 1779613257.854040622
- Translation: [-0.679, -0.171, -1.264]
- Rotation: in Quaternion (xyzw) [0.022, -0.039, 0.994, -0.103]
- Rotation: in RPY (radian) [-0.082, -0.036, -2.934]
- Rotation: in RPY (degree) [-4.717, -2.079, -168.132]
- Matrix:
 -0.978  0.202  0.052 -0.679
 -0.206 -0.976 -0.073 -0.171
  0.036 -0.082  0.996 -1.264
  0.000  0.000  0.000  1.000
At time 1779613258.854022502
- Translation: [-0.680, -0.172, -1.265]
- Rotation: in Quaternion (xyzw) [0.022, -0.039, 0.994, -0.103]
- Rotation: in RPY (radian) [-0.082, -0.036, -2.934]
- Rotation: in RPY (degree) [-4.713, -2.091, -168.127]
- Matrix:
 -0.978  0.202  0.052 -0.680
 -0.206 -0.976 -0.073 -0.172
  0.036 -0.082  0.996 -1.265
  0.000  0.000  0.000  1.000
At time 1779613259.853957414
- Translation: [-0.674, -0.167, -1.265]
- Rotation: in Quaternion (xyzw) [0.022, -0.039, 0.994, -0.103]
- Rotation: in RPY (radian) [-0.083, -0.036, -2.934]
- Rotation: in RPY (degree) [-4.727, -2.077, -168.115]
- Matrix:
 -0.978  0.202  0.052 -0.674
 -0.206 -0.976 -0.073 -0.167
  0.036 -0.082  0.996 -1.265
  0.000  0.000  0.000  1.000
At time 1779613260.854023218
- Translation: [-0.678, -0.172, -1.264]
- Rotation: in Quaternion (xyzw) [0.023, -0.039, 0.994, -0.103]
- Rotation: in RPY (radian) [-0.082, -0.037, -2.934]
- Rotation: in RPY (degree) [-4.705, -2.107, -168.133]
- Matrix:
 -0.978  0.202  0.053 -0.678
 -0.205 -0.976 -0.073 -0.172
  0.037 -0.082  0.996 -1.264
  0.000  0.000  0.000  1.000
At time 1779613261.854082584
- Translation: [-0.679, -0.171, -1.263]
- Rotation: in Quaternion (xyzw) [0.022, -0.039, 0.994, -0.103]
- Rotation: in RPY (radian) [-0.082, -0.037, -2.934]
- Rotation: in RPY (degree) [-4.704, -2.099, -168.119]
- Matrix:
 -0.978  0.202  0.053 -0.679
 -0.206 -0.976 -0.073 -0.171
  0.037 -0.082  0.996 -1.263
  0.000  0.000  0.000  1.000
At time 1779613262.854099512
- Translation: [-0.678, -0.168, -1.263]
- Rotation: in Quaternion (xyzw) [0.022, -0.039, 0.994, -0.103]
- Rotation: in RPY (radian) [-0.082, -0.037, -2.934]
- Rotation: in RPY (degree) [-4.704, -2.096, -168.101]
- Matrix:
 -0.978  0.203  0.053 -0.678
 -0.206 -0.976 -0.073 -0.168
  0.037 -0.082  0.996 -1.263
  0.000  0.000  0.000  1.000
At time 1779613263.854236364
- Translation: [-0.678, -0.169, -1.264]
- Rotation: in Quaternion (xyzw) [0.022, -0.039, 0.994, -0.103]
- Rotation: in RPY (radian) [-0.082, -0.036, -2.934]
- Rotation: in RPY (degree) [-4.726, -2.070, -168.106]
- Matrix:
 -0.978  0.202  0.052 -0.678
 -0.206 -0.976 -0.073 -0.169
  0.036 -0.082  0.996 -1.264
  0.000  0.000  0.000  1.000
At time 1779613264.854177236
- Translation: [-0.677, -0.167, -1.264]
- Rotation: in Quaternion (xyzw) [0.023, -0.039, 0.994, -0.103]
- Rotation: in RPY (radian) [-0.082, -0.037, -2.934]
- Rotation: in RPY (degree) [-4.688, -2.126, -168.105]
- Matrix:
 -0.978  0.202  0.053 -0.677
 -0.206 -0.976 -0.072 -0.167
  0.037 -0.082  0.996 -1.264
  0.000  0.000  0.000  1.000
At time 1779613265.854636430
- Translation: [-0.677, -0.168, -1.264]
- Rotation: in Quaternion (xyzw) [0.022, -0.039, 0.994, -0.103]
- Rotation: in RPY (radian) [-0.082, -0.036, -2.934]
- Rotation: in RPY (degree) [-4.717, -2.072, -168.093]
- Matrix:
 -0.978  0.203  0.052 -0.677
 -0.206 -0.976 -0.073 -0.168
  0.036 -0.082  0.996 -1.264
  0.000  0.000  0.000  1.000
At time 1779613266.854298591
- Translation: [-0.673, -0.169, -1.268]
- Rotation: in Quaternion (xyzw) [0.023, -0.039, 0.994, -0.102]
- Rotation: in RPY (radian) [-0.082, -0.037, -2.935]
- Rotation: in RPY (degree) [-4.721, -2.140, -168.136]
- Matrix:
 -0.978  0.202  0.053 -0.673
 -0.205 -0.976 -0.073 -0.169
  0.037 -0.082  0.996 -1.268
  0.000  0.000  0.000  1.000
At time 1779613267.854371547
- Translation: [-0.679, -0.172, -1.266]
- Rotation: in Quaternion (xyzw) [0.022, -0.039, 0.994, -0.102]
- Rotation: in RPY (radian) [-0.082, -0.037, -2.935]
- Rotation: in RPY (degree) [-4.726, -2.099, -168.147]
- Matrix:
 -0.978  0.202  0.053 -0.679
 -0.205 -0.976 -0.073 -0.172
  0.037 -0.082  0.996 -1.266
  0.000  0.000  0.000  1.000
At time 1779613268.855096340
- Translation: [-0.680, -0.169, -1.266]
- Rotation: in Quaternion (xyzw) [0.022, -0.039, 0.994, -0.103]
- Rotation: in RPY (radian) [-0.083, -0.036, -2.934]
- Rotation: in RPY (degree) [-4.749, -2.061, -168.133]
- Matrix:
 -0.978  0.202  0.052 -0.680
 -0.206 -0.976 -0.074 -0.169
  0.036 -0.083  0.996 -1.266
  0.000  0.000  0.000  1.000
At time 1779613269.854439735
- Translation: [-0.681, -0.170, -1.266]
- Rotation: in Quaternion (xyzw) [0.023, -0.039, 0.994, -0.103]
- Rotation: in RPY (radian) [-0.082, -0.037, -2.934]
- Rotation: in RPY (degree) [-4.709, -2.118, -168.122]
- Matrix:
 -0.978  0.202  0.053 -0.681
 -0.206 -0.976 -0.073 -0.170
  0.037 -0.082  0.996 -1.266
  0.000  0.000  0.000  1.000
At time 1779613270.854978561
- Translation: [-0.675, -0.169, -1.268]
- Rotation: in Quaternion (xyzw) [0.023, -0.039, 0.994, -0.103]
- Rotation: in RPY (radian) [-0.082, -0.037, -2.934]
- Rotation: in RPY (degree) [-4.707, -2.148, -168.131]
- Matrix:
 -0.978  0.202  0.053 -0.675
 -0.206 -0.976 -0.073 -0.169
  0.037 -0.082  0.996 -1.268
  0.000  0.000  0.000  1.000
At time 1779613271.854578495
- Translation: [-0.678, -0.170, -1.265]
- Rotation: in Quaternion (xyzw) [0.022, -0.039, 0.994, -0.103]
- Rotation: in RPY (radian) [-0.083, -0.036, -2.935]
- Rotation: in RPY (degree) [-4.731, -2.077, -168.135]
- Matrix:
 -0.978  0.202  0.052 -0.678
 -0.205 -0.976 -0.073 -0.170
  0.036 -0.082  0.996 -1.265
  0.000  0.000  0.000  1.000
At time 1779613272.854593276
- Translation: [-0.680, -0.170, -1.265]
- Rotation: in Quaternion (xyzw) [0.023, -0.039, 0.994, -0.103]
- Rotation: in RPY (radian) [-0.082, -0.037, -2.934]
- Rotation: in RPY (degree) [-4.708, -2.114, -168.119]
- Matrix:
 -0.978  0.202  0.053 -0.680
 -0.206 -0.976 -0.073 -0.170
  0.037 -0.082  0.996 -1.265
  0.000  0.000  0.000  1.000
At time 1779613273.854634523
- Translation: [-0.678, -0.169, -1.266]
- Rotation: in Quaternion (xyzw) [0.022, -0.039, 0.994, -0.103]
- Rotation: in RPY (radian) [-0.083, -0.037, -2.934]
- Rotation: in RPY (degree) [-4.739, -2.093, -168.109]
- Matrix:
 -0.978  0.202  0.053 -0.678
 -0.206 -0.976 -0.073 -0.169
  0.037 -0.083  0.996 -1.266
  0.000  0.000  0.000  1.000
At time 1779613274.854802608
- Translation: [-0.680, -0.174, -1.268]
- Rotation: in Quaternion (xyzw) [0.023, -0.039, 0.994, -0.102]
- Rotation: in RPY (radian) [-0.082, -0.038, -2.935]
- Rotation: in RPY (degree) [-4.709, -2.173, -168.141]
- Matrix:
 -0.978  0.202  0.054 -0.680
 -0.205 -0.976 -0.073 -0.174
  0.038 -0.082  0.996 -1.268
  0.000  0.000  0.000  1.000
At time 1779613275.854778528
- Translation: [-0.677, -0.171, -1.266]
- Rotation: in Quaternion (xyzw) [0.023, -0.039, 0.994, -0.102]
- Rotation: in RPY (radian) [-0.082, -0.038, -2.935]
- Rotation: in RPY (degree) [-4.693, -2.153, -168.137]
- Matrix:
 -0.978  0.202  0.053 -0.677
 -0.205 -0.976 -0.072 -0.171
  0.038 -0.082  0.996 -1.266
  0.000  0.000  0.000  1.000
At time 1779613276.854795217
- Translation: [-0.681, -0.170, -1.266]
- Rotation: in Quaternion (xyzw) [0.023, -0.039, 0.994, -0.103]
- Rotation: in RPY (radian) [-0.083, -0.037, -2.934]
- Rotation: in RPY (degree) [-4.734, -2.105, -168.120]
- Matrix:
 -0.978  0.202  0.053 -0.681
 -0.206 -0.976 -0.073 -0.170
  0.037 -0.082  0.996 -1.266
  0.000  0.000  0.000  1.000
At time 1779613277.854935646
- Translation: [-0.678, -0.171, -1.267]
- Rotation: in Quaternion (xyzw) [0.023, -0.039, 0.994, -0.102]
- Rotation: in RPY (radian) [-0.082, -0.037, -2.935]
- Rotation: in RPY (degree) [-4.716, -2.132, -168.151]
- Matrix:
 -0.978  0.202  0.053 -0.678
 -0.205 -0.976 -0.073 -0.171
  0.037 -0.082  0.996 -1.267
  0.000  0.000  0.000  1.000
At time 1779613278.855363607
- Translation: [-0.681, -0.171, -1.265]
- Rotation: in Quaternion (xyzw) [0.023, -0.039, 0.994, -0.103]
- Rotation: in RPY (radian) [-0.082, -0.037, -2.934]
- Rotation: in RPY (degree) [-4.707, -2.135, -168.115]
- Matrix:
 -0.978  0.202  0.053 -0.681
 -0.206 -0.976 -0.073 -0.171
  0.037 -0.082  0.996 -1.265
  0.000  0.000  0.000  1.000
At time 1779613279.855323553
- Translation: [-0.677, -0.170, -1.267]
- Rotation: in Quaternion (xyzw) [0.023, -0.039, 0.994, -0.103]
- Rotation: in RPY (radian) [-0.082, -0.038, -2.934]
- Rotation: in RPY (degree) [-4.699, -2.172, -168.132]
- Matrix:
 -0.978  0.202  0.054 -0.677
 -0.206 -0.976 -0.072 -0.170
  0.038 -0.082  0.996 -1.267
  0.000  0.000  0.000  1.000
At time 1779613280.855003356
- Translation: [-0.679, -0.173, -1.266]
- Rotation: in Quaternion (xyzw) [0.023, -0.039, 0.994, -0.102]
- Rotation: in RPY (radian) [-0.082, -0.037, -2.935]
- Rotation: in RPY (degree) [-4.698, -2.139, -168.151]
- Matrix:
 -0.978  0.202  0.053 -0.679
 -0.205 -0.976 -0.073 -0.173
  0.037 -0.082  0.996 -1.266
  0.000  0.000  0.000  1.000
At time 1779613281.855056524
- Translation: [-0.676, -0.169, -1.266]
- Rotation: in Quaternion (xyzw) [0.023, -0.039, 0.994, -0.103]
- Rotation: in RPY (radian) [-0.082, -0.037, -2.934]
- Rotation: in RPY (degree) [-4.720, -2.120, -168.108]
- Matrix:
 -0.978  0.202  0.053 -0.676
 -0.206 -0.976 -0.073 -0.169
  0.037 -0.082  0.996 -1.266
  0.000  0.000  0.000  1.000
At time 1779613282.855101585
- Translation: [-0.678, -0.168, -1.266]
- Rotation: in Quaternion (xyzw) [0.023, -0.039, 0.994, -0.103]
- Rotation: in RPY (radian) [-0.082, -0.037, -2.934]
- Rotation: in RPY (degree) [-4.721, -2.125, -168.130]
- Matrix:
 -0.978  0.202  0.053 -0.678
 -0.206 -0.976 -0.073 -0.168
  0.037 -0.082  0.996 -1.266
  0.000  0.000  0.000  1.000
At time 1779613283.855145454
- Translation: [-0.680, -0.171, -1.265]
- Rotation: in Quaternion (xyzw) [0.022, -0.039, 0.994, -0.103]
- Rotation: in RPY (radian) [-0.082, -0.037, -2.934]
- Rotation: in RPY (degree) [-4.713, -2.103, -168.111]
- Matrix:
 -0.978  0.202  0.053 -0.680
 -0.206 -0.976 -0.073 -0.171
  0.037 -0.082  0.996 -1.265
  0.000  0.000  0.000  1.000
At time 1779613284.855204343
- Translation: [-0.688, -0.171, -1.264]
- Rotation: in Quaternion (xyzw) [0.023, -0.039, 0.994, -0.103]
- Rotation: in RPY (radian) [-0.082, -0.037, -2.934]
- Rotation: in RPY (degree) [-4.705, -2.123, -168.116]
- Matrix:
 -0.978  0.202  0.053 -0.688
 -0.206 -0.976 -0.073 -0.171
  0.037 -0.082  0.996 -1.264
  0.000  0.000  0.000  1.000
At time 1779613285.855275630
- Translation: [-0.687, -0.174, -1.266]
- Rotation: in Quaternion (xyzw) [0.023, -0.039, 0.994, -0.102]
- Rotation: in RPY (radian) [-0.083, -0.037, -2.935]
- Rotation: in RPY (degree) [-4.735, -2.103, -168.140]
- Matrix:
 -0.978  0.202  0.053 -0.687
 -0.205 -0.976 -0.073 -0.174
  0.037 -0.082  0.996 -1.266
  0.000  0.000  0.000  1.000
At time 1779613286.855349540
- Translation: [-0.685, -0.172, -1.264]
- Rotation: in Quaternion (xyzw) [0.023, -0.039, 0.994, -0.103]
- Rotation: in RPY (radian) [-0.082, -0.037, -2.934]
- Rotation: in RPY (degree) [-4.696, -2.120, -168.122]
- Matrix:
 -0.978  0.202  0.053 -0.685
 -0.206 -0.976 -0.073 -0.172
  0.037 -0.082  0.996 -1.264
  0.000  0.000  0.000  1.000
At time 1779613287.855481386
- Translation: [-0.686, -0.172, -1.268]
- Rotation: in Quaternion (xyzw) [0.023, -0.039, 0.994, -0.103]
- Rotation: in RPY (radian) [-0.082, -0.038, -2.934]
- Rotation: in RPY (degree) [-4.726, -2.153, -168.132]
- Matrix:
 -0.978  0.202  0.054 -0.686
 -0.206 -0.976 -0.073 -0.172
  0.038 -0.082  0.996 -1.268
  0.000  0.000  0.000  1.000
At time 1779613288.855608224
- Translation: [-0.687, -0.171, -1.266]
- Rotation: in Quaternion (xyzw) [0.023, -0.039, 0.994, -0.103]
- Rotation: in RPY (radian) [-0.082, -0.037, -2.934]
- Rotation: in RPY (degree) [-4.720, -2.117, -168.097]
- Matrix:
 -0.978  0.203  0.053 -0.687
 -0.206 -0.976 -0.073 -0.171
  0.037 -0.082  0.996 -1.266
  0.000  0.000  0.000  1.000
At time 1779613289.855691671
- Translation: [-0.689, -0.171, -1.267]
- Rotation: in Quaternion (xyzw) [0.023, -0.039, 0.994, -0.102]
- Rotation: in RPY (radian) [-0.083, -0.037, -2.935]
- Rotation: in RPY (degree) [-4.743, -2.108, -168.146]
- Matrix:
 -0.978  0.202  0.053 -0.689
 -0.205 -0.976 -0.073 -0.171
  0.037 -0.083  0.996 -1.267
  0.000  0.000  0.000  1.000
At time 1779613290.855654478
- Translation: [-0.684, -0.171, -1.266]
- Rotation: in Quaternion (xyzw) [0.023, -0.039, 0.994, -0.103]
- Rotation: in RPY (radian) [-0.082, -0.038, -2.934]
- Rotation: in RPY (degree) [-4.700, -2.156, -168.111]
- Matrix:
 -0.978  0.202  0.054 -0.684
 -0.206 -0.976 -0.072 -0.171
  0.038 -0.082  0.996 -1.266
  0.000  0.000  0.000  1.000
At time 1779613291.855734348
- Translation: [-0.687, -0.173, -1.265]
- Rotation: in Quaternion (xyzw) [0.023, -0.039, 0.994, -0.103]
- Rotation: in RPY (radian) [-0.082, -0.037, -2.934]
- Rotation: in RPY (degree) [-4.720, -2.110, -168.126]
- Matrix:
 -0.978  0.202  0.053 -0.687
 -0.206 -0.976 -0.073 -0.173
  0.037 -0.082  0.996 -1.265
  0.000  0.000  0.000  1.000
At time 1779613292.855811357
- Translation: [-0.689, -0.172, -1.264]
- Rotation: in Quaternion (xyzw) [0.023, -0.039, 0.994, -0.103]
- Rotation: in RPY (radian) [-0.082, -0.037, -2.934]
- Rotation: in RPY (degree) [-4.716, -2.104, -168.122]
- Matrix:
 -0.978  0.202  0.053 -0.689
 -0.206 -0.976 -0.073 -0.172
  0.037 -0.082  0.996 -1.264
  0.000  0.000  0.000  1.000
At time 1779613293.856019735
- Translation: [-0.689, -0.173, -1.265]
- Rotation: in Quaternion (xyzw) [0.023, -0.039, 0.994, -0.102]
- Rotation: in RPY (radian) [-0.082, -0.037, -2.935]
- Rotation: in RPY (degree) [-4.715, -2.123, -168.143]
- Matrix:
 -0.978  0.202  0.053 -0.689
 -0.205 -0.976 -0.073 -0.173
  0.037 -0.082  0.996 -1.265
  0.000  0.000  0.000  1.000
At time 1779613294.855946540
- Translation: [-0.689, -0.171, -1.266]
- Rotation: in Quaternion (xyzw) [0.022, -0.039, 0.994, -0.102]
- Rotation: in RPY (radian) [-0.083, -0.037, -2.935]
- Rotation: in RPY (degree) [-4.735, -2.101, -168.141]
- Matrix:
 -0.978  0.202  0.053 -0.689
 -0.205 -0.976 -0.073 -0.171
  0.037 -0.082  0.996 -1.266
  0.000  0.000  0.000  1.000
At time 1779613295.856119394
- Translation: [-0.684, -0.170, -1.265]
- Rotation: in Quaternion (xyzw) [0.022, -0.039, 0.994, -0.102]
- Rotation: in RPY (radian) [-0.082, -0.036, -2.935]
- Rotation: in RPY (degree) [-4.723, -2.085, -168.144]
- Matrix:
 -0.978  0.202  0.052 -0.684
 -0.205 -0.976 -0.073 -0.170
  0.036 -0.082  0.996 -1.265
  0.000  0.000  0.000  1.000
At time 1779613296.856433391
- Translation: [-0.682, -0.174, -1.267]
- Rotation: in Quaternion (xyzw) [0.023, -0.039, 0.994, -0.102]
- Rotation: in RPY (radian) [-0.082, -0.037, -2.935]
- Rotation: in RPY (degree) [-4.712, -2.125, -168.135]
- Matrix:
 -0.978  0.202  0.053 -0.682
 -0.205 -0.976 -0.073 -0.174
  0.037 -0.082  0.996 -1.267
  0.000  0.000  0.000  1.000
At time 1779613297.856186628
- Translation: [-0.685, -0.169, -1.265]
- Rotation: in Quaternion (xyzw) [0.022, -0.039, 0.994, -0.103]
- Rotation: in RPY (radian) [-0.082, -0.037, -2.934]
- Rotation: in RPY (degree) [-4.720, -2.101, -168.105]
- Matrix:
 -0.978  0.202  0.053 -0.685
 -0.206 -0.976 -0.073 -0.169
  0.037 -0.082  0.996 -1.265
  0.000  0.000  0.000  1.000
At time 1779613298.856436491
- Translation: [-0.686, -0.172, -1.265]
- Rotation: in Quaternion (xyzw) [0.023, -0.039, 0.994, -0.102]
- Rotation: in RPY (radian) [-0.082, -0.037, -2.935]
- Rotation: in RPY (degree) [-4.720, -2.112, -168.143]
- Matrix:
 -0.978  0.202  0.053 -0.686
 -0.205 -0.976 -0.073 -0.172
  0.037 -0.082  0.996 -1.265
  0.000  0.000  0.000  1.000
At time 1779613299.856332540
- Translation: [-0.681, -0.171, -1.265]
- Rotation: in Quaternion (xyzw) [0.023, -0.039, 0.994, -0.103]
- Rotation: in RPY (radian) [-0.082, -0.037, -2.934]
- Rotation: in RPY (degree) [-4.726, -2.105, -168.113]
- Matrix:
 -0.978  0.202  0.053 -0.681
 -0.206 -0.976 -0.073 -0.171
  0.037 -0.082  0.996 -1.265
  0.000  0.000  0.000  1.000
At time 1779613300.856492280
- Translation: [-0.683, -0.171, -1.266]
- Rotation: in Quaternion (xyzw) [0.022, -0.039, 0.994, -0.102]
- Rotation: in RPY (radian) [-0.083, -0.036, -2.935]
- Rotation: in RPY (degree) [-4.746, -2.073, -168.142]
- Matrix:
 -0.978  0.202  0.052 -0.683
 -0.205 -0.976 -0.074 -0.171
  0.036 -0.083  0.996 -1.266
  0.000  0.000  0.000  1.000
At time 1779613301.856613636
- Translation: [-0.679, -0.170, -1.266]
- Rotation: in Quaternion (xyzw) [0.023, -0.039, 0.994, -0.103]
- Rotation: in RPY (radian) [-0.082, -0.037, -2.934]
- Rotation: in RPY (degree) [-4.718, -2.124, -168.100]
- Matrix:
 -0.978  0.203  0.053 -0.679
 -0.206 -0.976 -0.073 -0.170
  0.037 -0.082  0.996 -1.266
  0.000  0.000  0.000  1.000
At time 1779613302.856672525
- Translation: [-0.684, -0.172, -1.265]
- Rotation: in Quaternion (xyzw) [0.022, -0.039, 0.994, -0.102]
- Rotation: in RPY (radian) [-0.083, -0.037, -2.935]
- Rotation: in RPY (degree) [-4.729, -2.099, -168.138]
- Matrix:
 -0.978  0.202  0.053 -0.684
 -0.205 -0.976 -0.073 -0.172
  0.037 -0.082  0.996 -1.265
  0.000  0.000  0.000  1.000
At time 1779613303.856687545
- Translation: [-0.681, -0.171, -1.264]
- Rotation: in Quaternion (xyzw) [0.023, -0.039, 0.994, -0.102]
- Rotation: in RPY (radian) [-0.082, -0.037, -2.935]
- Rotation: in RPY (degree) [-4.684, -2.128, -168.140]
- Matrix:
 -0.978  0.202  0.053 -0.681
 -0.205 -0.976 -0.072 -0.171
  0.037 -0.082  0.996 -1.264
  0.000  0.000  0.000  1.000
At time 1779613304.856728315
- Translation: [-0.681, -0.170, -1.268]
- Rotation: in Quaternion (xyzw) [0.023, -0.039, 0.994, -0.103]
- Rotation: in RPY (radian) [-0.083, -0.037, -2.934]
- Rotation: in RPY (degree) [-4.733, -2.119, -168.128]
- Matrix:
 -0.978  0.202  0.053 -0.681
 -0.206 -0.976 -0.073 -0.170
  0.037 -0.082  0.996 -1.268
  0.000  0.000  0.000  1.000
At time 1779613305.856911659
- Translation: [-0.677, -0.172, -1.267]
- Rotation: in Quaternion (xyzw) [0.023, -0.039, 0.994, -0.103]
- Rotation: in RPY (radian) [-0.082, -0.038, -2.934]
- Rotation: in RPY (degree) [-4.697, -2.201, -168.128]
- Matrix:
 -0.978  0.202  0.054 -0.677
 -0.206 -0.976 -0.072 -0.172
  0.038 -0.082  0.996 -1.267
  0.000  0.000  0.000  1.000
At time 1779613306.856874465
- Translation: [-0.677, -0.169, -1.267]
- Rotation: in Quaternion (xyzw) [0.023, -0.039, 0.994, -0.103]
- Rotation: in RPY (radian) [-0.082, -0.037, -2.934]
- Rotation: in RPY (degree) [-4.712, -2.128, -168.116]
- Matrix:
 -0.978  0.202  0.053 -0.677
 -0.206 -0.976 -0.073 -0.169
  0.037 -0.082  0.996 -1.267
  0.000  0.000  0.000  1.000
At time 1779613307.856943368
- Translation: [-0.674, -0.169, -1.265]
- Rotation: in Quaternion (xyzw) [0.023, -0.039, 0.994, -0.102]
- Rotation: in RPY (radian) [-0.082, -0.037, -2.935]
- Rotation: in RPY (degree) [-4.715, -2.105, -168.146]
- Matrix:
 -0.978  0.202  0.053 -0.674
 -0.205 -0.976 -0.073 -0.169
  0.037 -0.082  0.996 -1.265
  0.000  0.000  0.000  1.000
At time 1779613308.857021331
- Translation: [-0.676, -0.170, -1.265]
- Rotation: in Quaternion (xyzw) [0.023, -0.039, 0.994, -0.102]
- Rotation: in RPY (radian) [-0.082, -0.037, -2.935]
- Rotation: in RPY (degree) [-4.702, -2.131, -168.148]
- Matrix:
 -0.978  0.202  0.053 -0.676
 -0.205 -0.976 -0.073 -0.170
  0.037 -0.082  0.996 -1.265
  0.000  0.000  0.000  1.000
At time 1779613309.857313632
- Translation: [-0.664, -0.167, -1.265]
- Rotation: in Quaternion (xyzw) [0.022, -0.039, 0.994, -0.103]
- Rotation: in RPY (radian) [-0.082, -0.036, -2.933]
- Rotation: in RPY (degree) [-4.717, -2.071, -168.072]
- Matrix:
 -0.978  0.203  0.052 -0.664
 -0.207 -0.976 -0.073 -0.167
  0.036 -0.082  0.996 -1.265
  0.000  0.000  0.000  1.000
At time 1779613310.857618570
- Translation: [-0.678, -0.160, -1.268]
- Rotation: in Quaternion (xyzw) [0.024, -0.038, 0.994, -0.103]
- Rotation: in RPY (radian) [-0.081, -0.039, -2.933]
- Rotation: in RPY (degree) [-4.634, -2.237, -168.049]
- Matrix:
 -0.978  0.203  0.055 -0.678
 -0.207 -0.976 -0.071 -0.160
  0.039 -0.081  0.996 -1.268
  0.000  0.000  0.000  1.000
At time 1779613311.857262372
- Translation: [-0.675, -0.168, -1.266]
- Rotation: in Quaternion (xyzw) [0.023, -0.039, 0.994, -0.103]
- Rotation: in RPY (radian) [-0.082, -0.037, -2.934]
- Rotation: in RPY (degree) [-4.702, -2.134, -168.109]
- Matrix:
 -0.978  0.202  0.053 -0.675
 -0.206 -0.976 -0.073 -0.168
  0.037 -0.082  0.996 -1.266
  0.000  0.000  0.000  1.000
At time 1779613312.857322216
- Translation: [-0.672, -0.159, -1.262]
- Rotation: in Quaternion (xyzw) [0.014, -0.040, 0.992, -0.118]
- Rotation: in RPY (radian) [-0.084, -0.018, -2.904]
- Rotation: in RPY (degree) [-4.786, -1.059, -166.368]
- Matrix:
 -0.972  0.233  0.038 -0.672
 -0.236 -0.969 -0.077 -0.159
  0.018 -0.083  0.996 -1.262
  0.000  0.000  0.000  1.000
At time 1779613313.857473611
- Translation: [-0.727, -0.198, -1.263]
- Rotation: in Quaternion (xyzw) [0.011, -0.030, 0.978, -0.207]
- Rotation: in RPY (radian) [-0.064, -0.010, -2.724]
- Rotation: in RPY (degree) [-3.649, -0.548, -156.055]
- Matrix:
 -0.914  0.404  0.035 -0.727
 -0.406 -0.912 -0.054 -0.198
  0.010 -0.064  0.998 -1.263
  0.000  0.000  0.000  1.000
At time 1779613314.857677936
- Translation: [-0.764, -0.224, -1.264]
- Rotation: in Quaternion (xyzw) [0.007, -0.038, 0.949, -0.312]
- Rotation: in RPY (radian) [-0.077, 0.010, -2.507]
- Rotation: in RPY (degree) [-4.428, 0.587, -143.631]
- Matrix:
 -0.805  0.592  0.038 -0.764
 -0.593 -0.802 -0.068 -0.224
 -0.010 -0.077  0.997 -1.264
  0.000  0.000  0.000  1.000
At time 1779613315.857583522
- Translation: [-0.775, -0.267, -1.256]
- Rotation: in Quaternion (xyzw) [0.001, -0.043, 0.908, -0.417]
- Rotation: in RPY (radian) [-0.079, 0.035, -2.283]
- Rotation: in RPY (degree) [-4.534, 1.991, -130.800]
- Matrix:
 -0.653  0.756  0.037 -0.775
 -0.757 -0.649 -0.078 -0.267
 -0.035 -0.079  0.996 -1.256
  0.000  0.000  0.000  1.000
At time 1779613316.857675552
- Translation: [-0.805, -0.362, -1.253]
- Rotation: in Quaternion (xyzw) [0.000, 0.042, -0.858, 0.512]
- Rotation: in RPY (radian) [-0.072, 0.043, -2.066]
- Rotation: in RPY (degree) [-4.114, 2.487, -118.396]
- Matrix:
 -0.475  0.879  0.043 -0.805
 -0.879 -0.472 -0.072 -0.362
 -0.043 -0.072  0.996 -1.253
  0.000  0.000  0.000  1.000
At time 1779613317.857846260
- Translation: [-0.801, -0.418, -1.226]
- Rotation: in Quaternion (xyzw) [0.006, 0.046, -0.799, 0.599]
- Rotation: in RPY (radian) [-0.066, 0.066, -1.857]
- Rotation: in RPY (degree) [-3.809, 3.772, -106.400]
- Matrix:
 -0.282  0.958  0.045 -0.801
 -0.957 -0.278 -0.082 -0.418
 -0.066 -0.066  0.996 -1.226
  0.000  0.000  0.000  1.000
At time 1779613318.857898712
- Translation: [-0.821, -0.510, -1.217]
- Rotation: in Quaternion (xyzw) [0.002, 0.052, -0.742, 0.669]
- Rotation: in RPY (radian) [-0.075, 0.074, -1.677]
- Rotation: in RPY (degree) [-4.275, 4.212, -96.080]
- Matrix:
 -0.106  0.992  0.066 -0.821
 -0.992 -0.100 -0.081 -0.510
 -0.073 -0.074  0.995 -1.217
  0.000  0.000  0.000  1.000
At time 1779613319.858315467
- Translation: [-0.835, -0.606, -1.260]
- Rotation: in Quaternion (xyzw) [-0.009, 0.060, -0.670, 0.740]
- Rotation: in RPY (radian) [-0.094, 0.076, -1.476]
- Rotation: in RPY (degree) [-5.411, 4.372, -84.558]
- Matrix:
  0.095  0.990  0.101 -0.835
 -0.993  0.102 -0.067 -0.606
 -0.076 -0.094  0.993 -1.260
  0.000  0.000  0.000  1.000
At time 1779613320.857840299
- Translation: [-0.944, -0.711, -1.240]
- Rotation: in Quaternion (xyzw) [-0.009, 0.063, -0.596, 0.800]
- Rotation: in RPY (radian) [-0.090, 0.090, -1.284]
- Rotation: in RPY (degree) [-5.150, 5.153, -73.579]
- Matrix:
  0.282  0.953  0.111 -0.944
 -0.955  0.289 -0.060 -0.711
 -0.090 -0.089  0.992 -1.240
  0.000  0.000  0.000  1.000
At time 1779613321.858069419
- Translation: [-0.869, -0.884, -1.272]
- Rotation: in Quaternion (xyzw) [-0.014, 0.051, -0.510, 0.859]
- Rotation: in RPY (radian) [-0.076, 0.074, -1.074]
- Rotation: in RPY (degree) [-4.361, 4.237, -61.558]
- Matrix:
  0.475  0.874  0.102 -0.869
 -0.877  0.480 -0.029 -0.884
 -0.074 -0.076  0.994 -1.272
  0.000  0.000  0.000  1.000
At time 1779613322.858072757
- Translation: [-0.796, -0.939, -1.291]
- Rotation: in Quaternion (xyzw) [-0.005, 0.034, -0.496, 0.867]
- Rotation: in RPY (radian) [-0.042, 0.053, -1.040]
- Rotation: in RPY (degree) [-2.400, 3.060, -59.611]
- Matrix:
  0.505  0.861  0.063 -0.796
 -0.861  0.507 -0.025 -0.939
 -0.053 -0.042  0.998 -1.291
  0.000  0.000  0.000  1.000
At time 1779613323.858481407
- Translation: [-0.811, -0.933, -1.292]
- Rotation: in Quaternion (xyzw) [-0.010, 0.035, -0.503, 0.864]
- Rotation: in RPY (radian) [-0.052, 0.051, -1.056]
- Rotation: in RPY (degree) [-2.993, 2.906, -60.499]
- Matrix:
  0.492  0.868  0.070 -0.811
 -0.869  0.494 -0.018 -0.933
 -0.051 -0.052  0.997 -1.292
  0.000  0.000  0.000  1.000
At time 1779613324.858240365
- Translation: [-0.782, -0.928, -1.297]
- Rotation: in Quaternion (xyzw) [-0.009, 0.035, -0.504, 0.863]
- Rotation: in RPY (radian) [-0.051, 0.051, -1.058]
- Rotation: in RPY (degree) [-2.911, 2.901, -60.647]
- Matrix:
  0.490  0.869  0.069 -0.782
 -0.870  0.492 -0.019 -0.928
 -0.051 -0.051  0.997 -1.297
  0.000  0.000  0.000  1.000
At time 1779613325.858310699
- Translation: [-0.783, -0.942, -1.298]
- Rotation: in Quaternion (xyzw) [-0.010, 0.034, -0.502, 0.864]
- Rotation: in RPY (radian) [-0.052, 0.048, -1.054]
- Rotation: in RPY (degree) [-2.955, 2.733, -60.413]
- Matrix:
  0.493  0.867  0.068 -0.783
 -0.869  0.495 -0.016 -0.942
 -0.048 -0.051  0.998 -1.298
  0.000  0.000  0.000  1.000
At time 1779613326.858743667
- Translation: [-0.793, -0.947, -1.299]
- Rotation: in Quaternion (xyzw) [-0.011, 0.032, -0.501, 0.865]
- Rotation: in RPY (radian) [-0.052, 0.045, -1.052]
- Rotation: in RPY (degree) [-2.982, 2.577, -60.253]
- Matrix:
  0.496  0.866  0.067 -0.793
 -0.867  0.498 -0.013 -0.947
 -0.045 -0.052  0.998 -1.299
  0.000  0.000  0.000  1.000
At time 1779613327.858457326
- Translation: [-0.786, -0.940, -1.299]
- Rotation: in Quaternion (xyzw) [-0.011, 0.033, -0.502, 0.864]
- Rotation: in RPY (radian) [-0.052, 0.046, -1.053]
- Rotation: in RPY (degree) [-2.988, 2.619, -60.351]
- Matrix:
  0.494  0.867  0.068 -0.786
 -0.868  0.496 -0.014 -0.940
 -0.046 -0.052  0.998 -1.299
  0.000  0.000  0.000  1.000
At time 1779613328.858647346
- Translation: [-0.788, -0.934, -1.300]
- Rotation: in Quaternion (xyzw) [-0.010, 0.033, -0.503, 0.864]
- Rotation: in RPY (radian) [-0.051, 0.047, -1.056]
- Rotation: in RPY (degree) [-2.925, 2.694, -60.505]
- Matrix:
  0.492  0.868  0.068 -0.788
 -0.869  0.494 -0.016 -0.934
 -0.047 -0.051  0.998 -1.300
  0.000  0.000  0.000  1.000
At time 1779613329.858591556
- Translation: [-0.764, -0.928, -1.304]
- Rotation: in Quaternion (xyzw) [-0.010, 0.033, -0.504, 0.863]
- Rotation: in RPY (radian) [-0.050, 0.047, -1.058]
- Rotation: in RPY (degree) [-2.864, 2.678, -60.609]
- Matrix:
  0.490  0.869  0.066 -0.764
 -0.870  0.492 -0.016 -0.928
 -0.047 -0.050  0.998 -1.304
  0.000  0.000  0.000  1.000
At time 1779613330.858669519
- Translation: [-0.783, -0.950, -1.265]
- Rotation: in Quaternion (xyzw) [0.002, 0.041, -0.437, 0.898]
- Rotation: in RPY (radian) [-0.032, 0.075, -0.907]
- Rotation: in RPY (degree) [-1.826, 4.292, -51.955]
- Matrix:
  0.615  0.786  0.071 -0.783
 -0.785  0.618 -0.039 -0.950
 -0.075 -0.032  0.997 -1.265
  0.000  0.000  0.000  1.000
At time 1779613331.858834505
- Translation: [-0.737, -0.881, -1.260]
- Rotation: in Quaternion (xyzw) [0.026, 0.047, -0.102, 0.993]
- Rotation: in RPY (radian) [0.043, 0.099, -0.202]
- Rotation: in RPY (degree) [2.448, 5.683, -11.547]
- Matrix:
  0.975  0.204  0.088 -0.737
 -0.199  0.978 -0.062 -0.881
 -0.099  0.042  0.994 -1.260
  0.000  0.000  0.000  1.000
At time 1779613332.858859300
- Translation: [-0.627, -0.916, -1.249]
- Rotation: in Quaternion (xyzw) [0.024, 0.034, 0.278, 0.960]
- Rotation: in RPY (radian) [0.065, 0.052, 0.566]
- Rotation: in RPY (degree) [3.743, 2.974, 32.440]
- Matrix:
  0.843 -0.532  0.079 -0.627
  0.536  0.844 -0.027 -0.916
 -0.052  0.065  0.997 -1.249
  0.000  0.000  0.000  1.000
At time 1779613333.858981370
- Translation: [-0.594, -0.866, -1.257]
- Rotation: in Quaternion (xyzw) [0.023, 0.017, 0.636, 0.771]
- Rotation: in RPY (radian) [0.056, -0.003, 1.379]
- Rotation: in RPY (degree) [3.214, -0.198, 79.014]
- Matrix:
  0.191 -0.980  0.054 -0.594
  0.982  0.190 -0.014 -0.866
  0.003  0.056  0.998 -1.257
  0.000  0.000  0.000  1.000
At time 1779613334.859047412
- Translation: [-0.650, -0.785, -1.247]
- Rotation: in Quaternion (xyzw) [0.024, 0.005, 0.687, 0.726]
- Rotation: in RPY (radian) [0.042, -0.026, 1.514]
- Rotation: in RPY (degree) [2.425, -1.468, 86.754]
- Matrix:
  0.057 -0.998  0.041 -0.650
  0.998  0.055 -0.028 -0.785
  0.026  0.042  0.999 -1.247
  0.000  0.000  0.000  1.000
At time 1779613335.859067678
- Translation: [-0.622, -0.675, -1.259]
- Rotation: in Quaternion (xyzw) [0.025, 0.001, 0.665, 0.746]
- Rotation: in RPY (radian) [0.038, -0.031, 1.455]
- Rotation: in RPY (degree) [2.181, -1.804, 83.362]
- Matrix:
  0.116 -0.993  0.034 -0.622
  0.993  0.114 -0.036 -0.675
  0.031  0.038  0.999 -1.259
  0.000  0.000  0.000  1.000
At time 1779613336.859306573
- Translation: [-0.609, -0.649, -1.261]
- Rotation: in Quaternion (xyzw) [0.032, 0.003, 0.671, 0.740]
- Rotation: in RPY (radian) [0.051, -0.038, 1.472]
- Rotation: in RPY (degree) [2.949, -2.204, 84.347]
- Matrix:
  0.098 -0.994  0.047 -0.609
  0.994  0.096 -0.043 -0.649
  0.038  0.051  0.998 -1.261
  0.000  0.000  0.000  1.000
At time 1779613337.859237432
- Translation: [-0.628, -0.654, -1.253]
- Rotation: in Quaternion (xyzw) [0.031, 0.003, 0.668, 0.743]
- Rotation: in RPY (radian) [0.051, -0.037, 1.464]
- Rotation: in RPY (degree) [2.918, -2.133, 83.889]
- Matrix:
  0.106 -0.993  0.047 -0.628
  0.994  0.104 -0.042 -0.654
  0.037  0.051  0.998 -1.253
  0.000  0.000  0.000  1.000
At time 1779613338.859316110
- Translation: [-0.625, -0.656, -1.255]
- Rotation: in Quaternion (xyzw) [0.032, 0.003, 0.669, 0.743]
- Rotation: in RPY (radian) [0.052, -0.037, 1.465]
- Rotation: in RPY (degree) [2.964, -2.136, 83.921]
- Matrix:
  0.106 -0.993  0.047 -0.625
  0.994  0.104 -0.042 -0.656
  0.037  0.052  0.998 -1.255
  0.000  0.000  0.000  1.000
At time 1779613339.859520673
- Translation: [-0.637, -0.653, -1.257]
- Rotation: in Quaternion (xyzw) [0.032, 0.004, 0.668, 0.743]
- Rotation: in RPY (radian) [0.054, -0.037, 1.464]
- Rotation: in RPY (degree) [3.067, -2.123, 83.898]
- Matrix:
  0.106 -0.993  0.049 -0.637
  0.994  0.104 -0.042 -0.653
  0.037  0.053  0.998 -1.257
  0.000  0.000  0.000  1.000
At time 1779613340.859452486
- Translation: [-0.648, -0.654, -1.255]
- Rotation: in Quaternion (xyzw) [0.032, 0.005, 0.669, 0.743]
- Rotation: in RPY (radian) [0.054, -0.036, 1.465]
- Rotation: in RPY (degree) [3.086, -2.062, 83.923]
- Matrix:
  0.106 -0.993  0.050 -0.648
  0.994  0.104 -0.041 -0.654
  0.036  0.054  0.998 -1.255
  0.000  0.000  0.000  1.000
At time 1779613341.859518527
- Translation: [-0.644, -0.663, -1.258]
- Rotation: in Quaternion (xyzw) [0.033, 0.004, 0.668, 0.743]
- Rotation: in RPY (radian) [0.055, -0.038, 1.464]
- Rotation: in RPY (degree) [3.128, -2.155, 83.861]
- Matrix:
  0.107 -0.993  0.050 -0.644
  0.994  0.105 -0.043 -0.663
  0.038  0.055  0.998 -1.258
  0.000  0.000  0.000  1.000
At time 1779613342.859693288
- Translation: [-0.622, -0.653, -1.257]
- Rotation: in Quaternion (xyzw) [0.033, 0.004, 0.668, 0.743]
- Rotation: in RPY (radian) [0.055, -0.039, 1.464]
- Rotation: in RPY (degree) [3.125, -2.251, 83.868]
- Matrix:
  0.107 -0.993  0.050 -0.622
  0.994  0.105 -0.045 -0.653
  0.039  0.054  0.998 -1.257
  0.000  0.000  0.000  1.000
At time 1779613343.860100746
- Translation: [-0.643, -0.672, -1.253]
- Rotation: in Quaternion (xyzw) [0.033, 0.004, 0.668, 0.744]
- Rotation: in RPY (radian) [0.055, -0.038, 1.462]
- Rotation: in RPY (degree) [3.123, -2.161, 83.750]
- Matrix:
  0.109 -0.993  0.050 -0.643
  0.993  0.107 -0.043 -0.672
  0.038  0.054  0.998 -1.253
  0.000  0.000  0.000  1.000
At time 1779613344.859801530
- Translation: [-0.637, -0.660, -1.258]
- Rotation: in Quaternion (xyzw) [0.033, 0.004, 0.668, 0.743]
- Rotation: in RPY (radian) [0.054, -0.038, 1.463]
- Rotation: in RPY (degree) [3.122, -2.196, 83.829]
- Matrix:
  0.107 -0.993  0.050 -0.637
  0.993  0.105 -0.044 -0.660
  0.038  0.054  0.998 -1.258
  0.000  0.000  0.000  1.000
At time 1779613345.859890460
- Translation: [-0.647, -0.646, -1.257]
- Rotation: in Quaternion (xyzw) [0.033, 0.004, 0.668, 0.743]
- Rotation: in RPY (radian) [0.055, -0.038, 1.463]
- Rotation: in RPY (degree) [3.128, -2.189, 83.811]
- Matrix:
  0.108 -0.993  0.050 -0.647
  0.993  0.106 -0.044 -0.646
  0.038  0.055  0.998 -1.257
  0.000  0.000  0.000  1.000
At time 1779613346.859910249
- Translation: [-0.654, -0.663, -1.258]
- Rotation: in Quaternion (xyzw) [0.033, 0.004, 0.667, 0.744]
- Rotation: in RPY (radian) [0.054, -0.039, 1.461]
- Rotation: in RPY (degree) [3.101, -2.216, 83.696]
- Matrix:
  0.110 -0.993  0.050 -0.654
  0.993  0.108 -0.044 -0.663
  0.039  0.054  0.998 -1.258
  0.000  0.000  0.000  1.000
At time 1779613347.859980583
- Translation: [-0.635, -0.656, -1.257]
- Rotation: in Quaternion (xyzw) [0.033, 0.004, 0.668, 0.743]
- Rotation: in RPY (radian) [0.054, -0.038, 1.463]
- Rotation: in RPY (degree) [3.121, -2.194, 83.827]
- Matrix:
  0.107 -0.993  0.050 -0.635
  0.993  0.105 -0.044 -0.656
  0.038  0.054  0.998 -1.257
  0.000  0.000  0.000  1.000
At time 1779613348.860172510
- Translation: [-0.652, -0.663, -1.259]
- Rotation: in Quaternion (xyzw) [0.033, 0.004, 0.667, 0.744]
- Rotation: in RPY (radian) [0.055, -0.039, 1.461]
- Rotation: in RPY (degree) [3.141, -2.223, 83.712]
- Matrix:
  0.109 -0.993  0.050 -0.652
  0.993  0.107 -0.044 -0.663
  0.039  0.055  0.998 -1.259
  0.000  0.000  0.000  1.000
At time 1779613349.860137462
- Translation: [-0.648, -0.659, -1.256]
- Rotation: in Quaternion (xyzw) [0.033, 0.004, 0.668, 0.744]
- Rotation: in RPY (radian) [0.055, -0.039, 1.462]
- Rotation: in RPY (degree) [3.123, -2.216, 83.777]
- Matrix:
  0.108 -0.993  0.050 -0.648
  0.993  0.106 -0.044 -0.659
  0.039  0.054  0.998 -1.256
  0.000  0.000  0.000  1.000
At time 1779613350.860234260
- Translation: [-0.642, -0.654, -1.257]
- Rotation: in Quaternion (xyzw) [0.033, 0.004, 0.668, 0.744]
- Rotation: in RPY (radian) [0.054, -0.039, 1.463]
- Rotation: in RPY (degree) [3.100, -2.238, 83.807]
- Matrix:
  0.108 -0.993  0.050 -0.642
  0.993  0.106 -0.045 -0.654
  0.039  0.054  0.998 -1.257
  0.000  0.000  0.000  1.000
At time 1779613351.860295534
- Translation: [-0.650, -0.654, -1.257]
- Rotation: in Quaternion (xyzw) [0.033, 0.003, 0.668, 0.743]
- Rotation: in RPY (radian) [0.054, -0.039, 1.463]
- Rotation: in RPY (degree) [3.093, -2.242, 83.814]
- Matrix:
  0.108 -0.993  0.049 -0.650
  0.993  0.106 -0.045 -0.654
  0.039  0.054  0.998 -1.257
  0.000  0.000  0.000  1.000
At time 1779613352.860477447
- Translation: [-0.644, -0.652, -1.258]
- Rotation: in Quaternion (xyzw) [0.033, 0.003, 0.668, 0.744]
- Rotation: in RPY (radian) [0.054, -0.040, 1.463]
- Rotation: in RPY (degree) [3.077, -2.273, 83.804]
- Matrix:
  0.108 -0.993  0.049 -0.644
  0.993  0.106 -0.045 -0.652
  0.040  0.054  0.998 -1.258
  0.000  0.000  0.000  1.000
At time 1779613353.860449552
- Translation: [-0.646, -0.652, -1.257]
- Rotation: in Quaternion (xyzw) [0.033, 0.003, 0.668, 0.743]
- Rotation: in RPY (radian) [0.053, -0.040, 1.463]
- Rotation: in RPY (degree) [3.034, -2.302, 83.819]
- Matrix:
  0.108 -0.993  0.048 -0.646
  0.993  0.105 -0.046 -0.652
  0.040  0.053  0.998 -1.257
  0.000  0.000  0.000  1.000
At time 1779613354.860581398
- Translation: [-0.635, -0.648, -1.257]
- Rotation: in Quaternion (xyzw) [0.033, 0.003, 0.668, 0.743]
- Rotation: in RPY (radian) [0.053, -0.040, 1.463]
- Rotation: in RPY (degree) [3.052, -2.293, 83.851]
- Matrix:
  0.107 -0.993  0.049 -0.635
  0.993  0.105 -0.045 -0.648
  0.040  0.053  0.998 -1.257
  0.000  0.000  0.000  1.000
At time 1779613355.860579729
- Translation: [-0.642, -0.648, -1.257]
- Rotation: in Quaternion (xyzw) [0.033, 0.003, 0.668, 0.743]
- Rotation: in RPY (radian) [0.053, -0.040, 1.464]
- Rotation: in RPY (degree) [3.054, -2.308, 83.864]
- Matrix:
  0.107 -0.993  0.049 -0.642
  0.993  0.105 -0.046 -0.648
  0.040  0.053  0.998 -1.257
  0.000  0.000  0.000  1.000
At time 1779613356.860662460
- Translation: [-0.634, -0.654, -1.259]
- Rotation: in Quaternion (xyzw) [0.033, 0.003, 0.668, 0.743]
- Rotation: in RPY (radian) [0.053, -0.040, 1.463]
- Rotation: in RPY (degree) [3.061, -2.312, 83.807]
- Matrix:
  0.108 -0.993  0.049 -0.634
  0.993  0.106 -0.046 -0.654
  0.040  0.053  0.998 -1.259
  0.000  0.000  0.000  1.000
At time 1779613357.860749483
- Translation: [-0.646, -0.661, -1.257]
- Rotation: in Quaternion (xyzw) [0.033, 0.004, 0.668, 0.744]
- Rotation: in RPY (radian) [0.054, -0.039, 1.462]
- Rotation: in RPY (degree) [3.118, -2.214, 83.752]
- Matrix:
  0.109 -0.993  0.050 -0.646
  0.993  0.107 -0.044 -0.661
  0.039  0.054  0.998 -1.257
  0.000  0.000  0.000  1.000
At time 1779613358.860811233
- Translation: [-0.645, -0.659, -1.256]
- Rotation: in Quaternion (xyzw) [0.033, 0.004, 0.668, 0.743]
- Rotation: in RPY (radian) [0.054, -0.039, 1.463]
- Rotation: in RPY (degree) [3.104, -2.223, 83.815]
- Matrix:
  0.108 -0.993  0.050 -0.645
  0.993  0.106 -0.044 -0.659
  0.039  0.054  0.998 -1.256
  0.000  0.000  0.000  1.000
At time 1779613359.861025571
- Translation: [-0.643, -0.663, -1.255]
- Rotation: in Quaternion (xyzw) [0.033, 0.004, 0.668, 0.744]
- Rotation: in RPY (radian) [0.055, -0.038, 1.462]
- Rotation: in RPY (degree) [3.129, -2.196, 83.752]
- Matrix:
  0.109 -0.993  0.050 -0.643
  0.993  0.107 -0.044 -0.663
  0.038  0.055  0.998 -1.255
  0.000  0.000  0.000  1.000
At time 1779613360.860976457
- Translation: [-0.637, -0.659, -1.256]
- Rotation: in Quaternion (xyzw) [0.033, 0.004, 0.668, 0.744]
- Rotation: in RPY (radian) [0.055, -0.038, 1.462]
- Rotation: in RPY (degree) [3.136, -2.202, 83.783]
- Matrix:
  0.108 -0.993  0.050 -0.637
  0.993  0.106 -0.044 -0.659
  0.038  0.055  0.998 -1.256
  0.000  0.000  0.000  1.000
At time 1779613361.861164331
- Translation: [-0.641, -0.659, -1.259]
- Rotation: in Quaternion (xyzw) [0.033, 0.004, 0.668, 0.744]
- Rotation: in RPY (radian) [0.054, -0.039, 1.462]
- Rotation: in RPY (degree) [3.096, -2.232, 83.782]
- Matrix:
  0.108 -0.993  0.049 -0.641
  0.993  0.106 -0.045 -0.659
  0.039  0.054  0.998 -1.259
  0.000  0.000  0.000  1.000
At time 1779613362.861191272
- Translation: [-0.648, -0.665, -1.258]
- Rotation: in Quaternion (xyzw) [0.033, 0.003, 0.667, 0.744]
- Rotation: in RPY (radian) [0.054, -0.039, 1.462]
- Rotation: in RPY (degree) [3.085, -2.239, 83.738]
- Matrix:
  0.109 -0.993  0.049 -0.648
  0.993  0.107 -0.045 -0.665
  0.039  0.054  0.998 -1.258
  0.000  0.000  0.000  1.000
At time 1779613363.861206531
- Translation: [-0.641, -0.654, -1.255]
- Rotation: in Quaternion (xyzw) [0.033, 0.004, 0.668, 0.743]
- Rotation: in RPY (radian) [0.054, -0.038, 1.464]
- Rotation: in RPY (degree) [3.085, -2.198, 83.900]
- Matrix:
  0.106 -0.993  0.049 -0.641
  0.994  0.104 -0.044 -0.654
  0.038  0.054  0.998 -1.255
  0.000  0.000  0.000  1.000
At time 1779613364.861404657
- Translation: [-0.644, -0.657, -1.259]
- Rotation: in Quaternion (xyzw) [0.033, 0.004, 0.668, 0.743]
- Rotation: in RPY (radian) [0.054, -0.039, 1.463]
- Rotation: in RPY (degree) [3.104, -2.235, 83.819]
- Matrix:
  0.108 -0.993  0.050 -0.644
  0.993  0.105 -0.045 -0.657
  0.039  0.054  0.998 -1.259
  0.000  0.000  0.000  1.000
At time 1779613365.861368417
- Translation: [-0.650, -0.659, -1.259]
- Rotation: in Quaternion (xyzw) [0.033, 0.003, 0.667, 0.744]
- Rotation: in RPY (radian) [0.053, -0.039, 1.461]
- Rotation: in RPY (degree) [3.053, -2.257, 83.720]
- Matrix:
  0.109 -0.993  0.049 -0.650
  0.993  0.107 -0.045 -0.659
  0.039  0.053  0.998 -1.259
  0.000  0.000  0.000  1.000
At time 1779613366.861556291
- Translation: [-0.656, -0.657, -1.258]
- Rotation: in Quaternion (xyzw) [0.033, 0.003, 0.667, 0.744]
- Rotation: in RPY (radian) [0.054, -0.039, 1.461]
- Rotation: in RPY (degree) [3.078, -2.240, 83.708]
- Matrix:
  0.110 -0.993  0.049 -0.656
  0.993  0.107 -0.045 -0.657
  0.039  0.054  0.998 -1.258
  0.000  0.000  0.000  1.000
At time 1779613367.861627578
- Translation: [-0.652, -0.626, -1.254]
- Rotation: in Quaternion (xyzw) [0.033, 0.004, 0.669, 0.743]
- Rotation: in RPY (radian) [0.053, -0.038, 1.465]
- Rotation: in RPY (degree) [3.059, -2.197, 83.930]
- Matrix:
  0.106 -0.993  0.049 -0.652
  0.994  0.104 -0.044 -0.626
  0.038  0.053  0.998 -1.254
  0.000  0.000  0.000  1.000
At time 1779613368.861808538
- Translation: [-0.666, -0.656, -1.252]
- Rotation: in Quaternion (xyzw) [0.032, 0.004, 0.668, 0.743]
- Rotation: in RPY (radian) [0.054, -0.037, 1.463]
- Rotation: in RPY (degree) [3.093, -2.105, 83.848]
- Matrix:
  0.107 -0.993  0.050 -0.666
  0.994  0.105 -0.042 -0.656
  0.037  0.054  0.998 -1.252
  0.000  0.000  0.000  1.000
At time 1779613369.861666440
- Translation: [-0.687, -0.695, -1.253]
- Rotation: in Quaternion (xyzw) [0.033, 0.004, 0.667, 0.744]
- Rotation: in RPY (radian) [0.054, -0.038, 1.460]
- Rotation: in RPY (degree) [3.073, -2.191, 83.641]
- Matrix:
  0.111 -0.993  0.049 -0.687
  0.993  0.109 -0.044 -0.695
  0.038  0.054  0.998 -1.253
  0.000  0.000  0.000  1.000
At time 1779613370.861730337
- Translation: [-0.694, -0.704, -1.251]
- Rotation: in Quaternion (xyzw) [0.033, 0.004, 0.667, 0.745]
- Rotation: in RPY (radian) [0.054, -0.038, 1.459]
- Rotation: in RPY (degree) [3.111, -2.204, 83.616]
- Matrix:
  0.111 -0.993  0.050 -0.694
  0.993  0.109 -0.044 -0.704
  0.038  0.054  0.998 -1.251
  0.000  0.000  0.000  1.000
At time 1779613371.861795663
- Translation: [-0.689, -0.707, -1.255]
- Rotation: in Quaternion (xyzw) [0.031, 0.003, 0.666, 0.745]
- Rotation: in RPY (radian) [0.051, -0.037, 1.458]
- Rotation: in RPY (degree) [2.934, -2.110, 83.561]
- Matrix:
  0.112 -0.993  0.047 -0.689
  0.993  0.110 -0.042 -0.707
  0.037  0.051  0.998 -1.255
  0.000  0.000  0.000  1.000
At time 1779613372.861904621
- Translation: [-0.683, -0.692, -1.252]
- Rotation: in Quaternion (xyzw) [0.032, 0.004, 0.667, 0.745]
- Rotation: in RPY (radian) [0.054, -0.037, 1.459]
- Rotation: in RPY (degree) [3.105, -2.100, 83.609]
- Matrix:
  0.111 -0.993  0.050 -0.683
  0.993  0.109 -0.042 -0.692
  0.037  0.054  0.998 -1.252
  0.000  0.000  0.000  1.000
At time 1779613373.862102508
- Translation: [-0.655, -0.651, -1.259]
- Rotation: in Quaternion (xyzw) [0.034, 0.003, 0.668, 0.744]
- Rotation: in RPY (radian) [0.054, -0.042, 1.462]
- Rotation: in RPY (degree) [3.109, -2.400, 83.794]
- Matrix:
  0.108 -0.993  0.049 -0.655
  0.993  0.106 -0.047 -0.651
  0.042  0.054  0.998 -1.259
  0.000  0.000  0.000  1.000
At time 1779613374.862185239
- Translation: [-0.642, -0.644, -1.255]
- Rotation: in Quaternion (xyzw) [0.033, 0.003, 0.668, 0.743]
- Rotation: in RPY (radian) [0.054, -0.040, 1.464]
- Rotation: in RPY (degree) [3.099, -2.265, 83.853]
- Matrix:
  0.107 -0.993  0.050 -0.642
  0.993  0.105 -0.045 -0.644
  0.040  0.054  0.998 -1.255
  0.000  0.000  0.000  1.000
At time 1779613375.862475633
- Translation: [-0.640, -0.647, -1.257]
- Rotation: in Quaternion (xyzw) [0.033, 0.003, 0.668, 0.743]
- Rotation: in RPY (radian) [0.054, -0.040, 1.463]
- Rotation: in RPY (degree) [3.094, -2.285, 83.845]
- Matrix:
  0.107 -0.993  0.049 -0.640
  0.993  0.105 -0.045 -0.647
  0.040  0.054  0.998 -1.257
  0.000  0.000  0.000  1.000
At time 1779613376.862173557
- Translation: [-0.642, -0.653, -1.257]
- Rotation: in Quaternion (xyzw) [0.033, 0.003, 0.668, 0.744]
- Rotation: in RPY (radian) [0.054, -0.039, 1.462]
- Rotation: in RPY (degree) [3.100, -2.249, 83.787]
- Matrix:
  0.108 -0.993  0.050 -0.642
  0.993  0.106 -0.045 -0.653
  0.039  0.054  0.998 -1.257
  0.000  0.000  0.000  1.000
At time 1779613377.862257480
- Translation: [-0.640, -0.651, -1.257]
- Rotation: in Quaternion (xyzw) [0.033, 0.003, 0.668, 0.743]
- Rotation: in RPY (radian) [0.054, -0.039, 1.463]
- Rotation: in RPY (degree) [3.104, -2.256, 83.839]
- Matrix:
  0.107 -0.993  0.050 -0.640
  0.993  0.105 -0.045 -0.651
  0.039  0.054  0.998 -1.257
  0.000  0.000  0.000  1.000
At time 1779613378.862336397
- Translation: [-0.640, -0.649, -1.257]
- Rotation: in Quaternion (xyzw) [0.033, 0.004, 0.668, 0.743]
- Rotation: in RPY (radian) [0.054, -0.039, 1.464]
- Rotation: in RPY (degree) [3.111, -2.247, 83.859]
- Matrix:
  0.107 -0.993  0.050 -0.640
  0.993  0.105 -0.045 -0.649
  0.039  0.054  0.998 -1.257
  0.000  0.000  0.000  1.000
At time 1779613379.862429618
- Translation: [-0.641, -0.649, -1.257]
- Rotation: in Quaternion (xyzw) [0.033, 0.003, 0.668, 0.743]
- Rotation: in RPY (radian) [0.054, -0.039, 1.463]
- Rotation: in RPY (degree) [3.099, -2.257, 83.829]
- Matrix:
  0.107 -0.993  0.050 -0.641
  0.993  0.105 -0.045 -0.649
  0.039  0.054  0.998 -1.257
  0.000  0.000  0.000  1.000
At time 1779613380.862885475
- Translation: [-0.638, -0.648, -1.254]
- Rotation: in Quaternion (xyzw) [0.033, 0.004, 0.668, 0.743]
- Rotation: in RPY (radian) [0.054, -0.039, 1.463]
- Rotation: in RPY (degree) [3.085, -2.228, 83.848]
- Matrix:
  0.107 -0.993  0.049 -0.638
  0.993  0.105 -0.044 -0.648
  0.039  0.054  0.998 -1.254
  0.000  0.000  0.000  1.000
At time 1779613381.862768411
- Translation: [-0.640, -0.651, -1.257]
- Rotation: in Quaternion (xyzw) [0.033, 0.003, 0.668, 0.743]
- Rotation: in RPY (radian) [0.054, -0.040, 1.463]
- Rotation: in RPY (degree) [3.080, -2.270, 83.818]
- Matrix:
  0.108 -0.993  0.049 -0.640
  0.993  0.105 -0.045 -0.651
  0.040  0.054  0.998 -1.257
  0.000  0.000  0.000  1.000
At time 1779613382.862654447
- Translation: [-0.634, -0.649, -1.258]
- Rotation: in Quaternion (xyzw) [0.033, 0.003, 0.668, 0.743]
- Rotation: in RPY (radian) [0.054, -0.040, 1.463]
- Rotation: in RPY (degree) [3.084, -2.291, 83.818]
- Matrix:
  0.108 -0.993  0.049 -0.634
  0.993  0.105 -0.045 -0.649
  0.040  0.054  0.998 -1.258
  0.000  0.000  0.000  1.000
At time 1779613383.862713575
- Translation: [-0.644, -0.646, -1.256]
- Rotation: in Quaternion (xyzw) [0.033, 0.004, 0.668, 0.743]
- Rotation: in RPY (radian) [0.054, -0.039, 1.463]
- Rotation: in RPY (degree) [3.099, -2.243, 83.852]
- Matrix:
  0.107 -0.993  0.050 -0.644
  0.993  0.105 -0.045 -0.646
  0.039  0.054  0.998 -1.256
  0.000  0.000  0.000  1.000
At time 1779613384.862789630
- Translation: [-0.637, -0.644, -1.254]
- Rotation: in Quaternion (xyzw) [0.033, 0.004, 0.668, 0.743]
- Rotation: in RPY (radian) [0.054, -0.039, 1.464]
- Rotation: in RPY (degree) [3.111, -2.233, 83.890]
- Matrix:
  0.106 -0.993  0.050 -0.637
  0.994  0.104 -0.044 -0.644
  0.039  0.054  0.998 -1.254
  0.000  0.000  0.000  1.000
At time 1779613385.862882375
- Translation: [-0.638, -0.648, -1.258]
- Rotation: in Quaternion (xyzw) [0.033, 0.003, 0.668, 0.743]
- Rotation: in RPY (radian) [0.054, -0.040, 1.463]
- Rotation: in RPY (degree) [3.097, -2.276, 83.827]
- Matrix:
  0.107 -0.993  0.049 -0.638
  0.993  0.105 -0.045 -0.648
  0.040  0.054  0.998 -1.258
  0.000  0.000  0.000  1.000
At time 1779613386.862959384
- Translation: [-0.646, -0.651, -1.255]
- Rotation: in Quaternion (xyzw) [0.033, 0.004, 0.668, 0.743]
- Rotation: in RPY (radian) [0.054, -0.039, 1.463]
- Rotation: in RPY (degree) [3.111, -2.242, 83.815]
- Matrix:
  0.108 -0.993  0.050 -0.646
  0.993  0.105 -0.045 -0.651
  0.039  0.054  0.998 -1.255
  0.000  0.000  0.000  1.000
At time 1779613387.863033533
- Translation: [-0.638, -0.654, -1.257]
- Rotation: in Quaternion (xyzw) [0.033, 0.004, 0.668, 0.744]
- Rotation: in RPY (radian) [0.054, -0.039, 1.463]
- Rotation: in RPY (degree) [3.111, -2.248, 83.801]
- Matrix:
  0.108 -0.993  0.050 -0.638
  0.993  0.106 -0.045 -0.654
  0.039  0.054  0.998 -1.257
  0.000  0.000  0.000  1.000
At time 1779613388.863118648
- Translation: [-0.648, -0.654, -1.257]
- Rotation: in Quaternion (xyzw) [0.033, 0.003, 0.668, 0.744]
- Rotation: in RPY (radian) [0.054, -0.040, 1.462]
- Rotation: in RPY (degree) [3.093, -2.265, 83.788]
- Matrix:
  0.108 -0.993  0.049 -0.648
  0.993  0.106 -0.045 -0.654
  0.040  0.054  0.998 -1.257
  0.000  0.000  0.000  1.000
At time 1779613389.863202333
- Translation: [-0.644, -0.647, -1.255]
- Rotation: in Quaternion (xyzw) [0.033, 0.003, 0.668, 0.743]
- Rotation: in RPY (radian) [0.054, -0.039, 1.463]
- Rotation: in RPY (degree) [3.078, -2.251, 83.838]
- Matrix:
  0.107 -0.993  0.049 -0.644
  0.993  0.105 -0.045 -0.647
  0.039  0.054  0.998 -1.255
  0.000  0.000  0.000  1.000
At time 1779613390.863279342
- Translation: [-0.639, -0.649, -1.256]
- Rotation: in Quaternion (xyzw) [0.033, 0.003, 0.668, 0.743]
- Rotation: in RPY (radian) [0.054, -0.040, 1.463]
- Rotation: in RPY (degree) [3.081, -2.266, 83.820]
- Matrix:
  0.108 -0.993  0.049 -0.639
  0.993  0.105 -0.045 -0.649
  0.040  0.054  0.998 -1.256
  0.000  0.000  0.000  1.000
At time 1779613391.863392591
- Translation: [-0.640, -0.650, -1.258]
- Rotation: in Quaternion (xyzw) [0.033, 0.003, 0.668, 0.744]
- Rotation: in RPY (radian) [0.054, -0.040, 1.463]
- Rotation: in RPY (degree) [3.087, -2.276, 83.804]
- Matrix:
  0.108 -0.993  0.049 -0.640
  0.993  0.106 -0.045 -0.650
  0.040  0.054  0.998 -1.258
  0.000  0.000  0.000  1.000
At time 1779613392.863416433
- Translation: [-0.638, -0.648, -1.257]
- Rotation: in Quaternion (xyzw) [0.033, 0.003, 0.668, 0.743]
- Rotation: in RPY (radian) [0.054, -0.040, 1.463]
- Rotation: in RPY (degree) [3.096, -2.265, 83.841]
- Matrix:
  0.107 -0.993  0.049 -0.638
  0.993  0.105 -0.045 -0.648
  0.040  0.054  0.998 -1.257
  0.000  0.000  0.000  1.000
At time 1779613393.863495349
- Translation: [-0.632, -0.654, -1.260]
- Rotation: in Quaternion (xyzw) [0.034, 0.003, 0.668, 0.744]
- Rotation: in RPY (radian) [0.055, -0.040, 1.463]
- Rotation: in RPY (degree) [3.124, -2.276, 83.796]
- Matrix:
  0.108 -0.993  0.050 -0.632
  0.993  0.106 -0.045 -0.654
  0.040  0.054  0.998 -1.260
  0.000  0.000  0.000  1.000
At time 1779613394.863603353
- Translation: [-0.646, -0.652, -1.257]
- Rotation: in Quaternion (xyzw) [0.033, 0.004, 0.668, 0.744]
- Rotation: in RPY (radian) [0.054, -0.039, 1.463]
- Rotation: in RPY (degree) [3.116, -2.233, 83.799]
- Matrix:
  0.108 -0.993  0.050 -0.646
  0.993  0.106 -0.045 -0.652
  0.039  0.054  0.998 -1.257
  0.000  0.000  0.000  1.000
At time 1779613395.863622665
- Translation: [-0.640, -0.648, -1.256]
- Rotation: in Quaternion (xyzw) [0.033, 0.004, 0.668, 0.743]
- Rotation: in RPY (radian) [0.055, -0.039, 1.463]
- Rotation: in RPY (degree) [3.123, -2.238, 83.833]
- Matrix:
  0.107 -0.993  0.050 -0.640
  0.993  0.105 -0.045 -0.648
  0.039  0.054  0.998 -1.256
  0.000  0.000  0.000  1.000
At time 1779613396.863707542
- Translation: [-0.636, -0.651, -1.258]
- Rotation: in Quaternion (xyzw) [0.033, 0.004, 0.668, 0.743]
- Rotation: in RPY (radian) [0.054, -0.039, 1.463]
- Rotation: in RPY (degree) [3.111, -2.240, 83.822]
- Matrix:
  0.108 -0.993  0.050 -0.636
  0.993  0.105 -0.045 -0.651
  0.039  0.054  0.998 -1.258
  0.000  0.000  0.000  1.000
At time 1779613397.863796472
- Translation: [-0.641, -0.649, -1.255]
- Rotation: in Quaternion (xyzw) [0.033, 0.003, 0.668, 0.743]
- Rotation: in RPY (radian) [0.054, -0.039, 1.463]
- Rotation: in RPY (degree) [3.090, -2.239, 83.813]
- Matrix:
  0.108 -0.993  0.049 -0.641
  0.993  0.106 -0.045 -0.649
  0.039  0.054  0.998 -1.255
  0.000  0.000  0.000  1.000
At time 1779613398.864171266
- Translation: [-0.638, -0.646, -1.255]
- Rotation: in Quaternion (xyzw) [0.033, 0.004, 0.668, 0.743]
- Rotation: in RPY (radian) [0.054, -0.039, 1.464]
- Rotation: in RPY (degree) [3.100, -2.235, 83.853]
- Matrix:
  0.107 -0.993  0.050 -0.638
  0.993  0.105 -0.045 -0.646
  0.039  0.054  0.998 -1.255
  0.000  0.000  0.000  1.000
At time 1779613399.863918542
- Translation: [-0.640, -0.649, -1.256]
- Rotation: in Quaternion (xyzw) [0.033, 0.004, 0.668, 0.743]
- Rotation: in RPY (radian) [0.054, -0.039, 1.463]
- Rotation: in RPY (degree) [3.112, -2.238, 83.831]
- Matrix:
  0.107 -0.993  0.050 -0.640
  0.993  0.105 -0.045 -0.649
  0.039  0.054  0.998 -1.256
  0.000  0.000  0.000  1.000
At time 1779613400.864030838
- Translation: [-0.638, -0.652, -1.259]
- Rotation: in Quaternion (xyzw) [0.033, 0.003, 0.668, 0.743]
- Rotation: in RPY (radian) [0.054, -0.040, 1.463]
- Rotation: in RPY (degree) [3.097, -2.272, 83.811]
- Matrix:
  0.108 -0.993  0.049 -0.638
  0.993  0.106 -0.045 -0.652
  0.040  0.054  0.998 -1.259
  0.000  0.000  0.000  1.000
At time 1779613401.864142417
- Translation: [-0.643, -0.653, -1.258]
- Rotation: in Quaternion (xyzw) [0.033, 0.003, 0.668, 0.744]
- Rotation: in RPY (radian) [0.054, -0.039, 1.462]
- Rotation: in RPY (degree) [3.107, -2.257, 83.777]
- Matrix:
  0.108 -0.993  0.050 -0.643
  0.993  0.106 -0.045 -0.653
  0.039  0.054  0.998 -1.258
  0.000  0.000  0.000  1.000
At time 1779613402.864336013
- Translation: [-0.645, -0.653, -1.257]
- Rotation: in Quaternion (xyzw) [0.033, 0.003, 0.668, 0.743]
- Rotation: in RPY (radian) [0.054, -0.039, 1.463]
- Rotation: in RPY (degree) [3.098, -2.242, 83.816]
- Matrix:
  0.108 -0.993  0.050 -0.645
  0.993  0.105 -0.045 -0.653
  0.039  0.054  0.998 -1.257
  0.000  0.000  0.000  1.000
At time 1779613403.864246606
- Translation: [-0.632, -0.649, -1.258]
- Rotation: in Quaternion (xyzw) [0.033, 0.003, 0.668, 0.743]
- Rotation: in RPY (radian) [0.054, -0.039, 1.463]
- Rotation: in RPY (degree) [3.102, -2.261, 83.837]
- Matrix:
  0.107 -0.993  0.050 -0.632
  0.993  0.105 -0.045 -0.649
  0.039  0.054  0.998 -1.258
  0.000  0.000  0.000  1.000
At time 1779613404.864330530
- Translation: [-0.635, -0.649, -1.259]
- Rotation: in Quaternion (xyzw) [0.033, 0.003, 0.668, 0.743]
- Rotation: in RPY (radian) [0.054, -0.040, 1.463]
- Rotation: in RPY (degree) [3.095, -2.270, 83.838]
- Matrix:
  0.107 -0.993  0.049 -0.635
  0.993  0.105 -0.045 -0.649
  0.040  0.054  0.998 -1.259
  0.000  0.000  0.000  1.000
At time 1779613405.864391326
- Translation: [-0.639, -0.648, -1.257]
- Rotation: in Quaternion (xyzw) [0.033, 0.003, 0.668, 0.743]
- Rotation: in RPY (radian) [0.054, -0.039, 1.463]
- Rotation: in RPY (degree) [3.089, -2.261, 83.828]
- Matrix:
  0.107 -0.993  0.049 -0.639
  0.993  0.105 -0.045 -0.648
  0.039  0.054  0.998 -1.257
  0.000  0.000  0.000  1.000
At time 1779613406.864450216
- Translation: [-0.636, -0.647, -1.257]
- Rotation: in Quaternion (xyzw) [0.033, 0.003, 0.668, 0.743]
- Rotation: in RPY (radian) [0.054, -0.040, 1.463]
- Rotation: in RPY (degree) [3.091, -2.268, 83.852]
- Matrix:
  0.107 -0.993  0.049 -0.636
  0.993  0.105 -0.045 -0.647
  0.040  0.054  0.998 -1.257
  0.000  0.000  0.000  1.000
At time 1779613407.864547729
- Translation: [-0.641, -0.654, -1.257]
- Rotation: in Quaternion (xyzw) [0.033, 0.003, 0.668, 0.744]
- Rotation: in RPY (radian) [0.054, -0.040, 1.462]
- Rotation: in RPY (degree) [3.092, -2.263, 83.785]
- Matrix:
  0.108 -0.993  0.049 -0.641
  0.993  0.106 -0.045 -0.654
  0.039  0.054  0.998 -1.257
  0.000  0.000  0.000  1.000
At time 1779613408.864671468
- Translation: [-0.641, -0.649, -1.256]
- Rotation: in Quaternion (xyzw) [0.033, 0.003, 0.668, 0.743]
- Rotation: in RPY (radian) [0.054, -0.039, 1.463]
- Rotation: in RPY (degree) [3.096, -2.242, 83.826]
- Matrix:
  0.107 -0.993  0.049 -0.641
  0.993  0.105 -0.045 -0.649
  0.039  0.054  0.998 -1.256
  0.000  0.000  0.000  1.000
At time 1779613409.864697456
- Translation: [-0.641, -0.653, -1.258]
- Rotation: in Quaternion (xyzw) [0.033, 0.003, 0.668, 0.744]
- Rotation: in RPY (radian) [0.054, -0.040, 1.462]
- Rotation: in RPY (degree) [3.094, -2.265, 83.795]
- Matrix:
  0.108 -0.993  0.049 -0.641
  0.993  0.106 -0.045 -0.653
  0.040  0.054  0.998 -1.258
  0.000  0.000  0.000  1.000
At time 1779613410.864769220
- Translation: [-0.637, -0.647, -1.256]
- Rotation: in Quaternion (xyzw) [0.033, 0.004, 0.668, 0.743]
- Rotation: in RPY (radian) [0.054, -0.039, 1.464]
- Rotation: in RPY (degree) [3.091, -2.233, 83.858]
- Matrix:
  0.107 -0.993  0.049 -0.637
  0.994  0.105 -0.044 -0.647
  0.039  0.054  0.998 -1.256
  0.000  0.000  0.000  1.000
At time 1779613411.864859580
- Translation: [-0.638, -0.647, -1.255]
- Rotation: in Quaternion (xyzw) [0.033, 0.004, 0.668, 0.743]
- Rotation: in RPY (radian) [0.054, -0.039, 1.463]
- Rotation: in RPY (degree) [3.095, -2.236, 83.842]
- Matrix:
  0.107 -0.993  0.049 -0.638
  0.993  0.105 -0.045 -0.647
  0.039  0.054  0.998 -1.255
  0.000  0.000  0.000  1.000
At time 1779613412.864928483
- Translation: [-0.648, -0.653, -1.255]
- Rotation: in Quaternion (xyzw) [0.033, 0.003, 0.668, 0.743]
- Rotation: in RPY (radian) [0.054, -0.039, 1.463]
- Rotation: in RPY (degree) [3.083, -2.234, 83.824]
- Matrix:
  0.108 -0.993  0.049 -0.648
  0.993  0.105 -0.044 -0.653
  0.039  0.054  0.998 -1.255
  0.000  0.000  0.000  1.000
At time 1779613413.864993333
- Translation: [-0.644, -0.652, -1.254]
- Rotation: in Quaternion (xyzw) [0.033, 0.003, 0.668, 0.743]
- Rotation: in RPY (radian) [0.054, -0.039, 1.463]
- Rotation: in RPY (degree) [3.094, -2.239, 83.818]
- Matrix:
  0.108 -0.993  0.049 -0.644
  0.993  0.105 -0.045 -0.652
  0.039  0.054  0.998 -1.254
  0.000  0.000  0.000  1.000
At time 1779613414.865486383
- Translation: [-0.641, -0.651, -1.257]
- Rotation: in Quaternion (xyzw) [0.033, 0.003, 0.668, 0.743]
- Rotation: in RPY (radian) [0.054, -0.039, 1.463]
- Rotation: in RPY (degree) [3.088, -2.257, 83.822]
- Matrix:
  0.108 -0.993  0.049 -0.641
  0.993  0.105 -0.045 -0.651
  0.039  0.054  0.998 -1.257
  0.000  0.000  0.000  1.000
At time 1779613415.865243673
- Translation: [-0.641, -0.652, -1.256]
- Rotation: in Quaternion (xyzw) [0.033, 0.003, 0.668, 0.743]
- Rotation: in RPY (radian) [0.054, -0.039, 1.463]
- Rotation: in RPY (degree) [3.106, -2.253, 83.807]
- Matrix:
  0.108 -0.993  0.050 -0.641
  0.993  0.106 -0.045 -0.652
  0.039  0.054  0.998 -1.256
  0.000  0.000  0.000  1.000
At time 1779613416.865953445
- Translation: [-0.640, -0.649, -1.254]
- Rotation: in Quaternion (xyzw) [0.033, 0.003, 0.668, 0.743]
- Rotation: in RPY (radian) [0.054, -0.039, 1.463]
- Rotation: in RPY (degree) [3.083, -2.242, 83.844]
- Matrix:
  0.107 -0.993  0.049 -0.640
  0.993  0.105 -0.045 -0.649
  0.039  0.054  0.998 -1.254
  0.000  0.000  0.000  1.000
At time 1779613417.865337371
- Translation: [-0.641, -0.643, -1.255]
- Rotation: in Quaternion (xyzw) [0.033, 0.003, 0.668, 0.743]
- Rotation: in RPY (radian) [0.054, -0.039, 1.464]
- Rotation: in RPY (degree) [3.087, -2.236, 83.864]
- Matrix:
  0.107 -0.993  0.049 -0.641
  0.994  0.105 -0.044 -0.643
  0.039  0.054  0.998 -1.255
  0.000  0.000  0.000  1.000
At time 1779613418.865407228
- Translation: [-0.647, -0.655, -1.256]
- Rotation: in Quaternion (xyzw) [0.033, 0.003, 0.668, 0.744]
- Rotation: in RPY (radian) [0.054, -0.039, 1.463]
- Rotation: in RPY (degree) [3.076, -2.253, 83.796]
- Matrix:
  0.108 -0.993  0.049 -0.647
  0.993  0.106 -0.045 -0.655
  0.039  0.054  0.998 -1.256
  0.000  0.000  0.000  1.000
At time 1779613419.865458726
- Translation: [-0.648, -0.656, -1.259]
- Rotation: in Quaternion (xyzw) [0.033, 0.003, 0.668, 0.744]
- Rotation: in RPY (radian) [0.054, -0.040, 1.462]
- Rotation: in RPY (degree) [3.089, -2.268, 83.762]
- Matrix:
  0.109 -0.993  0.049 -0.648
  0.993  0.106 -0.045 -0.656
  0.040  0.054  0.998 -1.259
  0.000  0.000  0.000  1.000
At time 1779613420.865866422
- Translation: [-0.636, -0.646, -1.255]
- Rotation: in Quaternion (xyzw) [0.033, 0.003, 0.668, 0.743]
- Rotation: in RPY (radian) [0.054, -0.039, 1.463]
- Rotation: in RPY (degree) [3.088, -2.256, 83.828]
- Matrix:
  0.107 -0.993  0.049 -0.636
  0.993  0.105 -0.045 -0.646
  0.039  0.054  0.998 -1.255
  0.000  0.000  0.000  1.000
[INFO] [1779613421.089349391] [rclcpp]: signal_handler(SIGINT/SIGTERM)
