# command: ros2 run tf2_ros tf2_echo map_ground base_footprint
# started: 2026-05-24 16:52:53 +0800
[INFO] [1779612776.028365112] [tf2_echo]: Waiting for transform map_ground ->  base_footprint: Invalid frame ID "map_ground" passed to canTransform argument target_frame - frame does not exist
[INFO] [1779612778.013512386] [tf2_echo]: Waiting for transform map_ground ->  base_footprint: Invalid frame ID "base_footprint" passed to canTransform argument source_frame - frame does not exist
[INFO] [1779612779.013657958] [tf2_echo]: Waiting for transform map_ground ->  base_footprint: Could not find a connection between 'map_ground' and 'base_footprint' because they are not part of the same tree.Tf has two or more unconnected trees.
At time 1779612780.143660480
- Translation: [6.041, 10.837, 0.001]
- Rotation: in Quaternion (xyzw) [-0.016, 0.040, 0.676, 0.736]
- Rotation: in RPY (radian) [0.031, 0.082, 1.487]
- Rotation: in RPY (degree) [1.767, 4.674, 85.187]
- Matrix:
  0.084 -0.996  0.038  6.041
  0.993  0.086  0.079 10.837
 -0.081  0.031  0.996  0.001
  0.000  0.000  0.000  1.000
At time 1779612780.143660480
- Translation: [6.041, 10.837, 0.001]
- Rotation: in Quaternion (xyzw) [-0.016, 0.040, 0.676, 0.736]
- Rotation: in RPY (radian) [0.031, 0.082, 1.487]
- Rotation: in RPY (degree) [1.767, 4.674, 85.187]
- Matrix:
  0.084 -0.996  0.038  6.041
  0.993  0.086  0.079 10.837
 -0.081  0.031  0.996  0.001
  0.000  0.000  0.000  1.000
At time 1779612782.865689516
- Translation: [6.010, 10.915, -0.001]
- Rotation: in Quaternion (xyzw) [-0.016, 0.041, 0.663, 0.747]
- Rotation: in RPY (radian) [0.031, 0.081, 1.453]
- Rotation: in RPY (degree) [1.754, 4.664, 83.244]
- Matrix:
  0.117 -0.992  0.040  6.010
  0.990  0.120  0.077 10.915
 -0.081  0.031  0.996 -0.001
  0.000  0.000  0.000  1.000
At time 1779612783.769155979
- Translation: [6.012, 10.917, -0.001]
- Rotation: in Quaternion (xyzw) [-0.016, 0.041, 0.663, 0.747]
- Rotation: in RPY (radian) [0.031, 0.082, 1.453]
- Rotation: in RPY (degree) [1.771, 4.690, 83.233]
- Matrix:
  0.117 -0.992  0.040  6.012
  0.990  0.120  0.078 10.917
 -0.082  0.031  0.996 -0.001
  0.000  0.000  0.000  1.000
At time 1779612784.868732690
- Translation: [6.010, 10.914, -0.000]
- Rotation: in Quaternion (xyzw) [-0.015, 0.041, 0.663, 0.748]
- Rotation: in RPY (radian) [0.031, 0.081, 1.452]
- Rotation: in RPY (degree) [1.775, 4.661, 83.175]
- Matrix:
  0.118 -0.992  0.040  6.010
  0.990  0.121  0.077 10.914
 -0.081  0.031  0.996 -0.000
  0.000  0.000  0.000  1.000
At time 1779612785.770127534
- Translation: [6.012, 10.917, 0.001]
- Rotation: in Quaternion (xyzw) [-0.015, 0.041, 0.663, 0.747]
- Rotation: in RPY (radian) [0.031, 0.081, 1.453]
- Rotation: in RPY (degree) [1.805, 4.664, 83.255]
- Matrix:
  0.117 -0.992  0.041  6.012
  0.990  0.120  0.077 10.917
 -0.081  0.031  0.996  0.001
  0.000  0.000  0.000  1.000
At time 1779612786.871911525
- Translation: [6.007, 10.912, -0.002]
- Rotation: in Quaternion (xyzw) [-0.016, 0.041, 0.663, 0.747]
- Rotation: in RPY (radian) [0.031, 0.081, 1.453]
- Rotation: in RPY (degree) [1.754, 4.662, 83.234]
- Matrix:
  0.117 -0.992  0.040  6.007
  0.990  0.120  0.077 10.912
 -0.081  0.030  0.996 -0.002
  0.000  0.000  0.000  1.000
At time 1779612787.873459339
- Translation: [6.009, 10.918, 0.000]
- Rotation: in Quaternion (xyzw) [-0.015, 0.041, 0.664, 0.747]
- Rotation: in RPY (radian) [0.031, 0.081, 1.454]
- Rotation: in RPY (degree) [1.785, 4.654, 83.332]
- Matrix:
  0.116 -0.992  0.040  6.009
  0.990  0.119  0.077 10.918
 -0.081  0.031  0.996  0.000
  0.000  0.000  0.000  1.000
At time 1779612788.874834537
- Translation: [6.009, 10.914, 0.001]
- Rotation: in Quaternion (xyzw) [-0.015, 0.041, 0.663, 0.747]
- Rotation: in RPY (radian) [0.031, 0.082, 1.453]
- Rotation: in RPY (degree) [1.802, 4.680, 83.271]
- Matrix:
  0.117 -0.992  0.041  6.009
  0.990  0.120  0.077 10.914
 -0.082  0.031  0.996  0.001
  0.000  0.000  0.000  1.000
At time 1779612789.877677679
- Translation: [6.008, 10.914, -0.002]
- Rotation: in Quaternion (xyzw) [-0.015, 0.041, 0.663, 0.747]
- Rotation: in RPY (radian) [0.031, 0.081, 1.453]
- Rotation: in RPY (degree) [1.789, 4.661, 83.223]
- Matrix:
  0.118 -0.992  0.041  6.008
  0.990  0.120  0.077 10.914
 -0.081  0.031  0.996 -0.002
  0.000  0.000  0.000  1.000
At time 1779612790.777751445
- Translation: [6.013, 10.916, 0.001]
- Rotation: in Quaternion (xyzw) [-0.015, 0.041, 0.663, 0.748]
- Rotation: in RPY (radian) [0.031, 0.082, 1.452]
- Rotation: in RPY (degree) [1.783, 4.671, 83.168]
- Matrix:
  0.119 -0.992  0.041  6.013
  0.990  0.121  0.077 10.916
 -0.081  0.031  0.996  0.001
  0.000  0.000  0.000  1.000
At time 1779612791.879386425
- Translation: [6.009, 10.915, -0.003]
- Rotation: in Quaternion (xyzw) [-0.015, 0.041, 0.663, 0.747]
- Rotation: in RPY (radian) [0.032, 0.081, 1.453]
- Rotation: in RPY (degree) [1.806, 4.643, 83.272]
- Matrix:
  0.117 -0.992  0.041  6.009
  0.990  0.120  0.077 10.915
 -0.081  0.031  0.996 -0.003
  0.000  0.000  0.000  1.000
At time 1779612792.880922555
- Translation: [6.012, 10.919, -0.000]
- Rotation: in Quaternion (xyzw) [-0.015, 0.041, 0.663, 0.747]
- Rotation: in RPY (radian) [0.031, 0.081, 1.453]
- Rotation: in RPY (degree) [1.778, 4.650, 83.269]
- Matrix:
  0.117 -0.992  0.040  6.012
  0.990  0.120  0.077 10.919
 -0.081  0.031  0.996 -0.000
  0.000  0.000  0.000  1.000
At time 1779612793.782388448
- Translation: [6.009, 10.916, -0.000]
- Rotation: in Quaternion (xyzw) [-0.015, 0.041, 0.663, 0.747]
- Rotation: in RPY (radian) [0.031, 0.081, 1.453]
- Rotation: in RPY (degree) [1.783, 4.651, 83.236]
- Matrix:
  0.117 -0.992  0.040  6.009
  0.990  0.120  0.077 10.916
 -0.081  0.031  0.996 -0.000
  0.000  0.000  0.000  1.000
At time 1779612794.783827543
- Translation: [6.007, 10.918, -0.002]
- Rotation: in Quaternion (xyzw) [-0.015, 0.041, 0.663, 0.747]
- Rotation: in RPY (radian) [0.032, 0.081, 1.453]
- Rotation: in RPY (degree) [1.807, 4.647, 83.233]
- Matrix:
  0.117 -0.992  0.041  6.007
  0.990  0.120  0.077 10.918
 -0.081  0.031  0.996 -0.002
  0.000  0.000  0.000  1.000
At time 1779612795.885498285
- Translation: [6.008, 10.914, 0.001]
- Rotation: in Quaternion (xyzw) [-0.015, 0.041, 0.663, 0.747]
- Rotation: in RPY (radian) [0.031, 0.081, 1.453]
- Rotation: in RPY (degree) [1.766, 4.652, 83.254]
- Matrix:
  0.117 -0.992  0.040  6.008
  0.990  0.120  0.077 10.914
 -0.081  0.031  0.996  0.001
  0.000  0.000  0.000  1.000
At time 1779612796.887025594
- Translation: [6.005, 10.912, -0.000]
- Rotation: in Quaternion (xyzw) [-0.015, 0.040, 0.663, 0.747]
- Rotation: in RPY (radian) [0.031, 0.081, 1.453]
- Rotation: in RPY (degree) [1.762, 4.643, 83.273]
- Matrix:
  0.117 -0.992  0.040  6.005
  0.990  0.120  0.077 10.912
 -0.081  0.031  0.996 -0.000
  0.000  0.000  0.000  1.000
At time 1779612797.788475275
- Translation: [6.009, 10.917, 0.000]
- Rotation: in Quaternion (xyzw) [-0.016, 0.041, 0.663, 0.748]
- Rotation: in RPY (radian) [0.031, 0.082, 1.452]
- Rotation: in RPY (degree) [1.774, 4.689, 83.188]
- Matrix:
  0.118 -0.992  0.040  6.009
  0.990  0.121  0.077 10.917
 -0.082  0.031  0.996  0.000
  0.000  0.000  0.000  1.000
At time 1779612798.890571355
- Translation: [6.006, 10.911, 0.002]
- Rotation: in Quaternion (xyzw) [-0.015, 0.041, 0.664, 0.747]
- Rotation: in RPY (radian) [0.031, 0.081, 1.454]
- Rotation: in RPY (degree) [1.780, 4.662, 83.305]
- Matrix:
  0.116 -0.992  0.040  6.006
  0.990  0.119  0.077 10.911
 -0.081  0.031  0.996  0.002
  0.000  0.000  0.000  1.000
At time 1779612799.891594409
- Translation: [6.007, 10.913, -0.004]
- Rotation: in Quaternion (xyzw) [-0.015, 0.041, 0.663, 0.747]
- Rotation: in RPY (radian) [0.031, 0.081, 1.453]
- Rotation: in RPY (degree) [1.789, 4.636, 83.267]
- Matrix:
  0.117 -0.992  0.040  6.007
  0.990  0.120  0.077 10.913
 -0.081  0.031  0.996 -0.004
  0.000  0.000  0.000  1.000
At time 1779612800.893294572
- Translation: [6.007, 10.912, -0.001]
- Rotation: in Quaternion (xyzw) [-0.015, 0.041, 0.663, 0.747]
- Rotation: in RPY (radian) [0.031, 0.081, 1.454]
- Rotation: in RPY (degree) [1.766, 4.651, 83.293]
- Matrix:
  0.116 -0.992  0.040  6.007
  0.990  0.119  0.077 10.912
 -0.081  0.031  0.996 -0.001
  0.000  0.000  0.000  1.000
At time 1779612801.794687509
- Translation: [6.019, 10.895, -0.003]
- Rotation: in Quaternion (xyzw) [-0.016, 0.041, 0.667, 0.744]
- Rotation: in RPY (radian) [0.031, 0.081, 1.462]
- Rotation: in RPY (degree) [1.780, 4.650, 83.770]
- Matrix:
  0.108 -0.993  0.040  6.019
  0.991  0.111  0.077 10.895
 -0.081  0.031  0.996 -0.003
  0.000  0.000  0.000  1.000
At time 1779612802.796023368
- Translation: [5.995, 10.898, 0.001]
- Rotation: in Quaternion (xyzw) [-0.015, 0.041, 0.660, 0.750]
- Rotation: in RPY (radian) [0.032, 0.081, 1.444]
- Rotation: in RPY (degree) [1.826, 4.668, 82.756]
- Matrix:
  0.126 -0.991  0.042  5.995
  0.989  0.129  0.077 10.898
 -0.081  0.032  0.996  0.001
  0.000  0.000  0.000  1.000
At time 1779612803.797572374
- Translation: [6.011, 10.919, -0.001]
- Rotation: in Quaternion (xyzw) [-0.015, 0.041, 0.663, 0.747]
- Rotation: in RPY (radian) [0.032, 0.081, 1.453]
- Rotation: in RPY (degree) [1.820, 4.658, 83.239]
- Matrix:
  0.117 -0.992  0.041  6.011
  0.990  0.120  0.077 10.919
 -0.081  0.032  0.996 -0.001
  0.000  0.000  0.000  1.000
At time 1779612804.799083709
- Translation: [6.015, 10.914, 0.002]
- Rotation: in Quaternion (xyzw) [-0.016, 0.041, 0.663, 0.747]
- Rotation: in RPY (radian) [0.031, 0.083, 1.453]
- Rotation: in RPY (degree) [1.751, 4.740, 83.236]
- Matrix:
  0.117 -0.992  0.040  6.015
  0.990  0.120  0.078 10.914
 -0.083  0.030  0.996  0.002
  0.000  0.000  0.000  1.000
At time 1779612805.800618648
- Translation: [5.994, 10.911, 0.001]
- Rotation: in Quaternion (xyzw) [-0.015, 0.041, 0.659, 0.751]
- Rotation: in RPY (radian) [0.031, 0.082, 1.443]
- Rotation: in RPY (degree) [1.802, 4.697, 82.664]
- Matrix:
  0.127 -0.991  0.042  5.994
  0.988  0.130  0.077 10.911
 -0.082  0.031  0.996  0.001
  0.000  0.000  0.000  1.000
At time 1779612806.802122354
- Translation: [6.006, 10.921, -0.000]
- Rotation: in Quaternion (xyzw) [-0.015, 0.040, 0.666, 0.744]
- Rotation: in RPY (radian) [0.032, 0.080, 1.462]
- Rotation: in RPY (degree) [1.832, 4.579, 83.758]
- Matrix:
  0.108 -0.993  0.040  6.006
  0.991  0.111  0.076 10.921
 -0.080  0.032  0.996 -0.000
  0.000  0.000  0.000  1.000
At time 1779612807.803625583
- Translation: [6.038, 10.876, -0.002]
- Rotation: in Quaternion (xyzw) [-0.016, 0.040, 0.673, 0.738]
- Rotation: in RPY (radian) [0.031, 0.081, 1.479]
- Rotation: in RPY (degree) [1.783, 4.623, 84.754]
- Matrix:
  0.091 -0.995  0.038  6.038
  0.993  0.094  0.077 10.876
 -0.081  0.031  0.996 -0.002
  0.000  0.000  0.000  1.000
At time 1779612808.805253744
- Translation: [6.003, 10.913, -0.002]
- Rotation: in Quaternion (xyzw) [-0.015, 0.041, 0.668, 0.743]
- Rotation: in RPY (radian) [0.032, 0.080, 1.465]
- Rotation: in RPY (degree) [1.843, 4.588, 83.966]
- Matrix:
  0.105 -0.994  0.040  6.003
  0.991  0.108  0.076 10.913
 -0.080  0.032  0.996 -0.002
  0.000  0.000  0.000  1.000
At time 1779612809.806909322
- Translation: [6.013, 10.918, -0.003]
- Rotation: in Quaternion (xyzw) [-0.015, 0.040, 0.667, 0.744]
- Rotation: in RPY (radian) [0.032, 0.080, 1.463]
- Rotation: in RPY (degree) [1.825, 4.595, 83.816]
- Matrix:
  0.107 -0.993  0.040  6.013
  0.991  0.110  0.076 10.918
 -0.080  0.032  0.996 -0.003
  0.000  0.000  0.000  1.000
At time 1779612810.808915376
- Translation: [6.006, 10.913, 0.001]
- Rotation: in Quaternion (xyzw) [-0.015, 0.041, 0.668, 0.743]
- Rotation: in RPY (radian) [0.033, 0.081, 1.465]
- Rotation: in RPY (degree) [1.866, 4.634, 83.933]
- Matrix:
  0.105 -0.994  0.041  6.006
  0.991  0.108  0.077 10.913
 -0.081  0.032  0.996  0.001
  0.000  0.000  0.000  1.000
At time 1779612811.809994220
- Translation: [6.008, 10.917, -0.000]
- Rotation: in Quaternion (xyzw) [-0.015, 0.040, 0.667, 0.744]
- Rotation: in RPY (radian) [0.031, 0.081, 1.463]
- Rotation: in RPY (degree) [1.796, 4.621, 83.806]
- Matrix:
  0.108 -0.993  0.040  6.008
  0.991  0.110  0.077 10.917
 -0.081  0.031  0.996 -0.000
  0.000  0.000  0.000  1.000
At time 1779612812.811267614
- Translation: [6.009, 10.897, -0.001]
- Rotation: in Quaternion (xyzw) [-0.015, 0.041, 0.671, 0.741]
- Rotation: in RPY (radian) [0.032, 0.081, 1.473]
- Rotation: in RPY (degree) [1.830, 4.619, 84.383]
- Matrix:
  0.098 -0.994  0.040  6.009
  0.992  0.100  0.077 10.897
 -0.081  0.032  0.996 -0.001
  0.000  0.000  0.000  1.000
At time 1779612813.812704563
- Translation: [6.039, 10.876, -0.001]
- Rotation: in Quaternion (xyzw) [-0.015, 0.040, 0.673, 0.738]
- Rotation: in RPY (radian) [0.032, 0.081, 1.480]
- Rotation: in RPY (degree) [1.819, 4.621, 84.784]
- Matrix:
  0.091 -0.995  0.039  6.039
  0.993  0.093  0.077 10.876
 -0.081  0.032  0.996 -0.001
  0.000  0.000  0.000  1.000
At time 1779612814.815665483
- Translation: [5.996, 10.893, -0.001]
- Rotation: in Quaternion (xyzw) [-0.015, 0.041, 0.663, 0.747]
- Rotation: in RPY (radian) [0.031, 0.081, 1.453]
- Rotation: in RPY (degree) [1.785, 4.636, 83.276]
- Matrix:
  0.117 -0.992  0.040  5.996
  0.990  0.120  0.077 10.893
 -0.081  0.031  0.996 -0.001
  0.000  0.000  0.000  1.000
At time 1779612815.816053390
- Translation: [6.009, 10.913, 0.002]
- Rotation: in Quaternion (xyzw) [-0.015, 0.041, 0.667, 0.743]
- Rotation: in RPY (radian) [0.032, 0.081, 1.464]
- Rotation: in RPY (degree) [1.815, 4.641, 83.898]
- Matrix:
  0.106 -0.994  0.040  6.009
  0.991  0.109  0.077 10.913
 -0.081  0.032  0.996  0.002
  0.000  0.000  0.000  1.000
At time 1779612816.817360639
- Translation: [6.009, 10.917, -0.002]
- Rotation: in Quaternion (xyzw) [-0.015, 0.041, 0.667, 0.744]
- Rotation: in RPY (radian) [0.032, 0.081, 1.463]
- Rotation: in RPY (degree) [1.806, 4.626, 83.851]
- Matrix:
  0.107 -0.993  0.040  6.009
  0.991  0.110  0.077 10.917
 -0.081  0.031  0.996 -0.002
  0.000  0.000  0.000  1.000
At time 1779612817.819090604
- Translation: [6.009, 10.913, 0.000]
- Rotation: in Quaternion (xyzw) [-0.015, 0.041, 0.667, 0.743]
- Rotation: in RPY (radian) [0.033, 0.081, 1.465]
- Rotation: in RPY (degree) [1.864, 4.614, 83.916]
- Matrix:
  0.106 -0.994  0.041  6.009
  0.991  0.109  0.077 10.913
 -0.080  0.032  0.996  0.000
  0.000  0.000  0.000  1.000
At time 1779612818.820678472
- Translation: [6.008, 10.915, -0.003]
- Rotation: in Quaternion (xyzw) [-0.015, 0.041, 0.667, 0.744]
- Rotation: in RPY (radian) [0.033, 0.081, 1.464]
- Rotation: in RPY (degree) [1.878, 4.618, 83.889]
- Matrix:
  0.106 -0.994  0.041  6.008
  0.991  0.109  0.077 10.915
 -0.081  0.033  0.996 -0.003
  0.000  0.000  0.000  1.000
At time 1779612819.822720289
- Translation: [6.007, 10.913, 0.002]
- Rotation: in Quaternion (xyzw) [-0.016, 0.040, 0.667, 0.743]
- Rotation: in RPY (radian) [0.031, 0.081, 1.464]
- Rotation: in RPY (degree) [1.750, 4.643, 83.892]
- Matrix:
  0.106 -0.994  0.039  6.007
  0.991  0.109  0.077 10.913
 -0.081  0.030  0.996  0.002
  0.000  0.000  0.000  1.000
At time 1779612820.823877573
- Translation: [6.008, 10.914, -0.001]
- Rotation: in Quaternion (xyzw) [-0.015, 0.041, 0.667, 0.744]
- Rotation: in RPY (radian) [0.032, 0.081, 1.464]
- Rotation: in RPY (degree) [1.832, 4.633, 83.860]
- Matrix:
  0.107 -0.993  0.040  6.008
  0.991  0.109  0.077 10.914
 -0.081  0.032  0.996 -0.001
  0.000  0.000  0.000  1.000
At time 1779612821.825007438
- Translation: [6.009, 10.915, -0.001]
- Rotation: in Quaternion (xyzw) [-0.015, 0.041, 0.667, 0.743]
- Rotation: in RPY (radian) [0.032, 0.081, 1.464]
- Rotation: in RPY (degree) [1.830, 4.618, 83.898]
- Matrix:
  0.106 -0.994  0.040  6.009
  0.991  0.109  0.077 10.915
 -0.081  0.032  0.996 -0.001
  0.000  0.000  0.000  1.000
At time 1779612822.826520204
- Translation: [6.008, 10.914, -0.002]
- Rotation: in Quaternion (xyzw) [-0.015, 0.041, 0.668, 0.743]
- Rotation: in RPY (radian) [0.033, 0.081, 1.466]
- Rotation: in RPY (degree) [1.864, 4.633, 83.993]
- Matrix:
  0.104 -0.994  0.041  6.008
  0.991  0.107  0.077 10.914
 -0.081  0.032  0.996 -0.002
  0.000  0.000  0.000  1.000
At time 1779612823.828044176
- Translation: [6.007, 10.912, 0.001]
- Rotation: in Quaternion (xyzw) [-0.016, 0.040, 0.667, 0.743]
- Rotation: in RPY (radian) [0.030, 0.081, 1.464]
- Rotation: in RPY (degree) [1.745, 4.661, 83.898]
- Matrix:
  0.106 -0.994  0.039  6.007
  0.991  0.109  0.078 10.912
 -0.081  0.030  0.996  0.001
  0.000  0.000  0.000  1.000
At time 1779612824.829572677
- Translation: [6.010, 10.914, -0.001]
- Rotation: in Quaternion (xyzw) [-0.015, 0.041, 0.667, 0.744]
- Rotation: in RPY (radian) [0.032, 0.081, 1.463]
- Rotation: in RPY (degree) [1.807, 4.641, 83.818]
- Matrix:
  0.107 -0.993  0.040  6.010
  0.991  0.110  0.077 10.914
 -0.081  0.031  0.996 -0.001
  0.000  0.000  0.000  1.000
At time 1779612825.831110477
- Translation: [6.010, 10.917, -0.004]
- Rotation: in Quaternion (xyzw) [-0.015, 0.041, 0.667, 0.744]
- Rotation: in RPY (radian) [0.032, 0.081, 1.463]
- Rotation: in RPY (degree) [1.819, 4.631, 83.817]
- Matrix:
  0.107 -0.993  0.040  6.010
  0.991  0.110  0.077 10.917
 -0.081  0.032  0.996 -0.004
  0.000  0.000  0.000  1.000
At time 1779612826.832696437
- Translation: [6.007, 10.913, -0.000]
- Rotation: in Quaternion (xyzw) [-0.016, 0.041, 0.668, 0.743]
- Rotation: in RPY (radian) [0.031, 0.081, 1.466]
- Rotation: in RPY (degree) [1.785, 4.650, 83.984]
- Matrix:
  0.104 -0.994  0.039  6.007
  0.991  0.107  0.077 10.913
 -0.081  0.031  0.996 -0.000
  0.000  0.000  0.000  1.000
At time 1779612827.834509372
- Translation: [6.004, 10.912, 0.000]
- Rotation: in Quaternion (xyzw) [-0.016, 0.040, 0.668, 0.743]
- Rotation: in RPY (radian) [0.030, 0.081, 1.465]
- Rotation: in RPY (degree) [1.741, 4.654, 83.921]
- Matrix:
  0.106 -0.994  0.039  6.004
  0.991  0.108  0.077 10.912
 -0.081  0.030  0.996  0.000
  0.000  0.000  0.000  1.000
At time 1779612828.835660696
- Translation: [6.008, 10.913, 0.000]
- Rotation: in Quaternion (xyzw) [-0.016, 0.041, 0.667, 0.744]
- Rotation: in RPY (radian) [0.031, 0.082, 1.464]
- Rotation: in RPY (degree) [1.779, 4.671, 83.854]
- Matrix:
  0.107 -0.994  0.040  6.008
  0.991  0.110  0.078 10.913
 -0.081  0.031  0.996  0.000
  0.000  0.000  0.000  1.000
At time 1779612829.837179422
- Translation: [6.006, 10.913, -0.000]
- Rotation: in Quaternion (xyzw) [-0.016, 0.040, 0.667, 0.744]
- Rotation: in RPY (radian) [0.030, 0.081, 1.464]
- Rotation: in RPY (degree) [1.722, 4.639, 83.874]
- Matrix:
  0.106 -0.994  0.039  6.006
  0.991  0.109  0.077 10.913
 -0.081  0.030  0.996 -0.000
  0.000  0.000  0.000  1.000
At time 1779612830.838731527
- Translation: [6.034, 10.863, -0.001]
- Rotation: in Quaternion (xyzw) [-0.017, 0.040, 0.675, 0.737]
- Rotation: in RPY (radian) [0.030, 0.081, 1.485]
- Rotation: in RPY (degree) [1.710, 4.661, 85.079]
- Matrix:
  0.085 -0.996  0.037  6.034
  0.993  0.088  0.078 10.863
 -0.081  0.030  0.996 -0.001
  0.000  0.000  0.000  1.000
At time 1779612831.840352296
- Translation: [6.008, 10.911, -0.001]
- Rotation: in Quaternion (xyzw) [-0.015, 0.041, 0.667, 0.744]
- Rotation: in RPY (radian) [0.032, 0.081, 1.464]
- Rotation: in RPY (degree) [1.818, 4.646, 83.855]
- Matrix:
  0.107 -0.993  0.040  6.008
  0.991  0.110  0.077 10.911
 -0.081  0.032  0.996 -0.001
  0.000  0.000  0.000  1.000
At time 1779612832.842142581
- Translation: [6.007, 10.913, -0.002]
- Rotation: in Quaternion (xyzw) [-0.015, 0.041, 0.667, 0.743]
- Rotation: in RPY (radian) [0.032, 0.081, 1.464]
- Rotation: in RPY (degree) [1.814, 4.632, 83.894]
- Matrix:
  0.106 -0.994  0.040  6.007
  0.991  0.109  0.077 10.913
 -0.081  0.032  0.996 -0.002
  0.000  0.000  0.000  1.000
At time 1779612833.842198610
- Translation: [6.006, 10.915, 0.001]
- Rotation: in Quaternion (xyzw) [-0.016, 0.040, 0.667, 0.744]
- Rotation: in RPY (radian) [0.031, 0.081, 1.464]
- Rotation: in RPY (degree) [1.767, 4.628, 83.883]
- Matrix:
  0.106 -0.994  0.039  6.006
  0.991  0.109  0.077 10.915
 -0.081  0.031  0.996  0.001
  0.000  0.000  0.000  1.000
At time 1779612834.842212438
- Translation: [6.006, 10.914, 0.001]
- Rotation: in Quaternion (xyzw) [-0.015, 0.041, 0.668, 0.743]
- Rotation: in RPY (radian) [0.032, 0.081, 1.466]
- Rotation: in RPY (degree) [1.811, 4.623, 83.997]
- Matrix:
  0.104 -0.994  0.040  6.006
  0.991  0.107  0.077 10.914
 -0.081  0.031  0.996  0.001
  0.000  0.000  0.000  1.000
At time 1779612835.842248439
- Translation: [6.006, 10.916, -0.002]
- Rotation: in Quaternion (xyzw) [-0.014, 0.042, 0.668, 0.743]
- Rotation: in RPY (radian) [0.034, 0.081, 1.466]
- Rotation: in RPY (degree) [1.967, 4.659, 84.014]
- Matrix:
  0.104 -0.994  0.043  6.006
  0.991  0.107  0.077 10.916
 -0.081  0.034  0.996 -0.002
  0.000  0.000  0.000  1.000
At time 1779612836.842320442
- Translation: [6.028, 11.032, -0.004]
- Rotation: in Quaternion (xyzw) [-0.011, 0.057, 0.699, 0.713]
- Rotation: in RPY (radian) [0.063, 0.097, 1.555]
- Rotation: in RPY (degree) [3.626, 5.556, 89.080]
- Matrix:
  0.016 -0.998  0.065  6.028
  0.995  0.022  0.096 11.032
 -0.097  0.063  0.993 -0.004
  0.000  0.000  0.000  1.000
At time 1779612837.842745542
- Translation: [5.996, 11.362, -0.005]
- Rotation: in Quaternion (xyzw) [-0.022, 0.053, 0.723, 0.689]
- Rotation: in RPY (radian) [0.047, 0.105, 1.621]
- Rotation: in RPY (degree) [2.705, 6.032, 92.865]
- Matrix:
 -0.050 -0.998  0.042  5.996
  0.993 -0.045  0.107 11.362
 -0.105  0.047  0.993 -0.005
  0.000  0.000  0.000  1.000
At time 1779612838.842255592
- Translation: [5.908, 11.725, -0.012]
- Rotation: in Quaternion (xyzw) [-0.023, 0.052, 0.709, 0.702]
- Rotation: in RPY (radian) [0.041, 0.106, 1.583]
- Rotation: in RPY (degree) [2.356, 6.102, 90.690]
- Matrix:
 -0.012 -0.999  0.040  5.908
  0.994 -0.008  0.107 11.725
 -0.106  0.041  0.993 -0.012
  0.000  0.000  0.000  1.000
At time 1779612839.842310428
- Translation: [5.914, 12.139, -0.002]
- Rotation: in Quaternion (xyzw) [-0.032, 0.047, 0.626, 0.778]
- Rotation: in RPY (radian) [0.009, 0.113, 1.355]
- Rotation: in RPY (degree) [0.541, 6.459, 77.651]
- Matrix:
  0.213 -0.977  0.033  5.914
  0.971  0.215  0.108 12.139
 -0.112  0.009  0.994 -0.002
  0.000  0.000  0.000  1.000
At time 1779612840.842274188
- Translation: [6.044, 12.569, 0.001]
- Rotation: in Quaternion (xyzw) [-0.037, 0.050, 0.517, 0.854]
- Rotation: in RPY (radian) [-0.012, 0.124, 1.089]
- Rotation: in RPY (degree) [-0.685, 7.096, 62.403]
- Matrix:
  0.460 -0.887  0.047  6.044
  0.879  0.462  0.115 12.569
 -0.124 -0.012  0.992  0.001
  0.000  0.000  0.000  1.000
At time 1779612841.842284440
- Translation: [6.239, 12.918, -0.003]
- Rotation: in Quaternion (xyzw) [-0.038, 0.051, 0.503, 0.862]
- Rotation: in RPY (radian) [-0.014, 0.127, 1.056]
- Rotation: in RPY (degree) [-0.778, 7.275, 60.497]
- Matrix:
  0.489 -0.871  0.051  6.239
  0.863  0.491  0.117 12.918
 -0.127 -0.013  0.992 -0.003
  0.000  0.000  0.000  1.000
At time 1779612842.842793703
- Translation: [6.412, 13.300, -0.023]
- Rotation: in Quaternion (xyzw) [-0.034, 0.048, 0.562, 0.825]
- Rotation: in RPY (radian) [-0.003, 0.118, 1.195]
- Rotation: in RPY (degree) [-0.178, 6.766, 68.467]
- Matrix:
  0.364 -0.930  0.040  6.412
  0.924  0.367  0.111 13.300
 -0.118 -0.003  0.993 -0.023
  0.000  0.000  0.000  1.000
At time 1779612843.842281579
- Translation: [6.506, 13.660, -0.027]
- Rotation: in Quaternion (xyzw) [-0.033, 0.043, 0.627, 0.777]
- Rotation: in RPY (radian) [0.003, 0.108, 1.359]
- Rotation: in RPY (degree) [0.151, 6.161, 77.856]
- Matrix:
  0.209 -0.978  0.025  6.506
  0.972  0.211  0.104 13.660
 -0.107  0.003  0.994 -0.027
  0.000  0.000  0.000  1.000
At time 1779612844.842876434
- Translation: [6.544, 13.975, -0.022]
- Rotation: in Quaternion (xyzw) [-0.031, 0.041, 0.694, 0.718]
- Rotation: in RPY (radian) [0.012, 0.102, 1.538]
- Rotation: in RPY (degree) [0.688, 5.836, 88.115]
- Matrix:
  0.033 -0.999  0.015  6.544
  0.994  0.034  0.101 13.975
 -0.102  0.012  0.995 -0.022
  0.000  0.000  0.000  1.000
At time 1779612845.845779418
- Translation: [6.506, 14.118, -0.020]
- Rotation: in Quaternion (xyzw) [-0.019, 0.032, 0.827, 0.562]
- Rotation: in RPY (radian) [0.032, 0.068, 1.949]
- Rotation: in RPY (degree) [1.821, 3.893, 111.683]
- Matrix:
 -0.369 -0.930  0.004  6.506
  0.927 -0.367  0.075 14.118
 -0.068  0.032  0.997 -0.020
  0.000  0.000  0.000  1.000
At time 1779612846.842944622
- Translation: [6.410, 14.171, -0.002]
- Rotation: in Quaternion (xyzw) [0.001, 0.040, 0.840, 0.542]
- Rotation: in RPY (radian) [0.069, 0.042, 1.997]
- Rotation: in RPY (degree) [3.929, 2.404, 114.417]
- Matrix:
 -0.413 -0.910  0.045  6.410
  0.910 -0.410  0.066 14.171
 -0.042  0.068  0.997 -0.002
  0.000  0.000  0.000  1.000
At time 1779612847.843015432
- Translation: [6.452, 14.212, 0.005]
- Rotation: in Quaternion (xyzw) [-0.007, 0.040, 0.852, 0.522]
- Rotation: in RPY (radian) [0.061, 0.053, 2.045]
- Rotation: in RPY (degree) [3.482, 3.038, 117.160]
- Matrix:
 -0.456 -0.890  0.030  6.452
  0.888 -0.453  0.075 14.212
 -0.053  0.061  0.997  0.005
  0.000  0.000  0.000  1.000
At time 1779612848.842681646
- Translation: [6.330, 14.389, 0.002]
- Rotation: in Quaternion (xyzw) [0.005, 0.056, 0.896, 0.441]
- Rotation: in RPY (radian) [0.105, 0.041, 2.230]
- Rotation: in RPY (degree) [6.003, 2.337, 127.760]
- Matrix:
 -0.612 -0.789  0.058  6.330
  0.790 -0.606  0.096 14.389
 -0.041  0.104  0.994  0.002
  0.000  0.000  0.000  1.000
At time 1779612849.842532396
- Translation: [6.063, 14.678, 0.007]
- Rotation: in Quaternion (xyzw) [0.001, 0.050, 0.932, 0.358]
- Rotation: in RPY (radian) [0.093, 0.034, 2.410]
- Rotation: in RPY (degree) [5.343, 1.975, 138.101]
- Matrix:
 -0.744 -0.667  0.037  6.063
  0.667 -0.739  0.092 14.678
 -0.034  0.093  0.995  0.007
  0.000  0.000  0.000  1.000
At time 1779612850.842523336
- Translation: [5.762, 14.918, -0.003]
- Rotation: in Quaternion (xyzw) [-0.012, 0.038, 0.917, 0.397]
- Rotation: in RPY (radian) [0.060, 0.052, 2.327]
- Rotation: in RPY (degree) [3.411, 2.978, 133.331]
- Matrix:
 -0.685 -0.728  0.008  5.762
  0.726 -0.683  0.079 14.918
 -0.052  0.059  0.997 -0.003
  0.000  0.000  0.000  1.000
At time 1779612851.842925310
- Translation: [5.459, 15.203, -0.006]
- Rotation: in Quaternion (xyzw) [-0.019, 0.035, 0.843, 0.536]
- Rotation: in RPY (radian) [0.039, 0.070, 2.010]
- Rotation: in RPY (degree) [2.245, 3.993, 115.142]
- Matrix:
 -0.424 -0.906  0.006  5.459
  0.903 -0.422  0.080 15.203
 -0.070  0.039  0.997 -0.006
  0.000  0.000  0.000  1.000
At time 1779612852.842504739
- Translation: [5.249, 15.560, -0.010]
- Rotation: in Quaternion (xyzw) [-0.020, 0.037, 0.791, 0.611]
- Rotation: in RPY (radian) [0.034, 0.077, 1.827]
- Rotation: in RPY (degree) [1.948, 4.419, 104.681]
- Matrix:
 -0.253 -0.967  0.013  5.249
  0.964 -0.251  0.083 15.560
 -0.077  0.034  0.996 -0.010
  0.000  0.000  0.000  1.000
At time 1779612853.845886468
- Translation: [5.128, 15.943, -0.014]
- Rotation: in Quaternion (xyzw) [-0.029, 0.031, 0.722, 0.690]
- Rotation: in RPY (radian) [0.005, 0.084, 1.616]
- Rotation: in RPY (degree) [0.272, 4.792, 92.580]
- Matrix:
 -0.045 -0.999  0.001  5.128
  0.995 -0.045  0.084 15.943
 -0.084  0.005  0.996 -0.014
  0.000  0.000  0.000  1.000
At time 1779612854.843782424
- Translation: [5.106, 16.389, -0.014]
- Rotation: in Quaternion (xyzw) [-0.037, 0.030, 0.683, 0.729]
- Rotation: in RPY (radian) [-0.013, 0.095, 1.506]
- Rotation: in RPY (degree) [-0.726, 5.430, 86.284]
- Matrix:
  0.065 -0.998 -0.007  5.106
  0.993  0.064  0.095 16.389
 -0.095 -0.013  0.995 -0.014
  0.000  0.000  0.000  1.000
At time 1779612855.842558622
- Translation: [5.097, 16.815, 0.011]
- Rotation: in Quaternion (xyzw) [-0.032, 0.036, 0.701, 0.712]
- Rotation: in RPY (radian) [0.005, 0.096, 1.555]
- Rotation: in RPY (degree) [0.297, 5.501, 89.112]
- Matrix:
  0.015 -1.000  0.007  5.097
  0.995  0.016  0.096 16.815
 -0.096  0.005  0.995  0.011
  0.000  0.000  0.000  1.000
At time 1779612856.842731475
- Translation: [5.052, 17.295, 0.007]
- Rotation: in Quaternion (xyzw) [-0.021, 0.045, 0.710, 0.702]
- Rotation: in RPY (radian) [0.035, 0.094, 1.584]
- Rotation: in RPY (degree) [1.979, 5.386, 90.759]
- Matrix:
 -0.013 -0.999  0.033  5.052
  0.995 -0.010  0.094 17.295
 -0.094  0.034  0.995  0.007
  0.000  0.000  0.000  1.000
At time 1779612857.842659473
- Translation: [5.077, 17.649, -0.007]
- Rotation: in Quaternion (xyzw) [-0.009, 0.056, 0.729, 0.682]
- Rotation: in RPY (radian) [0.069, 0.090, 1.641]
- Rotation: in RPY (degree) [3.978, 5.128, 94.002]
- Matrix:
 -0.070 -0.996  0.063  5.077
  0.994 -0.063  0.094 17.649
 -0.089  0.069  0.994 -0.007
  0.000  0.000  0.000  1.000
At time 1779612858.842801332
- Translation: [5.100, 18.017, -0.012]
- Rotation: in Quaternion (xyzw) [-0.003, 0.056, 0.757, 0.651]
- Rotation: in RPY (radian) [0.082, 0.078, 1.726]
- Rotation: in RPY (degree) [4.672, 4.450, 98.866]
- Matrix:
 -0.154 -0.986  0.069  5.100
  0.985 -0.147  0.089 18.017
 -0.078  0.081  0.994 -0.012
  0.000  0.000  0.000  1.000
At time 1779612859.843083620
- Translation: [5.021, 18.237, 0.012]
- Rotation: in Quaternion (xyzw) [0.003, 0.055, 0.707, 0.705]
- Rotation: in RPY (radian) [0.082, 0.074, 1.575]
- Rotation: in RPY (degree) [4.679, 4.233, 90.269]
- Matrix:
 -0.005 -0.997  0.081  5.021
  0.997  0.001  0.074 18.237
 -0.074  0.081  0.994  0.012
  0.000  0.000  0.000  1.000
At time 1779612860.842733621
- Translation: [5.088, 18.356, 0.003]
- Rotation: in Quaternion (xyzw) [-0.010, 0.054, 0.514, 0.856]
- Rotation: in RPY (radian) [0.040, 0.103, 1.083]
- Rotation: in RPY (degree) [2.265, 5.894, 62.049]
- Matrix:
  0.466 -0.881  0.083  5.088
  0.879  0.472  0.072 18.356
 -0.103  0.039  0.994  0.003
  0.000  0.000  0.000  1.000
At time 1779612861.843141555
- Translation: [5.123, 18.494, -0.003]
- Rotation: in Quaternion (xyzw) [-0.020, 0.051, 0.265, 0.963]
- Rotation: in RPY (radian) [-0.012, 0.109, 0.538]
- Rotation: in RPY (degree) [-0.697, 6.228, 30.799]
- Matrix:
  0.854 -0.513  0.087  5.123
  0.509  0.858  0.066 18.494
 -0.108 -0.012  0.994 -0.003
  0.000  0.000  0.000  1.000
At time 1779612862.843019485
- Translation: [5.175, 18.521, 0.024]
- Rotation: in Quaternion (xyzw) [-0.038, 0.046, -0.002, 0.998]
- Rotation: in RPY (radian) [-0.077, 0.093, -0.008]
- Rotation: in RPY (degree) [-4.407, 5.310, -0.468]
- Matrix:
  0.996  0.001  0.093  5.175
 -0.008  0.997  0.076 18.521
 -0.093 -0.077  0.993  0.024
  0.000  0.000  0.000  1.000
At time 1779612863.842771530
- Translation: [5.293, 18.532, 0.023]
- Rotation: in Quaternion (xyzw) [-0.041, 0.044, -0.261, 0.964]
- Rotation: in RPY (radian) [-0.102, 0.064, -0.532]
- Rotation: in RPY (degree) [-5.846, 3.681, -30.483]
- Matrix:
  0.860  0.499  0.107  5.293
 -0.506  0.861  0.055 18.532
 -0.064 -0.102  0.993  0.023
  0.000  0.000  0.000  1.000
At time 1779612864.842709541
- Translation: [5.315, 18.520, -0.003]
- Rotation: in Quaternion (xyzw) [-0.050, 0.039, -0.497, 0.866]
- Rotation: in RPY (radian) [-0.125, 0.018, -1.043]
- Rotation: in RPY (degree) [-7.177, 1.048, -59.772]
- Matrix:
  0.503  0.856  0.117  5.315
 -0.864  0.501  0.047 18.520
 -0.018 -0.125  0.992 -0.003
  0.000  0.000  0.000  1.000
At time 1779612865.842684268
- Translation: [5.408, 18.381, -0.010]
- Rotation: in Quaternion (xyzw) [-0.045, 0.027, -0.551, 0.833]
- Rotation: in RPY (radian) [-0.104, -0.004, -1.170]
- Rotation: in RPY (degree) [-5.980, -0.220, -67.029]
- Matrix:
  0.390  0.916  0.094  5.408
 -0.921  0.388  0.044 18.381
  0.004 -0.104  0.995 -0.010
  0.000  0.000  0.000  1.000
At time 1779612866.842799663
- Translation: [5.413, 18.342, 0.002]
- Rotation: in Quaternion (xyzw) [-0.041, 0.020, -0.549, 0.835]
- Rotation: in RPY (radian) [-0.090, -0.011, -1.163]
- Rotation: in RPY (degree) [-5.147, -0.648, -66.641]
- Matrix:
  0.396  0.915  0.078  5.413
 -0.918  0.394  0.046 18.342
  0.011 -0.090  0.996  0.002
  0.000  0.000  0.000  1.000
At time 1779612867.842765331
- Translation: [5.471, 18.302, 0.006]
- Rotation: in Quaternion (xyzw) [-0.050, 0.034, -0.499, 0.864]
- Rotation: in RPY (radian) [-0.121, 0.008, -1.048]
- Rotation: in RPY (degree) [-6.919, 0.477, -60.072]
- Matrix:
  0.499  0.860  0.109  5.471
 -0.867  0.496  0.053 18.302
 -0.008 -0.120  0.993  0.006
  0.000  0.000  0.000  1.000
At time 1779612868.842804431
- Translation: [5.526, 18.282, -0.006]
- Rotation: in Quaternion (xyzw) [-0.046, 0.037, -0.418, 0.906]
- Rotation: in RPY (radian) [-0.115, 0.029, -0.866]
- Rotation: in RPY (degree) [-6.599, 1.640, -49.642]
- Matrix:
  0.647  0.755  0.106  5.526
 -0.762  0.646  0.053 18.282
 -0.029 -0.115  0.993 -0.006
  0.000  0.000  0.000  1.000
At time 1779612869.842868328
- Translation: [5.570, 18.214, -0.011]
- Rotation: in Quaternion (xyzw) [-0.044, 0.040, -0.314, 0.948]
- Rotation: in RPY (radian) [-0.109, 0.048, -0.642]
- Rotation: in RPY (degree) [-6.217, 2.755, -36.780]
- Matrix:
  0.800  0.591  0.103  5.570
 -0.598  0.799  0.058 18.214
 -0.048 -0.108  0.993 -0.011
  0.000  0.000  0.000  1.000
At time 1779612870.842822313
- Translation: [5.664, 18.110, -0.016]
- Rotation: in Quaternion (xyzw) [-0.040, 0.043, -0.205, 0.977]
- Rotation: in RPY (radian) [-0.096, 0.069, -0.416]
- Rotation: in RPY (degree) [-5.472, 3.926, -23.857]
- Matrix:
  0.912  0.397  0.101  5.664
 -0.404  0.913  0.060 18.110
 -0.068 -0.095  0.993 -0.016
  0.000  0.000  0.000  1.000
At time 1779612871.842883586
- Translation: [5.774, 18.103, -0.009]
- Rotation: in Quaternion (xyzw) [-0.024, 0.043, -0.108, 0.993]
- Rotation: in RPY (radian) [-0.057, 0.081, -0.220]
- Rotation: in RPY (degree) [-3.274, 4.624, -12.595]
- Matrix:
  0.973  0.213  0.091  5.774
 -0.217  0.975  0.038 18.103
 -0.081 -0.057  0.995 -0.009
  0.000  0.000  0.000  1.000
At time 1779612872.842945575
- Translation: [5.898, 18.055, -0.004]
- Rotation: in Quaternion (xyzw) [-0.022, 0.044, -0.011, 0.999]
- Rotation: in RPY (radian) [-0.045, 0.088, -0.024]
- Rotation: in RPY (degree) [-2.595, 5.019, -1.383]
- Matrix:
  0.996  0.020  0.088  5.898
 -0.024  0.999  0.043 18.055
 -0.087 -0.045  0.995 -0.004
  0.000  0.000  0.000  1.000
At time 1779612873.842937231
- Translation: [6.029, 18.074, -0.005]
- Rotation: in Quaternion (xyzw) [-0.020, 0.046, 0.003, 0.999]
- Rotation: in RPY (radian) [-0.040, 0.092, 0.004]
- Rotation: in RPY (degree) [-2.317, 5.286, 0.215]
- Matrix:
  0.996 -0.007  0.092  6.029
  0.004  0.999  0.041 18.074
 -0.092 -0.040  0.995 -0.005
  0.000  0.000  0.000  1.000
At time 1779612874.843332290
- Translation: [6.321, 18.067, -0.004]
- Rotation: in Quaternion (xyzw) [-0.035, 0.048, -0.025, 0.998]
- Rotation: in RPY (radian) [-0.072, 0.094, -0.053]
- Rotation: in RPY (degree) [-4.105, 5.392, -3.033]
- Matrix:
  0.994  0.046  0.097  6.321
 -0.053  0.996  0.067 18.067
 -0.094 -0.071  0.993 -0.004
  0.000  0.000  0.000  1.000
At time 1779612875.842885732
- Translation: [6.728, 18.041, -0.003]
- Rotation: in Quaternion (xyzw) [-0.047, 0.048, -0.030, 0.997]
- Rotation: in RPY (radian) [-0.097, 0.094, -0.064]
- Rotation: in RPY (degree) [-5.543, 5.384, -3.676]
- Matrix:
  0.994  0.055  0.099  6.728
 -0.064  0.994  0.090 18.041
 -0.094 -0.096  0.991 -0.003
  0.000  0.000  0.000  1.000
At time 1779612876.842879533
- Translation: [7.164, 18.013, -0.021]
- Rotation: in Quaternion (xyzw) [-0.059, 0.042, -0.033, 0.997]
- Rotation: in RPY (radian) [-0.120, 0.081, -0.072]
- Rotation: in RPY (degree) [-6.885, 4.622, -4.120]
- Matrix:
  0.994  0.062  0.088  7.164
 -0.072  0.991  0.114 18.013
 -0.081 -0.119  0.990 -0.021
  0.000  0.000  0.000  1.000
At time 1779612877.843174219
- Translation: [7.578, 17.985, -0.033]
- Rotation: in Quaternion (xyzw) [-0.064, 0.046, -0.004, 0.997]
- Rotation: in RPY (radian) [-0.129, 0.090, -0.014]
- Rotation: in RPY (degree) [-7.407, 5.176, -0.797]
- Matrix:
  0.996  0.002  0.091  7.578
 -0.014  0.992  0.128 17.985
 -0.090 -0.128  0.988 -0.033
  0.000  0.000  0.000  1.000
At time 1779612878.843021631
- Translation: [7.948, 18.017, -0.014]
- Rotation: in Quaternion (xyzw) [-0.057, 0.048, 0.051, 0.996]
- Rotation: in RPY (radian) [-0.109, 0.101, 0.096]
- Rotation: in RPY (degree) [-6.253, 5.770, 5.514]
- Matrix:
  0.990 -0.106  0.089  7.948
  0.096  0.988  0.118 18.017
 -0.101 -0.108  0.989 -0.014
  0.000  0.000  0.000  1.000
At time 1779612879.842929601
- Translation: [8.071, 18.046, -0.006]
- Rotation: in Quaternion (xyzw) [-0.055, 0.044, -0.044, 0.997]
- Rotation: in RPY (radian) [-0.114, 0.083, -0.093]
- Rotation: in RPY (degree) [-6.523, 4.769, -5.321]
- Matrix:
  0.992  0.083  0.093  8.071
 -0.092  0.990  0.105 18.046
 -0.083 -0.113  0.990 -0.006
  0.000  0.000  0.000  1.000
At time 1779612880.843002319
- Translation: [8.183, 18.064, -0.006]
- Rotation: in Quaternion (xyzw) [-0.053, 0.040, -0.184, 0.981]
- Rotation: in RPY (radian) [-0.120, 0.060, -0.374]
- Rotation: in RPY (degree) [-6.858, 3.424, -21.439]
- Matrix:
  0.929  0.356  0.099  8.183
 -0.365  0.927  0.089 18.064
 -0.060 -0.119  0.991 -0.006
  0.000  0.000  0.000  1.000
At time 1779612881.843269348
- Translation: [8.218, 18.031, 0.002]
- Rotation: in Quaternion (xyzw) [-0.051, 0.036, -0.319, 0.946]
- Rotation: in RPY (radian) [-0.120, 0.037, -0.654]
- Rotation: in RPY (degree) [-6.855, 2.098, -37.443]
- Matrix:
  0.793  0.600  0.101  8.218
 -0.608  0.791  0.073 18.031
 -0.037 -0.119  0.992  0.002
  0.000  0.000  0.000  1.000
At time 1779612882.843384265
- Translation: [8.256, 18.016, -0.019]
- Rotation: in Quaternion (xyzw) [-0.048, 0.033, -0.471, 0.880]
- Rotation: in RPY (radian) [-0.116, 0.013, -0.982]
- Rotation: in RPY (degree) [-6.637, 0.740, -56.283]
- Matrix:
  0.555  0.825  0.103  8.256
 -0.832  0.553  0.053 18.016
 -0.013 -0.116  0.993 -0.019
  0.000  0.000  0.000  1.000
At time 1779612883.843063592
- Translation: [8.262, 18.002, -0.014]
- Rotation: in Quaternion (xyzw) [-0.042, 0.026, -0.593, 0.804]
- Rotation: in RPY (radian) [-0.098, -0.008, -1.271]
- Rotation: in RPY (degree) [-5.595, -0.448, -72.822]
- Matrix:
  0.295  0.951  0.091  8.262
 -0.955  0.293  0.036 18.002
  0.008 -0.097  0.995 -0.014
  0.000  0.000  0.000  1.000
At time 1779612884.843020439
- Translation: [8.250, 17.908, -0.017]
- Rotation: in Quaternion (xyzw) [-0.039, 0.020, -0.681, 0.731]
- Rotation: in RPY (radian) [-0.085, -0.024, -1.500]
- Rotation: in RPY (degree) [-4.859, -1.379, -85.941]
- Matrix:
  0.071  0.994  0.083  8.250
 -0.997  0.069  0.030 17.908
  0.024 -0.085  0.996 -0.017
  0.000  0.000  0.000  1.000
At time 1779612885.843488454
- Translation: [8.293, 17.824, 0.007]
- Rotation: in Quaternion (xyzw) [-0.035, -0.000, -0.690, 0.723]
- Rotation: in RPY (radian) [-0.051, -0.049, -1.522]
- Rotation: in RPY (degree) [-2.901, -2.788, -87.188]
- Matrix:
  0.049  0.998  0.048  8.293
 -0.998  0.047  0.051 17.824
  0.049 -0.051  0.998  0.007
  0.000  0.000  0.000  1.000
At time 1779612886.843212366
- Translation: [8.289, 17.809, -0.000]
- Rotation: in Quaternion (xyzw) [-0.043, 0.005, -0.692, 0.721]
- Rotation: in RPY (radian) [-0.068, -0.053, -1.528]
- Rotation: in RPY (degree) [-3.919, -3.024, -87.572]
- Matrix:
  0.042  0.997  0.066  8.289
 -0.998  0.039  0.055 17.809
  0.053 -0.068  0.996 -0.000
  0.000  0.000  0.000  1.000
At time 1779612887.843170404
- Translation: [8.326, 17.796, -0.003]
- Rotation: in Quaternion (xyzw) [-0.032, 0.025, -0.491, 0.870]
- Rotation: in RPY (radian) [-0.081, 0.012, -1.027]
- Rotation: in RPY (degree) [-4.652, 0.683, -58.838]
- Matrix:
  0.517  0.852  0.076  8.326
 -0.856  0.517  0.032 17.796
 -0.012 -0.081  0.997 -0.003
  0.000  0.000  0.000  1.000
At time 1779612888.843225717
- Translation: [8.317, 17.820, 0.006]
- Rotation: in Quaternion (xyzw) [-0.033, 0.041, -0.107, 0.993]
- Rotation: in RPY (radian) [-0.075, 0.075, -0.217]
- Rotation: in RPY (degree) [-4.284, 4.272, -12.428]
- Matrix:
  0.974  0.209  0.089  8.317
 -0.215  0.975  0.057 17.820
 -0.074 -0.074  0.994  0.006
  0.000  0.000  0.000  1.000
At time 1779612889.843280553
- Translation: [8.457, 17.725, -0.000]
- Rotation: in Quaternion (xyzw) [-0.018, 0.052, 0.231, 0.971]
- Rotation: in RPY (radian) [-0.011, 0.110, 0.466]
- Rotation: in RPY (degree) [-0.610, 6.287, 26.684]
- Matrix:
  0.888 -0.450  0.093  8.457
  0.446  0.893  0.059 17.725
 -0.110 -0.011  0.994 -0.000
  0.000  0.000  0.000  1.000
At time 1779612890.843238592
- Translation: [8.628, 17.812, -0.006]
- Rotation: in Quaternion (xyzw) [-0.021, 0.053, 0.141, 0.988]
- Rotation: in RPY (radian) [-0.028, 0.112, 0.283]
- Rotation: in RPY (degree) [-1.579, 6.402, 16.203]
- Matrix:
  0.954 -0.282  0.099  8.628
  0.277  0.959  0.058 17.812
 -0.112 -0.027  0.993 -0.006
  0.000  0.000  0.000  1.000
At time 1779612891.843584537
- Translation: [8.931, 17.832, -0.002]
- Rotation: in Quaternion (xyzw) [-0.034, 0.056, -0.017, 0.998]
- Rotation: in RPY (radian) [-0.070, 0.110, -0.038]
- Rotation: in RPY (degree) [-4.026, 6.297, -2.185]
- Matrix:
  0.993  0.030  0.112  8.931
 -0.038  0.997  0.066 17.832
 -0.110 -0.070  0.992 -0.002
  0.000  0.000  0.000  1.000
At time 1779612892.843218326
- Translation: [9.338, 17.794, -0.031]
- Rotation: in Quaternion (xyzw) [-0.041, 0.046, -0.100, 0.993]
- Rotation: in RPY (radian) [-0.091, 0.083, -0.204]
- Rotation: in RPY (degree) [-5.227, 4.766, -11.691]
- Matrix:
  0.976  0.194  0.099  9.338
 -0.202  0.977  0.072 17.794
 -0.083 -0.091  0.992 -0.031
  0.000  0.000  0.000  1.000
At time 1779612893.843191385
- Translation: [9.767, 17.706, -0.022]
- Rotation: in Quaternion (xyzw) [-0.050, 0.044, -0.070, 0.995]
- Rotation: in RPY (radian) [-0.107, 0.080, -0.144]
- Rotation: in RPY (degree) [-6.136, 4.570, -8.275]
- Matrix:
  0.986  0.135  0.094  9.767
 -0.143  0.985  0.094 17.706
 -0.080 -0.107  0.991 -0.022
  0.000  0.000  0.000  1.000
At time 1779612894.843245744
- Translation: [10.184, 17.657, -0.008]
- Rotation: in Quaternion (xyzw) [-0.058, 0.044, 0.052, 0.996]
- Rotation: in RPY (radian) [-0.112, 0.095, 0.100]
- Rotation: in RPY (degree) [-6.406, 5.435, 5.711]
- Matrix:
  0.991 -0.109  0.083 10.184
  0.099  0.988  0.120 17.657
 -0.095 -0.111  0.989 -0.008
  0.000  0.000  0.000  1.000
At time 1779612895.843302488
- Translation: [10.516, 17.733, -0.008]
- Rotation: in Quaternion (xyzw) [-0.055, 0.046, 0.088, 0.994]
- Rotation: in RPY (radian) [-0.101, 0.102, 0.171]
- Rotation: in RPY (degree) [-5.808, 5.827, 9.822]
- Matrix:
  0.980 -0.180  0.082 10.516
  0.170  0.979  0.117 17.733
 -0.102 -0.101  0.990 -0.008
  0.000  0.000  0.000  1.000
At time 1779612896.843334436
- Translation: [10.943, 17.809, 0.003]
- Rotation: in Quaternion (xyzw) [-0.035, 0.049, 0.083, 0.995]
- Rotation: in RPY (radian) [-0.061, 0.104, 0.162]
- Rotation: in RPY (degree) [-3.518, 5.933, 9.304]
- Matrix:
  0.982 -0.168  0.092 10.943
  0.161  0.984  0.077 17.809
 -0.103 -0.061  0.993  0.003
  0.000  0.000  0.000  1.000
At time 1779612897.843623399
- Translation: [11.296, 17.889, 0.010]
- Rotation: in Quaternion (xyzw) [-0.016, 0.052, 0.120, 0.991]
- Rotation: in RPY (radian) [-0.019, 0.107, 0.240]
- Rotation: in RPY (degree) [-1.070, 6.136, 13.753]
- Matrix:
  0.966 -0.240  0.099 11.296
  0.236  0.971  0.044 17.889
 -0.107 -0.019  0.994  0.010
  0.000  0.000  0.000  1.000
At time 1779612898.844096660
- Translation: [11.620, 17.879, 0.000]
- Rotation: in Quaternion (xyzw) [-0.012, 0.049, 0.154, 0.987]
- Rotation: in RPY (radian) [-0.008, 0.101, 0.308]
- Rotation: in RPY (degree) [-0.462, 5.768, 17.659]
- Matrix:
  0.948 -0.304  0.093 11.620
  0.302  0.953  0.038 17.879
 -0.100 -0.008  0.995  0.000
  0.000  0.000  0.000  1.000
At time 1779612899.843466281
- Translation: [11.845, 17.891, -0.002]
- Rotation: in Quaternion (xyzw) [-0.011, 0.049, 0.186, 0.981]
- Rotation: in RPY (radian) [-0.003, 0.100, 0.375]
- Rotation: in RPY (degree) [-0.198, 5.744, 21.469]
- Matrix:
  0.926 -0.366  0.092 11.845
  0.364  0.930  0.040 17.891
 -0.100 -0.003  0.995 -0.002
  0.000  0.000  0.000  1.000
At time 1779612900.843870639
- Translation: [11.964, 17.944, 0.008]
- Rotation: in Quaternion (xyzw) [-0.017, 0.043, 0.028, 0.999]
- Rotation: in RPY (radian) [-0.031, 0.088, 0.056]
- Rotation: in RPY (degree) [-1.760, 5.029, 3.187]
- Matrix:
  0.995 -0.058  0.086 11.964
  0.055  0.998  0.036 17.944
 -0.088 -0.031  0.996  0.008
  0.000  0.000  0.000  1.000
At time 1779612901.845984458
- Translation: [12.058, 17.941, 0.019]
- Rotation: in Quaternion (xyzw) [-0.018, 0.034, -0.187, 0.982]
- Rotation: in RPY (radian) [-0.049, 0.060, -0.377]
- Rotation: in RPY (degree) [-2.799, 3.412, -21.606]
- Matrix:
  0.928  0.365  0.073 12.058
 -0.368  0.930  0.024 17.941
 -0.060 -0.049  0.997  0.019
  0.000  0.000  0.000  1.000
At time 1779612902.843530416
- Translation: [12.138, 18.012, 0.020]
- Rotation: in Quaternion (xyzw) [-0.022, 0.023, -0.404, 0.914]
- Rotation: in RPY (radian) [-0.059, 0.023, -0.832]
- Rotation: in RPY (degree) [-3.369, 1.338, -47.698]
- Matrix:
  0.673  0.737  0.059 12.138
 -0.739  0.673  0.022 18.012
 -0.023 -0.059  0.998  0.020
  0.000  0.000  0.000  1.000
At time 1779612903.843852281
- Translation: [12.137, 17.962, 0.024]
- Rotation: in Quaternion (xyzw) [-0.028, 0.015, -0.604, 0.796]
- Rotation: in RPY (radian) [-0.063, -0.011, -1.298]
- Rotation: in RPY (degree) [-3.597, -0.626, -74.390]
- Matrix:
  0.269  0.961  0.057 12.137
 -0.963  0.268  0.027 17.962
  0.011 -0.063  0.998  0.024
  0.000  0.000  0.000  1.000
At time 1779612904.843588590
- Translation: [12.157, 17.906, 0.020]
- Rotation: in Quaternion (xyzw) [-0.030, 0.011, -0.719, 0.695]
- Rotation: in RPY (radian) [-0.057, -0.028, -1.604]
- Rotation: in RPY (degree) [-3.285, -1.598, -91.890]
- Matrix:
 -0.033  0.998  0.058 12.157
 -0.999 -0.035  0.026 17.906
  0.028 -0.057  0.998  0.020
  0.000  0.000  0.000  1.000
At time 1779612905.843591451
- Translation: [12.166, 17.846, -0.011]
- Rotation: in Quaternion (xyzw) [-0.042, 0.012, -0.723, 0.690]
- Rotation: in RPY (radian) [-0.076, -0.044, -1.616]
- Rotation: in RPY (degree) [-4.371, -2.510, -92.580]
- Matrix:
 -0.045  0.996  0.078 12.166
 -0.998 -0.048  0.040 17.846
  0.044 -0.076  0.996 -0.011
  0.000  0.000  0.000  1.000
At time 1779612906.843879461
- Translation: [12.187, 17.838, -0.010]
- Rotation: in Quaternion (xyzw) [-0.031, 0.010, -0.707, 0.706]
- Rotation: in RPY (radian) [-0.058, -0.030, -1.572]
- Rotation: in RPY (degree) [-3.326, -1.741, -90.068]
- Matrix:
 -0.001  0.998  0.058 12.187
 -1.000 -0.003  0.030 17.838
  0.030 -0.058  0.998 -0.010
  0.000  0.000  0.000  1.000
At time 1779612907.843882560
- Translation: [12.210, 17.783, 0.013]
- Rotation: in Quaternion (xyzw) [-0.036, 0.014, -0.649, 0.760]
- Rotation: in RPY (radian) [-0.073, -0.026, -1.412]
- Rotation: in RPY (degree) [-4.206, -1.501, -80.896]
- Matrix:
  0.158  0.985  0.068 12.210
 -0.987  0.156  0.037 17.783
  0.026 -0.073  0.997  0.013
  0.000  0.000  0.000  1.000
At time 1779612908.843822479
- Translation: [12.178, 17.748, 0.014]
- Rotation: in Quaternion (xyzw) [-0.045, 0.028, -0.565, 0.823]
- Rotation: in RPY (radian) [-0.107, -0.004, -1.202]
- Rotation: in RPY (degree) [-6.140, -0.254, -68.880]
- Matrix:
  0.360  0.928  0.098 12.178
 -0.933  0.358  0.043 17.748
  0.004 -0.107  0.994  0.014
  0.000  0.000  0.000  1.000
At time 1779612909.843518495
- Translation: [12.287, 17.665, -0.006]
- Rotation: in Quaternion (xyzw) [-0.049, 0.031, -0.477, 0.877]
- Rotation: in RPY (radian) [-0.116, 0.007, -0.998]
- Rotation: in RPY (degree) [-6.642, 0.413, -57.160]
- Matrix:
  0.542  0.834  0.101 12.287
 -0.840  0.539  0.057 17.665
 -0.007 -0.116  0.993 -0.006
  0.000  0.000  0.000  1.000
At time 1779612910.843546628
- Translation: [12.305, 17.568, -0.008]
- Rotation: in Quaternion (xyzw) [-0.049, 0.036, -0.380, 0.923]
- Rotation: in RPY (radian) [-0.118, 0.029, -0.784]
- Rotation: in RPY (degree) [-6.753, 1.666, -44.898]
- Matrix:
  0.708  0.699  0.103 12.305
 -0.706  0.706  0.063 17.568
 -0.029 -0.118  0.993 -0.008
  0.000  0.000  0.000  1.000
At time 1779612911.843579530
- Translation: [12.366, 17.541, -0.011]
- Rotation: in Quaternion (xyzw) [-0.050, 0.038, -0.273, 0.960]
- Rotation: in RPY (radian) [-0.118, 0.045, -0.556]
- Rotation: in RPY (degree) [-6.735, 2.605, -31.880]
- Matrix:
  0.848  0.520  0.100 12.366
 -0.528  0.846  0.076 17.541
 -0.045 -0.117  0.992 -0.011
  0.000  0.000  0.000  1.000
At time 1779612912.843562126
- Translation: [12.432, 17.493, -0.019]
- Rotation: in Quaternion (xyzw) [-0.049, 0.040, -0.161, 0.985]
- Rotation: in RPY (radian) [-0.111, 0.062, -0.328]
- Rotation: in RPY (degree) [-6.340, 3.551, -18.771]
- Matrix:
  0.945  0.313  0.094 12.432
 -0.321  0.943  0.085 17.493
 -0.062 -0.110  0.992 -0.019
  0.000  0.000  0.000  1.000
At time 1779612913.844791412
- Translation: [12.474, 17.440, -0.015]
- Rotation: in Quaternion (xyzw) [-0.047, 0.042, -0.055, 0.996]
- Rotation: in RPY (radian) [-0.098, 0.079, -0.115]
- Rotation: in RPY (degree) [-5.628, 4.553, -6.579]
- Matrix:
  0.990  0.106  0.090 12.474
 -0.114  0.990  0.088 17.440
 -0.079 -0.098  0.992 -0.015
  0.000  0.000  0.000  1.000
At time 1779612914.843651533
- Translation: [12.569, 17.408, -0.015]
- Rotation: in Quaternion (xyzw) [-0.042, 0.044, 0.050, 0.997]
- Rotation: in RPY (radian) [-0.079, 0.092, 0.097]
- Rotation: in RPY (degree) [-4.528, 5.275, 5.548]
- Matrix:
  0.991 -0.104  0.084 12.569
  0.096  0.992  0.087 17.408
 -0.092 -0.079  0.993 -0.015
  0.000  0.000  0.000  1.000
At time 1779612915.843692541
- Translation: [12.712, 17.395, -0.008]
- Rotation: in Quaternion (xyzw) [-0.039, 0.044, 0.126, 0.990]
- Rotation: in RPY (radian) [-0.067, 0.097, 0.251]
- Rotation: in RPY (degree) [-3.853, 5.554, 14.356]
- Matrix:
  0.964 -0.254  0.077 12.712
  0.247  0.965  0.089 17.395
 -0.097 -0.067  0.993 -0.008
  0.000  0.000  0.000  1.000
At time 1779612916.843721628
- Translation: [12.899, 17.531, -0.008]
- Rotation: in Quaternion (xyzw) [-0.044, 0.048, 0.163, 0.985]
- Rotation: in RPY (radian) [-0.072, 0.108, 0.323]
- Rotation: in RPY (degree) [-4.104, 6.215, 18.534]
- Matrix:
  0.943 -0.324  0.080 12.899
  0.316  0.943  0.102 17.531
 -0.108 -0.071  0.992 -0.008
  0.000  0.000  0.000  1.000
At time 1779612917.843702554
- Translation: [13.271, 17.689, -0.022]
- Rotation: in Quaternion (xyzw) [-0.053, 0.042, 0.221, 0.973]
- Rotation: in RPY (radian) [-0.085, 0.106, 0.443]
- Rotation: in RPY (degree) [-4.846, 6.062, 25.390]
- Matrix:
  0.898 -0.435  0.059 13.271
  0.426  0.896  0.121 17.689
 -0.106 -0.084  0.991 -0.022
  0.000  0.000  0.000  1.000
At time 1779612918.843743324
- Translation: [13.691, 17.869, -0.012]
- Rotation: in Quaternion (xyzw) [-0.051, 0.043, 0.280, 0.958]
- Rotation: in RPY (radian) [-0.074, 0.112, 0.564]
- Rotation: in RPY (degree) [-4.247, 6.420, 32.317]
- Matrix:
  0.840 -0.540  0.055 13.691
  0.531  0.838  0.122 17.869
 -0.112 -0.074  0.991 -0.012
  0.000  0.000  0.000  1.000
At time 1779612919.843780755
- Translation: [14.327, 18.323, -0.007]
- Rotation: in Quaternion (xyzw) [-0.051, 0.048, 0.176, 0.982]
- Rotation: in RPY (radian) [-0.084, 0.112, 0.350]
- Rotation: in RPY (degree) [-4.817, 6.421, 20.058]
- Matrix:
  0.933 -0.351  0.076 14.327
  0.341  0.933  0.117 18.323
 -0.112 -0.083  0.990 -0.007
  0.000  0.000  0.000  1.000
At time 1779612920.843788623
- Translation: [15.164, 18.546, 0.011]
- Rotation: in Quaternion (xyzw) [-0.043, 0.049, 0.091, 0.994]
- Rotation: in RPY (radian) [-0.078, 0.105, 0.178]
- Rotation: in RPY (degree) [-4.476, 6.005, 10.198]
- Matrix:
  0.979 -0.185  0.089 15.164
  0.176  0.980  0.095 18.546
 -0.105 -0.078  0.991  0.011
  0.000  0.000  0.000  1.000
At time 1779612921.843799352
- Translation: [15.648, 19.075, 0.007]
- Rotation: in Quaternion (xyzw) [-0.051, 0.041, -0.043, 0.997]
- Rotation: in RPY (radian) [-0.106, 0.077, -0.091]
- Rotation: in RPY (degree) [-6.084, 4.384, -5.187]
- Matrix:
  0.993  0.082  0.085 15.648
 -0.090  0.991  0.099 19.075
 -0.076 -0.106  0.991  0.007
  0.000  0.000  0.000  1.000
At time 1779612922.843815326
- Translation: [15.700, 19.005, -0.010]
- Rotation: in Quaternion (xyzw) [-0.038, 0.037, -0.051, 0.997]
- Rotation: in RPY (radian) [-0.080, 0.071, -0.105]
- Rotation: in RPY (degree) [-4.586, 4.048, -6.016]
- Matrix:
  0.992  0.099  0.078 15.700
 -0.105  0.992  0.072 19.005
 -0.071 -0.080  0.994 -0.010
  0.000  0.000  0.000  1.000
At time 1779612923.843856334
- Translation: [15.531, 18.723, 0.001]
- Rotation: in Quaternion (xyzw) [-0.034, 0.035, -0.030, 0.998]
- Rotation: in RPY (radian) [-0.069, 0.068, -0.063]
- Rotation: in RPY (degree) [-3.978, 3.904, -3.588]
- Matrix:
  0.996  0.058  0.072 15.531
 -0.062  0.996  0.065 18.723
 -0.068 -0.069  0.995  0.001
  0.000  0.000  0.000  1.000
At time 1779612924.839015389
- Translation: [15.534, 18.765, 0.001]
- Rotation: in Quaternion (xyzw) [-0.034, 0.034, -0.033, 0.998]
- Rotation: in RPY (radian) [-0.069, 0.067, -0.069]
- Rotation: in RPY (degree) [-3.977, 3.820, -3.937]
- Matrix:
  0.995  0.064  0.071 15.534
 -0.069  0.996  0.065 18.765
 -0.067 -0.069  0.995  0.001
  0.000  0.000  0.000  1.000
At time 1779612925.844041585
- Translation: [15.568, 18.752, -0.000]
- Rotation: in Quaternion (xyzw) [-0.033, 0.032, -0.030, 0.998]
- Rotation: in RPY (radian) [-0.068, 0.063, -0.062]
- Rotation: in RPY (degree) [-3.905, 3.594, -3.536]
- Matrix:
  0.996  0.057  0.067 15.568
 -0.062  0.996  0.064 18.752
 -0.063 -0.068  0.996 -0.000
  0.000  0.000  0.000  1.000
At time 1779612926.776731863
- Translation: [15.732, 18.841, -0.000]
- Rotation: in Quaternion (xyzw) [-0.033, 0.033, -0.036, 0.998]
- Rotation: in RPY (radian) [-0.069, 0.063, -0.075]
- Rotation: in RPY (degree) [-3.941, 3.620, -4.281]
- Matrix:
  0.995  0.070  0.068 15.732
 -0.075  0.995  0.064 18.841
 -0.063 -0.069  0.996 -0.000
  0.000  0.000  0.000  1.000
At time 1779612927.846671342
- Translation: [15.731, 18.848, 0.002]
- Rotation: in Quaternion (xyzw) [-0.033, 0.033, -0.037, 0.998]
- Rotation: in RPY (radian) [-0.069, 0.063, -0.076]
- Rotation: in RPY (degree) [-3.933, 3.607, -4.360]
- Matrix:
  0.995  0.072  0.068 15.731
 -0.076  0.995  0.064 18.848
 -0.063 -0.068  0.996  0.002
  0.000  0.000  0.000  1.000
At time 1779612928.844421625
- Translation: [15.731, 18.837, -0.001]
- Rotation: in Quaternion (xyzw) [-0.033, 0.032, -0.036, 0.998]
- Rotation: in RPY (radian) [-0.067, 0.061, -0.075]
- Rotation: in RPY (degree) [-3.862, 3.511, -4.280]
- Matrix:
  0.995  0.070  0.066 15.731
 -0.074  0.995  0.063 18.837
 -0.061 -0.067  0.996 -0.001
  0.000  0.000  0.000  1.000
At time 1779612929.235861642
- Translation: [15.728, 18.827, -0.002]
- Rotation: in Quaternion (xyzw) [-0.033, 0.032, -0.036, 0.998]
- Rotation: in RPY (radian) [-0.068, 0.061, -0.075]
- Rotation: in RPY (degree) [-3.883, 3.513, -4.305]
- Matrix:
  0.995  0.071  0.066 15.728
 -0.075  0.995  0.063 18.827
 -0.061 -0.068  0.996 -0.002
  0.000  0.000  0.000  1.000
At time 1779612929.235861642
- Translation: [15.728, 18.827, -0.002]
- Rotation: in Quaternion (xyzw) [-0.033, 0.032, -0.036, 0.998]
- Rotation: in RPY (radian) [-0.068, 0.061, -0.075]
- Rotation: in RPY (degree) [-3.883, 3.513, -4.305]
- Matrix:
  0.995  0.071  0.066 15.728
 -0.075  0.995  0.063 18.827
 -0.061 -0.068  0.996 -0.002
  0.000  0.000  0.000  1.000
At time 1779612929.235861642
- Translation: [15.728, 18.827, -0.002]
- Rotation: in Quaternion (xyzw) [-0.033, 0.032, -0.036, 0.998]
- Rotation: in RPY (radian) [-0.068, 0.061, -0.075]
- Rotation: in RPY (degree) [-3.883, 3.513, -4.305]
- Matrix:
  0.995  0.071  0.066 15.728
 -0.075  0.995  0.063 18.827
 -0.061 -0.068  0.996 -0.002
  0.000  0.000  0.000  1.000
At time 1779612929.235861642
- Translation: [15.728, 18.827, -0.002]
- Rotation: in Quaternion (xyzw) [-0.033, 0.032, -0.036, 0.998]
- Rotation: in RPY (radian) [-0.068, 0.061, -0.075]
- Rotation: in RPY (degree) [-3.883, 3.513, -4.305]
- Matrix:
  0.995  0.071  0.066 15.728
 -0.075  0.995  0.063 18.827
 -0.061 -0.068  0.996 -0.002
  0.000  0.000  0.000  1.000
At time 1779612929.235861642
- Translation: [15.728, 18.827, -0.002]
- Rotation: in Quaternion (xyzw) [-0.033, 0.032, -0.036, 0.998]
- Rotation: in RPY (radian) [-0.068, 0.061, -0.075]
- Rotation: in RPY (degree) [-3.883, 3.513, -4.305]
- Matrix:
  0.995  0.071  0.066 15.728
 -0.075  0.995  0.063 18.827
 -0.061 -0.068  0.996 -0.002
  0.000  0.000  0.000  1.000
At time 1779612934.844315528
- Translation: [15.724, 18.847, -0.001]
- Rotation: in Quaternion (xyzw) [-0.033, 0.033, -0.038, 0.998]
- Rotation: in RPY (radian) [-0.069, 0.064, -0.079]
- Rotation: in RPY (degree) [-3.953, 3.645, -4.533]
- Matrix:
  0.995  0.074  0.069 15.724
 -0.079  0.995  0.064 18.847
 -0.064 -0.069  0.996 -0.001
  0.000  0.000  0.000  1.000
At time 1779612935.744415163
- Translation: [15.731, 18.871, -0.000]
- Rotation: in Quaternion (xyzw) [-0.033, 0.033, -0.038, 0.998]
- Rotation: in RPY (radian) [-0.068, 0.064, -0.078]
- Rotation: in RPY (degree) [-3.879, 3.665, -4.451]
- Matrix:
  0.995  0.073  0.069 15.731
 -0.077  0.995  0.062 18.871
 -0.064 -0.068  0.996 -0.000
  0.000  0.000  0.000  1.000
At time 1779612936.787995031
- Translation: [15.731, 18.864, 0.000]
- Rotation: in Quaternion (xyzw) [-0.033, 0.034, -0.038, 0.998]
- Rotation: in RPY (radian) [-0.068, 0.064, -0.079]
- Rotation: in RPY (degree) [-3.921, 3.691, -4.531]
- Matrix:
  0.995  0.074  0.069 15.731
 -0.079  0.995  0.063 18.864
 -0.064 -0.068  0.996  0.000
  0.000  0.000  0.000  1.000
At time 1779612937.533193639
- Translation: [15.724, 18.848, 0.001]
- Rotation: in Quaternion (xyzw) [-0.033, 0.034, -0.038, 0.998]
- Rotation: in RPY (radian) [-0.069, 0.065, -0.079]
- Rotation: in RPY (degree) [-3.931, 3.750, -4.503]
- Matrix:
  0.995  0.074  0.070 15.724
 -0.078  0.995  0.063 18.848
 -0.065 -0.068  0.996  0.001
  0.000  0.000  0.000  1.000
At time 1779612938.812514256
- Translation: [15.514, 18.793, 0.001]
- Rotation: in Quaternion (xyzw) [-0.033, 0.034, -0.034, 0.998]
- Rotation: in RPY (radian) [-0.069, 0.066, -0.070]
- Rotation: in RPY (degree) [-3.937, 3.777, -4.034]
- Matrix:
  0.995  0.066  0.070 15.514
 -0.070  0.995  0.064 18.793
 -0.066 -0.069  0.995  0.001
  0.000  0.000  0.000  1.000
At time 1779612939.804686028
- Translation: [15.528, 18.785, 0.001]
- Rotation: in Quaternion (xyzw) [-0.033, 0.034, -0.034, 0.998]
- Rotation: in RPY (radian) [-0.069, 0.065, -0.069]
- Rotation: in RPY (degree) [-3.962, 3.748, -3.982]
- Matrix:
  0.995  0.065  0.070 15.528
 -0.069  0.996  0.064 18.785
 -0.065 -0.069  0.995  0.001
  0.000  0.000  0.000  1.000
At time 1779612940.769477592
- Translation: [15.521, 18.746, -0.002]
- Rotation: in Quaternion (xyzw) [-0.034, 0.034, -0.031, 0.998]
- Rotation: in RPY (radian) [-0.069, 0.066, -0.064]
- Rotation: in RPY (degree) [-3.982, 3.761, -3.680]
- Matrix:
  0.996  0.059  0.070 15.521
 -0.064  0.996  0.065 18.746
 -0.066 -0.069  0.995 -0.002
  0.000  0.000  0.000  1.000
At time 1779612941.747999429
- Translation: [15.587, 18.792, 0.000]
- Rotation: in Quaternion (xyzw) [-0.033, 0.034, -0.031, 0.998]
- Rotation: in RPY (radian) [-0.069, 0.066, -0.065]
- Rotation: in RPY (degree) [-3.957, 3.793, -3.738]
- Matrix:
  0.996  0.060  0.070 15.587
 -0.065  0.996  0.065 18.792
 -0.066 -0.069  0.995  0.000
  0.000  0.000  0.000  1.000
At time 1779612942.844207525
- Translation: [15.567, 18.776, -0.001]
- Rotation: in Quaternion (xyzw) [-0.034, 0.034, -0.031, 0.998]
- Rotation: in RPY (radian) [-0.070, 0.066, -0.065]
- Rotation: in RPY (degree) [-3.999, 3.805, -3.722]
- Matrix:
  0.996  0.060  0.071 15.567
 -0.065  0.996  0.065 18.776
 -0.066 -0.070  0.995 -0.001
  0.000  0.000  0.000  1.000
At time 1779612943.844255447
- Translation: [15.570, 18.773, 0.003]
- Rotation: in Quaternion (xyzw) [-0.034, 0.035, -0.031, 0.998]
- Rotation: in RPY (radian) [-0.069, 0.067, -0.064]
- Rotation: in RPY (degree) [-3.981, 3.856, -3.680]
- Matrix:
  0.996  0.059  0.071 15.570
 -0.064  0.996  0.065 18.773
 -0.067 -0.069  0.995  0.003
  0.000  0.000  0.000  1.000
At time 1779612944.844275712
- Translation: [15.606, 18.747, -0.001]
- Rotation: in Quaternion (xyzw) [-0.034, 0.035, -0.030, 0.998]
- Rotation: in RPY (radian) [-0.070, 0.067, -0.062]
- Rotation: in RPY (degree) [-3.993, 3.854, -3.541]
- Matrix:
  0.996  0.057  0.071 15.606
 -0.062  0.996  0.065 18.747
 -0.067 -0.069  0.995 -0.001
  0.000  0.000  0.000  1.000
At time 1779612945.844371557
- Translation: [15.895, 18.879, 0.000]
- Rotation: in Quaternion (xyzw) [-0.034, 0.035, -0.027, 0.998]
- Rotation: in RPY (radian) [-0.069, 0.067, -0.056]
- Rotation: in RPY (degree) [-3.981, 3.853, -3.196]
- Matrix:
  0.996  0.051  0.071 15.895
 -0.056  0.996  0.066 18.879
 -0.067 -0.069  0.995  0.000
  0.000  0.000  0.000  1.000
At time 1779612946.844815731
- Translation: [15.952, 18.925, 0.000]
- Rotation: in Quaternion (xyzw) [-0.034, 0.035, -0.027, 0.998]
- Rotation: in RPY (radian) [-0.069, 0.068, -0.056]
- Rotation: in RPY (degree) [-3.975, 3.872, -3.187]
- Matrix:
  0.996  0.051  0.071 15.952
 -0.055  0.996  0.065 18.925
 -0.068 -0.069  0.995  0.000
  0.000  0.000  0.000  1.000
At time 1779612947.844330310
- Translation: [15.949, 18.930, -0.001]
- Rotation: in Quaternion (xyzw) [-0.034, 0.035, -0.028, 0.998]
- Rotation: in RPY (radian) [-0.069, 0.067, -0.058]
- Rotation: in RPY (degree) [-3.961, 3.857, -3.312]
- Matrix:
  0.996  0.053  0.071 15.949
 -0.058  0.996  0.065 18.930
 -0.067 -0.069  0.995 -0.001
  0.000  0.000  0.000  1.000
At time 1779612948.844316720
- Translation: [15.952, 18.926, 0.001]
- Rotation: in Quaternion (xyzw) [-0.034, 0.035, -0.027, 0.998]
- Rotation: in RPY (radian) [-0.070, 0.067, -0.056]
- Rotation: in RPY (degree) [-4.016, 3.847, -3.206]
- Matrix:
  0.996  0.051  0.071 15.952
 -0.056  0.996  0.066 18.926
 -0.067 -0.070  0.995  0.001
  0.000  0.000  0.000  1.000
At time 1779612949.844348430
- Translation: [15.978, 18.789, -0.001]
- Rotation: in Quaternion (xyzw) [-0.034, 0.034, -0.027, 0.998]
- Rotation: in RPY (radian) [-0.069, 0.066, -0.057]
- Rotation: in RPY (degree) [-3.977, 3.797, -3.245]
- Matrix:
  0.996  0.052  0.070 15.978
 -0.056  0.996  0.066 18.789
 -0.066 -0.069  0.995 -0.001
  0.000  0.000  0.000  1.000
At time 1779612950.844413518
- Translation: [15.977, 18.802, -0.003]
- Rotation: in Quaternion (xyzw) [-0.034, 0.035, -0.026, 0.998]
- Rotation: in RPY (radian) [-0.070, 0.068, -0.055]
- Rotation: in RPY (degree) [-4.000, 3.873, -3.130]
- Matrix:
  0.996  0.050  0.071 15.977
 -0.054  0.996  0.066 18.802
 -0.068 -0.070  0.995 -0.003
  0.000  0.000  0.000  1.000
At time 1779612951.844815254
- Translation: [15.954, 18.907, 0.000]
- Rotation: in Quaternion (xyzw) [-0.035, 0.034, -0.008, 0.999]
- Rotation: in RPY (radian) [-0.070, 0.067, -0.018]
- Rotation: in RPY (degree) [-4.016, 3.826, -1.048]
- Matrix:
  0.998  0.014  0.068 15.954
 -0.018  0.997  0.069 18.907
 -0.067 -0.070  0.995  0.000
  0.000  0.000  0.000  1.000
At time 1779612952.768316338
- Translation: [15.957, 18.914, -0.003]
- Rotation: in Quaternion (xyzw) [-0.035, 0.034, -0.009, 0.999]
- Rotation: in RPY (radian) [-0.070, 0.067, -0.020]
- Rotation: in RPY (degree) [-4.019, 3.819, -1.161]
- Matrix:
  0.998  0.016  0.068 15.957
 -0.020  0.997  0.069 18.914
 -0.067 -0.070  0.995 -0.003
  0.000  0.000  0.000  1.000
At time 1779612953.732610092
- Translation: [15.956, 18.914, -0.001]
- Rotation: in Quaternion (xyzw) [-0.035, 0.034, -0.009, 0.999]
- Rotation: in RPY (radian) [-0.070, 0.067, -0.020]
- Rotation: in RPY (degree) [-4.004, 3.821, -1.126]
- Matrix:
  0.998  0.015  0.068 15.956
 -0.020  0.997  0.068 18.914
 -0.067 -0.070  0.995 -0.001
  0.000  0.000  0.000  1.000
At time 1779612954.259803538
- Translation: [15.957, 18.914, 0.000]
- Rotation: in Quaternion (xyzw) [-0.035, 0.034, -0.009, 0.999]
- Rotation: in RPY (radian) [-0.070, 0.067, -0.019]
- Rotation: in RPY (degree) [-4.029, 3.823, -1.111]
- Matrix:
  0.998  0.015  0.068 15.957
 -0.019  0.997  0.069 18.914
 -0.067 -0.070  0.995  0.000
  0.000  0.000  0.000  1.000
At time 1779612954.259803538
- Translation: [15.957, 18.914, 0.000]
- Rotation: in Quaternion (xyzw) [-0.035, 0.034, -0.009, 0.999]
- Rotation: in RPY (radian) [-0.070, 0.067, -0.019]
- Rotation: in RPY (degree) [-4.029, 3.823, -1.111]
- Matrix:
  0.998  0.015  0.068 15.957
 -0.019  0.997  0.069 18.914
 -0.067 -0.070  0.995  0.000
  0.000  0.000  0.000  1.000
At time 1779612956.844465732
- Translation: [16.158, 18.650, -0.000]
- Rotation: in Quaternion (xyzw) [-0.035, 0.033, 0.008, 0.999]
- Rotation: in RPY (radian) [-0.070, 0.067, 0.013]
- Rotation: in RPY (degree) [-4.007, 3.814, 0.746]
- Matrix:
  0.998 -0.018  0.065 16.158
  0.013  0.997  0.071 18.650
 -0.067 -0.070  0.995 -0.000
  0.000  0.000  0.000  1.000
At time 1779612957.733525681
- Translation: [16.230, 18.689, -0.000]
- Rotation: in Quaternion (xyzw) [-0.035, 0.033, 0.006, 0.999]
- Rotation: in RPY (radian) [-0.070, 0.067, 0.010]
- Rotation: in RPY (degree) [-4.031, 3.814, 0.545]
- Matrix:
  0.998 -0.014  0.066 16.230
  0.009  0.997  0.071 18.689
 -0.067 -0.070  0.995 -0.000
  0.000  0.000  0.000  1.000
At time 1779612958.790226798
- Translation: [16.228, 18.696, 0.001]
- Rotation: in Quaternion (xyzw) [-0.035, 0.033, 0.005, 0.999]
- Rotation: in RPY (radian) [-0.070, 0.067, 0.008]
- Rotation: in RPY (degree) [-4.033, 3.816, 0.462]
- Matrix:
  0.998 -0.013  0.066 16.228
  0.008  0.997  0.071 18.696
 -0.067 -0.070  0.995  0.001
  0.000  0.000  0.000  1.000
At time 1779612959.844551324
- Translation: [16.338, 18.565, 0.001]
- Rotation: in Quaternion (xyzw) [-0.035, 0.033, 0.013, 0.999]
- Rotation: in RPY (radian) [-0.070, 0.067, 0.024]
- Rotation: in RPY (degree) [-4.007, 3.820, 1.375]
- Matrix:
  0.997 -0.029  0.065 16.338
  0.024  0.997  0.071 18.565
 -0.067 -0.070  0.995  0.001
  0.000  0.000  0.000  1.000
At time 1779612960.844635725
- Translation: [16.339, 18.574, 0.000]
- Rotation: in Quaternion (xyzw) [-0.035, 0.033, 0.012, 0.999]
- Rotation: in RPY (radian) [-0.070, 0.067, 0.022]
- Rotation: in RPY (degree) [-4.015, 3.817, 1.254]
- Matrix:
  0.998 -0.026  0.065 16.339
  0.022  0.997  0.071 18.574
 -0.067 -0.070  0.995  0.000
  0.000  0.000  0.000  1.000
At time 1779612961.734435821
- Translation: [16.335, 18.570, 0.001]
- Rotation: in Quaternion (xyzw) [-0.036, 0.033, 0.013, 0.999]
- Rotation: in RPY (radian) [-0.070, 0.067, 0.023]
- Rotation: in RPY (degree) [-4.027, 3.810, 1.339]
- Matrix:
  0.998 -0.028  0.065 16.335
  0.023  0.997  0.072 18.570
 -0.066 -0.070  0.995  0.001
  0.000  0.000  0.000  1.000
At time 1779612962.69585652
- Translation: [16.342, 18.570, 0.002]
- Rotation: in Quaternion (xyzw) [-0.035, 0.033, 0.012, 0.999]
- Rotation: in RPY (radian) [-0.070, 0.066, 0.022]
- Rotation: in RPY (degree) [-4.002, 3.805, 1.283]
- Matrix:
  0.998 -0.027  0.065 16.342
  0.022  0.997  0.071 18.570
 -0.066 -0.070  0.995  0.002
  0.000  0.000  0.000  1.000
At time 1779612962.69585652
- Translation: [16.342, 18.570, 0.002]
- Rotation: in Quaternion (xyzw) [-0.035, 0.033, 0.012, 0.999]
- Rotation: in RPY (radian) [-0.070, 0.066, 0.022]
- Rotation: in RPY (degree) [-4.002, 3.805, 1.283]
- Matrix:
  0.998 -0.027  0.065 16.342
  0.022  0.997  0.071 18.570
 -0.066 -0.070  0.995  0.002
  0.000  0.000  0.000  1.000
At time 1779612962.69585652
- Translation: [16.342, 18.570, 0.002]
- Rotation: in Quaternion (xyzw) [-0.035, 0.033, 0.012, 0.999]
- Rotation: in RPY (radian) [-0.070, 0.066, 0.022]
- Rotation: in RPY (degree) [-4.002, 3.805, 1.283]
- Matrix:
  0.998 -0.027  0.065 16.342
  0.022  0.997  0.071 18.570
 -0.066 -0.070  0.995  0.002
  0.000  0.000  0.000  1.000
At time 1779612965.737936328
- Translation: [16.264, 18.579, 0.002]
- Rotation: in Quaternion (xyzw) [-0.036, 0.033, 0.032, 0.998]
- Rotation: in RPY (radian) [-0.070, 0.067, 0.062]
- Rotation: in RPY (degree) [-4.012, 3.863, 3.538]
- Matrix:
  0.996 -0.066  0.063 16.264
  0.062  0.995  0.074 18.579
 -0.067 -0.070  0.995  0.002
  0.000  0.000  0.000  1.000
At time 1779612966.844707489
- Translation: [16.066, 18.616, 0.002]
- Rotation: in Quaternion (xyzw) [-0.036, 0.032, 0.046, 0.998]
- Rotation: in RPY (radian) [-0.070, 0.067, 0.090]
- Rotation: in RPY (degree) [-3.996, 3.847, 5.171]
- Matrix:
  0.994 -0.095  0.060 16.066
  0.090  0.993  0.075 18.616
 -0.067 -0.070  0.995  0.002
  0.000  0.000  0.000  1.000
At time 1779612967.851884365
- Translation: [16.069, 18.617, -0.001]
- Rotation: in Quaternion (xyzw) [-0.037, 0.032, 0.045, 0.998]
- Rotation: in RPY (radian) [-0.071, 0.067, 0.088]
- Rotation: in RPY (degree) [-4.043, 3.820, 5.067]
- Matrix:
  0.994 -0.093  0.060 16.069
  0.088  0.993  0.076 18.617
 -0.067 -0.070  0.995 -0.001
  0.000  0.000  0.000  1.000
At time 1779612968.844795703
- Translation: [16.069, 18.627, 0.001]
- Rotation: in Quaternion (xyzw) [-0.036, 0.032, 0.048, 0.998]
- Rotation: in RPY (radian) [-0.070, 0.067, 0.093]
- Rotation: in RPY (degree) [-3.987, 3.847, 5.331]
- Matrix:
  0.993 -0.097  0.060 16.069
  0.093  0.993  0.075 18.627
 -0.067 -0.069  0.995  0.001
  0.000  0.000  0.000  1.000
At time 1779612969.845105648
- Translation: [15.990, 18.284, 0.001]
- Rotation: in Quaternion (xyzw) [-0.037, 0.031, 0.065, 0.997]
- Rotation: in RPY (radian) [-0.070, 0.066, 0.128]
- Rotation: in RPY (degree) [-4.021, 3.809, 7.348]
- Matrix:
  0.990 -0.132  0.057 15.990
  0.128  0.989  0.078 18.284
 -0.066 -0.070  0.995  0.001
  0.000  0.000  0.000  1.000
At time 1779612970.844750404
- Translation: [15.953, 18.113, 0.001]
- Rotation: in Quaternion (xyzw) [-0.037, 0.031, 0.071, 0.996]
- Rotation: in RPY (radian) [-0.070, 0.067, 0.140]
- Rotation: in RPY (degree) [-4.032, 3.833, 8.016]
- Matrix:
  0.988 -0.144  0.056 15.953
  0.139  0.987  0.079 18.113
 -0.067 -0.070  0.995  0.001
  0.000  0.000  0.000  1.000
At time 1779612971.845796346
- Translation: [15.955, 18.111, -0.002]
- Rotation: in Quaternion (xyzw) [-0.038, 0.031, 0.072, 0.996]
- Rotation: in RPY (radian) [-0.071, 0.067, 0.141]
- Rotation: in RPY (degree) [-4.053, 3.834, 8.084]
- Matrix:
  0.988 -0.145  0.056 15.955
  0.140  0.987  0.079 18.111
 -0.067 -0.071  0.995 -0.002
  0.000  0.000  0.000  1.000
At time 1779612972.845369577
- Translation: [15.953, 18.106, -0.000]
- Rotation: in Quaternion (xyzw) [-0.037, 0.031, 0.070, 0.996]
- Rotation: in RPY (radian) [-0.071, 0.067, 0.139]
- Rotation: in RPY (degree) [-4.046, 3.822, 7.938]
- Matrix:
  0.988 -0.142  0.056 15.953
  0.138  0.987  0.079 18.106
 -0.067 -0.070  0.995 -0.000
  0.000  0.000  0.000  1.000
At time 1779612973.844817638
- Translation: [15.988, 18.104, -0.001]
- Rotation: in Quaternion (xyzw) [-0.038, 0.030, 0.084, 0.995]
- Rotation: in RPY (radian) [-0.070, 0.066, 0.167]
- Rotation: in RPY (degree) [-4.039, 3.803, 9.550]
- Matrix:
  0.984 -0.170  0.054 15.988
  0.166  0.983  0.080 18.104
 -0.066 -0.070  0.995 -0.001
  0.000  0.000  0.000  1.000
At time 1779612974.813929148
- Translation: [15.929, 18.087, 0.001]
- Rotation: in Quaternion (xyzw) [-0.038, 0.031, 0.081, 0.996]
- Rotation: in RPY (radian) [-0.071, 0.067, 0.159]
- Rotation: in RPY (degree) [-4.052, 3.837, 9.129]
- Matrix:
  0.985 -0.163  0.055 15.929
  0.158  0.984  0.080 18.087
 -0.067 -0.070  0.995  0.001
  0.000  0.000  0.000  1.000
At time 1779612975.845221281
- Translation: [15.878, 18.052, -0.003]
- Rotation: in Quaternion (xyzw) [-0.038, 0.030, 0.079, 0.996]
- Rotation: in RPY (radian) [-0.071, 0.066, 0.157]
- Rotation: in RPY (degree) [-4.050, 3.804, 8.992]
- Matrix:
  0.986 -0.161  0.054 15.878
  0.156  0.985  0.080 18.052
 -0.066 -0.070  0.995 -0.003
  0.000  0.000  0.000  1.000
At time 1779612976.844865560
- Translation: [15.925, 18.085, -0.001]
- Rotation: in Quaternion (xyzw) [-0.038, 0.030, 0.079, 0.996]
- Rotation: in RPY (radian) [-0.071, 0.066, 0.156]
- Rotation: in RPY (degree) [-4.049, 3.806, 8.918]
- Matrix:
  0.986 -0.159  0.054 15.925
  0.155  0.985  0.080 18.085
 -0.066 -0.070  0.995 -0.001
  0.000  0.000  0.000  1.000
At time 1779612977.844873428
- Translation: [16.030, 18.069, 0.001]
- Rotation: in Quaternion (xyzw) [-0.038, 0.030, 0.093, 0.995]
- Rotation: in RPY (radian) [-0.071, 0.066, 0.184]
- Rotation: in RPY (degree) [-4.045, 3.810, 10.531]
- Matrix:
  0.981 -0.187  0.052 16.030
  0.182  0.980  0.081 18.069
 -0.066 -0.070  0.995  0.001
  0.000  0.000  0.000  1.000
At time 1779612978.803592023
- Translation: [16.072, 18.106, 0.000]
- Rotation: in Quaternion (xyzw) [-0.038, 0.030, 0.096, 0.994]
- Rotation: in RPY (radian) [-0.070, 0.067, 0.191]
- Rotation: in RPY (degree) [-4.033, 3.832, 10.934]
- Matrix:
  0.980 -0.194  0.052 16.072
  0.189  0.979  0.082 18.106
 -0.067 -0.070  0.995  0.000
  0.000  0.000  0.000  1.000
At time 1779612979.845049381
- Translation: [15.981, 18.101, -0.001]
- Rotation: in Quaternion (xyzw) [-0.038, 0.030, 0.086, 0.995]
- Rotation: in RPY (radian) [-0.071, 0.067, 0.171]
- Rotation: in RPY (degree) [-4.048, 3.816, 9.780]
- Matrix:
  0.983 -0.174  0.053 15.981
  0.169  0.982  0.081 18.101
 -0.067 -0.070  0.995 -0.001
  0.000  0.000  0.000  1.000
At time 1779612980.817510978
- Translation: [15.962, 18.085, -0.002]
- Rotation: in Quaternion (xyzw) [-0.038, 0.030, 0.083, 0.995]
- Rotation: in RPY (radian) [-0.070, 0.067, 0.163]
- Rotation: in RPY (degree) [-4.006, 3.816, 9.354]
- Matrix:
  0.985 -0.167  0.054 15.962
  0.162  0.984  0.080 18.085
 -0.067 -0.070  0.995 -0.002
  0.000  0.000  0.000  1.000
At time 1779612981.808147894
- Translation: [15.949, 18.137, -0.001]
- Rotation: in Quaternion (xyzw) [-0.037, 0.037, 0.095, 0.994]
- Rotation: in RPY (radian) [-0.067, 0.080, 0.187]
- Rotation: in RPY (degree) [-3.813, 4.588, 10.730]
- Matrix:
  0.979 -0.191  0.066 15.949
  0.186  0.979  0.080 18.137
 -0.080 -0.066  0.995 -0.001
  0.000  0.000  0.000  1.000
At time 1779612982.846372365
- Translation: [16.088, 18.126, -0.000]
- Rotation: in Quaternion (xyzw) [-0.037, 0.040, 0.099, 0.994]
- Rotation: in RPY (radian) [-0.066, 0.087, 0.196]
- Rotation: in RPY (degree) [-3.770, 4.986, 11.216]
- Matrix:
  0.977 -0.200  0.072 16.088
  0.194  0.978  0.081 18.126
 -0.087 -0.066  0.994 -0.000
  0.000  0.000  0.000  1.000
At time 1779612983.846040248
- Translation: [15.992, 18.139, -0.001]
- Rotation: in Quaternion (xyzw) [-0.037, 0.041, 0.113, 0.992]
- Rotation: in RPY (radian) [-0.064, 0.090, 0.223]
- Rotation: in RPY (degree) [-3.678, 5.143, 12.774]
- Matrix:
  0.971 -0.226  0.073 15.992
  0.220  0.972  0.082 18.139
 -0.090 -0.064  0.994 -0.001
  0.000  0.000  0.000  1.000
At time 1779612984.845032691
- Translation: [15.922, 18.104, -0.003]
- Rotation: in Quaternion (xyzw) [-0.038, 0.041, 0.112, 0.992]
- Rotation: in RPY (radian) [-0.067, 0.090, 0.223]
- Rotation: in RPY (degree) [-3.819, 5.152, 12.765]
- Matrix:
  0.971 -0.226  0.073 15.922
  0.220  0.972  0.085 18.104
 -0.090 -0.066  0.994 -0.003
  0.000  0.000  0.000  1.000
At time 1779612985.845034122
- Translation: [15.817, 17.997, -0.011]
- Rotation: in Quaternion (xyzw) [-0.037, 0.033, 0.121, 0.991]
- Rotation: in RPY (radian) [-0.065, 0.075, 0.240]
- Rotation: in RPY (degree) [-3.710, 4.297, 13.742]
- Matrix:
  0.969 -0.242  0.057 15.817
  0.237  0.968  0.081 17.997
 -0.075 -0.065  0.995 -0.011
  0.000  0.000  0.000  1.000
At time 1779612986.845168590
- Translation: [15.559, 17.963, 0.011]
- Rotation: in Quaternion (xyzw) [-0.029, 0.034, 0.185, 0.982]
- Rotation: in RPY (radian) [-0.045, 0.077, 0.371]
- Rotation: in RPY (degree) [-2.573, 4.394, 21.274]
- Matrix:
  0.929 -0.366  0.055 15.559
  0.362  0.930  0.070 17.963
 -0.077 -0.045  0.996  0.011
  0.000  0.000  0.000  1.000
At time 1779612987.846746444
- Translation: [15.294, 18.010, 0.010]
- Rotation: in Quaternion (xyzw) [-0.051, 0.027, 0.248, 0.967]
- Rotation: in RPY (radian) [-0.085, 0.077, 0.498]
- Rotation: in RPY (degree) [-4.869, 4.437, 28.543]
- Matrix:
  0.876 -0.482  0.027 15.294
  0.476  0.872  0.111 18.010
 -0.077 -0.085  0.993  0.010
  0.000  0.000  0.000  1.000
At time 1779612988.845229387
- Translation: [15.205, 18.317, 0.004]
- Rotation: in Quaternion (xyzw) [-0.030, 0.030, 0.246, 0.968]
- Rotation: in RPY (radian) [-0.044, 0.074, 0.495]
- Rotation: in RPY (degree) [-2.506, 4.228, 28.380]
- Matrix:
  0.877 -0.478  0.044 15.205
  0.474  0.877  0.073 18.317
 -0.074 -0.044  0.996  0.004
  0.000  0.000  0.000  1.000
At time 1779612989.845113754
- Translation: [15.234, 18.075, -0.000]
- Rotation: in Quaternion (xyzw) [-0.039, 0.031, 0.301, 0.952]
- Rotation: in RPY (radian) [-0.056, 0.082, 0.611]
- Rotation: in RPY (degree) [-3.235, 4.697, 34.993]
- Matrix:
  0.816 -0.576  0.035 15.234
  0.572  0.815  0.093 18.075
 -0.082 -0.056  0.995 -0.000
  0.000  0.000  0.000  1.000
At time 1779612990.845532655
- Translation: [14.814, 18.031, -0.005]
- Rotation: in Quaternion (xyzw) [-0.039, 0.034, 0.299, 0.953]
- Rotation: in RPY (radian) [-0.053, 0.088, 0.606]
- Rotation: in RPY (degree) [-3.049, 5.063, 34.721]
- Matrix:
  0.819 -0.573  0.042 14.814
  0.567  0.818  0.094 18.031
 -0.088 -0.053  0.995 -0.005
  0.000  0.000  0.000  1.000
At time 1779612991.845172405
- Translation: [14.562, 17.997, -0.001]
- Rotation: in Quaternion (xyzw) [-0.039, 0.030, 0.302, 0.952]
- Rotation: in RPY (radian) [-0.056, 0.080, 0.612]
- Rotation: in RPY (degree) [-3.187, 4.575, 35.086]
- Matrix:
  0.816 -0.578  0.033 14.562
  0.573  0.814  0.091 17.997
 -0.080 -0.055  0.995 -0.001
  0.000  0.000  0.000  1.000
At time 1779612992.845180273
- Translation: [14.716, 17.849, 0.001]
- Rotation: in Quaternion (xyzw) [-0.039, 0.030, 0.323, 0.945]
- Rotation: in RPY (radian) [-0.055, 0.082, 0.657]
- Rotation: in RPY (degree) [-3.151, 4.677, 37.655]
- Matrix:
  0.789 -0.614  0.031 14.716
  0.609  0.788  0.093 17.849
 -0.082 -0.055  0.995  0.001
  0.000  0.000  0.000  1.000
At time 1779612993.845505714
- Translation: [14.917, 17.658, 0.003]
- Rotation: in Quaternion (xyzw) [-0.040, 0.030, 0.327, 0.944]
- Rotation: in RPY (radian) [-0.057, 0.083, 0.665]
- Rotation: in RPY (degree) [-3.241, 4.728, 38.107]
- Matrix:
  0.784 -0.620  0.030 14.917
  0.615  0.783  0.095 17.658
 -0.082 -0.056  0.995  0.003
  0.000  0.000  0.000  1.000
At time 1779612994.845244646
- Translation: [15.102, 17.299, 0.002]
- Rotation: in Quaternion (xyzw) [-0.041, 0.027, 0.343, 0.938]
- Rotation: in RPY (radian) [-0.057, 0.079, 0.699]
- Rotation: in RPY (degree) [-3.289, 4.540, 40.073]
- Matrix:
  0.763 -0.646  0.024 15.102
  0.642  0.761  0.095 17.299
 -0.079 -0.057  0.995  0.002
  0.000  0.000  0.000  1.000
At time 1779612995.845559358
- Translation: [15.471, 16.883, -0.001]
- Rotation: in Quaternion (xyzw) [-0.041, 0.026, 0.367, 0.929]
- Rotation: in RPY (radian) [-0.058, 0.079, 0.750]
- Rotation: in RPY (degree) [-3.308, 4.526, 42.985]
- Matrix:
  0.729 -0.684  0.018 15.471
  0.680  0.727  0.096 16.883
 -0.079 -0.058  0.995 -0.001
  0.000  0.000  0.000  1.000
At time 1779612996.845450401
- Translation: [15.387, 16.877, -0.002]
- Rotation: in Quaternion (xyzw) [-0.041, 0.027, 0.357, 0.933]
- Rotation: in RPY (radian) [-0.058, 0.079, 0.728]
- Rotation: in RPY (degree) [-3.344, 4.526, 41.706]
- Matrix:
  0.744 -0.668  0.020 15.387
  0.663  0.742  0.096 16.877
 -0.079 -0.058  0.995 -0.002
  0.000  0.000  0.000  1.000
At time 1779612997.845275640
- Translation: [15.374, 16.977, 0.002]
- Rotation: in Quaternion (xyzw) [-0.041, 0.028, 0.359, 0.932]
- Rotation: in RPY (radian) [-0.056, 0.081, 0.733]
- Rotation: in RPY (degree) [-3.222, 4.618, 41.986]
- Matrix:
  0.741 -0.671  0.022 15.374
  0.667  0.739  0.096 16.977
 -0.081 -0.056  0.995  0.002
  0.000  0.000  0.000  1.000
At time 1779612998.845271587
- Translation: [15.256, 17.195, 0.001]
- Rotation: in Quaternion (xyzw) [-0.040, 0.028, 0.348, 0.936]
- Rotation: in RPY (radian) [-0.055, 0.080, 0.710]
- Rotation: in RPY (degree) [-3.149, 4.584, 40.688]
- Matrix:
  0.756 -0.654  0.025 15.256
  0.650  0.754  0.094 17.195
 -0.080 -0.055  0.995  0.001
  0.000  0.000  0.000  1.000
At time 1779612999.845323324
- Translation: [15.043, 18.385, -0.004]
- Rotation: in Quaternion (xyzw) [-0.032, 0.042, 0.130, 0.990]
- Rotation: in RPY (radian) [-0.053, 0.092, 0.259]
- Rotation: in RPY (degree) [-3.047, 5.258, 14.835]
- Matrix:
  0.963 -0.260  0.075 15.043
  0.255  0.964  0.075 18.385
 -0.092 -0.053  0.994 -0.004
  0.000  0.000  0.000  1.000
At time 1779613000.845457315
- Translation: [15.027, 18.378, -0.002]
- Rotation: in Quaternion (xyzw) [-0.033, 0.038, 0.087, 0.995]
- Rotation: in RPY (radian) [-0.059, 0.081, 0.173]
- Rotation: in RPY (degree) [-3.362, 4.615, 9.903]
- Matrix:
  0.982 -0.176  0.069 15.027
  0.171  0.983  0.072 18.378
 -0.080 -0.058  0.995 -0.002
  0.000  0.000  0.000  1.000
At time 1779613001.845899581
- Translation: [15.017, 18.294, 0.001]
- Rotation: in Quaternion (xyzw) [-0.033, 0.036, 0.091, 0.995]
- Rotation: in RPY (radian) [-0.059, 0.078, 0.181]
- Rotation: in RPY (degree) [-3.370, 4.491, 10.376]
- Matrix:
  0.981 -0.184  0.066 15.017
  0.180  0.981  0.072 18.294
 -0.078 -0.059  0.995  0.001
  0.000  0.000  0.000  1.000
At time 1779613002.845351457
- Translation: [14.986, 18.274, -0.001]
- Rotation: in Quaternion (xyzw) [-0.033, 0.036, 0.093, 0.994]
- Rotation: in RPY (radian) [-0.059, 0.078, 0.184]
- Rotation: in RPY (degree) [-3.363, 4.473, 10.562]
- Matrix:
  0.980 -0.187  0.066 14.986
  0.183  0.981  0.072 18.274
 -0.078 -0.058  0.995 -0.001
  0.000  0.000  0.000  1.000
At time 1779613003.845387458
- Translation: [14.999, 18.256, 0.002]
- Rotation: in Quaternion (xyzw) [-0.032, 0.036, 0.094, 0.994]
- Rotation: in RPY (radian) [-0.058, 0.078, 0.186]
- Rotation: in RPY (degree) [-3.325, 4.476, 10.668]
- Matrix:
  0.980 -0.189  0.066 14.999
  0.185  0.980  0.071 18.256
 -0.078 -0.058  0.995  0.002
  0.000  0.000  0.000  1.000
At time 1779613004.846261262
- Translation: [15.005, 18.263, 0.000]
- Rotation: in Quaternion (xyzw) [-0.033, 0.036, 0.094, 0.994]
- Rotation: in RPY (radian) [-0.058, 0.078, 0.187]
- Rotation: in RPY (degree) [-3.349, 4.493, 10.710]
- Matrix:
  0.980 -0.190  0.066 15.005
  0.185  0.980  0.072 18.263
 -0.078 -0.058  0.995  0.000
  0.000  0.000  0.000  1.000
At time 1779613005.845405578
- Translation: [14.995, 18.255, 0.001]
- Rotation: in Quaternion (xyzw) [-0.033, 0.036, 0.095, 0.994]
- Rotation: in RPY (radian) [-0.058, 0.079, 0.188]
- Rotation: in RPY (degree) [-3.339, 4.499, 10.767]
- Matrix:
  0.979 -0.191  0.066 14.995
  0.186  0.980  0.072 18.255
 -0.078 -0.058  0.995  0.001
  0.000  0.000  0.000  1.000
At time 1779613006.845437526
- Translation: [14.976, 18.265, -0.001]
- Rotation: in Quaternion (xyzw) [-0.033, 0.036, 0.093, 0.994]
- Rotation: in RPY (radian) [-0.059, 0.078, 0.184]
- Rotation: in RPY (degree) [-3.364, 4.487, 10.549]
- Matrix:
  0.980 -0.187  0.066 14.976
  0.183  0.981  0.072 18.265
 -0.078 -0.059  0.995 -0.001
  0.000  0.000  0.000  1.000
At time 1779613007.845837354
- Translation: [14.990, 18.272, 0.001]
- Rotation: in Quaternion (xyzw) [-0.033, 0.036, 0.094, 0.994]
- Rotation: in RPY (radian) [-0.058, 0.078, 0.186]
- Rotation: in RPY (degree) [-3.336, 4.492, 10.641]
- Matrix:
  0.980 -0.189  0.066 14.990
  0.184  0.980  0.072 18.272
 -0.078 -0.058  0.995  0.001
  0.000  0.000  0.000  1.000
At time 1779613008.845494270
- Translation: [14.981, 18.256, -0.000]
- Rotation: in Quaternion (xyzw) [-0.033, 0.036, 0.094, 0.994]
- Rotation: in RPY (radian) [-0.059, 0.078, 0.187]
- Rotation: in RPY (degree) [-3.356, 4.495, 10.702]
- Matrix:
  0.980 -0.190  0.066 14.981
  0.185  0.980  0.072 18.256
 -0.078 -0.058  0.995 -0.000
  0.000  0.000  0.000  1.000
At time 1779613009.845500707
- Translation: [15.004, 18.269, -0.001]
- Rotation: in Quaternion (xyzw) [-0.033, 0.036, 0.094, 0.994]
- Rotation: in RPY (radian) [-0.058, 0.079, 0.185]
- Rotation: in RPY (degree) [-3.347, 4.506, 10.621]
- Matrix:
  0.980 -0.189  0.066 15.004
  0.184  0.980  0.072 18.269
 -0.079 -0.058  0.995 -0.001
  0.000  0.000  0.000  1.000
At time 1779613010.845934629
- Translation: [14.980, 18.266, -0.002]
- Rotation: in Quaternion (xyzw) [-0.033, 0.036, 0.094, 0.994]
- Rotation: in RPY (radian) [-0.058, 0.078, 0.187]
- Rotation: in RPY (degree) [-3.343, 4.493, 10.690]
- Matrix:
  0.980 -0.190  0.066 14.980
  0.185  0.980  0.072 18.266
 -0.078 -0.058  0.995 -0.002
  0.000  0.000  0.000  1.000
At time 1779613011.845553398
- Translation: [15.010, 18.284, -0.002]
- Rotation: in Quaternion (xyzw) [-0.032, 0.037, 0.093, 0.994]
- Rotation: in RPY (radian) [-0.058, 0.079, 0.184]
- Rotation: in RPY (degree) [-3.323, 4.515, 10.559]
- Matrix:
  0.980 -0.187  0.067 15.010
  0.183  0.981  0.071 18.284
 -0.079 -0.058  0.995 -0.002
  0.000  0.000  0.000  1.000
At time 1779613012.845562219
- Translation: [15.007, 18.267, 0.003]
- Rotation: in Quaternion (xyzw) [-0.033, 0.037, 0.093, 0.994]
- Rotation: in RPY (radian) [-0.058, 0.079, 0.185]
- Rotation: in RPY (degree) [-3.323, 4.533, 10.611]
- Matrix:
  0.980 -0.188  0.067 15.007
  0.184  0.980  0.072 18.267
 -0.079 -0.058  0.995  0.003
  0.000  0.000  0.000  1.000
At time 1779613013.845906734
- Translation: [14.976, 18.263, -0.001]
- Rotation: in Quaternion (xyzw) [-0.033, 0.037, 0.094, 0.994]
- Rotation: in RPY (radian) [-0.058, 0.079, 0.186]
- Rotation: in RPY (degree) [-3.350, 4.518, 10.671]
- Matrix:
  0.980 -0.189  0.066 14.976
  0.185  0.980  0.072 18.263
 -0.079 -0.058  0.995 -0.001
  0.000  0.000  0.000  1.000
At time 1779613014.846147537
- Translation: [14.999, 18.261, -0.001]
- Rotation: in Quaternion (xyzw) [-0.032, 0.036, 0.094, 0.994]
- Rotation: in RPY (radian) [-0.058, 0.079, 0.186]
- Rotation: in RPY (degree) [-3.317, 4.513, 10.672]
- Matrix:
  0.980 -0.189  0.066 14.999
  0.185  0.980  0.071 18.261
 -0.079 -0.058  0.995 -0.001
  0.000  0.000  0.000  1.000
At time 1779613015.845639467
- Translation: [15.005, 18.294, 0.001]
- Rotation: in Quaternion (xyzw) [-0.032, 0.037, 0.092, 0.995]
- Rotation: in RPY (radian) [-0.058, 0.080, 0.182]
- Rotation: in RPY (degree) [-3.322, 4.568, 10.408]
- Matrix:
  0.980 -0.185  0.068 15.005
  0.180  0.981  0.071 18.294
 -0.080 -0.058  0.995  0.001
  0.000  0.000  0.000  1.000
At time 1779613016.845666408
- Translation: [14.986, 18.267, 0.002]
- Rotation: in Quaternion (xyzw) [-0.033, 0.037, 0.093, 0.994]
- Rotation: in RPY (radian) [-0.058, 0.080, 0.185]
- Rotation: in RPY (degree) [-3.333, 4.581, 10.606]
- Matrix:
  0.980 -0.188  0.068 14.986
  0.183  0.980  0.072 18.267
 -0.080 -0.058  0.995  0.002
  0.000  0.000  0.000  1.000
At time 1779613017.845643758
- Translation: [14.979, 18.244, -0.000]
- Rotation: in Quaternion (xyzw) [-0.033, 0.037, 0.096, 0.994]
- Rotation: in RPY (radian) [-0.058, 0.080, 0.190]
- Rotation: in RPY (degree) [-3.351, 4.559, 10.869]
- Matrix:
  0.979 -0.193  0.067 14.979
  0.188  0.980  0.072 18.244
 -0.079 -0.058  0.995 -0.000
  0.000  0.000  0.000  1.000
At time 1779613018.845689535
- Translation: [14.994, 18.262, 0.000]
- Rotation: in Quaternion (xyzw) [-0.033, 0.037, 0.095, 0.994]
- Rotation: in RPY (radian) [-0.058, 0.080, 0.187]
- Rotation: in RPY (degree) [-3.329, 4.585, 10.737]
- Matrix:
  0.979 -0.191  0.068 14.994
  0.186  0.980  0.072 18.262
 -0.080 -0.058  0.995  0.000
  0.000  0.000  0.000  1.000
At time 1779613019.845710515
- Translation: [15.001, 18.246, 0.001]
- Rotation: in Quaternion (xyzw) [-0.033, 0.037, 0.095, 0.994]
- Rotation: in RPY (radian) [-0.058, 0.080, 0.188]
- Rotation: in RPY (degree) [-3.347, 4.581, 10.784]
- Matrix:
  0.979 -0.191  0.067 15.001
  0.187  0.980  0.072 18.246
 -0.080 -0.058  0.995  0.001
  0.000  0.000  0.000  1.000
At time 1779613020.845707416
- Translation: [15.005, 18.270, 0.002]
- Rotation: in Quaternion (xyzw) [-0.033, 0.037, 0.094, 0.994]
- Rotation: in RPY (radian) [-0.058, 0.080, 0.186]
- Rotation: in RPY (degree) [-3.326, 4.591, 10.661]
- Matrix:
  0.980 -0.189  0.068 15.005
  0.184  0.980  0.072 18.270
 -0.080 -0.058  0.995  0.002
  0.000  0.000  0.000  1.000
At time 1779613021.845763683
- Translation: [14.997, 18.248, 0.002]
- Rotation: in Quaternion (xyzw) [-0.033, 0.037, 0.096, 0.994]
- Rotation: in RPY (radian) [-0.058, 0.079, 0.189]
- Rotation: in RPY (degree) [-3.317, 4.542, 10.845]
- Matrix:
  0.979 -0.192  0.067 14.997
  0.188  0.980  0.072 18.248
 -0.079 -0.058  0.995  0.002
  0.000  0.000  0.000  1.000
At time 1779613022.845777511
- Translation: [14.984, 18.263, 0.001]
- Rotation: in Quaternion (xyzw) [-0.033, 0.037, 0.094, 0.994]
- Rotation: in RPY (radian) [-0.058, 0.080, 0.186]
- Rotation: in RPY (degree) [-3.344, 4.555, 10.647]
- Matrix:
  0.980 -0.189  0.067 14.984
  0.184  0.980  0.072 18.263
 -0.079 -0.058  0.995  0.001
  0.000  0.000  0.000  1.000
At time 1779613023.845767498
- Translation: [14.991, 18.259, -0.000]
- Rotation: in Quaternion (xyzw) [-0.033, 0.037, 0.094, 0.994]
- Rotation: in RPY (radian) [-0.058, 0.080, 0.187]
- Rotation: in RPY (degree) [-3.351, 4.562, 10.696]
- Matrix:
  0.980 -0.190  0.067 14.991
  0.185  0.980  0.072 18.259
 -0.080 -0.058  0.995 -0.000
  0.000  0.000  0.000  1.000
At time 1779613024.845815181
- Translation: [14.968, 18.248, 0.004]
- Rotation: in Quaternion (xyzw) [-0.032, 0.037, 0.093, 0.994]
- Rotation: in RPY (radian) [-0.058, 0.080, 0.185]
- Rotation: in RPY (degree) [-3.311, 4.601, 10.605]
- Matrix:
  0.980 -0.188  0.068 14.968
  0.183  0.980  0.072 18.248
 -0.080 -0.058  0.995  0.004
  0.000  0.000  0.000  1.000
At time 1779613025.845723628
- Translation: [14.952, 18.302, -0.006]
- Rotation: in Quaternion (xyzw) [-0.053, 0.043, -0.171, 0.983]
- Rotation: in RPY (radian) [-0.120, 0.066, -0.349]
- Rotation: in RPY (degree) [-6.883, 3.800, -19.981]
- Matrix:
  0.938  0.332  0.103 14.952
 -0.341  0.936  0.090 18.302
 -0.066 -0.120  0.991 -0.006
  0.000  0.000  0.000  1.000
At time 1779613026.845761537
- Translation: [14.976, 18.421, -0.032]
- Rotation: in Quaternion (xyzw) [-0.049, 0.034, -0.480, 0.875]
- Rotation: in RPY (radian) [-0.119, 0.013, -1.003]
- Rotation: in RPY (degree) [-6.844, 0.751, -57.486]
- Matrix:
  0.537  0.836  0.107 14.976
 -0.843  0.535  0.053 18.421
 -0.013 -0.119  0.993 -0.032
  0.000  0.000  0.000  1.000
At time 1779613027.845827341
- Translation: [14.906, 18.393, -0.024]
- Rotation: in Quaternion (xyzw) [-0.044, 0.024, -0.682, 0.730]
- Rotation: in RPY (radian) [-0.097, -0.024, -1.501]
- Rotation: in RPY (degree) [-5.574, -1.374, -85.998]
- Matrix:
  0.070  0.993  0.095 14.906
 -0.997  0.067  0.031 18.393
  0.024 -0.097  0.995 -0.024
  0.000  0.000  0.000  1.000
At time 1779613028.847515344
- Translation: [15.094, 18.392, -0.011]
- Rotation: in Quaternion (xyzw) [-0.037, 0.007, -0.686, 0.727]
- Rotation: in RPY (radian) [-0.064, -0.039, -1.512]
- Rotation: in RPY (degree) [-3.646, -2.262, -86.606]
- Matrix:
  0.059  0.996  0.061 15.094
 -0.997  0.057  0.043 18.392
  0.039 -0.064  0.997 -0.011
  0.000  0.000  0.000  1.000
At time 1779613029.845945596
- Translation: [14.924, 18.293, 0.003]
- Rotation: in Quaternion (xyzw) [-0.041, 0.013, -0.696, 0.716]
- Rotation: in RPY (radian) [-0.078, -0.039, -1.541]
- Rotation: in RPY (degree) [-4.441, -2.248, -88.305]
- Matrix:
  0.030  0.997  0.076 14.924
 -0.999  0.026  0.041 18.293
  0.039 -0.077  0.996  0.003
  0.000  0.000  0.000  1.000
At time 1779613030.845867633
- Translation: [14.955, 18.221, -0.032]
- Rotation: in Quaternion (xyzw) [-0.028, 0.025, -0.574, 0.818]
- Rotation: in RPY (radian) [-0.074, 0.009, -1.223]
- Rotation: in RPY (degree) [-4.217, 0.521, -70.082]
- Matrix:
  0.341  0.937  0.072 14.955
 -0.940  0.340  0.017 18.221
 -0.009 -0.074  0.997 -0.032
  0.000  0.000  0.000  1.000
At time 1779613031.846212387
- Translation: [14.984, 18.095, -0.005]
- Rotation: in Quaternion (xyzw) [-0.036, 0.049, -0.384, 0.921]
- Rotation: in RPY (radian) [-0.105, 0.062, -0.793]
- Rotation: in RPY (degree) [-6.008, 3.544, -45.461]
- Matrix:
  0.700  0.704  0.118 14.984
 -0.711  0.702  0.030 18.095
 -0.062 -0.104  0.993 -0.005
  0.000  0.000  0.000  1.000
At time 1779613032.846297264
- Translation: [15.158, 18.229, 0.016]
- Rotation: in Quaternion (xyzw) [-0.019, 0.037, -0.168, 0.985]
- Rotation: in RPY (radian) [-0.049, 0.067, -0.340]
- Rotation: in RPY (degree) [-2.833, 3.824, -19.490]
- Matrix:
  0.941  0.330  0.079 15.158
 -0.333  0.943  0.024 18.229
 -0.067 -0.049  0.997  0.016
  0.000  0.000  0.000  1.000
At time 1779613033.846047639
- Translation: [15.366, 17.896, 0.012]
- Rotation: in Quaternion (xyzw) [-0.022, 0.045, 0.058, 0.997]
- Rotation: in RPY (radian) [-0.038, 0.092, 0.115]
- Rotation: in RPY (degree) [-2.203, 5.297, 6.575]
- Matrix:
  0.989 -0.118  0.087 15.366
  0.114  0.992  0.049 17.896
 -0.092 -0.038  0.995  0.012
  0.000  0.000  0.000  1.000
At time 1779613034.846783638
- Translation: [15.690, 17.905, 0.011]
- Rotation: in Quaternion (xyzw) [-0.021, 0.046, 0.073, 0.996]
- Rotation: in RPY (radian) [-0.034, 0.095, 0.145]
- Rotation: in RPY (degree) [-1.965, 5.471, 8.315]
- Matrix:
  0.985 -0.148  0.089 15.690
  0.144  0.988  0.048 17.905
 -0.095 -0.034  0.995  0.011
  0.000  0.000  0.000  1.000
At time 1779613035.847345590
- Translation: [15.929, 18.000, -0.002]
- Rotation: in Quaternion (xyzw) [-0.019, 0.049, 0.033, 0.998]
- Rotation: in RPY (radian) [-0.034, 0.100, 0.064]
- Rotation: in RPY (degree) [-1.948, 5.707, 3.679]
- Matrix:
  0.993 -0.068  0.097 15.929
  0.064  0.997  0.040 18.000
 -0.099 -0.034  0.994 -0.002
  0.000  0.000  0.000  1.000
At time 1779613036.846089839
- Translation: [16.209, 17.969, -0.005]
- Rotation: in Quaternion (xyzw) [-0.029, 0.050, -0.008, 0.998]
- Rotation: in RPY (radian) [-0.059, 0.099, -0.019]
- Rotation: in RPY (degree) [-3.393, 5.666, -1.099]
- Matrix:
  0.995  0.013  0.100 16.209
 -0.019  0.998  0.057 17.969
 -0.099 -0.059  0.993 -0.005
  0.000  0.000  0.000  1.000
At time 1779613037.846088647
- Translation: [16.688, 17.976, -0.005]
- Rotation: in Quaternion (xyzw) [-0.045, 0.051, -0.022, 0.997]
- Rotation: in RPY (radian) [-0.093, 0.100, -0.048]
- Rotation: in RPY (degree) [-5.347, 5.720, -2.749]
- Matrix:
  0.994  0.038  0.104 16.688
 -0.048  0.995  0.088 17.976
 -0.100 -0.093  0.991 -0.005
  0.000  0.000  0.000  1.000
At time 1779613038.845975399
- Translation: [17.063, 18.031, -0.030]
- Rotation: in Quaternion (xyzw) [-0.051, 0.047, 0.026, 0.997]
- Rotation: in RPY (radian) [-0.100, 0.097, 0.047]
- Rotation: in RPY (degree) [-5.716, 5.584, 2.713]
- Matrix:
  0.994 -0.057  0.092 17.063
  0.047  0.993  0.104 18.031
 -0.097 -0.099  0.990 -0.030
  0.000  0.000  0.000  1.000
At time 1779613039.846065521
- Translation: [17.439, 17.987, -0.008]
- Rotation: in Quaternion (xyzw) [-0.059, 0.044, 0.046, 0.996]
- Rotation: in RPY (radian) [-0.115, 0.094, 0.087]
- Rotation: in RPY (degree) [-6.567, 5.375, 4.994]
- Matrix:
  0.992 -0.097  0.083 17.439
  0.087  0.989  0.122 17.987
 -0.094 -0.114  0.989 -0.008
  0.000  0.000  0.000  1.000
At time 1779613040.846203565
- Translation: [17.694, 18.074, 0.005]
- Rotation: in Quaternion (xyzw) [-0.044, 0.052, 0.038, 0.997]
- Rotation: in RPY (radian) [-0.085, 0.108, 0.071]
- Rotation: in RPY (degree) [-4.890, 6.171, 4.077]
- Matrix:
  0.992 -0.080  0.101 17.694
  0.071  0.993  0.093 18.074
 -0.107 -0.085  0.991  0.005
  0.000  0.000  0.000  1.000
At time 1779613041.846261501
- Translation: [17.968, 18.100, 0.018]
- Rotation: in Quaternion (xyzw) [-0.022, 0.046, 0.002, 0.999]
- Rotation: in RPY (radian) [-0.044, 0.092, 0.002]
- Rotation: in RPY (degree) [-2.520, 5.295, 0.106]
- Matrix:
  0.996 -0.006  0.092 17.968
  0.002  0.999  0.044 18.100
 -0.092 -0.044  0.995  0.018
  0.000  0.000  0.000  1.000
At time 1779613042.846241474
- Translation: [18.406, 18.060, 0.000]
- Rotation: in Quaternion (xyzw) [-0.016, 0.039, -0.017, 0.999]
- Rotation: in RPY (radian) [-0.033, 0.077, -0.036]
- Rotation: in RPY (degree) [-1.903, 4.419, -2.043]
- Matrix:
  0.996  0.033  0.078 18.406
 -0.036  0.999  0.030 18.060
 -0.077 -0.033  0.996  0.000
  0.000  0.000  0.000  1.000
At time 1779613043.846231222
- Translation: [18.750, 17.993, -0.007]
- Rotation: in Quaternion (xyzw) [-0.031, 0.052, -0.019, 0.998]
- Rotation: in RPY (radian) [-0.063, 0.102, -0.042]
- Rotation: in RPY (degree) [-3.638, 5.854, -2.382]
- Matrix:
  0.994  0.035  0.104 18.750
 -0.041  0.997  0.059 17.993
 -0.102 -0.063  0.993 -0.007
  0.000  0.000  0.000  1.000
At time 1779613044.846326351
- Translation: [19.077, 18.025, -0.027]
- Rotation: in Quaternion (xyzw) [-0.041, 0.048, -0.022, 0.998]
- Rotation: in RPY (radian) [-0.085, 0.095, -0.048]
- Rotation: in RPY (degree) [-4.859, 5.433, -2.727]
- Matrix:
  0.994  0.039  0.098 19.077
 -0.047  0.996  0.080 18.025
 -0.095 -0.084  0.992 -0.027
  0.000  0.000  0.000  1.000
At time 1779613045.846372604
- Translation: [19.398, 18.082, -0.027]
- Rotation: in Quaternion (xyzw) [-0.050, 0.048, -0.047, 0.996]
- Rotation: in RPY (radian) [-0.105, 0.091, -0.099]
- Rotation: in RPY (degree) [-6.037, 5.235, -5.657]
- Matrix:
  0.991  0.088  0.101 19.398
 -0.098  0.991  0.096 18.082
 -0.091 -0.105  0.990 -0.027
  0.000  0.000  0.000  1.000
At time 1779613046.846232652
- Translation: [19.710, 18.080, -0.002]
- Rotation: in Quaternion (xyzw) [-0.057, 0.047, -0.038, 0.997]
- Rotation: in RPY (radian) [-0.118, 0.090, -0.081]
- Rotation: in RPY (degree) [-6.763, 5.176, -4.636]
- Matrix:
  0.993  0.070  0.099 19.710
 -0.081  0.991  0.110 18.080
 -0.090 -0.117  0.989 -0.002
  0.000  0.000  0.000  1.000
At time 1779613047.846383333
- Translation: [20.014, 18.125, 0.023]
- Rotation: in Quaternion (xyzw) [-0.045, 0.050, 0.022, 0.997]
- Rotation: in RPY (radian) [-0.088, 0.102, 0.040]
- Rotation: in RPY (degree) [-5.035, 5.827, 2.314]
- Matrix:
  0.994 -0.049  0.098 20.014
  0.040  0.995  0.092 18.125
 -0.102 -0.087  0.991  0.023
  0.000  0.000  0.000  1.000
At time 1779613048.846573352
- Translation: [20.329, 18.061, 0.017]
- Rotation: in Quaternion (xyzw) [-0.040, 0.044, 0.033, 0.998]
- Rotation: in RPY (radian) [-0.078, 0.090, 0.062]
- Rotation: in RPY (degree) [-4.466, 5.168, 3.536]
- Matrix:
  0.994 -0.068  0.085 20.329
  0.061  0.995  0.083 18.061
 -0.090 -0.078  0.993  0.017
  0.000  0.000  0.000  1.000
At time 1779613049.846391439
- Translation: [20.283, 18.084, 0.016]
- Rotation: in Quaternion (xyzw) [-0.043, 0.044, -0.106, 0.992]
- Rotation: in RPY (radian) [-0.095, 0.077, -0.216]
- Rotation: in RPY (degree) [-5.457, 4.433, -12.380]
- Matrix:
  0.974  0.206  0.096 20.283
 -0.214  0.974  0.076 18.084
 -0.077 -0.095  0.992  0.016
  0.000  0.000  0.000  1.000
At time 1779613050.846389532
- Translation: [20.376, 18.225, -0.000]
- Rotation: in Quaternion (xyzw) [-0.046, 0.040, -0.256, 0.965]
- Rotation: in RPY (radian) [-0.109, 0.054, -0.522]
- Rotation: in RPY (degree) [-6.267, 3.100, -29.915]
- Matrix:
  0.865  0.491  0.101 20.376
 -0.498  0.865  0.068 18.225
 -0.054 -0.109  0.993 -0.000
  0.000  0.000  0.000  1.000
At time 1779613051.846339702
- Translation: [20.453, 18.173, -0.003]
- Rotation: in Quaternion (xyzw) [-0.042, 0.038, -0.402, 0.914]
- Rotation: in RPY (radian) [-0.108, 0.036, -0.831]
- Rotation: in RPY (degree) [-6.184, 2.069, -47.620]
- Matrix:
  0.674  0.732  0.104 20.453
 -0.738  0.673  0.046 18.173
 -0.036 -0.108  0.994 -0.003
  0.000  0.000  0.000  1.000
At time 1779613052.846717357
- Translation: [20.198, 18.287, 0.001]
- Rotation: in Quaternion (xyzw) [-0.047, 0.030, -0.543, 0.838]
- Rotation: in RPY (radian) [-0.112, -0.000, -1.149]
- Rotation: in RPY (degree) [-6.407, -0.020, -65.832]
- Matrix:
  0.409  0.907  0.102 20.198
 -0.912  0.407  0.046 18.287
  0.000 -0.112  0.994  0.001
  0.000  0.000  0.000  1.000
At time 1779613053.846509456
- Translation: [20.280, 18.098, -0.035]
- Rotation: in Quaternion (xyzw) [-0.042, 0.026, -0.680, 0.731]
- Rotation: in RPY (radian) [-0.097, -0.020, -1.498]
- Rotation: in RPY (degree) [-5.545, -1.135, -85.811]
- Matrix:
  0.073  0.993  0.095 20.280
 -0.997  0.071  0.027 18.098
  0.020 -0.097  0.995 -0.035
  0.000  0.000  0.000  1.000
At time 1779613054.846401214
- Translation: [20.316, 17.952, -0.023]
- Rotation: in Quaternion (xyzw) [-0.036, 0.016, -0.778, 0.627]
- Rotation: in RPY (radian) [-0.070, -0.035, -1.783]
- Rotation: in RPY (degree) [-4.027, -1.997, -102.132]
- Matrix:
 -0.210  0.975  0.076 20.316
 -0.977 -0.212  0.019 17.952
  0.035 -0.070  0.997 -0.023
  0.000  0.000  0.000  1.000
At time 1779613055.846570730
- Translation: [20.280, 17.883, -0.011]
- Rotation: in Quaternion (xyzw) [-0.031, 0.004, -0.855, 0.518]
- Rotation: in RPY (radian) [-0.039, -0.048, -2.052]
- Rotation: in RPY (degree) [-2.241, -2.776, -117.565]
- Matrix:
 -0.462  0.885  0.057 20.280
 -0.885 -0.464  0.025 17.883
  0.048 -0.039  0.998 -0.011
  0.000  0.000  0.000  1.000
At time 1779613056.846601486
- Translation: [20.278, 17.756, 0.002]
- Rotation: in Quaternion (xyzw) [0.027, 0.013, 0.871, -0.490]
- Rotation: in RPY (radian) [-0.005, -0.060, -2.117]
- Rotation: in RPY (degree) [-0.263, -3.459, -121.308]
- Matrix:
 -0.519  0.854  0.035 20.278
 -0.853 -0.520  0.049 17.756
  0.060 -0.005  0.998  0.002
  0.000  0.000  0.000  1.000
At time 1779613057.846761465
- Translation: [20.233, 17.742, 0.004]
- Rotation: in Quaternion (xyzw) [0.035, 0.006, 0.867, -0.497]
- Rotation: in RPY (radian) [-0.025, -0.067, -2.099]
- Rotation: in RPY (degree) [-1.448, -3.815, -120.282]
- Matrix:
 -0.503  0.862  0.055 20.233
 -0.862 -0.506  0.045 17.742
  0.067 -0.025  0.997  0.004
  0.000  0.000  0.000  1.000
At time 1779613058.848382234
- Translation: [20.188, 17.703, -0.026]
- Rotation: in Quaternion (xyzw) [-0.036, 0.007, -0.779, 0.626]
- Rotation: in RPY (radian) [-0.056, -0.047, -1.785]
- Rotation: in RPY (degree) [-3.215, -2.706, -102.286]
- Matrix:
 -0.213  0.975  0.065 20.188
 -0.976 -0.215  0.034 17.703
  0.047 -0.056  0.997 -0.026
  0.000  0.000  0.000  1.000
At time 1779613059.846642255
- Translation: [20.204, 17.568, -0.000]
- Rotation: in Quaternion (xyzw) [-0.027, 0.024, -0.534, 0.845]
- Rotation: in RPY (radian) [-0.071, 0.011, -1.128]
- Rotation: in RPY (degree) [-4.084, 0.626, -64.603]
- Matrix:
  0.429  0.901  0.069 20.204
 -0.903  0.428  0.021 17.568
 -0.011 -0.071  0.997 -0.000
  0.000  0.000  0.000  1.000
At time 1779613060.846650362
- Translation: [20.314, 17.567, 0.008]
- Rotation: in Quaternion (xyzw) [-0.022, 0.035, -0.259, 0.965]
- Rotation: in RPY (radian) [-0.061, 0.055, -0.526]
- Rotation: in RPY (degree) [-3.494, 3.179, -30.129]
- Matrix:
  0.864  0.498  0.078 20.314
 -0.501  0.865  0.025 17.567
 -0.055 -0.061  0.997  0.008
  0.000  0.000  0.000  1.000
At time 1779613061.846683740
- Translation: [20.680, 17.416, 0.002]
- Rotation: in Quaternion (xyzw) [-0.020, 0.043, 0.011, 0.999]
- Rotation: in RPY (radian) [-0.038, 0.086, 0.021]
- Rotation: in RPY (degree) [-2.189, 4.926, 1.206]
- Matrix:
  0.996 -0.024  0.085 20.680
  0.021  0.999  0.040 17.416
 -0.086 -0.038  0.996  0.002
  0.000  0.000  0.000  1.000
At time 1779613062.846602439
- Translation: [20.675, 17.434, -0.019]
- Rotation: in Quaternion (xyzw) [-0.031, 0.041, -0.043, 0.998]
- Rotation: in RPY (radian) [-0.065, 0.079, -0.089]
- Rotation: in RPY (degree) [-3.707, 4.498, -5.075]
- Matrix:
  0.993  0.083  0.084 20.675
 -0.088  0.994  0.057 17.434
 -0.078 -0.064  0.995 -0.019
  0.000  0.000  0.000  1.000
At time 1779613063.846669197
- Translation: [20.818, 17.553, -0.012]
- Rotation: in Quaternion (xyzw) [-0.025, 0.049, -0.189, 0.980]
- Rotation: in RPY (radian) [-0.068, 0.086, -0.385]
- Rotation: in RPY (degree) [-3.906, 4.930, -22.042]
- Matrix:
  0.923  0.369  0.105 20.818
 -0.374  0.927  0.031 17.553
 -0.086 -0.068  0.994 -0.012
  0.000  0.000  0.000  1.000
At time 1779613064.846717357
- Translation: [21.156, 17.315, -0.004]
- Rotation: in Quaternion (xyzw) [-0.039, 0.040, -0.297, 0.953]
- Rotation: in RPY (radian) [-0.099, 0.054, -0.607]
- Rotation: in RPY (degree) [-5.689, 3.085, -34.780]
- Matrix:
  0.820  0.563  0.101 21.156
 -0.570  0.820  0.051 17.315
 -0.054 -0.099  0.994 -0.004
  0.000  0.000  0.000  1.000
At time 1779613065.846706390
- Translation: [21.466, 17.018, -0.013]
- Rotation: in Quaternion (xyzw) [-0.041, 0.043, -0.350, 0.935]
- Rotation: in RPY (radian) [-0.108, 0.051, -0.718]
- Rotation: in RPY (degree) [-6.165, 2.902, -41.159]
- Matrix:
  0.752  0.650  0.109 21.466
 -0.657  0.752  0.048 17.018
 -0.051 -0.107  0.993 -0.013
  0.000  0.000  0.000  1.000
At time 1779613066.846710681
- Translation: [21.775, 16.783, -0.021]
- Rotation: in Quaternion (xyzw) [-0.045, 0.045, -0.353, 0.933]
- Rotation: in RPY (radian) [-0.117, 0.052, -0.727]
- Rotation: in RPY (degree) [-6.690, 2.958, -41.663]
- Matrix:
  0.746  0.656  0.116 21.775
 -0.664  0.746  0.053 16.783
 -0.052 -0.116  0.992 -0.021
  0.000  0.000  0.000  1.000
At time 1779613067.846897602
- Translation: [22.077, 16.607, -0.035]
- Rotation: in Quaternion (xyzw) [-0.049, 0.039, -0.234, 0.970]
- Rotation: in RPY (radian) [-0.114, 0.053, -0.477]
- Rotation: in RPY (degree) [-6.531, 3.057, -27.323]
- Matrix:
  0.887  0.451  0.099 22.077
 -0.458  0.885  0.077 16.607
 -0.053 -0.114  0.992 -0.035
  0.000  0.000  0.000  1.000
At time 1779613068.846678495
- Translation: [22.304, 16.436, -0.024]
- Rotation: in Quaternion (xyzw) [-0.054, 0.048, -0.091, 0.993]
- Rotation: in RPY (radian) [-0.116, 0.085, -0.188]
- Rotation: in RPY (degree) [-6.629, 4.869, -10.794]
- Matrix:
  0.979  0.176  0.104 22.304
 -0.187  0.978  0.098 16.436
 -0.085 -0.115  0.990 -0.024
  0.000  0.000  0.000  1.000
At time 1779613069.846730232
- Translation: [22.548, 16.457, -0.015]
- Rotation: in Quaternion (xyzw) [-0.054, 0.042, -0.007, 0.998]
- Rotation: in RPY (radian) [-0.110, 0.084, -0.018]
- Rotation: in RPY (degree) [-6.284, 4.809, -1.059]
- Matrix:
  0.996  0.009  0.085 22.548
 -0.018  0.994  0.108 16.457
 -0.084 -0.109  0.990 -0.015
  0.000  0.000  0.000  1.000
At time 1779613070.847905635
- Translation: [22.773, 16.474, -0.004]
- Rotation: in Quaternion (xyzw) [-0.053, 0.042, 0.011, 0.998]
- Rotation: in RPY (radian) [-0.106, 0.086, 0.017]
- Rotation: in RPY (degree) [-6.052, 4.919, 0.999]
- Matrix:
  0.996 -0.026  0.083 22.773
  0.017  0.994  0.107 16.474
 -0.086 -0.105  0.991 -0.004
  0.000  0.000  0.000  1.000
At time 1779613071.847095489
- Translation: [23.033, 16.532, 0.013]
- Rotation: in Quaternion (xyzw) [-0.042, 0.040, 0.036, 0.998]
- Rotation: in RPY (radian) [-0.081, 0.083, 0.068]
- Rotation: in RPY (degree) [-4.667, 4.754, 3.886]
- Matrix:
  0.994 -0.074  0.077 23.033
  0.068  0.994  0.087 16.532
 -0.083 -0.081  0.993  0.013
  0.000  0.000  0.000  1.000
At time 1779613072.846988439
- Translation: [23.109, 16.539, 0.015]
- Rotation: in Quaternion (xyzw) [-0.033, 0.045, 0.294, 0.954]
- Rotation: in RPY (radian) [-0.038, 0.105, 0.597]
- Rotation: in RPY (degree) [-2.150, 6.025, 34.183]
- Matrix:
  0.823 -0.565  0.066 23.109
  0.559  0.824  0.090 16.539
 -0.105 -0.037  0.994  0.015
  0.000  0.000  0.000  1.000
At time 1779613073.847217321
- Translation: [23.229, 16.553, 0.009]
- Rotation: in Quaternion (xyzw) [-0.037, 0.036, 0.612, 0.789]
- Rotation: in RPY (radian) [-0.014, 0.101, 1.318]
- Rotation: in RPY (degree) [-0.828, 5.798, 75.538]
- Matrix:
  0.248 -0.969  0.011 23.229
  0.963  0.248  0.101 16.553
 -0.101 -0.014  0.995  0.009
  0.000  0.000  0.000  1.000
At time 1779613074.846791744
- Translation: [23.200, 16.719, -0.009]
- Rotation: in Quaternion (xyzw) [-0.020, 0.029, 0.852, 0.523]
- Rotation: in RPY (radian) [0.029, 0.064, 2.041]
- Rotation: in RPY (degree) [1.650, 3.662, 116.928]
- Matrix:
 -0.452 -0.892 -0.003 23.200
  0.890 -0.451  0.070 16.719
 -0.064  0.029  0.998 -0.009
  0.000  0.000  0.000  1.000
At time 1779613075.846842527
- Translation: [23.037, 16.908, -0.016]
- Rotation: in Quaternion (xyzw) [-0.002, 0.023, 0.983, 0.181]
- Rotation: in RPY (radian) [0.045, 0.012, 2.779]
- Rotation: in RPY (degree) [2.590, 0.664, 159.203]
- Matrix:
 -0.935 -0.355  0.005 23.037
  0.355 -0.934  0.046 16.908
 -0.012  0.045  0.999 -0.016
  0.000  0.000  0.000  1.000
At time 1779613076.846939563
- Translation: [22.984, 16.927, -0.019]
- Rotation: in Quaternion (xyzw) [0.014, 0.014, 0.998, -0.060]
- Rotation: in RPY (radian) [0.027, -0.031, -3.022]
- Rotation: in RPY (degree) [1.539, -1.749, -173.134]
- Matrix:
 -0.992  0.120  0.027 22.984
 -0.119 -0.992  0.030 16.927
  0.031  0.027  0.999 -0.019
  0.000  0.000  0.000  1.000
At time 1779613077.847351551
- Translation: [22.897, 16.853, -0.003]
- Rotation: in Quaternion (xyzw) [0.020, 0.022, 0.997, -0.075]
- Rotation: in RPY (radian) [0.042, -0.044, -2.992]
- Rotation: in RPY (degree) [2.389, -2.526, -171.409]
- Matrix:
 -0.988  0.151  0.037 22.897
 -0.149 -0.988  0.048 16.853
  0.044  0.042  0.998 -0.003
  0.000  0.000  0.000  1.000
At time 1779613078.847050428
- Translation: [22.900, 16.830, 0.020]
- Rotation: in Quaternion (xyzw) [0.014, 0.020, 0.995, -0.097]
- Rotation: in RPY (radian) [0.037, -0.031, -2.947]
- Rotation: in RPY (degree) [2.147, -1.769, -168.840]
- Matrix:
 -0.981  0.195  0.023 22.900
 -0.193 -0.980  0.043 16.830
  0.031  0.037  0.999  0.020
  0.000  0.000  0.000  1.000
At time 1779613079.847273588
- Translation: [22.868, 16.867, 0.001]
- Rotation: in Quaternion (xyzw) [0.019, 0.026, 0.967, -0.252]
- Rotation: in RPY (radian) [0.040, -0.050, -2.633]
- Rotation: in RPY (degree) [2.289, -2.873, -150.887]
- Matrix:
 -0.873  0.488  0.024 22.868
 -0.486 -0.872  0.059 16.867
  0.050  0.040  0.998  0.001
  0.000  0.000  0.000  1.000
At time 1779613080.848721504
- Translation: [22.752, 16.804, 0.001]
- Rotation: in Quaternion (xyzw) [0.017, 0.012, 0.908, -0.417]
- Rotation: in RPY (radian) [0.007, -0.041, -2.280]
- Rotation: in RPY (degree) [0.397, -2.328, -130.650]
- Matrix:
 -0.651  0.759  0.021 22.752
 -0.758 -0.651  0.035 16.804
  0.041  0.007  0.999  0.001
  0.000  0.000  0.000  1.000
At time 1779613081.847552537
- Translation: [22.626, 16.705, 0.003]
- Rotation: in Quaternion (xyzw) [-0.034, 0.014, -0.818, 0.574]
- Rotation: in RPY (radian) [-0.062, -0.039, -1.916]
- Rotation: in RPY (degree) [-3.555, -2.261, -109.775]
- Matrix:
 -0.338  0.938  0.072 22.626
 -0.940 -0.340  0.016 16.705
  0.039 -0.062  0.997  0.003
  0.000  0.000  0.000  1.000
At time 1779613082.847059488
- Translation: [22.589, 16.601, 0.003]
- Rotation: in Quaternion (xyzw) [-0.041, 0.020, -0.715, 0.697]
- Rotation: in RPY (radian) [-0.087, -0.030, -1.595]
- Rotation: in RPY (degree) [-4.958, -1.735, -91.378]
- Matrix:
 -0.024  0.996  0.087 22.589
 -0.999 -0.027  0.028 16.601
  0.030 -0.086  0.996  0.003
  0.000  0.000  0.000  1.000
At time 1779613083.847125291
- Translation: [22.565, 16.539, -0.016]
- Rotation: in Quaternion (xyzw) [-0.050, 0.029, -0.675, 0.735]
- Rotation: in RPY (radian) [-0.113, -0.025, -1.485]
- Rotation: in RPY (degree) [-6.461, -1.409, -85.073]
- Matrix:
  0.086  0.990  0.110 22.565
 -0.996  0.083  0.034 16.539
  0.025 -0.112  0.993 -0.016
  0.000  0.000  0.000  1.000
At time 1779613084.847113370
- Translation: [22.582, 16.272, 0.008]
- Rotation: in Quaternion (xyzw) [-0.053, 0.031, -0.702, 0.710]
- Rotation: in RPY (radian) [-0.119, -0.032, -1.557]
- Rotation: in RPY (degree) [-6.831, -1.813, -89.224]
- Matrix:
  0.014  0.993  0.119 22.582
 -0.999  0.010  0.033 16.272
  0.032 -0.119  0.992  0.008
  0.000  0.000  0.000  1.000
At time 1779613085.848031759
- Translation: [22.613, 15.941, 0.016]
- Rotation: in Quaternion (xyzw) [-0.037, 0.022, -0.710, 0.703]
- Rotation: in RPY (radian) [-0.083, -0.023, -1.581]
- Rotation: in RPY (degree) [-4.765, -1.295, -90.582]
- Matrix:
 -0.010  0.996  0.083 22.613
 -1.000 -0.012  0.022 15.941
  0.023 -0.083  0.996  0.016
  0.000  0.000  0.000  1.000
At time 1779613086.849013566
- Translation: [22.638, 15.547, -0.001]
- Rotation: in Quaternion (xyzw) [-0.031, 0.002, -0.710, 0.703]
- Rotation: in RPY (radian) [-0.046, -0.041, -1.580]
- Rotation: in RPY (degree) [-2.617, -2.358, -90.550]
- Matrix:
 -0.010  0.999  0.046 22.638
 -0.999 -0.011  0.041 15.547
  0.041 -0.046  0.998 -0.001
  0.000  0.000  0.000  1.000
At time 1779613087.847232341
- Translation: [22.603, 15.153, -0.004]
- Rotation: in Quaternion (xyzw) [-0.032, -0.003, -0.715, 0.699]
- Rotation: in RPY (radian) [-0.041, -0.049, -1.592]
- Rotation: in RPY (degree) [-2.351, -2.811, -91.209]
- Matrix:
 -0.021  0.999  0.042 22.603
 -0.999 -0.023  0.048 15.153
  0.049 -0.041  0.998 -0.004
  0.000  0.000  0.000  1.000
At time 1779613088.847262382
- Translation: [22.614, 14.820, -0.006]
- Rotation: in Quaternion (xyzw) [-0.028, 0.003, -0.686, 0.727]
- Rotation: in RPY (radian) [-0.045, -0.035, -1.511]
- Rotation: in RPY (degree) [-2.580, -2.010, -86.585]
- Matrix:
  0.060  0.997  0.043 22.614
 -0.998  0.058  0.038 14.820
  0.035 -0.045  0.998 -0.006
  0.000  0.000  0.000  1.000
At time 1779613089.847234725
- Translation: [22.658, 14.599, -0.012]
- Rotation: in Quaternion (xyzw) [-0.030, -0.000, -0.698, 0.715]
- Rotation: in RPY (radian) [-0.043, -0.042, -1.547]
- Rotation: in RPY (degree) [-2.452, -2.394, -88.611]
- Matrix:
  0.024  0.999  0.042 22.658
 -0.999  0.022  0.043 14.599
  0.042 -0.043  0.998 -0.012
  0.000  0.000  0.000  1.000
At time 1779613090.847263574
- Translation: [22.661, 14.493, 0.002]
- Rotation: in Quaternion (xyzw) [-0.028, -0.002, -0.808, 0.588]
- Rotation: in RPY (radian) [-0.030, -0.048, -1.883]
- Rotation: in RPY (degree) [-1.699, -2.754, -107.910]
- Matrix:
 -0.307  0.951  0.043 22.661
 -0.950 -0.309  0.037 14.493
  0.048 -0.030  0.998  0.002
  0.000  0.000  0.000  1.000
At time 1779613091.847646474
- Translation: [22.631, 14.435, 0.005]
- Rotation: in Quaternion (xyzw) [0.029, 0.007, 0.903, -0.428]
- Rotation: in RPY (radian) [-0.011, -0.058, -2.256]
- Rotation: in RPY (degree) [-0.647, -3.335, -129.267]
- Matrix:
 -0.632  0.774  0.046 22.631
 -0.773 -0.633  0.038 14.435
  0.058 -0.011  0.998  0.005
  0.000  0.000  0.000  1.000
At time 1779613092.847892522
- Translation: [22.620, 14.287, 0.008]
- Rotation: in Quaternion (xyzw) [0.022, 0.032, 0.965, -0.258]
- Rotation: in RPY (radian) [0.051, -0.058, -2.621]
- Rotation: in RPY (degree) [2.938, -3.338, -150.200]
- Matrix:
 -0.866  0.499  0.025 22.620
 -0.496 -0.865  0.073 14.287
  0.058  0.051  0.997  0.008
  0.000  0.000  0.000  1.000
At time 1779613093.847421407
- Translation: [22.539, 14.263, 0.003]
- Rotation: in Quaternion (xyzw) [0.020, 0.037, 0.997, -0.071]
- Rotation: in RPY (radian) [0.070, -0.045, -3.002]
- Rotation: in RPY (degree) [4.029, -2.606, -171.979]
- Matrix:
 -0.989  0.142  0.035 22.539
 -0.139 -0.987  0.076 14.263
  0.045  0.070  0.996  0.003
  0.000  0.000  0.000  1.000
At time 1779613094.847545623
- Translation: [22.477, 14.230, 0.026]
- Rotation: in Quaternion (xyzw) [0.016, 0.041, 0.992, 0.121]
- Rotation: in RPY (radian) [0.086, -0.022, 2.897]
- Rotation: in RPY (degree) [4.914, -1.279, 166.012]
- Matrix:
 -0.970 -0.239  0.042 22.477
  0.242 -0.967  0.078 14.230
  0.022  0.086  0.996  0.026
  0.000  0.000  0.000  1.000
At time 1779613095.847495794
- Translation: [22.426, 14.240, 0.025]
- Rotation: in Quaternion (xyzw) [0.009, 0.052, 0.955, 0.293]
- Rotation: in RPY (radian) [0.104, 0.013, 2.546]
- Rotation: in RPY (degree) [5.964, 0.773, 145.889]
- Matrix:
 -0.828 -0.559  0.047 22.426
  0.561 -0.823  0.094 14.240
 -0.013  0.104  0.994  0.025
  0.000  0.000  0.000  1.000
At time 1779613096.848435640
- Translation: [22.386, 14.341, 0.018]
- Rotation: in Quaternion (xyzw) [0.005, 0.051, 0.913, 0.405]
- Rotation: in RPY (radian) [0.098, 0.032, 2.309]
- Rotation: in RPY (degree) [5.601, 1.807, 132.297]
- Matrix:
 -0.673 -0.738  0.051 22.386
  0.739 -0.667  0.089 14.341
 -0.032  0.098  0.995  0.018
  0.000  0.000  0.000  1.000
At time 1779613097.847426414
- Translation: [22.413, 14.395, -0.004]
- Rotation: in Quaternion (xyzw) [0.006, 0.034, 0.913, 0.406]
- Rotation: in RPY (radian) [0.066, 0.016, 2.306]
- Rotation: in RPY (degree) [3.804, 0.894, 132.136]
- Matrix:
 -0.671 -0.741  0.039 22.413
  0.741 -0.669  0.056 14.395
 -0.016  0.066  0.998 -0.004
  0.000  0.000  0.000  1.000
At time 1779613098.847456455
- Translation: [22.387, 14.396, 0.001]
- Rotation: in Quaternion (xyzw) [0.008, 0.035, 0.912, 0.408]
- Rotation: in RPY (radian) [0.070, 0.013, 2.302]
- Rotation: in RPY (degree) [4.017, 0.764, 131.878]
- Matrix:
 -0.667 -0.743  0.043 22.387
  0.744 -0.665  0.057 14.396
 -0.013  0.070  0.997  0.001
  0.000  0.000  0.000  1.000
At time 1779613099.847491264
- Translation: [22.599, 14.403, -0.001]
- Rotation: in Quaternion (xyzw) [0.004, 0.039, 0.923, 0.382]
- Rotation: in RPY (radian) [0.074, 0.022, 2.358]
- Rotation: in RPY (degree) [4.259, 1.268, 135.124]
- Matrix:
 -0.708 -0.705  0.037 22.599
  0.705 -0.706  0.068 14.403
 -0.022  0.074  0.997 -0.001
  0.000  0.000  0.000  1.000
At time 1779613100.847519636
- Translation: [22.392, 14.394, 0.002]
- Rotation: in Quaternion (xyzw) [0.002, 0.039, 0.920, 0.390]
- Rotation: in RPY (radian) [0.073, 0.027, 2.341]
- Rotation: in RPY (degree) [4.184, 1.530, 134.144]
- Matrix:
 -0.696 -0.717  0.034 22.392
  0.717 -0.693  0.070 14.394
 -0.027  0.073  0.997  0.002
  0.000  0.000  0.000  1.000
At time 1779613101.848010540
- Translation: [22.335, 14.333, 0.003]
- Rotation: in Quaternion (xyzw) [0.003, 0.039, 0.918, 0.394]
- Rotation: in RPY (radian) [0.074, 0.025, 2.332]
- Rotation: in RPY (degree) [4.216, 1.427, 133.640]
- Matrix:
 -0.690 -0.723  0.036 22.335
  0.723 -0.687  0.069 14.333
 -0.025  0.073  0.997  0.003
  0.000  0.000  0.000  1.000
At time 1779613102.847601413
- Translation: [22.340, 14.359, 0.001]
- Rotation: in Quaternion (xyzw) [0.003, 0.038, 0.919, 0.392]
- Rotation: in RPY (radian) [0.073, 0.025, 2.337]
- Rotation: in RPY (degree) [4.171, 1.408, 133.878]
- Matrix:
 -0.693 -0.720  0.035 22.340
  0.721 -0.690  0.068 14.359
 -0.025  0.073  0.997  0.001
  0.000  0.000  0.000  1.000
At time 1779613103.847553253
- Translation: [22.359, 14.374, 0.002]
- Rotation: in Quaternion (xyzw) [0.003, 0.038, 0.920, 0.390]
- Rotation: in RPY (radian) [0.072, 0.023, 2.340]
- Rotation: in RPY (degree) [4.121, 1.329, 134.050]
- Matrix:
 -0.695 -0.718  0.036 22.359
  0.719 -0.692  0.067 14.374
 -0.023  0.072  0.997  0.002
  0.000  0.000  0.000  1.000
At time 1779613104.847580671
- Translation: [22.374, 14.355, 0.000]
- Rotation: in Quaternion (xyzw) [0.003, 0.037, 0.921, 0.388]
- Rotation: in RPY (radian) [0.072, 0.023, 2.345]
- Rotation: in RPY (degree) [4.116, 1.299, 134.349]
- Matrix:
 -0.699 -0.714  0.036 22.374
  0.715 -0.696  0.066 14.355
 -0.023  0.072  0.997  0.000
  0.000  0.000  0.000  1.000
At time 1779613105.847633600
- Translation: [22.327, 14.345, 0.001]
- Rotation: in Quaternion (xyzw) [0.003, 0.038, 0.920, 0.391]
- Rotation: in RPY (radian) [0.072, 0.024, 2.339]
- Rotation: in RPY (degree) [4.115, 1.353, 133.998]
- Matrix:
 -0.694 -0.719  0.035 22.327
  0.719 -0.692  0.067 14.345
 -0.024  0.072  0.997  0.001
  0.000  0.000  0.000  1.000
At time 1779613106.847664356
- Translation: [22.406, 14.353, -0.001]
- Rotation: in Quaternion (xyzw) [0.003, 0.038, 0.922, 0.386]
- Rotation: in RPY (radian) [0.072, 0.024, 2.350]
- Rotation: in RPY (degree) [4.140, 1.371, 134.620]
- Matrix:
 -0.702 -0.711  0.035 22.406
  0.712 -0.699  0.068 14.353
 -0.024  0.072  0.997 -0.001
  0.000  0.000  0.000  1.000
At time 1779613107.847669363
- Translation: [22.353, 14.387, 0.003]
- Rotation: in Quaternion (xyzw) [0.003, 0.037, 0.920, 0.389]
- Rotation: in RPY (radian) [0.071, 0.023, 2.342]
- Rotation: in RPY (degree) [4.079, 1.305, 134.198]
- Matrix:
 -0.697 -0.716  0.035 22.353
  0.717 -0.694  0.066 14.387
 -0.023  0.071  0.997  0.003
  0.000  0.000  0.000  1.000
At time 1779613108.747688531
- Translation: [22.354, 14.363, -0.000]
- Rotation: in Quaternion (xyzw) [0.003, 0.038, 0.920, 0.390]
- Rotation: in RPY (radian) [0.072, 0.023, 2.340]
- Rotation: in RPY (degree) [4.129, 1.320, 134.093]
- Matrix:
 -0.696 -0.718  0.036 22.354
  0.718 -0.693  0.067 14.363
 -0.023  0.072  0.997 -0.000
  0.000  0.000  0.000  1.000
At time 1779613109.847769498
- Translation: [22.376, 14.356, 0.006]
- Rotation: in Quaternion (xyzw) [-0.001, 0.030, 0.921, 0.388]
- Rotation: in RPY (radian) [0.055, 0.026, 2.345]
- Rotation: in RPY (degree) [3.153, 1.508, 134.381]
- Matrix:
 -0.699 -0.715  0.021 22.376
  0.714 -0.697  0.057 14.356
 -0.026  0.055  0.998  0.006
  0.000  0.000  0.000  1.000
At time 1779613110.847808361
- Translation: [22.342, 14.355, 0.002]
- Rotation: in Quaternion (xyzw) [0.014, 0.040, 0.923, 0.383]
- Rotation: in RPY (radian) [0.084, 0.005, 2.356]
- Rotation: in RPY (degree) [4.814, 0.302, 134.970]
- Matrix:
 -0.707 -0.705  0.056 22.342
  0.707 -0.704  0.063 14.355
 -0.005  0.084  0.996  0.002
  0.000  0.000  0.000  1.000
At time 1779613111.847741603
- Translation: [22.339, 14.356, -0.003]
- Rotation: in Quaternion (xyzw) [0.005, 0.035, 0.927, 0.372]
- Rotation: in RPY (radian) [0.069, 0.017, 2.378]
- Rotation: in RPY (degree) [3.945, 0.998, 136.267]
- Matrix:
 -0.722 -0.691  0.035 22.339
  0.691 -0.720  0.062 14.356
 -0.017  0.069  0.997 -0.003
  0.000  0.000  0.000  1.000
At time 1779613112.847856521
- Translation: [22.362, 14.342, 0.003]
- Rotation: in Quaternion (xyzw) [0.003, 0.048, 0.928, 0.369]
- Rotation: in RPY (radian) [0.091, 0.030, 2.385]
- Rotation: in RPY (degree) [5.222, 1.734, 136.678]
- Matrix:
 -0.727 -0.685  0.041 22.362
  0.686 -0.723  0.087 14.342
 -0.030  0.091  0.995  0.003
  0.000  0.000  0.000  1.000
At time 1779613113.847762346
- Translation: [22.318, 14.439, -0.005]
- Rotation: in Quaternion (xyzw) [0.002, 0.023, 0.933, 0.359]
- Rotation: in RPY (radian) [0.045, 0.013, 2.407]
- Rotation: in RPY (degree) [2.598, 0.737, 137.887]
- Matrix:
 -0.742 -0.670  0.021 22.318
  0.671 -0.741  0.042 14.439
 -0.013  0.045  0.999 -0.005
  0.000  0.000  0.000  1.000
At time 1779613114.847997426
- Translation: [22.311, 14.380, 0.018]
- Rotation: in Quaternion (xyzw) [0.011, 0.034, 0.939, 0.343]
- Rotation: in RPY (radian) [0.071, 0.003, 2.441]
- Rotation: in RPY (degree) [4.075, 0.153, 139.837]
- Matrix:
 -0.764 -0.643  0.044 22.311
  0.645 -0.762  0.056 14.380
 -0.003  0.071  0.997  0.018
  0.000  0.000  0.000  1.000
At time 1779613115.847839117
- Translation: [22.262, 14.390, -0.001]
- Rotation: in Quaternion (xyzw) [0.006, 0.036, 0.940, 0.341]
- Rotation: in RPY (radian) [0.071, 0.013, 2.446]
- Rotation: in RPY (degree) [4.068, 0.736, 140.167]
- Matrix:
 -0.768 -0.640  0.036 22.262
  0.640 -0.765  0.063 14.390
 -0.013  0.071  0.997 -0.001
  0.000  0.000  0.000  1.000
At time 1779613116.847870349
- Translation: [22.335, 14.373, 0.001]
- Rotation: in Quaternion (xyzw) [0.002, 0.036, 0.940, 0.338]
- Rotation: in RPY (radian) [0.070, 0.021, 2.451]
- Rotation: in RPY (degree) [4.013, 1.197, 140.459]
- Matrix:
 -0.771 -0.636  0.028 22.335
  0.636 -0.768  0.067 14.373
 -0.021  0.070  0.997  0.001
  0.000  0.000  0.000  1.000
At time 1779613117.847876548
- Translation: [22.272, 14.411, -0.005]
- Rotation: in Quaternion (xyzw) [0.007, 0.034, 0.938, 0.344]
- Rotation: in RPY (radian) [0.068, 0.010, 2.439]
- Rotation: in RPY (degree) [3.897, 0.601, 139.768]
- Matrix:
 -0.763 -0.645  0.036 22.272
  0.646 -0.761  0.059 14.411
 -0.010  0.068  0.998 -0.005
  0.000  0.000  0.000  1.000
At time 1779613118.849534511
- Translation: [22.304, 14.410, 0.005]
- Rotation: in Quaternion (xyzw) [0.010, 0.033, 0.938, 0.345]
- Rotation: in RPY (radian) [0.069, 0.004, 2.436]
- Rotation: in RPY (degree) [3.930, 0.258, 139.590]
- Matrix:
 -0.761 -0.647  0.041 22.304
  0.648 -0.759  0.055 14.410
 -0.004  0.069  0.998  0.005
  0.000  0.000  0.000  1.000
At time 1779613119.848046541
- Translation: [22.503, 14.347, 0.002]
- Rotation: in Quaternion (xyzw) [0.009, 0.033, 0.937, 0.348]
- Rotation: in RPY (radian) [0.069, 0.006, 2.431]
- Rotation: in RPY (degree) [3.932, 0.362, 139.307]
- Matrix:
 -0.758 -0.651  0.040 22.503
  0.652 -0.756  0.056 14.347
 -0.006  0.069  0.998  0.002
  0.000  0.000  0.000  1.000
At time 1779613120.847964048
- Translation: [22.291, 14.387, 0.001]
- Rotation: in Quaternion (xyzw) [0.009, 0.033, 0.935, 0.353]
- Rotation: in RPY (radian) [0.069, 0.006, 2.420]
- Rotation: in RPY (degree) [3.925, 0.343, 138.672]
- Matrix:
 -0.751 -0.659  0.041 22.291
  0.660 -0.749  0.055 14.387
 -0.006  0.068  0.998  0.001
  0.000  0.000  0.000  1.000
At time 1779613121.849100589
- Translation: [22.284, 14.393, 0.002]
- Rotation: in Quaternion (xyzw) [0.009, 0.033, 0.935, 0.353]
- Rotation: in RPY (radian) [0.069, 0.006, 2.420]
- Rotation: in RPY (degree) [3.940, 0.337, 138.654]
- Matrix:
 -0.751 -0.659  0.041 22.284
  0.661 -0.749  0.055 14.393
 -0.006  0.069  0.998  0.002
  0.000  0.000  0.000  1.000
At time 1779613122.847989559
- Translation: [22.279, 14.419, -0.001]
- Rotation: in Quaternion (xyzw) [0.009, 0.033, 0.935, 0.352]
- Rotation: in RPY (radian) [0.069, 0.006, 2.421]
- Rotation: in RPY (degree) [3.929, 0.332, 138.728]
- Matrix:
 -0.752 -0.658  0.041 22.279
  0.660 -0.750  0.055 14.419
 -0.006  0.069  0.998 -0.001
  0.000  0.000  0.000  1.000
At time 1779613123.848023414
- Translation: [22.297, 14.407, 0.001]
- Rotation: in Quaternion (xyzw) [0.009, 0.033, 0.936, 0.350]
- Rotation: in RPY (radian) [0.068, 0.006, 2.426]
- Rotation: in RPY (degree) [3.923, 0.342, 138.991]
- Matrix:
 -0.755 -0.655  0.040 22.297
  0.656 -0.753  0.056 14.407
 -0.006  0.068  0.998  0.001
  0.000  0.000  0.000  1.000
At time 1779613124.848151445
- Translation: [22.282, 14.390, 0.004]
- Rotation: in Quaternion (xyzw) [0.009, 0.033, 0.935, 0.353]
- Rotation: in RPY (radian) [0.069, 0.006, 2.419]
- Rotation: in RPY (degree) [3.927, 0.351, 138.622]
- Matrix:
 -0.750 -0.660  0.041 22.282
  0.661 -0.748  0.055 14.390
 -0.006  0.068  0.998  0.004
  0.000  0.000  0.000  1.000
At time 1779613125.848051548
- Translation: [22.279, 14.388, 0.003]
- Rotation: in Quaternion (xyzw) [0.009, 0.033, 0.935, 0.353]
- Rotation: in RPY (radian) [0.069, 0.006, 2.420]
- Rotation: in RPY (degree) [3.938, 0.351, 138.659]
- Matrix:
 -0.751 -0.659  0.041 22.279
  0.661 -0.749  0.056 14.388
 -0.006  0.069  0.998  0.003
  0.000  0.000  0.000  1.000
At time 1779613126.848089456
- Translation: [22.286, 14.411, -0.001]
- Rotation: in Quaternion (xyzw) [0.009, 0.033, 0.935, 0.352]
- Rotation: in RPY (radian) [0.068, 0.006, 2.421]
- Rotation: in RPY (degree) [3.895, 0.338, 138.713]
- Matrix:
 -0.751 -0.659  0.040 22.286
  0.660 -0.749  0.055 14.411
 -0.006  0.068  0.998 -0.001
  0.000  0.000  0.000  1.000
At time 1779613127.848145484
- Translation: [22.301, 14.378, 0.000]
- Rotation: in Quaternion (xyzw) [0.009, 0.033, 0.935, 0.352]
- Rotation: in RPY (radian) [0.069, 0.006, 2.421]
- Rotation: in RPY (degree) [3.950, 0.370, 138.727]
- Matrix:
 -0.752 -0.658  0.041 22.301
  0.660 -0.749  0.056 14.378
 -0.006  0.069  0.998  0.000
  0.000  0.000  0.000  1.000
At time 1779613128.848835229
- Translation: [22.264, 14.417, -0.003]
- Rotation: in Quaternion (xyzw) [0.000, 0.040, 0.955, 0.295]
- Rotation: in RPY (radian) [0.077, 0.023, 2.544]
- Rotation: in RPY (degree) [4.424, 1.344, 145.742]
- Matrix:
 -0.826 -0.563  0.024 22.264
  0.563 -0.823  0.077 14.417
 -0.023  0.077  0.997 -0.003
  0.000  0.000  0.000  1.000
At time 1779613129.848260402
- Translation: [22.251, 14.447, 0.004]
- Rotation: in Quaternion (xyzw) [0.015, 0.036, 0.999, 0.012]
- Rotation: in RPY (radian) [0.073, -0.029, 3.117]
- Rotation: in RPY (degree) [4.156, -1.688, 178.579]
- Matrix:
 -0.999 -0.023  0.031 22.251
  0.025 -0.997  0.072 14.447
  0.029  0.072  0.997  0.004
  0.000  0.000  0.000  1.000
At time 1779613130.848290443
- Translation: [22.148, 14.418, 0.024]
- Rotation: in Quaternion (xyzw) [0.014, 0.040, 0.998, 0.042]
- Rotation: in RPY (radian) [0.081, -0.025, 3.057]
- Rotation: in RPY (degree) [4.639, -1.439, 175.127]
- Matrix:
 -0.996 -0.083  0.032 22.148
  0.085 -0.993  0.078 14.418
  0.025  0.081  0.996  0.024
  0.000  0.000  0.000  1.000
At time 1779613131.848299503
- Translation: [21.922, 14.398, 0.026]
- Rotation: in Quaternion (xyzw) [0.010, 0.047, 0.978, 0.204]
- Rotation: in RPY (radian) [0.096, 0.000, 2.731]
- Rotation: in RPY (degree) [5.479, 0.019, 156.468]
- Matrix:
 -0.917 -0.397  0.038 21.922
  0.399 -0.913  0.088 14.398
 -0.000  0.095  0.995  0.026
  0.000  0.000  0.000  1.000
At time 1779613132.848303318
- Translation: [21.712, 14.515, 0.009]
- Rotation: in Quaternion (xyzw) [0.004, 0.054, 0.939, 0.339]
- Rotation: in RPY (radian) [0.105, 0.028, 2.451]
- Rotation: in RPY (degree) [6.012, 1.626, 140.432]
- Matrix:
 -0.771 -0.636  0.045 21.712
  0.637 -0.765  0.099 14.515
 -0.028  0.105  0.994  0.009
  0.000  0.000  0.000  1.000
At time 1779613133.848440408
- Translation: [21.568, 14.752, 0.025]
- Rotation: in Quaternion (xyzw) [-0.000, 0.054, 0.930, 0.365]
- Rotation: in RPY (radian) [0.100, 0.040, 2.396]
- Rotation: in RPY (degree) [5.738, 2.290, 137.284]
- Matrix:
 -0.734 -0.678  0.039 21.568
  0.678 -0.728  0.100 14.752
 -0.040  0.100  0.994  0.025
  0.000  0.000  0.000  1.000
At time 1779613134.850173234
- Translation: [21.320, 14.923, 0.001]
- Rotation: in Quaternion (xyzw) [-0.008, 0.043, 0.921, 0.386]
- Rotation: in RPY (radian) [0.073, 0.048, 2.349]
- Rotation: in RPY (degree) [4.185, 2.754, 134.596]
- Matrix:
 -0.701 -0.713  0.018 21.320
  0.711 -0.698  0.085 14.923
 -0.048  0.073  0.996  0.001
  0.000  0.000  0.000  1.000
At time 1779613135.848283290
- Translation: [21.025, 15.194, 0.004]
- Rotation: in Quaternion (xyzw) [-0.007, 0.044, 0.945, 0.323]
- Rotation: in RPY (radian) [0.078, 0.041, 2.484]
- Rotation: in RPY (degree) [4.464, 2.368, 142.329]
- Matrix:
 -0.791 -0.612  0.015 21.025
  0.611 -0.787  0.087 15.194
 -0.041  0.078  0.996  0.004
  0.000  0.000  0.000  1.000
At time 1779613136.848348617
- Translation: [20.782, 15.336, -0.020]
- Rotation: in Quaternion (xyzw) [-0.001, 0.032, 0.982, 0.187]
- Rotation: in RPY (radian) [0.063, 0.014, 2.766]
- Rotation: in RPY (degree) [3.616, 0.807, 158.477]
- Matrix:
 -0.930 -0.367  0.010 20.782
  0.367 -0.928  0.064 15.336
 -0.014  0.063  0.998 -0.020
  0.000  0.000  0.000  1.000
At time 1779613137.848439455
- Translation: [20.415, 15.402, -0.001]
- Rotation: in Quaternion (xyzw) [0.002, 0.021, 0.997, 0.076]
- Rotation: in RPY (radian) [0.043, -0.001, 2.990]
- Rotation: in RPY (degree) [2.458, -0.048, 171.328]
- Matrix:
 -0.989 -0.151  0.007 20.415
  0.151 -0.988  0.042 15.402
  0.001  0.043  0.999 -0.001
  0.000  0.000  0.000  1.000
At time 1779613138.848260402
- Translation: [19.992, 15.434, -0.002]
- Rotation: in Quaternion (xyzw) [0.012, 0.007, 1.000, -0.008]
- Rotation: in RPY (radian) [0.014, -0.025, -3.126]
- Rotation: in RPY (degree) [0.809, -1.436, -179.130]
- Matrix:
 -1.000  0.016  0.025 19.992
 -0.015 -1.000  0.014 15.434
  0.025  0.014  1.000 -0.002
  0.000  0.000  0.000  1.000
At time 1779613139.848273754
- Translation: [19.575, 15.397, -0.006]
- Rotation: in Quaternion (xyzw) [0.018, -0.002, 0.999, -0.049]
- Rotation: in RPY (radian) [-0.006, -0.037, -3.044]
- Rotation: in RPY (degree) [-0.333, -2.095, -174.412]
- Matrix:
 -0.995  0.097  0.037 19.575
 -0.097 -0.995 -0.002 15.397
  0.037 -0.006  0.999 -0.006
  0.000  0.000  0.000  1.000
At time 1779613140.848553657
- Translation: [19.235, 15.340, 0.005]
- Rotation: in Quaternion (xyzw) [0.009, -0.003, 1.000, 0.013]
- Rotation: in RPY (radian) [-0.006, -0.017, 3.116]
- Rotation: in RPY (degree) [-0.330, -0.995, 178.513]
- Matrix:
 -1.000 -0.026  0.017 19.235
  0.026 -1.000 -0.006 15.340
  0.017 -0.006  1.000  0.005
  0.000  0.000  0.000  1.000
At time 1779613141.848532438
- Translation: [18.788, 15.313, 0.036]
- Rotation: in Quaternion (xyzw) [0.003, 0.015, 0.998, 0.063]
- Rotation: in RPY (radian) [0.030, -0.004, 3.015]
- Rotation: in RPY (degree) [1.741, -0.209, 172.719]
- Matrix:
 -0.992 -0.127  0.007 18.788
  0.127 -0.991  0.030 15.313
  0.004  0.030  1.000  0.036
  0.000  0.000  0.000  1.000
At time 1779613142.849108457
- Translation: [18.421, 15.335, 0.030]
- Rotation: in Quaternion (xyzw) [0.011, 0.035, 0.995, 0.092]
- Rotation: in RPY (radian) [0.072, -0.015, 2.958]
- Rotation: in RPY (degree) [4.124, -0.838, 169.454]
- Matrix:
 -0.983 -0.182  0.028 18.421
  0.183 -0.981  0.068 15.335
  0.015  0.072  0.997  0.030
  0.000  0.000  0.000  1.000
At time 1779613143.848515510
- Translation: [17.979, 15.448, 0.033]
- Rotation: in Quaternion (xyzw) [0.015, 0.040, 0.999, 0.016]
- Rotation: in RPY (radian) [0.080, -0.029, 3.108]
- Rotation: in RPY (degree) [4.594, -1.650, 178.093]
- Matrix:
 -0.999 -0.031  0.031 17.979
  0.033 -0.996  0.079 15.448
  0.029  0.080  0.996  0.033
  0.000  0.000  0.000  1.000
At time 1779613144.848555326
- Translation: [17.637, 15.391, -0.001]
- Rotation: in Quaternion (xyzw) [0.019, 0.041, 0.998, -0.049]
- Rotation: in RPY (radian) [0.080, -0.043, -3.045]
- Rotation: in RPY (degree) [4.570, -2.447, -174.440]
- Matrix:
 -0.994  0.100  0.035 17.637
 -0.097 -0.992  0.083 15.391
  0.043  0.080  0.996 -0.001
  0.000  0.000  0.000  1.000
At time 1779613145.848716497
- Translation: [17.295, 15.369, -0.009]
- Rotation: in Quaternion (xyzw) [0.018, 0.038, 0.999, -0.019]
- Rotation: in RPY (radian) [0.075, -0.038, -3.105]
- Rotation: in RPY (degree) [4.304, -2.173, -177.921]
- Matrix:
 -0.999  0.039  0.035 17.295
 -0.036 -0.996  0.076 15.369
  0.038  0.075  0.996 -0.009
  0.000  0.000  0.000  1.000
At time 1779613146.848556280
- Translation: [17.025, 15.424, -0.012]
- Rotation: in Quaternion (xyzw) [0.015, 0.019, 0.999, 0.034]
- Rotation: in RPY (radian) [0.039, -0.028, 3.072]
- Rotation: in RPY (degree) [2.255, -1.600, 176.036]
- Matrix:
 -0.997 -0.068  0.031 17.025
  0.069 -0.997  0.037 15.424
  0.028  0.039  0.999 -0.012
  0.000  0.000  0.000  1.000
At time 1779613147.848552703
- Translation: [16.795, 15.386, -0.012]
- Rotation: in Quaternion (xyzw) [0.010, 0.020, 0.996, 0.087]
- Rotation: in RPY (radian) [0.041, -0.017, 2.966]
- Rotation: in RPY (degree) [2.330, -0.959, 169.965]
- Matrix:
 -0.985 -0.173  0.024 16.795
  0.174 -0.984  0.037 15.386
  0.017  0.041  0.999 -0.012
  0.000  0.000  0.000  1.000
At time 1779613148.848669528
- Translation: [16.624, 15.429, -0.018]
- Rotation: in Quaternion (xyzw) [0.018, 0.019, 0.993, 0.112]
- Rotation: in RPY (radian) [0.042, -0.031, 2.916]
- Rotation: in RPY (degree) [2.385, -1.805, 167.083]
- Matrix:
 -0.974 -0.222  0.040 16.624
  0.223 -0.974  0.034 15.429
  0.031  0.042  0.999 -0.018
  0.000  0.000  0.000  1.000
At time 1779613149.848921537
- Translation: [16.574, 15.410, -0.001]
- Rotation: in Quaternion (xyzw) [0.021, 0.025, 0.994, 0.105]
- Rotation: in RPY (radian) [0.054, -0.037, 2.930]
- Rotation: in RPY (degree) [3.122, -2.123, 167.864]
- Matrix:
 -0.977 -0.208  0.048 16.574
  0.210 -0.977  0.045 15.410
  0.037  0.054  0.998 -0.001
  0.000  0.000  0.000  1.000
At time 1779613150.848634481
- Translation: [16.537, 15.454, -0.000]
- Rotation: in Quaternion (xyzw) [0.020, 0.023, 0.997, 0.073]
- Rotation: in RPY (radian) [0.050, -0.037, 2.994]
- Rotation: in RPY (degree) [2.851, -2.135, 171.551]
- Matrix:
 -0.988 -0.145  0.044 16.537
  0.147 -0.988  0.044 15.454
  0.037  0.050  0.998 -0.000
  0.000  0.000  0.000  1.000
At time 1779613151.848698377
- Translation: [16.294, 15.466, 0.024]
- Rotation: in Quaternion (xyzw) [0.011, 0.017, 1.000, -0.008]
- Rotation: in RPY (radian) [0.033, -0.022, -3.126]
- Rotation: in RPY (degree) [1.916, -1.277, -179.129]
- Matrix:
 -1.000  0.016  0.022 16.294
 -0.015 -0.999  0.034 15.466
  0.022  0.033  0.999  0.024
  0.000  0.000  0.000  1.000
At time 1779613152.848715543
- Translation: [15.892, 15.396, 0.011]
- Rotation: in Quaternion (xyzw) [0.016, 0.033, 0.997, -0.071]
- Rotation: in RPY (radian) [0.063, -0.036, -3.001]
- Rotation: in RPY (degree) [3.607, -2.051, -171.921]
- Matrix:
 -0.989  0.142  0.027 15.892
 -0.140 -0.988  0.067 15.396
  0.036  0.063  0.997  0.011
  0.000  0.000  0.000  1.000
At time 1779613153.848705291
- Translation: [15.493, 15.342, 0.007]
- Rotation: in Quaternion (xyzw) [0.020, 0.033, 0.997, -0.070]
- Rotation: in RPY (radian) [0.064, -0.045, -3.002]
- Rotation: in RPY (degree) [3.664, -2.604, -172.023]
- Matrix:
 -0.989  0.141  0.036 15.493
 -0.139 -0.988  0.070 15.342
  0.045  0.064  0.997  0.007
  0.000  0.000  0.000  1.000
At time 1779613154.849038600
- Translation: [15.113, 15.275, 0.001]
- Rotation: in Quaternion (xyzw) [0.015, 0.022, 0.999, -0.023]
- Rotation: in RPY (radian) [0.043, -0.032, -3.097]
- Rotation: in RPY (degree) [2.463, -1.808, -177.423]
- Matrix:
 -0.998  0.046  0.030 15.113
 -0.045 -0.998  0.044 15.275
  0.032  0.043  0.999  0.001
  0.000  0.000  0.000  1.000
At time 1779613155.848911523
- Translation: [14.739, 15.286, 0.006]
- Rotation: in Quaternion (xyzw) [0.009, 0.026, 0.999, 0.026]
- Rotation: in RPY (radian) [0.052, -0.017, 3.090]
- Rotation: in RPY (degree) [2.956, -0.969, 177.043]
- Matrix:
 -0.999 -0.051  0.020 14.739
  0.052 -0.997  0.051 15.286
  0.017  0.052  0.999  0.006
  0.000  0.000  0.000  1.000
At time 1779613156.848785638
- Translation: [14.282, 15.249, 0.002]
- Rotation: in Quaternion (xyzw) [0.011, 0.018, 1.000, 0.001]
- Rotation: in RPY (radian) [0.036, -0.022, 3.140]
- Rotation: in RPY (degree) [2.049, -1.236, 179.897]
- Matrix:
 -1.000 -0.001  0.022 14.282
  0.002 -0.999  0.036 15.249
  0.022  0.036  0.999  0.002
  0.000  0.000  0.000  1.000
At time 1779613157.848793506
- Translation: [13.866, 15.251, -0.003]
- Rotation: in Quaternion (xyzw) [0.020, 0.004, 1.000, -0.019]
- Rotation: in RPY (radian) [0.007, -0.041, -3.105]
- Rotation: in RPY (degree) [0.397, -2.321, -177.877]
- Matrix:
 -0.998  0.037  0.040 13.866
 -0.037 -0.999  0.008 15.251
  0.040  0.007  0.999 -0.003
  0.000  0.000  0.000  1.000
At time 1779613158.848971366
- Translation: [13.521, 15.298, 0.001]
- Rotation: in Quaternion (xyzw) [0.013, 0.002, 1.000, -0.016]
- Rotation: in RPY (radian) [0.003, -0.026, -3.111]
- Rotation: in RPY (degree) [0.195, -1.493, -178.220]
- Matrix:
 -0.999  0.031  0.026 13.521
 -0.031 -1.000  0.004 15.298
  0.026  0.003  1.000  0.001
  0.000  0.000  0.000  1.000
At time 1779613159.849011659
- Translation: [13.154, 15.233, 0.014]
- Rotation: in Quaternion (xyzw) [0.012, 0.014, 1.000, 0.007]
- Rotation: in RPY (radian) [0.028, -0.024, 3.127]
- Rotation: in RPY (degree) [1.589, -1.350, 179.191]
- Matrix:
 -1.000 -0.013  0.024 13.154
  0.014 -1.000  0.027 15.233
  0.024  0.028  0.999  0.014
  0.000  0.000  0.000  1.000
At time 1779613160.849339485
- Translation: [12.752, 15.266, 0.005]
- Rotation: in Quaternion (xyzw) [0.017, 0.030, 0.999, 0.009]
- Rotation: in RPY (radian) [0.061, -0.033, 3.122]
- Rotation: in RPY (degree) [3.504, -1.898, 178.899]
- Matrix:
 -0.999 -0.017  0.034 12.752
  0.019 -0.998  0.060 15.266
  0.033  0.061  0.998  0.005
  0.000  0.000  0.000  1.000
At time 1779613161.849250555
- Translation: [12.376, 15.240, 0.011]
- Rotation: in Quaternion (xyzw) [0.021, 0.045, 0.999, -0.010]
- Rotation: in RPY (radian) [0.091, -0.042, -3.123]
- Rotation: in RPY (degree) [5.188, -2.409, -178.932]
- Matrix:
 -0.999  0.022  0.040 12.376
 -0.019 -0.996  0.091 15.240
  0.042  0.090  0.995  0.011
  0.000  0.000  0.000  1.000
At time 1779613162.849625349
- Translation: [12.008, 15.229, 0.013]
- Rotation: in Quaternion (xyzw) [0.013, 0.037, 0.999, -0.025]
- Rotation: in RPY (radian) [0.074, -0.028, -3.093]
- Rotation: in RPY (degree) [4.217, -1.591, -177.233]
- Matrix:
 -0.998  0.050  0.024 12.008
 -0.048 -0.996  0.075 15.229
  0.028  0.074  0.997  0.013
  0.000  0.000  0.000  1.000
At time 1779613163.849364280
- Translation: [11.618, 15.240, 0.002]
- Rotation: in Quaternion (xyzw) [0.008, 0.028, 1.000, -0.007]
- Rotation: in RPY (radian) [0.056, -0.016, -3.128]
- Rotation: in RPY (degree) [3.217, -0.931, -179.226]
- Matrix:
 -1.000  0.014  0.015 11.618
 -0.014 -0.998  0.056 15.240
  0.016  0.056  0.998  0.002
  0.000  0.000  0.000  1.000
At time 1779613164.849224328
- Translation: [11.249, 15.216, -0.000]
- Rotation: in Quaternion (xyzw) [0.008, 0.017, 0.999, 0.040]
- Rotation: in RPY (radian) [0.034, -0.015, 3.062]
- Rotation: in RPY (degree) [1.948, -0.866, 175.438]
- Matrix:
 -0.997 -0.079  0.018 11.249
  0.080 -0.996  0.033 15.216
  0.015  0.034  0.999 -0.000
  0.000  0.000  0.000  1.000
At time 1779613165.849984884
- Translation: [10.829, 15.226, -0.000]
- Rotation: in Quaternion (xyzw) [0.015, 0.003, 0.999, 0.034]
- Rotation: in RPY (radian) [0.007, -0.030, 3.074]
- Rotation: in RPY (degree) [0.374, -1.704, 176.134]
- Matrix:
 -0.997 -0.067  0.030 10.829
  0.067 -0.998  0.005 15.226
  0.030  0.007  1.000 -0.000
  0.000  0.000  0.000  1.000
At time 1779613166.849388360
- Translation: [10.440, 15.271, 0.005]
- Rotation: in Quaternion (xyzw) [0.015, 0.002, 1.000, -0.018]
- Rotation: in RPY (radian) [0.003, -0.031, -3.106]
- Rotation: in RPY (degree) [0.194, -1.748, -177.944]
- Matrix:
 -0.999  0.036  0.030 10.440
 -0.036 -0.999  0.004 15.271
  0.031  0.003  1.000  0.005
  0.000  0.000  0.000  1.000
At time 1779613167.849589347
- Translation: [10.040, 15.204, 0.004]
- Rotation: in Quaternion (xyzw) [0.017, 0.011, 0.998, -0.052]
- Rotation: in RPY (radian) [0.021, -0.036, -3.038]
- Rotation: in RPY (degree) [1.190, -2.040, -174.078]
- Matrix:
 -0.994  0.104  0.033 10.040
 -0.103 -0.994  0.024 15.204
  0.036  0.021  0.999  0.004
  0.000  0.000  0.000  1.000
At time 1779613168.849491357
- Translation: [9.649, 15.127, 0.002]
- Rotation: in Quaternion (xyzw) [0.017, 0.036, 0.998, -0.045]
- Rotation: in RPY (radian) [0.070, -0.038, -3.054]
- Rotation: in RPY (degree) [4.036, -2.166, -174.963]
- Matrix:
 -0.995  0.090  0.031  9.649
 -0.088 -0.993  0.073 15.127
  0.038  0.070  0.997  0.002
  0.000  0.000  0.000  1.000
At time 1779613169.849527359
- Translation: [9.229, 15.068, 0.019]
- Rotation: in Quaternion (xyzw) [0.016, 0.041, 0.999, -0.012]
- Rotation: in RPY (radian) [0.081, -0.034, -3.119]
- Rotation: in RPY (degree) [4.631, -1.928, -178.711]
- Matrix:
 -0.999  0.025  0.032  9.229
 -0.022 -0.996  0.081 15.068
  0.034  0.081  0.996  0.019
  0.000  0.000  0.000  1.000
At time 1779613170.849670648
- Translation: [8.885, 15.078, 0.018]
- Rotation: in Quaternion (xyzw) [0.007, 0.035, 0.999, 0.021]
- Rotation: in RPY (radian) [0.070, -0.013, 3.099]
- Rotation: in RPY (degree) [3.987, -0.729, 177.570]
- Matrix:
 -0.999 -0.041  0.016  8.885
  0.042 -0.997  0.069 15.078
  0.013  0.070  0.997  0.018
  0.000  0.000  0.000  1.000
At time 1779613171.849570751
- Translation: [8.535, 15.157, -0.008]
- Rotation: in Quaternion (xyzw) [0.007, 0.019, 1.000, 0.013]
- Rotation: in RPY (radian) [0.038, -0.014, 3.116]
- Rotation: in RPY (degree) [2.157, -0.813, 178.510]
- Matrix:
 -1.000 -0.025  0.015  8.535
  0.026 -0.999  0.037 15.157
  0.014  0.038  0.999 -0.008
  0.000  0.000  0.000  1.000
At time 1779613172.849793434
- Translation: [8.166, 15.104, -0.009]
- Rotation: in Quaternion (xyzw) [0.013, 0.011, 1.000, -0.012]
- Rotation: in RPY (radian) [0.022, -0.026, -3.119]
- Rotation: in RPY (degree) [1.285, -1.485, -178.692]
- Matrix:
 -0.999  0.023  0.025  8.166
 -0.023 -0.999  0.023 15.104
  0.026  0.022  0.999 -0.009
  0.000  0.000  0.000  1.000
At time 1779613173.849644660
- Translation: [7.779, 15.121, 0.004]
- Rotation: in Quaternion (xyzw) [0.017, -0.001, 1.000, -0.004]
- Rotation: in RPY (radian) [-0.001, -0.034, -3.133]
- Rotation: in RPY (degree) [-0.072, -1.958, -179.491]
- Matrix:
 -0.999  0.009  0.034  7.779
 -0.009 -1.000 -0.001 15.121
  0.034 -0.001  0.999  0.004
  0.000  0.000  0.000  1.000
At time 1779613174.849984407
- Translation: [7.411, 15.119, 0.009]
- Rotation: in Quaternion (xyzw) [0.017, 0.007, 1.000, -0.014]
- Rotation: in RPY (radian) [0.013, -0.034, -3.114]
- Rotation: in RPY (degree) [0.771, -1.956, -178.403]
- Matrix:
 -0.999  0.028  0.034  7.411
 -0.028 -1.000  0.014 15.119
  0.034  0.013  0.999  0.009
  0.000  0.000  0.000  1.000
At time 1779613175.849796533
- Translation: [7.115, 15.082, 0.010]
- Rotation: in Quaternion (xyzw) [0.017, 0.022, 0.999, 0.026]
- Rotation: in RPY (radian) [0.045, -0.033, 3.089]
- Rotation: in RPY (degree) [2.592, -1.893, 177.003]
- Matrix:
 -0.998 -0.051  0.035  7.115
  0.052 -0.998  0.043 15.082
  0.033  0.045  0.998  0.010
  0.000  0.000  0.000  1.000
At time 1779613176.849881649
- Translation: [6.931, 15.104, 0.012]
- Rotation: in Quaternion (xyzw) [0.024, 0.028, 0.999, 0.003]
- Rotation: in RPY (radian) [0.057, -0.048, 3.134]
- Rotation: in RPY (degree) [3.267, -2.739, 179.590]
- Matrix:
 -0.999 -0.004  0.048  6.931
  0.007 -0.998  0.057 15.104
  0.048  0.057  0.997  0.012
  0.000  0.000  0.000  1.000
At time 1779613177.849940538
- Translation: [6.854, 15.100, 0.022]
- Rotation: in Quaternion (xyzw) [0.023, 0.026, 0.998, -0.051]
- Rotation: in RPY (radian) [0.050, -0.050, -3.040]
- Rotation: in RPY (degree) [2.882, -2.837, -174.180]
- Matrix:
 -0.994  0.104  0.044  6.854
 -0.101 -0.993  0.055 15.100
  0.049  0.050  0.998  0.022
  0.000  0.000  0.000  1.000
At time 1779613178.849927425
- Translation: [6.796, 15.106, 0.016]
- Rotation: in Quaternion (xyzw) [0.024, 0.024, 0.992, -0.119]
- Rotation: in RPY (radian) [0.042, -0.053, -2.905]
- Rotation: in RPY (degree) [2.400, -3.060, -166.444]
- Matrix:
 -0.971  0.236  0.042  6.796
 -0.234 -0.971  0.053 15.106
  0.053  0.042  0.998  0.016
  0.000  0.000  0.000  1.000
At time 1779613179.850009441
- Translation: [6.710, 15.105, 0.024]
- Rotation: in Quaternion (xyzw) [0.027, 0.015, 0.981, -0.191]
- Rotation: in RPY (radian) [0.020, -0.058, -2.758]
- Rotation: in RPY (degree) [1.136, -3.334, -158.013]
- Matrix:
 -0.926  0.375  0.046  6.710
 -0.374 -0.927  0.040 15.105
  0.058  0.020  0.998  0.024
  0.000  0.000  0.000  1.000
At time 1779613180.850057840
- Translation: [6.610, 15.024, 0.016]
- Rotation: in Quaternion (xyzw) [0.034, 0.007, 0.967, -0.253]
- Rotation: in RPY (radian) [-0.004, -0.068, -2.629]
- Rotation: in RPY (degree) [-0.250, -3.907, -150.638]
- Matrix:
 -0.870  0.490  0.062  6.610
 -0.489 -0.872  0.030 15.024
  0.068 -0.004  0.998  0.016
  0.000  0.000  0.000  1.000
At time 1779613181.850117444
- Translation: [6.578, 15.011, 0.012]
- Rotation: in Quaternion (xyzw) [0.032, 0.006, 0.946, -0.323]
- Rotation: in RPY (radian) [-0.009, -0.065, -2.484]
- Rotation: in RPY (degree) [-0.490, -3.706, -142.311]
- Matrix:
 -0.790  0.611  0.056  6.578
 -0.610 -0.792  0.033 15.011
  0.065 -0.009  0.998  0.012
  0.000  0.000  0.000  1.000
At time 1779613182.850139379
- Translation: [6.512, 15.009, 0.021]
- Rotation: in Quaternion (xyzw) [0.033, -0.000, 0.923, -0.384]
- Rotation: in RPY (radian) [-0.026, -0.060, -2.352]
- Rotation: in RPY (degree) [-1.473, -3.444, -134.769]
- Matrix:
 -0.703  0.709  0.061  6.512
 -0.709 -0.705  0.025 15.009
  0.060 -0.026  0.998  0.021
  0.000  0.000  0.000  1.000
At time 1779613183.850230216
- Translation: [6.460, 14.938, 0.017]
- Rotation: in Quaternion (xyzw) [0.036, -0.002, 0.894, -0.446]
- Rotation: in RPY (radian) [-0.037, -0.063, -2.216]
- Rotation: in RPY (degree) [-2.098, -3.609, -126.951]
- Matrix:
 -0.600  0.797  0.067  6.460
 -0.798 -0.603  0.028 14.938
  0.063 -0.037  0.997  0.017
  0.000  0.000  0.000  1.000
At time 1779613184.850261688
- Translation: [6.393, 14.806, 0.010]
- Rotation: in Quaternion (xyzw) [-0.038, 0.009, -0.864, 0.501]
- Rotation: in RPY (radian) [-0.053, -0.057, -2.089]
- Rotation: in RPY (degree) [-3.055, -3.272, -119.683]
- Matrix:
 -0.494  0.866  0.075  6.393
 -0.867 -0.497  0.023 14.806
  0.057 -0.053  0.997  0.010
  0.000  0.000  0.000  1.000
At time 1779613185.850266456
- Translation: [6.316, 14.679, 0.006]
- Rotation: in Quaternion (xyzw) [-0.045, 0.016, -0.830, 0.556]
- Rotation: in RPY (radian) [-0.077, -0.056, -1.959]
- Rotation: in RPY (degree) [-4.402, -3.222, -112.264]
- Matrix:
 -0.378  0.921  0.092  6.316
 -0.924 -0.382  0.023 14.679
  0.056 -0.077  0.995  0.006
  0.000  0.000  0.000  1.000
At time 1779613186.850286483
- Translation: [6.273, 14.567, 0.010]
- Rotation: in Quaternion (xyzw) [-0.050, 0.019, -0.800, 0.598]
- Rotation: in RPY (radian) [-0.091, -0.056, -1.855]
- Rotation: in RPY (degree) [-5.197, -3.232, -106.291]
- Matrix:
 -0.280  0.954  0.103  6.273
 -0.958 -0.284  0.028 14.567
  0.056 -0.090  0.994  0.010
  0.000  0.000  0.000  1.000
At time 1779613187.850367546
- Translation: [6.247, 14.481, 0.004]
- Rotation: in Quaternion (xyzw) [-0.043, 0.005, -0.800, 0.598]
- Rotation: in RPY (radian) [-0.060, -0.063, -1.855]
- Rotation: in RPY (degree) [-3.440, -3.633, -106.294]
- Matrix:
 -0.280  0.957  0.075  6.247
 -0.958 -0.284  0.044 14.481
  0.063 -0.060  0.996  0.004
  0.000  0.000  0.000  1.000
At time 1779613188.850406408
- Translation: [6.241, 14.501, 0.002]
- Rotation: in Quaternion (xyzw) [-0.039, 0.008, -0.797, 0.603]
- Rotation: in RPY (radian) [-0.061, -0.053, -1.844]
- Rotation: in RPY (degree) [-3.468, -3.012, -105.649]
- Matrix:
 -0.269  0.960  0.072  6.241
 -0.962 -0.272  0.034 14.501
  0.053 -0.060  0.997  0.002
  0.000  0.000  0.000  1.000
At time 1779613189.850547552
- Translation: [6.271, 14.445, 0.007]
- Rotation: in Quaternion (xyzw) [-0.026, 0.007, -0.675, 0.738]
- Rotation: in RPY (radian) [-0.048, -0.024, -1.481]
- Rotation: in RPY (degree) [-2.730, -1.359, -84.853]
- Matrix:
  0.090  0.995  0.045  6.271
 -0.996  0.088  0.028 14.445
  0.024 -0.048  0.999  0.007
  0.000  0.000  0.000  1.000
At time 1779613190.850562572
- Translation: [6.300, 14.311, -0.008]
- Rotation: in Quaternion (xyzw) [-0.024, 0.010, -0.622, 0.782]
- Rotation: in RPY (radian) [-0.051, -0.014, -1.343]
- Rotation: in RPY (degree) [-2.920, -0.785, -76.958]
- Matrix:
  0.226  0.973  0.047  6.300
 -0.974  0.225  0.025 14.311
  0.014 -0.051  0.999 -0.008
  0.000  0.000  0.000  1.000
At time 1779613191.850596666
- Translation: [6.336, 14.011, 0.006]
- Rotation: in Quaternion (xyzw) [-0.021, 0.006, -0.640, 0.768]
- Rotation: in RPY (radian) [-0.039, -0.018, -1.388]
- Rotation: in RPY (degree) [-2.243, -1.032, -79.522]
- Matrix:
  0.182  0.983  0.035  6.336
 -0.983  0.181  0.025 14.011
  0.018 -0.039  0.999  0.006
  0.000  0.000  0.000  1.000
At time 1779613192.850620746
- Translation: [6.355, 13.720, 0.001]
- Rotation: in Quaternion (xyzw) [-0.022, 0.018, -0.662, 0.749]
- Rotation: in RPY (radian) [-0.058, -0.002, -1.448]
- Rotation: in RPY (degree) [-3.310, -0.110, -82.971]
- Matrix:
  0.122  0.991  0.057  6.355
 -0.992  0.122  0.009 13.720
  0.002 -0.058  0.998  0.001
  0.000  0.000  0.000  1.000
At time 1779613193.850605487
- Translation: [6.357, 13.366, -0.002]
- Rotation: in Quaternion (xyzw) [-0.030, 0.023, -0.704, 0.709]
- Rotation: in RPY (radian) [-0.075, -0.010, -1.564]
- Rotation: in RPY (degree) [-4.296, -0.577, -89.626]
- Matrix:
  0.007  0.997  0.075  6.357
 -1.000  0.006  0.011 13.366
  0.010 -0.075  0.997 -0.002
  0.000  0.000  0.000  1.000
At time 1779613194.850672483
- Translation: [6.375, 13.007, 0.002]
- Rotation: in Quaternion (xyzw) [-0.036, 0.028, -0.742, 0.669]
- Rotation: in RPY (radian) [-0.090, -0.015, -1.673]
- Rotation: in RPY (degree) [-5.165, -0.857, -95.858]
- Matrix:
 -0.102  0.991  0.091  6.375
 -0.995 -0.103  0.006 13.007
  0.015 -0.090  0.996  0.002
  0.000  0.000  0.000  1.000
At time 1779613195.850871324
- Translation: [6.300, 12.619, 0.007]
- Rotation: in Quaternion (xyzw) [-0.048, 0.030, -0.771, 0.634]
- Rotation: in RPY (radian) [-0.108, -0.036, -1.763]
- Rotation: in RPY (degree) [-6.193, -2.066, -101.019]
- Matrix:
 -0.191  0.975  0.113  6.300
 -0.981 -0.194  0.015 12.619
  0.036 -0.108  0.994  0.007
  0.000  0.000  0.000  1.000
At time 1779613196.850786447
- Translation: [6.224, 12.218, 0.003]
- Rotation: in Quaternion (xyzw) [-0.045, 0.030, -0.777, 0.627]
- Rotation: in RPY (radian) [-0.104, -0.032, -1.782]
- Rotation: in RPY (degree) [-5.966, -1.832, -102.129]
- Matrix:
 -0.210  0.972  0.108  6.224
 -0.977 -0.212  0.009 12.218
  0.032 -0.104  0.994  0.003
  0.000  0.000  0.000  1.000
At time 1779613197.850845813
- Translation: [6.150, 11.834, 0.003]
- Rotation: in Quaternion (xyzw) [-0.038, 0.029, -0.748, 0.662]
- Rotation: in RPY (radian) [-0.094, -0.018, -1.691]
- Rotation: in RPY (degree) [-5.368, -1.040, -96.895]
- Matrix:
 -0.120  0.988  0.095  6.150
 -0.993 -0.121  0.007 11.834
  0.018 -0.094  0.995  0.003
  0.000  0.000  0.000  1.000
At time 1779613198.850952386
- Translation: [6.132, 11.444, -0.003]
- Rotation: in Quaternion (xyzw) [-0.035, 0.021, -0.717, 0.696]
- Rotation: in RPY (radian) [-0.079, -0.022, -1.601]
- Rotation: in RPY (degree) [-4.500, -1.253, -91.714]
- Matrix:
 -0.030  0.996  0.079  6.132
 -0.999 -0.032  0.019 11.444
  0.022 -0.078  0.997 -0.003
  0.000  0.000  0.000  1.000
At time 1779613199.851014375
- Translation: [6.111, 11.054, -0.001]
- Rotation: in Quaternion (xyzw) [-0.026, 0.014, -0.695, 0.718]
- Rotation: in RPY (radian) [-0.057, -0.017, -1.538]
- Rotation: in RPY (degree) [-3.241, -0.978, -88.107]
- Matrix:
  0.033  0.998  0.056  6.111
 -0.999  0.032  0.019 11.054
  0.017 -0.057  0.998 -0.001
  0.000  0.000  0.000  1.000
At time 1779613200.851139307
- Translation: [6.145, 10.753, 0.001]
- Rotation: in Quaternion (xyzw) [-0.023, 0.005, -0.687, 0.726]
- Rotation: in RPY (radian) [-0.040, -0.025, -1.516]
- Rotation: in RPY (degree) [-2.276, -1.412, -86.854]
- Matrix:
  0.055  0.998  0.038  6.145
 -0.998  0.054  0.027 10.753
  0.025 -0.040  0.999  0.001
  0.000  0.000  0.000  1.000
At time 1779613201.851066589
- Translation: [6.155, 10.542, 0.005]
- Rotation: in Quaternion (xyzw) [-0.023, 0.006, -0.692, 0.722]
- Rotation: in RPY (radian) [-0.041, -0.022, -1.527]
- Rotation: in RPY (degree) [-2.364, -1.277, -87.504]
- Matrix:
  0.044  0.998  0.040  6.155
 -0.999  0.043  0.024 10.542
  0.022 -0.041  0.999  0.005
  0.000  0.000  0.000  1.000
At time 1779613202.851769447
- Translation: [6.171, 10.404, 0.001]
- Rotation: in Quaternion (xyzw) [-0.034, 0.007, -0.686, 0.727]
- Rotation: in RPY (radian) [-0.059, -0.036, -1.511]
- Rotation: in RPY (degree) [-3.405, -2.049, -86.577]
- Matrix:
  0.060  0.997  0.057  6.171
 -0.998  0.057  0.039 10.404
  0.036 -0.059  0.998  0.001
  0.000  0.000  0.000  1.000
At time 1779613203.851403474
- Translation: [6.157, 10.386, 0.003]
- Rotation: in Quaternion (xyzw) [-0.042, 0.014, -0.683, 0.729]
- Rotation: in RPY (radian) [-0.081, -0.037, -1.504]
- Rotation: in RPY (degree) [-4.660, -2.132, -86.191]
- Matrix:
  0.066  0.995  0.079  6.157
 -0.997  0.063  0.042 10.386
  0.037 -0.081  0.996  0.003
  0.000  0.000  0.000  1.000
At time 1779613204.851239442
- Translation: [6.161, 10.390, 0.002]
- Rotation: in Quaternion (xyzw) [-0.043, 0.014, -0.684, 0.728]
- Rotation: in RPY (radian) [-0.081, -0.039, -1.506]
- Rotation: in RPY (degree) [-4.660, -2.207, -86.285]
- Matrix:
  0.065  0.995  0.079  6.161
 -0.997  0.061  0.044 10.390
  0.039 -0.081  0.996  0.002
  0.000  0.000  0.000  1.000
At time 1779613205.851495742
- Translation: [6.158, 10.393, 0.002]
- Rotation: in Quaternion (xyzw) [-0.043, 0.014, -0.684, 0.729]
- Rotation: in RPY (radian) [-0.081, -0.038, -1.505]
- Rotation: in RPY (degree) [-4.635, -2.195, -86.258]
- Matrix:
  0.065  0.995  0.078  6.158
 -0.997  0.062  0.043 10.393
  0.038 -0.081  0.996  0.002
  0.000  0.000  0.000  1.000
At time 1779613206.851375579
- Translation: [6.157, 10.391, 0.001]
- Rotation: in Quaternion (xyzw) [-0.043, 0.013, -0.684, 0.729]
- Rotation: in RPY (radian) [-0.081, -0.040, -1.505]
- Rotation: in RPY (degree) [-4.647, -2.284, -86.255]
- Matrix:
  0.065  0.995  0.078  6.157
 -0.997  0.062  0.045 10.391
  0.040 -0.081  0.996  0.001
  0.000  0.000  0.000  1.000
At time 1779613207.851358413
- Translation: [6.160, 10.392, -0.001]
- Rotation: in Quaternion (xyzw) [-0.043, 0.013, -0.684, 0.728]
- Rotation: in RPY (radian) [-0.081, -0.040, -1.506]
- Rotation: in RPY (degree) [-4.660, -2.283, -86.268]
- Matrix:
  0.065  0.995  0.078  6.160
 -0.997  0.062  0.045 10.392
  0.040 -0.081  0.996 -0.001
  0.000  0.000  0.000  1.000
At time 1779613208.851418256
- Translation: [6.158, 10.396, 0.000]
- Rotation: in Quaternion (xyzw) [-0.043, 0.013, -0.684, 0.728]
- Rotation: in RPY (radian) [-0.081, -0.040, -1.506]
- Rotation: in RPY (degree) [-4.645, -2.286, -86.289]
- Matrix:
  0.065  0.995  0.078  6.158
 -0.997  0.061  0.045 10.396
  0.040 -0.081  0.996  0.000
  0.000  0.000  0.000  1.000
At time 1779613209.851558685
- Translation: [6.158, 10.387, 0.002]
- Rotation: in Quaternion (xyzw) [-0.043, 0.013, -0.684, 0.728]
- Rotation: in RPY (radian) [-0.081, -0.040, -1.506]
- Rotation: in RPY (degree) [-4.648, -2.301, -86.269]
- Matrix:
  0.065  0.995  0.078  6.158
 -0.997  0.062  0.045 10.387
  0.040 -0.081  0.996  0.002
  0.000  0.000  0.000  1.000
At time 1779613210.852040529
- Translation: [6.158, 10.384, 0.001]
- Rotation: in Quaternion (xyzw) [-0.044, 0.013, -0.683, 0.729]
- Rotation: in RPY (radian) [-0.081, -0.041, -1.505]
- Rotation: in RPY (degree) [-4.661, -2.334, -86.202]
- Matrix:
  0.066  0.995  0.078  6.158
 -0.997  0.063  0.046 10.384
  0.041 -0.081  0.996  0.001
  0.000  0.000  0.000  1.000
At time 1779613211.851584434
- Translation: [6.161, 10.385, -0.001]
- Rotation: in Quaternion (xyzw) [-0.044, 0.013, -0.683, 0.729]
- Rotation: in RPY (radian) [-0.082, -0.041, -1.505]
- Rotation: in RPY (degree) [-4.706, -2.322, -86.241]
- Matrix:
  0.066  0.995  0.079  6.161
 -0.997  0.062  0.046 10.385
  0.041 -0.082  0.996 -0.001
  0.000  0.000  0.000  1.000
At time 1779613212.851603269
- Translation: [6.160, 10.394, 0.001]
- Rotation: in Quaternion (xyzw) [-0.044, 0.013, -0.683, 0.729]
- Rotation: in RPY (radian) [-0.082, -0.040, -1.505]
- Rotation: in RPY (degree) [-4.711, -2.300, -86.212]
- Matrix:
  0.066  0.995  0.079  6.160
 -0.997  0.063  0.045 10.394
  0.040 -0.082  0.996  0.001
  0.000  0.000  0.000  1.000
At time 1779613213.851656675
- Translation: [6.157, 10.392, 0.002]
- Rotation: in Quaternion (xyzw) [-0.043, 0.014, -0.683, 0.729]
- Rotation: in RPY (radian) [-0.082, -0.039, -1.505]
- Rotation: in RPY (degree) [-4.689, -2.259, -86.203]
- Matrix:
  0.066  0.995  0.079  6.157
 -0.997  0.063  0.045 10.392
  0.039 -0.082  0.996  0.002
  0.000  0.000  0.000  1.000
At time 1779613214.851699829
- Translation: [6.159, 10.392, 0.002]
- Rotation: in Quaternion (xyzw) [-0.043, 0.014, -0.683, 0.729]
- Rotation: in RPY (radian) [-0.082, -0.039, -1.505]
- Rotation: in RPY (degree) [-4.672, -2.213, -86.230]
- Matrix:
  0.066  0.995  0.079  6.159
 -0.997  0.062  0.044 10.392
  0.039 -0.081  0.996  0.002
  0.000  0.000  0.000  1.000
At time 1779613215.851757526
- Translation: [6.157, 10.392, 0.001]
- Rotation: in Quaternion (xyzw) [-0.043, 0.014, -0.683, 0.729]
- Rotation: in RPY (radian) [-0.082, -0.038, -1.505]
- Rotation: in RPY (degree) [-4.682, -2.171, -86.233]
- Matrix:
  0.066  0.995  0.079  6.157
 -0.997  0.062  0.043 10.392
  0.038 -0.082  0.996  0.001
  0.000  0.000  0.000  1.000
At time 1779613216.851794242
- Translation: [6.158, 10.389, -0.000]
- Rotation: in Quaternion (xyzw) [-0.043, 0.014, -0.683, 0.729]
- Rotation: in RPY (radian) [-0.082, -0.038, -1.505]
- Rotation: in RPY (degree) [-4.698, -2.194, -86.230]
- Matrix:
  0.066  0.995  0.079  6.158
 -0.997  0.062  0.043 10.389
  0.038 -0.082  0.996 -0.000
  0.000  0.000  0.000  1.000
At time 1779613217.852002620
- Translation: [6.156, 10.391, -0.001]
- Rotation: in Quaternion (xyzw) [-0.043, 0.014, -0.683, 0.729]
- Rotation: in RPY (radian) [-0.082, -0.039, -1.504]
- Rotation: in RPY (degree) [-4.680, -2.211, -86.201]
- Matrix:
  0.066  0.995  0.079  6.156
 -0.997  0.063  0.044 10.391
  0.039 -0.082  0.996 -0.001
  0.000  0.000  0.000  1.000
At time 1779613218.852193593
- Translation: [6.155, 10.390, 0.002]
- Rotation: in Quaternion (xyzw) [-0.042, 0.015, -0.683, 0.729]
- Rotation: in RPY (radian) [-0.082, -0.036, -1.505]
- Rotation: in RPY (degree) [-4.715, -2.046, -86.223]
- Matrix:
  0.066  0.995  0.080  6.155
 -0.997  0.063  0.041 10.390
  0.036 -0.082  0.996  0.002
  0.000  0.000  0.000  1.000
At time 1779613219.851970672
- Translation: [6.157, 10.390, -0.000]
- Rotation: in Quaternion (xyzw) [-0.042, 0.015, -0.683, 0.729]
- Rotation: in RPY (radian) [-0.082, -0.037, -1.505]
- Rotation: in RPY (degree) [-4.692, -2.101, -86.251]
- Matrix:
  0.065  0.995  0.079  6.157
 -0.997  0.062  0.042 10.390
  0.037 -0.082  0.996 -0.000
  0.000  0.000  0.000  1.000
At time 1779613220.852000236
- Translation: [6.160, 10.390, 0.000]
- Rotation: in Quaternion (xyzw) [-0.042, 0.015, -0.683, 0.729]
- Rotation: in RPY (radian) [-0.082, -0.036, -1.505]
- Rotation: in RPY (degree) [-4.688, -2.071, -86.249]
- Matrix:
  0.065  0.995  0.079  6.160
 -0.997  0.062  0.041 10.390
  0.036 -0.082  0.996  0.000
  0.000  0.000  0.000  1.000
At time 1779613221.852053642
- Translation: [6.158, 10.391, -0.000]
- Rotation: in Quaternion (xyzw) [-0.042, 0.015, -0.683, 0.729]
- Rotation: in RPY (radian) [-0.082, -0.036, -1.505]
- Rotation: in RPY (degree) [-4.717, -2.050, -86.232]
- Matrix:
  0.066  0.995  0.080  6.158
 -0.997  0.063  0.041 10.391
  0.036 -0.082  0.996 -0.000
  0.000  0.000  0.000  1.000
At time 1779613222.852185487
- Translation: [6.157, 10.394, 0.001]
- Rotation: in Quaternion (xyzw) [-0.042, 0.015, -0.683, 0.729]
- Rotation: in RPY (radian) [-0.082, -0.036, -1.505]
- Rotation: in RPY (degree) [-4.698, -2.073, -86.209]
- Matrix:
  0.066  0.995  0.079  6.157
 -0.997  0.063  0.041 10.394
  0.036 -0.082  0.996  0.001
  0.000  0.000  0.000  1.000
At time 1779613223.852367401
- Translation: [6.158, 10.385, 0.003]
- Rotation: in Quaternion (xyzw) [-0.042, 0.015, -0.683, 0.729]
- Rotation: in RPY (radian) [-0.082, -0.036, -1.505]
- Rotation: in RPY (degree) [-4.709, -2.057, -86.232]
- Matrix:
  0.066  0.995  0.080  6.158
 -0.997  0.063  0.041 10.385
  0.036 -0.082  0.996  0.003
  0.000  0.000  0.000  1.000
At time 1779613224.852327346
- Translation: [6.156, 10.388, 0.001]
- Rotation: in Quaternion (xyzw) [-0.042, 0.015, -0.683, 0.729]
- Rotation: in RPY (radian) [-0.082, -0.036, -1.505]
- Rotation: in RPY (degree) [-4.690, -2.075, -86.231]
- Matrix:
  0.066  0.995  0.079  6.156
 -0.997  0.063  0.041 10.388
  0.036 -0.082  0.996  0.001
  0.000  0.000  0.000  1.000
At time 1779613225.852285623
- Translation: [6.157, 10.386, -0.000]
- Rotation: in Quaternion (xyzw) [-0.042, 0.015, -0.683, 0.729]
- Rotation: in RPY (radian) [-0.082, -0.036, -1.505]
- Rotation: in RPY (degree) [-4.681, -2.088, -86.218]
- Matrix:
  0.066  0.995  0.079  6.157
 -0.997  0.063  0.042 10.386
  0.036 -0.082  0.996 -0.000
  0.000  0.000  0.000  1.000
At time 1779613226.852594614
- Translation: [6.159, 10.384, -0.001]
- Rotation: in Quaternion (xyzw) [-0.042, 0.015, -0.683, 0.729]
- Rotation: in RPY (radian) [-0.082, -0.036, -1.505]
- Rotation: in RPY (degree) [-4.716, -2.072, -86.251]
- Matrix:
  0.065  0.995  0.080  6.159
 -0.997  0.062  0.041 10.384
  0.036 -0.082  0.996 -0.001
  0.000  0.000  0.000  1.000
At time 1779613227.852526426
- Translation: [6.155, 10.388, -0.002]
- Rotation: in Quaternion (xyzw) [-0.043, 0.014, -0.683, 0.729]
- Rotation: in RPY (radian) [-0.082, -0.037, -1.505]
- Rotation: in RPY (degree) [-4.686, -2.141, -86.209]
- Matrix:
  0.066  0.995  0.079  6.155
 -0.997  0.063  0.043 10.388
  0.037 -0.082  0.996 -0.002
  0.000  0.000  0.000  1.000
At time 1779613228.852417230
- Translation: [6.156, 10.388, 0.001]
- Rotation: in Quaternion (xyzw) [-0.043, 0.015, -0.683, 0.729]
- Rotation: in RPY (radian) [-0.082, -0.037, -1.505]
- Rotation: in RPY (degree) [-4.699, -2.112, -86.221]
- Matrix:
  0.066  0.995  0.079  6.156
 -0.997  0.063  0.042 10.388
  0.037 -0.082  0.996  0.001
  0.000  0.000  0.000  1.000
At time 1779613229.852442741
- Translation: [6.165, 10.383, -0.002]
- Rotation: in Quaternion (xyzw) [-0.043, 0.015, -0.683, 0.729]
- Rotation: in RPY (radian) [-0.082, -0.037, -1.505]
- Rotation: in RPY (degree) [-4.715, -2.106, -86.229]
- Matrix:
  0.066  0.995  0.080  6.165
 -0.997  0.063  0.042 10.383
  0.037 -0.082  0.996 -0.002
  0.000  0.000  0.000  1.000
At time 1779613230.852560758
- Translation: [6.161, 10.382, 0.000]
- Rotation: in Quaternion (xyzw) [-0.042, 0.015, -0.684, 0.728]
- Rotation: in RPY (radian) [-0.083, -0.036, -1.507]
- Rotation: in RPY (degree) [-4.730, -2.039, -86.340]
- Matrix:
  0.064  0.995  0.080  6.161
 -0.997  0.061  0.041 10.382
  0.036 -0.082  0.996  0.000
  0.000  0.000  0.000  1.000
At time 1779613231.852660417
- Translation: [6.170, 10.381, -0.002]
- Rotation: in Quaternion (xyzw) [-0.043, 0.015, -0.683, 0.729]
- Rotation: in RPY (radian) [-0.083, -0.037, -1.505]
- Rotation: in RPY (degree) [-4.728, -2.144, -86.225]
- Matrix:
  0.066  0.995  0.080  6.170
 -0.997  0.063  0.043 10.381
  0.037 -0.082  0.996 -0.002
  0.000  0.000  0.000  1.000
At time 1779613232.852613449
- Translation: [6.163, 10.393, -0.002]
- Rotation: in Quaternion (xyzw) [-0.042, 0.015, -0.684, 0.728]
- Rotation: in RPY (radian) [-0.082, -0.036, -1.507]
- Rotation: in RPY (degree) [-4.700, -2.057, -86.346]
- Matrix:
  0.064  0.995  0.079  6.163
 -0.997  0.061  0.041 10.393
  0.036 -0.082  0.996 -0.002
  0.000  0.000  0.000  1.000
At time 1779613233.852838754
- Translation: [6.158, 10.393, 0.000]
- Rotation: in Quaternion (xyzw) [-0.042, 0.015, -0.683, 0.729]
- Rotation: in RPY (radian) [-0.083, -0.036, -1.505]
- Rotation: in RPY (degree) [-4.741, -2.054, -86.247]
- Matrix:
  0.065  0.995  0.080  6.158
 -0.997  0.062  0.041 10.393
  0.036 -0.083  0.996  0.000
  0.000  0.000  0.000  1.000
At time 1779613234.853016614
- Translation: [6.158, 10.390, 0.001]
- Rotation: in Quaternion (xyzw) [-0.042, 0.015, -0.683, 0.729]
- Rotation: in RPY (radian) [-0.082, -0.036, -1.505]
- Rotation: in RPY (degree) [-4.715, -2.084, -86.211]
- Matrix:
  0.066  0.995  0.080  6.158
 -0.997  0.063  0.042 10.390
  0.036 -0.082  0.996  0.001
  0.000  0.000  0.000  1.000
At time 1779613235.852789402
- Translation: [6.155, 10.385, 0.001]
- Rotation: in Quaternion (xyzw) [-0.043, 0.015, -0.683, 0.729]
- Rotation: in RPY (radian) [-0.082, -0.037, -1.505]
- Rotation: in RPY (degree) [-4.718, -2.124, -86.210]
- Matrix:
  0.066  0.995  0.080  6.155
 -0.997  0.063  0.042 10.385
  0.037 -0.082  0.996  0.001
  0.000  0.000  0.000  1.000
At time 1779613236.852784395
- Translation: [6.159, 10.388, -0.001]
- Rotation: in Quaternion (xyzw) [-0.042, 0.015, -0.683, 0.729]
- Rotation: in RPY (radian) [-0.082, -0.036, -1.505]
- Rotation: in RPY (degree) [-4.705, -2.083, -86.233]
- Matrix:
  0.066  0.995  0.079  6.159
 -0.997  0.063  0.042 10.388
  0.036 -0.082  0.996 -0.001
  0.000  0.000  0.000  1.000
At time 1779613237.853166580
- Translation: [6.158, 10.380, 0.002]
- Rotation: in Quaternion (xyzw) [-0.043, 0.015, -0.683, 0.729]
- Rotation: in RPY (radian) [-0.082, -0.037, -1.505]
- Rotation: in RPY (degree) [-4.699, -2.122, -86.249]
- Matrix:
  0.065  0.995  0.079  6.158
 -0.997  0.062  0.042 10.380
  0.037 -0.082  0.996  0.002
  0.000  0.000  0.000  1.000
At time 1779613238.852909564
- Translation: [6.157, 10.384, -0.001]
- Rotation: in Quaternion (xyzw) [-0.043, 0.015, -0.683, 0.729]
- Rotation: in RPY (radian) [-0.083, -0.037, -1.505]
- Rotation: in RPY (degree) [-4.745, -2.102, -86.243]
- Matrix:
  0.065  0.995  0.080  6.157
 -0.997  0.062  0.042 10.384
  0.037 -0.083  0.996 -0.001
  0.000  0.000  0.000  1.000
At time 1779613239.852974414
- Translation: [6.154, 10.381, 0.000]
- Rotation: in Quaternion (xyzw) [-0.043, 0.015, -0.683, 0.729]
- Rotation: in RPY (radian) [-0.083, -0.036, -1.505]
- Rotation: in RPY (degree) [-4.739, -2.085, -86.235]
- Matrix:
  0.066  0.995  0.080  6.154
 -0.997  0.062  0.042 10.381
  0.036 -0.083  0.996  0.000
  0.000  0.000  0.000  1.000
At time 1779613240.853056430
- Translation: [6.159, 10.393, 0.001]
- Rotation: in Quaternion (xyzw) [-0.043, 0.014, -0.683, 0.729]
- Rotation: in RPY (radian) [-0.082, -0.037, -1.505]
- Rotation: in RPY (degree) [-4.707, -2.136, -86.252]
- Matrix:
  0.065  0.995  0.079  6.159
 -0.997  0.062  0.042 10.393
  0.037 -0.082  0.996  0.001
  0.000  0.000  0.000  1.000
At time 1779613241.853269577
- Translation: [6.160, 10.379, -0.002]
- Rotation: in Quaternion (xyzw) [-0.043, 0.014, -0.684, 0.728]
- Rotation: in RPY (radian) [-0.082, -0.037, -1.506]
- Rotation: in RPY (degree) [-4.700, -2.147, -86.271]
- Matrix:
  0.065  0.995  0.079  6.160
 -0.997  0.062  0.043 10.379
  0.037 -0.082  0.996 -0.002
  0.000  0.000  0.000  1.000
At time 1779613242.853112459
- Translation: [6.158, 10.391, 0.000]
- Rotation: in Quaternion (xyzw) [-0.042, 0.015, -0.683, 0.729]
- Rotation: in RPY (radian) [-0.083, -0.036, -1.505]
- Rotation: in RPY (degree) [-4.728, -2.072, -86.228]
- Matrix:
  0.066  0.995  0.080  6.158
 -0.997  0.063  0.041 10.391
  0.036 -0.082  0.996  0.000
  0.000  0.000  0.000  1.000
At time 1779613243.853156328
- Translation: [6.156, 10.395, 0.001]
- Rotation: in Quaternion (xyzw) [-0.043, 0.015, -0.683, 0.729]
- Rotation: in RPY (radian) [-0.083, -0.037, -1.505]
- Rotation: in RPY (degree) [-4.729, -2.107, -86.207]
- Matrix:
  0.066  0.995  0.080  6.156
 -0.997  0.063  0.042 10.395
  0.037 -0.082  0.996  0.001
  0.000  0.000  0.000  1.000
At time 1779613244.853414297
- Translation: [6.163, 10.387, -0.000]
- Rotation: in Quaternion (xyzw) [-0.043, 0.014, -0.684, 0.728]
- Rotation: in RPY (radian) [-0.082, -0.038, -1.506]
- Rotation: in RPY (degree) [-4.699, -2.156, -86.291]
- Matrix:
  0.065  0.995  0.079  6.163
 -0.997  0.061  0.043 10.387
  0.038 -0.082  0.996 -0.000
  0.000  0.000  0.000  1.000
At time 1779613245.853252649
- Translation: [6.157, 10.387, 0.003]
- Rotation: in Quaternion (xyzw) [-0.043, 0.014, -0.683, 0.729]
- Rotation: in RPY (radian) [-0.082, -0.037, -1.505]
- Rotation: in RPY (degree) [-4.705, -2.128, -86.211]
- Matrix:
  0.066  0.995  0.079  6.157
 -0.997  0.063  0.042 10.387
  0.037 -0.082  0.996  0.003
  0.000  0.000  0.000  1.000
At time 1779613246.853835582
- Translation: [6.159, 10.394, 0.002]
- Rotation: in Quaternion (xyzw) [-0.043, 0.014, -0.683, 0.729]
- Rotation: in RPY (radian) [-0.082, -0.037, -1.505]
- Rotation: in RPY (degree) [-4.672, -2.147, -86.234]
- Matrix:
  0.066  0.995  0.079  6.159
 -0.997  0.062  0.043 10.394
  0.037 -0.081  0.996  0.002
  0.000  0.000  0.000  1.000
At time 1779613247.853737354
- Translation: [6.157, 10.394, 0.002]
- Rotation: in Quaternion (xyzw) [-0.043, 0.015, -0.683, 0.729]
- Rotation: in RPY (radian) [-0.083, -0.036, -1.505]
- Rotation: in RPY (degree) [-4.729, -2.083, -86.240]
- Matrix:
  0.066  0.995  0.080  6.157
 -0.997  0.062  0.042 10.394
  0.036 -0.082  0.996  0.002
  0.000  0.000  0.000  1.000
At time 1779613248.853403329
- Translation: [6.159, 10.390, 0.000]
- Rotation: in Quaternion (xyzw) [-0.043, 0.014, -0.683, 0.729]
- Rotation: in RPY (radian) [-0.082, -0.037, -1.505]
- Rotation: in RPY (degree) [-4.699, -2.137, -86.242]
- Matrix:
  0.065  0.995  0.079  6.159
 -0.997  0.062  0.042 10.390
  0.037 -0.082  0.996  0.000
  0.000  0.000  0.000  1.000
At time 1779613249.853945970
- Translation: [6.157, 10.388, 0.002]
- Rotation: in Quaternion (xyzw) [-0.042, 0.015, -0.683, 0.729]
- Rotation: in RPY (radian) [-0.082, -0.036, -1.505]
- Rotation: in RPY (degree) [-4.714, -2.088, -86.221]
- Matrix:
  0.066  0.995  0.080  6.157
 -0.997  0.063  0.042 10.388
  0.036 -0.082  0.996  0.002
  0.000  0.000  0.000  1.000
At time 1779613250.853493452
- Translation: [6.156, 10.389, 0.002]
- Rotation: in Quaternion (xyzw) [-0.042, 0.014, -0.683, 0.729]
- Rotation: in RPY (radian) [-0.082, -0.037, -1.505]
- Rotation: in RPY (degree) [-4.681, -2.117, -86.204]
- Matrix:
  0.066  0.995  0.079  6.156
 -0.997  0.063  0.042 10.389
  0.037 -0.082  0.996  0.002
  0.000  0.000  0.000  1.000
At time 1779613251.853802442
- Translation: [6.157, 10.392, -0.003]
- Rotation: in Quaternion (xyzw) [-0.043, 0.014, -0.683, 0.729]
- Rotation: in RPY (radian) [-0.082, -0.038, -1.505]
- Rotation: in RPY (degree) [-4.697, -2.170, -86.222]
- Matrix:
  0.066  0.995  0.079  6.157
 -0.997  0.063  0.043 10.392
  0.038 -0.082  0.996 -0.003
  0.000  0.000  0.000  1.000
At time 1779613252.853771448
- Translation: [6.161, 10.392, 0.004]
- Rotation: in Quaternion (xyzw) [-0.042, 0.014, -0.684, 0.729]
- Rotation: in RPY (radian) [-0.082, -0.037, -1.506]
- Rotation: in RPY (degree) [-4.671, -2.127, -86.264]
- Matrix:
  0.065  0.995  0.079  6.161
 -0.997  0.062  0.042 10.392
  0.037 -0.081  0.996  0.004
  0.000  0.000  0.000  1.000
At time 1779613253.853827953
- Translation: [6.160, 10.389, -0.003]
- Rotation: in Quaternion (xyzw) [-0.043, 0.015, -0.684, 0.729]
- Rotation: in RPY (radian) [-0.082, -0.037, -1.506]
- Rotation: in RPY (degree) [-4.715, -2.121, -86.259]
- Matrix:
  0.065  0.995  0.080  6.160
 -0.997  0.062  0.042 10.389
  0.037 -0.082  0.996 -0.003
  0.000  0.000  0.000  1.000
At time 1779613254.853696584
- Translation: [6.155, 10.391, 0.002]
- Rotation: in Quaternion (xyzw) [-0.042, 0.015, -0.683, 0.729]
- Rotation: in RPY (radian) [-0.082, -0.037, -1.505]
- Rotation: in RPY (degree) [-4.685, -2.100, -86.221]
- Matrix:
  0.066  0.995  0.079  6.155
 -0.997  0.063  0.042 10.391
  0.037 -0.082  0.996  0.002
  0.000  0.000  0.000  1.000
At time 1779613255.853744268
- Translation: [6.157, 10.396, 0.001]
- Rotation: in Quaternion (xyzw) [-0.042, 0.015, -0.683, 0.729]
- Rotation: in RPY (radian) [-0.082, -0.037, -1.504]
- Rotation: in RPY (degree) [-4.704, -2.105, -86.201]
- Matrix:
  0.066  0.995  0.079  6.157
 -0.997  0.063  0.042 10.396
  0.037 -0.082  0.996  0.001
  0.000  0.000  0.000  1.000
At time 1779613256.853923320
- Translation: [6.154, 10.384, 0.001]
- Rotation: in Quaternion (xyzw) [-0.043, 0.015, -0.683, 0.729]
- Rotation: in RPY (radian) [-0.082, -0.037, -1.504]
- Rotation: in RPY (degree) [-4.715, -2.094, -86.194]
- Matrix:
  0.066  0.995  0.080  6.154
 -0.997  0.063  0.042 10.384
  0.037 -0.082  0.996  0.001
  0.000  0.000  0.000  1.000
At time 1779613257.854040622
- Translation: [6.157, 10.393, -0.001]
- Rotation: in Quaternion (xyzw) [-0.042, 0.015, -0.683, 0.729]
- Rotation: in RPY (radian) [-0.082, -0.036, -1.505]
- Rotation: in RPY (degree) [-4.717, -2.079, -86.236]
- Matrix:
  0.066  0.995  0.080  6.157
 -0.997  0.062  0.041 10.393
  0.036 -0.082  0.996 -0.001
  0.000  0.000  0.000  1.000
At time 1779613258.854022502
- Translation: [6.158, 10.395, -0.000]
- Rotation: in Quaternion (xyzw) [-0.042, 0.015, -0.683, 0.729]
- Rotation: in RPY (radian) [-0.082, -0.036, -1.505]
- Rotation: in RPY (degree) [-4.713, -2.091, -86.242]
- Matrix:
  0.065  0.995  0.080  6.158
 -0.997  0.062  0.042 10.395
  0.036 -0.082  0.996 -0.000
  0.000  0.000  0.000  1.000
At time 1779613259.853957414
- Translation: [6.157, 10.400, -0.001]
- Rotation: in Quaternion (xyzw) [-0.042, 0.015, -0.683, 0.729]
- Rotation: in RPY (radian) [-0.083, -0.036, -1.505]
- Rotation: in RPY (degree) [-4.727, -2.077, -86.243]
- Matrix:
  0.065  0.995  0.080  6.157
 -0.997  0.062  0.041 10.400
  0.036 -0.082  0.996 -0.001
  0.000  0.000  0.000  1.000
At time 1779613260.854023218
- Translation: [6.159, 10.388, 0.002]
- Rotation: in Quaternion (xyzw) [-0.043, 0.015, -0.683, 0.729]
- Rotation: in RPY (radian) [-0.082, -0.037, -1.505]
- Rotation: in RPY (degree) [-4.705, -2.107, -86.242]
- Matrix:
  0.065  0.995  0.079  6.159
 -0.997  0.062  0.042 10.388
  0.037 -0.082  0.996  0.002
  0.000  0.000  0.000  1.000
At time 1779613261.854082584
- Translation: [6.157, 10.392, -0.001]
- Rotation: in Quaternion (xyzw) [-0.042, 0.015, -0.683, 0.729]
- Rotation: in RPY (radian) [-0.082, -0.037, -1.505]
- Rotation: in RPY (degree) [-4.704, -2.099, -86.203]
- Matrix:
  0.066  0.995  0.079  6.157
 -0.997  0.063  0.042 10.392
  0.037 -0.082  0.996 -0.001
  0.000  0.000  0.000  1.000
At time 1779613262.854099512
- Translation: [6.158, 10.393, 0.002]
- Rotation: in Quaternion (xyzw) [-0.042, 0.015, -0.683, 0.729]
- Rotation: in RPY (radian) [-0.082, -0.037, -1.505]
- Rotation: in RPY (degree) [-4.704, -2.096, -86.229]
- Matrix:
  0.066  0.995  0.079  6.158
 -0.997  0.063  0.042 10.393
  0.037 -0.082  0.996  0.002
  0.000  0.000  0.000  1.000
At time 1779613263.854236364
- Translation: [6.159, 10.393, 0.002]
- Rotation: in Quaternion (xyzw) [-0.042, 0.015, -0.683, 0.729]
- Rotation: in RPY (radian) [-0.082, -0.036, -1.505]
- Rotation: in RPY (degree) [-4.726, -2.070, -86.227]
- Matrix:
  0.066  0.995  0.080  6.159
 -0.997  0.063  0.041 10.393
  0.036 -0.082  0.996  0.002
  0.000  0.000  0.000  1.000
At time 1779613264.854177236
- Translation: [6.158, 10.389, 0.002]
- Rotation: in Quaternion (xyzw) [-0.043, 0.014, -0.683, 0.729]
- Rotation: in RPY (radian) [-0.082, -0.037, -1.505]
- Rotation: in RPY (degree) [-4.688, -2.126, -86.225]
- Matrix:
  0.066  0.995  0.079  6.158
 -0.997  0.063  0.042 10.389
  0.037 -0.082  0.996  0.002
  0.000  0.000  0.000  1.000
At time 1779613265.854636430
- Translation: [6.159, 10.392, 0.001]
- Rotation: in Quaternion (xyzw) [-0.042, 0.015, -0.683, 0.729]
- Rotation: in RPY (radian) [-0.082, -0.036, -1.505]
- Rotation: in RPY (degree) [-4.717, -2.072, -86.221]
- Matrix:
  0.066  0.995  0.080  6.159
 -0.997  0.063  0.041 10.392
  0.036 -0.082  0.996  0.001
  0.000  0.000  0.000  1.000
At time 1779613266.854298591
- Translation: [6.158, 10.391, -0.000]
- Rotation: in Quaternion (xyzw) [-0.043, 0.015, -0.683, 0.729]
- Rotation: in RPY (radian) [-0.082, -0.037, -1.505]
- Rotation: in RPY (degree) [-4.721, -2.140, -86.249]
- Matrix:
  0.065  0.995  0.080  6.158
 -0.997  0.062  0.043 10.391
  0.037 -0.082  0.996 -0.000
  0.000  0.000  0.000  1.000
At time 1779613267.854371547
- Translation: [6.159, 10.391, -0.001]
- Rotation: in Quaternion (xyzw) [-0.043, 0.015, -0.684, 0.729]
- Rotation: in RPY (radian) [-0.082, -0.037, -1.506]
- Rotation: in RPY (degree) [-4.726, -2.099, -86.260]
- Matrix:
  0.065  0.995  0.080  6.159
 -0.997  0.062  0.042 10.391
  0.037 -0.082  0.996 -0.001
  0.000  0.000  0.000  1.000
At time 1779613268.855096340
- Translation: [6.158, 10.388, -0.002]
- Rotation: in Quaternion (xyzw) [-0.043, 0.015, -0.684, 0.729]
- Rotation: in RPY (radian) [-0.083, -0.036, -1.506]
- Rotation: in RPY (degree) [-4.749, -2.061, -86.264]
- Matrix:
  0.065  0.995  0.080  6.158
 -0.997  0.062  0.041 10.388
  0.036 -0.083  0.996 -0.002
  0.000  0.000  0.000  1.000
At time 1779613269.854439735
- Translation: [6.159, 10.390, 0.000]
- Rotation: in Quaternion (xyzw) [-0.043, 0.015, -0.683, 0.729]
- Rotation: in RPY (radian) [-0.082, -0.037, -1.505]
- Rotation: in RPY (degree) [-4.709, -2.118, -86.240]
- Matrix:
  0.066  0.995  0.080  6.159
 -0.997  0.062  0.042 10.390
  0.037 -0.082  0.996  0.000
  0.000  0.000  0.000  1.000
At time 1779613270.854978561
- Translation: [6.155, 10.391, -0.001]
- Rotation: in Quaternion (xyzw) [-0.043, 0.014, -0.683, 0.729]
- Rotation: in RPY (radian) [-0.082, -0.037, -1.505]
- Rotation: in RPY (degree) [-4.707, -2.148, -86.205]
- Matrix:
  0.066  0.995  0.079  6.155
 -0.997  0.063  0.043 10.391
  0.037 -0.082  0.996 -0.001
  0.000  0.000  0.000  1.000
At time 1779613271.854578495
- Translation: [6.159, 10.383, 0.000]
- Rotation: in Quaternion (xyzw) [-0.042, 0.015, -0.683, 0.729]
- Rotation: in RPY (radian) [-0.083, -0.036, -1.505]
- Rotation: in RPY (degree) [-4.731, -2.077, -86.244]
- Matrix:
  0.065  0.995  0.080  6.159
 -0.997  0.062  0.041 10.383
  0.036 -0.082  0.996  0.000
  0.000  0.000  0.000  1.000
At time 1779613272.854593276
- Translation: [6.157, 10.384, 0.002]
- Rotation: in Quaternion (xyzw) [-0.043, 0.015, -0.683, 0.729]
- Rotation: in RPY (radian) [-0.082, -0.037, -1.505]
- Rotation: in RPY (degree) [-4.708, -2.114, -86.227]
- Matrix:
  0.066  0.995  0.079  6.157
 -0.997  0.063  0.042 10.384
  0.037 -0.082  0.996  0.002
  0.000  0.000  0.000  1.000
At time 1779613273.854634523
- Translation: [6.157, 10.387, 0.001]
- Rotation: in Quaternion (xyzw) [-0.043, 0.015, -0.683, 0.729]
- Rotation: in RPY (radian) [-0.083, -0.037, -1.505]
- Rotation: in RPY (degree) [-4.739, -2.093, -86.212]
- Matrix:
  0.066  0.995  0.080  6.157
 -0.997  0.063  0.042 10.387
  0.037 -0.083  0.996  0.001
  0.000  0.000  0.000  1.000
At time 1779613274.854802608
- Translation: [6.161, 10.386, -0.002]
- Rotation: in Quaternion (xyzw) [-0.043, 0.014, -0.683, 0.729]
- Rotation: in RPY (radian) [-0.082, -0.038, -1.505]
- Rotation: in RPY (degree) [-4.709, -2.173, -86.235]
- Matrix:
  0.066  0.995  0.079  6.161
 -0.997  0.062  0.043 10.386
  0.038 -0.082  0.996 -0.002
  0.000  0.000  0.000  1.000
At time 1779613275.854778528
- Translation: [6.158, 10.386, -0.000]
- Rotation: in Quaternion (xyzw) [-0.043, 0.014, -0.683, 0.729]
- Rotation: in RPY (radian) [-0.082, -0.038, -1.505]
- Rotation: in RPY (degree) [-4.693, -2.153, -86.241]
- Matrix:
  0.066  0.995  0.079  6.158
 -0.997  0.062  0.043 10.386
  0.038 -0.082  0.996 -0.000
  0.000  0.000  0.000  1.000
At time 1779613276.854795217
- Translation: [6.155, 10.385, 0.002]
- Rotation: in Quaternion (xyzw) [-0.043, 0.015, -0.683, 0.729]
- Rotation: in RPY (radian) [-0.083, -0.037, -1.505]
- Rotation: in RPY (degree) [-4.734, -2.105, -86.210]
- Matrix:
  0.066  0.995  0.080  6.155
 -0.997  0.063  0.042 10.385
  0.037 -0.082  0.996  0.002
  0.000  0.000  0.000  1.000
At time 1779613277.854935646
- Translation: [6.157, 10.386, 0.000]
- Rotation: in Quaternion (xyzw) [-0.043, 0.015, -0.683, 0.729]
- Rotation: in RPY (radian) [-0.082, -0.037, -1.505]
- Rotation: in RPY (degree) [-4.716, -2.132, -86.256]
- Matrix:
  0.065  0.995  0.080  6.157
 -0.997  0.062  0.042 10.386
  0.037 -0.082  0.996  0.000
  0.000  0.000  0.000  1.000
At time 1779613278.855363607
- Translation: [6.153, 10.386, 0.002]
- Rotation: in Quaternion (xyzw) [-0.043, 0.014, -0.683, 0.729]
- Rotation: in RPY (radian) [-0.082, -0.037, -1.504]
- Rotation: in RPY (degree) [-4.707, -2.135, -86.185]
- Matrix:
  0.066  0.995  0.079  6.153
 -0.997  0.063  0.043 10.386
  0.037 -0.082  0.996  0.002
  0.000  0.000  0.000  1.000
At time 1779613279.855323553
- Translation: [6.157, 10.385, 0.001]
- Rotation: in Quaternion (xyzw) [-0.043, 0.014, -0.683, 0.729]
- Rotation: in RPY (radian) [-0.082, -0.038, -1.505]
- Rotation: in RPY (degree) [-4.699, -2.172, -86.229]
- Matrix:
  0.066  0.995  0.079  6.157
 -0.997  0.062  0.043 10.385
  0.038 -0.082  0.996  0.001
  0.000  0.000  0.000  1.000
At time 1779613280.855003356
- Translation: [6.159, 10.391, 0.002]
- Rotation: in Quaternion (xyzw) [-0.043, 0.014, -0.683, 0.729]
- Rotation: in RPY (radian) [-0.082, -0.037, -1.505]
- Rotation: in RPY (degree) [-4.698, -2.139, -86.251]
- Matrix:
  0.065  0.995  0.079  6.159
 -0.997  0.062  0.042 10.391
  0.037 -0.082  0.996  0.002
  0.000  0.000  0.000  1.000
At time 1779613281.855056524
- Translation: [6.155, 10.392, -0.000]
- Rotation: in Quaternion (xyzw) [-0.043, 0.015, -0.683, 0.729]
- Rotation: in RPY (radian) [-0.082, -0.037, -1.505]
- Rotation: in RPY (degree) [-4.720, -2.120, -86.214]
- Matrix:
  0.066  0.995  0.080  6.155
 -0.997  0.063  0.042 10.392
  0.037 -0.082  0.996 -0.000
  0.000  0.000  0.000  1.000
At time 1779613282.855101585
- Translation: [6.156, 10.390, 0.000]
- Rotation: in Quaternion (xyzw) [-0.043, 0.015, -0.683, 0.729]
- Rotation: in RPY (radian) [-0.082, -0.037, -1.505]
- Rotation: in RPY (degree) [-4.721, -2.125, -86.243]
- Matrix:
  0.065  0.995  0.080  6.156
 -0.997  0.062  0.042 10.390
  0.037 -0.082  0.996  0.000
  0.000  0.000  0.000  1.000
At time 1779613283.855145454
- Translation: [6.158, 10.382, 0.003]
- Rotation: in Quaternion (xyzw) [-0.043, 0.015, -0.683, 0.729]
- Rotation: in RPY (radian) [-0.082, -0.037, -1.505]
- Rotation: in RPY (degree) [-4.713, -2.103, -86.214]
- Matrix:
  0.066  0.995  0.080  6.158
 -0.997  0.063  0.042 10.382
  0.037 -0.082  0.996  0.003
  0.000  0.000  0.000  1.000
At time 1779613284.855204343
- Translation: [6.154, 10.386, 0.003]
- Rotation: in Quaternion (xyzw) [-0.043, 0.015, -0.683, 0.729]
- Rotation: in RPY (radian) [-0.082, -0.037, -1.505]
- Rotation: in RPY (degree) [-4.705, -2.123, -86.227]
- Matrix:
  0.066  0.995  0.079  6.154
 -0.997  0.063  0.042 10.386
  0.037 -0.082  0.996  0.003
  0.000  0.000  0.000  1.000
At time 1779613285.855275630
- Translation: [6.157, 10.383, -0.000]
- Rotation: in Quaternion (xyzw) [-0.043, 0.015, -0.683, 0.729]
- Rotation: in RPY (radian) [-0.083, -0.037, -1.505]
- Rotation: in RPY (degree) [-4.735, -2.103, -86.227]
- Matrix:
  0.066  0.995  0.080  6.157
 -0.997  0.063  0.042 10.383
  0.037 -0.082  0.996 -0.000
  0.000  0.000  0.000  1.000
At time 1779613286.855349540
- Translation: [6.158, 10.383, 0.002]
- Rotation: in Quaternion (xyzw) [-0.043, 0.015, -0.683, 0.729]
- Rotation: in RPY (radian) [-0.082, -0.037, -1.505]
- Rotation: in RPY (degree) [-4.696, -2.120, -86.232]
- Matrix:
  0.066  0.995  0.079  6.158
 -0.997  0.062  0.042 10.383
  0.037 -0.082  0.996  0.002
  0.000  0.000  0.000  1.000
At time 1779613287.855481386
- Translation: [6.158, 10.384, -0.002]
- Rotation: in Quaternion (xyzw) [-0.043, 0.014, -0.683, 0.729]
- Rotation: in RPY (radian) [-0.082, -0.038, -1.505]
- Rotation: in RPY (degree) [-4.726, -2.153, -86.237]
- Matrix:
  0.066  0.995  0.080  6.158
 -0.997  0.062  0.043 10.384
  0.038 -0.082  0.996 -0.002
  0.000  0.000  0.000  1.000
At time 1779613288.855608224
- Translation: [6.156, 10.384, -0.002]
- Rotation: in Quaternion (xyzw) [-0.043, 0.015, -0.683, 0.729]
- Rotation: in RPY (radian) [-0.082, -0.037, -1.505]
- Rotation: in RPY (degree) [-4.720, -2.117, -86.211]
- Matrix:
  0.066  0.995  0.080  6.156
 -0.997  0.063  0.042 10.384
  0.037 -0.082  0.996 -0.002
  0.000  0.000  0.000  1.000
At time 1779613289.855691671
- Translation: [6.155, 10.387, -0.001]
- Rotation: in Quaternion (xyzw) [-0.043, 0.015, -0.683, 0.729]
- Rotation: in RPY (radian) [-0.083, -0.037, -1.505]
- Rotation: in RPY (degree) [-4.743, -2.108, -86.244]
- Matrix:
  0.065  0.995  0.080  6.155
 -0.997  0.062  0.042 10.387
  0.037 -0.083  0.996 -0.001
  0.000  0.000  0.000  1.000
At time 1779613290.855654478
- Translation: [6.157, 10.380, 0.001]
- Rotation: in Quaternion (xyzw) [-0.043, 0.014, -0.683, 0.729]
- Rotation: in RPY (radian) [-0.082, -0.038, -1.505]
- Rotation: in RPY (degree) [-4.700, -2.156, -86.206]
- Matrix:
  0.066  0.995  0.079  6.157
 -0.997  0.063  0.043 10.380
  0.038 -0.082  0.996  0.001
  0.000  0.000  0.000  1.000
At time 1779613291.855734348
- Translation: [6.156, 10.384, 0.000]
- Rotation: in Quaternion (xyzw) [-0.043, 0.015, -0.683, 0.729]
- Rotation: in RPY (radian) [-0.082, -0.037, -1.505]
- Rotation: in RPY (degree) [-4.720, -2.110, -86.224]
- Matrix:
  0.066  0.995  0.080  6.156
 -0.997  0.063  0.042 10.384
  0.037 -0.082  0.996  0.000
  0.000  0.000  0.000  1.000
At time 1779613292.855811357
- Translation: [6.155, 10.382, 0.002]
- Rotation: in Quaternion (xyzw) [-0.043, 0.015, -0.683, 0.729]
- Rotation: in RPY (radian) [-0.082, -0.037, -1.505]
- Rotation: in RPY (degree) [-4.716, -2.104, -86.215]
- Matrix:
  0.066  0.995  0.080  6.155
 -0.997  0.063  0.042 10.382
  0.037 -0.082  0.996  0.002
  0.000  0.000  0.000  1.000
At time 1779613293.856019735
- Translation: [6.155, 10.386, -0.000]
- Rotation: in Quaternion (xyzw) [-0.043, 0.015, -0.683, 0.729]
- Rotation: in RPY (radian) [-0.082, -0.037, -1.505]
- Rotation: in RPY (degree) [-4.715, -2.123, -86.232]
- Matrix:
  0.066  0.995  0.080  6.155
 -0.997  0.062  0.042 10.386
  0.037 -0.082  0.996 -0.000
  0.000  0.000  0.000  1.000
At time 1779613294.855946540
- Translation: [6.157, 10.383, -0.000]
- Rotation: in Quaternion (xyzw) [-0.043, 0.015, -0.683, 0.729]
- Rotation: in RPY (radian) [-0.083, -0.037, -1.505]
- Rotation: in RPY (degree) [-4.735, -2.101, -86.255]
- Matrix:
  0.065  0.995  0.080  6.157
 -0.997  0.062  0.042 10.383
  0.037 -0.082  0.996 -0.000
  0.000  0.000  0.000  1.000
At time 1779613295.856119394
- Translation: [6.157, 10.382, 0.001]
- Rotation: in Quaternion (xyzw) [-0.042, 0.015, -0.683, 0.729]
- Rotation: in RPY (radian) [-0.082, -0.036, -1.505]
- Rotation: in RPY (degree) [-4.723, -2.085, -86.248]
- Matrix:
  0.065  0.995  0.080  6.157
 -0.997  0.062  0.042 10.382
  0.036 -0.082  0.996  0.001
  0.000  0.000  0.000  1.000
At time 1779613296.856433391
- Translation: [6.156, 10.381, 0.001]
- Rotation: in Quaternion (xyzw) [-0.043, 0.015, -0.683, 0.729]
- Rotation: in RPY (radian) [-0.082, -0.037, -1.504]
- Rotation: in RPY (degree) [-4.712, -2.125, -86.196]
- Matrix:
  0.066  0.995  0.080  6.156
 -0.997  0.063  0.042 10.381
  0.037 -0.082  0.996  0.001
  0.000  0.000  0.000  1.000
At time 1779613297.856186628
- Translation: [6.154, 10.383, 0.001]
- Rotation: in Quaternion (xyzw) [-0.043, 0.015, -0.683, 0.729]
- Rotation: in RPY (radian) [-0.082, -0.037, -1.505]
- Rotation: in RPY (degree) [-4.720, -2.101, -86.210]
- Matrix:
  0.066  0.995  0.080  6.154
 -0.997  0.063  0.042 10.383
  0.037 -0.082  0.996  0.001
  0.000  0.000  0.000  1.000
At time 1779613298.856436491
- Translation: [6.156, 10.390, 0.001]
- Rotation: in Quaternion (xyzw) [-0.043, 0.015, -0.683, 0.729]
- Rotation: in RPY (radian) [-0.082, -0.037, -1.505]
- Rotation: in RPY (degree) [-4.720, -2.112, -86.238]
- Matrix:
  0.066  0.995  0.080  6.156
 -0.997  0.062  0.042 10.390
  0.037 -0.082  0.996  0.001
  0.000  0.000  0.000  1.000
At time 1779613299.856332540
- Translation: [6.155, 10.392, -0.000]
- Rotation: in Quaternion (xyzw) [-0.043, 0.015, -0.683, 0.729]
- Rotation: in RPY (radian) [-0.082, -0.037, -1.505]
- Rotation: in RPY (degree) [-4.726, -2.105, -86.217]
- Matrix:
  0.066  0.995  0.080  6.155
 -0.997  0.063  0.042 10.392
  0.037 -0.082  0.996 -0.000
  0.000  0.000  0.000  1.000
At time 1779613300.856492280
- Translation: [6.156, 10.391, 0.000]
- Rotation: in Quaternion (xyzw) [-0.043, 0.015, -0.684, 0.729]
- Rotation: in RPY (radian) [-0.083, -0.036, -1.506]
- Rotation: in RPY (degree) [-4.746, -2.073, -86.264]
- Matrix:
  0.065  0.995  0.080  6.156
 -0.997  0.062  0.041 10.391
  0.036 -0.083  0.996  0.000
  0.000  0.000  0.000  1.000
At time 1779613301.856613636
- Translation: [6.156, 10.391, 0.001]
- Rotation: in Quaternion (xyzw) [-0.043, 0.015, -0.683, 0.729]
- Rotation: in RPY (radian) [-0.082, -0.037, -1.505]
- Rotation: in RPY (degree) [-4.718, -2.124, -86.219]
- Matrix:
  0.066  0.995  0.080  6.156
 -0.997  0.063  0.042 10.391
  0.037 -0.082  0.996  0.001
  0.000  0.000  0.000  1.000
At time 1779613302.856672525
- Translation: [6.157, 10.386, -0.002]
- Rotation: in Quaternion (xyzw) [-0.043, 0.015, -0.683, 0.729]
- Rotation: in RPY (radian) [-0.083, -0.037, -1.505]
- Rotation: in RPY (degree) [-4.729, -2.099, -86.254]
- Matrix:
  0.065  0.995  0.080  6.157
 -0.997  0.062  0.042 10.386
  0.037 -0.082  0.996 -0.002
  0.000  0.000  0.000  1.000
At time 1779613303.856687545
- Translation: [6.157, 10.379, 0.002]
- Rotation: in Quaternion (xyzw) [-0.043, 0.014, -0.683, 0.729]
- Rotation: in RPY (radian) [-0.082, -0.037, -1.505]
- Rotation: in RPY (degree) [-4.684, -2.128, -86.224]
- Matrix:
  0.066  0.995  0.079  6.157
 -0.997  0.063  0.042 10.379
  0.037 -0.082  0.996  0.002
  0.000  0.000  0.000  1.000
At time 1779613304.856728315
- Translation: [6.155, 10.383, -0.001]
- Rotation: in Quaternion (xyzw) [-0.043, 0.015, -0.683, 0.729]
- Rotation: in RPY (radian) [-0.083, -0.037, -1.505]
- Rotation: in RPY (degree) [-4.733, -2.119, -86.203]
- Matrix:
  0.066  0.995  0.080  6.155
 -0.997  0.063  0.042 10.383
  0.037 -0.082  0.996 -0.001
  0.000  0.000  0.000  1.000
At time 1779613305.856911659
- Translation: [6.156, 10.386, -0.001]
- Rotation: in Quaternion (xyzw) [-0.043, 0.014, -0.683, 0.729]
- Rotation: in RPY (radian) [-0.082, -0.038, -1.505]
- Rotation: in RPY (degree) [-4.697, -2.201, -86.223]
- Matrix:
  0.066  0.995  0.079  6.156
 -0.997  0.063  0.044 10.386
  0.038 -0.082  0.996 -0.001
  0.000  0.000  0.000  1.000
At time 1779613306.856874465
- Translation: [6.155, 10.388, 0.002]
- Rotation: in Quaternion (xyzw) [-0.043, 0.015, -0.683, 0.729]
- Rotation: in RPY (radian) [-0.082, -0.037, -1.505]
- Rotation: in RPY (degree) [-4.712, -2.128, -86.205]
- Matrix:
  0.066  0.995  0.080  6.155
 -0.997  0.063  0.042 10.388
  0.037 -0.082  0.996  0.002
  0.000  0.000  0.000  1.000
At time 1779613307.856943368
- Translation: [6.157, 10.390, 0.001]
- Rotation: in Quaternion (xyzw) [-0.043, 0.015, -0.683, 0.729]
- Rotation: in RPY (radian) [-0.082, -0.037, -1.505]
- Rotation: in RPY (degree) [-4.715, -2.105, -86.244]
- Matrix:
  0.065  0.995  0.080  6.157
 -0.997  0.062  0.042 10.390
  0.037 -0.082  0.996  0.001
  0.000  0.000  0.000  1.000
At time 1779613308.857021331
- Translation: [6.159, 10.381, 0.002]
- Rotation: in Quaternion (xyzw) [-0.043, 0.014, -0.683, 0.729]
- Rotation: in RPY (radian) [-0.082, -0.037, -1.505]
- Rotation: in RPY (degree) [-4.702, -2.131, -86.250]
- Matrix:
  0.065  0.995  0.079  6.159
 -0.997  0.062  0.042 10.381
  0.037 -0.082  0.996  0.002
  0.000  0.000  0.000  1.000
At time 1779613309.857313632
- Translation: [6.160, 10.402, -0.002]
- Rotation: in Quaternion (xyzw) [-0.042, 0.015, -0.684, 0.728]
- Rotation: in RPY (radian) [-0.082, -0.036, -1.506]
- Rotation: in RPY (degree) [-4.717, -2.071, -86.295]
- Matrix:
  0.065  0.995  0.080  6.160
 -0.997  0.061  0.041 10.402
  0.036 -0.082  0.996 -0.002
  0.000  0.000  0.000  1.000
At time 1779613310.857618570
- Translation: [6.158, 10.382, 0.001]
- Rotation: in Quaternion (xyzw) [-0.043, 0.013, -0.683, 0.729]
- Rotation: in RPY (radian) [-0.081, -0.039, -1.503]
- Rotation: in RPY (degree) [-4.634, -2.237, -86.116]
- Matrix:
  0.068  0.995  0.078  6.158
 -0.997  0.064  0.044 10.382
  0.039 -0.081  0.996  0.001
  0.000  0.000  0.000  1.000
At time 1779613311.857262372
- Translation: [6.158, 10.385, 0.000]
- Rotation: in Quaternion (xyzw) [-0.043, 0.014, -0.683, 0.729]
- Rotation: in RPY (radian) [-0.082, -0.037, -1.505]
- Rotation: in RPY (degree) [-4.702, -2.134, -86.204]
- Matrix:
  0.066  0.995  0.079  6.158
 -0.997  0.063  0.042 10.385
  0.037 -0.082  0.996  0.000
  0.000  0.000  0.000  1.000
At time 1779613312.857322216
- Translation: [6.153, 10.390, 0.003]
- Rotation: in Quaternion (xyzw) [-0.037, 0.021, -0.672, 0.739]
- Rotation: in RPY (radian) [-0.084, -0.018, -1.475]
- Rotation: in RPY (degree) [-4.786, -1.059, -84.525]
- Matrix:
  0.095  0.992  0.081  6.153
 -0.995  0.094  0.026 10.390
  0.018 -0.083  0.996  0.003
  0.000  0.000  0.000  1.000
At time 1779613313.857473611
- Translation: [6.198, 10.346, -0.000]
- Rotation: in Quaternion (xyzw) [-0.028, 0.015, -0.604, 0.796]
- Rotation: in RPY (radian) [-0.064, -0.010, -1.297]
- Rotation: in RPY (degree) [-3.649, -0.548, -74.315]
- Matrix:
  0.270  0.961  0.059  6.198
 -0.963  0.269  0.026 10.346
  0.010 -0.064  0.998 -0.000
  0.000  0.000  0.000  1.000
At time 1779613314.857677936
- Translation: [6.233, 10.299, -0.004]
- Rotation: in Quaternion (xyzw) [-0.031, 0.024, -0.513, 0.857]
- Rotation: in RPY (radian) [-0.077, 0.010, -1.080]
- Rotation: in RPY (degree) [-4.428, 0.587, -61.852]
- Matrix:
  0.472  0.879  0.073  6.233
 -0.882  0.471  0.027 10.299
 -0.010 -0.077  0.997 -0.004
  0.000  0.000  0.000  1.000
At time 1779613315.857583522
- Translation: [6.315, 10.324, -0.002]
- Rotation: in Quaternion (xyzw) [-0.029, 0.032, -0.414, 0.909]
- Rotation: in RPY (radian) [-0.079, 0.035, -0.856]
- Rotation: in RPY (degree) [-4.534, 1.991, -49.018]
- Matrix:
  0.655  0.751  0.082  6.315
 -0.754  0.656  0.026 10.324
 -0.035 -0.079  0.996 -0.002
  0.000  0.000  0.000  1.000
At time 1779613316.857675552
- Translation: [6.369, 10.258, 0.002]
- Rotation: in Quaternion (xyzw) [-0.028, 0.032, -0.303, 0.952]
- Rotation: in RPY (radian) [-0.072, 0.043, -0.618]
- Rotation: in RPY (degree) [-4.114, 2.487, -35.429]
- Matrix:
  0.814  0.576  0.077  6.369
 -0.579  0.815  0.033 10.258
 -0.043 -0.072  0.996  0.002
  0.000  0.000  0.000  1.000
At time 1779613317.857846260
- Translation: [6.433, 10.253, 0.011]
- Rotation: in Quaternion (xyzw) [-0.026, 0.039, -0.207, 0.977]
- Rotation: in RPY (radian) [-0.066, 0.066, -0.420]
- Rotation: in RPY (degree) [-3.809, 3.772, -24.038]
- Matrix:
  0.911  0.402  0.087  6.433
 -0.406  0.913  0.034 10.253
 -0.066 -0.066  0.996  0.011
  0.000  0.000  0.000  1.000
At time 1779613318.857898712
- Translation: [6.524, 10.227, 0.016]
- Rotation: in Quaternion (xyzw) [-0.033, 0.041, -0.117, 0.992]
- Rotation: in RPY (radian) [-0.075, 0.074, -0.238]
- Rotation: in RPY (degree) [-4.275, 4.212, -13.622]
- Matrix:
  0.969  0.230  0.089  6.524
 -0.235  0.970  0.055 10.227
 -0.073 -0.074  0.995  0.016
  0.000  0.000  0.000  1.000
At time 1779613319.858315467
- Translation: [6.616, 10.142, -0.014]
- Rotation: in Quaternion (xyzw) [-0.046, 0.039, -0.016, 0.998]
- Rotation: in RPY (radian) [-0.094, 0.076, -0.036]
- Rotation: in RPY (degree) [-5.411, 4.372, -2.077]
- Matrix:
  0.996  0.029  0.079  6.616
 -0.036  0.995  0.091 10.142
 -0.076 -0.094  0.993 -0.014
  0.000  0.000  0.000  1.000
At time 1779613320.857840299
- Translation: [6.711, 10.037, 0.009]
- Rotation: in Quaternion (xyzw) [-0.048, 0.041, 0.079, 0.995]
- Rotation: in RPY (radian) [-0.090, 0.090, 0.155]
- Rotation: in RPY (degree) [-5.150, 5.153, 8.895]
- Matrix:
  0.984 -0.162  0.075  6.711
  0.154  0.983  0.103 10.037
 -0.090 -0.089  0.992  0.009
  0.000  0.000  0.000  1.000
At time 1779613321.858069419
- Translation: [6.871, 10.063, -0.015]
- Rotation: in Quaternion (xyzw) [-0.044, 0.030, 0.174, 0.983]
- Rotation: in RPY (radian) [-0.076, 0.074, 0.348]
- Rotation: in RPY (degree) [-4.361, 4.237, 19.920]
- Matrix:
  0.938 -0.345  0.043  6.871
  0.340  0.936  0.097 10.063
 -0.074 -0.076  0.994 -0.015
  0.000  0.000  0.000  1.000
At time 1779613322.858072757
- Translation: [6.939, 10.135, -0.001]
- Rotation: in Quaternion (xyzw) [-0.026, 0.022, 0.192, 0.981]
- Rotation: in RPY (radian) [-0.042, 0.053, 0.385]
- Rotation: in RPY (degree) [-2.400, 3.060, 22.040]
- Matrix:
  0.926 -0.377  0.034  6.939
  0.375  0.925  0.059 10.135
 -0.053 -0.042  0.998 -0.001
  0.000  0.000  0.000  1.000
At time 1779613323.858481407
- Translation: [6.921, 10.118, 0.005]
- Rotation: in Quaternion (xyzw) [-0.030, 0.020, 0.183, 0.982]
- Rotation: in RPY (radian) [-0.052, 0.051, 0.367]
- Rotation: in RPY (degree) [-2.993, 2.906, 21.005]
- Matrix:
  0.932 -0.360  0.029  6.921
  0.358  0.931  0.067 10.118
 -0.051 -0.052  0.997  0.005
  0.000  0.000  0.000  1.000
At time 1779613324.858240365
- Translation: [6.934, 10.123, -0.006]
- Rotation: in Quaternion (xyzw) [-0.030, 0.020, 0.185, 0.982]
- Rotation: in RPY (radian) [-0.051, 0.051, 0.372]
- Rotation: in RPY (degree) [-2.911, 2.901, 21.286]
- Matrix:
  0.931 -0.365  0.029  6.934
  0.363  0.930  0.066 10.123
 -0.051 -0.051  0.997 -0.006
  0.000  0.000  0.000  1.000
At time 1779613325.858310699
- Translation: [6.939, 10.126, -0.004]
- Rotation: in Quaternion (xyzw) [-0.030, 0.019, 0.187, 0.982]
- Rotation: in RPY (radian) [-0.052, 0.048, 0.375]
- Rotation: in RPY (degree) [-2.955, 2.733, 21.483]
- Matrix:
  0.929 -0.368  0.025  6.939
  0.366  0.928  0.065 10.126
 -0.048 -0.051  0.998 -0.004
  0.000  0.000  0.000  1.000
At time 1779613326.858743667
- Translation: [6.942, 10.126, -0.002]
- Rotation: in Quaternion (xyzw) [-0.030, 0.017, 0.185, 0.982]
- Rotation: in RPY (radian) [-0.052, 0.045, 0.371]
- Rotation: in RPY (degree) [-2.982, 2.577, 21.256]
- Matrix:
  0.931 -0.364  0.023  6.942
  0.362  0.930  0.065 10.126
 -0.045 -0.052  0.998 -0.002
  0.000  0.000  0.000  1.000
At time 1779613327.858457326
- Translation: [6.937, 10.130, -0.004]
- Rotation: in Quaternion (xyzw) [-0.030, 0.018, 0.183, 0.982]
- Rotation: in RPY (radian) [-0.052, 0.046, 0.368]
- Rotation: in RPY (degree) [-2.988, 2.619, 21.085]
- Matrix:
  0.932 -0.361  0.024  6.937
  0.359  0.931  0.065 10.130
 -0.046 -0.052  0.998 -0.004
  0.000  0.000  0.000  1.000
At time 1779613328.858647346
- Translation: [6.939, 10.125, -0.003]
- Rotation: in Quaternion (xyzw) [-0.029, 0.018, 0.185, 0.982]
- Rotation: in RPY (radian) [-0.051, 0.047, 0.371]
- Rotation: in RPY (degree) [-2.925, 2.694, 21.231]
- Matrix:
  0.931 -0.364  0.025  6.939
  0.362  0.930  0.065 10.125
 -0.047 -0.051  0.998 -0.003
  0.000  0.000  0.000  1.000
At time 1779613329.858591556
- Translation: [6.939, 10.136, -0.003]
- Rotation: in Quaternion (xyzw) [-0.029, 0.018, 0.185, 0.982]
- Rotation: in RPY (radian) [-0.050, 0.047, 0.372]
- Rotation: in RPY (degree) [-2.864, 2.678, 21.293]
- Matrix:
  0.931 -0.365  0.025  6.939
  0.363  0.930  0.064 10.136
 -0.047 -0.050  0.998 -0.003
  0.000  0.000  0.000  1.000
At time 1779613330.858669519
- Translation: [6.932, 10.120, 0.017]
- Rotation: in Quaternion (xyzw) [-0.025, 0.032, 0.249, 0.968]
- Rotation: in RPY (radian) [-0.032, 0.075, 0.503]
- Rotation: in RPY (degree) [-1.826, 4.292, 28.832]
- Matrix:
  0.874 -0.484  0.050  6.932
  0.481  0.874  0.064 10.120
 -0.075 -0.032  0.997  0.017
  0.000  0.000  0.000  1.000
At time 1779613331.858834505
- Translation: [6.868, 10.248, -0.017]
- Rotation: in Quaternion (xyzw) [-0.011, 0.053, 0.567, 0.822]
- Rotation: in RPY (radian) [0.043, 0.099, 1.210]
- Rotation: in RPY (degree) [2.448, 5.683, 69.310]
- Matrix:
  0.352 -0.933  0.075  6.868
  0.931  0.357  0.077 10.248
 -0.099  0.042  0.994 -0.017
  0.000  0.000  0.000  1.000
At time 1779613332.858859300
- Translation: [6.911, 10.335, -0.008]
- Rotation: in Quaternion (xyzw) [-0.004, 0.041, 0.840, 0.541]
- Rotation: in RPY (radian) [0.065, 0.052, 1.998]
- Rotation: in RPY (degree) [3.743, 2.974, 114.476]
- Matrix:
 -0.414 -0.910  0.038  6.911
  0.909 -0.410  0.074 10.335
 -0.052  0.065  0.997 -0.008
  0.000  0.000  0.000  1.000
At time 1779613333.858981370
- Translation: [6.900, 10.305, 0.020]
- Rotation: in Quaternion (xyzw) [0.006, 0.027, 0.985, 0.170]
- Rotation: in RPY (radian) [0.056, -0.003, 2.800]
- Rotation: in RPY (degree) [3.214, -0.198, 160.443]
- Matrix:
 -0.942 -0.334  0.022  6.900
  0.335 -0.941  0.052 10.305
  0.003  0.056  0.998  0.020
  0.000  0.000  0.000  1.000
At time 1779613334.859047412
- Translation: [6.787, 10.309, 0.026]
- Rotation: in Quaternion (xyzw) [0.015, 0.020, 0.995, 0.100]
- Rotation: in RPY (radian) [0.042, -0.026, 2.940]
- Rotation: in RPY (degree) [2.425, -1.468, 168.434]
- Matrix:
 -0.979 -0.199  0.034  6.787
  0.200 -0.979  0.036 10.309
  0.026  0.042  0.999  0.026
  0.000  0.000  0.000  1.000
At time 1779613335.859067678
- Translation: [6.702, 10.320, -0.002]
- Rotation: in Quaternion (xyzw) [0.018, 0.017, 0.991, 0.131]
- Rotation: in RPY (radian) [0.038, -0.031, 2.877]
- Rotation: in RPY (degree) [2.181, -1.804, 164.851]
- Matrix:
 -0.965 -0.260  0.040  6.702
  0.261 -0.965  0.029 10.320
  0.031  0.038  0.999 -0.002
  0.000  0.000  0.000  1.000
At time 1779613336.859306573
- Translation: [6.686, 10.312, -0.005]
- Rotation: in Quaternion (xyzw) [0.022, 0.023, 0.992, 0.123]
- Rotation: in RPY (radian) [0.051, -0.038, 2.893]
- Rotation: in RPY (degree) [2.949, -2.204, 165.750]
- Matrix:
 -0.969 -0.244  0.050  6.686
  0.246 -0.968  0.040 10.312
  0.038  0.051  0.998 -0.005
  0.000  0.000  0.000  1.000
At time 1779613337.859237432
- Translation: [6.681, 10.308, 0.002]
- Rotation: in Quaternion (xyzw) [0.022, 0.023, 0.991, 0.127]
- Rotation: in RPY (radian) [0.051, -0.037, 2.886]
- Rotation: in RPY (degree) [2.918, -2.133, 165.383]
- Matrix:
 -0.967 -0.250  0.049  6.681
  0.252 -0.967  0.040 10.308
  0.037  0.051  0.998  0.002
  0.000  0.000  0.000  1.000
At time 1779613338.859316110
- Translation: [6.684, 10.311, -0.000]
- Rotation: in Quaternion (xyzw) [0.022, 0.023, 0.991, 0.127]
- Rotation: in RPY (radian) [0.052, -0.037, 2.887]
- Rotation: in RPY (degree) [2.964, -2.136, 165.388]
- Matrix:
 -0.967 -0.250  0.049  6.684
  0.252 -0.967  0.041 10.311
  0.037  0.052  0.998 -0.000
  0.000  0.000  0.000  1.000
At time 1779613339.859520673
- Translation: [6.680, 10.309, 0.001]
- Rotation: in Quaternion (xyzw) [0.022, 0.024, 0.991, 0.127]
- Rotation: in RPY (radian) [0.054, -0.037, 2.886]
- Rotation: in RPY (degree) [3.067, -2.123, 165.368]
- Matrix:
 -0.967 -0.250  0.049  6.680
  0.252 -0.967  0.042 10.309
  0.037  0.053  0.998  0.001
  0.000  0.000  0.000  1.000
At time 1779613340.859452486
- Translation: [6.680, 10.301, -0.001]
- Rotation: in Quaternion (xyzw) [0.021, 0.024, 0.991, 0.127]
- Rotation: in RPY (radian) [0.054, -0.036, 2.887]
- Rotation: in RPY (degree) [3.086, -2.062, 165.396]
- Matrix:
 -0.967 -0.250  0.048  6.680
  0.252 -0.967  0.043 10.301
  0.036  0.054  0.998 -0.001
  0.000  0.000  0.000  1.000
At time 1779613341.859518527
- Translation: [6.682, 10.301, -0.001]
- Rotation: in Quaternion (xyzw) [0.022, 0.025, 0.991, 0.127]
- Rotation: in RPY (radian) [0.055, -0.038, 2.886]
- Rotation: in RPY (degree) [3.128, -2.155, 165.332]
- Matrix:
 -0.967 -0.251  0.050  6.682
  0.253 -0.966  0.043 10.301
  0.038  0.055  0.998 -0.001
  0.000  0.000  0.000  1.000
At time 1779613342.859693288
- Translation: [6.672, 10.313, 0.001]
- Rotation: in Quaternion (xyzw) [0.023, 0.025, 0.991, 0.127]
- Rotation: in RPY (radian) [0.055, -0.039, 2.885]
- Rotation: in RPY (degree) [3.125, -2.251, 165.299]
- Matrix:
 -0.967 -0.251  0.052  6.672
  0.254 -0.966  0.043 10.313
  0.039  0.054  0.998  0.001
  0.000  0.000  0.000  1.000
At time 1779613343.860100746
- Translation: [6.686, 10.293, 0.004]
- Rotation: in Quaternion (xyzw) [0.022, 0.025, 0.991, 0.127]
- Rotation: in RPY (radian) [0.055, -0.038, 2.885]
- Rotation: in RPY (degree) [3.123, -2.161, 165.305]
- Matrix:
 -0.967 -0.251  0.050  6.686
  0.253 -0.966  0.043 10.293
  0.038  0.054  0.998  0.004
  0.000  0.000  0.000  1.000
At time 1779613344.859801530
- Translation: [6.701, 10.292, -0.001]
- Rotation: in Quaternion (xyzw) [0.023, 0.025, 0.991, 0.130]
- Rotation: in RPY (radian) [0.054, -0.038, 2.879]
- Rotation: in RPY (degree) [3.122, -2.196, 164.981]
- Matrix:
 -0.965 -0.257  0.051  6.701
  0.259 -0.965  0.043 10.292
  0.038  0.054  0.998 -0.001
  0.000  0.000  0.000  1.000
At time 1779613345.859890460
- Translation: [6.664, 10.293, 0.000]
- Rotation: in Quaternion (xyzw) [0.022, 0.025, 0.991, 0.127]
- Rotation: in RPY (radian) [0.055, -0.038, 2.885]
- Rotation: in RPY (degree) [3.128, -2.189, 165.320]
- Matrix:
 -0.967 -0.251  0.051  6.664
  0.253 -0.966  0.043 10.293
  0.038  0.055  0.998  0.000
  0.000  0.000  0.000  1.000
At time 1779613346.859910249
- Translation: [6.665, 10.296, 0.001]
- Rotation: in Quaternion (xyzw) [0.023, 0.024, 0.991, 0.127]
- Rotation: in RPY (radian) [0.054, -0.039, 2.886]
- Rotation: in RPY (degree) [3.101, -2.216, 165.327]
- Matrix:
 -0.967 -0.251  0.051  6.665
  0.253 -0.967  0.043 10.296
  0.039  0.054  0.998  0.001
  0.000  0.000  0.000  1.000
At time 1779613347.859980583
- Translation: [6.664, 10.299, -0.000]
- Rotation: in Quaternion (xyzw) [0.022, 0.025, 0.991, 0.127]
- Rotation: in RPY (radian) [0.054, -0.038, 2.885]
- Rotation: in RPY (degree) [3.121, -2.194, 165.294]
- Matrix:
 -0.967 -0.251  0.051  6.664
  0.254 -0.966  0.043 10.299
  0.038  0.054  0.998 -0.000
  0.000  0.000  0.000  1.000
At time 1779613348.860172510
- Translation: [6.677, 10.299, -0.001]
- Rotation: in Quaternion (xyzw) [0.023, 0.025, 0.991, 0.127]
- Rotation: in RPY (radian) [0.055, -0.039, 2.885]
- Rotation: in RPY (degree) [3.141, -2.223, 165.280]
- Matrix:
 -0.966 -0.252  0.051  6.677
  0.254 -0.966  0.043 10.299
  0.039  0.055  0.998 -0.001
  0.000  0.000  0.000  1.000
At time 1779613349.860137462
- Translation: [6.671, 10.296, -0.002]
- Rotation: in Quaternion (xyzw) [0.023, 0.025, 0.991, 0.127]
- Rotation: in RPY (radian) [0.055, -0.039, 2.886]
- Rotation: in RPY (degree) [3.123, -2.216, 165.352]
- Matrix:
 -0.967 -0.250  0.051  6.671
  0.253 -0.967  0.043 10.296
  0.039  0.054  0.998 -0.002
  0.000  0.000  0.000  1.000
At time 1779613350.860234260
- Translation: [6.667, 10.297, -0.002]
- Rotation: in Quaternion (xyzw) [0.023, 0.024, 0.991, 0.127]
- Rotation: in RPY (radian) [0.054, -0.039, 2.886]
- Rotation: in RPY (degree) [3.100, -2.238, 165.337]
- Matrix:
 -0.967 -0.251  0.051  6.667
  0.253 -0.967  0.042 10.297
  0.039  0.054  0.998 -0.002
  0.000  0.000  0.000  1.000
At time 1779613351.860295534
- Translation: [6.663, 10.293, 0.002]
- Rotation: in Quaternion (xyzw) [0.023, 0.024, 0.991, 0.127]
- Rotation: in RPY (radian) [0.054, -0.039, 2.887]
- Rotation: in RPY (degree) [3.093, -2.242, 165.386]
- Matrix:
 -0.967 -0.250  0.051  6.663
  0.252 -0.967  0.042 10.293
  0.039  0.054  0.998  0.002
  0.000  0.000  0.000  1.000
At time 1779613352.860477447
- Translation: [6.670, 10.301, -0.003]
- Rotation: in Quaternion (xyzw) [0.023, 0.024, 0.991, 0.127]
- Rotation: in RPY (radian) [0.054, -0.040, 2.886]
- Rotation: in RPY (degree) [3.077, -2.273, 165.334]
- Matrix:
 -0.967 -0.251  0.052  6.670
  0.253 -0.967  0.042 10.301
  0.040  0.054  0.998 -0.003
  0.000  0.000  0.000  1.000
At time 1779613353.860449552
- Translation: [6.672, 10.301, -0.001]
- Rotation: in Quaternion (xyzw) [0.023, 0.024, 0.991, 0.127]
- Rotation: in RPY (radian) [0.053, -0.040, 2.886]
- Rotation: in RPY (degree) [3.034, -2.302, 165.333]
- Matrix:
 -0.967 -0.251  0.052  6.672
  0.253 -0.967  0.041 10.301
  0.040  0.053  0.998 -0.001
  0.000  0.000  0.000  1.000
At time 1779613354.860581398
- Translation: [6.666, 10.307, 0.001]
- Rotation: in Quaternion (xyzw) [0.023, 0.024, 0.991, 0.126]
- Rotation: in RPY (radian) [0.053, -0.040, 2.887]
- Rotation: in RPY (degree) [3.052, -2.293, 165.399]
- Matrix:
 -0.967 -0.250  0.052  6.666
  0.252 -0.967  0.041 10.307
  0.040  0.053  0.998  0.001
  0.000  0.000  0.000  1.000
At time 1779613355.860579729
- Translation: [6.663, 10.298, -0.000]
- Rotation: in Quaternion (xyzw) [0.023, 0.024, 0.991, 0.127]
- Rotation: in RPY (radian) [0.053, -0.040, 2.886]
- Rotation: in RPY (degree) [3.054, -2.308, 165.336]
- Matrix:
 -0.967 -0.251  0.052  6.663
  0.253 -0.967  0.041 10.298
  0.040  0.053  0.998 -0.000
  0.000  0.000  0.000  1.000
At time 1779613356.860662460
- Translation: [6.675, 10.296, -0.001]
- Rotation: in Quaternion (xyzw) [0.023, 0.024, 0.991, 0.127]
- Rotation: in RPY (radian) [0.053, -0.040, 2.885]
- Rotation: in RPY (degree) [3.061, -2.312, 165.282]
- Matrix:
 -0.966 -0.252  0.053  6.675
  0.254 -0.966  0.041 10.296
  0.040  0.053  0.998 -0.001
  0.000  0.000  0.000  1.000
At time 1779613357.860749483
- Translation: [6.676, 10.289, 0.001]
- Rotation: in Quaternion (xyzw) [0.023, 0.024, 0.991, 0.128]
- Rotation: in RPY (radian) [0.054, -0.039, 2.884]
- Rotation: in RPY (degree) [3.118, -2.214, 165.252]
- Matrix:
 -0.966 -0.252  0.051  6.676
  0.254 -0.966  0.043 10.289
  0.039  0.054  0.998  0.001
  0.000  0.000  0.000  1.000
At time 1779613358.860811233
- Translation: [6.673, 10.300, 0.001]
- Rotation: in Quaternion (xyzw) [0.023, 0.024, 0.991, 0.127]
- Rotation: in RPY (radian) [0.054, -0.039, 2.886]
- Rotation: in RPY (degree) [3.104, -2.223, 165.344]
- Matrix:
 -0.967 -0.251  0.051  6.673
  0.253 -0.967  0.043 10.300
  0.039  0.054  0.998  0.001
  0.000  0.000  0.000  1.000
At time 1779613359.861025571
- Translation: [6.670, 10.305, 0.002]
- Rotation: in Quaternion (xyzw) [0.022, 0.025, 0.991, 0.127]
- Rotation: in RPY (radian) [0.055, -0.038, 2.886]
- Rotation: in RPY (degree) [3.129, -2.196, 165.337]
- Matrix:
 -0.967 -0.251  0.051  6.670
  0.253 -0.967  0.043 10.305
  0.038  0.055  0.998  0.002
  0.000  0.000  0.000  1.000
At time 1779613360.860976457
- Translation: [6.668, 10.303, 0.002]
- Rotation: in Quaternion (xyzw) [0.023, 0.025, 0.991, 0.127]
- Rotation: in RPY (radian) [0.055, -0.038, 2.886]
- Rotation: in RPY (degree) [3.136, -2.202, 165.364]
- Matrix:
 -0.967 -0.250  0.051  6.668
  0.252 -0.967  0.043 10.303
  0.038  0.055  0.998  0.002
  0.000  0.000  0.000  1.000
At time 1779613361.861164331
- Translation: [6.676, 10.300, -0.002]
- Rotation: in Quaternion (xyzw) [0.023, 0.024, 0.991, 0.128]
- Rotation: in RPY (radian) [0.054, -0.039, 2.885]
- Rotation: in RPY (degree) [3.096, -2.232, 165.281]
- Matrix:
 -0.966 -0.252  0.051  6.676
  0.254 -0.966  0.042 10.300
  0.039  0.054  0.998 -0.002
  0.000  0.000  0.000  1.000
At time 1779613362.861191272
- Translation: [6.676, 10.298, 0.001]
- Rotation: in Quaternion (xyzw) [0.023, 0.024, 0.991, 0.127]
- Rotation: in RPY (radian) [0.054, -0.039, 2.885]
- Rotation: in RPY (degree) [3.085, -2.239, 165.289]
- Matrix:
 -0.966 -0.252  0.051  6.676
  0.254 -0.966  0.042 10.298
  0.039  0.054  0.998  0.001
  0.000  0.000  0.000  1.000
At time 1779613363.861206531
- Translation: [6.671, 10.291, 0.002]
- Rotation: in Quaternion (xyzw) [0.022, 0.024, 0.991, 0.127]
- Rotation: in RPY (radian) [0.054, -0.038, 2.886]
- Rotation: in RPY (degree) [3.085, -2.198, 165.355]
- Matrix:
 -0.967 -0.250  0.051  6.671
  0.253 -0.967  0.042 10.291
  0.038  0.054  0.998  0.002
  0.000  0.000  0.000  1.000
At time 1779613364.861404657
- Translation: [6.663, 10.289, 0.000]
- Rotation: in Quaternion (xyzw) [0.023, 0.024, 0.991, 0.128]
- Rotation: in RPY (radian) [0.054, -0.039, 2.885]
- Rotation: in RPY (degree) [3.104, -2.235, 165.277]
- Matrix:
 -0.966 -0.252  0.051  6.663
  0.254 -0.966  0.042 10.289
  0.039  0.054  0.998  0.000
  0.000  0.000  0.000  1.000
At time 1779613365.861368417
- Translation: [6.675, 10.285, -0.001]
- Rotation: in Quaternion (xyzw) [0.023, 0.024, 0.991, 0.128]
- Rotation: in RPY (radian) [0.053, -0.039, 2.883]
- Rotation: in RPY (degree) [3.053, -2.257, 165.177]
- Matrix:
 -0.966 -0.253  0.052  6.675
  0.256 -0.966  0.041 10.285
  0.039  0.053  0.998 -0.001
  0.000  0.000  0.000  1.000
At time 1779613366.861556291
- Translation: [6.666, 10.291, 0.001]
- Rotation: in Quaternion (xyzw) [0.023, 0.024, 0.991, 0.127]
- Rotation: in RPY (radian) [0.054, -0.039, 2.886]
- Rotation: in RPY (degree) [3.078, -2.240, 165.384]
- Matrix:
 -0.967 -0.250  0.051  6.666
  0.252 -0.967  0.042 10.291
  0.039  0.054  0.998  0.001
  0.000  0.000  0.000  1.000
At time 1779613367.861627578
- Translation: [6.630, 10.297, 0.000]
- Rotation: in Quaternion (xyzw) [0.022, 0.024, 0.992, 0.125]
- Rotation: in RPY (radian) [0.053, -0.038, 2.890]
- Rotation: in RPY (degree) [3.059, -2.197, 165.589]
- Matrix:
 -0.968 -0.247  0.050  6.630
  0.249 -0.968  0.042 10.297
  0.038  0.053  0.998  0.000
  0.000  0.000  0.000  1.000
At time 1779613368.861808538
- Translation: [6.718, 10.290, 0.000]
- Rotation: in Quaternion (xyzw) [0.022, 0.024, 0.991, 0.129]
- Rotation: in RPY (radian) [0.054, -0.037, 2.882]
- Rotation: in RPY (degree) [3.093, -2.105, 165.154]
- Matrix:
 -0.966 -0.254  0.049  6.718
  0.256 -0.966  0.043 10.290
  0.037  0.054  0.998  0.000
  0.000  0.000  0.000  1.000
At time 1779613369.861666440
- Translation: [6.679, 10.289, -0.000]
- Rotation: in Quaternion (xyzw) [0.022, 0.024, 0.991, 0.127]
- Rotation: in RPY (radian) [0.054, -0.038, 2.885]
- Rotation: in RPY (degree) [3.073, -2.191, 165.316]
- Matrix:
 -0.967 -0.251  0.051  6.679
  0.253 -0.966  0.042 10.289
  0.038  0.054  0.998 -0.000
  0.000  0.000  0.000  1.000
At time 1779613370.861730337
- Translation: [6.692, 10.293, 0.003]
- Rotation: in Quaternion (xyzw) [0.023, 0.024, 0.991, 0.127]
- Rotation: in RPY (radian) [0.054, -0.038, 2.885]
- Rotation: in RPY (degree) [3.111, -2.204, 165.296]
- Matrix:
 -0.967 -0.251  0.051  6.692
  0.254 -0.966  0.043 10.293
  0.038  0.054  0.998  0.003
  0.000  0.000  0.000  1.000
At time 1779613371.861795663
- Translation: [6.709, 10.293, -0.003]
- Rotation: in Quaternion (xyzw) [0.022, 0.023, 0.991, 0.129]
- Rotation: in RPY (radian) [0.051, -0.037, 2.882]
- Rotation: in RPY (degree) [2.934, -2.110, 165.146]
- Matrix:
 -0.966 -0.254  0.049  6.709
  0.256 -0.966  0.040 10.293
  0.037  0.051  0.998 -0.003
  0.000  0.000  0.000  1.000
At time 1779613372.861904621
- Translation: [6.679, 10.295, -0.004]
- Rotation: in Quaternion (xyzw) [0.022, 0.025, 0.991, 0.128]
- Rotation: in RPY (radian) [0.054, -0.037, 2.884]
- Rotation: in RPY (degree) [3.105, -2.100, 165.270]
- Matrix:
 -0.966 -0.252  0.049  6.679
  0.254 -0.966  0.043 10.295
  0.037  0.054  0.998 -0.004
  0.000  0.000  0.000  1.000
At time 1779613373.862102508
- Translation: [6.660, 10.309, -0.000]
- Rotation: in Quaternion (xyzw) [0.024, 0.024, 0.991, 0.127]
- Rotation: in RPY (radian) [0.054, -0.042, 2.887]
- Rotation: in RPY (degree) [3.109, -2.400, 165.390]
- Matrix:
 -0.967 -0.250  0.054  6.660
  0.252 -0.967  0.042 10.309
  0.042  0.054  0.998 -0.000
  0.000  0.000  0.000  1.000
At time 1779613374.862185239
- Translation: [6.659, 10.293, 0.003]
- Rotation: in Quaternion (xyzw) [0.023, 0.024, 0.991, 0.127]
- Rotation: in RPY (radian) [0.054, -0.040, 2.886]
- Rotation: in RPY (degree) [3.099, -2.265, 165.374]
- Matrix:
 -0.967 -0.250  0.052  6.659
  0.252 -0.967  0.042 10.293
  0.040  0.054  0.998  0.003
  0.000  0.000  0.000  1.000
At time 1779613375.862475633
- Translation: [6.673, 10.300, -0.002]
- Rotation: in Quaternion (xyzw) [0.023, 0.024, 0.991, 0.127]
- Rotation: in RPY (radian) [0.054, -0.040, 2.886]
- Rotation: in RPY (degree) [3.094, -2.285, 165.330]
- Matrix:
 -0.967 -0.251  0.052  6.673
  0.253 -0.967  0.042 10.300
  0.040  0.054  0.998 -0.002
  0.000  0.000  0.000  1.000
At time 1779613376.862173557
- Translation: [6.737, 10.285, -0.001]
- Rotation: in Quaternion (xyzw) [0.023, 0.024, 0.991, 0.131]
- Rotation: in RPY (radian) [0.054, -0.039, 2.877]
- Rotation: in RPY (degree) [3.100, -2.249, 164.837]
- Matrix:
 -0.964 -0.259  0.052  6.737
  0.261 -0.964  0.042 10.285
  0.039  0.054  0.998 -0.001
  0.000  0.000  0.000  1.000
At time 1779613377.862257480
- Translation: [6.669, 10.291, 0.001]
- Rotation: in Quaternion (xyzw) [0.023, 0.024, 0.991, 0.127]
- Rotation: in RPY (radian) [0.054, -0.039, 2.886]
- Rotation: in RPY (degree) [3.104, -2.256, 165.354]
- Matrix:
 -0.967 -0.250  0.052  6.669
  0.253 -0.967  0.042 10.291
  0.039  0.054  0.998  0.001
  0.000  0.000  0.000  1.000
At time 1779613378.862336397
- Translation: [6.667, 10.300, -0.000]
- Rotation: in Quaternion (xyzw) [0.023, 0.024, 0.991, 0.127]
- Rotation: in RPY (radian) [0.054, -0.039, 2.887]
- Rotation: in RPY (degree) [3.111, -2.247, 165.391]
- Matrix:
 -0.967 -0.250  0.052  6.667
  0.252 -0.967  0.043 10.300
  0.039  0.054  0.998 -0.000
  0.000  0.000  0.000  1.000
At time 1779613379.862429618
- Translation: [6.671, 10.303, -0.002]
- Rotation: in Quaternion (xyzw) [0.023, 0.024, 0.991, 0.127]
- Rotation: in RPY (radian) [0.054, -0.039, 2.886]
- Rotation: in RPY (degree) [3.099, -2.257, 165.336]
- Matrix:
 -0.967 -0.251  0.052  6.671
  0.253 -0.967  0.042 10.303
  0.039  0.054  0.998 -0.002
  0.000  0.000  0.000  1.000
At time 1779613380.862885475
- Translation: [6.671, 10.302, 0.003]
- Rotation: in Quaternion (xyzw) [0.023, 0.024, 0.991, 0.127]
- Rotation: in RPY (radian) [0.054, -0.039, 2.886]
- Rotation: in RPY (degree) [3.085, -2.228, 165.334]
- Matrix:
 -0.967 -0.251  0.051  6.671
  0.253 -0.967  0.042 10.302
  0.039  0.054  0.998  0.003
  0.000  0.000  0.000  1.000
At time 1779613381.862768411
- Translation: [6.668, 10.297, 0.001]
- Rotation: in Quaternion (xyzw) [0.023, 0.024, 0.991, 0.127]
- Rotation: in RPY (radian) [0.054, -0.040, 2.886]
- Rotation: in RPY (degree) [3.080, -2.270, 165.337]
- Matrix:
 -0.967 -0.251  0.052  6.668
  0.253 -0.967  0.042 10.297
  0.040  0.054  0.998  0.001
  0.000  0.000  0.000  1.000
At time 1779613382.862654447
- Translation: [6.669, 10.302, 0.001]
- Rotation: in Quaternion (xyzw) [0.023, 0.024, 0.991, 0.127]
- Rotation: in RPY (radian) [0.054, -0.040, 2.886]
- Rotation: in RPY (degree) [3.084, -2.291, 165.342]
- Matrix:
 -0.967 -0.251  0.052  6.669
  0.253 -0.967  0.042 10.302
  0.040  0.054  0.998  0.001
  0.000  0.000  0.000  1.000
At time 1779613383.862713575
- Translation: [6.663, 10.295, 0.002]
- Rotation: in Quaternion (xyzw) [0.023, 0.024, 0.991, 0.127]
- Rotation: in RPY (radian) [0.054, -0.039, 2.886]
- Rotation: in RPY (degree) [3.099, -2.243, 165.372]
- Matrix:
 -0.967 -0.250  0.051  6.663
  0.252 -0.967  0.042 10.295
  0.039  0.054  0.998  0.002
  0.000  0.000  0.000  1.000
At time 1779613384.862789630
- Translation: [6.665, 10.303, 0.001]
- Rotation: in Quaternion (xyzw) [0.023, 0.024, 0.991, 0.127]
- Rotation: in RPY (radian) [0.054, -0.039, 2.886]
- Rotation: in RPY (degree) [3.111, -2.233, 165.373]
- Matrix:
 -0.967 -0.250  0.051  6.665
  0.252 -0.967  0.043 10.303
  0.039  0.054  0.998  0.001
  0.000  0.000  0.000  1.000
At time 1779613385.862882375
- Translation: [6.667, 10.303, -0.002]
- Rotation: in Quaternion (xyzw) [0.023, 0.024, 0.991, 0.127]
- Rotation: in RPY (radian) [0.054, -0.040, 2.886]
- Rotation: in RPY (degree) [3.097, -2.276, 165.365]
- Matrix:
 -0.967 -0.250  0.052  6.667
  0.252 -0.967  0.042 10.303
  0.040  0.054  0.998 -0.002
  0.000  0.000  0.000  1.000
At time 1779613386.862959384
- Translation: [6.667, 10.297, 0.003]
- Rotation: in Quaternion (xyzw) [0.023, 0.024, 0.991, 0.127]
- Rotation: in RPY (radian) [0.054, -0.039, 2.886]
- Rotation: in RPY (degree) [3.111, -2.242, 165.379]
- Matrix:
 -0.967 -0.250  0.051  6.667
  0.252 -0.967  0.043 10.297
  0.039  0.054  0.998  0.003
  0.000  0.000  0.000  1.000
At time 1779613387.863033533
- Translation: [6.668, 10.300, -0.001]
- Rotation: in Quaternion (xyzw) [0.023, 0.024, 0.991, 0.127]
- Rotation: in RPY (radian) [0.054, -0.039, 2.886]
- Rotation: in RPY (degree) [3.111, -2.248, 165.348]
- Matrix:
 -0.967 -0.251  0.052  6.668
  0.253 -0.967  0.043 10.300
  0.039  0.054  0.998 -0.001
  0.000  0.000  0.000  1.000
At time 1779613388.863118648
- Translation: [6.670, 10.301, -0.001]
- Rotation: in Quaternion (xyzw) [0.023, 0.024, 0.991, 0.127]
- Rotation: in RPY (radian) [0.054, -0.040, 2.886]
- Rotation: in RPY (degree) [3.093, -2.265, 165.328]
- Matrix:
 -0.967 -0.251  0.052  6.670
  0.253 -0.967  0.042 10.301
  0.040  0.054  0.998 -0.001
  0.000  0.000  0.000  1.000
At time 1779613389.863202333
- Translation: [6.668, 10.297, 0.002]
- Rotation: in Quaternion (xyzw) [0.023, 0.024, 0.991, 0.127]
- Rotation: in RPY (radian) [0.054, -0.039, 2.886]
- Rotation: in RPY (degree) [3.078, -2.251, 165.344]
- Matrix:
 -0.967 -0.251  0.052  6.668
  0.253 -0.967  0.042 10.297
  0.039  0.054  0.998  0.002
  0.000  0.000  0.000  1.000
At time 1779613390.863279342
- Translation: [6.667, 10.303, 0.002]
- Rotation: in Quaternion (xyzw) [0.023, 0.024, 0.991, 0.127]
- Rotation: in RPY (radian) [0.054, -0.040, 2.886]
- Rotation: in RPY (degree) [3.081, -2.266, 165.358]
- Matrix:
 -0.967 -0.250  0.052  6.667
  0.253 -0.967  0.042 10.303
  0.040  0.054  0.998  0.002
  0.000  0.000  0.000  1.000
At time 1779613391.863392591
- Translation: [6.671, 10.299, -0.001]
- Rotation: in Quaternion (xyzw) [0.023, 0.024, 0.991, 0.127]
- Rotation: in RPY (radian) [0.054, -0.040, 2.885]
- Rotation: in RPY (degree) [3.087, -2.276, 165.306]
- Matrix:
 -0.967 -0.251  0.052  6.671
  0.253 -0.966  0.042 10.299
  0.040  0.054  0.998 -0.001
  0.000  0.000  0.000  1.000
At time 1779613392.863416433
- Translation: [6.670, 10.302, -0.001]
- Rotation: in Quaternion (xyzw) [0.023, 0.024, 0.991, 0.127]
- Rotation: in RPY (radian) [0.054, -0.040, 2.886]
- Rotation: in RPY (degree) [3.096, -2.265, 165.332]
- Matrix:
 -0.967 -0.251  0.052  6.670
  0.253 -0.967  0.042 10.302
  0.040  0.054  0.998 -0.001
  0.000  0.000  0.000  1.000
At time 1779613393.863495349
- Translation: [6.674, 10.303, -0.001]
- Rotation: in Quaternion (xyzw) [0.023, 0.024, 0.991, 0.127]
- Rotation: in RPY (radian) [0.055, -0.040, 2.885]
- Rotation: in RPY (degree) [3.124, -2.276, 165.308]
- Matrix:
 -0.967 -0.251  0.052  6.674
  0.253 -0.966  0.043 10.303
  0.040  0.054  0.998 -0.001
  0.000  0.000  0.000  1.000
At time 1779613394.863603353
- Translation: [6.667, 10.294, 0.001]
- Rotation: in Quaternion (xyzw) [0.023, 0.024, 0.991, 0.127]
- Rotation: in RPY (radian) [0.054, -0.039, 2.886]
- Rotation: in RPY (degree) [3.116, -2.233, 165.345]
- Matrix:
 -0.967 -0.251  0.051  6.667
  0.253 -0.967  0.043 10.294
  0.039  0.054  0.998  0.001
  0.000  0.000  0.000  1.000
At time 1779613395.863622665
- Translation: [6.671, 10.298, 0.001]
- Rotation: in Quaternion (xyzw) [0.023, 0.025, 0.991, 0.127]
- Rotation: in RPY (radian) [0.055, -0.039, 2.885]
- Rotation: in RPY (degree) [3.123, -2.238, 165.322]
- Matrix:
 -0.967 -0.251  0.052  6.671
  0.253 -0.966  0.043 10.298
  0.039  0.054  0.998  0.001
  0.000  0.000  0.000  1.000
At time 1779613396.863707542
- Translation: [6.673, 10.299, -0.001]
- Rotation: in Quaternion (xyzw) [0.023, 0.024, 0.991, 0.127]
- Rotation: in RPY (radian) [0.054, -0.039, 2.886]
- Rotation: in RPY (degree) [3.111, -2.240, 165.334]
- Matrix:
 -0.967 -0.251  0.052  6.673
  0.253 -0.967  0.043 10.299
  0.039  0.054  0.998 -0.001
  0.000  0.000  0.000  1.000
At time 1779613397.863796472
- Translation: [6.671, 10.301, 0.004]
- Rotation: in Quaternion (xyzw) [0.023, 0.024, 0.991, 0.127]
- Rotation: in RPY (radian) [0.054, -0.039, 2.886]
- Rotation: in RPY (degree) [3.090, -2.239, 165.334]
- Matrix:
 -0.967 -0.251  0.051  6.671
  0.253 -0.967  0.042 10.301
  0.039  0.054  0.998  0.004
  0.000  0.000  0.000  1.000
At time 1779613398.864171266
- Translation: [6.669, 10.299, 0.001]
- Rotation: in Quaternion (xyzw) [0.023, 0.024, 0.991, 0.127]
- Rotation: in RPY (radian) [0.054, -0.039, 2.886]
- Rotation: in RPY (degree) [3.100, -2.235, 165.352]
- Matrix:
 -0.967 -0.250  0.051  6.669
  0.253 -0.967  0.042 10.299
  0.039  0.054  0.998  0.001
  0.000  0.000  0.000  1.000
At time 1779613399.833621076
- Translation: [6.661, 10.292, 0.002]
- Rotation: in Quaternion (xyzw) [0.023, 0.024, 0.991, 0.127]
- Rotation: in RPY (radian) [0.054, -0.039, 2.887]
- Rotation: in RPY (degree) [3.112, -2.240, 165.386]
- Matrix:
 -0.967 -0.250  0.051  6.661
  0.252 -0.967  0.043 10.292
  0.039  0.054  0.998  0.002
  0.000  0.000  0.000  1.000
At time 1779613400.864030838
- Translation: [6.673, 10.302, -0.001]
- Rotation: in Quaternion (xyzw) [0.023, 0.024, 0.991, 0.127]
- Rotation: in RPY (radian) [0.054, -0.040, 2.886]
- Rotation: in RPY (degree) [3.097, -2.272, 165.334]
- Matrix:
 -0.967 -0.251  0.052  6.673
  0.253 -0.967  0.042 10.302
  0.040  0.054  0.998 -0.001
  0.000  0.000  0.000  1.000
At time 1779613401.864142417
- Translation: [6.666, 10.298, -0.001]
- Rotation: in Quaternion (xyzw) [0.023, 0.024, 0.991, 0.127]
- Rotation: in RPY (radian) [0.054, -0.039, 2.886]
- Rotation: in RPY (degree) [3.107, -2.257, 165.350]
- Matrix:
 -0.967 -0.250  0.052  6.666
  0.253 -0.967  0.042 10.298
  0.039  0.054  0.998 -0.001
  0.000  0.000  0.000  1.000
At time 1779613402.864336013
- Translation: [6.673, 10.296, 0.000]
- Rotation: in Quaternion (xyzw) [0.023, 0.024, 0.991, 0.127]
- Rotation: in RPY (radian) [0.054, -0.039, 2.886]
- Rotation: in RPY (degree) [3.098, -2.242, 165.329]
- Matrix:
 -0.967 -0.251  0.051  6.673
  0.253 -0.967  0.042 10.296
  0.039  0.054  0.998  0.000
  0.000  0.000  0.000  1.000
At time 1779613403.864246606
- Translation: [6.669, 10.298, -0.000]
- Rotation: in Quaternion (xyzw) [0.023, 0.024, 0.991, 0.127]
- Rotation: in RPY (radian) [0.054, -0.039, 2.886]
- Rotation: in RPY (degree) [3.102, -2.261, 165.342]
- Matrix:
 -0.967 -0.251  0.052  6.669
  0.253 -0.967  0.042 10.298
  0.039  0.054  0.998 -0.000
  0.000  0.000  0.000  1.000
At time 1779613404.864330530
- Translation: [6.668, 10.301, 0.000]
- Rotation: in Quaternion (xyzw) [0.023, 0.024, 0.991, 0.127]
- Rotation: in RPY (radian) [0.054, -0.040, 2.887]
- Rotation: in RPY (degree) [3.095, -2.270, 165.387]
- Matrix:
 -0.967 -0.250  0.052  6.668
  0.252 -0.967  0.042 10.301
  0.040  0.054  0.998  0.000
  0.000  0.000  0.000  1.000
At time 1779613405.864391326
- Translation: [6.666, 10.298, -0.000]
- Rotation: in Quaternion (xyzw) [0.023, 0.024, 0.991, 0.127]
- Rotation: in RPY (radian) [0.054, -0.039, 2.886]
- Rotation: in RPY (degree) [3.089, -2.261, 165.363]
- Matrix:
 -0.967 -0.250  0.052  6.666
  0.253 -0.967  0.042 10.298
  0.039  0.054  0.998 -0.000
  0.000  0.000  0.000  1.000
At time 1779613406.864450216
- Translation: [6.667, 10.301, -0.001]
- Rotation: in Quaternion (xyzw) [0.023, 0.024, 0.991, 0.127]
- Rotation: in RPY (radian) [0.054, -0.040, 2.886]
- Rotation: in RPY (degree) [3.091, -2.268, 165.381]
- Matrix:
 -0.967 -0.250  0.052  6.667
  0.252 -0.967  0.042 10.301
  0.040  0.054  0.998 -0.001
  0.000  0.000  0.000  1.000
At time 1779613407.864547729
- Translation: [6.671, 10.299, 0.000]
- Rotation: in Quaternion (xyzw) [0.023, 0.024, 0.991, 0.127]
- Rotation: in RPY (radian) [0.054, -0.040, 2.885]
- Rotation: in RPY (degree) [3.092, -2.263, 165.318]
- Matrix:
 -0.967 -0.251  0.052  6.671
  0.253 -0.966  0.042 10.299
  0.039  0.054  0.998  0.000
  0.000  0.000  0.000  1.000
At time 1779613408.864671468
- Translation: [6.667, 10.294, 0.002]
- Rotation: in Quaternion (xyzw) [0.023, 0.024, 0.991, 0.127]
- Rotation: in RPY (radian) [0.054, -0.039, 2.886]
- Rotation: in RPY (degree) [3.096, -2.242, 165.353]
- Matrix:
 -0.967 -0.250  0.051  6.667
  0.253 -0.967  0.042 10.294
  0.039  0.054  0.998  0.002
  0.000  0.000  0.000  1.000
At time 1779613409.864697456
- Translation: [6.670, 10.300, -0.000]
- Rotation: in Quaternion (xyzw) [0.023, 0.024, 0.991, 0.127]
- Rotation: in RPY (radian) [0.054, -0.040, 2.886]
- Rotation: in RPY (degree) [3.094, -2.265, 165.334]
- Matrix:
 -0.967 -0.251  0.052  6.670
  0.253 -0.967  0.042 10.300
  0.040  0.054  0.998 -0.000
  0.000  0.000  0.000  1.000
At time 1779613410.864769220
- Translation: [6.667, 10.298, 0.001]
- Rotation: in Quaternion (xyzw) [0.023, 0.024, 0.991, 0.127]
- Rotation: in RPY (radian) [0.054, -0.039, 2.886]
- Rotation: in RPY (degree) [3.091, -2.233, 165.372]
- Matrix:
 -0.967 -0.250  0.051  6.667
  0.252 -0.967  0.042 10.298
  0.039  0.054  0.998  0.001
  0.000  0.000  0.000  1.000
At time 1779613411.864859580
- Translation: [6.667, 10.304, 0.000]
- Rotation: in Quaternion (xyzw) [0.023, 0.024, 0.991, 0.127]
- Rotation: in RPY (radian) [0.054, -0.039, 2.886]
- Rotation: in RPY (degree) [3.095, -2.236, 165.364]
- Matrix:
 -0.967 -0.250  0.051  6.667
  0.252 -0.967  0.042 10.304
  0.039  0.054  0.998  0.000
  0.000  0.000  0.000  1.000
At time 1779613412.864928483
- Translation: [6.669, 10.299, 0.000]
- Rotation: in Quaternion (xyzw) [0.023, 0.024, 0.991, 0.127]
- Rotation: in RPY (radian) [0.054, -0.039, 2.886]
- Rotation: in RPY (degree) [3.083, -2.234, 165.355]
- Matrix:
 -0.967 -0.250  0.051  6.669
  0.253 -0.967  0.042 10.299
  0.039  0.054  0.998  0.000
  0.000  0.000  0.000  1.000
At time 1779613413.864993333
- Translation: [6.672, 10.297, 0.003]
- Rotation: in Quaternion (xyzw) [0.023, 0.024, 0.991, 0.127]
- Rotation: in RPY (radian) [0.054, -0.039, 2.885]
- Rotation: in RPY (degree) [3.094, -2.239, 165.317]
- Matrix:
 -0.967 -0.251  0.051  6.672
  0.253 -0.966  0.042 10.297
  0.039  0.054  0.998  0.003
  0.000  0.000  0.000  1.000
At time 1779613414.865486383
- Translation: [6.669, 10.301, 0.001]
- Rotation: in Quaternion (xyzw) [0.023, 0.024, 0.991, 0.127]
- Rotation: in RPY (radian) [0.054, -0.039, 2.886]
- Rotation: in RPY (degree) [3.088, -2.257, 165.365]
- Matrix:
 -0.967 -0.250  0.052  6.669
  0.252 -0.967  0.042 10.301
  0.039  0.054  0.998  0.001
  0.000  0.000  0.000  1.000
At time 1779613415.865243673
- Translation: [6.670, 10.296, 0.002]
- Rotation: in Quaternion (xyzw) [0.023, 0.024, 0.991, 0.127]
- Rotation: in RPY (radian) [0.054, -0.039, 2.886]
- Rotation: in RPY (degree) [3.106, -2.253, 165.340]
- Matrix:
 -0.967 -0.251  0.052  6.670
  0.253 -0.967  0.042 10.296
  0.039  0.054  0.998  0.002
  0.000  0.000  0.000  1.000
At time 1779613416.865953445
- Translation: [6.668, 10.299, 0.002]
- Rotation: in Quaternion (xyzw) [0.023, 0.024, 0.991, 0.127]
- Rotation: in RPY (radian) [0.054, -0.039, 2.886]
- Rotation: in RPY (degree) [3.083, -2.242, 165.355]
- Matrix:
 -0.967 -0.250  0.051  6.668
  0.253 -0.967  0.042 10.299
  0.039  0.054  0.998  0.002
  0.000  0.000  0.000  1.000
At time 1779613417.865337371
- Translation: [6.665, 10.302, 0.002]
- Rotation: in Quaternion (xyzw) [0.023, 0.024, 0.991, 0.127]
- Rotation: in RPY (radian) [0.054, -0.039, 2.886]
- Rotation: in RPY (degree) [3.087, -2.236, 165.365]
- Matrix:
 -0.967 -0.250  0.051  6.665
  0.252 -0.967  0.042 10.302
  0.039  0.054  0.998  0.002
  0.000  0.000  0.000  1.000
At time 1779613418.865407228
- Translation: [6.666, 10.299, 0.002]
- Rotation: in Quaternion (xyzw) [0.023, 0.024, 0.991, 0.127]
- Rotation: in RPY (radian) [0.054, -0.039, 2.887]
- Rotation: in RPY (degree) [3.076, -2.253, 165.395]
- Matrix:
 -0.967 -0.250  0.052  6.666
  0.252 -0.967  0.042 10.299
  0.039  0.054  0.998  0.002
  0.000  0.000  0.000  1.000
At time 1779613419.865458726
- Translation: [6.667, 10.298, 0.001]
- Rotation: in Quaternion (xyzw) [0.023, 0.024, 0.991, 0.127]
- Rotation: in RPY (radian) [0.054, -0.040, 2.886]
- Rotation: in RPY (degree) [3.089, -2.268, 165.354]
- Matrix:
 -0.967 -0.250  0.052  6.667
  0.253 -0.967  0.042 10.298
  0.040  0.054  0.998  0.001
  0.000  0.000  0.000  1.000
At time 1779613420.865866422
- Translation: [6.669, 10.303, 0.001]
- Rotation: in Quaternion (xyzw) [0.023, 0.024, 0.991, 0.127]
- Rotation: in RPY (radian) [0.054, -0.039, 2.885]
- Rotation: in RPY (degree) [3.088, -2.256, 165.326]
- Matrix:
 -0.967 -0.251  0.052  6.669
  0.253 -0.967  0.042 10.303
  0.039  0.054  0.998  0.001
  0.000  0.000  0.000  1.000
[INFO] [1779613421.089437322] [rclcpp]: signal_handler(SIGINT/SIGTERM)
