# command: ros2 run tf2_ros tf2_echo map odom
# started: 2026-05-24 16:52:53 +0800
[INFO] [1779612774.964930154] [tf2_echo]: Waiting for transform map ->  odom: Invalid frame ID "map" passed to canTransform argument target_frame - frame does not exist
[INFO] [1779612776.462873641] [tf2_echo]: Waiting for transform map ->  odom: Invalid frame ID "odom" passed to canTransform argument source_frame - frame does not exist
[INFO] [1779612778.477118152] [tf2_echo]: Waiting for transform map ->  odom: Could not find a connection between 'map' and 'odom' because they are not part of the same tree.Tf has two or more unconnected trees.
At time 1779612779.225884078
- Translation: [6.147, 11.107, 0.000]
- Rotation: in Quaternion (xyzw) [0.000, 0.000, 0.661, 0.750]
- Rotation: in RPY (radian) [0.000, -0.000, 1.445]
- Rotation: in RPY (degree) [0.000, -0.000, 82.767]
- Matrix:
  0.126 -0.992  0.000  6.147
  0.992  0.126  0.000 11.107
  0.000  0.000  1.000  0.000
  0.000  0.000  0.000  1.000
At time 1779612780.128996880
- Translation: [6.168, 11.029, 0.000]
- Rotation: in Quaternion (xyzw) [0.000, 0.000, 0.674, 0.738]
- Rotation: in RPY (radian) [0.000, -0.000, 1.480]
- Rotation: in RPY (degree) [0.000, -0.000, 84.813]
- Matrix:
  0.090 -0.996  0.000  6.168
  0.996  0.090  0.000 11.029
  0.000  0.000  1.000  0.000
  0.000  0.000  0.000  1.000
At time 1779612781.430608924
- Translation: [6.139, 11.104, 0.000]
- Rotation: in Quaternion (xyzw) [0.000, 0.000, 0.661, 0.751]
- Rotation: in RPY (radian) [0.000, -0.000, 1.443]
- Rotation: in RPY (degree) [0.000, -0.000, 82.689]
- Matrix:
  0.127 -0.992  0.000  6.139
  0.992  0.127  0.000 11.104
  0.000  0.000  1.000  0.000
  0.000  0.000  0.000  1.000
At time 1779612782.330050705
- Translation: [6.143, 11.101, 0.000]
- Rotation: in Quaternion (xyzw) [0.000, 0.000, 0.661, 0.750]
- Rotation: in RPY (radian) [0.000, -0.000, 1.445]
- Rotation: in RPY (degree) [0.000, -0.000, 82.789]
- Matrix:
  0.126 -0.992  0.000  6.143
  0.992  0.126  0.000 11.101
  0.000  0.000  1.000  0.000
  0.000  0.000  0.000  1.000
At time 1779612783.333617064
- Translation: [6.140, 11.099, 0.000]
- Rotation: in Quaternion (xyzw) [0.000, 0.000, 0.661, 0.750]
- Rotation: in RPY (radian) [0.000, -0.000, 1.445]
- Rotation: in RPY (degree) [0.000, -0.000, 82.786]
- Matrix:
  0.126 -0.992  0.000  6.140
  0.992  0.126  0.000 11.099
  0.000  0.000  1.000  0.000
  0.000  0.000  0.000  1.000
At time 1779612784.351319984
- Translation: [6.142, 11.103, 0.000]
- Rotation: in Quaternion (xyzw) [0.000, 0.000, 0.661, 0.750]
- Rotation: in RPY (radian) [0.000, -0.000, 1.445]
- Rotation: in RPY (degree) [0.000, -0.000, 82.820]
- Matrix:
  0.125 -0.992  0.000  6.142
  0.992  0.125  0.000 11.103
  0.000  0.000  1.000  0.000
  0.000  0.000  0.000  1.000
At time 1779612785.443493901
- Translation: [6.142, 11.106, 0.000]
- Rotation: in Quaternion (xyzw) [0.000, 0.000, 0.661, 0.750]
- Rotation: in RPY (radian) [0.000, -0.000, 1.444]
- Rotation: in RPY (degree) [0.000, -0.000, 82.741]
- Matrix:
  0.126 -0.992  0.000  6.142
  0.992  0.126  0.000 11.106
  0.000  0.000  1.000  0.000
  0.000  0.000  0.000  1.000
At time 1779612786.452446861
- Translation: [6.147, 11.105, 0.000]
- Rotation: in Quaternion (xyzw) [0.000, 0.000, 0.661, 0.750]
- Rotation: in RPY (radian) [0.000, -0.000, 1.444]
- Rotation: in RPY (degree) [0.000, -0.000, 82.759]
- Matrix:
  0.126 -0.992  0.000  6.147
  0.992  0.126  0.000 11.105
  0.000  0.000  1.000  0.000
  0.000  0.000  0.000  1.000
At time 1779612787.330514757
- Translation: [6.142, 11.103, 0.000]
- Rotation: in Quaternion (xyzw) [0.000, 0.000, 0.661, 0.750]
- Rotation: in RPY (radian) [0.000, -0.000, 1.445]
- Rotation: in RPY (degree) [0.000, -0.000, 82.789]
- Matrix:
  0.126 -0.992  0.000  6.142
  0.992  0.126  0.000 11.103
  0.000  0.000  1.000  0.000
  0.000  0.000  0.000  1.000
At time 1779612788.414469591
- Translation: [6.143, 11.105, 0.000]
- Rotation: in Quaternion (xyzw) [0.000, 0.000, 0.661, 0.750]
- Rotation: in RPY (radian) [0.000, -0.000, 1.444]
- Rotation: in RPY (degree) [0.000, -0.000, 82.759]
- Matrix:
  0.126 -0.992  0.000  6.143
  0.992  0.126  0.000 11.105
  0.000  0.000  1.000  0.000
  0.000  0.000  0.000  1.000
At time 1779612789.449276423
- Translation: [6.142, 11.101, 0.000]
- Rotation: in Quaternion (xyzw) [0.000, 0.000, 0.661, 0.750]
- Rotation: in RPY (radian) [0.000, -0.000, 1.444]
- Rotation: in RPY (degree) [0.000, -0.000, 82.748]
- Matrix:
  0.126 -0.992  0.000  6.142
  0.992  0.126  0.000 11.101
  0.000  0.000  1.000  0.000
  0.000  0.000  0.000  1.000
At time 1779612790.459634349
- Translation: [6.146, 11.108, 0.000]
- Rotation: in Quaternion (xyzw) [0.000, 0.000, 0.661, 0.750]
- Rotation: in RPY (radian) [0.000, -0.000, 1.444]
- Rotation: in RPY (degree) [0.000, -0.000, 82.742]
- Matrix:
  0.126 -0.992  0.000  6.146
  0.992  0.126  0.000 11.108
  0.000  0.000  1.000  0.000
  0.000  0.000  0.000  1.000
At time 1779612791.442433794
- Translation: [6.142, 11.105, 0.000]
- Rotation: in Quaternion (xyzw) [0.000, 0.000, 0.661, 0.751]
- Rotation: in RPY (radian) [0.000, -0.000, 1.444]
- Rotation: in RPY (degree) [0.000, -0.000, 82.729]
- Matrix:
  0.127 -0.992  0.000  6.142
  0.992  0.127  0.000 11.105
  0.000  0.000  1.000  0.000
  0.000  0.000  0.000  1.000
At time 1779612792.418916293
- Translation: [6.144, 11.110, 0.000]
- Rotation: in Quaternion (xyzw) [0.000, 0.000, 0.661, 0.750]
- Rotation: in RPY (radian) [0.000, -0.000, 1.444]
- Rotation: in RPY (degree) [0.000, -0.000, 82.763]
- Matrix:
  0.126 -0.992  0.000  6.144
  0.992  0.126  0.000 11.110
  0.000  0.000  1.000  0.000
  0.000  0.000  0.000  1.000
At time 1779612793.453402270
- Translation: [6.146, 11.106, 0.000]
- Rotation: in Quaternion (xyzw) [0.000, 0.000, 0.661, 0.750]
- Rotation: in RPY (radian) [0.000, -0.000, 1.444]
- Rotation: in RPY (degree) [0.000, -0.000, 82.763]
- Matrix:
  0.126 -0.992  0.000  6.146
  0.992  0.126  0.000 11.106
  0.000  0.000  1.000  0.000
  0.000  0.000  0.000  1.000
At time 1779612794.437210677
- Translation: [6.142, 11.108, 0.000]
- Rotation: in Quaternion (xyzw) [0.000, 0.000, 0.662, 0.750]
- Rotation: in RPY (radian) [0.000, -0.000, 1.446]
- Rotation: in RPY (degree) [0.000, -0.000, 82.843]
- Matrix:
  0.125 -0.992  0.000  6.142
  0.992  0.125  0.000 11.108
  0.000  0.000  1.000  0.000
  0.000  0.000  0.000  1.000
At time 1779612795.424074898
- Translation: [6.145, 11.106, 0.000]
- Rotation: in Quaternion (xyzw) [0.000, 0.000, 0.661, 0.751]
- Rotation: in RPY (radian) [0.000, -0.000, 1.444]
- Rotation: in RPY (degree) [0.000, -0.000, 82.727]
- Matrix:
  0.127 -0.992  0.000  6.145
  0.992  0.127  0.000 11.106
  0.000  0.000  1.000  0.000
  0.000  0.000  0.000  1.000
At time 1779612796.454259889
- Translation: [6.142, 11.103, 0.000]
- Rotation: in Quaternion (xyzw) [0.000, 0.000, 0.662, 0.750]
- Rotation: in RPY (radian) [0.000, -0.000, 1.446]
- Rotation: in RPY (degree) [0.000, -0.000, 82.870]
- Matrix:
  0.124 -0.992  0.000  6.142
  0.992  0.124  0.000 11.103
  0.000  0.000  1.000  0.000
  0.000  0.000  0.000  1.000
At time 1779612797.443634810
- Translation: [6.141, 11.103, 0.000]
- Rotation: in Quaternion (xyzw) [0.000, 0.000, 0.661, 0.750]
- Rotation: in RPY (radian) [0.000, -0.000, 1.445]
- Rotation: in RPY (degree) [0.000, -0.000, 82.799]
- Matrix:
  0.125 -0.992  0.000  6.141
  0.992  0.125  0.000 11.103
  0.000  0.000  1.000  0.000
  0.000  0.000  0.000  1.000
At time 1779612798.442877440
- Translation: [6.145, 11.101, 0.000]
- Rotation: in Quaternion (xyzw) [0.000, 0.000, 0.662, 0.749]
- Rotation: in RPY (radian) [0.000, -0.000, 1.448]
- Rotation: in RPY (degree) [0.000, -0.000, 82.951]
- Matrix:
  0.123 -0.992  0.000  6.145
  0.992  0.123  0.000 11.101
  0.000  0.000  1.000  0.000
  0.000  0.000  0.000  1.000
At time 1779612799.444948787
- Translation: [6.138, 11.105, 0.000]
- Rotation: in Quaternion (xyzw) [0.000, 0.000, 0.662, 0.749]
- Rotation: in RPY (radian) [0.000, -0.000, 1.447]
- Rotation: in RPY (degree) [0.000, -0.000, 82.918]
- Matrix:
  0.123 -0.992  0.000  6.138
  0.992  0.123  0.000 11.105
  0.000  0.000  1.000  0.000
  0.000  0.000  0.000  1.000
At time 1779612800.451868541
- Translation: [6.143, 11.102, 0.000]
- Rotation: in Quaternion (xyzw) [0.000, 0.000, 0.661, 0.750]
- Rotation: in RPY (radian) [0.000, -0.000, 1.445]
- Rotation: in RPY (degree) [0.000, -0.000, 82.787]
- Matrix:
  0.126 -0.992  0.000  6.143
  0.992  0.126  0.000 11.102
  0.000  0.000  1.000  0.000
  0.000  0.000  0.000  1.000
At time 1779612801.451488624
- Translation: [6.142, 11.104, 0.000]
- Rotation: in Quaternion (xyzw) [0.000, 0.000, 0.661, 0.750]
- Rotation: in RPY (radian) [0.000, -0.000, 1.444]
- Rotation: in RPY (degree) [0.000, -0.000, 82.754]
- Matrix:
  0.126 -0.992  0.000  6.142
  0.992  0.126  0.000 11.104
  0.000  0.000  1.000  0.000
  0.000  0.000  0.000  1.000
At time 1779612802.442565532
- Translation: [6.145, 11.104, 0.000]
- Rotation: in Quaternion (xyzw) [0.000, 0.000, 0.661, 0.750]
- Rotation: in RPY (radian) [0.000, -0.000, 1.445]
- Rotation: in RPY (degree) [0.000, -0.000, 82.774]
- Matrix:
  0.126 -0.992  0.000  6.145
  0.992  0.126  0.000 11.104
  0.000  0.000  1.000  0.000
  0.000  0.000  0.000  1.000
At time 1779612803.457651362
- Translation: [6.142, 11.103, 0.000]
- Rotation: in Quaternion (xyzw) [0.000, 0.000, 0.661, 0.750]
- Rotation: in RPY (radian) [0.000, -0.000, 1.446]
- Rotation: in RPY (degree) [0.000, -0.000, 82.825]
- Matrix:
  0.125 -0.992  0.000  6.142
  0.992  0.125  0.000 11.103
  0.000  0.000  1.000  0.000
  0.000  0.000  0.000  1.000
At time 1779612804.447951150
- Translation: [6.151, 11.105, 0.000]
- Rotation: in Quaternion (xyzw) [0.000, 0.000, 0.662, 0.750]
- Rotation: in RPY (radian) [0.000, -0.000, 1.446]
- Rotation: in RPY (degree) [0.000, -0.000, 82.839]
- Matrix:
  0.125 -0.992  0.000  6.151
  0.992  0.125  0.000 11.105
  0.000  0.000  1.000  0.000
  0.000  0.000  0.000  1.000
At time 1779612805.457312386
- Translation: [6.133, 11.105, 0.000]
- Rotation: in Quaternion (xyzw) [0.000, 0.000, 0.661, 0.750]
- Rotation: in RPY (radian) [0.000, -0.000, 1.446]
- Rotation: in RPY (degree) [0.000, -0.000, 82.826]
- Matrix:
  0.125 -0.992  0.000  6.133
  0.992  0.125  0.000 11.105
  0.000  0.000  1.000  0.000
  0.000  0.000  0.000  1.000
At time 1779612806.448492086
- Translation: [6.142, 11.104, 0.000]
- Rotation: in Quaternion (xyzw) [0.000, 0.000, 0.662, 0.750]
- Rotation: in RPY (radian) [0.000, -0.000, 1.446]
- Rotation: in RPY (degree) [0.000, -0.000, 82.849]
- Matrix:
  0.124 -0.992  0.000  6.142
  0.992  0.124  0.000 11.104
  0.000  0.000  1.000  0.000
  0.000  0.000  0.000  1.000
At time 1779612807.442419520
- Translation: [6.144, 11.109, 0.000]
- Rotation: in Quaternion (xyzw) [0.000, 0.000, 0.661, 0.750]
- Rotation: in RPY (radian) [0.000, -0.000, 1.445]
- Rotation: in RPY (degree) [0.000, -0.000, 82.818]
- Matrix:
  0.125 -0.992  0.000  6.144
  0.992  0.125  0.000 11.109
  0.000  0.000  1.000  0.000
  0.000  0.000  0.000  1.000
At time 1779612808.456373461
- Translation: [6.149, 11.106, 0.000]
- Rotation: in Quaternion (xyzw) [0.000, 0.000, 0.662, 0.750]
- Rotation: in RPY (radian) [0.000, -0.000, 1.446]
- Rotation: in RPY (degree) [0.000, -0.000, 82.870]
- Matrix:
  0.124 -0.992  0.000  6.149
  0.992  0.124  0.000 11.106
  0.000  0.000  1.000  0.000
  0.000  0.000  0.000  1.000
At time 1779612809.361440660
- Translation: [6.148, 11.108, 0.000]
- Rotation: in Quaternion (xyzw) [0.000, 0.000, 0.661, 0.750]
- Rotation: in RPY (radian) [0.000, -0.000, 1.446]
- Rotation: in RPY (degree) [0.000, -0.000, 82.824]
- Matrix:
  0.125 -0.992  0.000  6.148
  0.992  0.125  0.000 11.108
  0.000  0.000  1.000  0.000
  0.000  0.000  0.000  1.000
At time 1779612810.459014793
- Translation: [6.139, 11.107, 0.000]
- Rotation: in Quaternion (xyzw) [0.000, 0.000, 0.662, 0.749]
- Rotation: in RPY (radian) [0.000, -0.000, 1.447]
- Rotation: in RPY (degree) [0.000, -0.000, 82.935]
- Matrix:
  0.123 -0.992  0.000  6.139
  0.992  0.123  0.000 11.107
  0.000  0.000  1.000  0.000
  0.000  0.000  0.000  1.000
At time 1779612811.468352235
- Translation: [6.146, 11.106, 0.000]
- Rotation: in Quaternion (xyzw) [0.000, 0.000, 0.661, 0.750]
- Rotation: in RPY (radian) [0.000, -0.000, 1.445]
- Rotation: in RPY (degree) [0.000, -0.000, 82.790]
- Matrix:
  0.126 -0.992  0.000  6.146
  0.992  0.126  0.000 11.106
  0.000  0.000  1.000  0.000
  0.000  0.000  0.000  1.000
At time 1779612812.458298459
- Translation: [6.145, 11.107, 0.000]
- Rotation: in Quaternion (xyzw) [0.000, 0.000, 0.661, 0.750]
- Rotation: in RPY (radian) [0.000, -0.000, 1.445]
- Rotation: in RPY (degree) [0.000, -0.000, 82.792]
- Matrix:
  0.125 -0.992  0.000  6.145
  0.992  0.125  0.000 11.107
  0.000  0.000  1.000  0.000
  0.000  0.000  0.000  1.000
At time 1779612813.461805015
- Translation: [6.148, 11.108, 0.000]
- Rotation: in Quaternion (xyzw) [0.000, 0.000, 0.661, 0.750]
- Rotation: in RPY (radian) [0.000, -0.000, 1.444]
- Rotation: in RPY (degree) [0.000, -0.000, 82.758]
- Matrix:
  0.126 -0.992  0.000  6.148
  0.992  0.126  0.000 11.108
  0.000  0.000  1.000  0.000
  0.000  0.000  0.000  1.000
At time 1779612814.377513433
- Translation: [6.143, 11.105, 0.000]
- Rotation: in Quaternion (xyzw) [0.000, 0.000, 0.662, 0.750]
- Rotation: in RPY (radian) [0.000, -0.000, 1.447]
- Rotation: in RPY (degree) [0.000, -0.000, 82.881]
- Matrix:
  0.124 -0.992  0.000  6.143
  0.992  0.124  0.000 11.105
  0.000  0.000  1.000  0.000
  0.000  0.000  0.000  1.000
At time 1779612815.457391855
- Translation: [6.150, 11.107, 0.000]
- Rotation: in Quaternion (xyzw) [0.000, 0.000, 0.661, 0.750]
- Rotation: in RPY (radian) [0.000, -0.000, 1.445]
- Rotation: in RPY (degree) [0.000, -0.000, 82.814]
- Matrix:
  0.125 -0.992  0.000  6.150
  0.992  0.125  0.000 11.107
  0.000  0.000  1.000  0.000
  0.000  0.000  0.000  1.000
At time 1779612816.370064563
- Translation: [6.143, 11.106, 0.000]
- Rotation: in Quaternion (xyzw) [0.000, 0.000, 0.661, 0.750]
- Rotation: in RPY (radian) [0.000, -0.000, 1.445]
- Rotation: in RPY (degree) [0.000, -0.000, 82.812]
- Matrix:
  0.125 -0.992  0.000  6.143
  0.992  0.125  0.000 11.106
  0.000  0.000  1.000  0.000
  0.000  0.000  0.000  1.000
At time 1779612817.368564752
- Translation: [6.143, 11.101, 0.000]
- Rotation: in Quaternion (xyzw) [0.000, 0.000, 0.662, 0.750]
- Rotation: in RPY (radian) [0.000, -0.000, 1.446]
- Rotation: in RPY (degree) [0.000, -0.000, 82.867]
- Matrix:
  0.124 -0.992  0.000  6.143
  0.992  0.124  0.000 11.101
  0.000  0.000  1.000  0.000
  0.000  0.000  0.000  1.000
At time 1779612818.372848968
- Translation: [6.146, 11.105, 0.000]
- Rotation: in Quaternion (xyzw) [0.000, 0.000, 0.661, 0.750]
- Rotation: in RPY (radian) [0.000, -0.000, 1.445]
- Rotation: in RPY (degree) [0.000, -0.000, 82.810]
- Matrix:
  0.125 -0.992  0.000  6.146
  0.992  0.125  0.000 11.105
  0.000  0.000  1.000  0.000
  0.000  0.000  0.000  1.000
At time 1779612819.360544363
- Translation: [6.142, 11.108, 0.000]
- Rotation: in Quaternion (xyzw) [0.000, 0.000, 0.661, 0.750]
- Rotation: in RPY (radian) [0.000, -0.000, 1.445]
- Rotation: in RPY (degree) [0.000, -0.000, 82.806]
- Matrix:
  0.125 -0.992  0.000  6.142
  0.992  0.125  0.000 11.108
  0.000  0.000  1.000  0.000
  0.000  0.000  0.000  1.000
At time 1779612820.385895673
- Translation: [6.144, 11.106, 0.000]
- Rotation: in Quaternion (xyzw) [0.000, 0.000, 0.662, 0.750]
- Rotation: in RPY (radian) [0.000, -0.000, 1.447]
- Rotation: in RPY (degree) [0.000, -0.000, 82.883]
- Matrix:
  0.124 -0.992  0.000  6.144
  0.992  0.124  0.000 11.106
  0.000  0.000  1.000  0.000
  0.000  0.000  0.000  1.000
At time 1779612821.364717045
- Translation: [6.143, 11.105, 0.000]
- Rotation: in Quaternion (xyzw) [0.000, 0.000, 0.661, 0.750]
- Rotation: in RPY (radian) [0.000, -0.000, 1.445]
- Rotation: in RPY (degree) [0.000, -0.000, 82.799]
- Matrix:
  0.125 -0.992  0.000  6.143
  0.992  0.125  0.000 11.105
  0.000  0.000  1.000  0.000
  0.000  0.000  0.000  1.000
At time 1779612822.379028829
- Translation: [6.146, 11.106, 0.000]
- Rotation: in Quaternion (xyzw) [0.000, 0.000, 0.661, 0.750]
- Rotation: in RPY (radian) [0.000, -0.000, 1.445]
- Rotation: in RPY (degree) [0.000, -0.000, 82.811]
- Matrix:
  0.125 -0.992  0.000  6.146
  0.992  0.125  0.000 11.106
  0.000  0.000  1.000  0.000
  0.000  0.000  0.000  1.000
At time 1779612823.370942021
- Translation: [6.143, 11.107, 0.000]
- Rotation: in Quaternion (xyzw) [0.000, 0.000, 0.661, 0.750]
- Rotation: in RPY (radian) [0.000, -0.000, 1.444]
- Rotation: in RPY (degree) [0.000, -0.000, 82.760]
- Matrix:
  0.126 -0.992  0.000  6.143
  0.992  0.126  0.000 11.107
  0.000  0.000  1.000  0.000
  0.000  0.000  0.000  1.000
At time 1779612824.382240767
- Translation: [6.149, 11.112, 0.000]
- Rotation: in Quaternion (xyzw) [0.000, 0.000, 0.661, 0.750]
- Rotation: in RPY (radian) [0.000, -0.000, 1.445]
- Rotation: in RPY (degree) [0.000, -0.000, 82.772]
- Matrix:
  0.126 -0.992  0.000  6.149
  0.992  0.126  0.000 11.112
  0.000  0.000  1.000  0.000
  0.000  0.000  0.000  1.000
At time 1779612825.399925748
- Translation: [6.144, 11.102, 0.000]
- Rotation: in Quaternion (xyzw) [0.000, 0.000, 0.662, 0.750]
- Rotation: in RPY (radian) [0.000, -0.000, 1.446]
- Rotation: in RPY (degree) [0.000, -0.000, 82.834]
- Matrix:
  0.125 -0.992  0.000  6.144
  0.992  0.125  0.000 11.102
  0.000  0.000  1.000  0.000
  0.000  0.000  0.000  1.000
At time 1779612826.390706436
- Translation: [6.145, 11.108, 0.000]
- Rotation: in Quaternion (xyzw) [0.000, 0.000, 0.662, 0.750]
- Rotation: in RPY (radian) [0.000, -0.000, 1.446]
- Rotation: in RPY (degree) [0.000, -0.000, 82.849]
- Matrix:
  0.124 -0.992  0.000  6.145
  0.992  0.124  0.000 11.108
  0.000  0.000  1.000  0.000
  0.000  0.000  0.000  1.000
At time 1779612827.396367163
- Translation: [6.150, 11.108, 0.000]
- Rotation: in Quaternion (xyzw) [0.000, 0.000, 0.661, 0.750]
- Rotation: in RPY (radian) [0.000, -0.000, 1.445]
- Rotation: in RPY (degree) [0.000, -0.000, 82.788]
- Matrix:
  0.126 -0.992  0.000  6.150
  0.992  0.126  0.000 11.108
  0.000  0.000  1.000  0.000
  0.000  0.000  0.000  1.000
At time 1779612828.391751838
- Translation: [6.150, 11.108, 0.000]
- Rotation: in Quaternion (xyzw) [0.000, 0.000, 0.661, 0.750]
- Rotation: in RPY (radian) [0.000, -0.000, 1.445]
- Rotation: in RPY (degree) [0.000, -0.000, 82.793]
- Matrix:
  0.125 -0.992  0.000  6.150
  0.992  0.125  0.000 11.108
  0.000  0.000  1.000  0.000
  0.000  0.000  0.000  1.000
At time 1779612829.383597503
- Translation: [6.148, 11.108, 0.000]
- Rotation: in Quaternion (xyzw) [0.000, 0.000, 0.661, 0.750]
- Rotation: in RPY (radian) [0.000, -0.000, 1.444]
- Rotation: in RPY (degree) [0.000, -0.000, 82.748]
- Matrix:
  0.126 -0.992  0.000  6.148
  0.992  0.126  0.000 11.108
  0.000  0.000  1.000  0.000
  0.000  0.000  0.000  1.000
At time 1779612830.398955393
- Translation: [6.144, 11.103, 0.000]
- Rotation: in Quaternion (xyzw) [0.000, 0.000, 0.661, 0.750]
- Rotation: in RPY (radian) [0.000, -0.000, 1.445]
- Rotation: in RPY (degree) [0.000, -0.000, 82.780]
- Matrix:
  0.126 -0.992  0.000  6.144
  0.992  0.126  0.000 11.103
  0.000  0.000  1.000  0.000
  0.000  0.000  0.000  1.000
At time 1779612831.388692474
- Translation: [6.148, 11.105, 0.000]
- Rotation: in Quaternion (xyzw) [0.000, 0.000, 0.662, 0.750]
- Rotation: in RPY (radian) [0.000, -0.000, 1.446]
- Rotation: in RPY (degree) [0.000, -0.000, 82.831]
- Matrix:
  0.125 -0.992  0.000  6.148
  0.992  0.125  0.000 11.105
  0.000  0.000  1.000  0.000
  0.000  0.000  0.000  1.000
At time 1779612832.395342868
- Translation: [6.148, 11.110, 0.000]
- Rotation: in Quaternion (xyzw) [0.000, 0.000, 0.662, 0.749]
- Rotation: in RPY (radian) [0.000, -0.000, 1.448]
- Rotation: in RPY (degree) [0.000, -0.000, 82.960]
- Matrix:
  0.123 -0.992  0.000  6.148
  0.992  0.123  0.000 11.110
  0.000  0.000  1.000  0.000
  0.000  0.000  0.000  1.000
At time 1779612833.384758169
- Translation: [6.145, 11.105, 0.000]
- Rotation: in Quaternion (xyzw) [0.000, 0.000, 0.661, 0.750]
- Rotation: in RPY (radian) [0.000, -0.000, 1.446]
- Rotation: in RPY (degree) [0.000, -0.000, 82.826]
- Matrix:
  0.125 -0.992  0.000  6.145
  0.992  0.125  0.000 11.105
  0.000  0.000  1.000  0.000
  0.000  0.000  0.000  1.000
At time 1779612834.400975903
- Translation: [6.145, 11.106, 0.000]
- Rotation: in Quaternion (xyzw) [0.000, 0.000, 0.661, 0.750]
- Rotation: in RPY (radian) [0.000, -0.000, 1.445]
- Rotation: in RPY (degree) [0.000, -0.000, 82.794]
- Matrix:
  0.125 -0.992  0.000  6.145
  0.992  0.125  0.000 11.106
  0.000  0.000  1.000  0.000
  0.000  0.000  0.000  1.000
At time 1779612835.395186146
- Translation: [6.148, 11.103, 0.000]
- Rotation: in Quaternion (xyzw) [0.000, 0.000, 0.662, 0.750]
- Rotation: in RPY (radian) [0.000, -0.000, 1.447]
- Rotation: in RPY (degree) [0.000, -0.000, 82.882]
- Matrix:
  0.124 -0.992  0.000  6.148
  0.992  0.124  0.000 11.103
  0.000  0.000  1.000  0.000
  0.000  0.000  0.000  1.000
At time 1779612836.391411427
- Translation: [6.133, 11.114, 0.000]
- Rotation: in Quaternion (xyzw) [0.000, 0.000, 0.661, 0.750]
- Rotation: in RPY (radian) [0.000, -0.000, 1.445]
- Rotation: in RPY (degree) [0.000, -0.000, 82.809]
- Matrix:
  0.125 -0.992  0.000  6.133
  0.992  0.125  0.000 11.114
  0.000  0.000  1.000  0.000
  0.000  0.000  0.000  1.000
At time 1779612837.393438659
- Translation: [6.126, 11.105, 0.000]
- Rotation: in Quaternion (xyzw) [0.000, 0.000, 0.662, 0.750]
- Rotation: in RPY (radian) [0.000, -0.000, 1.447]
- Rotation: in RPY (degree) [0.000, -0.000, 82.882]
- Matrix:
  0.124 -0.992  0.000  6.126
  0.992  0.124  0.000 11.105
  0.000  0.000  1.000  0.000
  0.000  0.000  0.000  1.000
At time 1779612838.392908953
- Translation: [6.120, 11.083, 0.000]
- Rotation: in Quaternion (xyzw) [0.000, 0.000, 0.664, 0.748]
- Rotation: in RPY (radian) [0.000, -0.000, 1.451]
- Rotation: in RPY (degree) [0.000, -0.000, 83.151]
- Matrix:
  0.119 -0.993  0.000  6.120
  0.993  0.119  0.000 11.083
  0.000  0.000  1.000  0.000
  0.000  0.000  0.000  1.000
At time 1779612839.402890724
- Translation: [6.031, 11.079, 0.000]
- Rotation: in Quaternion (xyzw) [0.000, 0.000, 0.662, 0.749]
- Rotation: in RPY (radian) [0.000, -0.000, 1.448]
- Rotation: in RPY (degree) [0.000, -0.000, 82.957]
- Matrix:
  0.123 -0.992  0.000  6.031
  0.992  0.123  0.000 11.079
  0.000  0.000  1.000  0.000
  0.000  0.000  0.000  1.000
At time 1779612840.430600007
- Translation: [6.021, 11.097, 0.000]
- Rotation: in Quaternion (xyzw) [0.000, 0.000, 0.660, 0.751]
- Rotation: in RPY (radian) [0.000, -0.000, 1.442]
- Rotation: in RPY (degree) [0.000, -0.000, 82.601]
- Matrix:
  0.129 -0.992  0.000  6.021
  0.992  0.129  0.000 11.097
  0.000  0.000  1.000  0.000
  0.000  0.000  0.000  1.000
At time 1779612841.356939000
- Translation: [6.081, 11.070, 0.000]
- Rotation: in Quaternion (xyzw) [0.000, 0.000, 0.661, 0.750]
- Rotation: in RPY (radian) [0.000, -0.000, 1.445]
- Rotation: in RPY (degree) [0.000, -0.000, 82.802]
- Matrix:
  0.125 -0.992  0.000  6.081
  0.992  0.125  0.000 11.070
  0.000  0.000  1.000  0.000
  0.000  0.000  0.000  1.000
At time 1779612842.429396231
- Translation: [6.059, 11.089, 0.000]
- Rotation: in Quaternion (xyzw) [0.000, 0.000, 0.661, 0.750]
- Rotation: in RPY (radian) [0.000, -0.000, 1.445]
- Rotation: in RPY (degree) [0.000, -0.000, 82.793]
- Matrix:
  0.125 -0.992  0.000  6.059
  0.992  0.125  0.000 11.089
  0.000  0.000  1.000  0.000
  0.000  0.000  0.000  1.000
At time 1779612843.442996043
- Translation: [6.074, 11.076, 0.000]
- Rotation: in Quaternion (xyzw) [0.000, 0.000, 0.661, 0.750]
- Rotation: in RPY (radian) [0.000, -0.000, 1.445]
- Rotation: in RPY (degree) [0.000, -0.000, 82.804]
- Matrix:
  0.125 -0.992  0.000  6.074
  0.992  0.125  0.000 11.076
  0.000  0.000  1.000  0.000
  0.000  0.000  0.000  1.000
At time 1779612844.431503947
- Translation: [6.077, 11.095, 0.000]
- Rotation: in Quaternion (xyzw) [0.000, 0.000, 0.661, 0.750]
- Rotation: in RPY (radian) [0.000, -0.000, 1.444]
- Rotation: in RPY (degree) [0.000, -0.000, 82.747]
- Matrix:
  0.126 -0.992  0.000  6.077
  0.992  0.126  0.000 11.095
  0.000  0.000  1.000  0.000
  0.000  0.000  0.000  1.000
At time 1779612845.444793101
- Translation: [6.120, 11.099, 0.000]
- Rotation: in Quaternion (xyzw) [0.000, 0.000, 0.662, 0.750]
- Rotation: in RPY (radian) [0.000, -0.000, 1.446]
- Rotation: in RPY (degree) [0.000, -0.000, 82.856]
- Matrix:
  0.124 -0.992  0.000  6.120
  0.992  0.124  0.000 11.099
  0.000  0.000  1.000  0.000
  0.000  0.000  0.000  1.000
At time 1779612846.427830786
- Translation: [6.100, 11.068, 0.000]
- Rotation: in Quaternion (xyzw) [0.000, 0.000, 0.663, 0.749]
- Rotation: in RPY (radian) [0.000, -0.000, 1.450]
- Rotation: in RPY (degree) [0.000, -0.000, 83.070]
- Matrix:
  0.121 -0.993  0.000  6.100
  0.993  0.121  0.000 11.068
  0.000  0.000  1.000  0.000
  0.000  0.000  0.000  1.000
At time 1779612847.448585793
- Translation: [6.090, 11.058, 0.000]
- Rotation: in Quaternion (xyzw) [0.000, 0.000, 0.663, 0.749]
- Rotation: in RPY (radian) [0.000, -0.000, 1.449]
- Rotation: in RPY (degree) [0.000, -0.000, 83.049]
- Matrix:
  0.121 -0.993  0.000  6.090
  0.993  0.121  0.000 11.058
  0.000  0.000  1.000  0.000
  0.000  0.000  0.000  1.000
At time 1779612848.334611206
- Translation: [6.110, 11.060, 0.000]
- Rotation: in Quaternion (xyzw) [0.000, 0.000, 0.663, 0.749]
- Rotation: in RPY (radian) [0.000, -0.000, 1.448]
- Rotation: in RPY (degree) [0.000, -0.000, 82.987]
- Matrix:
  0.122 -0.993  0.000  6.110
  0.993  0.122  0.000 11.060
  0.000  0.000  1.000  0.000
  0.000  0.000  0.000  1.000
At time 1779612849.404805808
- Translation: [6.101, 11.045, 0.000]
- Rotation: in Quaternion (xyzw) [0.000, 0.000, 0.664, 0.748]
- Rotation: in RPY (radian) [0.000, -0.000, 1.453]
- Rotation: in RPY (degree) [0.000, -0.000, 83.237]
- Matrix:
  0.118 -0.993  0.000  6.101
  0.993  0.118  0.000 11.045
  0.000  0.000  1.000  0.000
  0.000  0.000  0.000  1.000
At time 1779612850.421559661
- Translation: [6.110, 11.052, 0.000]
- Rotation: in Quaternion (xyzw) [0.000, 0.000, 0.665, 0.747]
- Rotation: in RPY (radian) [0.000, -0.000, 1.454]
- Rotation: in RPY (degree) [0.000, -0.000, 83.310]
- Matrix:
  0.116 -0.993  0.000  6.110
  0.993  0.116  0.000 11.052
  0.000  0.000  1.000  0.000
  0.000  0.000  0.000  1.000
At time 1779612851.415417973
- Translation: [6.157, 11.052, 0.000]
- Rotation: in Quaternion (xyzw) [0.000, 0.000, 0.666, 0.746]
- Rotation: in RPY (radian) [0.000, -0.000, 1.458]
- Rotation: in RPY (degree) [0.000, -0.000, 83.547]
- Matrix:
  0.112 -0.994  0.000  6.157
  0.994  0.112  0.000 11.052
  0.000  0.000  1.000  0.000
  0.000  0.000  0.000  1.000
At time 1779612852.455140652
- Translation: [6.138, 11.065, 0.000]
- Rotation: in Quaternion (xyzw) [0.000, 0.000, 0.664, 0.748]
- Rotation: in RPY (radian) [0.000, -0.000, 1.452]
- Rotation: in RPY (degree) [0.000, -0.000, 83.205]
- Matrix:
  0.118 -0.993  0.000  6.138
  0.993  0.118  0.000 11.065
  0.000  0.000  1.000  0.000
  0.000  0.000  0.000  1.000
At time 1779612853.445855949
- Translation: [6.088, 11.068, 0.000]
- Rotation: in Quaternion (xyzw) [0.000, 0.000, 0.662, 0.749]
- Rotation: in RPY (radian) [0.000, -0.000, 1.448]
- Rotation: in RPY (degree) [0.000, -0.000, 82.973]
- Matrix:
  0.122 -0.992  0.000  6.088
  0.992  0.122  0.000 11.068
  0.000  0.000  1.000  0.000
  0.000  0.000  0.000  1.000
At time 1779612854.387449752
- Translation: [6.116, 11.019, 0.000]
- Rotation: in Quaternion (xyzw) [0.000, 0.000, 0.664, 0.748]
- Rotation: in RPY (radian) [0.000, -0.000, 1.452]
- Rotation: in RPY (degree) [0.000, -0.000, 83.218]
- Matrix:
  0.118 -0.993  0.000  6.116
  0.993  0.118  0.000 11.019
  0.000  0.000  1.000  0.000
  0.000  0.000  0.000  1.000
At time 1779612855.445848762
- Translation: [6.083, 11.099, 0.000]
- Rotation: in Quaternion (xyzw) [0.000, 0.000, 0.662, 0.750]
- Rotation: in RPY (radian) [0.000, -0.000, 1.446]
- Rotation: in RPY (degree) [0.000, -0.000, 82.842]
- Matrix:
  0.125 -0.992  0.000  6.083
  0.992  0.125  0.000 11.099
  0.000  0.000  1.000  0.000
  0.000  0.000  0.000  1.000
At time 1779612856.402469392
- Translation: [6.096, 11.102, 0.000]
- Rotation: in Quaternion (xyzw) [0.000, 0.000, 0.662, 0.749]
- Rotation: in RPY (radian) [0.000, -0.000, 1.447]
- Rotation: in RPY (degree) [0.000, -0.000, 82.920]
- Matrix:
  0.123 -0.992  0.000  6.096
  0.992  0.123  0.000 11.102
  0.000  0.000  1.000  0.000
  0.000  0.000  0.000  1.000
At time 1779612857.354332032
- Translation: [6.083, 11.100, 0.000]
- Rotation: in Quaternion (xyzw) [0.000, 0.000, 0.663, 0.749]
- Rotation: in RPY (radian) [0.000, -0.000, 1.449]
- Rotation: in RPY (degree) [0.000, -0.000, 83.027]
- Matrix:
  0.121 -0.993  0.000  6.083
  0.993  0.121  0.000 11.100
  0.000  0.000  1.000  0.000
  0.000  0.000  0.000  1.000
At time 1779612858.456530740
- Translation: [6.110, 10.989, 0.000]
- Rotation: in Quaternion (xyzw) [0.000, 0.000, 0.661, 0.750]
- Rotation: in RPY (radian) [0.000, -0.000, 1.445]
- Rotation: in RPY (degree) [0.000, -0.000, 82.770]
- Matrix:
  0.126 -0.992  0.000  6.110
  0.992  0.126  0.000 10.989
  0.000  0.000  1.000  0.000
  0.000  0.000  0.000  1.000
At time 1779612859.441276061
- Translation: [5.901, 11.034, 0.000]
- Rotation: in Quaternion (xyzw) [0.000, 0.000, 0.655, 0.755]
- Rotation: in RPY (radian) [0.000, -0.000, 1.429]
- Rotation: in RPY (degree) [0.000, -0.000, 81.898]
- Matrix:
  0.141 -0.990  0.000  5.901
  0.990  0.141  0.000 11.034
  0.000  0.000  1.000  0.000
  0.000  0.000  0.000  1.000
At time 1779612860.440806670
- Translation: [5.951, 11.058, 0.000]
- Rotation: in Quaternion (xyzw) [0.000, 0.000, 0.656, 0.754]
- Rotation: in RPY (radian) [0.000, -0.000, 1.432]
- Rotation: in RPY (degree) [0.000, -0.000, 82.062]
- Matrix:
  0.138 -0.990  0.000  5.951
  0.990  0.138  0.000 11.058
  0.000  0.000  1.000  0.000
  0.000  0.000  0.000  1.000
At time 1779612861.381809066
- Translation: [6.076, 11.074, 0.000]
- Rotation: in Quaternion (xyzw) [0.000, 0.000, 0.661, 0.750]
- Rotation: in RPY (radian) [0.000, -0.000, 1.446]
- Rotation: in RPY (degree) [0.000, -0.000, 82.826]
- Matrix:
  0.125 -0.992  0.000  6.076
  0.992  0.125  0.000 11.074
  0.000  0.000  1.000  0.000
  0.000  0.000  0.000  1.000
At time 1779612862.449391645
- Translation: [6.033, 11.177, 0.000]
- Rotation: in Quaternion (xyzw) [0.000, 0.000, 0.659, 0.752]
- Rotation: in RPY (radian) [0.000, -0.000, 1.438]
- Rotation: in RPY (degree) [0.000, -0.000, 82.389]
- Matrix:
  0.132 -0.991  0.000  6.033
  0.991  0.132  0.000 11.177
  0.000  0.000  1.000  0.000
  0.000  0.000  0.000  1.000
At time 1779612863.457302199
- Translation: [6.041, 11.162, 0.000]
- Rotation: in Quaternion (xyzw) [0.000, 0.000, 0.658, 0.753]
- Rotation: in RPY (radian) [0.000, -0.000, 1.436]
- Rotation: in RPY (degree) [0.000, -0.000, 82.260]
- Matrix:
  0.135 -0.991  0.000  6.041
  0.991  0.135  0.000 11.162
  0.000  0.000  1.000  0.000
  0.000  0.000  0.000  1.000
At time 1779612864.423890631
- Translation: [6.143, 11.102, 0.000]
- Rotation: in Quaternion (xyzw) [0.000, 0.000, 0.666, 0.746]
- Rotation: in RPY (radian) [0.000, -0.000, 1.458]
- Rotation: in RPY (degree) [0.000, -0.000, 83.529]
- Matrix:
  0.113 -0.994  0.000  6.143
  0.994  0.113  0.000 11.102
  0.000  0.000  1.000  0.000
  0.000  0.000  0.000  1.000
At time 1779612865.437184997
- Translation: [6.084, 11.076, 0.000]
- Rotation: in Quaternion (xyzw) [0.000, 0.000, 0.663, 0.749]
- Rotation: in RPY (radian) [0.000, -0.000, 1.449]
- Rotation: in RPY (degree) [0.000, -0.000, 83.050]
- Matrix:
  0.121 -0.993  0.000  6.084
  0.993  0.121  0.000 11.076
  0.000  0.000  1.000  0.000
  0.000  0.000  0.000  1.000
At time 1779612866.435115984
- Translation: [6.112, 11.056, 0.000]
- Rotation: in Quaternion (xyzw) [0.000, 0.000, 0.664, 0.748]
- Rotation: in RPY (radian) [0.000, -0.000, 1.452]
- Rotation: in RPY (degree) [0.000, -0.000, 83.210]
- Matrix:
  0.118 -0.993  0.000  6.112
  0.993  0.118  0.000 11.056
  0.000  0.000  1.000  0.000
  0.000  0.000  0.000  1.000
At time 1779612867.427118394
- Translation: [6.088, 11.059, 0.000]
- Rotation: in Quaternion (xyzw) [0.000, 0.000, 0.662, 0.749]
- Rotation: in RPY (radian) [0.000, -0.000, 1.448]
- Rotation: in RPY (degree) [0.000, -0.000, 82.970]
- Matrix:
  0.122 -0.992  0.000  6.088
  0.992  0.122  0.000 11.059
  0.000  0.000  1.000  0.000
  0.000  0.000  0.000  1.000
At time 1779612868.407248123
- Translation: [6.096, 11.053, 0.000]
- Rotation: in Quaternion (xyzw) [0.000, 0.000, 0.662, 0.749]
- Rotation: in RPY (radian) [0.000, -0.000, 1.447]
- Rotation: in RPY (degree) [0.000, -0.000, 82.909]
- Matrix:
  0.123 -0.992  0.000  6.096
  0.992  0.123  0.000 11.053
  0.000  0.000  1.000  0.000
  0.000  0.000  0.000  1.000
At time 1779612869.434384954
- Translation: [6.072, 11.078, 0.000]
- Rotation: in Quaternion (xyzw) [0.000, 0.000, 0.661, 0.750]
- Rotation: in RPY (radian) [0.000, -0.000, 1.445]
- Rotation: in RPY (degree) [0.000, -0.000, 82.780]
- Matrix:
  0.126 -0.992  0.000  6.072
  0.992  0.126  0.000 11.078
  0.000  0.000  1.000  0.000
  0.000  0.000  0.000  1.000
At time 1779612870.452096220
- Translation: [6.087, 11.102, 0.000]
- Rotation: in Quaternion (xyzw) [0.000, 0.000, 0.662, 0.750]
- Rotation: in RPY (radian) [0.000, -0.000, 1.447]
- Rotation: in RPY (degree) [0.000, -0.000, 82.894]
- Matrix:
  0.124 -0.992  0.000  6.087
  0.992  0.124  0.000 11.102
  0.000  0.000  1.000  0.000
  0.000  0.000  0.000  1.000
At time 1779612871.450548134
- Translation: [6.164, 11.040, 0.000]
- Rotation: in Quaternion (xyzw) [0.000, 0.000, 0.666, 0.746]
- Rotation: in RPY (radian) [0.000, -0.000, 1.459]
- Rotation: in RPY (degree) [0.000, -0.000, 83.587]
- Matrix:
  0.112 -0.994  0.000  6.164
  0.994  0.112  0.000 11.040
  0.000  0.000  1.000  0.000
  0.000  0.000  0.000  1.000
At time 1779612872.444390410
- Translation: [6.182, 11.021, 0.000]
- Rotation: in Quaternion (xyzw) [0.000, 0.000, 0.667, 0.745]
- Rotation: in RPY (radian) [0.000, -0.000, 1.459]
- Rotation: in RPY (degree) [0.000, -0.000, 83.606]
- Matrix:
  0.111 -0.994  0.000  6.182
  0.994  0.111  0.000 11.021
  0.000  0.000  1.000  0.000
  0.000  0.000  0.000  1.000
At time 1779612873.437874158
- Translation: [6.256, 10.999, 0.000]
- Rotation: in Quaternion (xyzw) [0.000, 0.000, 0.669, 0.744]
- Rotation: in RPY (radian) [0.000, -0.000, 1.464]
- Rotation: in RPY (degree) [0.000, -0.000, 83.903]
- Matrix:
  0.106 -0.994  0.000  6.256
  0.994  0.106  0.000 10.999
  0.000  0.000  1.000  0.000
  0.000  0.000  0.000  1.000
At time 1779612874.429275936
- Translation: [6.202, 11.016, 0.000]
- Rotation: in Quaternion (xyzw) [0.000, 0.000, 0.667, 0.745]
- Rotation: in RPY (radian) [0.000, -0.000, 1.459]
- Rotation: in RPY (degree) [0.000, -0.000, 83.603]
- Matrix:
  0.111 -0.994  0.000  6.202
  0.994  0.111  0.000 11.016
  0.000  0.000  1.000  0.000
  0.000  0.000  0.000  1.000
At time 1779612875.439842334
- Translation: [6.214, 11.007, 0.000]
- Rotation: in Quaternion (xyzw) [0.000, 0.000, 0.667, 0.745]
- Rotation: in RPY (radian) [0.000, -0.000, 1.461]
- Rotation: in RPY (degree) [0.000, -0.000, 83.713]
- Matrix:
  0.110 -0.994  0.000  6.214
  0.994  0.110  0.000 11.007
  0.000  0.000  1.000  0.000
  0.000  0.000  0.000  1.000
At time 1779612876.433433252
- Translation: [6.277, 10.999, 0.000]
- Rotation: in Quaternion (xyzw) [0.000, 0.000, 0.670, 0.742]
- Rotation: in RPY (radian) [0.000, -0.000, 1.469]
- Rotation: in RPY (degree) [0.000, -0.000, 84.173]
- Matrix:
  0.102 -0.995  0.000  6.277
  0.995  0.102  0.000 10.999
  0.000  0.000  1.000  0.000
  0.000  0.000  0.000  1.000
At time 1779612877.414673447
- Translation: [6.246, 11.009, 0.000]
- Rotation: in Quaternion (xyzw) [0.000, 0.000, 0.669, 0.743]
- Rotation: in RPY (radian) [0.000, -0.000, 1.465]
- Rotation: in RPY (degree) [0.000, -0.000, 83.961]
- Matrix:
  0.105 -0.994  0.000  6.246
  0.994  0.105  0.000 11.009
  0.000  0.000  1.000  0.000
  0.000  0.000  0.000  1.000
At time 1779612878.432347860
- Translation: [6.237, 11.014, 0.000]
- Rotation: in Quaternion (xyzw) [0.000, 0.000, 0.668, 0.744]
- Rotation: in RPY (radian) [0.000, -0.000, 1.462]
- Rotation: in RPY (degree) [0.000, -0.000, 83.769]
- Matrix:
  0.109 -0.994  0.000  6.237
  0.994  0.109  0.000 11.014
  0.000  0.000  1.000  0.000
  0.000  0.000  0.000  1.000
At time 1779612879.419543942
- Translation: [6.172, 11.025, 0.000]
- Rotation: in Quaternion (xyzw) [0.000, 0.000, 0.665, 0.747]
- Rotation: in RPY (radian) [0.000, -0.000, 1.455]
- Rotation: in RPY (degree) [0.000, -0.000, 83.391]
- Matrix:
  0.115 -0.993  0.000  6.172
  0.993  0.115  0.000 11.025
  0.000  0.000  1.000  0.000
  0.000  0.000  0.000  1.000
At time 1779612880.424086542
- Translation: [6.120, 11.049, 0.000]
- Rotation: in Quaternion (xyzw) [0.000, 0.000, 0.663, 0.749]
- Rotation: in RPY (radian) [0.000, -0.000, 1.450]
- Rotation: in RPY (degree) [0.000, -0.000, 83.063]
- Matrix:
  0.121 -0.993  0.000  6.120
  0.993  0.121  0.000 11.049
  0.000  0.000  1.000  0.000
  0.000  0.000  0.000  1.000
At time 1779612881.440323052
- Translation: [6.133, 11.059, 0.000]
- Rotation: in Quaternion (xyzw) [0.000, 0.000, 0.663, 0.748]
- Rotation: in RPY (radian) [0.000, -0.000, 1.451]
- Rotation: in RPY (degree) [0.000, -0.000, 83.131]
- Matrix:
  0.120 -0.993  0.000  6.133
  0.993  0.120  0.000 11.059
  0.000  0.000  1.000  0.000
  0.000  0.000  0.000  1.000
At time 1779612882.413261301
- Translation: [6.085, 11.103, 0.000]
- Rotation: in Quaternion (xyzw) [0.000, 0.000, 0.662, 0.750]
- Rotation: in RPY (radian) [0.000, -0.000, 1.447]
- Rotation: in RPY (degree) [0.000, -0.000, 82.898]
- Matrix:
  0.124 -0.992  0.000  6.085
  0.992  0.124  0.000 11.103
  0.000  0.000  1.000  0.000
  0.000  0.000  0.000  1.000
At time 1779612883.454229718
- Translation: [6.081, 11.107, 0.000]
- Rotation: in Quaternion (xyzw) [0.000, 0.000, 0.662, 0.750]
- Rotation: in RPY (radian) [0.000, -0.000, 1.447]
- Rotation: in RPY (degree) [0.000, -0.000, 82.903]
- Matrix:
  0.124 -0.992  0.000  6.081
  0.992  0.124  0.000 11.107
  0.000  0.000  1.000  0.000
  0.000  0.000  0.000  1.000
At time 1779612884.414739070
- Translation: [6.064, 11.125, 0.000]
- Rotation: in Quaternion (xyzw) [0.000, 0.000, 0.661, 0.750]
- Rotation: in RPY (radian) [0.000, -0.000, 1.445]
- Rotation: in RPY (degree) [0.000, -0.000, 82.795]
- Matrix:
  0.125 -0.992  0.000  6.064
  0.992  0.125  0.000 11.125
  0.000  0.000  1.000  0.000
  0.000  0.000  0.000  1.000
At time 1779612885.451297527
- Translation: [6.073, 11.116, 0.000]
- Rotation: in Quaternion (xyzw) [0.000, 0.000, 0.661, 0.750]
- Rotation: in RPY (radian) [0.000, -0.000, 1.445]
- Rotation: in RPY (degree) [0.000, -0.000, 82.814]
- Matrix:
  0.125 -0.992  0.000  6.073
  0.992  0.125  0.000 11.116
  0.000  0.000  1.000  0.000
  0.000  0.000  0.000  1.000
At time 1779612886.407995667
- Translation: [6.025, 11.123, 0.000]
- Rotation: in Quaternion (xyzw) [0.000, 0.000, 0.658, 0.753]
- Rotation: in RPY (radian) [0.000, -0.000, 1.437]
- Rotation: in RPY (degree) [0.000, -0.000, 82.327]
- Matrix:
  0.134 -0.991  0.000  6.025
  0.991  0.134  0.000 11.123
  0.000  0.000  1.000  0.000
  0.000  0.000  0.000  1.000
At time 1779612887.431246921
- Translation: [6.013, 11.119, 0.000]
- Rotation: in Quaternion (xyzw) [0.000, 0.000, 0.657, 0.754]
- Rotation: in RPY (radian) [0.000, -0.000, 1.434]
- Rotation: in RPY (degree) [0.000, -0.000, 82.162]
- Matrix:
  0.136 -0.991  0.000  6.013
  0.991  0.136  0.000 11.119
  0.000  0.000  1.000  0.000
  0.000  0.000  0.000  1.000
At time 1779612888.446427472
- Translation: [5.986, 11.268, 0.000]
- Rotation: in Quaternion (xyzw) [0.000, 0.000, 0.657, 0.754]
- Rotation: in RPY (radian) [0.000, -0.000, 1.432]
- Rotation: in RPY (degree) [0.000, -0.000, 82.075]
- Matrix:
  0.138 -0.990  0.000  5.986
  0.990  0.138  0.000 11.268
  0.000  0.000  1.000  0.000
  0.000  0.000  0.000  1.000
At time 1779612889.446792841
- Translation: [6.349, 10.993, 0.000]
- Rotation: in Quaternion (xyzw) [0.000, 0.000, 0.674, 0.739]
- Rotation: in RPY (radian) [0.000, -0.000, 1.479]
- Rotation: in RPY (degree) [0.000, -0.000, 84.746]
- Matrix:
  0.092 -0.996  0.000  6.349
  0.996  0.092  0.000 10.993
  0.000  0.000  1.000  0.000
  0.000  0.000  0.000  1.000
At time 1779612890.367376732
- Translation: [6.188, 10.997, 0.000]
- Rotation: in Quaternion (xyzw) [0.000, 0.000, 0.669, 0.743]
- Rotation: in RPY (radian) [0.000, -0.000, 1.466]
- Rotation: in RPY (degree) [0.000, -0.000, 84.001]
- Matrix:
  0.105 -0.995  0.000  6.188
  0.995  0.105  0.000 10.997
  0.000  0.000  1.000  0.000
  0.000  0.000  0.000  1.000
At time 1779612891.419360290
- Translation: [6.150, 10.967, 0.000]
- Rotation: in Quaternion (xyzw) [0.000, 0.000, 0.667, 0.745]
- Rotation: in RPY (radian) [0.000, -0.000, 1.461]
- Rotation: in RPY (degree) [0.000, -0.000, 83.724]
- Matrix:
  0.109 -0.994  0.000  6.150
  0.994  0.109  0.000 10.967
  0.000  0.000  1.000  0.000
  0.000  0.000  0.000  1.000
At time 1779612892.462528314
- Translation: [6.124, 11.067, 0.000]
- Rotation: in Quaternion (xyzw) [0.000, 0.000, 0.663, 0.749]
- Rotation: in RPY (radian) [0.000, -0.000, 1.450]
- Rotation: in RPY (degree) [0.000, -0.000, 83.060]
- Matrix:
  0.121 -0.993  0.000  6.124
  0.993  0.121  0.000 11.067
  0.000  0.000  1.000  0.000
  0.000  0.000  0.000  1.000
At time 1779612893.440018949
- Translation: [6.151, 11.076, 0.000]
- Rotation: in Quaternion (xyzw) [0.000, 0.000, 0.664, 0.748]
- Rotation: in RPY (radian) [0.000, -0.000, 1.453]
- Rotation: in RPY (degree) [0.000, -0.000, 83.229]
- Matrix:
  0.118 -0.993  0.000  6.151
  0.993  0.118  0.000 11.076
  0.000  0.000  1.000  0.000
  0.000  0.000  0.000  1.000
At time 1779612894.412415686
- Translation: [6.194, 11.083, 0.000]
- Rotation: in Quaternion (xyzw) [0.000, 0.000, 0.665, 0.747]
- Rotation: in RPY (radian) [0.000, -0.000, 1.454]
- Rotation: in RPY (degree) [0.000, -0.000, 83.318]
- Matrix:
  0.116 -0.993  0.000  6.194
  0.993  0.116  0.000 11.083
  0.000  0.000  1.000  0.000
  0.000  0.000  0.000  1.000
At time 1779612895.375718248
- Translation: [6.117, 11.144, 0.000]
- Rotation: in Quaternion (xyzw) [0.000, 0.000, 0.662, 0.750]
- Rotation: in RPY (radian) [0.000, -0.000, 1.447]
- Rotation: in RPY (degree) [0.000, -0.000, 82.889]
- Matrix:
  0.124 -0.992  0.000  6.117
  0.992  0.124  0.000 11.144
  0.000  0.000  1.000  0.000
  0.000  0.000  0.000  1.000
At time 1779612896.407714977
- Translation: [6.106, 11.120, 0.000]
- Rotation: in Quaternion (xyzw) [0.000, 0.000, 0.661, 0.750]
- Rotation: in RPY (radian) [0.000, -0.000, 1.444]
- Rotation: in RPY (degree) [0.000, -0.000, 82.748]
- Matrix:
  0.126 -0.992  0.000  6.106
  0.992  0.126  0.000 11.120
  0.000  0.000  1.000  0.000
  0.000  0.000  0.000  1.000
At time 1779612897.436287310
- Translation: [6.099, 11.132, 0.000]
- Rotation: in Quaternion (xyzw) [0.000, 0.000, 0.661, 0.750]
- Rotation: in RPY (radian) [0.000, -0.000, 1.445]
- Rotation: in RPY (degree) [0.000, -0.000, 82.765]
- Matrix:
  0.126 -0.992  0.000  6.099
  0.992  0.126  0.000 11.132
  0.000  0.000  1.000  0.000
  0.000  0.000  0.000  1.000
At time 1779612898.371774059
- Translation: [6.181, 10.979, 0.000]
- Rotation: in Quaternion (xyzw) [0.000, 0.000, 0.666, 0.746]
- Rotation: in RPY (radian) [0.000, -0.000, 1.458]
- Rotation: in RPY (degree) [0.000, -0.000, 83.517]
- Matrix:
  0.113 -0.994  0.000  6.181
  0.994  0.113  0.000 10.979
  0.000  0.000  1.000  0.000
  0.000  0.000  0.000  1.000
At time 1779612899.297173745
- Translation: [6.132, 11.026, 0.000]
- Rotation: in Quaternion (xyzw) [0.000, 0.000, 0.664, 0.748]
- Rotation: in RPY (radian) [0.000, -0.000, 1.453]
- Rotation: in RPY (degree) [0.000, -0.000, 83.236]
- Matrix:
  0.118 -0.993  0.000  6.132
  0.993  0.118  0.000 11.026
  0.000  0.000  1.000  0.000
  0.000  0.000  0.000  1.000
At time 1779612900.323775795
- Translation: [6.167, 11.078, 0.000]
- Rotation: in Quaternion (xyzw) [0.000, 0.000, 0.664, 0.748]
- Rotation: in RPY (radian) [0.000, -0.000, 1.453]
- Rotation: in RPY (degree) [0.000, -0.000, 83.250]
- Matrix:
  0.118 -0.993  0.000  6.167
  0.993  0.118  0.000 11.078
  0.000  0.000  1.000  0.000
  0.000  0.000  0.000  1.000
At time 1779612901.382378511
- Translation: [6.176, 10.887, 0.000]
- Rotation: in Quaternion (xyzw) [0.000, 0.000, 0.667, 0.745]
- Rotation: in RPY (radian) [0.000, -0.000, 1.460]
- Rotation: in RPY (degree) [0.000, -0.000, 83.676]
- Matrix:
  0.110 -0.994  0.000  6.176
  0.994  0.110  0.000 10.887
  0.000  0.000  1.000  0.000
  0.000  0.000  0.000  1.000
At time 1779612902.387241469
- Translation: [6.098, 11.089, 0.000]
- Rotation: in Quaternion (xyzw) [0.000, 0.000, 0.662, 0.750]
- Rotation: in RPY (radian) [0.000, -0.000, 1.447]
- Rotation: in RPY (degree) [0.000, -0.000, 82.886]
- Matrix:
  0.124 -0.992  0.000  6.098
  0.992  0.124  0.000 11.089
  0.000  0.000  1.000  0.000
  0.000  0.000  0.000  1.000
At time 1779612903.450293342
- Translation: [6.208, 11.014, 0.000]
- Rotation: in Quaternion (xyzw) [0.000, 0.000, 0.667, 0.745]
- Rotation: in RPY (radian) [0.000, -0.000, 1.460]
- Rotation: in RPY (degree) [0.000, -0.000, 83.640]
- Matrix:
  0.111 -0.994  0.000  6.208
  0.994  0.111  0.000 11.014
  0.000  0.000  1.000  0.000
  0.000  0.000  0.000  1.000
At time 1779612904.442996272
- Translation: [6.147, 11.050, 0.000]
- Rotation: in Quaternion (xyzw) [0.000, 0.000, 0.666, 0.746]
- Rotation: in RPY (radian) [0.000, -0.000, 1.457]
- Rotation: in RPY (degree) [0.000, -0.000, 83.487]
- Matrix:
  0.113 -0.994  0.000  6.147
  0.994  0.113  0.000 11.050
  0.000  0.000  1.000  0.000
  0.000  0.000  0.000  1.000
At time 1779612905.430526239
- Translation: [6.032, 11.181, 0.000]
- Rotation: in Quaternion (xyzw) [0.000, 0.000, 0.657, 0.754]
- Rotation: in RPY (radian) [0.000, -0.000, 1.432]
- Rotation: in RPY (degree) [0.000, -0.000, 82.068]
- Matrix:
  0.138 -0.990  0.000  6.032
  0.990  0.138  0.000 11.181
  0.000  0.000  1.000  0.000
  0.000  0.000  0.000  1.000
At time 1779612906.436423557
- Translation: [6.047, 11.167, 0.000]
- Rotation: in Quaternion (xyzw) [0.000, 0.000, 0.657, 0.753]
- Rotation: in RPY (radian) [0.000, -0.000, 1.435]
- Rotation: in RPY (degree) [0.000, -0.000, 82.214]
- Matrix:
  0.135 -0.991  0.000  6.047
  0.991  0.135  0.000 11.167
  0.000  0.000  1.000  0.000
  0.000  0.000  0.000  1.000
At time 1779612907.453732566
- Translation: [6.020, 11.176, 0.000]
- Rotation: in Quaternion (xyzw) [0.000, 0.000, 0.657, 0.754]
- Rotation: in RPY (radian) [0.000, -0.000, 1.432]
- Rotation: in RPY (degree) [0.000, -0.000, 82.071]
- Matrix:
  0.138 -0.990  0.000  6.020
  0.990  0.138  0.000 11.176
  0.000  0.000  1.000  0.000
  0.000  0.000  0.000  1.000
At time 1779612908.429494067
- Translation: [6.014, 11.181, 0.000]
- Rotation: in Quaternion (xyzw) [0.000, 0.000, 0.657, 0.754]
- Rotation: in RPY (radian) [0.000, -0.000, 1.434]
- Rotation: in RPY (degree) [0.000, -0.000, 82.177]
- Matrix:
  0.136 -0.991  0.000  6.014
  0.991  0.136  0.000 11.181
  0.000  0.000  1.000  0.000
  0.000  0.000  0.000  1.000
At time 1779612909.445711492
- Translation: [5.995, 11.199, 0.000]
- Rotation: in Quaternion (xyzw) [0.000, 0.000, 0.657, 0.754]
- Rotation: in RPY (radian) [0.000, -0.000, 1.433]
- Rotation: in RPY (degree) [0.000, -0.000, 82.090]
- Matrix:
  0.138 -0.990  0.000  5.995
  0.990  0.138  0.000 11.199
  0.000  0.000  1.000  0.000
  0.000  0.000  0.000  1.000
At time 1779612910.434084422
- Translation: [6.000, 11.186, 0.000]
- Rotation: in Quaternion (xyzw) [0.000, 0.000, 0.657, 0.754]
- Rotation: in RPY (radian) [0.000, -0.000, 1.434]
- Rotation: in RPY (degree) [0.000, -0.000, 82.183]
- Matrix:
  0.136 -0.991  0.000  6.000
  0.991  0.136  0.000 11.186
  0.000  0.000  1.000  0.000
  0.000  0.000  0.000  1.000
At time 1779612911.447425305
- Translation: [6.167, 11.079, 0.000]
- Rotation: in Quaternion (xyzw) [0.000, 0.000, 0.666, 0.746]
- Rotation: in RPY (radian) [0.000, -0.000, 1.458]
- Rotation: in RPY (degree) [0.000, -0.000, 83.513]
- Matrix:
  0.113 -0.994  0.000  6.167
  0.994  0.113  0.000 11.079
  0.000  0.000  1.000  0.000
  0.000  0.000  0.000  1.000
At time 1779612912.389764807
- Translation: [6.174, 11.058, 0.000]
- Rotation: in Quaternion (xyzw) [0.000, 0.000, 0.666, 0.746]
- Rotation: in RPY (radian) [0.000, -0.000, 1.457]
- Rotation: in RPY (degree) [0.000, -0.000, 83.485]
- Matrix:
  0.113 -0.994  0.000  6.174
  0.994  0.113  0.000 11.058
  0.000  0.000  1.000  0.000
  0.000  0.000  0.000  1.000
At time 1779612913.367960374
- Translation: [6.168, 11.107, 0.000]
- Rotation: in Quaternion (xyzw) [0.000, 0.000, 0.665, 0.747]
- Rotation: in RPY (radian) [0.000, -0.000, 1.454]
- Rotation: in RPY (degree) [0.000, -0.000, 83.317]
- Matrix:
  0.116 -0.993  0.000  6.168
  0.993  0.116  0.000 11.107
  0.000  0.000  1.000  0.000
  0.000  0.000  0.000  1.000
At time 1779612914.370851454
- Translation: [6.117, 11.054, 0.000]
- Rotation: in Quaternion (xyzw) [0.000, 0.000, 0.664, 0.748]
- Rotation: in RPY (radian) [0.000, -0.000, 1.453]
- Rotation: in RPY (degree) [0.000, -0.000, 83.245]
- Matrix:
  0.118 -0.993  0.000  6.117
  0.993  0.118  0.000 11.054
  0.000  0.000  1.000  0.000
  0.000  0.000  0.000  1.000
At time 1779612915.338774335
- Translation: [6.110, 11.089, 0.000]
- Rotation: in Quaternion (xyzw) [0.000, 0.000, 0.661, 0.750]
- Rotation: in RPY (radian) [0.000, -0.000, 1.445]
- Rotation: in RPY (degree) [0.000, -0.000, 82.775]
- Matrix:
  0.126 -0.992  0.000  6.110
  0.992  0.126  0.000 11.089
  0.000  0.000  1.000  0.000
  0.000  0.000  0.000  1.000
At time 1779612916.296327609
- Translation: [6.215, 10.965, 0.000]
- Rotation: in Quaternion (xyzw) [0.000, 0.000, 0.667, 0.745]
- Rotation: in RPY (radian) [0.000, -0.000, 1.459]
- Rotation: in RPY (degree) [0.000, -0.000, 83.614]
- Matrix:
  0.111 -0.994  0.000  6.215
  0.994  0.111  0.000 10.965
  0.000  0.000  1.000  0.000
  0.000  0.000  0.000  1.000
At time 1779612917.295121719
- Translation: [6.204, 10.944, 0.000]
- Rotation: in Quaternion (xyzw) [0.000, 0.000, 0.667, 0.745]
- Rotation: in RPY (radian) [0.000, -0.000, 1.459]
- Rotation: in RPY (degree) [0.000, -0.000, 83.605]
- Matrix:
  0.111 -0.994  0.000  6.204
  0.994  0.111  0.000 10.944
  0.000  0.000  1.000  0.000
  0.000  0.000  0.000  1.000
At time 1779612918.345861972
- Translation: [6.164, 11.069, 0.000]
- Rotation: in Quaternion (xyzw) [0.000, 0.000, 0.663, 0.749]
- Rotation: in RPY (radian) [0.000, -0.000, 1.449]
- Rotation: in RPY (degree) [0.000, -0.000, 83.033]
- Matrix:
  0.121 -0.993  0.000  6.164
  0.993  0.121  0.000 11.069
  0.000  0.000  1.000  0.000
  0.000  0.000  0.000  1.000
At time 1779612919.290492831
- Translation: [6.077, 11.314, 0.000]
- Rotation: in Quaternion (xyzw) [0.000, 0.000, 0.653, 0.758]
- Rotation: in RPY (radian) [0.000, -0.000, 1.422]
- Rotation: in RPY (degree) [0.000, -0.000, 81.501]
- Matrix:
  0.148 -0.989  0.000  6.077
  0.989  0.148  0.000 11.314
  0.000  0.000  1.000  0.000
  0.000  0.000  0.000  1.000
At time 1779612920.441710566
- Translation: [6.336, 11.624, 0.000]
- Rotation: in Quaternion (xyzw) [0.000, 0.000, 0.643, 0.766]
- Rotation: in RPY (radian) [0.000, -0.000, 1.397]
- Rotation: in RPY (degree) [0.000, -0.000, 80.048]
- Matrix:
  0.173 -0.985  0.000  6.336
  0.985  0.173  0.000 11.624
  0.000  0.000  1.000  0.000
  0.000  0.000  0.000  1.000
At time 1779612921.368414703
- Translation: [6.547, 12.682, 0.000]
- Rotation: in Quaternion (xyzw) [0.000, 0.000, 0.625, 0.781]
- Rotation: in RPY (radian) [0.000, -0.000, 1.350]
- Rotation: in RPY (degree) [0.000, -0.000, 77.364]
- Matrix:
  0.219 -0.976  0.000  6.547
  0.976  0.219  0.000 12.682
  0.000  0.000  1.000  0.000
  0.000  0.000  0.000  1.000
At time 1779612922.316499176
- Translation: [6.547, 12.682, 0.000]
- Rotation: in Quaternion (xyzw) [0.000, 0.000, 0.625, 0.781]
- Rotation: in RPY (radian) [0.000, -0.000, 1.350]
- Rotation: in RPY (degree) [0.000, -0.000, 77.364]
- Matrix:
  0.219 -0.976  0.000  6.547
  0.976  0.219  0.000 12.682
  0.000  0.000  1.000  0.000
  0.000  0.000  0.000  1.000
At time 1779612923.331789385
- Translation: [6.491, 12.186, 0.000]
- Rotation: in Quaternion (xyzw) [0.000, 0.000, 0.635, 0.772]
- Rotation: in RPY (radian) [0.000, -0.000, 1.377]
- Rotation: in RPY (degree) [0.000, -0.000, 78.891]
- Matrix:
  0.193 -0.981  0.000  6.491
  0.981  0.193  0.000 12.186
  0.000  0.000  1.000  0.000
  0.000  0.000  0.000  1.000
At time 1779612924.437706986
- Translation: [6.550, 12.227, 0.000]
- Rotation: in Quaternion (xyzw) [0.000, 0.000, 0.636, 0.772]
- Rotation: in RPY (radian) [0.000, -0.000, 1.377]
- Rotation: in RPY (degree) [0.000, -0.000, 78.920]
- Matrix:
  0.192 -0.981  0.000  6.550
  0.981  0.192  0.000 12.227
  0.000  0.000  1.000  0.000
  0.000  0.000  0.000  1.000
At time 1779612925.419880759
- Translation: [6.523, 12.187, 0.000]
- Rotation: in Quaternion (xyzw) [0.000, 0.000, 0.636, 0.771]
- Rotation: in RPY (radian) [0.000, -0.000, 1.379]
- Rotation: in RPY (degree) [0.000, -0.000, 79.036]
- Matrix:
  0.190 -0.982  0.000  6.523
  0.982  0.190  0.000 12.187
  0.000  0.000  1.000  0.000
  0.000  0.000  0.000  1.000
At time 1779612926.341406854
- Translation: [6.702, 12.346, 0.000]
- Rotation: in Quaternion (xyzw) [0.000, 0.000, 0.633, 0.774]
- Rotation: in RPY (radian) [0.000, -0.000, 1.372]
- Rotation: in RPY (degree) [0.000, -0.000, 78.607]
- Matrix:
  0.198 -0.980  0.000  6.702
  0.980  0.198  0.000 12.346
  0.000  0.000  1.000  0.000
  0.000  0.000  0.000  1.000
At time 1779612927.374445820
- Translation: [6.702, 12.346, 0.000]
- Rotation: in Quaternion (xyzw) [0.000, 0.000, 0.633, 0.774]
- Rotation: in RPY (radian) [0.000, -0.000, 1.372]
- Rotation: in RPY (degree) [0.000, -0.000, 78.607]
- Matrix:
  0.198 -0.980  0.000  6.702
  0.980  0.198  0.000 12.346
  0.000  0.000  1.000  0.000
  0.000  0.000  0.000  1.000
At time 1779612928.453395235
- Translation: [6.702, 12.346, 0.000]
- Rotation: in Quaternion (xyzw) [0.000, 0.000, 0.633, 0.774]
- Rotation: in RPY (radian) [0.000, -0.000, 1.372]
- Rotation: in RPY (degree) [0.000, -0.000, 78.607]
- Matrix:
  0.198 -0.980  0.000  6.702
  0.980  0.198  0.000 12.346
  0.000  0.000  1.000  0.000
  0.000  0.000  0.000  1.000
At time 1779612929.235861642
- Translation: [6.702, 12.346, 0.000]
- Rotation: in Quaternion (xyzw) [0.000, 0.000, 0.633, 0.774]
- Rotation: in RPY (radian) [0.000, -0.000, 1.372]
- Rotation: in RPY (degree) [0.000, -0.000, 78.607]
- Matrix:
  0.198 -0.980  0.000  6.702
  0.980  0.198  0.000 12.346
  0.000  0.000  1.000  0.000
  0.000  0.000  0.000  1.000
At time 1779612929.235861642
- Translation: [6.702, 12.346, 0.000]
- Rotation: in Quaternion (xyzw) [0.000, 0.000, 0.633, 0.774]
- Rotation: in RPY (radian) [0.000, -0.000, 1.372]
- Rotation: in RPY (degree) [0.000, -0.000, 78.607]
- Matrix:
  0.198 -0.980  0.000  6.702
  0.980  0.198  0.000 12.346
  0.000  0.000  1.000  0.000
  0.000  0.000  0.000  1.000
At time 1779612929.235861642
- Translation: [6.702, 12.346, 0.000]
- Rotation: in Quaternion (xyzw) [0.000, 0.000, 0.633, 0.774]
- Rotation: in RPY (radian) [0.000, -0.000, 1.372]
- Rotation: in RPY (degree) [0.000, -0.000, 78.607]
- Matrix:
  0.198 -0.980  0.000  6.702
  0.980  0.198  0.000 12.346
  0.000  0.000  1.000  0.000
  0.000  0.000  0.000  1.000
At time 1779612929.235861642
- Translation: [6.702, 12.346, 0.000]
- Rotation: in Quaternion (xyzw) [0.000, 0.000, 0.633, 0.774]
- Rotation: in RPY (radian) [0.000, -0.000, 1.372]
- Rotation: in RPY (degree) [0.000, -0.000, 78.607]
- Matrix:
  0.198 -0.980  0.000  6.702
  0.980  0.198  0.000 12.346
  0.000  0.000  1.000  0.000
  0.000  0.000  0.000  1.000
At time 1779612929.235861642
- Translation: [6.702, 12.346, 0.000]
- Rotation: in Quaternion (xyzw) [0.000, 0.000, 0.633, 0.774]
- Rotation: in RPY (radian) [0.000, -0.000, 1.372]
- Rotation: in RPY (degree) [0.000, -0.000, 78.607]
- Matrix:
  0.198 -0.980  0.000  6.702
  0.980  0.198  0.000 12.346
  0.000  0.000  1.000  0.000
  0.000  0.000  0.000  1.000
At time 1779612934.329416342
- Translation: [6.639, 12.301, 0.000]
- Rotation: in Quaternion (xyzw) [0.000, 0.000, 0.635, 0.773]
- Rotation: in RPY (radian) [0.000, -0.000, 1.375]
- Rotation: in RPY (degree) [0.000, -0.000, 78.802]
- Matrix:
  0.194 -0.981  0.000  6.639
  0.981  0.194  0.000 12.301
  0.000  0.000  1.000  0.000
  0.000  0.000  0.000  1.000
At time 1779612935.319919798
- Translation: [6.661, 12.434, 0.000]
- Rotation: in Quaternion (xyzw) [0.000, 0.000, 0.631, 0.776]
- Rotation: in RPY (radian) [0.000, -0.000, 1.366]
- Rotation: in RPY (degree) [0.000, -0.000, 78.267]
- Matrix:
  0.203 -0.979  0.000  6.661
  0.979  0.203  0.000 12.434
  0.000  0.000  1.000  0.000
  0.000  0.000  0.000  1.000
At time 1779612936.271270285
- Translation: [6.661, 12.434, 0.000]
- Rotation: in Quaternion (xyzw) [0.000, 0.000, 0.631, 0.776]
- Rotation: in RPY (radian) [0.000, -0.000, 1.366]
- Rotation: in RPY (degree) [0.000, -0.000, 78.267]
- Matrix:
  0.203 -0.979  0.000  6.661
  0.979  0.203  0.000 12.434
  0.000  0.000  1.000  0.000
  0.000  0.000  0.000  1.000
At time 1779612937.290801421
- Translation: [6.661, 12.434, 0.000]
- Rotation: in Quaternion (xyzw) [0.000, 0.000, 0.631, 0.776]
- Rotation: in RPY (radian) [0.000, -0.000, 1.366]
- Rotation: in RPY (degree) [0.000, -0.000, 78.267]
- Matrix:
  0.203 -0.979  0.000  6.661
  0.979  0.203  0.000 12.434
  0.000  0.000  1.000  0.000
  0.000  0.000  0.000  1.000
At time 1779612937.533193639
- Translation: [6.661, 12.434, 0.000]
- Rotation: in Quaternion (xyzw) [0.000, 0.000, 0.631, 0.776]
- Rotation: in RPY (radian) [0.000, -0.000, 1.366]
- Rotation: in RPY (degree) [0.000, -0.000, 78.267]
- Matrix:
  0.203 -0.979  0.000  6.661
  0.979  0.203  0.000 12.434
  0.000  0.000  1.000  0.000
  0.000  0.000  0.000  1.000
At time 1779612939.352732473
- Translation: [6.549, 12.316, 0.000]
- Rotation: in Quaternion (xyzw) [0.000, 0.000, 0.634, 0.773]
- Rotation: in RPY (radian) [0.000, -0.000, 1.374]
- Rotation: in RPY (degree) [0.000, -0.000, 78.728]
- Matrix:
  0.195 -0.981  0.000  6.549
  0.981  0.195  0.000 12.316
  0.000  0.000  1.000  0.000
  0.000  0.000  0.000  1.000
At time 1779612940.310067942
- Translation: [6.574, 12.173, 0.000]
- Rotation: in Quaternion (xyzw) [0.000, 0.000, 0.637, 0.770]
- Rotation: in RPY (radian) [0.000, -0.000, 1.382]
- Rotation: in RPY (degree) [0.000, -0.000, 79.207]
- Matrix:
  0.187 -0.982  0.000  6.574
  0.982  0.187  0.000 12.173
  0.000  0.000  1.000  0.000
  0.000  0.000  0.000  1.000
At time 1779612941.231736829
- Translation: [6.622, 12.201, 0.000]
- Rotation: in Quaternion (xyzw) [0.000, 0.000, 0.637, 0.771]
- Rotation: in RPY (radian) [0.000, -0.000, 1.381]
- Rotation: in RPY (degree) [0.000, -0.000, 79.144]
- Matrix:
  0.188 -0.982  0.000  6.622
  0.982  0.188  0.000 12.201
  0.000  0.000  1.000  0.000
  0.000  0.000  0.000  1.000
At time 1779612942.420758326
- Translation: [6.634, 12.141, 0.000]
- Rotation: in Quaternion (xyzw) [0.000, 0.000, 0.639, 0.769]
- Rotation: in RPY (radian) [0.000, -0.000, 1.386]
- Rotation: in RPY (degree) [0.000, -0.000, 79.386]
- Matrix:
  0.184 -0.983  0.000  6.634
  0.983  0.184  0.000 12.141
  0.000  0.000  1.000  0.000
  0.000  0.000  0.000  1.000
At time 1779612943.426675125
- Translation: [6.634, 12.141, 0.000]
- Rotation: in Quaternion (xyzw) [0.000, 0.000, 0.639, 0.769]
- Rotation: in RPY (radian) [0.000, -0.000, 1.386]
- Rotation: in RPY (degree) [0.000, -0.000, 79.386]
- Matrix:
  0.184 -0.983  0.000  6.634
  0.983  0.184  0.000 12.141
  0.000  0.000  1.000  0.000
  0.000  0.000  0.000  1.000
At time 1779612944.330324139
- Translation: [6.640, 12.089, 0.000]
- Rotation: in Quaternion (xyzw) [0.000, 0.000, 0.640, 0.769]
- Rotation: in RPY (radian) [0.000, -0.000, 1.388]
- Rotation: in RPY (degree) [0.000, -0.000, 79.551]
- Matrix:
  0.181 -0.983  0.000  6.640
  0.983  0.181  0.000 12.089
  0.000  0.000  1.000  0.000
  0.000  0.000  0.000  1.000
At time 1779612945.459985543
- Translation: [6.771, 11.937, 0.000]
- Rotation: in Quaternion (xyzw) [0.000, 0.000, 0.644, 0.765]
- Rotation: in RPY (radian) [0.000, -0.000, 1.400]
- Rotation: in RPY (degree) [0.000, -0.000, 80.201]
- Matrix:
  0.170 -0.985  0.000  6.771
  0.985  0.170  0.000 11.937
  0.000  0.000  1.000  0.000
  0.000  0.000  0.000  1.000
At time 1779612946.390526805
- Translation: [7.054, 12.245, 0.000]
- Rotation: in Quaternion (xyzw) [0.000, 0.000, 0.641, 0.768]
- Rotation: in RPY (radian) [0.000, -0.000, 1.391]
- Rotation: in RPY (degree) [0.000, -0.000, 79.715]
- Matrix:
  0.179 -0.984  0.000  7.054
  0.984  0.179  0.000 12.245
  0.000  0.000  1.000  0.000
  0.000  0.000  0.000  1.000
At time 1779612947.439602044
- Translation: [7.054, 12.245, 0.000]
- Rotation: in Quaternion (xyzw) [0.000, 0.000, 0.641, 0.768]
- Rotation: in RPY (radian) [0.000, -0.000, 1.391]
- Rotation: in RPY (degree) [0.000, -0.000, 79.715]
- Matrix:
  0.179 -0.984  0.000  7.054
  0.984  0.179  0.000 12.245
  0.000  0.000  1.000  0.000
  0.000  0.000  0.000  1.000
At time 1779612948.269443071
- Translation: [7.054, 12.245, 0.000]
- Rotation: in Quaternion (xyzw) [0.000, 0.000, 0.641, 0.768]
- Rotation: in RPY (radian) [0.000, -0.000, 1.391]
- Rotation: in RPY (degree) [0.000, -0.000, 79.715]
- Matrix:
  0.179 -0.984  0.000  7.054
  0.984  0.179  0.000 12.245
  0.000  0.000  1.000  0.000
  0.000  0.000  0.000  1.000
At time 1779612948.863595270
- Translation: [7.054, 12.245, 0.000]
- Rotation: in Quaternion (xyzw) [0.000, 0.000, 0.641, 0.768]
- Rotation: in RPY (radian) [0.000, -0.000, 1.391]
- Rotation: in RPY (degree) [0.000, -0.000, 79.715]
- Matrix:
  0.179 -0.984  0.000  7.054
  0.984  0.179  0.000 12.245
  0.000  0.000  1.000  0.000
  0.000  0.000  0.000  1.000
At time 1779612950.340657781
- Translation: [7.155, 12.032, 0.000]
- Rotation: in Quaternion (xyzw) [0.000, 0.000, 0.644, 0.765]
- Rotation: in RPY (radian) [0.000, -0.000, 1.400]
- Rotation: in RPY (degree) [0.000, -0.000, 80.216]
- Matrix:
  0.170 -0.985  0.000  7.155
  0.985  0.170  0.000 12.032
  0.000  0.000  1.000  0.000
  0.000  0.000  0.000  1.000
At time 1779612951.339224034
- Translation: [7.403, 11.804, 0.000]
- Rotation: in Quaternion (xyzw) [0.000, 0.000, 0.659, 0.752]
- Rotation: in RPY (radian) [0.000, -0.000, 1.439]
- Rotation: in RPY (degree) [0.000, -0.000, 82.437]
- Matrix:
  0.132 -0.991  0.000  7.403
  0.991  0.132  0.000 11.804
  0.000  0.000  1.000  0.000
  0.000  0.000  0.000  1.000
At time 1779612952.330553877
- Translation: [7.403, 11.804, 0.000]
- Rotation: in Quaternion (xyzw) [0.000, 0.000, 0.659, 0.752]
- Rotation: in RPY (radian) [0.000, -0.000, 1.439]
- Rotation: in RPY (degree) [0.000, -0.000, 82.437]
- Matrix:
  0.132 -0.991  0.000  7.403
  0.991  0.132  0.000 11.804
  0.000  0.000  1.000  0.000
  0.000  0.000  0.000  1.000
At time 1779612953.244767611
- Translation: [7.403, 11.804, 0.000]
- Rotation: in Quaternion (xyzw) [0.000, 0.000, 0.659, 0.752]
- Rotation: in RPY (radian) [0.000, -0.000, 1.439]
- Rotation: in RPY (degree) [0.000, -0.000, 82.437]
- Matrix:
  0.132 -0.991  0.000  7.403
  0.991  0.132  0.000 11.804
  0.000  0.000  1.000  0.000
  0.000  0.000  0.000  1.000
At time 1779612954.259803538
- Translation: [7.403, 11.804, 0.000]
- Rotation: in Quaternion (xyzw) [0.000, 0.000, 0.659, 0.752]
- Rotation: in RPY (radian) [0.000, -0.000, 1.439]
- Rotation: in RPY (degree) [0.000, -0.000, 82.437]
- Matrix:
  0.132 -0.991  0.000  7.403
  0.991  0.132  0.000 11.804
  0.000  0.000  1.000  0.000
  0.000  0.000  0.000  1.000
At time 1779612954.259803538
- Translation: [7.403, 11.804, 0.000]
- Rotation: in Quaternion (xyzw) [0.000, 0.000, 0.659, 0.752]
- Rotation: in RPY (radian) [0.000, -0.000, 1.439]
- Rotation: in RPY (degree) [0.000, -0.000, 82.437]
- Matrix:
  0.132 -0.991  0.000  7.403
  0.991  0.132  0.000 11.804
  0.000  0.000  1.000  0.000
  0.000  0.000  0.000  1.000
At time 1779612956.406566863
- Translation: [7.581, 11.357, 0.000]
- Rotation: in Quaternion (xyzw) [0.000, 0.000, 0.666, 0.746]
- Rotation: in RPY (radian) [0.000, -0.000, 1.457]
- Rotation: in RPY (degree) [0.000, -0.000, 83.486]
- Matrix:
  0.113 -0.994  0.000  7.581
  0.994  0.113  0.000 11.357
  0.000  0.000  1.000  0.000
  0.000  0.000  0.000  1.000
At time 1779612957.210658687
- Translation: [7.892, 11.323, 0.000]
- Rotation: in Quaternion (xyzw) [0.000, 0.000, 0.670, 0.742]
- Rotation: in RPY (radian) [0.000, -0.000, 1.469]
- Rotation: in RPY (degree) [0.000, -0.000, 84.165]
- Matrix:
  0.102 -0.995  0.000  7.892
  0.995  0.102  0.000 11.323
  0.000  0.000  1.000  0.000
  0.000  0.000  0.000  1.000
At time 1779612958.289522558
- Translation: [7.892, 11.323, 0.000]
- Rotation: in Quaternion (xyzw) [0.000, 0.000, 0.670, 0.742]
- Rotation: in RPY (radian) [0.000, -0.000, 1.469]
- Rotation: in RPY (degree) [0.000, -0.000, 84.165]
- Matrix:
  0.102 -0.995  0.000  7.892
  0.995  0.102  0.000 11.323
  0.000  0.000  1.000  0.000
  0.000  0.000  0.000  1.000
At time 1779612959.448982849
- Translation: [8.105, 11.074, 0.000]
- Rotation: in Quaternion (xyzw) [0.000, 0.000, 0.675, 0.737]
- Rotation: in RPY (radian) [0.000, -0.000, 1.483]
- Rotation: in RPY (degree) [0.000, -0.000, 84.967]
- Matrix:
  0.088 -0.996  0.000  8.105
  0.996  0.088  0.000 11.074
  0.000  0.000  1.000  0.000
  0.000  0.000  0.000  1.000
At time 1779612960.449094556
- Translation: [8.105, 11.074, 0.000]
- Rotation: in Quaternion (xyzw) [0.000, 0.000, 0.675, 0.737]
- Rotation: in RPY (radian) [0.000, -0.000, 1.483]
- Rotation: in RPY (degree) [0.000, -0.000, 84.967]
- Matrix:
  0.088 -0.996  0.000  8.105
  0.996  0.088  0.000 11.074
  0.000  0.000  1.000  0.000
  0.000  0.000  0.000  1.000
At time 1779612961.251484369
- Translation: [8.105, 11.074, 0.000]
- Rotation: in Quaternion (xyzw) [0.000, 0.000, 0.675, 0.737]
- Rotation: in RPY (radian) [0.000, -0.000, 1.483]
- Rotation: in RPY (degree) [0.000, -0.000, 84.967]
- Matrix:
  0.088 -0.996  0.000  8.105
  0.996  0.088  0.000 11.074
  0.000  0.000  1.000  0.000
  0.000  0.000  0.000  1.000
At time 1779612962.69585652
- Translation: [8.105, 11.074, 0.000]
- Rotation: in Quaternion (xyzw) [0.000, 0.000, 0.675, 0.737]
- Rotation: in RPY (radian) [0.000, -0.000, 1.483]
- Rotation: in RPY (degree) [0.000, -0.000, 84.967]
- Matrix:
  0.088 -0.996  0.000  8.105
  0.996  0.088  0.000 11.074
  0.000  0.000  1.000  0.000
  0.000  0.000  0.000  1.000
At time 1779612962.69585652
- Translation: [8.105, 11.074, 0.000]
- Rotation: in Quaternion (xyzw) [0.000, 0.000, 0.675, 0.737]
- Rotation: in RPY (radian) [0.000, -0.000, 1.483]
- Rotation: in RPY (degree) [0.000, -0.000, 84.967]
- Matrix:
  0.088 -0.996  0.000  8.105
  0.996  0.088  0.000 11.074
  0.000  0.000  1.000  0.000
  0.000  0.000  0.000  1.000
At time 1779612962.69585652
- Translation: [8.105, 11.074, 0.000]
- Rotation: in Quaternion (xyzw) [0.000, 0.000, 0.675, 0.737]
- Rotation: in RPY (radian) [0.000, -0.000, 1.483]
- Rotation: in RPY (degree) [0.000, -0.000, 84.967]
- Matrix:
  0.088 -0.996  0.000  8.105
  0.996  0.088  0.000 11.074
  0.000  0.000  1.000  0.000
  0.000  0.000  0.000  1.000
At time 1779612962.69585652
- Translation: [8.105, 11.074, 0.000]
- Rotation: in Quaternion (xyzw) [0.000, 0.000, 0.675, 0.737]
- Rotation: in RPY (radian) [0.000, -0.000, 1.483]
- Rotation: in RPY (degree) [0.000, -0.000, 84.967]
- Matrix:
  0.088 -0.996  0.000  8.105
  0.996  0.088  0.000 11.074
  0.000  0.000  1.000  0.000
  0.000  0.000  0.000  1.000
At time 1779612966.460967443
- Translation: [8.332, 10.622, 0.000]
- Rotation: in Quaternion (xyzw) [0.000, 0.000, 0.699, 0.716]
- Rotation: in RPY (radian) [0.000, -0.000, 1.547]
- Rotation: in RPY (degree) [0.000, -0.000, 88.628]
- Matrix:
  0.024 -1.000  0.000  8.332
  1.000  0.024  0.000 10.622
  0.000  0.000  1.000  0.000
  0.000  0.000  0.000  1.000
At time 1779612967.432535744
- Translation: [8.332, 10.622, 0.000]
- Rotation: in Quaternion (xyzw) [0.000, 0.000, 0.699, 0.716]
- Rotation: in RPY (radian) [0.000, -0.000, 1.547]
- Rotation: in RPY (degree) [0.000, -0.000, 88.628]
- Matrix:
  0.024 -1.000  0.000  8.332
  1.000  0.024  0.000 10.622
  0.000  0.000  1.000  0.000
  0.000  0.000  0.000  1.000
At time 1779612968.340575526
- Translation: [8.332, 10.622, 0.000]
- Rotation: in Quaternion (xyzw) [0.000, 0.000, 0.699, 0.716]
- Rotation: in RPY (radian) [0.000, -0.000, 1.547]
- Rotation: in RPY (degree) [0.000, -0.000, 88.628]
- Matrix:
  0.024 -1.000  0.000  8.332
  1.000  0.024  0.000 10.622
  0.000  0.000  1.000  0.000
  0.000  0.000  0.000  1.000
At time 1779612968.966774629
- Translation: [8.332, 10.622, 0.000]
- Rotation: in Quaternion (xyzw) [0.000, 0.000, 0.699, 0.716]
- Rotation: in RPY (radian) [0.000, -0.000, 1.547]
- Rotation: in RPY (degree) [0.000, -0.000, 88.628]
- Matrix:
  0.024 -1.000  0.000  8.332
  1.000  0.024  0.000 10.622
  0.000  0.000  1.000  0.000
  0.000  0.000  0.000  1.000
At time 1779612970.363477541
- Translation: [8.609, 9.747, 0.000]
- Rotation: in Quaternion (xyzw) [0.000, 0.000, 0.716, 0.699]
- Rotation: in RPY (radian) [0.000, -0.000, 1.595]
- Rotation: in RPY (degree) [0.000, -0.000, 91.374]
- Matrix:
 -0.024 -1.000  0.000  8.609
  1.000 -0.024  0.000  9.747
  0.000  0.000  1.000  0.000
  0.000  0.000  0.000  1.000
At time 1779612971.407273325
- Translation: [8.609, 9.747, 0.000]
- Rotation: in Quaternion (xyzw) [0.000, 0.000, 0.716, 0.699]
- Rotation: in RPY (radian) [0.000, -0.000, 1.595]
- Rotation: in RPY (degree) [0.000, -0.000, 91.374]
- Matrix:
 -0.024 -1.000  0.000  8.609
  1.000 -0.024  0.000  9.747
  0.000  0.000  1.000  0.000
  0.000  0.000  0.000  1.000
At time 1779612972.345093184
- Translation: [8.609, 9.747, 0.000]
- Rotation: in Quaternion (xyzw) [0.000, 0.000, 0.716, 0.699]
- Rotation: in RPY (radian) [0.000, -0.000, 1.595]
- Rotation: in RPY (degree) [0.000, -0.000, 91.374]
- Matrix:
 -0.024 -1.000  0.000  8.609
  1.000 -0.024  0.000  9.747
  0.000  0.000  1.000  0.000
  0.000  0.000  0.000  1.000
At time 1779612973.176148331
- Translation: [8.609, 9.747, 0.000]
- Rotation: in Quaternion (xyzw) [0.000, 0.000, 0.716, 0.699]
- Rotation: in RPY (radian) [0.000, -0.000, 1.595]
- Rotation: in RPY (degree) [0.000, -0.000, 91.374]
- Matrix:
 -0.024 -1.000  0.000  8.609
  1.000 -0.024  0.000  9.747
  0.000  0.000  1.000  0.000
  0.000  0.000  0.000  1.000
At time 1779612974.406155885
- Translation: [8.753, 9.584, 0.000]
- Rotation: in Quaternion (xyzw) [0.000, 0.000, 0.722, 0.692]
- Rotation: in RPY (radian) [0.000, -0.000, 1.614]
- Rotation: in RPY (degree) [0.000, -0.000, 92.496]
- Matrix:
 -0.044 -0.999  0.000  8.753
  0.999 -0.044  0.000  9.584
  0.000  0.000  1.000  0.000
  0.000  0.000  0.000  1.000
At time 1779612975.381998678
- Translation: [8.700, 9.578, 0.000]
- Rotation: in Quaternion (xyzw) [0.000, 0.000, 0.722, 0.692]
- Rotation: in RPY (radian) [0.000, -0.000, 1.614]
- Rotation: in RPY (degree) [0.000, -0.000, 92.479]
- Matrix:
 -0.043 -0.999  0.000  8.700
  0.999 -0.043  0.000  9.578
  0.000  0.000  1.000  0.000
  0.000  0.000  0.000  1.000
At time 1779612976.412362518
- Translation: [8.716, 9.612, 0.000]
- Rotation: in Quaternion (xyzw) [0.000, 0.000, 0.721, 0.693]
- Rotation: in RPY (radian) [0.000, -0.000, 1.611]
- Rotation: in RPY (degree) [0.000, -0.000, 92.295]
- Matrix:
 -0.040 -0.999  0.000  8.716
  0.999 -0.040  0.000  9.612
  0.000  0.000  1.000  0.000
  0.000  0.000  0.000  1.000
At time 1779612977.315191268
- Translation: [8.710, 9.577, 0.000]
- Rotation: in Quaternion (xyzw) [0.000, 0.000, 0.721, 0.693]
- Rotation: in RPY (radian) [0.000, -0.000, 1.611]
- Rotation: in RPY (degree) [0.000, -0.000, 92.296]
- Matrix:
 -0.040 -0.999  0.000  8.710
  0.999 -0.040  0.000  9.577
  0.000  0.000  1.000  0.000
  0.000  0.000  0.000  1.000
At time 1779612978.430861499
- Translation: [8.871, 9.526, 0.000]
- Rotation: in Quaternion (xyzw) [0.000, 0.000, 0.725, 0.689]
- Rotation: in RPY (radian) [0.000, -0.000, 1.622]
- Rotation: in RPY (degree) [0.000, -0.000, 92.932]
- Matrix:
 -0.051 -0.999  0.000  8.871
  0.999 -0.051  0.000  9.526
  0.000  0.000  1.000  0.000
  0.000  0.000  0.000  1.000
At time 1779612979.369746584
- Translation: [8.911, 9.514, 0.000]
- Rotation: in Quaternion (xyzw) [0.000, 0.000, 0.727, 0.687]
- Rotation: in RPY (radian) [0.000, -0.000, 1.627]
- Rotation: in RPY (degree) [0.000, -0.000, 93.208]
- Matrix:
 -0.056 -0.998  0.000  8.911
  0.998 -0.056  0.000  9.514
  0.000  0.000  1.000  0.000
  0.000  0.000  0.000  1.000
At time 1779612980.424118937
- Translation: [8.805, 9.560, 0.000]
- Rotation: in Quaternion (xyzw) [0.000, 0.000, 0.723, 0.691]
- Rotation: in RPY (radian) [0.000, -0.000, 1.617]
- Rotation: in RPY (degree) [0.000, -0.000, 92.651]
- Matrix:
 -0.046 -0.999  0.000  8.805
  0.999 -0.046  0.000  9.560
  0.000  0.000  1.000  0.000
  0.000  0.000  0.000  1.000
At time 1779612981.421668431
- Translation: [8.750, 9.607, 0.000]
- Rotation: in Quaternion (xyzw) [0.000, 0.000, 0.722, 0.692]
- Rotation: in RPY (radian) [0.000, -0.000, 1.612]
- Rotation: in RPY (degree) [0.000, -0.000, 92.368]
- Matrix:
 -0.041 -0.999  0.000  8.750
  0.999 -0.041  0.000  9.607
  0.000  0.000  1.000  0.000
  0.000  0.000  0.000  1.000
At time 1779612982.390770990
- Translation: [8.781, 9.644, 0.000]
- Rotation: in Quaternion (xyzw) [0.000, 0.000, 0.721, 0.693]
- Rotation: in RPY (radian) [0.000, -0.000, 1.611]
- Rotation: in RPY (degree) [0.000, -0.000, 92.295]
- Matrix:
 -0.040 -0.999  0.000  8.781
  0.999 -0.040  0.000  9.644
  0.000  0.000  1.000  0.000
  0.000  0.000  0.000  1.000
At time 1779612983.414602267
- Translation: [9.018, 9.485, 0.000]
- Rotation: in Quaternion (xyzw) [0.000, 0.000, 0.728, 0.686]
- Rotation: in RPY (radian) [0.000, -0.000, 1.630]
- Rotation: in RPY (degree) [0.000, -0.000, 93.405]
- Matrix:
 -0.059 -0.998  0.000  9.018
  0.998 -0.059  0.000  9.485
  0.000  0.000  1.000  0.000
  0.000  0.000  0.000  1.000
At time 1779612984.437149434
- Translation: [8.906, 9.488, 0.000]
- Rotation: in Quaternion (xyzw) [0.000, 0.000, 0.728, 0.685]
- Rotation: in RPY (radian) [0.000, -0.000, 1.632]
- Rotation: in RPY (degree) [0.000, -0.000, 93.490]
- Matrix:
 -0.061 -0.998  0.000  8.906
  0.998 -0.061  0.000  9.488
  0.000  0.000  1.000  0.000
  0.000  0.000  0.000  1.000
At time 1779612985.408218864
- Translation: [9.056, 9.083, 0.000]
- Rotation: in Quaternion (xyzw) [0.000, 0.000, 0.737, 0.676]
- Rotation: in RPY (radian) [0.000, -0.000, 1.657]
- Rotation: in RPY (degree) [0.000, -0.000, 94.942]
- Matrix:
 -0.086 -0.996  0.000  9.056
  0.996 -0.086  0.000  9.083
  0.000  0.000  1.000  0.000
  0.000  0.000  0.000  1.000
At time 1779612986.430954328
- Translation: [9.115, 8.871, 0.000]
- Rotation: in Quaternion (xyzw) [0.000, 0.000, 0.753, 0.658]
- Rotation: in RPY (radian) [0.000, -0.000, 1.705]
- Rotation: in RPY (degree) [0.000, -0.000, 97.704]
- Matrix:
 -0.134 -0.991  0.000  9.115
  0.991 -0.134  0.000  8.871
  0.000  0.000  1.000  0.000
  0.000  0.000  0.000  1.000
At time 1779612987.431133810
- Translation: [9.550, 8.407, 0.000]
- Rotation: in Quaternion (xyzw) [0.000, 0.000, 0.772, 0.635]
- Rotation: in RPY (radian) [0.000, -0.000, 1.765]
- Rotation: in RPY (degree) [0.000, -0.000, 101.104]
- Matrix:
 -0.193 -0.981  0.000  9.550
  0.981 -0.193  0.000  8.407
  0.000  0.000  1.000  0.000
  0.000  0.000  0.000  1.000
At time 1779612988.361657198
- Translation: [8.927, 8.817, 0.000]
- Rotation: in Quaternion (xyzw) [0.000, 0.000, 0.767, 0.641]
- Rotation: in RPY (radian) [0.000, -0.000, 1.749]
- Rotation: in RPY (degree) [0.000, -0.000, 100.195]
- Matrix:
 -0.177 -0.984  0.000  8.927
  0.984 -0.177  0.000  8.817
  0.000  0.000  1.000  0.000
  0.000  0.000  0.000  1.000
At time 1779612989.446860875
- Translation: [9.974, 8.122, 0.000]
- Rotation: in Quaternion (xyzw) [0.000, 0.000, 0.799, 0.602]
- Rotation: in RPY (radian) [0.000, -0.000, 1.850]
- Rotation: in RPY (degree) [0.000, -0.000, 106.020]
- Matrix:
 -0.276 -0.961  0.000  9.974
  0.961 -0.276  0.000  8.122
  0.000  0.000  1.000  0.000
  0.000  0.000  0.000  1.000
At time 1779612990.428136330
- Translation: [10.287, 7.830, 0.000]
- Rotation: in Quaternion (xyzw) [0.000, 0.000, 0.807, 0.591]
- Rotation: in RPY (radian) [0.000, -0.000, 1.877]
- Rotation: in RPY (degree) [0.000, -0.000, 107.538]
- Matrix:
 -0.301 -0.954  0.000 10.287
  0.954 -0.301  0.000  7.830
  0.000  0.000  1.000  0.000
  0.000  0.000  0.000  1.000
At time 1779612991.390061039
- Translation: [10.534, 7.303, 0.000]
- Rotation: in Quaternion (xyzw) [0.000, 0.000, 0.822, 0.569]
- Rotation: in RPY (radian) [0.000, -0.000, 1.930]
- Rotation: in RPY (degree) [0.000, -0.000, 110.584]
- Matrix:
 -0.352 -0.936  0.000 10.534
  0.936 -0.352  0.000  7.303
  0.000  0.000  1.000  0.000
  0.000  0.000  0.000  1.000
At time 1779612992.439350935
- Translation: [9.713, 7.772, 0.000]
- Rotation: in Quaternion (xyzw) [0.000, 0.000, 0.807, 0.590]
- Rotation: in RPY (radian) [0.000, -0.000, 1.880]
- Rotation: in RPY (degree) [0.000, -0.000, 107.691]
- Matrix:
 -0.304 -0.953  0.000  9.713
  0.953 -0.304  0.000  7.772
  0.000  0.000  1.000  0.000
  0.000  0.000  0.000  1.000
At time 1779612993.412900626
- Translation: [10.752, 7.166, 0.000]
- Rotation: in Quaternion (xyzw) [0.000, 0.000, 0.828, 0.561]
- Rotation: in RPY (radian) [0.000, -0.000, 1.951]
- Rotation: in RPY (degree) [0.000, -0.000, 111.756]
- Matrix:
 -0.371 -0.929  0.000 10.752
  0.929 -0.371  0.000  7.166
  0.000  0.000  1.000  0.000
  0.000  0.000  0.000  1.000
At time 1779612994.363294338
- Translation: [10.518, 7.039, 0.000]
- Rotation: in Quaternion (xyzw) [0.000, 0.000, 0.821, 0.571]
- Rotation: in RPY (radian) [0.000, -0.000, 1.926]
- Rotation: in RPY (degree) [0.000, -0.000, 110.356]
- Matrix:
 -0.348 -0.938  0.000 10.518
  0.938 -0.348  0.000  7.039
  0.000  0.000  1.000  0.000
  0.000  0.000  0.000  1.000
At time 1779612995.321524030
- Translation: [12.612, 5.903, 0.000]
- Rotation: in Quaternion (xyzw) [0.000, 0.000, 0.856, 0.517]
- Rotation: in RPY (radian) [0.000, -0.000, 2.055]
- Rotation: in RPY (degree) [0.000, -0.000, 117.769]
- Matrix:
 -0.466 -0.885  0.000 12.612
  0.885 -0.466  0.000  5.903
  0.000  0.000  1.000  0.000
  0.000  0.000  0.000  1.000
At time 1779612996.389098997
- Translation: [12.442, 5.820, 0.000]
- Rotation: in Quaternion (xyzw) [0.000, 0.000, 0.854, 0.520]
- Rotation: in RPY (radian) [0.000, -0.000, 2.047]
- Rotation: in RPY (degree) [0.000, -0.000, 117.286]
- Matrix:
 -0.458 -0.889  0.000 12.442
  0.889 -0.458  0.000  5.820
  0.000  0.000  1.000  0.000
  0.000  0.000  0.000  1.000
At time 1779612997.410252024
- Translation: [11.825, 6.118, 0.000]
- Rotation: in Quaternion (xyzw) [0.000, 0.000, 0.844, 0.537]
- Rotation: in RPY (radian) [0.000, -0.000, 2.008]
- Rotation: in RPY (degree) [0.000, -0.000, 115.025]
- Matrix:
 -0.423 -0.906  0.000 11.825
  0.906 -0.423  0.000  6.118
  0.000  0.000  1.000  0.000
  0.000  0.000  0.000  1.000
At time 1779612998.456414290
- Translation: [11.375, 6.490, 0.000]
- Rotation: in Quaternion (xyzw) [0.000, 0.000, 0.834, 0.551]
- Rotation: in RPY (radian) [0.000, -0.000, 1.974]
- Rotation: in RPY (degree) [0.000, -0.000, 113.078]
- Matrix:
 -0.392 -0.920  0.000 11.375
  0.920 -0.392  0.000  6.490
  0.000  0.000  1.000  0.000
  0.000  0.000  0.000  1.000
At time 1779612999.332347250
- Translation: [11.767, 6.354, 0.000]
- Rotation: in Quaternion (xyzw) [0.000, 0.000, 0.840, 0.543]
- Rotation: in RPY (radian) [0.000, -0.000, 1.993]
- Rotation: in RPY (degree) [0.000, -0.000, 114.217]
- Matrix:
 -0.410 -0.912  0.000 11.767
  0.912 -0.410  0.000  6.354
  0.000  0.000  1.000  0.000
  0.000  0.000  0.000  1.000
At time 1779613000.363145225
- Translation: [6.360, 11.031, 0.000]
- Rotation: in Quaternion (xyzw) [0.000, 0.000, 0.664, 0.747]
- Rotation: in RPY (radian) [0.000, -0.000, 1.454]
- Rotation: in RPY (degree) [0.000, -0.000, 83.286]
- Matrix:
  0.117 -0.993  0.000  6.360
  0.993  0.117  0.000 11.031
  0.000  0.000  1.000  0.000
  0.000  0.000  0.000  1.000
At time 1779613001.219258191
- Translation: [6.388, 10.989, 0.000]
- Rotation: in Quaternion (xyzw) [0.000, 0.000, 0.664, 0.748]
- Rotation: in RPY (radian) [0.000, -0.000, 1.452]
- Rotation: in RPY (degree) [0.000, -0.000, 83.173]
- Matrix:
  0.119 -0.993  0.000  6.388
  0.993  0.119  0.000 10.989
  0.000  0.000  1.000  0.000
  0.000  0.000  0.000  1.000
At time 1779613002.325637290
- Translation: [6.371, 10.868, 0.000]
- Rotation: in Quaternion (xyzw) [0.000, 0.000, 0.667, 0.745]
- Rotation: in RPY (radian) [0.000, -0.000, 1.460]
- Rotation: in RPY (degree) [0.000, -0.000, 83.624]
- Matrix:
  0.111 -0.994  0.000  6.371
  0.994  0.111  0.000 10.868
  0.000  0.000  1.000  0.000
  0.000  0.000  0.000  1.000
At time 1779613003.310306050
- Translation: [6.428, 10.810, 0.000]
- Rotation: in Quaternion (xyzw) [0.000, 0.000, 0.668, 0.744]
- Rotation: in RPY (radian) [0.000, -0.000, 1.464]
- Rotation: in RPY (degree) [0.000, -0.000, 83.897]
- Matrix:
  0.106 -0.994  0.000  6.428
  0.994  0.106  0.000 10.810
  0.000  0.000  1.000  0.000
  0.000  0.000  0.000  1.000
At time 1779613004.383750571
- Translation: [6.428, 10.817, 0.000]
- Rotation: in Quaternion (xyzw) [0.000, 0.000, 0.668, 0.744]
- Rotation: in RPY (radian) [0.000, -0.000, 1.464]
- Rotation: in RPY (degree) [0.000, -0.000, 83.880]
- Matrix:
  0.107 -0.994  0.000  6.428
  0.994  0.107  0.000 10.817
  0.000  0.000  1.000  0.000
  0.000  0.000  0.000  1.000
At time 1779613005.389473626
- Translation: [6.389, 10.826, 0.000]
- Rotation: in Quaternion (xyzw) [0.000, 0.000, 0.668, 0.744]
- Rotation: in RPY (radian) [0.000, -0.000, 1.463]
- Rotation: in RPY (degree) [0.000, -0.000, 83.806]
- Matrix:
  0.108 -0.994  0.000  6.389
  0.994  0.108  0.000 10.826
  0.000  0.000  1.000  0.000
  0.000  0.000  0.000  1.000
At time 1779613006.405928739
- Translation: [6.380, 10.843, 0.000]
- Rotation: in Quaternion (xyzw) [0.000, 0.000, 0.667, 0.745]
- Rotation: in RPY (radian) [0.000, -0.000, 1.461]
- Rotation: in RPY (degree) [0.000, -0.000, 83.726]
- Matrix:
  0.109 -0.994  0.000  6.380
  0.994  0.109  0.000 10.843
  0.000  0.000  1.000  0.000
  0.000  0.000  0.000  1.000
At time 1779613007.385487086
- Translation: [6.413, 10.829, 0.000]
- Rotation: in Quaternion (xyzw) [0.000, 0.000, 0.668, 0.744]
- Rotation: in RPY (radian) [0.000, -0.000, 1.463]
- Rotation: in RPY (degree) [0.000, -0.000, 83.807]
- Matrix:
  0.108 -0.994  0.000  6.413
  0.994  0.108  0.000 10.829
  0.000  0.000  1.000  0.000
  0.000  0.000  0.000  1.000
At time 1779613008.362459567
- Translation: [6.388, 10.833, 0.000]
- Rotation: in Quaternion (xyzw) [0.000, 0.000, 0.668, 0.744]
- Rotation: in RPY (radian) [0.000, -0.000, 1.462]
- Rotation: in RPY (degree) [0.000, -0.000, 83.777]
- Matrix:
  0.108 -0.994  0.000  6.388
  0.994  0.108  0.000 10.833
  0.000  0.000  1.000  0.000
  0.000  0.000  0.000  1.000
At time 1779613009.355849747
- Translation: [6.421, 10.802, 0.000]
- Rotation: in Quaternion (xyzw) [0.000, 0.000, 0.668, 0.744]
- Rotation: in RPY (radian) [0.000, -0.000, 1.464]
- Rotation: in RPY (degree) [0.000, -0.000, 83.890]
- Matrix:
  0.106 -0.994  0.000  6.421
  0.994  0.106  0.000 10.802
  0.000  0.000  1.000  0.000
  0.000  0.000  0.000  1.000
At time 1779613010.313082535
- Translation: [6.442, 10.806, 0.000]
- Rotation: in Quaternion (xyzw) [0.000, 0.000, 0.668, 0.744]
- Rotation: in RPY (radian) [0.000, -0.000, 1.464]
- Rotation: in RPY (degree) [0.000, -0.000, 83.900]
- Matrix:
  0.106 -0.994  0.000  6.442
  0.994  0.106  0.000 10.806
  0.000  0.000  1.000  0.000
  0.000  0.000  0.000  1.000
At time 1779613011.358784968
- Translation: [6.446, 10.790, 0.000]
- Rotation: in Quaternion (xyzw) [0.000, 0.000, 0.669, 0.743]
- Rotation: in RPY (radian) [0.000, -0.000, 1.465]
- Rotation: in RPY (degree) [0.000, -0.000, 83.960]
- Matrix:
  0.105 -0.994  0.000  6.446
  0.994  0.105  0.000 10.790
  0.000  0.000  1.000  0.000
  0.000  0.000  0.000  1.000
At time 1779613012.353337151
- Translation: [6.427, 10.824, 0.000]
- Rotation: in Quaternion (xyzw) [0.000, 0.000, 0.668, 0.744]
- Rotation: in RPY (radian) [0.000, -0.000, 1.463]
- Rotation: in RPY (degree) [0.000, -0.000, 83.824]
- Matrix:
  0.108 -0.994  0.000  6.427
  0.994  0.108  0.000 10.824
  0.000  0.000  1.000  0.000
  0.000  0.000  0.000  1.000
At time 1779613013.412167558
- Translation: [6.408, 10.815, 0.000]
- Rotation: in Quaternion (xyzw) [0.000, 0.000, 0.668, 0.744]
- Rotation: in RPY (radian) [0.000, -0.000, 1.462]
- Rotation: in RPY (degree) [0.000, -0.000, 83.792]
- Matrix:
  0.108 -0.994  0.000  6.408
  0.994  0.108  0.000 10.815
  0.000  0.000  1.000  0.000
  0.000  0.000  0.000  1.000
At time 1779613014.336058176
- Translation: [6.425, 10.799, 0.000]
- Rotation: in Quaternion (xyzw) [0.000, 0.000, 0.669, 0.744]
- Rotation: in RPY (radian) [0.000, -0.000, 1.465]
- Rotation: in RPY (degree) [0.000, -0.000, 83.923]
- Matrix:
  0.106 -0.994  0.000  6.425
  0.994  0.106  0.000 10.799
  0.000  0.000  1.000  0.000
  0.000  0.000  0.000  1.000
At time 1779613015.366144230
- Translation: [6.434, 10.813, 0.000]
- Rotation: in Quaternion (xyzw) [0.000, 0.000, 0.668, 0.744]
- Rotation: in RPY (radian) [0.000, -0.000, 1.464]
- Rotation: in RPY (degree) [0.000, -0.000, 83.873]
- Matrix:
  0.107 -0.994  0.000  6.434
  0.994  0.107  0.000 10.813
  0.000  0.000  1.000  0.000
  0.000  0.000  0.000  1.000
At time 1779613016.312262976
- Translation: [6.391, 10.820, 0.000]
- Rotation: in Quaternion (xyzw) [0.000, 0.000, 0.668, 0.744]
- Rotation: in RPY (radian) [0.000, -0.000, 1.463]
- Rotation: in RPY (degree) [0.000, -0.000, 83.809]
- Matrix:
  0.108 -0.994  0.000  6.391
  0.994  0.108  0.000 10.820
  0.000  0.000  1.000  0.000
  0.000  0.000  0.000  1.000
At time 1779613017.446986793
- Translation: [6.460, 10.737, 0.000]
- Rotation: in Quaternion (xyzw) [0.000, 0.000, 0.670, 0.742]
- Rotation: in RPY (radian) [0.000, -0.000, 1.469]
- Rotation: in RPY (degree) [0.000, -0.000, 84.159]
- Matrix:
  0.102 -0.995  0.000  6.460
  0.995  0.102  0.000 10.737
  0.000  0.000  1.000  0.000
  0.000  0.000  0.000  1.000
At time 1779613018.366334439
- Translation: [6.475, 10.733, 0.000]
- Rotation: in Quaternion (xyzw) [0.000, 0.000, 0.670, 0.742]
- Rotation: in RPY (radian) [0.000, -0.000, 1.469]
- Rotation: in RPY (degree) [0.000, -0.000, 84.180]
- Matrix:
  0.101 -0.995  0.000  6.475
  0.995  0.101  0.000 10.733
  0.000  0.000  1.000  0.000
  0.000  0.000  0.000  1.000
At time 1779613019.331631485
- Translation: [6.434, 10.731, 0.000]
- Rotation: in Quaternion (xyzw) [0.000, 0.000, 0.670, 0.742]
- Rotation: in RPY (radian) [0.000, -0.000, 1.469]
- Rotation: in RPY (degree) [0.000, -0.000, 84.182]
- Matrix:
  0.101 -0.995  0.000  6.434
  0.995  0.101  0.000 10.731
  0.000  0.000  1.000  0.000
  0.000  0.000  0.000  1.000
At time 1779613020.301086336
- Translation: [6.463, 10.755, 0.000]
- Rotation: in Quaternion (xyzw) [0.000, 0.000, 0.669, 0.743]
- Rotation: in RPY (radian) [0.000, -0.000, 1.467]
- Rotation: in RPY (degree) [0.000, -0.000, 84.056]
- Matrix:
  0.104 -0.995  0.000  6.463
  0.995  0.104  0.000 10.755
  0.000  0.000  1.000  0.000
  0.000  0.000  0.000  1.000
At time 1779613021.458930024
- Translation: [6.440, 10.754, 0.000]
- Rotation: in Quaternion (xyzw) [0.000, 0.000, 0.670, 0.743]
- Rotation: in RPY (radian) [0.000, -0.000, 1.467]
- Rotation: in RPY (degree) [0.000, -0.000, 84.063]
- Matrix:
  0.103 -0.995  0.000  6.440
  0.995  0.103  0.000 10.754
  0.000  0.000  1.000  0.000
  0.000  0.000  0.000  1.000
At time 1779613022.329193384
- Translation: [6.472, 10.743, 0.000]
- Rotation: in Quaternion (xyzw) [0.000, 0.000, 0.670, 0.742]
- Rotation: in RPY (radian) [0.000, -0.000, 1.468]
- Rotation: in RPY (degree) [0.000, -0.000, 84.133]
- Matrix:
  0.102 -0.995  0.000  6.472
  0.995  0.102  0.000 10.743
  0.000  0.000  1.000  0.000
  0.000  0.000  0.000  1.000
At time 1779613023.416599194
- Translation: [6.389, 10.788, 0.000]
- Rotation: in Quaternion (xyzw) [0.000, 0.000, 0.669, 0.744]
- Rotation: in RPY (radian) [0.000, -0.000, 1.464]
- Rotation: in RPY (degree) [0.000, -0.000, 83.904]
- Matrix:
  0.106 -0.994  0.000  6.389
  0.994  0.106  0.000 10.788
  0.000  0.000  1.000  0.000
  0.000  0.000  0.000  1.000
At time 1779613024.450357659
- Translation: [6.441, 10.761, 0.000]
- Rotation: in Quaternion (xyzw) [0.000, 0.000, 0.669, 0.743]
- Rotation: in RPY (radian) [0.000, -0.000, 1.467]
- Rotation: in RPY (degree) [0.000, -0.000, 84.043]
- Matrix:
  0.104 -0.995  0.000  6.441
  0.995  0.104  0.000 10.761
  0.000  0.000  1.000  0.000
  0.000  0.000  0.000  1.000
At time 1779613025.301171798
- Translation: [6.455, 10.757, 0.000]
- Rotation: in Quaternion (xyzw) [0.000, 0.000, 0.670, 0.743]
- Rotation: in RPY (radian) [0.000, -0.000, 1.467]
- Rotation: in RPY (degree) [0.000, -0.000, 84.076]
- Matrix:
  0.103 -0.995  0.000  6.455
  0.995  0.103  0.000 10.757
  0.000  0.000  1.000  0.000
  0.000  0.000  0.000  1.000
At time 1779613026.357778416
- Translation: [6.358, 10.831, 0.000]
- Rotation: in Quaternion (xyzw) [0.000, 0.000, 0.669, 0.743]
- Rotation: in RPY (radian) [0.000, -0.000, 1.466]
- Rotation: in RPY (degree) [0.000, -0.000, 84.008]
- Matrix:
  0.104 -0.995  0.000  6.358
  0.995  0.104  0.000 10.831
  0.000  0.000  1.000  0.000
  0.000  0.000  0.000  1.000
At time 1779613027.401429305
- Translation: [6.177, 11.031, 0.000]
- Rotation: in Quaternion (xyzw) [0.000, 0.000, 0.664, 0.748]
- Rotation: in RPY (radian) [0.000, -0.000, 1.452]
- Rotation: in RPY (degree) [0.000, -0.000, 83.181]
- Matrix:
  0.119 -0.993  0.000  6.177
  0.993  0.119  0.000 11.031
  0.000  0.000  1.000  0.000
  0.000  0.000  0.000  1.000
At time 1779613028.380506366
- Translation: [6.058, 11.130, 0.000]
- Rotation: in Quaternion (xyzw) [0.000, 0.000, 0.661, 0.751]
- Rotation: in RPY (radian) [0.000, -0.000, 1.443]
- Rotation: in RPY (degree) [0.000, -0.000, 82.689]
- Matrix:
  0.127 -0.992  0.000  6.058
  0.992  0.127  0.000 11.130
  0.000  0.000  1.000  0.000
  0.000  0.000  0.000  1.000
At time 1779613029.388020146
- Translation: [6.954, 10.635, 0.000]
- Rotation: in Quaternion (xyzw) [0.000, 0.000, 0.684, 0.729]
- Rotation: in RPY (radian) [0.000, -0.000, 1.508]
- Rotation: in RPY (degree) [0.000, -0.000, 86.381]
- Matrix:
  0.063 -0.998  0.000  6.954
  0.998  0.063  0.000 10.635
  0.000  0.000  1.000  0.000
  0.000  0.000  0.000  1.000
At time 1779613030.449501178
- Translation: [6.047, 11.149, 0.000]
- Rotation: in Quaternion (xyzw) [0.000, 0.000, 0.659, 0.752]
- Rotation: in RPY (radian) [0.000, -0.000, 1.439]
- Rotation: in RPY (degree) [0.000, -0.000, 82.468]
- Matrix:
  0.131 -0.991  0.000  6.047
  0.991  0.131  0.000 11.149
  0.000  0.000  1.000  0.000
  0.000  0.000  0.000  1.000
At time 1779613031.379944379
- Translation: [6.037, 11.171, 0.000]
- Rotation: in Quaternion (xyzw) [0.000, 0.000, 0.659, 0.752]
- Rotation: in RPY (radian) [0.000, -0.000, 1.440]
- Rotation: in RPY (degree) [0.000, -0.000, 82.489]
- Matrix:
  0.131 -0.991  0.000  6.037
  0.991  0.131  0.000 11.171
  0.000  0.000  1.000  0.000
  0.000  0.000  0.000  1.000
At time 1779613032.452287194
- Translation: [6.151, 11.106, 0.000]
- Rotation: in Quaternion (xyzw) [0.000, 0.000, 0.665, 0.747]
- Rotation: in RPY (radian) [0.000, -0.000, 1.455]
- Rotation: in RPY (degree) [0.000, -0.000, 83.342]
- Matrix:
  0.116 -0.993  0.000  6.151
  0.993  0.116  0.000 11.106
  0.000  0.000  1.000  0.000
  0.000  0.000  0.000  1.000
At time 1779613033.333519706
- Translation: [6.253, 10.825, 0.000]
- Rotation: in Quaternion (xyzw) [0.000, 0.000, 0.671, 0.741]
- Rotation: in RPY (radian) [0.000, -0.000, 1.471]
- Rotation: in RPY (degree) [0.000, -0.000, 84.298]
- Matrix:
  0.099 -0.995  0.000  6.253
  0.995  0.099  0.000 10.825
  0.000  0.000  1.000  0.000
  0.000  0.000  0.000  1.000
At time 1779613034.407719754
- Translation: [6.452, 10.762, 0.000]
- Rotation: in Quaternion (xyzw) [0.000, 0.000, 0.670, 0.742]
- Rotation: in RPY (radian) [0.000, -0.000, 1.470]
- Rotation: in RPY (degree) [0.000, -0.000, 84.208]
- Matrix:
  0.101 -0.995  0.000  6.452
  0.995  0.101  0.000 10.762
  0.000  0.000  1.000  0.000
  0.000  0.000  0.000  1.000
At time 1779613035.335907840
- Translation: [6.237, 11.239, 0.000]
- Rotation: in Quaternion (xyzw) [0.000, 0.000, 0.656, 0.755]
- Rotation: in RPY (radian) [0.000, -0.000, 1.431]
- Rotation: in RPY (degree) [0.000, -0.000, 81.984]
- Matrix:
  0.139 -0.990  0.000  6.237
  0.990  0.139  0.000 11.239
  0.000  0.000  1.000  0.000
  0.000  0.000  0.000  1.000
At time 1779613036.379434842
- Translation: [6.154, 11.236, 0.000]
- Rotation: in Quaternion (xyzw) [0.000, 0.000, 0.656, 0.754]
- Rotation: in RPY (radian) [0.000, -0.000, 1.432]
- Rotation: in RPY (degree) [0.000, -0.000, 82.062]
- Matrix:
  0.138 -0.990  0.000  6.154
  0.990  0.138  0.000 11.236
  0.000  0.000  1.000  0.000
  0.000  0.000  0.000  1.000
At time 1779613037.391893111
- Translation: [6.295, 11.108, 0.000]
- Rotation: in Quaternion (xyzw) [0.000, 0.000, 0.661, 0.750]
- Rotation: in RPY (radian) [0.000, -0.000, 1.445]
- Rotation: in RPY (degree) [0.000, -0.000, 82.772]
- Matrix:
  0.126 -0.992  0.000  6.295
  0.992  0.126  0.000 11.108
  0.000  0.000  1.000  0.000
  0.000  0.000  0.000  1.000
At time 1779613038.406337323
- Translation: [6.367, 11.115, 0.000]
- Rotation: in Quaternion (xyzw) [0.000, 0.000, 0.662, 0.749]
- Rotation: in RPY (radian) [0.000, -0.000, 1.448]
- Rotation: in RPY (degree) [0.000, -0.000, 82.965]
- Matrix:
  0.122 -0.992  0.000  6.367
  0.992  0.122  0.000 11.115
  0.000  0.000  1.000  0.000
  0.000  0.000  0.000  1.000
At time 1779613039.412909284
- Translation: [6.518, 10.882, 0.000]
- Rotation: in Quaternion (xyzw) [0.000, 0.000, 0.668, 0.744]
- Rotation: in RPY (radian) [0.000, -0.000, 1.463]
- Rotation: in RPY (degree) [0.000, -0.000, 83.817]
- Matrix:
  0.108 -0.994  0.000  6.518
  0.994  0.108  0.000 10.882
  0.000  0.000  1.000  0.000
  0.000  0.000  0.000  1.000
At time 1779613040.417430455
- Translation: [6.497, 10.838, 0.000]
- Rotation: in Quaternion (xyzw) [0.000, 0.000, 0.670, 0.743]
- Rotation: in RPY (radian) [0.000, -0.000, 1.468]
- Rotation: in RPY (degree) [0.000, -0.000, 84.094]
- Matrix:
  0.103 -0.995  0.000  6.497
  0.995  0.103  0.000 10.838
  0.000  0.000  1.000  0.000
  0.000  0.000  0.000  1.000
At time 1779613041.319082136
- Translation: [6.651, 10.396, 0.000]
- Rotation: in Quaternion (xyzw) [0.000, 0.000, 0.682, 0.731]
- Rotation: in RPY (radian) [0.000, -0.000, 1.502]
- Rotation: in RPY (degree) [0.000, -0.000, 86.042]
- Matrix:
  0.069 -0.998  0.000  6.651
  0.998  0.069  0.000 10.396
  0.000  0.000  1.000  0.000
  0.000  0.000  0.000  1.000
At time 1779613042.348423027
- Translation: [6.269, 10.823, 0.000]
- Rotation: in Quaternion (xyzw) [0.000, 0.000, 0.670, 0.742]
- Rotation: in RPY (radian) [0.000, -0.000, 1.470]
- Rotation: in RPY (degree) [0.000, -0.000, 84.207]
- Matrix:
  0.101 -0.995  0.000  6.269
  0.995  0.101  0.000 10.823
  0.000  0.000  1.000  0.000
  0.000  0.000  0.000  1.000
At time 1779613043.409350475
- Translation: [6.361, 10.766, 0.000]
- Rotation: in Quaternion (xyzw) [0.000, 0.000, 0.671, 0.741]
- Rotation: in RPY (radian) [0.000, -0.000, 1.472]
- Rotation: in RPY (degree) [0.000, -0.000, 84.319]
- Matrix:
  0.099 -0.995  0.000  6.361
  0.995  0.099  0.000 10.766
  0.000  0.000  1.000  0.000
  0.000  0.000  0.000  1.000
At time 1779613044.285998443
- Translation: [6.429, 10.661, 0.000]
- Rotation: in Quaternion (xyzw) [0.000, 0.000, 0.674, 0.739]
- Rotation: in RPY (radian) [0.000, -0.000, 1.478]
- Rotation: in RPY (degree) [0.000, -0.000, 84.704]
- Matrix:
  0.092 -0.996  0.000  6.429
  0.996  0.092  0.000 10.661
  0.000  0.000  1.000  0.000
  0.000  0.000  0.000  1.000
At time 1779613045.349930448
- Translation: [6.466, 10.763, 0.000]
- Rotation: in Quaternion (xyzw) [0.000, 0.000, 0.672, 0.740]
- Rotation: in RPY (radian) [0.000, -0.000, 1.475]
- Rotation: in RPY (degree) [0.000, -0.000, 84.512]
- Matrix:
  0.096 -0.995  0.000  6.466
  0.995  0.096  0.000 10.763
  0.000  0.000  1.000  0.000
  0.000  0.000  0.000  1.000
At time 1779613046.359497714
- Translation: [6.305, 10.976, 0.000]
- Rotation: in Quaternion (xyzw) [0.000, 0.000, 0.667, 0.745]
- Rotation: in RPY (radian) [0.000, -0.000, 1.461]
- Rotation: in RPY (degree) [0.000, -0.000, 83.733]
- Matrix:
  0.109 -0.994  0.000  6.305
  0.994  0.109  0.000 10.976
  0.000  0.000  1.000  0.000
  0.000  0.000  0.000  1.000
At time 1779613047.461320748
- Translation: [6.278, 11.008, 0.000]
- Rotation: in Quaternion (xyzw) [0.000, 0.000, 0.666, 0.746]
- Rotation: in RPY (radian) [0.000, -0.000, 1.457]
- Rotation: in RPY (degree) [0.000, -0.000, 83.472]
- Matrix:
  0.114 -0.994  0.000  6.278
  0.994  0.114  0.000 11.008
  0.000  0.000  1.000  0.000
  0.000  0.000  0.000  1.000
At time 1779613048.387586462
- Translation: [6.197, 11.022, 0.000]
- Rotation: in Quaternion (xyzw) [0.000, 0.000, 0.665, 0.747]
- Rotation: in RPY (radian) [0.000, -0.000, 1.455]
- Rotation: in RPY (degree) [0.000, -0.000, 83.354]
- Matrix:
  0.116 -0.993  0.000  6.197
  0.993  0.116  0.000 11.022
  0.000  0.000  1.000  0.000
  0.000  0.000  0.000  1.000
At time 1779613049.327894761
- Translation: [6.311, 10.996, 0.000]
- Rotation: in Quaternion (xyzw) [0.000, 0.000, 0.665, 0.746]
- Rotation: in RPY (radian) [0.000, -0.000, 1.456]
- Rotation: in RPY (degree) [0.000, -0.000, 83.431]
- Matrix:
  0.114 -0.993  0.000  6.311
  0.993  0.114  0.000 10.996
  0.000  0.000  1.000  0.000
  0.000  0.000  0.000  1.000
At time 1779613050.347915597
- Translation: [6.604, 10.835, 0.000]
- Rotation: in Quaternion (xyzw) [0.000, 0.000, 0.669, 0.744]
- Rotation: in RPY (radian) [0.000, -0.000, 1.465]
- Rotation: in RPY (degree) [0.000, -0.000, 83.913]
- Matrix:
  0.106 -0.994  0.000  6.604
  0.994  0.106  0.000 10.835
  0.000  0.000  1.000  0.000
  0.000  0.000  0.000  1.000
At time 1779613051.410211354
- Translation: [6.351, 11.055, 0.000]
- Rotation: in Quaternion (xyzw) [0.000, 0.000, 0.665, 0.747]
- Rotation: in RPY (radian) [0.000, -0.000, 1.455]
- Rotation: in RPY (degree) [0.000, -0.000, 83.367]
- Matrix:
  0.116 -0.993  0.000  6.351
  0.993  0.116  0.000 11.055
  0.000  0.000  1.000  0.000
  0.000  0.000  0.000  1.000
At time 1779613052.360594977
- Translation: [6.128, 11.045, 0.000]
- Rotation: in Quaternion (xyzw) [0.000, 0.000, 0.665, 0.747]
- Rotation: in RPY (radian) [0.000, -0.000, 1.456]
- Rotation: in RPY (degree) [0.000, -0.000, 83.411]
- Matrix:
  0.115 -0.993  0.000  6.128
  0.993  0.115  0.000 11.045
  0.000  0.000  1.000  0.000
  0.000  0.000  0.000  1.000
At time 1779613053.362592784
- Translation: [6.120, 11.077, 0.000]
- Rotation: in Quaternion (xyzw) [0.000, 0.000, 0.662, 0.750]
- Rotation: in RPY (radian) [0.000, -0.000, 1.446]
- Rotation: in RPY (degree) [0.000, -0.000, 82.877]
- Matrix:
  0.124 -0.992  0.000  6.120
  0.992  0.124  0.000 11.077
  0.000  0.000  1.000  0.000
  0.000  0.000  0.000  1.000
At time 1779613054.411152301
- Translation: [6.068, 11.113, 0.000]
- Rotation: in Quaternion (xyzw) [0.000, 0.000, 0.658, 0.753]
- Rotation: in RPY (radian) [0.000, -0.000, 1.437]
- Rotation: in RPY (degree) [0.000, -0.000, 82.332]
- Matrix:
  0.133 -0.991  0.000  6.068
  0.991  0.133  0.000 11.113
  0.000  0.000  1.000  0.000
  0.000  0.000  0.000  1.000
At time 1779613055.356453418
- Translation: [6.107, 11.050, 0.000]
- Rotation: in Quaternion (xyzw) [0.000, 0.000, 0.663, 0.749]
- Rotation: in RPY (radian) [0.000, -0.000, 1.449]
- Rotation: in RPY (degree) [0.000, -0.000, 83.013]
- Matrix:
  0.122 -0.993  0.000  6.107
  0.993  0.122  0.000 11.050
  0.000  0.000  1.000  0.000
  0.000  0.000  0.000  1.000
At time 1779613056.447360158
- Translation: [6.097, 11.063, 0.000]
- Rotation: in Quaternion (xyzw) [0.000, 0.000, 0.663, 0.749]
- Rotation: in RPY (radian) [0.000, -0.000, 1.449]
- Rotation: in RPY (degree) [0.000, -0.000, 82.997]
- Matrix:
  0.122 -0.993  0.000  6.097
  0.993  0.122  0.000 11.063
  0.000  0.000  1.000  0.000
  0.000  0.000  0.000  1.000
At time 1779613057.339787740
- Translation: [6.098, 11.057, 0.000]
- Rotation: in Quaternion (xyzw) [0.000, 0.000, 0.663, 0.748]
- Rotation: in RPY (radian) [0.000, -0.000, 1.451]
- Rotation: in RPY (degree) [0.000, -0.000, 83.120]
- Matrix:
  0.120 -0.993  0.000  6.098
  0.993  0.120  0.000 11.057
  0.000  0.000  1.000  0.000
  0.000  0.000  0.000  1.000
At time 1779613058.376884614
- Translation: [6.098, 11.063, 0.000]
- Rotation: in Quaternion (xyzw) [0.000, 0.000, 0.664, 0.748]
- Rotation: in RPY (radian) [0.000, -0.000, 1.452]
- Rotation: in RPY (degree) [0.000, -0.000, 83.204]
- Matrix:
  0.118 -0.993  0.000  6.098
  0.993  0.118  0.000 11.063
  0.000  0.000  1.000  0.000
  0.000  0.000  0.000  1.000
At time 1779613059.459566105
- Translation: [6.058, 11.121, 0.000]
- Rotation: in Quaternion (xyzw) [0.000, 0.000, 0.659, 0.752]
- Rotation: in RPY (radian) [0.000, -0.000, 1.438]
- Rotation: in RPY (degree) [0.000, -0.000, 82.401]
- Matrix:
  0.132 -0.991  0.000  6.058
  0.991  0.132  0.000 11.121
  0.000  0.000  1.000  0.000
  0.000  0.000  0.000  1.000
At time 1779613060.458321186
- Translation: [6.249, 10.808, 0.000]
- Rotation: in Quaternion (xyzw) [0.000, 0.000, 0.670, 0.742]
- Rotation: in RPY (radian) [0.000, -0.000, 1.468]
- Rotation: in RPY (degree) [0.000, -0.000, 84.131]
- Matrix:
  0.102 -0.995  0.000  6.249
  0.995  0.102  0.000 10.808
  0.000  0.000  1.000  0.000
  0.000  0.000  0.000  1.000
At time 1779613061.365259674
- Translation: [6.384, 10.571, 0.000]
- Rotation: in Quaternion (xyzw) [0.000, 0.000, 0.669, 0.744]
- Rotation: in RPY (radian) [0.000, -0.000, 1.465]
- Rotation: in RPY (degree) [0.000, -0.000, 83.925]
- Matrix:
  0.106 -0.994  0.000  6.384
  0.994  0.106  0.000 10.571
  0.000  0.000  1.000  0.000
  0.000  0.000  0.000  1.000
At time 1779613062.394850140
- Translation: [6.238, 10.914, 0.000]
- Rotation: in Quaternion (xyzw) [0.000, 0.000, 0.666, 0.746]
- Rotation: in RPY (radian) [0.000, -0.000, 1.459]
- Rotation: in RPY (degree) [0.000, -0.000, 83.578]
- Matrix:
  0.112 -0.994  0.000  6.238
  0.994  0.112  0.000 10.914
  0.000  0.000  1.000  0.000
  0.000  0.000  0.000  1.000
At time 1779613063.402536939
- Translation: [6.149, 11.090, 0.000]
- Rotation: in Quaternion (xyzw) [0.000, 0.000, 0.663, 0.748]
- Rotation: in RPY (radian) [0.000, -0.000, 1.451]
- Rotation: in RPY (degree) [0.000, -0.000, 83.134]
- Matrix:
  0.120 -0.993  0.000  6.149
  0.993  0.120  0.000 11.090
  0.000  0.000  1.000  0.000
  0.000  0.000  0.000  1.000
At time 1779613064.447800809
- Translation: [6.165, 10.988, 0.000]
- Rotation: in Quaternion (xyzw) [0.000, 0.000, 0.666, 0.746]
- Rotation: in RPY (radian) [0.000, -0.000, 1.457]
- Rotation: in RPY (degree) [0.000, -0.000, 83.470]
- Matrix:
  0.114 -0.994  0.000  6.165
  0.994  0.114  0.000 10.988
  0.000  0.000  1.000  0.000
  0.000  0.000  0.000  1.000
At time 1779613065.346452206
- Translation: [6.209, 10.834, 0.000]
- Rotation: in Quaternion (xyzw) [0.000, 0.000, 0.668, 0.744]
- Rotation: in RPY (radian) [0.000, -0.000, 1.464]
- Rotation: in RPY (degree) [0.000, -0.000, 83.900]
- Matrix:
  0.106 -0.994  0.000  6.209
  0.994  0.106  0.000 10.834
  0.000  0.000  1.000  0.000
  0.000  0.000  0.000  1.000
At time 1779613066.438787049
- Translation: [6.221, 10.727, 0.000]
- Rotation: in Quaternion (xyzw) [0.000, 0.000, 0.670, 0.742]
- Rotation: in RPY (radian) [0.000, -0.000, 1.470]
- Rotation: in RPY (degree) [0.000, -0.000, 84.198]
- Matrix:
  0.101 -0.995  0.000  6.221
  0.995  0.101  0.000 10.727
  0.000  0.000  1.000  0.000
  0.000  0.000  0.000  1.000
At time 1779613067.421308780
- Translation: [6.283, 10.807, 0.000]
- Rotation: in Quaternion (xyzw) [0.000, 0.000, 0.671, 0.741]
- Rotation: in RPY (radian) [0.000, -0.000, 1.472]
- Rotation: in RPY (degree) [0.000, -0.000, 84.322]
- Matrix:
  0.099 -0.995  0.000  6.283
  0.995  0.099  0.000 10.807
  0.000  0.000  1.000  0.000
  0.000  0.000  0.000  1.000
At time 1779613068.404705679
- Translation: [6.230, 10.806, 0.000]
- Rotation: in Quaternion (xyzw) [0.000, 0.000, 0.669, 0.743]
- Rotation: in RPY (radian) [0.000, -0.000, 1.465]
- Rotation: in RPY (degree) [0.000, -0.000, 83.944]
- Matrix:
  0.106 -0.994  0.000  6.230
  0.994  0.106  0.000 10.806
  0.000  0.000  1.000  0.000
  0.000  0.000  0.000  1.000
At time 1779613069.402611832
- Translation: [6.164, 11.209, 0.000]
- Rotation: in Quaternion (xyzw) [0.000, 0.000, 0.661, 0.751]
- Rotation: in RPY (radian) [0.000, -0.000, 1.443]
- Rotation: in RPY (degree) [0.000, -0.000, 82.697]
- Matrix:
  0.127 -0.992  0.000  6.164
  0.992  0.127  0.000 11.209
  0.000  0.000  1.000  0.000
  0.000  0.000  0.000  1.000
At time 1779613070.379101497
- Translation: [6.001, 11.469, 0.000]
- Rotation: in Quaternion (xyzw) [0.000, 0.000, 0.654, 0.757]
- Rotation: in RPY (radian) [0.000, -0.000, 1.426]
- Rotation: in RPY (degree) [0.000, -0.000, 81.685]
- Matrix:
  0.145 -0.989  0.000  6.001
  0.989  0.145  0.000 11.469
  0.000  0.000  1.000  0.000
  0.000  0.000  0.000  1.000
At time 1779613071.452512919
- Translation: [6.143, 11.245, 0.000]
- Rotation: in Quaternion (xyzw) [0.000, 0.000, 0.661, 0.751]
- Rotation: in RPY (radian) [0.000, -0.000, 1.443]
- Rotation: in RPY (degree) [0.000, -0.000, 82.689]
- Matrix:
  0.127 -0.992  0.000  6.143
  0.992  0.127  0.000 11.245
  0.000  0.000  1.000  0.000
  0.000  0.000  0.000  1.000
At time 1779613072.445462892
- Translation: [6.133, 11.437, 0.000]
- Rotation: in Quaternion (xyzw) [0.000, 0.000, 0.656, 0.755]
- Rotation: in RPY (radian) [0.000, -0.000, 1.431]
- Rotation: in RPY (degree) [0.000, -0.000, 81.967]
- Matrix:
  0.140 -0.990  0.000  6.133
  0.990  0.140  0.000 11.437
  0.000  0.000  1.000  0.000
  0.000  0.000  0.000  1.000
At time 1779613073.451083608
- Translation: [6.196, 11.237, 0.000]
- Rotation: in Quaternion (xyzw) [0.000, 0.000, 0.661, 0.750]
- Rotation: in RPY (radian) [0.000, -0.000, 1.445]
- Rotation: in RPY (degree) [0.000, -0.000, 82.778]
- Matrix:
  0.126 -0.992  0.000  6.196
  0.992  0.126  0.000 11.237
  0.000  0.000  1.000  0.000
  0.000  0.000  0.000  1.000
At time 1779613074.274730427
- Translation: [6.177, 11.054, 0.000]
- Rotation: in Quaternion (xyzw) [0.000, 0.000, 0.666, 0.746]
- Rotation: in RPY (radian) [0.000, -0.000, 1.458]
- Rotation: in RPY (degree) [0.000, -0.000, 83.530]
- Matrix:
  0.113 -0.994  0.000  6.177
  0.994  0.113  0.000 11.054
  0.000  0.000  1.000  0.000
  0.000  0.000  0.000  1.000
At time 1779613075.455247752
- Translation: [6.137, 11.072, 0.000]
- Rotation: in Quaternion (xyzw) [0.000, 0.000, 0.666, 0.746]
- Rotation: in RPY (radian) [0.000, -0.000, 1.456]
- Rotation: in RPY (degree) [0.000, -0.000, 83.449]
- Matrix:
  0.114 -0.993  0.000  6.137
  0.993  0.114  0.000 11.072
  0.000  0.000  1.000  0.000
  0.000  0.000  0.000  1.000
At time 1779613076.426804090
- Translation: [6.081, 11.078, 0.000]
- Rotation: in Quaternion (xyzw) [0.000, 0.000, 0.665, 0.747]
- Rotation: in RPY (radian) [0.000, -0.000, 1.455]
- Rotation: in RPY (degree) [0.000, -0.000, 83.381]
- Matrix:
  0.115 -0.993  0.000  6.081
  0.993  0.115  0.000 11.078
  0.000  0.000  1.000  0.000
  0.000  0.000  0.000  1.000
At time 1779613077.407428073
- Translation: [6.133, 11.012, 0.000]
- Rotation: in Quaternion (xyzw) [0.000, 0.000, 0.665, 0.746]
- Rotation: in RPY (radian) [0.000, -0.000, 1.456]
- Rotation: in RPY (degree) [0.000, -0.000, 83.426]
- Matrix:
  0.114 -0.993  0.000  6.133
  0.993  0.114  0.000 11.012
  0.000  0.000  1.000  0.000
  0.000  0.000  0.000  1.000
At time 1779613078.413696086
- Translation: [6.108, 11.019, 0.000]
- Rotation: in Quaternion (xyzw) [0.000, 0.000, 0.664, 0.747]
- Rotation: in RPY (radian) [0.000, -0.000, 1.453]
- Rotation: in RPY (degree) [0.000, -0.000, 83.265]
- Matrix:
  0.117 -0.993  0.000  6.108
  0.993  0.117  0.000 11.019
  0.000  0.000  1.000  0.000
  0.000  0.000  0.000  1.000
At time 1779613079.398975531
- Translation: [6.142, 11.020, 0.000]
- Rotation: in Quaternion (xyzw) [0.000, 0.000, 0.667, 0.745]
- Rotation: in RPY (radian) [0.000, -0.000, 1.460]
- Rotation: in RPY (degree) [0.000, -0.000, 83.645]
- Matrix:
  0.111 -0.994  0.000  6.142
  0.994  0.111  0.000 11.020
  0.000  0.000  1.000  0.000
  0.000  0.000  0.000  1.000
At time 1779613080.424683702
- Translation: [6.126, 11.043, 0.000]
- Rotation: in Quaternion (xyzw) [0.000, 0.000, 0.665, 0.747]
- Rotation: in RPY (radian) [0.000, -0.000, 1.456]
- Rotation: in RPY (degree) [0.000, -0.000, 83.394]
- Matrix:
  0.115 -0.993  0.000  6.126
  0.993  0.115  0.000 11.043
  0.000  0.000  1.000  0.000
  0.000  0.000  0.000  1.000
At time 1779613081.336851763
- Translation: [6.114, 11.076, 0.000]
- Rotation: in Quaternion (xyzw) [0.000, 0.000, 0.662, 0.750]
- Rotation: in RPY (radian) [0.000, -0.000, 1.447]
- Rotation: in RPY (degree) [0.000, -0.000, 82.896]
- Matrix:
  0.124 -0.992  0.000  6.114
  0.992  0.124  0.000 11.076
  0.000  0.000  1.000  0.000
  0.000  0.000  0.000  1.000
At time 1779613082.354362500
- Translation: [6.185, 11.056, 0.000]
- Rotation: in Quaternion (xyzw) [0.000, 0.000, 0.664, 0.748]
- Rotation: in RPY (radian) [0.000, -0.000, 1.453]
- Rotation: in RPY (degree) [0.000, -0.000, 83.249]
- Matrix:
  0.118 -0.993  0.000  6.185
  0.993  0.118  0.000 11.056
  0.000  0.000  1.000  0.000
  0.000  0.000  0.000  1.000
At time 1779613083.444420856
- Translation: [6.141, 11.012, 0.000]
- Rotation: in Quaternion (xyzw) [0.000, 0.000, 0.665, 0.747]
- Rotation: in RPY (radian) [0.000, -0.000, 1.455]
- Rotation: in RPY (degree) [0.000, -0.000, 83.389]
- Matrix:
  0.115 -0.993  0.000  6.141
  0.993  0.115  0.000 11.012
  0.000  0.000  1.000  0.000
  0.000  0.000  0.000  1.000
At time 1779613084.407376342
- Translation: [6.080, 11.114, 0.000]
- Rotation: in Quaternion (xyzw) [0.000, 0.000, 0.660, 0.751]
- Rotation: in RPY (radian) [0.000, -0.000, 1.442]
- Rotation: in RPY (degree) [0.000, -0.000, 82.630]
- Matrix:
  0.128 -0.992  0.000  6.080
  0.992  0.128  0.000 11.114
  0.000  0.000  1.000  0.000
  0.000  0.000  0.000  1.000
At time 1779613085.412322211
- Translation: [6.057, 11.102, 0.000]
- Rotation: in Quaternion (xyzw) [0.000, 0.000, 0.661, 0.751]
- Rotation: in RPY (radian) [0.000, -0.000, 1.443]
- Rotation: in RPY (degree) [0.000, -0.000, 82.693]
- Matrix:
  0.127 -0.992  0.000  6.057
  0.992  0.127  0.000 11.102
  0.000  0.000  1.000  0.000
  0.000  0.000  0.000  1.000
At time 1779613086.420454788
- Translation: [6.091, 11.094, 0.000]
- Rotation: in Quaternion (xyzw) [0.000, 0.000, 0.662, 0.750]
- Rotation: in RPY (radian) [0.000, -0.000, 1.446]
- Rotation: in RPY (degree) [0.000, -0.000, 82.837]
- Matrix:
  0.125 -0.992  0.000  6.091
  0.992  0.125  0.000 11.094
  0.000  0.000  1.000  0.000
  0.000  0.000  0.000  1.000
At time 1779613087.431330430
- Translation: [6.064, 11.102, 0.000]
- Rotation: in Quaternion (xyzw) [0.000, 0.000, 0.660, 0.751]
- Rotation: in RPY (radian) [0.000, -0.000, 1.441]
- Rotation: in RPY (degree) [0.000, -0.000, 82.579]
- Matrix:
  0.129 -0.992  0.000  6.064
  0.992  0.129  0.000 11.102
  0.000  0.000  1.000  0.000
  0.000  0.000  0.000  1.000
At time 1779613088.441908410
- Translation: [6.073, 11.157, 0.000]
- Rotation: in Quaternion (xyzw) [0.000, 0.000, 0.659, 0.753]
- Rotation: in RPY (radian) [0.000, -0.000, 1.438]
- Rotation: in RPY (degree) [0.000, -0.000, 82.378]
- Matrix:
  0.133 -0.991  0.000  6.073
  0.991  0.133  0.000 11.157
  0.000  0.000  1.000  0.000
  0.000  0.000  0.000  1.000
At time 1779613089.433644025
- Translation: [6.153, 11.130, 0.000]
- Rotation: in Quaternion (xyzw) [0.000, 0.000, 0.665, 0.747]
- Rotation: in RPY (radian) [0.000, -0.000, 1.455]
- Rotation: in RPY (degree) [0.000, -0.000, 83.377]
- Matrix:
  0.115 -0.993  0.000  6.153
  0.993  0.115  0.000 11.130
  0.000  0.000  1.000  0.000
  0.000  0.000  0.000  1.000
At time 1779613090.405477345
- Translation: [6.080, 11.005, 0.000]
- Rotation: in Quaternion (xyzw) [0.000, 0.000, 0.662, 0.749]
- Rotation: in RPY (radian) [0.000, -0.000, 1.448]
- Rotation: in RPY (degree) [0.000, -0.000, 82.947]
- Matrix:
  0.123 -0.992  0.000  6.080
  0.992  0.123  0.000 11.005
  0.000  0.000  1.000  0.000
  0.000  0.000  0.000  1.000
At time 1779613091.432704938
- Translation: [6.149, 11.007, 0.000]
- Rotation: in Quaternion (xyzw) [0.000, 0.000, 0.664, 0.748]
- Rotation: in RPY (radian) [0.000, -0.000, 1.452]
- Rotation: in RPY (degree) [0.000, -0.000, 83.197]
- Matrix:
  0.118 -0.993  0.000  6.149
  0.993  0.118  0.000 11.007
  0.000  0.000  1.000  0.000
  0.000  0.000  0.000  1.000
At time 1779613092.460592384
- Translation: [6.166, 11.212, 0.000]
- Rotation: in Quaternion (xyzw) [0.000, 0.000, 0.661, 0.751]
- Rotation: in RPY (radian) [0.000, -0.000, 1.443]
- Rotation: in RPY (degree) [0.000, -0.000, 82.699]
- Matrix:
  0.127 -0.992  0.000  6.166
  0.992  0.127  0.000 11.212
  0.000  0.000  1.000  0.000
  0.000  0.000  0.000  1.000
At time 1779613093.461274292
- Translation: [6.238, 11.056, 0.000]
- Rotation: in Quaternion (xyzw) [0.000, 0.000, 0.665, 0.747]
- Rotation: in RPY (radian) [0.000, -0.000, 1.454]
- Rotation: in RPY (degree) [0.000, -0.000, 83.321]
- Matrix:
  0.116 -0.993  0.000  6.238
  0.993  0.116  0.000 11.056
  0.000  0.000  1.000  0.000
  0.000  0.000  0.000  1.000
At time 1779613094.444703044
- Translation: [6.195, 10.988, 0.000]
- Rotation: in Quaternion (xyzw) [0.000, 0.000, 0.666, 0.746]
- Rotation: in RPY (radian) [0.000, -0.000, 1.459]
- Rotation: in RPY (degree) [0.000, -0.000, 83.580]
- Matrix:
  0.112 -0.994  0.000  6.195
  0.994  0.112  0.000 10.988
  0.000  0.000  1.000  0.000
  0.000  0.000  0.000  1.000
At time 1779613095.352772366
- Translation: [6.155, 10.913, 0.000]
- Rotation: in Quaternion (xyzw) [0.000, 0.000, 0.667, 0.745]
- Rotation: in RPY (radian) [0.000, -0.000, 1.461]
- Rotation: in RPY (degree) [0.000, -0.000, 83.693]
- Matrix:
  0.110 -0.994  0.000  6.155
  0.994  0.110  0.000 10.913
  0.000  0.000  1.000  0.000
  0.000  0.000  0.000  1.000
At time 1779613096.385940705
- Translation: [6.123, 11.045, 0.000]
- Rotation: in Quaternion (xyzw) [0.000, 0.000, 0.665, 0.747]
- Rotation: in RPY (radian) [0.000, -0.000, 1.454]
- Rotation: in RPY (degree) [0.000, -0.000, 83.291]
- Matrix:
  0.117 -0.993  0.000  6.123
  0.993  0.117  0.000 11.045
  0.000  0.000  1.000  0.000
  0.000  0.000  0.000  1.000
At time 1779613097.364907621
- Translation: [6.105, 11.107, 0.000]
- Rotation: in Quaternion (xyzw) [0.000, 0.000, 0.663, 0.749]
- Rotation: in RPY (radian) [0.000, -0.000, 1.449]
- Rotation: in RPY (degree) [0.000, -0.000, 83.000]
- Matrix:
  0.122 -0.993  0.000  6.105
  0.993  0.122  0.000 11.107
  0.000  0.000  1.000  0.000
  0.000  0.000  0.000  1.000
At time 1779613098.440042855
- Translation: [6.255, 10.909, 0.000]
- Rotation: in Quaternion (xyzw) [0.000, 0.000, 0.668, 0.744]
- Rotation: in RPY (radian) [0.000, -0.000, 1.462]
- Rotation: in RPY (degree) [0.000, -0.000, 83.778]
- Matrix:
  0.108 -0.994  0.000  6.255
  0.994  0.108  0.000 10.909
  0.000  0.000  1.000  0.000
  0.000  0.000  0.000  1.000
At time 1779613099.427870613
- Translation: [6.129, 11.054, 0.000]
- Rotation: in Quaternion (xyzw) [0.000, 0.000, 0.663, 0.749]
- Rotation: in RPY (radian) [0.000, -0.000, 1.450]
- Rotation: in RPY (degree) [0.000, -0.000, 83.073]
- Matrix:
  0.121 -0.993  0.000  6.129
  0.993  0.121  0.000 11.054
  0.000  0.000  1.000  0.000
  0.000  0.000  0.000  1.000
At time 1779613100.379689704
- Translation: [6.136, 11.026, 0.000]
- Rotation: in Quaternion (xyzw) [0.000, 0.000, 0.664, 0.747]
- Rotation: in RPY (radian) [0.000, -0.000, 1.454]
- Rotation: in RPY (degree) [0.000, -0.000, 83.282]
- Matrix:
  0.117 -0.993  0.000  6.136
  0.993  0.117  0.000 11.026
  0.000  0.000  1.000  0.000
  0.000  0.000  0.000  1.000
At time 1779613101.406245671
- Translation: [6.123, 11.088, 0.000]
- Rotation: in Quaternion (xyzw) [0.000, 0.000, 0.663, 0.748]
- Rotation: in RPY (radian) [0.000, -0.000, 1.450]
- Rotation: in RPY (degree) [0.000, -0.000, 83.083]
- Matrix:
  0.120 -0.993  0.000  6.123
  0.993  0.120  0.000 11.088
  0.000  0.000  1.000  0.000
  0.000  0.000  0.000  1.000
At time 1779613102.438684949
- Translation: [6.234, 10.843, 0.000]
- Rotation: in Quaternion (xyzw) [0.000, 0.000, 0.669, 0.743]
- Rotation: in RPY (radian) [0.000, -0.000, 1.467]
- Rotation: in RPY (degree) [0.000, -0.000, 84.027]
- Matrix:
  0.104 -0.995  0.000  6.234
  0.995  0.104  0.000 10.843
  0.000  0.000  1.000  0.000
  0.000  0.000  0.000  1.000
At time 1779613103.418927764
- Translation: [6.148, 11.028, 0.000]
- Rotation: in Quaternion (xyzw) [0.000, 0.000, 0.665, 0.747]
- Rotation: in RPY (radian) [0.000, -0.000, 1.455]
- Rotation: in RPY (degree) [0.000, -0.000, 83.384]
- Matrix:
  0.115 -0.993  0.000  6.148
  0.993  0.115  0.000 11.028
  0.000  0.000  1.000  0.000
  0.000  0.000  0.000  1.000
At time 1779613104.421118915
- Translation: [6.161, 11.015, 0.000]
- Rotation: in Quaternion (xyzw) [0.000, 0.000, 0.665, 0.747]
- Rotation: in RPY (radian) [0.000, -0.000, 1.455]
- Rotation: in RPY (degree) [0.000, -0.000, 83.389]
- Matrix:
  0.115 -0.993  0.000  6.161
  0.993  0.115  0.000 11.015
  0.000  0.000  1.000  0.000
  0.000  0.000  0.000  1.000
At time 1779613105.344600569
- Translation: [6.150, 10.986, 0.000]
- Rotation: in Quaternion (xyzw) [0.000, 0.000, 0.666, 0.746]
- Rotation: in RPY (radian) [0.000, -0.000, 1.457]
- Rotation: in RPY (degree) [0.000, -0.000, 83.460]
- Matrix:
  0.114 -0.993  0.000  6.150
  0.993  0.114  0.000 10.986
  0.000  0.000  1.000  0.000
  0.000  0.000  0.000  1.000
At time 1779613106.424618738
- Translation: [6.172, 10.985, 0.000]
- Rotation: in Quaternion (xyzw) [0.000, 0.000, 0.666, 0.746]
- Rotation: in RPY (radian) [0.000, -0.000, 1.458]
- Rotation: in RPY (degree) [0.000, -0.000, 83.509]
- Matrix:
  0.113 -0.994  0.000  6.172
  0.994  0.113  0.000 10.985
  0.000  0.000  1.000  0.000
  0.000  0.000  0.000  1.000
At time 1779613107.390264771
- Translation: [6.180, 10.978, 0.000]
- Rotation: in Quaternion (xyzw) [0.000, 0.000, 0.667, 0.745]
- Rotation: in RPY (radian) [0.000, -0.000, 1.460]
- Rotation: in RPY (degree) [0.000, -0.000, 83.641]
- Matrix:
  0.111 -0.994  0.000  6.180
  0.994  0.111  0.000 10.978
  0.000  0.000  1.000  0.000
  0.000  0.000  0.000  1.000
At time 1779613108.363350357
- Translation: [6.180, 10.944, 0.000]
- Rotation: in Quaternion (xyzw) [0.000, 0.000, 0.667, 0.745]
- Rotation: in RPY (radian) [0.000, -0.000, 1.459]
- Rotation: in RPY (degree) [0.000, -0.000, 83.612]
- Matrix:
  0.111 -0.994  0.000  6.180
  0.994  0.111  0.000 10.944
  0.000  0.000  1.000  0.000
  0.000  0.000  0.000  1.000
At time 1779613109.386692825
- Translation: [6.168, 10.967, 0.000]
- Rotation: in Quaternion (xyzw) [0.000, 0.000, 0.666, 0.746]
- Rotation: in RPY (radian) [0.000, -0.000, 1.459]
- Rotation: in RPY (degree) [0.000, -0.000, 83.572]
- Matrix:
  0.112 -0.994  0.000  6.168
  0.994  0.112  0.000 10.967
  0.000  0.000  1.000  0.000
  0.000  0.000  0.000  1.000
At time 1779613110.375927129
- Translation: [6.172, 10.962, 0.000]
- Rotation: in Quaternion (xyzw) [0.000, 0.000, 0.667, 0.745]
- Rotation: in RPY (radian) [0.000, -0.000, 1.460]
- Rotation: in RPY (degree) [0.000, -0.000, 83.649]
- Matrix:
  0.111 -0.994  0.000  6.172
  0.994  0.111  0.000 10.962
  0.000  0.000  1.000  0.000
  0.000  0.000  0.000  1.000
At time 1779613111.398964246
- Translation: [6.124, 11.047, 0.000]
- Rotation: in Quaternion (xyzw) [0.000, 0.000, 0.664, 0.748]
- Rotation: in RPY (radian) [0.000, -0.000, 1.452]
- Rotation: in RPY (degree) [0.000, -0.000, 83.204]
- Matrix:
  0.118 -0.993  0.000  6.124
  0.993  0.118  0.000 11.047
  0.000  0.000  1.000  0.000
  0.000  0.000  0.000  1.000
At time 1779613112.433069482
- Translation: [6.179, 10.939, 0.000]
- Rotation: in Quaternion (xyzw) [0.000, 0.000, 0.667, 0.745]
- Rotation: in RPY (radian) [0.000, -0.000, 1.460]
- Rotation: in RPY (degree) [0.000, -0.000, 83.639]
- Matrix:
  0.111 -0.994  0.000  6.179
  0.994  0.111  0.000 10.939
  0.000  0.000  1.000  0.000
  0.000  0.000  0.000  1.000
At time 1779613113.384396524
- Translation: [6.183, 10.853, 0.000]
- Rotation: in Quaternion (xyzw) [0.000, 0.000, 0.669, 0.743]
- Rotation: in RPY (radian) [0.000, -0.000, 1.467]
- Rotation: in RPY (degree) [0.000, -0.000, 84.037]
- Matrix:
  0.104 -0.995  0.000  6.183
  0.995  0.104  0.000 10.853
  0.000  0.000  1.000  0.000
  0.000  0.000  0.000  1.000
At time 1779613114.415356204
- Translation: [6.125, 11.091, 0.000]
- Rotation: in Quaternion (xyzw) [0.000, 0.000, 0.664, 0.748]
- Rotation: in RPY (radian) [0.000, -0.000, 1.453]
- Rotation: in RPY (degree) [0.000, -0.000, 83.225]
- Matrix:
  0.118 -0.993  0.000  6.125
  0.993  0.118  0.000 11.091
  0.000  0.000  1.000  0.000
  0.000  0.000  0.000  1.000
At time 1779613115.406957905
- Translation: [6.305, 10.693, 0.000]
- Rotation: in Quaternion (xyzw) [0.000, 0.000, 0.673, 0.740]
- Rotation: in RPY (radian) [0.000, -0.000, 1.475]
- Rotation: in RPY (degree) [0.000, -0.000, 84.539]
- Matrix:
  0.095 -0.995  0.000  6.305
  0.995  0.095  0.000 10.693
  0.000  0.000  1.000  0.000
  0.000  0.000  0.000  1.000
At time 1779613116.441456619
- Translation: [6.417, 10.550, 0.000]
- Rotation: in Quaternion (xyzw) [0.000, 0.000, 0.676, 0.736]
- Rotation: in RPY (radian) [0.000, -0.000, 1.486]
- Rotation: in RPY (degree) [0.000, -0.000, 85.140]
- Matrix:
  0.085 -0.996  0.000  6.417
  0.996  0.085  0.000 10.550
  0.000  0.000  1.000  0.000
  0.000  0.000  0.000  1.000
At time 1779613117.332142142
- Translation: [6.144, 10.977, 0.000]
- Rotation: in Quaternion (xyzw) [0.000, 0.000, 0.666, 0.746]
- Rotation: in RPY (radian) [0.000, -0.000, 1.458]
- Rotation: in RPY (degree) [0.000, -0.000, 83.534]
- Matrix:
  0.113 -0.994  0.000  6.144
  0.994  0.113  0.000 10.977
  0.000  0.000  1.000  0.000
  0.000  0.000  0.000  1.000
At time 1779613118.413263580
- Translation: [6.160, 10.974, 0.000]
- Rotation: in Quaternion (xyzw) [0.000, 0.000, 0.666, 0.746]
- Rotation: in RPY (radian) [0.000, -0.000, 1.458]
- Rotation: in RPY (degree) [0.000, -0.000, 83.540]
- Matrix:
  0.113 -0.994  0.000  6.160
  0.994  0.113  0.000 10.974
  0.000  0.000  1.000  0.000
  0.000  0.000  0.000  1.000
At time 1779613119.372733185
- Translation: [6.398, 10.603, 0.000]
- Rotation: in Quaternion (xyzw) [0.000, 0.000, 0.674, 0.739]
- Rotation: in RPY (radian) [0.000, -0.000, 1.479]
- Rotation: in RPY (degree) [0.000, -0.000, 84.725]
- Matrix:
  0.092 -0.996  0.000  6.398
  0.996  0.092  0.000 10.603
  0.000  0.000  1.000  0.000
  0.000  0.000  0.000  1.000
At time 1779613120.459240247
- Translation: [6.138, 10.892, 0.000]
- Rotation: in Quaternion (xyzw) [0.000, 0.000, 0.668, 0.744]
- Rotation: in RPY (radian) [0.000, -0.000, 1.464]
- Rotation: in RPY (degree) [0.000, -0.000, 83.853]
- Matrix:
  0.107 -0.994  0.000  6.138
  0.994  0.107  0.000 10.892
  0.000  0.000  1.000  0.000
  0.000  0.000  0.000  1.000
At time 1779613121.314318008
- Translation: [6.227, 10.683, 0.000]
- Rotation: in Quaternion (xyzw) [0.000, 0.000, 0.673, 0.740]
- Rotation: in RPY (radian) [0.000, -0.000, 1.475]
- Rotation: in RPY (degree) [0.000, -0.000, 84.531]
- Matrix:
  0.095 -0.995  0.000  6.227
  0.995  0.095  0.000 10.683
  0.000  0.000  1.000  0.000
  0.000  0.000  0.000  1.000
At time 1779613122.423905354
- Translation: [6.154, 10.860, 0.000]
- Rotation: in Quaternion (xyzw) [0.000, 0.000, 0.669, 0.743]
- Rotation: in RPY (radian) [0.000, -0.000, 1.465]
- Rotation: in RPY (degree) [0.000, -0.000, 83.950]
- Matrix:
  0.105 -0.994  0.000  6.154
  0.994  0.105  0.000 10.860
  0.000  0.000  1.000  0.000
  0.000  0.000  0.000  1.000
At time 1779613123.370070892
- Translation: [6.153, 10.853, 0.000]
- Rotation: in Quaternion (xyzw) [0.000, 0.000, 0.669, 0.743]
- Rotation: in RPY (radian) [0.000, -0.000, 1.465]
- Rotation: in RPY (degree) [0.000, -0.000, 83.962]
- Matrix:
  0.105 -0.994  0.000  6.153
  0.994  0.105  0.000 10.853
  0.000  0.000  1.000  0.000
  0.000  0.000  0.000  1.000
At time 1779613124.421237237
- Translation: [6.144, 10.866, 0.000]
- Rotation: in Quaternion (xyzw) [0.000, 0.000, 0.668, 0.744]
- Rotation: in RPY (radian) [0.000, -0.000, 1.464]
- Rotation: in RPY (degree) [0.000, -0.000, 83.895]
- Matrix:
  0.106 -0.994  0.000  6.144
  0.994  0.106  0.000 10.866
  0.000  0.000  1.000  0.000
  0.000  0.000  0.000  1.000
At time 1779613125.456197839
- Translation: [6.147, 10.859, 0.000]
- Rotation: in Quaternion (xyzw) [0.000, 0.000, 0.669, 0.744]
- Rotation: in RPY (radian) [0.000, -0.000, 1.465]
- Rotation: in RPY (degree) [0.000, -0.000, 83.932]
- Matrix:
  0.106 -0.994  0.000  6.147
  0.994  0.106  0.000 10.859
  0.000  0.000  1.000  0.000
  0.000  0.000  0.000  1.000
At time 1779613126.449919929
- Translation: [6.145, 10.859, 0.000]
- Rotation: in Quaternion (xyzw) [0.000, 0.000, 0.669, 0.743]
- Rotation: in RPY (radian) [0.000, -0.000, 1.465]
- Rotation: in RPY (degree) [0.000, -0.000, 83.945]
- Matrix:
  0.105 -0.994  0.000  6.145
  0.994  0.105  0.000 10.859
  0.000  0.000  1.000  0.000
  0.000  0.000  0.000  1.000
At time 1779613127.369228167
- Translation: [6.152, 10.866, 0.000]
- Rotation: in Quaternion (xyzw) [0.000, 0.000, 0.668, 0.744]
- Rotation: in RPY (radian) [0.000, -0.000, 1.464]
- Rotation: in RPY (degree) [0.000, -0.000, 83.898]
- Matrix:
  0.106 -0.994  0.000  6.152
  0.994  0.106  0.000 10.866
  0.000  0.000  1.000  0.000
  0.000  0.000  0.000  1.000
At time 1779613128.457918609
- Translation: [6.148, 10.860, 0.000]
- Rotation: in Quaternion (xyzw) [0.000, 0.000, 0.669, 0.743]
- Rotation: in RPY (radian) [0.000, -0.000, 1.466]
- Rotation: in RPY (degree) [0.000, -0.000, 83.982]
- Matrix:
  0.105 -0.994  0.000  6.148
  0.994  0.105  0.000 10.860
  0.000  0.000  1.000  0.000
  0.000  0.000  0.000  1.000
At time 1779613129.415585734
- Translation: [6.171, 10.932, 0.000]
- Rotation: in Quaternion (xyzw) [0.000, 0.000, 0.667, 0.745]
- Rotation: in RPY (radian) [0.000, -0.000, 1.461]
- Rotation: in RPY (degree) [0.000, -0.000, 83.681]
- Matrix:
  0.110 -0.994  0.000  6.171
  0.994  0.110  0.000 10.932
  0.000  0.000  1.000  0.000
  0.000  0.000  0.000  1.000
At time 1779613130.432950952
- Translation: [6.222, 10.721, 0.000]
- Rotation: in Quaternion (xyzw) [0.000, 0.000, 0.673, 0.739]
- Rotation: in RPY (radian) [0.000, -0.000, 1.477]
- Rotation: in RPY (degree) [0.000, -0.000, 84.641]
- Matrix:
  0.093 -0.996  0.000  6.222
  0.996  0.093  0.000 10.721
  0.000  0.000  1.000  0.000
  0.000  0.000  0.000  1.000
At time 1779613131.415583827
- Translation: [6.093, 11.056, 0.000]
- Rotation: in Quaternion (xyzw) [0.000, 0.000, 0.663, 0.748]
- Rotation: in RPY (radian) [0.000, -0.000, 1.450]
- Rotation: in RPY (degree) [0.000, -0.000, 83.106]
- Matrix:
  0.120 -0.993  0.000  6.093
  0.993  0.120  0.000 11.056
  0.000  0.000  1.000  0.000
  0.000  0.000  0.000  1.000
At time 1779613132.366206802
- Translation: [6.142, 10.842, 0.000]
- Rotation: in Quaternion (xyzw) [0.000, 0.000, 0.669, 0.744]
- Rotation: in RPY (radian) [0.000, -0.000, 1.464]
- Rotation: in RPY (degree) [0.000, -0.000, 83.907]
- Matrix:
  0.106 -0.994  0.000  6.142
  0.994  0.106  0.000 10.842
  0.000  0.000  1.000  0.000
  0.000  0.000  0.000  1.000
At time 1779613133.357596659
- Translation: [6.181, 10.882, 0.000]
- Rotation: in Quaternion (xyzw) [0.000, 0.000, 0.668, 0.744]
- Rotation: in RPY (radian) [0.000, -0.000, 1.464]
- Rotation: in RPY (degree) [0.000, -0.000, 83.889]
- Matrix:
  0.106 -0.994  0.000  6.181
  0.994  0.106  0.000 10.882
  0.000  0.000  1.000  0.000
  0.000  0.000  0.000  1.000
At time 1779613134.317052633
- Translation: [6.120, 10.977, 0.000]
- Rotation: in Quaternion (xyzw) [0.000, 0.000, 0.665, 0.747]
- Rotation: in RPY (radian) [0.000, -0.000, 1.455]
- Rotation: in RPY (degree) [0.000, -0.000, 83.359]
- Matrix:
  0.116 -0.993  0.000  6.120
  0.993  0.116  0.000 10.977
  0.000  0.000  1.000  0.000
  0.000  0.000  0.000  1.000
At time 1779613135.428769757
- Translation: [6.101, 11.066, 0.000]
- Rotation: in Quaternion (xyzw) [0.000, 0.000, 0.662, 0.749]
- Rotation: in RPY (radian) [0.000, -0.000, 1.447]
- Rotation: in RPY (degree) [0.000, -0.000, 82.917]
- Matrix:
  0.123 -0.992  0.000  6.101
  0.992  0.123  0.000 11.066
  0.000  0.000  1.000  0.000
  0.000  0.000  0.000  1.000
At time 1779613136.442374756
- Translation: [6.066, 11.163, 0.000]
- Rotation: in Quaternion (xyzw) [0.000, 0.000, 0.662, 0.750]
- Rotation: in RPY (radian) [0.000, -0.000, 1.447]
- Rotation: in RPY (degree) [0.000, -0.000, 82.890]
- Matrix:
  0.124 -0.992  0.000  6.066
  0.992  0.124  0.000 11.163
  0.000  0.000  1.000  0.000
  0.000  0.000  0.000  1.000
At time 1779613137.447629988
- Translation: [6.114, 10.975, 0.000]
- Rotation: in Quaternion (xyzw) [0.000, 0.000, 0.666, 0.746]
- Rotation: in RPY (radian) [0.000, -0.000, 1.459]
- Rotation: in RPY (degree) [0.000, -0.000, 83.573]
- Matrix:
  0.112 -0.994  0.000  6.114
  0.994  0.112  0.000 10.975
  0.000  0.000  1.000  0.000
  0.000  0.000  0.000  1.000
At time 1779613138.445761370
- Translation: [6.151, 10.979, 0.000]
- Rotation: in Quaternion (xyzw) [0.000, 0.000, 0.668, 0.744]
- Rotation: in RPY (radian) [0.000, -0.000, 1.464]
- Rotation: in RPY (degree) [0.000, -0.000, 83.872]
- Matrix:
  0.107 -0.994  0.000  6.151
  0.994  0.107  0.000 10.979
  0.000  0.000  1.000  0.000
  0.000  0.000  0.000  1.000
At time 1779613139.304353056
- Translation: [6.135, 10.958, 0.000]
- Rotation: in Quaternion (xyzw) [0.000, 0.000, 0.669, 0.743]
- Rotation: in RPY (radian) [0.000, -0.000, 1.465]
- Rotation: in RPY (degree) [0.000, -0.000, 83.946]
- Matrix:
  0.105 -0.994  0.000  6.135
  0.994  0.105  0.000 10.958
  0.000  0.000  1.000  0.000
  0.000  0.000  0.000  1.000
At time 1779613140.435565027
- Translation: [6.085, 10.986, 0.000]
- Rotation: in Quaternion (xyzw) [0.000, 0.000, 0.666, 0.746]
- Rotation: in RPY (radian) [0.000, -0.000, 1.457]
- Rotation: in RPY (degree) [0.000, -0.000, 83.465]
- Matrix:
  0.114 -0.994  0.000  6.085
  0.994  0.114  0.000 10.986
  0.000  0.000  1.000  0.000
  0.000  0.000  0.000  1.000
At time 1779613141.423433087
- Translation: [6.029, 11.042, 0.000]
- Rotation: in Quaternion (xyzw) [0.000, 0.000, 0.663, 0.749]
- Rotation: in RPY (radian) [0.000, -0.000, 1.448]
- Rotation: in RPY (degree) [0.000, -0.000, 82.986]
- Matrix:
  0.122 -0.993  0.000  6.029
  0.993  0.122  0.000 11.042
  0.000  0.000  1.000  0.000
  0.000  0.000  0.000  1.000
At time 1779613142.361910025
- Translation: [6.085, 11.085, 0.000]
- Rotation: in Quaternion (xyzw) [0.000, 0.000, 0.662, 0.749]
- Rotation: in RPY (radian) [0.000, -0.000, 1.448]
- Rotation: in RPY (degree) [0.000, -0.000, 82.957]
- Matrix:
  0.123 -0.992  0.000  6.085
  0.992  0.123  0.000 11.085
  0.000  0.000  1.000  0.000
  0.000  0.000  0.000  1.000
At time 1779613143.353640137
- Translation: [6.041, 11.140, 0.000]
- Rotation: in Quaternion (xyzw) [0.000, 0.000, 0.662, 0.749]
- Rotation: in RPY (radian) [0.000, -0.000, 1.448]
- Rotation: in RPY (degree) [0.000, -0.000, 82.942]
- Matrix:
  0.123 -0.992  0.000  6.041
  0.992  0.123  0.000 11.140
  0.000  0.000  1.000  0.000
  0.000  0.000  0.000  1.000
At time 1779613144.427142421
- Translation: [6.027, 11.071, 0.000]
- Rotation: in Quaternion (xyzw) [0.000, 0.000, 0.662, 0.750]
- Rotation: in RPY (radian) [0.000, -0.000, 1.447]
- Rotation: in RPY (degree) [0.000, -0.000, 82.902]
- Matrix:
  0.124 -0.992  0.000  6.027
  0.992  0.124  0.000 11.071
  0.000  0.000  1.000  0.000
  0.000  0.000  0.000  1.000
At time 1779613145.443155412
- Translation: [6.143, 10.913, 0.000]
- Rotation: in Quaternion (xyzw) [0.000, 0.000, 0.669, 0.743]
- Rotation: in RPY (radian) [0.000, -0.000, 1.466]
- Rotation: in RPY (degree) [0.000, -0.000, 84.002]
- Matrix:
  0.104 -0.995  0.000  6.143
  0.995  0.104  0.000 10.913
  0.000  0.000  1.000  0.000
  0.000  0.000  0.000  1.000
At time 1779613146.421526150
- Translation: [6.126, 11.009, 0.000]
- Rotation: in Quaternion (xyzw) [0.000, 0.000, 0.669, 0.743]
- Rotation: in RPY (radian) [0.000, -0.000, 1.466]
- Rotation: in RPY (degree) [0.000, -0.000, 84.011]
- Matrix:
  0.104 -0.995  0.000  6.126
  0.995  0.104  0.000 11.009
  0.000  0.000  1.000  0.000
  0.000  0.000  0.000  1.000
At time 1779613147.437220239
- Translation: [6.092, 11.090, 0.000]
- Rotation: in Quaternion (xyzw) [0.000, 0.000, 0.662, 0.750]
- Rotation: in RPY (radian) [0.000, -0.000, 1.447]
- Rotation: in RPY (degree) [0.000, -0.000, 82.893]
- Matrix:
  0.124 -0.992  0.000  6.092
  0.992  0.124  0.000 11.090
  0.000  0.000  1.000  0.000
  0.000  0.000  0.000  1.000
At time 1779613148.442740112
- Translation: [6.090, 11.056, 0.000]
- Rotation: in Quaternion (xyzw) [0.000, 0.000, 0.664, 0.748]
- Rotation: in RPY (radian) [0.000, -0.000, 1.451]
- Rotation: in RPY (degree) [0.000, -0.000, 83.137]
- Matrix:
  0.119 -0.993  0.000  6.090
  0.993  0.119  0.000 11.056
  0.000  0.000  1.000  0.000
  0.000  0.000  0.000  1.000
At time 1779613149.444316371
- Translation: [6.102, 11.038, 0.000]
- Rotation: in Quaternion (xyzw) [0.000, 0.000, 0.663, 0.748]
- Rotation: in RPY (radian) [0.000, -0.000, 1.450]
- Rotation: in RPY (degree) [0.000, -0.000, 83.102]
- Matrix:
  0.120 -0.993  0.000  6.102
  0.993  0.120  0.000 11.038
  0.000  0.000  1.000  0.000
  0.000  0.000  0.000  1.000
At time 1779613150.440502833
- Translation: [6.092, 11.071, 0.000]
- Rotation: in Quaternion (xyzw) [0.000, 0.000, 0.663, 0.748]
- Rotation: in RPY (radian) [0.000, -0.000, 1.450]
- Rotation: in RPY (degree) [0.000, -0.000, 83.097]
- Matrix:
  0.120 -0.993  0.000  6.092
  0.993  0.120  0.000 11.071
  0.000  0.000  1.000  0.000
  0.000  0.000  0.000  1.000
At time 1779613151.442397414
- Translation: [6.037, 11.127, 0.000]
- Rotation: in Quaternion (xyzw) [0.000, 0.000, 0.660, 0.752]
- Rotation: in RPY (radian) [0.000, -0.000, 1.441]
- Rotation: in RPY (degree) [0.000, -0.000, 82.547]
- Matrix:
  0.130 -0.992  0.000  6.037
  0.992  0.130  0.000 11.127
  0.000  0.000  1.000  0.000
  0.000  0.000  0.000  1.000
At time 1779613152.441361472
- Translation: [6.036, 11.094, 0.000]
- Rotation: in Quaternion (xyzw) [0.000, 0.000, 0.661, 0.751]
- Rotation: in RPY (radian) [0.000, -0.000, 1.444]
- Rotation: in RPY (degree) [0.000, -0.000, 82.723]
- Matrix:
  0.127 -0.992  0.000  6.036
  0.992  0.127  0.000 11.094
  0.000  0.000  1.000  0.000
  0.000  0.000  0.000  1.000
At time 1779613153.434350559
- Translation: [6.020, 11.134, 0.000]
- Rotation: in Quaternion (xyzw) [0.000, 0.000, 0.659, 0.752]
- Rotation: in RPY (radian) [0.000, -0.000, 1.439]
- Rotation: in RPY (degree) [0.000, -0.000, 82.447]
- Matrix:
  0.131 -0.991  0.000  6.020
  0.991  0.131  0.000 11.134
  0.000  0.000  1.000  0.000
  0.000  0.000  0.000  1.000
At time 1779613154.430149241
- Translation: [6.095, 10.971, 0.000]
- Rotation: in Quaternion (xyzw) [0.000, 0.000, 0.667, 0.745]
- Rotation: in RPY (radian) [0.000, -0.000, 1.460]
- Rotation: in RPY (degree) [0.000, -0.000, 83.641]
- Matrix:
  0.111 -0.994  0.000  6.095
  0.994  0.111  0.000 10.971
  0.000  0.000  1.000  0.000
  0.000  0.000  0.000  1.000
At time 1779613155.434115276
- Translation: [6.058, 11.058, 0.000]
- Rotation: in Quaternion (xyzw) [0.000, 0.000, 0.665, 0.747]
- Rotation: in RPY (radian) [0.000, -0.000, 1.456]
- Rotation: in RPY (degree) [0.000, -0.000, 83.420]
- Matrix:
  0.115 -0.993  0.000  6.058
  0.993  0.115  0.000 11.058
  0.000  0.000  1.000  0.000
  0.000  0.000  0.000  1.000
At time 1779613156.422427861
- Translation: [6.124, 10.980, 0.000]
- Rotation: in Quaternion (xyzw) [0.000, 0.000, 0.670, 0.743]
- Rotation: in RPY (radian) [0.000, -0.000, 1.467]
- Rotation: in RPY (degree) [0.000, -0.000, 84.079]
- Matrix:
  0.103 -0.995  0.000  6.124
  0.995  0.103  0.000 10.980
  0.000  0.000  1.000  0.000
  0.000  0.000  0.000  1.000
At time 1779613157.420799116
- Translation: [6.133, 11.006, 0.000]
- Rotation: in Quaternion (xyzw) [0.000, 0.000, 0.668, 0.744]
- Rotation: in RPY (radian) [0.000, -0.000, 1.463]
- Rotation: in RPY (degree) [0.000, -0.000, 83.830]
- Matrix:
  0.107 -0.994  0.000  6.133
  0.994  0.107  0.000 11.006
  0.000  0.000  1.000  0.000
  0.000  0.000  0.000  1.000
At time 1779613158.430275743
- Translation: [6.084, 11.019, 0.000]
- Rotation: in Quaternion (xyzw) [0.000, 0.000, 0.666, 0.746]
- Rotation: in RPY (radian) [0.000, -0.000, 1.458]
- Rotation: in RPY (degree) [0.000, -0.000, 83.530]
- Matrix:
  0.113 -0.994  0.000  6.084
  0.994  0.113  0.000 11.019
  0.000  0.000  1.000  0.000
  0.000  0.000  0.000  1.000
At time 1779613159.419985860
- Translation: [6.023, 11.098, 0.000]
- Rotation: in Quaternion (xyzw) [0.000, 0.000, 0.659, 0.752]
- Rotation: in RPY (radian) [0.000, -0.000, 1.440]
- Rotation: in RPY (degree) [0.000, -0.000, 82.505]
- Matrix:
  0.130 -0.991  0.000  6.023
  0.991  0.130  0.000 11.098
  0.000  0.000  1.000  0.000
  0.000  0.000  0.000  1.000
At time 1779613160.437536463
- Translation: [6.008, 11.038, 0.000]
- Rotation: in Quaternion (xyzw) [0.000, 0.000, 0.661, 0.750]
- Rotation: in RPY (radian) [0.000, -0.000, 1.445]
- Rotation: in RPY (degree) [0.000, -0.000, 82.788]
- Matrix:
  0.126 -0.992  0.000  6.008
  0.992  0.126  0.000 11.038
  0.000  0.000  1.000  0.000
  0.000  0.000  0.000  1.000
At time 1779613161.433840211
- Translation: [5.978, 11.032, 0.000]
- Rotation: in Quaternion (xyzw) [0.000, 0.000, 0.659, 0.752]
- Rotation: in RPY (radian) [0.000, -0.000, 1.440]
- Rotation: in RPY (degree) [0.000, -0.000, 82.490]
- Matrix:
  0.131 -0.991  0.000  5.978
  0.991  0.131  0.000 11.032
  0.000  0.000  1.000  0.000
  0.000  0.000  0.000  1.000
At time 1779613162.442903104
- Translation: [5.985, 11.095, 0.000]
- Rotation: in Quaternion (xyzw) [0.000, 0.000, 0.658, 0.753]
- Rotation: in RPY (radian) [0.000, -0.000, 1.437]
- Rotation: in RPY (degree) [0.000, -0.000, 82.306]
- Matrix:
  0.134 -0.991  0.000  5.985
  0.991  0.134  0.000 11.095
  0.000  0.000  1.000  0.000
  0.000  0.000  0.000  1.000
At time 1779613163.426592082
- Translation: [6.038, 11.035, 0.000]
- Rotation: in Quaternion (xyzw) [0.000, 0.000, 0.663, 0.748]
- Rotation: in RPY (radian) [0.000, -0.000, 1.450]
- Rotation: in RPY (degree) [0.000, -0.000, 83.099]
- Matrix:
  0.120 -0.993  0.000  6.038
  0.993  0.120  0.000 11.035
  0.000  0.000  1.000  0.000
  0.000  0.000  0.000  1.000
At time 1779613164.424718835
- Translation: [6.061, 11.062, 0.000]
- Rotation: in Quaternion (xyzw) [0.000, 0.000, 0.663, 0.748]
- Rotation: in RPY (radian) [0.000, -0.000, 1.450]
- Rotation: in RPY (degree) [0.000, -0.000, 83.083]
- Matrix:
  0.120 -0.993  0.000  6.061
  0.993  0.120  0.000 11.062
  0.000  0.000  1.000  0.000
  0.000  0.000  0.000  1.000
At time 1779613165.439183876
- Translation: [6.074, 11.059, 0.000]
- Rotation: in Quaternion (xyzw) [0.000, 0.000, 0.665, 0.747]
- Rotation: in RPY (radian) [0.000, -0.000, 1.455]
- Rotation: in RPY (degree) [0.000, -0.000, 83.388]
- Matrix:
  0.115 -0.993  0.000  6.074
  0.993  0.115  0.000 11.059
  0.000  0.000  1.000  0.000
  0.000  0.000  0.000  1.000
At time 1779613166.423960071
- Translation: [6.038, 11.117, 0.000]
- Rotation: in Quaternion (xyzw) [0.000, 0.000, 0.661, 0.751]
- Rotation: in RPY (radian) [0.000, -0.000, 1.443]
- Rotation: in RPY (degree) [0.000, -0.000, 82.683]
- Matrix:
  0.127 -0.992  0.000  6.038
  0.992  0.127  0.000 11.117
  0.000  0.000  1.000  0.000
  0.000  0.000  0.000  1.000
At time 1779613167.412984777
- Translation: [6.030, 11.050, 0.000]
- Rotation: in Quaternion (xyzw) [0.000, 0.000, 0.660, 0.752]
- Rotation: in RPY (radian) [0.000, -0.000, 1.440]
- Rotation: in RPY (degree) [0.000, -0.000, 82.528]
- Matrix:
  0.130 -0.992  0.000  6.030
  0.992  0.130  0.000 11.050
  0.000  0.000  1.000  0.000
  0.000  0.000  0.000  1.000
At time 1779613168.429401505
- Translation: [6.016, 11.061, 0.000]
- Rotation: in Quaternion (xyzw) [0.000, 0.000, 0.659, 0.753]
- Rotation: in RPY (radian) [0.000, -0.000, 1.438]
- Rotation: in RPY (degree) [0.000, -0.000, 82.381]
- Matrix:
  0.133 -0.991  0.000  6.016
  0.991  0.133  0.000 11.061
  0.000  0.000  1.000  0.000
  0.000  0.000  0.000  1.000
At time 1779613169.429659119
- Translation: [6.001, 11.041, 0.000]
- Rotation: in Quaternion (xyzw) [0.000, 0.000, 0.658, 0.753]
- Rotation: in RPY (radian) [0.000, -0.000, 1.435]
- Rotation: in RPY (degree) [0.000, -0.000, 82.244]
- Matrix:
  0.135 -0.991  0.000  6.001
  0.991  0.135  0.000 11.041
  0.000  0.000  1.000  0.000
  0.000  0.000  0.000  1.000
At time 1779613170.411162638
- Translation: [6.003, 11.071, 0.000]
- Rotation: in Quaternion (xyzw) [0.000, 0.000, 0.657, 0.753]
- Rotation: in RPY (radian) [0.000, -0.000, 1.435]
- Rotation: in RPY (degree) [0.000, -0.000, 82.216]
- Matrix:
  0.135 -0.991  0.000  6.003
  0.991  0.135  0.000 11.071
  0.000  0.000  1.000  0.000
  0.000  0.000  0.000  1.000
At time 1779613171.428436447
- Translation: [6.020, 11.127, 0.000]
- Rotation: in Quaternion (xyzw) [0.000, 0.000, 0.659, 0.752]
- Rotation: in RPY (radian) [0.000, -0.000, 1.440]
- Rotation: in RPY (degree) [0.000, -0.000, 82.497]
- Matrix:
  0.131 -0.991  0.000  6.020
  0.991  0.131  0.000 11.127
  0.000  0.000  1.000  0.000
  0.000  0.000  0.000  1.000
At time 1779613172.419585954
- Translation: [6.015, 11.029, 0.000]
- Rotation: in Quaternion (xyzw) [0.000, 0.000, 0.659, 0.752]
- Rotation: in RPY (radian) [0.000, -0.000, 1.439]
- Rotation: in RPY (degree) [0.000, -0.000, 82.456]
- Matrix:
  0.131 -0.991  0.000  6.015
  0.991  0.131  0.000 11.029
  0.000  0.000  1.000  0.000
  0.000  0.000  0.000  1.000
At time 1779613173.419289187
- Translation: [6.035, 11.079, 0.000]
- Rotation: in Quaternion (xyzw) [0.000, 0.000, 0.660, 0.751]
- Rotation: in RPY (radian) [0.000, -0.000, 1.441]
- Rotation: in RPY (degree) [0.000, -0.000, 82.568]
- Matrix:
  0.129 -0.992  0.000  6.035
  0.992  0.129  0.000 11.079
  0.000  0.000  1.000  0.000
  0.000  0.000  0.000  1.000
At time 1779613174.458657139
- Translation: [6.054, 11.055, 0.000]
- Rotation: in Quaternion (xyzw) [0.000, 0.000, 0.661, 0.750]
- Rotation: in RPY (radian) [0.000, -0.000, 1.445]
- Rotation: in RPY (degree) [0.000, -0.000, 82.779]
- Matrix:
  0.126 -0.992  0.000  6.054
  0.992  0.126  0.000 11.055
  0.000  0.000  1.000  0.000
  0.000  0.000  0.000  1.000
At time 1779613175.427453971
- Translation: [6.058, 11.050, 0.000]
- Rotation: in Quaternion (xyzw) [0.000, 0.000, 0.661, 0.751]
- Rotation: in RPY (radian) [0.000, -0.000, 1.444]
- Rotation: in RPY (degree) [0.000, -0.000, 82.721]
- Matrix:
  0.127 -0.992  0.000  6.058
  0.992  0.127  0.000 11.050
  0.000  0.000  1.000  0.000
  0.000  0.000  0.000  1.000
At time 1779613176.423012256
- Translation: [6.029, 11.080, 0.000]
- Rotation: in Quaternion (xyzw) [0.000, 0.000, 0.659, 0.752]
- Rotation: in RPY (radian) [0.000, -0.000, 1.440]
- Rotation: in RPY (degree) [0.000, -0.000, 82.480]
- Matrix:
  0.131 -0.991  0.000  6.029
  0.991  0.131  0.000 11.080
  0.000  0.000  1.000  0.000
  0.000  0.000  0.000  1.000
At time 1779613177.419427675
- Translation: [6.028, 11.055, 0.000]
- Rotation: in Quaternion (xyzw) [0.000, 0.000, 0.660, 0.751]
- Rotation: in RPY (radian) [0.000, -0.000, 1.441]
- Rotation: in RPY (degree) [0.000, -0.000, 82.567]
- Matrix:
  0.129 -0.992  0.000  6.028
  0.992  0.129  0.000 11.055
  0.000  0.000  1.000  0.000
  0.000  0.000  0.000  1.000
At time 1779613178.419745046
- Translation: [6.087, 11.065, 0.000]
- Rotation: in Quaternion (xyzw) [0.000, 0.000, 0.663, 0.749]
- Rotation: in RPY (radian) [0.000, -0.000, 1.449]
- Rotation: in RPY (degree) [0.000, -0.000, 83.010]
- Matrix:
  0.122 -0.993  0.000  6.087
  0.993  0.122  0.000 11.065
  0.000  0.000  1.000  0.000
  0.000  0.000  0.000  1.000
At time 1779613179.409733115
- Translation: [6.119, 11.109, 0.000]
- Rotation: in Quaternion (xyzw) [0.000, 0.000, 0.666, 0.746]
- Rotation: in RPY (radian) [0.000, -0.000, 1.458]
- Rotation: in RPY (degree) [0.000, -0.000, 83.545]
- Matrix:
  0.112 -0.994  0.000  6.119
  0.994  0.112  0.000 11.109
  0.000  0.000  1.000  0.000
  0.000  0.000  0.000  1.000
At time 1779613180.413827341
- Translation: [6.131, 11.081, 0.000]
- Rotation: in Quaternion (xyzw) [0.000, 0.000, 0.667, 0.745]
- Rotation: in RPY (radian) [0.000, -0.000, 1.459]
- Rotation: in RPY (degree) [0.000, -0.000, 83.612]
- Matrix:
  0.111 -0.994  0.000  6.131
  0.994  0.111  0.000 11.081
  0.000  0.000  1.000  0.000
  0.000  0.000  0.000  1.000
At time 1779613181.411388105
- Translation: [6.117, 11.108, 0.000]
- Rotation: in Quaternion (xyzw) [0.000, 0.000, 0.664, 0.748]
- Rotation: in RPY (radian) [0.000, -0.000, 1.452]
- Rotation: in RPY (degree) [0.000, -0.000, 83.168]
- Matrix:
  0.119 -0.993  0.000  6.117
  0.993  0.119  0.000 11.108
  0.000  0.000  1.000  0.000
  0.000  0.000  0.000  1.000
At time 1779613182.416485200
- Translation: [6.167, 11.133, 0.000]
- Rotation: in Quaternion (xyzw) [0.000, 0.000, 0.668, 0.745]
- Rotation: in RPY (radian) [0.000, -0.000, 1.462]
- Rotation: in RPY (degree) [0.000, -0.000, 83.764]
- Matrix:
  0.109 -0.994  0.000  6.167
  0.994  0.109  0.000 11.133
  0.000  0.000  1.000  0.000
  0.000  0.000  0.000  1.000
At time 1779613183.412923457
- Translation: [6.121, 11.152, 0.000]
- Rotation: in Quaternion (xyzw) [0.000, 0.000, 0.665, 0.747]
- Rotation: in RPY (radian) [0.000, -0.000, 1.455]
- Rotation: in RPY (degree) [0.000, -0.000, 83.349]
- Matrix:
  0.116 -0.993  0.000  6.121
  0.993  0.116  0.000 11.152
  0.000  0.000  1.000  0.000
  0.000  0.000  0.000  1.000
At time 1779613184.403569824
- Translation: [6.142, 11.127, 0.000]
- Rotation: in Quaternion (xyzw) [0.000, 0.000, 0.667, 0.745]
- Rotation: in RPY (radian) [0.000, -0.000, 1.460]
- Rotation: in RPY (degree) [0.000, -0.000, 83.639]
- Matrix:
  0.111 -0.994  0.000  6.142
  0.994  0.111  0.000 11.127
  0.000  0.000  1.000  0.000
  0.000  0.000  0.000  1.000
At time 1779613185.409472968
- Translation: [6.101, 11.098, 0.000]
- Rotation: in Quaternion (xyzw) [0.000, 0.000, 0.665, 0.746]
- Rotation: in RPY (radian) [0.000, -0.000, 1.456]
- Rotation: in RPY (degree) [0.000, -0.000, 83.427]
- Matrix:
  0.114 -0.993  0.000  6.101
  0.993  0.114  0.000 11.098
  0.000  0.000  1.000  0.000
  0.000  0.000  0.000  1.000
At time 1779613186.389276267
- Translation: [6.112, 11.093, 0.000]
- Rotation: in Quaternion (xyzw) [0.000, 0.000, 0.664, 0.748]
- Rotation: in RPY (radian) [0.000, -0.000, 1.452]
- Rotation: in RPY (degree) [0.000, -0.000, 83.202]
- Matrix:
  0.118 -0.993  0.000  6.112
  0.993  0.118  0.000 11.093
  0.000  0.000  1.000  0.000
  0.000  0.000  0.000  1.000
At time 1779613187.399066924
- Translation: [6.102, 11.077, 0.000]
- Rotation: in Quaternion (xyzw) [0.000, 0.000, 0.665, 0.747]
- Rotation: in RPY (radian) [0.000, -0.000, 1.454]
- Rotation: in RPY (degree) [0.000, -0.000, 83.295]
- Matrix:
  0.117 -0.993  0.000  6.102
  0.993  0.117  0.000 11.077
  0.000  0.000  1.000  0.000
  0.000  0.000  0.000  1.000
At time 1779613188.439721269
- Translation: [6.126, 11.090, 0.000]
- Rotation: in Quaternion (xyzw) [0.000, 0.000, 0.662, 0.749]
- Rotation: in RPY (radian) [0.000, -0.000, 1.447]
- Rotation: in RPY (degree) [0.000, -0.000, 82.914]
- Matrix:
  0.123 -0.992  0.000  6.126
  0.992  0.123  0.000 11.090
  0.000  0.000  1.000  0.000
  0.000  0.000  0.000  1.000
At time 1779613189.403912363
- Translation: [6.125, 11.044, 0.000]
- Rotation: in Quaternion (xyzw) [0.000, 0.000, 0.664, 0.747]
- Rotation: in RPY (radian) [0.000, -0.000, 1.453]
- Rotation: in RPY (degree) [0.000, -0.000, 83.276]
- Matrix:
  0.117 -0.993  0.000  6.125
  0.993  0.117  0.000 11.044
  0.000  0.000  1.000  0.000
  0.000  0.000  0.000  1.000
At time 1779613190.428042322
- Translation: [6.125, 11.078, 0.000]
- Rotation: in Quaternion (xyzw) [0.000, 0.000, 0.665, 0.746]
- Rotation: in RPY (radian) [0.000, -0.000, 1.456]
- Rotation: in RPY (degree) [0.000, -0.000, 83.433]
- Matrix:
  0.114 -0.993  0.000  6.125
  0.993  0.114  0.000 11.078
  0.000  0.000  1.000  0.000
  0.000  0.000  0.000  1.000
At time 1779613191.418946828
- Translation: [6.107, 11.111, 0.000]
- Rotation: in Quaternion (xyzw) [0.000, 0.000, 0.661, 0.750]
- Rotation: in RPY (radian) [0.000, -0.000, 1.445]
- Rotation: in RPY (degree) [0.000, -0.000, 82.820]
- Matrix:
  0.125 -0.992  0.000  6.107
  0.992  0.125  0.000 11.111
  0.000  0.000  1.000  0.000
  0.000  0.000  0.000  1.000
At time 1779613192.409348079
- Translation: [6.123, 11.121, 0.000]
- Rotation: in Quaternion (xyzw) [0.000, 0.000, 0.658, 0.753]
- Rotation: in RPY (radian) [0.000, -0.000, 1.436]
- Rotation: in RPY (degree) [0.000, -0.000, 82.278]
- Matrix:
  0.134 -0.991  0.000  6.123
  0.991  0.134  0.000 11.121
  0.000  0.000  1.000  0.000
  0.000  0.000  0.000  1.000
At time 1779613193.415296214
- Translation: [6.107, 11.149, 0.000]
- Rotation: in Quaternion (xyzw) [0.000, 0.000, 0.657, 0.754]
- Rotation: in RPY (radian) [0.000, -0.000, 1.433]
- Rotation: in RPY (degree) [0.000, -0.000, 82.080]
- Matrix:
  0.138 -0.990  0.000  6.107
  0.990  0.138  0.000 11.149
  0.000  0.000  1.000  0.000
  0.000  0.000  0.000  1.000
At time 1779613194.405393379
- Translation: [6.096, 11.127, 0.000]
- Rotation: in Quaternion (xyzw) [0.000, 0.000, 0.656, 0.754]
- Rotation: in RPY (radian) [0.000, -0.000, 1.432]
- Rotation: in RPY (degree) [0.000, -0.000, 82.055]
- Matrix:
  0.138 -0.990  0.000  6.096
  0.990  0.138  0.000 11.127
  0.000  0.000  1.000  0.000
  0.000  0.000  0.000  1.000
At time 1779613195.409985161
- Translation: [6.113, 11.116, 0.000]
- Rotation: in Quaternion (xyzw) [0.000, 0.000, 0.655, 0.755]
- Rotation: in RPY (radian) [0.000, -0.000, 1.429]
- Rotation: in RPY (degree) [0.000, -0.000, 81.872]
- Matrix:
  0.141 -0.990  0.000  6.113
  0.990  0.141  0.000 11.116
  0.000  0.000  1.000  0.000
  0.000  0.000  0.000  1.000
At time 1779613196.407354011
- Translation: [6.109, 11.090, 0.000]
- Rotation: in Quaternion (xyzw) [0.000, 0.000, 0.654, 0.756]
- Rotation: in RPY (radian) [0.000, -0.000, 1.427]
- Rotation: in RPY (degree) [0.000, -0.000, 81.745]
- Matrix:
  0.144 -0.990  0.000  6.109
  0.990  0.144  0.000 11.090
  0.000  0.000  1.000  0.000
  0.000  0.000  0.000  1.000
At time 1779613197.415314024
- Translation: [6.120, 11.084, 0.000]
- Rotation: in Quaternion (xyzw) [0.000, 0.000, 0.654, 0.756]
- Rotation: in RPY (radian) [0.000, -0.000, 1.426]
- Rotation: in RPY (degree) [0.000, -0.000, 81.708]
- Matrix:
  0.144 -0.990  0.000  6.120
  0.990  0.144  0.000 11.084
  0.000  0.000  1.000  0.000
  0.000  0.000  0.000  1.000
At time 1779613198.403578921
- Translation: [6.130, 11.092, 0.000]
- Rotation: in Quaternion (xyzw) [0.000, 0.000, 0.654, 0.757]
- Rotation: in RPY (radian) [0.000, -0.000, 1.426]
- Rotation: in RPY (degree) [0.000, -0.000, 81.685]
- Matrix:
  0.145 -0.989  0.000  6.130
  0.989  0.145  0.000 11.092
  0.000  0.000  1.000  0.000
  0.000  0.000  0.000  1.000
At time 1779613199.413587886
- Translation: [6.117, 11.060, 0.000]
- Rotation: in Quaternion (xyzw) [0.000, 0.000, 0.654, 0.756]
- Rotation: in RPY (radian) [0.000, -0.000, 1.426]
- Rotation: in RPY (degree) [0.000, -0.000, 81.729]
- Matrix:
  0.144 -0.990  0.000  6.117
  0.990  0.144  0.000 11.060
  0.000  0.000  1.000  0.000
  0.000  0.000  0.000  1.000
At time 1779613200.404954609
- Translation: [6.121, 11.071, 0.000]
- Rotation: in Quaternion (xyzw) [0.000, 0.000, 0.655, 0.756]
- Rotation: in RPY (radian) [0.000, -0.000, 1.427]
- Rotation: in RPY (degree) [0.000, -0.000, 81.784]
- Matrix:
  0.143 -0.990  0.000  6.121
  0.990  0.143  0.000 11.071
  0.000  0.000  1.000  0.000
  0.000  0.000  0.000  1.000
At time 1779613201.403005818
- Translation: [6.106, 11.108, 0.000]
- Rotation: in Quaternion (xyzw) [0.000, 0.000, 0.655, 0.756]
- Rotation: in RPY (radian) [0.000, -0.000, 1.429]
- Rotation: in RPY (degree) [0.000, -0.000, 81.861]
- Matrix:
  0.142 -0.990  0.000  6.106
  0.990  0.142  0.000 11.108
  0.000  0.000  1.000  0.000
  0.000  0.000  0.000  1.000
At time 1779613202.401276661
- Translation: [6.076, 11.096, 0.000]
- Rotation: in Quaternion (xyzw) [0.000, 0.000, 0.656, 0.755]
- Rotation: in RPY (radian) [0.000, -0.000, 1.431]
- Rotation: in RPY (degree) [0.000, -0.000, 81.991]
- Matrix:
  0.139 -0.990  0.000  6.076
  0.990  0.139  0.000 11.096
  0.000  0.000  1.000  0.000
  0.000  0.000  0.000  1.000
At time 1779613203.411361402
- Translation: [6.088, 11.092, 0.000]
- Rotation: in Quaternion (xyzw) [0.000, 0.000, 0.656, 0.755]
- Rotation: in RPY (radian) [0.000, -0.000, 1.430]
- Rotation: in RPY (degree) [0.000, -0.000, 81.945]
- Matrix:
  0.140 -0.990  0.000  6.088
  0.990  0.140  0.000 11.092
  0.000  0.000  1.000  0.000
  0.000  0.000  0.000  1.000
At time 1779613204.403366598
- Translation: [6.085, 11.091, 0.000]
- Rotation: in Quaternion (xyzw) [0.000, 0.000, 0.655, 0.755]
- Rotation: in RPY (radian) [0.000, -0.000, 1.430]
- Rotation: in RPY (degree) [0.000, -0.000, 81.908]
- Matrix:
  0.141 -0.990  0.000  6.085
  0.990  0.141  0.000 11.091
  0.000  0.000  1.000  0.000
  0.000  0.000  0.000  1.000
At time 1779613205.415598391
- Translation: [6.086, 11.084, 0.000]
- Rotation: in Quaternion (xyzw) [0.000, 0.000, 0.656, 0.755]
- Rotation: in RPY (radian) [0.000, -0.000, 1.430]
- Rotation: in RPY (degree) [0.000, -0.000, 81.921]
- Matrix:
  0.141 -0.990  0.000  6.086
  0.990  0.141  0.000 11.084
  0.000  0.000  1.000  0.000
  0.000  0.000  0.000  1.000
At time 1779613206.404218565
- Translation: [6.086, 11.084, 0.000]
- Rotation: in Quaternion (xyzw) [0.000, 0.000, 0.656, 0.755]
- Rotation: in RPY (radian) [0.000, -0.000, 1.430]
- Rotation: in RPY (degree) [0.000, -0.000, 81.915]
- Matrix:
  0.141 -0.990  0.000  6.086
  0.990  0.141  0.000 11.084
  0.000  0.000  1.000  0.000
  0.000  0.000  0.000  1.000
At time 1779613207.423410532
- Translation: [6.088, 11.081, 0.000]
- Rotation: in Quaternion (xyzw) [0.000, 0.000, 0.655, 0.755]
- Rotation: in RPY (radian) [0.000, -0.000, 1.430]
- Rotation: in RPY (degree) [0.000, -0.000, 81.909]
- Matrix:
  0.141 -0.990  0.000  6.088
  0.990  0.141  0.000 11.081
  0.000  0.000  1.000  0.000
  0.000  0.000  0.000  1.000
At time 1779613208.404381476
- Translation: [6.091, 11.081, 0.000]
- Rotation: in Quaternion (xyzw) [0.000, 0.000, 0.655, 0.755]
- Rotation: in RPY (radian) [0.000, -0.000, 1.429]
- Rotation: in RPY (degree) [0.000, -0.000, 81.871]
- Matrix:
  0.141 -0.990  0.000  6.091
  0.990  0.141  0.000 11.081
  0.000  0.000  1.000  0.000
  0.000  0.000  0.000  1.000
At time 1779613209.416881263
- Translation: [6.087, 11.079, 0.000]
- Rotation: in Quaternion (xyzw) [0.000, 0.000, 0.656, 0.755]
- Rotation: in RPY (radian) [0.000, -0.000, 1.430]
- Rotation: in RPY (degree) [0.000, -0.000, 81.917]
- Matrix:
  0.141 -0.990  0.000  6.087
  0.990  0.141  0.000 11.079
  0.000  0.000  1.000  0.000
  0.000  0.000  0.000  1.000
At time 1779613210.409284291
- Translation: [6.085, 11.083, 0.000]
- Rotation: in Quaternion (xyzw) [0.000, 0.000, 0.656, 0.755]
- Rotation: in RPY (radian) [0.000, -0.000, 1.430]
- Rotation: in RPY (degree) [0.000, -0.000, 81.926]
- Matrix:
  0.140 -0.990  0.000  6.085
  0.990  0.140  0.000 11.083
  0.000  0.000  1.000  0.000
  0.000  0.000  0.000  1.000
At time 1779613211.429346638
- Translation: [6.088, 11.089, 0.000]
- Rotation: in Quaternion (xyzw) [0.000, 0.000, 0.655, 0.755]
- Rotation: in RPY (radian) [0.000, -0.000, 1.429]
- Rotation: in RPY (degree) [0.000, -0.000, 81.891]
- Matrix:
  0.141 -0.990  0.000  6.088
  0.990  0.141  0.000 11.089
  0.000  0.000  1.000  0.000
  0.000  0.000  0.000  1.000
At time 1779613212.416234318
- Translation: [6.088, 11.091, 0.000]
- Rotation: in Quaternion (xyzw) [0.000, 0.000, 0.655, 0.755]
- Rotation: in RPY (radian) [0.000, -0.000, 1.429]
- Rotation: in RPY (degree) [0.000, -0.000, 81.899]
- Matrix:
  0.141 -0.990  0.000  6.088
  0.990  0.141  0.000 11.091
  0.000  0.000  1.000  0.000
  0.000  0.000  0.000  1.000
At time 1779613213.405254091
- Translation: [6.084, 11.081, 0.000]
- Rotation: in Quaternion (xyzw) [0.000, 0.000, 0.656, 0.755]
- Rotation: in RPY (radian) [0.000, -0.000, 1.430]
- Rotation: in RPY (degree) [0.000, -0.000, 81.927]
- Matrix:
  0.140 -0.990  0.000  6.084
  0.990  0.140  0.000 11.081
  0.000  0.000  1.000  0.000
  0.000  0.000  0.000  1.000
At time 1779613214.416437547
- Translation: [6.079, 11.094, 0.000]
- Rotation: in Quaternion (xyzw) [0.000, 0.000, 0.656, 0.755]
- Rotation: in RPY (radian) [0.000, -0.000, 1.430]
- Rotation: in RPY (degree) [0.000, -0.000, 81.952]
- Matrix:
  0.140 -0.990  0.000  6.079
  0.990  0.140  0.000 11.094
  0.000  0.000  1.000  0.000
  0.000  0.000  0.000  1.000
At time 1779613215.404793676
- Translation: [6.086, 11.090, 0.000]
- Rotation: in Quaternion (xyzw) [0.000, 0.000, 0.656, 0.755]
- Rotation: in RPY (radian) [0.000, -0.000, 1.430]
- Rotation: in RPY (degree) [0.000, -0.000, 81.925]
- Matrix:
  0.140 -0.990  0.000  6.086
  0.990  0.140  0.000 11.090
  0.000  0.000  1.000  0.000
  0.000  0.000  0.000  1.000
At time 1779613216.409572248
- Translation: [6.088, 11.096, 0.000]
- Rotation: in Quaternion (xyzw) [0.000, 0.000, 0.655, 0.755]
- Rotation: in RPY (radian) [0.000, -0.000, 1.430]
- Rotation: in RPY (degree) [0.000, -0.000, 81.906]
- Matrix:
  0.141 -0.990  0.000  6.088
  0.990  0.141  0.000 11.096
  0.000  0.000  1.000  0.000
  0.000  0.000  0.000  1.000
At time 1779613217.418115635
- Translation: [6.083, 11.088, 0.000]
- Rotation: in Quaternion (xyzw) [0.000, 0.000, 0.656, 0.755]
- Rotation: in RPY (radian) [0.000, -0.000, 1.430]
- Rotation: in RPY (degree) [0.000, -0.000, 81.925]
- Matrix:
  0.140 -0.990  0.000  6.083
  0.990  0.140  0.000 11.088
  0.000  0.000  1.000  0.000
  0.000  0.000  0.000  1.000
At time 1779613218.406342846
- Translation: [6.084, 11.094, 0.000]
- Rotation: in Quaternion (xyzw) [0.000, 0.000, 0.656, 0.755]
- Rotation: in RPY (radian) [0.000, -0.000, 1.430]
- Rotation: in RPY (degree) [0.000, -0.000, 81.935]
- Matrix:
  0.140 -0.990  0.000  6.084
  0.990  0.140  0.000 11.094
  0.000  0.000  1.000  0.000
  0.000  0.000  0.000  1.000
At time 1779613219.401872066
- Translation: [6.080, 11.089, 0.000]
- Rotation: in Quaternion (xyzw) [0.000, 0.000, 0.656, 0.755]
- Rotation: in RPY (radian) [0.000, -0.000, 1.431]
- Rotation: in RPY (degree) [0.000, -0.000, 81.972]
- Matrix:
  0.140 -0.990  0.000  6.080
  0.990  0.140  0.000 11.089
  0.000  0.000  1.000  0.000
  0.000  0.000  0.000  1.000
At time 1779613220.420770677
- Translation: [6.082, 11.092, 0.000]
- Rotation: in Quaternion (xyzw) [0.000, 0.000, 0.656, 0.755]
- Rotation: in RPY (radian) [0.000, -0.000, 1.430]
- Rotation: in RPY (degree) [0.000, -0.000, 81.945]
- Matrix:
  0.140 -0.990  0.000  6.082
  0.990  0.140  0.000 11.092
  0.000  0.000  1.000  0.000
  0.000  0.000  0.000  1.000
At time 1779613221.408842945
- Translation: [6.081, 11.094, 0.000]
- Rotation: in Quaternion (xyzw) [0.000, 0.000, 0.656, 0.755]
- Rotation: in RPY (radian) [0.000, -0.000, 1.430]
- Rotation: in RPY (degree) [0.000, -0.000, 81.941]
- Matrix:
  0.140 -0.990  0.000  6.081
  0.990  0.140  0.000 11.094
  0.000  0.000  1.000  0.000
  0.000  0.000  0.000  1.000
At time 1779613222.405277437
- Translation: [6.080, 11.091, 0.000]
- Rotation: in Quaternion (xyzw) [0.000, 0.000, 0.656, 0.755]
- Rotation: in RPY (radian) [0.000, -0.000, 1.430]
- Rotation: in RPY (degree) [0.000, -0.000, 81.942]
- Matrix:
  0.140 -0.990  0.000  6.080
  0.990  0.140  0.000 11.091
  0.000  0.000  1.000  0.000
  0.000  0.000  0.000  1.000
At time 1779613223.411344860
- Translation: [6.086, 11.087, 0.000]
- Rotation: in Quaternion (xyzw) [0.000, 0.000, 0.656, 0.755]
- Rotation: in RPY (radian) [0.000, -0.000, 1.430]
- Rotation: in RPY (degree) [0.000, -0.000, 81.929]
- Matrix:
  0.140 -0.990  0.000  6.086
  0.990  0.140  0.000 11.087
  0.000  0.000  1.000  0.000
  0.000  0.000  0.000  1.000
At time 1779613224.409723620
- Translation: [6.081, 11.087, 0.000]
- Rotation: in Quaternion (xyzw) [0.000, 0.000, 0.656, 0.755]
- Rotation: in RPY (radian) [0.000, -0.000, 1.431]
- Rotation: in RPY (degree) [0.000, -0.000, 81.973]
- Matrix:
  0.140 -0.990  0.000  6.081
  0.990  0.140  0.000 11.087
  0.000  0.000  1.000  0.000
  0.000  0.000  0.000  1.000
At time 1779613225.404549624
- Translation: [6.080, 11.092, 0.000]
- Rotation: in Quaternion (xyzw) [0.000, 0.000, 0.656, 0.755]
- Rotation: in RPY (radian) [0.000, -0.000, 1.431]
- Rotation: in RPY (degree) [0.000, -0.000, 81.980]
- Matrix:
  0.140 -0.990  0.000  6.080
  0.990  0.140  0.000 11.092
  0.000  0.000  1.000  0.000
  0.000  0.000  0.000  1.000
At time 1779613226.410713931
- Translation: [6.078, 11.087, 0.000]
- Rotation: in Quaternion (xyzw) [0.000, 0.000, 0.656, 0.755]
- Rotation: in RPY (radian) [0.000, -0.000, 1.430]
- Rotation: in RPY (degree) [0.000, -0.000, 81.951]
- Matrix:
  0.140 -0.990  0.000  6.078
  0.990  0.140  0.000 11.087
  0.000  0.000  1.000  0.000
  0.000  0.000  0.000  1.000
At time 1779613227.436421731
- Translation: [6.078, 11.087, 0.000]
- Rotation: in Quaternion (xyzw) [0.000, 0.000, 0.656, 0.755]
- Rotation: in RPY (radian) [0.000, -0.000, 1.431]
- Rotation: in RPY (degree) [0.000, -0.000, 81.966]
- Matrix:
  0.140 -0.990  0.000  6.078
  0.990  0.140  0.000 11.087
  0.000  0.000  1.000  0.000
  0.000  0.000  0.000  1.000
At time 1779613228.404390925
- Translation: [6.082, 11.087, 0.000]
- Rotation: in Quaternion (xyzw) [0.000, 0.000, 0.656, 0.755]
- Rotation: in RPY (radian) [0.000, -0.000, 1.430]
- Rotation: in RPY (degree) [0.000, -0.000, 81.930]
- Matrix:
  0.140 -0.990  0.000  6.082
  0.990  0.140  0.000 11.087
  0.000  0.000  1.000  0.000
  0.000  0.000  0.000  1.000
At time 1779613229.410797087
- Translation: [6.095, 11.089, 0.000]
- Rotation: in Quaternion (xyzw) [0.000, 0.000, 0.655, 0.756]
- Rotation: in RPY (radian) [0.000, -0.000, 1.429]
- Rotation: in RPY (degree) [0.000, -0.000, 81.855]
- Matrix:
  0.142 -0.990  0.000  6.095
  0.990  0.142  0.000 11.089
  0.000  0.000  1.000  0.000
  0.000  0.000  0.000  1.000
At time 1779613230.418256544
- Translation: [6.083, 11.082, 0.000]
- Rotation: in Quaternion (xyzw) [0.000, 0.000, 0.656, 0.755]
- Rotation: in RPY (radian) [0.000, -0.000, 1.431]
- Rotation: in RPY (degree) [0.000, -0.000, 82.018]
- Matrix:
  0.139 -0.990  0.000  6.083
  0.990  0.139  0.000 11.082
  0.000  0.000  1.000  0.000
  0.000  0.000  0.000  1.000
At time 1779613231.399716742
- Translation: [6.102, 11.077, 0.000]
- Rotation: in Quaternion (xyzw) [0.000, 0.000, 0.654, 0.757]
- Rotation: in RPY (radian) [0.000, -0.000, 1.426]
- Rotation: in RPY (degree) [0.000, -0.000, 81.681]
- Matrix:
  0.145 -0.989  0.000  6.102
  0.989  0.145  0.000 11.077
  0.000  0.000  1.000  0.000
  0.000  0.000  0.000  1.000
At time 1779613232.404043095
- Translation: [6.082, 11.092, 0.000]
- Rotation: in Quaternion (xyzw) [0.000, 0.000, 0.656, 0.755]
- Rotation: in RPY (radian) [0.000, -0.000, 1.431]
- Rotation: in RPY (degree) [0.000, -0.000, 81.987]
- Matrix:
  0.139 -0.990  0.000  6.082
  0.990  0.139  0.000 11.092
  0.000  0.000  1.000  0.000
  0.000  0.000  0.000  1.000
At time 1779613233.422651033
- Translation: [6.086, 11.099, 0.000]
- Rotation: in Quaternion (xyzw) [0.000, 0.000, 0.655, 0.755]
- Rotation: in RPY (radian) [0.000, -0.000, 1.429]
- Rotation: in RPY (degree) [0.000, -0.000, 81.898]
- Matrix:
  0.141 -0.990  0.000  6.086
  0.990  0.141  0.000 11.099
  0.000  0.000  1.000  0.000
  0.000  0.000  0.000  1.000
At time 1779613234.414551406
- Translation: [6.087, 11.089, 0.000]
- Rotation: in Quaternion (xyzw) [0.000, 0.000, 0.655, 0.755]
- Rotation: in RPY (radian) [0.000, -0.000, 1.429]
- Rotation: in RPY (degree) [0.000, -0.000, 81.889]
- Matrix:
  0.141 -0.990  0.000  6.087
  0.990  0.141  0.000 11.089
  0.000  0.000  1.000  0.000
  0.000  0.000  0.000  1.000
At time 1779613235.401891872
- Translation: [6.082, 11.086, 0.000]
- Rotation: in Quaternion (xyzw) [0.000, 0.000, 0.655, 0.755]
- Rotation: in RPY (radian) [0.000, -0.000, 1.429]
- Rotation: in RPY (degree) [0.000, -0.000, 81.902]
- Matrix:
  0.141 -0.990  0.000  6.082
  0.990  0.141  0.000 11.086
  0.000  0.000  1.000  0.000
  0.000  0.000  0.000  1.000
At time 1779613236.409577504
- Translation: [6.083, 11.085, 0.000]
- Rotation: in Quaternion (xyzw) [0.000, 0.000, 0.655, 0.755]
- Rotation: in RPY (radian) [0.000, -0.000, 1.429]
- Rotation: in RPY (degree) [0.000, -0.000, 81.897]
- Matrix:
  0.141 -0.990  0.000  6.083
  0.990  0.141  0.000 11.085
  0.000  0.000  1.000  0.000
  0.000  0.000  0.000  1.000
At time 1779613237.403640863
- Translation: [6.083, 11.083, 0.000]
- Rotation: in Quaternion (xyzw) [0.000, 0.000, 0.655, 0.755]
- Rotation: in RPY (radian) [0.000, -0.000, 1.429]
- Rotation: in RPY (degree) [0.000, -0.000, 81.902]
- Matrix:
  0.141 -0.990  0.000  6.083
  0.990  0.141  0.000 11.083
  0.000  0.000  1.000  0.000
  0.000  0.000  0.000  1.000
At time 1779613238.401095723
- Translation: [6.081, 11.090, 0.000]
- Rotation: in Quaternion (xyzw) [0.000, 0.000, 0.655, 0.755]
- Rotation: in RPY (radian) [0.000, -0.000, 1.430]
- Rotation: in RPY (degree) [0.000, -0.000, 81.914]
- Matrix:
  0.141 -0.990  0.000  6.081
  0.990  0.141  0.000 11.090
  0.000  0.000  1.000  0.000
  0.000  0.000  0.000  1.000
At time 1779613239.410668936
- Translation: [6.083, 11.086, 0.000]
- Rotation: in Quaternion (xyzw) [0.000, 0.000, 0.655, 0.755]
- Rotation: in RPY (radian) [0.000, -0.000, 1.430]
- Rotation: in RPY (degree) [0.000, -0.000, 81.912]
- Matrix:
  0.141 -0.990  0.000  6.083
  0.990  0.141  0.000 11.086
  0.000  0.000  1.000  0.000
  0.000  0.000  0.000  1.000
At time 1779613240.428014864
- Translation: [6.083, 11.098, 0.000]
- Rotation: in Quaternion (xyzw) [0.000, 0.000, 0.655, 0.755]
- Rotation: in RPY (radian) [0.000, -0.000, 1.429]
- Rotation: in RPY (degree) [0.000, -0.000, 81.897]
- Matrix:
  0.141 -0.990  0.000  6.083
  0.990  0.141  0.000 11.098
  0.000  0.000  1.000  0.000
  0.000  0.000  0.000  1.000
At time 1779613241.402844594
- Translation: [6.080, 11.091, 0.000]
- Rotation: in Quaternion (xyzw) [0.000, 0.000, 0.656, 0.755]
- Rotation: in RPY (radian) [0.000, -0.000, 1.430]
- Rotation: in RPY (degree) [0.000, -0.000, 81.952]
- Matrix:
  0.140 -0.990  0.000  6.080
  0.990  0.140  0.000 11.091
  0.000  0.000  1.000  0.000
  0.000  0.000  0.000  1.000
At time 1779613242.406300164
- Translation: [6.082, 11.094, 0.000]
- Rotation: in Quaternion (xyzw) [0.000, 0.000, 0.655, 0.755]
- Rotation: in RPY (radian) [0.000, -0.000, 1.430]
- Rotation: in RPY (degree) [0.000, -0.000, 81.906]
- Matrix:
  0.141 -0.990  0.000  6.082
  0.990  0.141  0.000 11.094
  0.000  0.000  1.000  0.000
  0.000  0.000  0.000  1.000
At time 1779613243.409956150
- Translation: [6.088, 11.090, 0.000]
- Rotation: in Quaternion (xyzw) [0.000, 0.000, 0.655, 0.755]
- Rotation: in RPY (radian) [0.000, -0.000, 1.429]
- Rotation: in RPY (degree) [0.000, -0.000, 81.883]
- Matrix:
  0.141 -0.990  0.000  6.088
  0.990  0.141  0.000 11.090
  0.000  0.000  1.000  0.000
  0.000  0.000  0.000  1.000
At time 1779613244.408257427
- Translation: [6.086, 11.087, 0.000]
- Rotation: in Quaternion (xyzw) [0.000, 0.000, 0.655, 0.755]
- Rotation: in RPY (radian) [0.000, -0.000, 1.429]
- Rotation: in RPY (degree) [0.000, -0.000, 81.883]
- Matrix:
  0.141 -0.990  0.000  6.086
  0.990  0.141  0.000 11.087
  0.000  0.000  1.000  0.000
  0.000  0.000  0.000  1.000
At time 1779613245.413442915
- Translation: [6.085, 11.084, 0.000]
- Rotation: in Quaternion (xyzw) [0.000, 0.000, 0.655, 0.756]
- Rotation: in RPY (radian) [0.000, -0.000, 1.428]
- Rotation: in RPY (degree) [0.000, -0.000, 81.828]
- Matrix:
  0.142 -0.990  0.000  6.085
  0.990  0.142  0.000 11.084
  0.000  0.000  1.000  0.000
  0.000  0.000  0.000  1.000
At time 1779613246.412181239
- Translation: [6.086, 11.092, 0.000]
- Rotation: in Quaternion (xyzw) [0.000, 0.000, 0.655, 0.755]
- Rotation: in RPY (radian) [0.000, -0.000, 1.429]
- Rotation: in RPY (degree) [0.000, -0.000, 81.879]
- Matrix:
  0.141 -0.990  0.000  6.086
  0.990  0.141  0.000 11.092
  0.000  0.000  1.000  0.000
  0.000  0.000  0.000  1.000
At time 1779613247.411519767
- Translation: [6.086, 11.093, 0.000]
- Rotation: in Quaternion (xyzw) [0.000, 0.000, 0.655, 0.755]
- Rotation: in RPY (radian) [0.000, -0.000, 1.430]
- Rotation: in RPY (degree) [0.000, -0.000, 81.914]
- Matrix:
  0.141 -0.990  0.000  6.086
  0.990  0.141  0.000 11.093
  0.000  0.000  1.000  0.000
  0.000  0.000  0.000  1.000
At time 1779613248.428173961
- Translation: [6.085, 11.098, 0.000]
- Rotation: in Quaternion (xyzw) [0.000, 0.000, 0.655, 0.755]
- Rotation: in RPY (radian) [0.000, -0.000, 1.429]
- Rotation: in RPY (degree) [0.000, -0.000, 81.895]
- Matrix:
  0.141 -0.990  0.000  6.085
  0.990  0.141  0.000 11.098
  0.000  0.000  1.000  0.000
  0.000  0.000  0.000  1.000
At time 1779613249.410770900
- Translation: [6.087, 11.094, 0.000]
- Rotation: in Quaternion (xyzw) [0.000, 0.000, 0.655, 0.755]
- Rotation: in RPY (radian) [0.000, -0.000, 1.429]
- Rotation: in RPY (degree) [0.000, -0.000, 81.883]
- Matrix:
  0.141 -0.990  0.000  6.087
  0.990  0.141  0.000 11.094
  0.000  0.000  1.000  0.000
  0.000  0.000  0.000  1.000
At time 1779613250.416514035
- Translation: [6.089, 11.093, 0.000]
- Rotation: in Quaternion (xyzw) [0.000, 0.000, 0.655, 0.755]
- Rotation: in RPY (radian) [0.000, -0.000, 1.429]
- Rotation: in RPY (degree) [0.000, -0.000, 81.870]
- Matrix:
  0.141 -0.990  0.000  6.089
  0.990  0.141  0.000 11.093
  0.000  0.000  1.000  0.000
  0.000  0.000  0.000  1.000
At time 1779613251.408716701
- Translation: [6.086, 11.097, 0.000]
- Rotation: in Quaternion (xyzw) [0.000, 0.000, 0.655, 0.755]
- Rotation: in RPY (radian) [0.000, -0.000, 1.430]
- Rotation: in RPY (degree) [0.000, -0.000, 81.906]
- Matrix:
  0.141 -0.990  0.000  6.086
  0.990  0.141  0.000 11.097
  0.000  0.000  1.000  0.000
  0.000  0.000  0.000  1.000
At time 1779613252.407717785
- Translation: [6.087, 11.093, 0.000]
- Rotation: in Quaternion (xyzw) [0.000, 0.000, 0.655, 0.755]
- Rotation: in RPY (radian) [0.000, -0.000, 1.429]
- Rotation: in RPY (degree) [0.000, -0.000, 81.894]
- Matrix:
  0.141 -0.990  0.000  6.087
  0.990  0.141  0.000 11.093
  0.000  0.000  1.000  0.000
  0.000  0.000  0.000  1.000
At time 1779613253.405075396
- Translation: [6.088, 11.093, 0.000]
- Rotation: in Quaternion (xyzw) [0.000, 0.000, 0.655, 0.755]
- Rotation: in RPY (radian) [0.000, -0.000, 1.429]
- Rotation: in RPY (degree) [0.000, -0.000, 81.895]
- Matrix:
  0.141 -0.990  0.000  6.088
  0.990  0.141  0.000 11.093
  0.000  0.000  1.000  0.000
  0.000  0.000  0.000  1.000
At time 1779613254.398555701
- Translation: [6.087, 11.094, 0.000]
- Rotation: in Quaternion (xyzw) [0.000, 0.000, 0.655, 0.755]
- Rotation: in RPY (radian) [0.000, -0.000, 1.429]
- Rotation: in RPY (degree) [0.000, -0.000, 81.884]
- Matrix:
  0.141 -0.990  0.000  6.087
  0.990  0.141  0.000 11.094
  0.000  0.000  1.000  0.000
  0.000  0.000  0.000  1.000
At time 1779613255.419012166
- Translation: [6.088, 11.085, 0.000]
- Rotation: in Quaternion (xyzw) [0.000, 0.000, 0.655, 0.755]
- Rotation: in RPY (radian) [0.000, -0.000, 1.429]
- Rotation: in RPY (degree) [0.000, -0.000, 81.876]
- Matrix:
  0.141 -0.990  0.000  6.088
  0.990  0.141  0.000 11.085
  0.000  0.000  1.000  0.000
  0.000  0.000  0.000  1.000
At time 1779613256.401497647
- Translation: [6.087, 11.087, 0.000]
- Rotation: in Quaternion (xyzw) [0.000, 0.000, 0.655, 0.755]
- Rotation: in RPY (radian) [0.000, -0.000, 1.429]
- Rotation: in RPY (degree) [0.000, -0.000, 81.902]
- Matrix:
  0.141 -0.990  0.000  6.087
  0.990  0.141  0.000 11.087
  0.000  0.000  1.000  0.000
  0.000  0.000  0.000  1.000
At time 1779613257.398488045
- Translation: [6.085, 11.088, 0.000]
- Rotation: in Quaternion (xyzw) [0.000, 0.000, 0.655, 0.755]
- Rotation: in RPY (radian) [0.000, -0.000, 1.429]
- Rotation: in RPY (degree) [0.000, -0.000, 81.876]
- Matrix:
  0.141 -0.990  0.000  6.085
  0.990  0.141  0.000 11.088
  0.000  0.000  1.000  0.000
  0.000  0.000  0.000  1.000
At time 1779613258.400843347
- Translation: [6.088, 11.094, 0.000]
- Rotation: in Quaternion (xyzw) [0.000, 0.000, 0.655, 0.755]
- Rotation: in RPY (radian) [0.000, -0.000, 1.429]
- Rotation: in RPY (degree) [0.000, -0.000, 81.872]
- Matrix:
  0.141 -0.990  0.000  6.088
  0.990  0.141  0.000 11.094
  0.000  0.000  1.000  0.000
  0.000  0.000  0.000  1.000
At time 1779613259.411137893
- Translation: [6.083, 11.084, 0.000]
- Rotation: in Quaternion (xyzw) [0.000, 0.000, 0.656, 0.755]
- Rotation: in RPY (radian) [0.000, -0.000, 1.430]
- Rotation: in RPY (degree) [0.000, -0.000, 81.928]
- Matrix:
  0.140 -0.990  0.000  6.083
  0.990  0.140  0.000 11.084
  0.000  0.000  1.000  0.000
  0.000  0.000  0.000  1.000
At time 1779613260.428120019
- Translation: [6.081, 11.089, 0.000]
- Rotation: in Quaternion (xyzw) [0.000, 0.000, 0.655, 0.755]
- Rotation: in RPY (radian) [0.000, -0.000, 1.430]
- Rotation: in RPY (degree) [0.000, -0.000, 81.914]
- Matrix:
  0.141 -0.990  0.000  6.081
  0.990  0.141  0.000 11.089
  0.000  0.000  1.000  0.000
  0.000  0.000  0.000  1.000
At time 1779613261.405692523
- Translation: [6.086, 11.090, 0.000]
- Rotation: in Quaternion (xyzw) [0.000, 0.000, 0.655, 0.755]
- Rotation: in RPY (radian) [0.000, -0.000, 1.429]
- Rotation: in RPY (degree) [0.000, -0.000, 81.895]
- Matrix:
  0.141 -0.990  0.000  6.086
  0.990  0.141  0.000 11.090
  0.000  0.000  1.000  0.000
  0.000  0.000  0.000  1.000
At time 1779613262.424193422
- Translation: [6.081, 11.087, 0.000]
- Rotation: in Quaternion (xyzw) [0.000, 0.000, 0.655, 0.755]
- Rotation: in RPY (radian) [0.000, -0.000, 1.430]
- Rotation: in RPY (degree) [0.000, -0.000, 81.905]
- Matrix:
  0.141 -0.990  0.000  6.081
  0.990  0.141  0.000 11.087
  0.000  0.000  1.000  0.000
  0.000  0.000  0.000  1.000
At time 1779613263.404713312
- Translation: [6.080, 11.089, 0.000]
- Rotation: in Quaternion (xyzw) [0.000, 0.000, 0.656, 0.755]
- Rotation: in RPY (radian) [0.000, -0.000, 1.430]
- Rotation: in RPY (degree) [0.000, -0.000, 81.953]
- Matrix:
  0.140 -0.990  0.000  6.080
  0.990  0.140  0.000 11.089
  0.000  0.000  1.000  0.000
  0.000  0.000  0.000  1.000
At time 1779613264.419718720
- Translation: [6.084, 11.087, 0.000]
- Rotation: in Quaternion (xyzw) [0.000, 0.000, 0.655, 0.755]
- Rotation: in RPY (radian) [0.000, -0.000, 1.429]
- Rotation: in RPY (degree) [0.000, -0.000, 81.888]
- Matrix:
  0.141 -0.990  0.000  6.084
  0.990  0.141  0.000 11.087
  0.000  0.000  1.000  0.000
  0.000  0.000  0.000  1.000
At time 1779613265.419151119
- Translation: [6.082, 11.090, 0.000]
- Rotation: in Quaternion (xyzw) [0.000, 0.000, 0.656, 0.755]
- Rotation: in RPY (radian) [0.000, -0.000, 1.430]
- Rotation: in RPY (degree) [0.000, -0.000, 81.917]
- Matrix:
  0.141 -0.990  0.000  6.082
  0.990  0.141  0.000 11.090
  0.000  0.000  1.000  0.000
  0.000  0.000  0.000  1.000
At time 1779613266.410414659
- Translation: [6.088, 11.091, 0.000]
- Rotation: in Quaternion (xyzw) [0.000, 0.000, 0.655, 0.755]
- Rotation: in RPY (radian) [0.000, -0.000, 1.429]
- Rotation: in RPY (degree) [0.000, -0.000, 81.882]
- Matrix:
  0.141 -0.990  0.000  6.088
  0.990  0.141  0.000 11.091
  0.000  0.000  1.000  0.000
  0.000  0.000  0.000  1.000
At time 1779613267.395698540
- Translation: [6.082, 11.091, 0.000]
- Rotation: in Quaternion (xyzw) [0.000, 0.000, 0.656, 0.755]
- Rotation: in RPY (radian) [0.000, -0.000, 1.430]
- Rotation: in RPY (degree) [0.000, -0.000, 81.934]
- Matrix:
  0.140 -0.990  0.000  6.082
  0.990  0.140  0.000 11.091
  0.000  0.000  1.000  0.000
  0.000  0.000  0.000  1.000
At time 1779613268.439818938
- Translation: [6.084, 11.091, 0.000]
- Rotation: in Quaternion (xyzw) [0.000, 0.000, 0.655, 0.755]
- Rotation: in RPY (radian) [0.000, -0.000, 1.429]
- Rotation: in RPY (degree) [0.000, -0.000, 81.898]
- Matrix:
  0.141 -0.990  0.000  6.084
  0.990  0.141  0.000 11.091
  0.000  0.000  1.000  0.000
  0.000  0.000  0.000  1.000
At time 1779613269.424585528
- Translation: [6.084, 11.096, 0.000]
- Rotation: in Quaternion (xyzw) [0.000, 0.000, 0.655, 0.755]
- Rotation: in RPY (radian) [0.000, -0.000, 1.430]
- Rotation: in RPY (degree) [0.000, -0.000, 81.909]
- Matrix:
  0.141 -0.990  0.000  6.084
  0.990  0.141  0.000 11.096
  0.000  0.000  1.000  0.000
  0.000  0.000  0.000  1.000
At time 1779613270.410275385
- Translation: [6.081, 11.091, 0.000]
- Rotation: in Quaternion (xyzw) [0.000, 0.000, 0.656, 0.755]
- Rotation: in RPY (radian) [0.000, -0.000, 1.430]
- Rotation: in RPY (degree) [0.000, -0.000, 81.941]
- Matrix:
  0.140 -0.990  0.000  6.081
  0.990  0.140  0.000 11.091
  0.000  0.000  1.000  0.000
  0.000  0.000  0.000  1.000
At time 1779613271.419146961
- Translation: [6.085, 11.082, 0.000]
- Rotation: in Quaternion (xyzw) [0.000, 0.000, 0.656, 0.755]
- Rotation: in RPY (radian) [0.000, -0.000, 1.430]
- Rotation: in RPY (degree) [0.000, -0.000, 81.924]
- Matrix:
  0.140 -0.990  0.000  6.085
  0.990  0.140  0.000 11.082
  0.000  0.000  1.000  0.000
  0.000  0.000  0.000  1.000
At time 1779613272.407710210
- Translation: [6.082, 11.090, 0.000]
- Rotation: in Quaternion (xyzw) [0.000, 0.000, 0.655, 0.755]
- Rotation: in RPY (radian) [0.000, -0.000, 1.429]
- Rotation: in RPY (degree) [0.000, -0.000, 81.901]
- Matrix:
  0.141 -0.990  0.000  6.082
  0.990  0.141  0.000 11.090
  0.000  0.000  1.000  0.000
  0.000  0.000  0.000  1.000
At time 1779613273.402716062
- Translation: [6.082, 11.087, 0.000]
- Rotation: in Quaternion (xyzw) [0.000, 0.000, 0.656, 0.755]
- Rotation: in RPY (radian) [0.000, -0.000, 1.430]
- Rotation: in RPY (degree) [0.000, -0.000, 81.921]
- Matrix:
  0.141 -0.990  0.000  6.082
  0.990  0.141  0.000 11.087
  0.000  0.000  1.000  0.000
  0.000  0.000  0.000  1.000
At time 1779613274.402594154
- Translation: [6.079, 11.085, 0.000]
- Rotation: in Quaternion (xyzw) [0.000, 0.000, 0.656, 0.755]
- Rotation: in RPY (radian) [0.000, -0.000, 1.430]
- Rotation: in RPY (degree) [0.000, -0.000, 81.933]
- Matrix:
  0.140 -0.990  0.000  6.079
  0.990  0.140  0.000 11.085
  0.000  0.000  1.000  0.000
  0.000  0.000  0.000  1.000
At time 1779613275.424509116
- Translation: [6.083, 11.087, 0.000]
- Rotation: in Quaternion (xyzw) [0.000, 0.000, 0.655, 0.755]
- Rotation: in RPY (radian) [0.000, -0.000, 1.430]
- Rotation: in RPY (degree) [0.000, -0.000, 81.913]
- Matrix:
  0.141 -0.990  0.000  6.083
  0.990  0.141  0.000 11.087
  0.000  0.000  1.000  0.000
  0.000  0.000  0.000  1.000
At time 1779613276.407218947
- Translation: [6.082, 11.082, 0.000]
- Rotation: in Quaternion (xyzw) [0.000, 0.000, 0.655, 0.755]
- Rotation: in RPY (radian) [0.000, -0.000, 1.429]
- Rotation: in RPY (degree) [0.000, -0.000, 81.890]
- Matrix:
  0.141 -0.990  0.000  6.082
  0.990  0.141  0.000 11.082
  0.000  0.000  1.000  0.000
  0.000  0.000  0.000  1.000
At time 1779613277.414607933
- Translation: [6.083, 11.088, 0.000]
- Rotation: in Quaternion (xyzw) [0.000, 0.000, 0.656, 0.755]
- Rotation: in RPY (radian) [0.000, -0.000, 1.430]
- Rotation: in RPY (degree) [0.000, -0.000, 81.924]
- Matrix:
  0.140 -0.990  0.000  6.083
  0.990  0.140  0.000 11.088
  0.000  0.000  1.000  0.000
  0.000  0.000  0.000  1.000
At time 1779613278.401781162
- Translation: [6.084, 11.084, 0.000]
- Rotation: in Quaternion (xyzw) [0.000, 0.000, 0.655, 0.755]
- Rotation: in RPY (radian) [0.000, -0.000, 1.429]
- Rotation: in RPY (degree) [0.000, -0.000, 81.897]
- Matrix:
  0.141 -0.990  0.000  6.084
  0.990  0.141  0.000 11.084
  0.000  0.000  1.000  0.000
  0.000  0.000  0.000  1.000
At time 1779613279.411402655
- Translation: [6.083, 11.088, 0.000]
- Rotation: in Quaternion (xyzw) [0.000, 0.000, 0.655, 0.755]
- Rotation: in RPY (radian) [0.000, -0.000, 1.430]
- Rotation: in RPY (degree) [0.000, -0.000, 81.915]
- Matrix:
  0.141 -0.990  0.000  6.083
  0.990  0.141  0.000 11.088
  0.000  0.000  1.000  0.000
  0.000  0.000  0.000  1.000
At time 1779613280.402852886
- Translation: [6.084, 11.088, 0.000]
- Rotation: in Quaternion (xyzw) [0.000, 0.000, 0.655, 0.755]
- Rotation: in RPY (radian) [0.000, -0.000, 1.430]
- Rotation: in RPY (degree) [0.000, -0.000, 81.911]
- Matrix:
  0.141 -0.990  0.000  6.084
  0.990  0.141  0.000 11.088
  0.000  0.000  1.000  0.000
  0.000  0.000  0.000  1.000
At time 1779613281.429274321
- Translation: [6.084, 11.091, 0.000]
- Rotation: in Quaternion (xyzw) [0.000, 0.000, 0.655, 0.755]
- Rotation: in RPY (radian) [0.000, -0.000, 1.429]
- Rotation: in RPY (degree) [0.000, -0.000, 81.898]
- Matrix:
  0.141 -0.990  0.000  6.084
  0.990  0.141  0.000 11.091
  0.000  0.000  1.000  0.000
  0.000  0.000  0.000  1.000
At time 1779613282.406589810
- Translation: [6.083, 11.090, 0.000]
- Rotation: in Quaternion (xyzw) [0.000, 0.000, 0.655, 0.755]
- Rotation: in RPY (radian) [0.000, -0.000, 1.430]
- Rotation: in RPY (degree) [0.000, -0.000, 81.912]
- Matrix:
  0.141 -0.990  0.000  6.083
  0.990  0.141  0.000 11.090
  0.000  0.000  1.000  0.000
  0.000  0.000  0.000  1.000
At time 1779613283.419086238
- Translation: [6.086, 11.087, 0.000]
- Rotation: in Quaternion (xyzw) [0.000, 0.000, 0.655, 0.755]
- Rotation: in RPY (radian) [0.000, -0.000, 1.429]
- Rotation: in RPY (degree) [0.000, -0.000, 81.896]
- Matrix:
  0.141 -0.990  0.000  6.086
  0.990  0.141  0.000 11.087
  0.000  0.000  1.000  0.000
  0.000  0.000  0.000  1.000
At time 1779613284.406087780
- Translation: [6.084, 11.087, 0.000]
- Rotation: in Quaternion (xyzw) [0.000, 0.000, 0.656, 0.755]
- Rotation: in RPY (radian) [0.000, -0.000, 1.430]
- Rotation: in RPY (degree) [0.000, -0.000, 81.919]
- Matrix:
  0.141 -0.990  0.000  6.084
  0.990  0.141  0.000 11.087
  0.000  0.000  1.000  0.000
  0.000  0.000  0.000  1.000
At time 1779613285.406885900
- Translation: [6.082, 11.098, 0.000]
- Rotation: in Quaternion (xyzw) [0.000, 0.000, 0.655, 0.755]
- Rotation: in RPY (radian) [0.000, -0.000, 1.429]
- Rotation: in RPY (degree) [0.000, -0.000, 81.888]
- Matrix:
  0.141 -0.990  0.000  6.082
  0.990  0.141  0.000 11.098
  0.000  0.000  1.000  0.000
  0.000  0.000  0.000  1.000
At time 1779613286.430337178
- Translation: [6.082, 11.089, 0.000]
- Rotation: in Quaternion (xyzw) [0.000, 0.000, 0.656, 0.755]
- Rotation: in RPY (radian) [0.000, -0.000, 1.430]
- Rotation: in RPY (degree) [0.000, -0.000, 81.918]
- Matrix:
  0.141 -0.990  0.000  6.082
  0.990  0.141  0.000 11.089
  0.000  0.000  1.000  0.000
  0.000  0.000  0.000  1.000
At time 1779613287.401621083
- Translation: [6.081, 11.093, 0.000]
- Rotation: in Quaternion (xyzw) [0.000, 0.000, 0.655, 0.755]
- Rotation: in RPY (radian) [0.000, -0.000, 1.430]
- Rotation: in RPY (degree) [0.000, -0.000, 81.913]
- Matrix:
  0.141 -0.990  0.000  6.081
  0.990  0.141  0.000 11.093
  0.000  0.000  1.000  0.000
  0.000  0.000  0.000  1.000
At time 1779613288.423206743
- Translation: [6.080, 11.090, 0.000]
- Rotation: in Quaternion (xyzw) [0.000, 0.000, 0.656, 0.755]
- Rotation: in RPY (radian) [0.000, -0.000, 1.430]
- Rotation: in RPY (degree) [0.000, -0.000, 81.927]
- Matrix:
  0.140 -0.990  0.000  6.080
  0.990  0.140  0.000 11.090
  0.000  0.000  1.000  0.000
  0.000  0.000  0.000  1.000
At time 1779613289.416990799
- Translation: [6.080, 11.093, 0.000]
- Rotation: in Quaternion (xyzw) [0.000, 0.000, 0.656, 0.755]
- Rotation: in RPY (radian) [0.000, -0.000, 1.430]
- Rotation: in RPY (degree) [0.000, -0.000, 81.936]
- Matrix:
  0.140 -0.990  0.000  6.080
  0.990  0.140  0.000 11.093
  0.000  0.000  1.000  0.000
  0.000  0.000  0.000  1.000
At time 1779613290.412584195
- Translation: [6.081, 11.090, 0.000]
- Rotation: in Quaternion (xyzw) [0.000, 0.000, 0.656, 0.755]
- Rotation: in RPY (radian) [0.000, -0.000, 1.430]
- Rotation: in RPY (degree) [0.000, -0.000, 81.925]
- Matrix:
  0.140 -0.990  0.000  6.081
  0.990  0.140  0.000 11.090
  0.000  0.000  1.000  0.000
  0.000  0.000  0.000  1.000
At time 1779613291.402188309
- Translation: [6.085, 11.087, 0.000]
- Rotation: in Quaternion (xyzw) [0.000, 0.000, 0.655, 0.755]
- Rotation: in RPY (radian) [0.000, -0.000, 1.429]
- Rotation: in RPY (degree) [0.000, -0.000, 81.867]
- Matrix:
  0.141 -0.990  0.000  6.085
  0.990  0.141  0.000 11.087
  0.000  0.000  1.000  0.000
  0.000  0.000  0.000  1.000
At time 1779613292.421428931
- Translation: [6.084, 11.089, 0.000]
- Rotation: in Quaternion (xyzw) [0.000, 0.000, 0.655, 0.755]
- Rotation: in RPY (radian) [0.000, -0.000, 1.429]
- Rotation: in RPY (degree) [0.000, -0.000, 81.896]
- Matrix:
  0.141 -0.990  0.000  6.084
  0.990  0.141  0.000 11.089
  0.000  0.000  1.000  0.000
  0.000  0.000  0.000  1.000
At time 1779613293.399965180
- Translation: [6.079, 11.089, 0.000]
- Rotation: in Quaternion (xyzw) [0.000, 0.000, 0.656, 0.755]
- Rotation: in RPY (radian) [0.000, -0.000, 1.430]
- Rotation: in RPY (degree) [0.000, -0.000, 81.932]
- Matrix:
  0.140 -0.990  0.000  6.079
  0.990  0.140  0.000 11.089
  0.000  0.000  1.000  0.000
  0.000  0.000  0.000  1.000
At time 1779613294.426124999
- Translation: [6.080, 11.094, 0.000]
- Rotation: in Quaternion (xyzw) [0.000, 0.000, 0.656, 0.755]
- Rotation: in RPY (radian) [0.000, -0.000, 1.430]
- Rotation: in RPY (degree) [0.000, -0.000, 81.926]
- Matrix:
  0.140 -0.990  0.000  6.080
  0.990  0.140  0.000 11.094
  0.000  0.000  1.000  0.000
  0.000  0.000  0.000  1.000
At time 1779613295.415890376
- Translation: [6.081, 11.086, 0.000]
- Rotation: in Quaternion (xyzw) [0.000, 0.000, 0.656, 0.755]
- Rotation: in RPY (radian) [0.000, -0.000, 1.430]
- Rotation: in RPY (degree) [0.000, -0.000, 81.918]
- Matrix:
  0.141 -0.990  0.000  6.081
  0.990  0.141  0.000 11.086
  0.000  0.000  1.000  0.000
  0.000  0.000  0.000  1.000
At time 1779613296.417189289
- Translation: [6.082, 11.097, 0.000]
- Rotation: in Quaternion (xyzw) [0.000, 0.000, 0.656, 0.755]
- Rotation: in RPY (radian) [0.000, -0.000, 1.430]
- Rotation: in RPY (degree) [0.000, -0.000, 81.921]
- Matrix:
  0.141 -0.990  0.000  6.082
  0.990  0.141  0.000 11.097
  0.000  0.000  1.000  0.000
  0.000  0.000  0.000  1.000
At time 1779613297.415811076
- Translation: [6.081, 11.089, 0.000]
- Rotation: in Quaternion (xyzw) [0.000, 0.000, 0.655, 0.755]
- Rotation: in RPY (radian) [0.000, -0.000, 1.430]
- Rotation: in RPY (degree) [0.000, -0.000, 81.909]
- Matrix:
  0.141 -0.990  0.000  6.081
  0.990  0.141  0.000 11.089
  0.000  0.000  1.000  0.000
  0.000  0.000  0.000  1.000
At time 1779613298.401262479
- Translation: [6.082, 11.094, 0.000]
- Rotation: in Quaternion (xyzw) [0.000, 0.000, 0.655, 0.755]
- Rotation: in RPY (radian) [0.000, -0.000, 1.429]
- Rotation: in RPY (degree) [0.000, -0.000, 81.902]
- Matrix:
  0.141 -0.990  0.000  6.082
  0.990  0.141  0.000 11.094
  0.000  0.000  1.000  0.000
  0.000  0.000  0.000  1.000
At time 1779613299.399681932
- Translation: [6.082, 11.093, 0.000]
- Rotation: in Quaternion (xyzw) [0.000, 0.000, 0.656, 0.755]
- Rotation: in RPY (radian) [0.000, -0.000, 1.430]
- Rotation: in RPY (degree) [0.000, -0.000, 81.935]
- Matrix:
  0.140 -0.990  0.000  6.082
  0.990  0.140  0.000 11.093
  0.000  0.000  1.000  0.000
  0.000  0.000  0.000  1.000
At time 1779613300.422743320
- Translation: [6.081, 11.097, 0.000]
- Rotation: in Quaternion (xyzw) [0.000, 0.000, 0.656, 0.755]
- Rotation: in RPY (radian) [0.000, -0.000, 1.430]
- Rotation: in RPY (degree) [0.000, -0.000, 81.917]
- Matrix:
  0.141 -0.990  0.000  6.081
  0.990  0.141  0.000 11.097
  0.000  0.000  1.000  0.000
  0.000  0.000  0.000  1.000
At time 1779613301.404404885
- Translation: [6.079, 11.098, 0.000]
- Rotation: in Quaternion (xyzw) [0.000, 0.000, 0.656, 0.755]
- Rotation: in RPY (radian) [0.000, -0.000, 1.430]
- Rotation: in RPY (degree) [0.000, -0.000, 81.915]
- Matrix:
  0.141 -0.990  0.000  6.079
  0.990  0.141  0.000 11.098
  0.000  0.000  1.000  0.000
  0.000  0.000  0.000  1.000
At time 1779613302.395989101
- Translation: [6.078, 11.089, 0.000]
- Rotation: in Quaternion (xyzw) [0.000, 0.000, 0.656, 0.755]
- Rotation: in RPY (radian) [0.000, -0.000, 1.430]
- Rotation: in RPY (degree) [0.000, -0.000, 81.952]
- Matrix:
  0.140 -0.990  0.000  6.078
  0.990  0.140  0.000 11.089
  0.000  0.000  1.000  0.000
  0.000  0.000  0.000  1.000
At time 1779613303.415093023
- Translation: [6.084, 11.080, 0.000]
- Rotation: in Quaternion (xyzw) [0.000, 0.000, 0.656, 0.755]
- Rotation: in RPY (radian) [0.000, -0.000, 1.430]
- Rotation: in RPY (degree) [0.000, -0.000, 81.928]
- Matrix:
  0.140 -0.990  0.000  6.084
  0.990  0.140  0.000 11.080
  0.000  0.000  1.000  0.000
  0.000  0.000  0.000  1.000
At time 1779613304.405674163
- Translation: [6.084, 11.074, 0.000]
- Rotation: in Quaternion (xyzw) [0.000, 0.000, 0.656, 0.755]
- Rotation: in RPY (radian) [0.000, -0.000, 1.430]
- Rotation: in RPY (degree) [0.000, -0.000, 81.933]
- Matrix:
  0.140 -0.990  0.000  6.084
  0.990  0.140  0.000 11.074
  0.000  0.000  1.000  0.000
  0.000  0.000  0.000  1.000
At time 1779613305.412738177
- Translation: [6.084, 11.085, 0.000]
- Rotation: in Quaternion (xyzw) [0.000, 0.000, 0.656, 0.755]
- Rotation: in RPY (radian) [0.000, -0.000, 1.430]
- Rotation: in RPY (degree) [0.000, -0.000, 81.930]
- Matrix:
  0.140 -0.990  0.000  6.084
  0.990  0.140  0.000 11.085
  0.000  0.000  1.000  0.000
  0.000  0.000  0.000  1.000
At time 1779613306.423007086
- Translation: [6.083, 11.080, 0.000]
- Rotation: in Quaternion (xyzw) [0.000, 0.000, 0.655, 0.755]
- Rotation: in RPY (radian) [0.000, -0.000, 1.429]
- Rotation: in RPY (degree) [0.000, -0.000, 81.902]
- Matrix:
  0.141 -0.990  0.000  6.083
  0.990  0.141  0.000 11.080
  0.000  0.000  1.000  0.000
  0.000  0.000  0.000  1.000
At time 1779613307.416190139
- Translation: [6.088, 11.076, 0.000]
- Rotation: in Quaternion (xyzw) [0.000, 0.000, 0.655, 0.755]
- Rotation: in RPY (radian) [0.000, -0.000, 1.429]
- Rotation: in RPY (degree) [0.000, -0.000, 81.883]
- Matrix:
  0.141 -0.990  0.000  6.088
  0.990  0.141  0.000 11.076
  0.000  0.000  1.000  0.000
  0.000  0.000  0.000  1.000
At time 1779613308.413594466
- Translation: [6.090, 11.077, 0.000]
- Rotation: in Quaternion (xyzw) [0.000, 0.000, 0.655, 0.755]
- Rotation: in RPY (radian) [0.000, -0.000, 1.429]
- Rotation: in RPY (degree) [0.000, -0.000, 81.874]
- Matrix:
  0.141 -0.990  0.000  6.090
  0.990  0.141  0.000 11.077
  0.000  0.000  1.000  0.000
  0.000  0.000  0.000  1.000
At time 1779613309.414384091
- Translation: [6.086, 11.095, 0.000]
- Rotation: in Quaternion (xyzw) [0.000, 0.000, 0.655, 0.755]
- Rotation: in RPY (radian) [0.000, -0.000, 1.430]
- Rotation: in RPY (degree) [0.000, -0.000, 81.908]
- Matrix:
  0.141 -0.990  0.000  6.086
  0.990  0.141  0.000 11.095
  0.000  0.000  1.000  0.000
  0.000  0.000  0.000  1.000
At time 1779613310.397419359
- Translation: [6.085, 11.089, 0.000]
- Rotation: in Quaternion (xyzw) [0.000, 0.000, 0.656, 0.755]
- Rotation: in RPY (radian) [0.000, -0.000, 1.430]
- Rotation: in RPY (degree) [0.000, -0.000, 81.935]
- Matrix:
  0.140 -0.990  0.000  6.085
  0.990  0.140  0.000 11.089
  0.000  0.000  1.000  0.000
  0.000  0.000  0.000  1.000
At time 1779613311.403841139
- Translation: [6.105, 11.079, 0.000]
- Rotation: in Quaternion (xyzw) [0.000, 0.000, 0.655, 0.756]
- Rotation: in RPY (radian) [0.000, -0.000, 1.428]
- Rotation: in RPY (degree) [0.000, -0.000, 81.806]
- Matrix:
  0.143 -0.990  0.000  6.105
  0.990  0.143  0.000 11.079
  0.000  0.000  1.000  0.000
  0.000  0.000  0.000  1.000
At time 1779613312.427362275
- Translation: [6.086, 11.074, 0.000]
- Rotation: in Quaternion (xyzw) [0.000, 0.000, 0.655, 0.755]
- Rotation: in RPY (radian) [0.000, -0.000, 1.430]
- Rotation: in RPY (degree) [0.000, -0.000, 81.914]
- Matrix:
  0.141 -0.990  0.000  6.086
  0.990  0.141  0.000 11.074
  0.000  0.000  1.000  0.000
  0.000  0.000  0.000  1.000
At time 1779613313.405018025
- Translation: [6.080, 11.082, 0.000]
- Rotation: in Quaternion (xyzw) [0.000, 0.000, 0.655, 0.755]
- Rotation: in RPY (radian) [0.000, -0.000, 1.430]
- Rotation: in RPY (degree) [0.000, -0.000, 81.908]
- Matrix:
  0.141 -0.990  0.000  6.080
  0.990  0.141  0.000 11.082
  0.000  0.000  1.000  0.000
  0.000  0.000  0.000  1.000
At time 1779613314.427686484
- Translation: [6.132, 11.089, 0.000]
- Rotation: in Quaternion (xyzw) [0.000, 0.000, 0.654, 0.757]
- Rotation: in RPY (radian) [0.000, -0.000, 1.425]
- Rotation: in RPY (degree) [0.000, -0.000, 81.626]
- Matrix:
  0.146 -0.989  0.000  6.132
  0.989  0.146  0.000 11.089
  0.000  0.000  1.000  0.000
  0.000  0.000  0.000  1.000
At time 1779613315.459499728
- Translation: [6.183, 11.116, 0.000]
- Rotation: in Quaternion (xyzw) [0.000, 0.000, 0.653, 0.758]
- Rotation: in RPY (radian) [0.000, -0.000, 1.422]
- Rotation: in RPY (degree) [0.000, -0.000, 81.492]
- Matrix:
  0.148 -0.989  0.000  6.183
  0.989  0.148  0.000 11.116
  0.000  0.000  1.000  0.000
  0.000  0.000  0.000  1.000
At time 1779613316.400263194
- Translation: [6.119, 11.088, 0.000]
- Rotation: in Quaternion (xyzw) [0.000, 0.000, 0.659, 0.752]
- Rotation: in RPY (radian) [0.000, -0.000, 1.440]
- Rotation: in RPY (degree) [0.000, -0.000, 82.506]
- Matrix:
  0.130 -0.991  0.000  6.119
  0.991  0.130  0.000 11.088
  0.000  0.000  1.000  0.000
  0.000  0.000  0.000  1.000
At time 1779613317.410954087
- Translation: [6.136, 11.109, 0.000]
- Rotation: in Quaternion (xyzw) [0.000, 0.000, 0.659, 0.752]
- Rotation: in RPY (radian) [0.000, -0.000, 1.438]
- Rotation: in RPY (degree) [0.000, -0.000, 82.407]
- Matrix:
  0.132 -0.991  0.000  6.136
  0.991  0.132  0.000 11.109
  0.000  0.000  1.000  0.000
  0.000  0.000  0.000  1.000
At time 1779613318.409073229
- Translation: [6.127, 11.103, 0.000]
- Rotation: in Quaternion (xyzw) [0.000, 0.000, 0.656, 0.755]
- Rotation: in RPY (radian) [0.000, -0.000, 1.431]
- Rotation: in RPY (degree) [0.000, -0.000, 81.998]
- Matrix:
  0.139 -0.990  0.000  6.127
  0.990  0.139  0.000 11.103
  0.000  0.000  1.000  0.000
  0.000  0.000  0.000  1.000
At time 1779613319.388407661
- Translation: [6.130, 11.101, 0.000]
- Rotation: in Quaternion (xyzw) [0.000, 0.000, 0.661, 0.750]
- Rotation: in RPY (radian) [0.000, -0.000, 1.445]
- Rotation: in RPY (degree) [0.000, -0.000, 82.790]
- Matrix:
  0.126 -0.992  0.000  6.130
  0.992  0.126  0.000 11.101
  0.000  0.000  1.000  0.000
  0.000  0.000  0.000  1.000
At time 1779613320.384031575
- Translation: [6.123, 11.008, 0.000]
- Rotation: in Quaternion (xyzw) [0.000, 0.000, 0.659, 0.752]
- Rotation: in RPY (radian) [0.000, -0.000, 1.439]
- Rotation: in RPY (degree) [0.000, -0.000, 82.453]
- Matrix:
  0.131 -0.991  0.000  6.123
  0.991  0.131  0.000 11.008
  0.000  0.000  1.000  0.000
  0.000  0.000  0.000  1.000
At time 1779613321.402500157
- Translation: [6.143, 11.059, 0.000]
- Rotation: in Quaternion (xyzw) [0.000, 0.000, 0.656, 0.755]
- Rotation: in RPY (radian) [0.000, -0.000, 1.432]
- Rotation: in RPY (degree) [0.000, -0.000, 82.036]
- Matrix:
  0.139 -0.990  0.000  6.143
  0.990  0.139  0.000 11.059
  0.000  0.000  1.000  0.000
  0.000  0.000  0.000  1.000
At time 1779613322.399440839
- Translation: [6.112, 11.016, 0.000]
- Rotation: in Quaternion (xyzw) [0.000, 0.000, 0.653, 0.758]
- Rotation: in RPY (radian) [0.000, -0.000, 1.422]
- Rotation: in RPY (degree) [0.000, -0.000, 81.463]
- Matrix:
  0.148 -0.989  0.000  6.112
  0.989  0.148  0.000 11.016
  0.000  0.000  1.000  0.000
  0.000  0.000  0.000  1.000
At time 1779613323.408325989
- Translation: [6.113, 11.057, 0.000]
- Rotation: in Quaternion (xyzw) [0.000, 0.000, 0.649, 0.761]
- Rotation: in RPY (radian) [0.000, -0.000, 1.412]
- Rotation: in RPY (degree) [0.000, -0.000, 80.917]
- Matrix:
  0.158 -0.987  0.000  6.113
  0.987  0.158  0.000 11.057
  0.000  0.000  1.000  0.000
  0.000  0.000  0.000  1.000
At time 1779613324.391541220
- Translation: [6.133, 11.041, 0.000]
- Rotation: in Quaternion (xyzw) [0.000, 0.000, 0.657, 0.754]
- Rotation: in RPY (radian) [0.000, -0.000, 1.434]
- Rotation: in RPY (degree) [0.000, -0.000, 82.146]
- Matrix:
  0.137 -0.991  0.000  6.133
  0.991  0.137  0.000 11.041
  0.000  0.000  1.000  0.000
  0.000  0.000  0.000  1.000
At time 1779613325.395753824
- Translation: [6.120, 11.025, 0.000]
- Rotation: in Quaternion (xyzw) [0.000, 0.000, 0.655, 0.756]
- Rotation: in RPY (radian) [0.000, -0.000, 1.428]
- Rotation: in RPY (degree) [0.000, -0.000, 81.791]
- Matrix:
  0.143 -0.990  0.000  6.120
  0.990  0.143  0.000 11.025
  0.000  0.000  1.000  0.000
  0.000  0.000  0.000  1.000
At time 1779613326.404087018
- Translation: [6.124, 11.038, 0.000]
- Rotation: in Quaternion (xyzw) [0.000, 0.000, 0.654, 0.757]
- Rotation: in RPY (radian) [0.000, -0.000, 1.425]
- Rotation: in RPY (degree) [0.000, -0.000, 81.638]
- Matrix:
  0.145 -0.989  0.000  6.124
  0.989  0.145  0.000 11.038
  0.000  0.000  1.000  0.000
  0.000  0.000  0.000  1.000
At time 1779613327.410878925
- Translation: [6.123, 11.051, 0.000]
- Rotation: in Quaternion (xyzw) [0.000, 0.000, 0.652, 0.758]
- Rotation: in RPY (radian) [0.000, -0.000, 1.422]
- Rotation: in RPY (degree) [0.000, -0.000, 81.448]
- Matrix:
  0.149 -0.989  0.000  6.123
  0.989  0.149  0.000 11.051
  0.000  0.000  1.000  0.000
  0.000  0.000  0.000  1.000
At time 1779613328.404082446
- Translation: [6.128, 11.033, 0.000]
- Rotation: in Quaternion (xyzw) [0.000, 0.000, 0.654, 0.757]
- Rotation: in RPY (radian) [0.000, -0.000, 1.425]
- Rotation: in RPY (degree) [0.000, -0.000, 81.640]
- Matrix:
  0.145 -0.989  0.000  6.128
  0.989  0.145  0.000 11.033
  0.000  0.000  1.000  0.000
  0.000  0.000  0.000  1.000
At time 1779613329.392229809
- Translation: [6.131, 11.042, 0.000]
- Rotation: in Quaternion (xyzw) [0.000, 0.000, 0.653, 0.758]
- Rotation: in RPY (radian) [0.000, -0.000, 1.422]
- Rotation: in RPY (degree) [0.000, -0.000, 81.483]
- Matrix:
  0.148 -0.989  0.000  6.131
  0.989  0.148  0.000 11.042
  0.000  0.000  1.000  0.000
  0.000  0.000  0.000  1.000
At time 1779613330.393773302
- Translation: [6.127, 11.026, 0.000]
- Rotation: in Quaternion (xyzw) [0.000, 0.000, 0.654, 0.756]
- Rotation: in RPY (radian) [0.000, -0.000, 1.426]
- Rotation: in RPY (degree) [0.000, -0.000, 81.710]
- Matrix:
  0.144 -0.990  0.000  6.127
  0.990  0.144  0.000 11.026
  0.000  0.000  1.000  0.000
  0.000  0.000  0.000  1.000
At time 1779613331.404086087
- Translation: [6.109, 11.054, 0.000]
- Rotation: in Quaternion (xyzw) [0.000, 0.000, 0.648, 0.761]
- Rotation: in RPY (radian) [0.000, -0.000, 1.411]
- Rotation: in RPY (degree) [0.000, -0.000, 80.826]
- Matrix:
  0.159 -0.987  0.000  6.109
  0.987  0.159  0.000 11.054
  0.000  0.000  1.000  0.000
  0.000  0.000  0.000  1.000
At time 1779613332.434558165
- Translation: [6.173, 11.018, 0.000]
- Rotation: in Quaternion (xyzw) [0.000, 0.000, 0.661, 0.750]
- Rotation: in RPY (radian) [0.000, -0.000, 1.444]
- Rotation: in RPY (degree) [0.000, -0.000, 82.737]
- Matrix:
  0.126 -0.992  0.000  6.173
  0.992  0.126  0.000 11.018
  0.000  0.000  1.000  0.000
  0.000  0.000  0.000  1.000
At time 1779613333.409317831
- Translation: [6.096, 10.996, 0.000]
- Rotation: in Quaternion (xyzw) [0.000, 0.000, 0.654, 0.757]
- Rotation: in RPY (radian) [0.000, -0.000, 1.425]
- Rotation: in RPY (degree) [0.000, -0.000, 81.628]
- Matrix:
  0.146 -0.989  0.000  6.096
  0.989  0.146  0.000 10.996
  0.000  0.000  1.000  0.000
  0.000  0.000  0.000  1.000
At time 1779613334.416980851
- Translation: [6.104, 11.043, 0.000]
- Rotation: in Quaternion (xyzw) [0.000, 0.000, 0.654, 0.757]
- Rotation: in RPY (radian) [0.000, -0.000, 1.425]
- Rotation: in RPY (degree) [0.000, -0.000, 81.626]
- Matrix:
  0.146 -0.989  0.000  6.104
  0.989  0.146  0.000 11.043
  0.000  0.000  1.000  0.000
  0.000  0.000  0.000  1.000
At time 1779613335.430209166
- Translation: [6.135, 11.029, 0.000]
- Rotation: in Quaternion (xyzw) [0.000, 0.000, 0.652, 0.758]
- Rotation: in RPY (radian) [0.000, -0.000, 1.420]
- Rotation: in RPY (degree) [0.000, -0.000, 81.347]
- Matrix:
  0.150 -0.989  0.000  6.135
  0.989  0.150  0.000 11.029
  0.000  0.000  1.000  0.000
  0.000  0.000  0.000  1.000
At time 1779613336.428581933
- Translation: [6.117, 11.039, 0.000]
- Rotation: in Quaternion (xyzw) [0.000, 0.000, 0.653, 0.757]
- Rotation: in RPY (radian) [0.000, -0.000, 1.423]
- Rotation: in RPY (degree) [0.000, -0.000, 81.524]
- Matrix:
  0.147 -0.989  0.000  6.117
  0.989  0.147  0.000 11.039
  0.000  0.000  1.000  0.000
  0.000  0.000  0.000  1.000
At time 1779613337.418579834
- Translation: [6.139, 11.022, 0.000]
- Rotation: in Quaternion (xyzw) [0.000, 0.000, 0.652, 0.758]
- Rotation: in RPY (radian) [0.000, -0.000, 1.421]
- Rotation: in RPY (degree) [0.000, -0.000, 81.399]
- Matrix:
  0.150 -0.989  0.000  6.139
  0.989  0.150  0.000 11.022
  0.000  0.000  1.000  0.000
  0.000  0.000  0.000  1.000
At time 1779613338.318316337
- Translation: [6.135, 11.024, 0.000]
- Rotation: in Quaternion (xyzw) [0.000, 0.000, 0.652, 0.758]
- Rotation: in RPY (radian) [0.000, -0.000, 1.421]
- Rotation: in RPY (degree) [0.000, -0.000, 81.429]
- Matrix:
  0.149 -0.989  0.000  6.135
  0.989  0.149  0.000 11.024
  0.000  0.000  1.000  0.000
  0.000  0.000  0.000  1.000
At time 1779613339.416546610
- Translation: [6.130, 11.025, 0.000]
- Rotation: in Quaternion (xyzw) [0.000, 0.000, 0.652, 0.758]
- Rotation: in RPY (radian) [0.000, -0.000, 1.421]
- Rotation: in RPY (degree) [0.000, -0.000, 81.426]
- Matrix:
  0.149 -0.989  0.000  6.130
  0.989  0.149  0.000 11.025
  0.000  0.000  1.000  0.000
  0.000  0.000  0.000  1.000
At time 1779613340.391995881
- Translation: [6.128, 11.026, 0.000]
- Rotation: in Quaternion (xyzw) [0.000, 0.000, 0.653, 0.757]
- Rotation: in RPY (radian) [0.000, -0.000, 1.423]
- Rotation: in RPY (degree) [0.000, -0.000, 81.516]
- Matrix:
  0.148 -0.989  0.000  6.128
  0.989  0.148  0.000 11.026
  0.000  0.000  1.000  0.000
  0.000  0.000  0.000  1.000
At time 1779613341.433855359
- Translation: [6.135, 11.041, 0.000]
- Rotation: in Quaternion (xyzw) [0.000, 0.000, 0.652, 0.758]
- Rotation: in RPY (radian) [0.000, -0.000, 1.421]
- Rotation: in RPY (degree) [0.000, -0.000, 81.442]
- Matrix:
  0.149 -0.989  0.000  6.135
  0.989  0.149  0.000 11.041
  0.000  0.000  1.000  0.000
  0.000  0.000  0.000  1.000
At time 1779613342.434290725
- Translation: [6.125, 11.022, 0.000]
- Rotation: in Quaternion (xyzw) [0.000, 0.000, 0.652, 0.759]
- Rotation: in RPY (radian) [0.000, -0.000, 1.419]
- Rotation: in RPY (degree) [0.000, -0.000, 81.329]
- Matrix:
  0.151 -0.989  0.000  6.125
  0.989  0.151  0.000 11.022
  0.000  0.000  1.000  0.000
  0.000  0.000  0.000  1.000
At time 1779613343.442866261
- Translation: [6.123, 11.022, 0.000]
- Rotation: in Quaternion (xyzw) [0.000, 0.000, 0.653, 0.758]
- Rotation: in RPY (radian) [0.000, -0.000, 1.422]
- Rotation: in RPY (degree) [0.000, -0.000, 81.462]
- Matrix:
  0.148 -0.989  0.000  6.123
  0.989  0.148  0.000 11.022
  0.000  0.000  1.000  0.000
  0.000  0.000  0.000  1.000
At time 1779613344.421241963
- Translation: [6.135, 11.032, 0.000]
- Rotation: in Quaternion (xyzw) [0.000, 0.000, 0.652, 0.758]
- Rotation: in RPY (radian) [0.000, -0.000, 1.420]
- Rotation: in RPY (degree) [0.000, -0.000, 81.340]
- Matrix:
  0.151 -0.989  0.000  6.135
  0.989  0.151  0.000 11.032
  0.000  0.000  1.000  0.000
  0.000  0.000  0.000  1.000
At time 1779613345.420796471
- Translation: [6.167, 11.020, 0.000]
- Rotation: in Quaternion (xyzw) [0.000, 0.000, 0.651, 0.759]
- Rotation: in RPY (radian) [0.000, -0.000, 1.417]
- Rotation: in RPY (degree) [0.000, -0.000, 81.160]
- Matrix:
  0.154 -0.988  0.000  6.167
  0.988  0.154  0.000 11.020
  0.000  0.000  1.000  0.000
  0.000  0.000  0.000  1.000
At time 1779613346.416978509
- Translation: [6.124, 11.042, 0.000]
- Rotation: in Quaternion (xyzw) [0.000, 0.000, 0.653, 0.757]
- Rotation: in RPY (radian) [0.000, -0.000, 1.423]
- Rotation: in RPY (degree) [0.000, -0.000, 81.555]
- Matrix:
  0.147 -0.989  0.000  6.124
  0.989  0.147  0.000 11.042
  0.000  0.000  1.000  0.000
  0.000  0.000  0.000  1.000
At time 1779613347.341500456
- Translation: [6.115, 11.032, 0.000]
- Rotation: in Quaternion (xyzw) [0.000, 0.000, 0.654, 0.757]
- Rotation: in RPY (radian) [0.000, -0.000, 1.425]
- Rotation: in RPY (degree) [0.000, -0.000, 81.647]
- Matrix:
  0.145 -0.989  0.000  6.115
  0.989  0.145  0.000 11.032
  0.000  0.000  1.000  0.000
  0.000  0.000  0.000  1.000
At time 1779613348.428325644
- Translation: [6.125, 11.022, 0.000]
- Rotation: in Quaternion (xyzw) [0.000, 0.000, 0.652, 0.758]
- Rotation: in RPY (radian) [0.000, -0.000, 1.421]
- Rotation: in RPY (degree) [0.000, -0.000, 81.425]
- Matrix:
  0.149 -0.989  0.000  6.125
  0.989  0.149  0.000 11.022
  0.000  0.000  1.000  0.000
  0.000  0.000  0.000  1.000
At time 1779613349.430174591
- Translation: [6.115, 11.036, 0.000]
- Rotation: in Quaternion (xyzw) [0.000, 0.000, 0.653, 0.757]
- Rotation: in RPY (radian) [0.000, -0.000, 1.423]
- Rotation: in RPY (degree) [0.000, -0.000, 81.556]
- Matrix:
  0.147 -0.989  0.000  6.115
  0.989  0.147  0.000 11.036
  0.000  0.000  1.000  0.000
  0.000  0.000  0.000  1.000
At time 1779613350.462146923
- Translation: [6.121, 11.024, 0.000]
- Rotation: in Quaternion (xyzw) [0.000, 0.000, 0.653, 0.758]
- Rotation: in RPY (radian) [0.000, -0.000, 1.422]
- Rotation: in RPY (degree) [0.000, -0.000, 81.486]
- Matrix:
  0.148 -0.989  0.000  6.121
  0.989  0.148  0.000 11.024
  0.000  0.000  1.000  0.000
  0.000  0.000  0.000  1.000
At time 1779613351.428044842
- Translation: [6.118, 11.034, 0.000]
- Rotation: in Quaternion (xyzw) [0.000, 0.000, 0.653, 0.757]
- Rotation: in RPY (radian) [0.000, -0.000, 1.423]
- Rotation: in RPY (degree) [0.000, -0.000, 81.534]
- Matrix:
  0.147 -0.989  0.000  6.118
  0.989  0.147  0.000 11.034
  0.000  0.000  1.000  0.000
  0.000  0.000  0.000  1.000
At time 1779613352.431541855
- Translation: [6.124, 11.031, 0.000]
- Rotation: in Quaternion (xyzw) [0.000, 0.000, 0.653, 0.758]
- Rotation: in RPY (radian) [0.000, -0.000, 1.422]
- Rotation: in RPY (degree) [0.000, -0.000, 81.465]
- Matrix:
  0.148 -0.989  0.000  6.124
  0.989  0.148  0.000 11.031
  0.000  0.000  1.000  0.000
  0.000  0.000  0.000  1.000
At time 1779613353.419525514
- Translation: [6.127, 11.034, 0.000]
- Rotation: in Quaternion (xyzw) [0.000, 0.000, 0.653, 0.758]
- Rotation: in RPY (radian) [0.000, -0.000, 1.422]
- Rotation: in RPY (degree) [0.000, -0.000, 81.474]
- Matrix:
  0.148 -0.989  0.000  6.127
  0.989  0.148  0.000 11.034
  0.000  0.000  1.000  0.000
  0.000  0.000  0.000  1.000
At time 1779613354.419094440
- Translation: [6.125, 11.030, 0.000]
- Rotation: in Quaternion (xyzw) [0.000, 0.000, 0.653, 0.758]
- Rotation: in RPY (radian) [0.000, -0.000, 1.423]
- Rotation: in RPY (degree) [0.000, -0.000, 81.507]
- Matrix:
  0.148 -0.989  0.000  6.125
  0.989  0.148  0.000 11.030
  0.000  0.000  1.000  0.000
  0.000  0.000  0.000  1.000
At time 1779613355.462011382
- Translation: [6.118, 11.027, 0.000]
- Rotation: in Quaternion (xyzw) [0.000, 0.000, 0.652, 0.758]
- Rotation: in RPY (radian) [0.000, -0.000, 1.422]
- Rotation: in RPY (degree) [0.000, -0.000, 81.452]
- Matrix:
  0.149 -0.989  0.000  6.118
  0.989  0.149  0.000 11.027
  0.000  0.000  1.000  0.000
  0.000  0.000  0.000  1.000
At time 1779613356.434684439
- Translation: [6.124, 11.022, 0.000]
- Rotation: in Quaternion (xyzw) [0.000, 0.000, 0.652, 0.758]
- Rotation: in RPY (radian) [0.000, -0.000, 1.421]
- Rotation: in RPY (degree) [0.000, -0.000, 81.415]
- Matrix:
  0.149 -0.989  0.000  6.124
  0.989  0.149  0.000 11.022
  0.000  0.000  1.000  0.000
  0.000  0.000  0.000  1.000
At time 1779613357.435064970
- Translation: [6.121, 11.017, 0.000]
- Rotation: in Quaternion (xyzw) [0.000, 0.000, 0.653, 0.758]
- Rotation: in RPY (radian) [0.000, -0.000, 1.422]
- Rotation: in RPY (degree) [0.000, -0.000, 81.462]
- Matrix:
  0.148 -0.989  0.000  6.121
  0.989  0.148  0.000 11.017
  0.000  0.000  1.000  0.000
  0.000  0.000  0.000  1.000
At time 1779613358.422584341
- Translation: [6.114, 11.024, 0.000]
- Rotation: in Quaternion (xyzw) [0.000, 0.000, 0.653, 0.757]
- Rotation: in RPY (radian) [0.000, -0.000, 1.423]
- Rotation: in RPY (degree) [0.000, -0.000, 81.525]
- Matrix:
  0.147 -0.989  0.000  6.114
  0.989  0.147  0.000 11.024
  0.000  0.000  1.000  0.000
  0.000  0.000  0.000  1.000
At time 1779613359.428643829
- Translation: [6.120, 11.032, 0.000]
- Rotation: in Quaternion (xyzw) [0.000, 0.000, 0.653, 0.758]
- Rotation: in RPY (radian) [0.000, -0.000, 1.422]
- Rotation: in RPY (degree) [0.000, -0.000, 81.500]
- Matrix:
  0.148 -0.989  0.000  6.120
  0.989  0.148  0.000 11.032
  0.000  0.000  1.000  0.000
  0.000  0.000  0.000  1.000
At time 1779613360.441614816
- Translation: [6.120, 11.020, 0.000]
- Rotation: in Quaternion (xyzw) [0.000, 0.000, 0.653, 0.758]
- Rotation: in RPY (radian) [0.000, -0.000, 1.422]
- Rotation: in RPY (degree) [0.000, -0.000, 81.470]
- Matrix:
  0.148 -0.989  0.000  6.120
  0.989  0.148  0.000 11.020
  0.000  0.000  1.000  0.000
  0.000  0.000  0.000  1.000
At time 1779613361.423652369
- Translation: [6.115, 11.033, 0.000]
- Rotation: in Quaternion (xyzw) [0.000, 0.000, 0.653, 0.757]
- Rotation: in RPY (radian) [0.000, -0.000, 1.423]
- Rotation: in RPY (degree) [0.000, -0.000, 81.543]
- Matrix:
  0.147 -0.989  0.000  6.115
  0.989  0.147  0.000 11.033
  0.000  0.000  1.000  0.000
  0.000  0.000  0.000  1.000
At time 1779613362.434777527
- Translation: [6.119, 11.035, 0.000]
- Rotation: in Quaternion (xyzw) [0.000, 0.000, 0.653, 0.758]
- Rotation: in RPY (radian) [0.000, -0.000, 1.422]
- Rotation: in RPY (degree) [0.000, -0.000, 81.484]
- Matrix:
  0.148 -0.989  0.000  6.119
  0.989  0.148  0.000 11.035
  0.000  0.000  1.000  0.000
  0.000  0.000  0.000  1.000
At time 1779613363.411589823
- Translation: [6.122, 11.020, 0.000]
- Rotation: in Quaternion (xyzw) [0.000, 0.000, 0.652, 0.758]
- Rotation: in RPY (radian) [0.000, -0.000, 1.420]
- Rotation: in RPY (degree) [0.000, -0.000, 81.381]
- Matrix:
  0.150 -0.989  0.000  6.122
  0.989  0.150  0.000 11.020
  0.000  0.000  1.000  0.000
  0.000  0.000  0.000  1.000
At time 1779613364.423365980
- Translation: [6.128, 11.021, 0.000]
- Rotation: in Quaternion (xyzw) [0.000, 0.000, 0.651, 0.759]
- Rotation: in RPY (radian) [0.000, -0.000, 1.419]
- Rotation: in RPY (degree) [0.000, -0.000, 81.309]
- Matrix:
  0.151 -0.989  0.000  6.128
  0.989  0.151  0.000 11.021
  0.000  0.000  1.000  0.000
  0.000  0.000  0.000  1.000
At time 1779613365.434903409
- Translation: [6.118, 11.025, 0.000]
- Rotation: in Quaternion (xyzw) [0.000, 0.000, 0.652, 0.758]
- Rotation: in RPY (radian) [0.000, -0.000, 1.421]
- Rotation: in RPY (degree) [0.000, -0.000, 81.439]
- Matrix:
  0.149 -0.989  0.000  6.118
  0.989  0.149  0.000 11.025
  0.000  0.000  1.000  0.000
  0.000  0.000  0.000  1.000
At time 1779613366.430977302
- Translation: [6.113, 11.029, 0.000]
- Rotation: in Quaternion (xyzw) [0.000, 0.000, 0.653, 0.757]
- Rotation: in RPY (radian) [0.000, -0.000, 1.424]
- Rotation: in RPY (degree) [0.000, -0.000, 81.593]
- Matrix:
  0.146 -0.989  0.000  6.113
  0.989  0.146  0.000 11.029
  0.000  0.000  1.000  0.000
  0.000  0.000  0.000  1.000
At time 1779613367.426223040
- Translation: [6.133, 11.032, 0.000]
- Rotation: in Quaternion (xyzw) [0.000, 0.000, 0.653, 0.758]
- Rotation: in RPY (radian) [0.000, -0.000, 1.422]
- Rotation: in RPY (degree) [0.000, -0.000, 81.466]
- Matrix:
  0.148 -0.989  0.000  6.133
  0.989  0.148  0.000 11.032
  0.000  0.000  1.000  0.000
  0.000  0.000  0.000  1.000
At time 1779613368.445184472
- Translation: [6.205, 11.037, 0.000]
- Rotation: in Quaternion (xyzw) [0.000, 0.000, 0.650, 0.760]
- Rotation: in RPY (radian) [0.000, -0.000, 1.416]
- Rotation: in RPY (degree) [0.000, -0.000, 81.130]
- Matrix:
  0.154 -0.988  0.000  6.205
  0.988  0.154  0.000 11.037
  0.000  0.000  1.000  0.000
  0.000  0.000  0.000  1.000
At time 1779613369.403299122
- Translation: [6.156, 11.068, 0.000]
- Rotation: in Quaternion (xyzw) [0.000, 0.000, 0.652, 0.758]
- Rotation: in RPY (radian) [0.000, -0.000, 1.421]
- Rotation: in RPY (degree) [0.000, -0.000, 81.410]
- Matrix:
  0.149 -0.989  0.000  6.156
  0.989  0.149  0.000 11.068
  0.000  0.000  1.000  0.000
  0.000  0.000  0.000  1.000
At time 1779613370.409016917
- Translation: [6.105, 11.066, 0.000]
- Rotation: in Quaternion (xyzw) [0.000, 0.000, 0.654, 0.757]
- Rotation: in RPY (radian) [0.000, -0.000, 1.424]
- Rotation: in RPY (degree) [0.000, -0.000, 81.615]
- Matrix:
  0.146 -0.989  0.000  6.105
  0.989  0.146  0.000 11.066
  0.000  0.000  1.000  0.000
  0.000  0.000  0.000  1.000
At time 1779613371.439991056
- Translation: [6.110, 11.060, 0.000]
- Rotation: in Quaternion (xyzw) [0.000, 0.000, 0.653, 0.757]
- Rotation: in RPY (radian) [0.000, -0.000, 1.424]
- Rotation: in RPY (degree) [0.000, -0.000, 81.568]
- Matrix:
  0.147 -0.989  0.000  6.110
  0.989  0.147  0.000 11.060
  0.000  0.000  1.000  0.000
  0.000  0.000  0.000  1.000
At time 1779613372.409460306
- Translation: [6.115, 11.080, 0.000]
- Rotation: in Quaternion (xyzw) [0.000, 0.000, 0.653, 0.757]
- Rotation: in RPY (radian) [0.000, -0.000, 1.424]
- Rotation: in RPY (degree) [0.000, -0.000, 81.597]
- Matrix:
  0.146 -0.989  0.000  6.115
  0.989  0.146  0.000 11.080
  0.000  0.000  1.000  0.000
  0.000  0.000  0.000  1.000
At time 1779613373.418680761
- Translation: [6.133, 11.046, 0.000]
- Rotation: in Quaternion (xyzw) [0.000, 0.000, 0.653, 0.758]
- Rotation: in RPY (radian) [0.000, -0.000, 1.422]
- Rotation: in RPY (degree) [0.000, -0.000, 81.496]
- Matrix:
  0.148 -0.989  0.000  6.133
  0.989  0.148  0.000 11.046
  0.000  0.000  1.000  0.000
  0.000  0.000  0.000  1.000
At time 1779613374.443985486
- Translation: [6.122, 11.029, 0.000]
- Rotation: in Quaternion (xyzw) [0.000, 0.000, 0.653, 0.758]
- Rotation: in RPY (radian) [0.000, -0.000, 1.422]
- Rotation: in RPY (degree) [0.000, -0.000, 81.502]
- Matrix:
  0.148 -0.989  0.000  6.122
  0.989  0.148  0.000 11.029
  0.000  0.000  1.000  0.000
  0.000  0.000  0.000  1.000
At time 1779613375.421845709
- Translation: [6.131, 11.027, 0.000]
- Rotation: in Quaternion (xyzw) [0.000, 0.000, 0.653, 0.758]
- Rotation: in RPY (radian) [0.000, -0.000, 1.422]
- Rotation: in RPY (degree) [0.000, -0.000, 81.467]
- Matrix:
  0.148 -0.989  0.000  6.131
  0.989  0.148  0.000 11.027
  0.000  0.000  1.000  0.000
  0.000  0.000  0.000  1.000
At time 1779613376.428271575
- Translation: [6.111, 11.043, 0.000]
- Rotation: in Quaternion (xyzw) [0.000, 0.000, 0.654, 0.757]
- Rotation: in RPY (radian) [0.000, -0.000, 1.424]
- Rotation: in RPY (degree) [0.000, -0.000, 81.616]
- Matrix:
  0.146 -0.989  0.000  6.111
  0.989  0.146  0.000 11.043
  0.000  0.000  1.000  0.000
  0.000  0.000  0.000  1.000
At time 1779613377.418658109
- Translation: [6.123, 11.029, 0.000]
- Rotation: in Quaternion (xyzw) [0.000, 0.000, 0.653, 0.758]
- Rotation: in RPY (radian) [0.000, -0.000, 1.422]
- Rotation: in RPY (degree) [0.000, -0.000, 81.480]
- Matrix:
  0.148 -0.989  0.000  6.123
  0.989  0.148  0.000 11.029
  0.000  0.000  1.000  0.000
  0.000  0.000  0.000  1.000
At time 1779613378.438070999
- Translation: [6.127, 11.027, 0.000]
- Rotation: in Quaternion (xyzw) [0.000, 0.000, 0.653, 0.758]
- Rotation: in RPY (radian) [0.000, -0.000, 1.422]
- Rotation: in RPY (degree) [0.000, -0.000, 81.481]
- Matrix:
  0.148 -0.989  0.000  6.127
  0.989  0.148  0.000 11.027
  0.000  0.000  1.000  0.000
  0.000  0.000  0.000  1.000
At time 1779613379.418023492
- Translation: [6.128, 11.028, 0.000]
- Rotation: in Quaternion (xyzw) [0.000, 0.000, 0.653, 0.758]
- Rotation: in RPY (radian) [0.000, -0.000, 1.422]
- Rotation: in RPY (degree) [0.000, -0.000, 81.467]
- Matrix:
  0.148 -0.989  0.000  6.128
  0.989  0.148  0.000 11.028
  0.000  0.000  1.000  0.000
  0.000  0.000  0.000  1.000
At time 1779613380.428669368
- Translation: [6.119, 11.027, 0.000]
- Rotation: in Quaternion (xyzw) [0.000, 0.000, 0.653, 0.757]
- Rotation: in RPY (radian) [0.000, -0.000, 1.423]
- Rotation: in RPY (degree) [0.000, -0.000, 81.514]
- Matrix:
  0.148 -0.989  0.000  6.119
  0.989  0.148  0.000 11.027
  0.000  0.000  1.000  0.000
  0.000  0.000  0.000  1.000
At time 1779613381.434698134
- Translation: [6.118, 11.031, 0.000]
- Rotation: in Quaternion (xyzw) [0.000, 0.000, 0.653, 0.757]
- Rotation: in RPY (radian) [0.000, -0.000, 1.423]
- Rotation: in RPY (degree) [0.000, -0.000, 81.528]
- Matrix:
  0.147 -0.989  0.000  6.118
  0.989  0.147  0.000 11.031
  0.000  0.000  1.000  0.000
  0.000  0.000  0.000  1.000
At time 1779613382.416602580
- Translation: [6.127, 11.029, 0.000]
- Rotation: in Quaternion (xyzw) [0.000, 0.000, 0.652, 0.758]
- Rotation: in RPY (radian) [0.000, -0.000, 1.422]
- Rotation: in RPY (degree) [0.000, -0.000, 81.455]
- Matrix:
  0.149 -0.989  0.000  6.127
  0.989  0.149  0.000 11.029
  0.000  0.000  1.000  0.000
  0.000  0.000  0.000  1.000
At time 1779613383.437937425
- Translation: [6.124, 11.019, 0.000]
- Rotation: in Quaternion (xyzw) [0.000, 0.000, 0.653, 0.758]
- Rotation: in RPY (radian) [0.000, -0.000, 1.422]
- Rotation: in RPY (degree) [0.000, -0.000, 81.489]
- Matrix:
  0.148 -0.989  0.000  6.124
  0.989  0.148  0.000 11.019
  0.000  0.000  1.000  0.000
  0.000  0.000  0.000  1.000
At time 1779613384.430489325
- Translation: [6.121, 11.027, 0.000]
- Rotation: in Quaternion (xyzw) [0.000, 0.000, 0.653, 0.758]
- Rotation: in RPY (radian) [0.000, -0.000, 1.423]
- Rotation: in RPY (degree) [0.000, -0.000, 81.504]
- Matrix:
  0.148 -0.989  0.000  6.121
  0.989  0.148  0.000 11.027
  0.000  0.000  1.000  0.000
  0.000  0.000  0.000  1.000
At time 1779613385.430108200
- Translation: [6.125, 11.030, 0.000]
- Rotation: in Quaternion (xyzw) [0.000, 0.000, 0.653, 0.758]
- Rotation: in RPY (radian) [0.000, -0.000, 1.422]
- Rotation: in RPY (degree) [0.000, -0.000, 81.489]
- Matrix:
  0.148 -0.989  0.000  6.125
  0.989  0.148  0.000 11.030
  0.000  0.000  1.000  0.000
  0.000  0.000  0.000  1.000
At time 1779613386.452566405
- Translation: [6.126, 11.022, 0.000]
- Rotation: in Quaternion (xyzw) [0.000, 0.000, 0.653, 0.758]
- Rotation: in RPY (radian) [0.000, -0.000, 1.422]
- Rotation: in RPY (degree) [0.000, -0.000, 81.481]
- Matrix:
  0.148 -0.989  0.000  6.126
  0.989  0.148  0.000 11.022
  0.000  0.000  1.000  0.000
  0.000  0.000  0.000  1.000
At time 1779613387.460185033
- Translation: [6.126, 11.026, 0.000]
- Rotation: in Quaternion (xyzw) [0.000, 0.000, 0.653, 0.758]
- Rotation: in RPY (radian) [0.000, -0.000, 1.422]
- Rotation: in RPY (degree) [0.000, -0.000, 81.469]
- Matrix:
  0.148 -0.989  0.000  6.126
  0.989  0.148  0.000 11.026
  0.000  0.000  1.000  0.000
  0.000  0.000  0.000  1.000
At time 1779613388.424803315
- Translation: [6.121, 11.030, 0.000]
- Rotation: in Quaternion (xyzw) [0.000, 0.000, 0.653, 0.757]
- Rotation: in RPY (radian) [0.000, -0.000, 1.423]
- Rotation: in RPY (degree) [0.000, -0.000, 81.515]
- Matrix:
  0.148 -0.989  0.000  6.121
  0.989  0.148  0.000 11.030
  0.000  0.000  1.000  0.000
  0.000  0.000  0.000  1.000
At time 1779613389.445818908
- Translation: [6.118, 11.035, 0.000]
- Rotation: in Quaternion (xyzw) [0.000, 0.000, 0.653, 0.757]
- Rotation: in RPY (radian) [0.000, -0.000, 1.423]
- Rotation: in RPY (degree) [0.000, -0.000, 81.545]
- Matrix:
  0.147 -0.989  0.000  6.118
  0.989  0.147  0.000 11.035
  0.000  0.000  1.000  0.000
  0.000  0.000  0.000  1.000
At time 1779613390.457328760
- Translation: [6.120, 11.035, 0.000]
- Rotation: in Quaternion (xyzw) [0.000, 0.000, 0.653, 0.757]
- Rotation: in RPY (radian) [0.000, -0.000, 1.423]
- Rotation: in RPY (degree) [0.000, -0.000, 81.537]
- Matrix:
  0.147 -0.989  0.000  6.120
  0.989  0.147  0.000 11.035
  0.000  0.000  1.000  0.000
  0.000  0.000  0.000  1.000
At time 1779613391.419189389
- Translation: [6.123, 11.030, 0.000]
- Rotation: in Quaternion (xyzw) [0.000, 0.000, 0.653, 0.758]
- Rotation: in RPY (radian) [0.000, -0.000, 1.423]
- Rotation: in RPY (degree) [0.000, -0.000, 81.505]
- Matrix:
  0.148 -0.989  0.000  6.123
  0.989  0.148  0.000 11.030
  0.000  0.000  1.000  0.000
  0.000  0.000  0.000  1.000
At time 1779613392.443063298
- Translation: [6.123, 11.019, 0.000]
- Rotation: in Quaternion (xyzw) [0.000, 0.000, 0.653, 0.758]
- Rotation: in RPY (radian) [0.000, -0.000, 1.422]
- Rotation: in RPY (degree) [0.000, -0.000, 81.482]
- Matrix:
  0.148 -0.989  0.000  6.123
  0.989  0.148  0.000 11.019
  0.000  0.000  1.000  0.000
  0.000  0.000  0.000  1.000
At time 1779613393.423679481
- Translation: [6.116, 11.031, 0.000]
- Rotation: in Quaternion (xyzw) [0.000, 0.000, 0.653, 0.757]
- Rotation: in RPY (radian) [0.000, -0.000, 1.423]
- Rotation: in RPY (degree) [0.000, -0.000, 81.541]
- Matrix:
  0.147 -0.989  0.000  6.116
  0.989  0.147  0.000 11.031
  0.000  0.000  1.000  0.000
  0.000  0.000  0.000  1.000
At time 1779613394.427649894
- Translation: [6.127, 11.019, 0.000]
- Rotation: in Quaternion (xyzw) [0.000, 0.000, 0.653, 0.758]
- Rotation: in RPY (radian) [0.000, -0.000, 1.422]
- Rotation: in RPY (degree) [0.000, -0.000, 81.464]
- Matrix:
  0.148 -0.989  0.000  6.127
  0.989  0.148  0.000 11.019
  0.000  0.000  1.000  0.000
  0.000  0.000  0.000  1.000
At time 1779613395.437304822
- Translation: [6.123, 11.025, 0.000]
- Rotation: in Quaternion (xyzw) [0.000, 0.000, 0.653, 0.758]
- Rotation: in RPY (radian) [0.000, -0.000, 1.422]
- Rotation: in RPY (degree) [0.000, -0.000, 81.479]
- Matrix:
  0.148 -0.989  0.000  6.123
  0.989  0.148  0.000 11.025
  0.000  0.000  1.000  0.000
  0.000  0.000  0.000  1.000
At time 1779613396.436057954
- Translation: [6.124, 11.032, 0.000]
- Rotation: in Quaternion (xyzw) [0.000, 0.000, 0.653, 0.758]
- Rotation: in RPY (radian) [0.000, -0.000, 1.422]
- Rotation: in RPY (degree) [0.000, -0.000, 81.498]
- Matrix:
  0.148 -0.989  0.000  6.124
  0.989  0.148  0.000 11.032
  0.000  0.000  1.000  0.000
  0.000  0.000  0.000  1.000
At time 1779613397.424866122
- Translation: [6.118, 11.025, 0.000]
- Rotation: in Quaternion (xyzw) [0.000, 0.000, 0.653, 0.757]
- Rotation: in RPY (radian) [0.000, -0.000, 1.423]
- Rotation: in RPY (degree) [0.000, -0.000, 81.525]
- Matrix:
  0.147 -0.989  0.000  6.118
  0.989  0.147  0.000 11.025
  0.000  0.000  1.000  0.000
  0.000  0.000  0.000  1.000
At time 1779613398.421963833
- Translation: [6.127, 11.026, 0.000]
- Rotation: in Quaternion (xyzw) [0.000, 0.000, 0.653, 0.758]
- Rotation: in RPY (radian) [0.000, -0.000, 1.422]
- Rotation: in RPY (degree) [0.000, -0.000, 81.472]
- Matrix:
  0.148 -0.989  0.000  6.127
  0.989  0.148  0.000 11.026
  0.000  0.000  1.000  0.000
  0.000  0.000  0.000  1.000
At time 1779613399.430424466
- Translation: [6.123, 11.027, 0.000]
- Rotation: in Quaternion (xyzw) [0.000, 0.000, 0.653, 0.757]
- Rotation: in RPY (radian) [0.000, -0.000, 1.423]
- Rotation: in RPY (degree) [0.000, -0.000, 81.512]
- Matrix:
  0.148 -0.989  0.000  6.123
  0.989  0.148  0.000 11.027
  0.000  0.000  1.000  0.000
  0.000  0.000  0.000  1.000
At time 1779613400.442786262
- Translation: [6.123, 11.030, 0.000]
- Rotation: in Quaternion (xyzw) [0.000, 0.000, 0.653, 0.758]
- Rotation: in RPY (radian) [0.000, -0.000, 1.422]
- Rotation: in RPY (degree) [0.000, -0.000, 81.477]
- Matrix:
  0.148 -0.989  0.000  6.123
  0.989  0.148  0.000 11.030
  0.000  0.000  1.000  0.000
  0.000  0.000  0.000  1.000
At time 1779613401.444348499
- Translation: [6.122, 11.025, 0.000]
- Rotation: in Quaternion (xyzw) [0.000, 0.000, 0.653, 0.757]
- Rotation: in RPY (radian) [0.000, -0.000, 1.423]
- Rotation: in RPY (degree) [0.000, -0.000, 81.512]
- Matrix:
  0.148 -0.989  0.000  6.122
  0.989  0.148  0.000 11.025
  0.000  0.000  1.000  0.000
  0.000  0.000  0.000  1.000
At time 1779613402.322669335
- Translation: [6.129, 11.023, 0.000]
- Rotation: in Quaternion (xyzw) [0.000, 0.000, 0.653, 0.758]
- Rotation: in RPY (radian) [0.000, -0.000, 1.422]
- Rotation: in RPY (degree) [0.000, -0.000, 81.464]
- Matrix:
  0.148 -0.989  0.000  6.129
  0.989  0.148  0.000 11.023
  0.000  0.000  1.000  0.000
  0.000  0.000  0.000  1.000
At time 1779613403.436455858
- Translation: [6.117, 11.025, 0.000]
- Rotation: in Quaternion (xyzw) [0.000, 0.000, 0.653, 0.757]
- Rotation: in RPY (radian) [0.000, -0.000, 1.423]
- Rotation: in RPY (degree) [0.000, -0.000, 81.549]
- Matrix:
  0.147 -0.989  0.000  6.117
  0.989  0.147  0.000 11.025
  0.000  0.000  1.000  0.000
  0.000  0.000  0.000  1.000
At time 1779613404.425355538
- Translation: [6.128, 11.024, 0.000]
- Rotation: in Quaternion (xyzw) [0.000, 0.000, 0.653, 0.758]
- Rotation: in RPY (radian) [0.000, -0.000, 1.422]
- Rotation: in RPY (degree) [0.000, -0.000, 81.464]
- Matrix:
  0.148 -0.989  0.000  6.128
  0.989  0.148  0.000 11.024
  0.000  0.000  1.000  0.000
  0.000  0.000  0.000  1.000
At time 1779613405.427200050
- Translation: [6.122, 11.028, 0.000]
- Rotation: in Quaternion (xyzw) [0.000, 0.000, 0.653, 0.758]
- Rotation: in RPY (radian) [0.000, -0.000, 1.423]
- Rotation: in RPY (degree) [0.000, -0.000, 81.510]
- Matrix:
  0.148 -0.989  0.000  6.122
  0.989  0.148  0.000 11.028
  0.000  0.000  1.000  0.000
  0.000  0.000  0.000  1.000
At time 1779613406.425695523
- Translation: [6.125, 11.029, 0.000]
- Rotation: in Quaternion (xyzw) [0.000, 0.000, 0.653, 0.758]
- Rotation: in RPY (radian) [0.000, -0.000, 1.422]
- Rotation: in RPY (degree) [0.000, -0.000, 81.481]
- Matrix:
  0.148 -0.989  0.000  6.125
  0.989  0.148  0.000 11.029
  0.000  0.000  1.000  0.000
  0.000  0.000  0.000  1.000
At time 1779613407.444476200
- Translation: [6.124, 11.028, 0.000]
- Rotation: in Quaternion (xyzw) [0.000, 0.000, 0.653, 0.758]
- Rotation: in RPY (radian) [0.000, -0.000, 1.422]
- Rotation: in RPY (degree) [0.000, -0.000, 81.493]
- Matrix:
  0.148 -0.989  0.000  6.124
  0.989  0.148  0.000 11.028
  0.000  0.000  1.000  0.000
  0.000  0.000  0.000  1.000
At time 1779613408.419646831
- Translation: [6.119, 11.029, 0.000]
- Rotation: in Quaternion (xyzw) [0.000, 0.000, 0.653, 0.757]
- Rotation: in RPY (radian) [0.000, -0.000, 1.423]
- Rotation: in RPY (degree) [0.000, -0.000, 81.535]
- Matrix:
  0.147 -0.989  0.000  6.119
  0.989  0.147  0.000 11.029
  0.000  0.000  1.000  0.000
  0.000  0.000  0.000  1.000
At time 1779613409.418739894
- Translation: [6.126, 11.029, 0.000]
- Rotation: in Quaternion (xyzw) [0.000, 0.000, 0.653, 0.758]
- Rotation: in RPY (radian) [0.000, -0.000, 1.422]
- Rotation: in RPY (degree) [0.000, -0.000, 81.462]
- Matrix:
  0.148 -0.989  0.000  6.126
  0.989  0.148  0.000 11.029
  0.000  0.000  1.000  0.000
  0.000  0.000  0.000  1.000
At time 1779613410.433822495
- Translation: [6.121, 11.030, 0.000]
- Rotation: in Quaternion (xyzw) [0.000, 0.000, 0.653, 0.757]
- Rotation: in RPY (radian) [0.000, -0.000, 1.423]
- Rotation: in RPY (degree) [0.000, -0.000, 81.529]
- Matrix:
  0.147 -0.989  0.000  6.121
  0.989  0.147  0.000 11.030
  0.000  0.000  1.000  0.000
  0.000  0.000  0.000  1.000
At time 1779613411.421941898
- Translation: [6.122, 11.026, 0.000]
- Rotation: in Quaternion (xyzw) [0.000, 0.000, 0.653, 0.757]
- Rotation: in RPY (radian) [0.000, -0.000, 1.423]
- Rotation: in RPY (degree) [0.000, -0.000, 81.512]
- Matrix:
  0.148 -0.989  0.000  6.122
  0.989  0.148  0.000 11.026
  0.000  0.000  1.000  0.000
  0.000  0.000  0.000  1.000
At time 1779613412.418779538
- Translation: [6.119, 11.031, 0.000]
- Rotation: in Quaternion (xyzw) [0.000, 0.000, 0.653, 0.757]
- Rotation: in RPY (radian) [0.000, -0.000, 1.423]
- Rotation: in RPY (degree) [0.000, -0.000, 81.527]
- Matrix:
  0.147 -0.989  0.000  6.119
  0.989  0.147  0.000 11.031
  0.000  0.000  1.000  0.000
  0.000  0.000  0.000  1.000
At time 1779613413.428440791
- Translation: [6.123, 11.026, 0.000]
- Rotation: in Quaternion (xyzw) [0.000, 0.000, 0.653, 0.758]
- Rotation: in RPY (radian) [0.000, -0.000, 1.422]
- Rotation: in RPY (degree) [0.000, -0.000, 81.503]
- Matrix:
  0.148 -0.989  0.000  6.123
  0.989  0.148  0.000 11.026
  0.000  0.000  1.000  0.000
  0.000  0.000  0.000  1.000
At time 1779613414.426158283
- Translation: [6.126, 11.028, 0.000]
- Rotation: in Quaternion (xyzw) [0.000, 0.000, 0.653, 0.758]
- Rotation: in RPY (radian) [0.000, -0.000, 1.422]
- Rotation: in RPY (degree) [0.000, -0.000, 81.474]
- Matrix:
  0.148 -0.989  0.000  6.126
  0.989  0.148  0.000 11.028
  0.000  0.000  1.000  0.000
  0.000  0.000  0.000  1.000
At time 1779613415.421696907
- Translation: [6.121, 11.029, 0.000]
- Rotation: in Quaternion (xyzw) [0.000, 0.000, 0.653, 0.757]
- Rotation: in RPY (radian) [0.000, -0.000, 1.423]
- Rotation: in RPY (degree) [0.000, -0.000, 81.512]
- Matrix:
  0.148 -0.989  0.000  6.121
  0.989  0.148  0.000 11.029
  0.000  0.000  1.000  0.000
  0.000  0.000  0.000  1.000
At time 1779613416.419154724
- Translation: [6.121, 11.026, 0.000]
- Rotation: in Quaternion (xyzw) [0.000, 0.000, 0.653, 0.757]
- Rotation: in RPY (radian) [0.000, -0.000, 1.423]
- Rotation: in RPY (degree) [0.000, -0.000, 81.525]
- Matrix:
  0.147 -0.989  0.000  6.121
  0.989  0.147  0.000 11.026
  0.000  0.000  1.000  0.000
  0.000  0.000  0.000  1.000
At time 1779613417.444323866
- Translation: [6.125, 11.034, 0.000]
- Rotation: in Quaternion (xyzw) [0.000, 0.000, 0.653, 0.757]
- Rotation: in RPY (radian) [0.000, -0.000, 1.423]
- Rotation: in RPY (degree) [0.000, -0.000, 81.514]
- Matrix:
  0.148 -0.989  0.000  6.125
  0.989  0.148  0.000 11.034
  0.000  0.000  1.000  0.000
  0.000  0.000  0.000  1.000
At time 1779613418.428401376
- Translation: [6.125, 11.028, 0.000]
- Rotation: in Quaternion (xyzw) [0.000, 0.000, 0.653, 0.758]
- Rotation: in RPY (radian) [0.000, -0.000, 1.422]
- Rotation: in RPY (degree) [0.000, -0.000, 81.487]
- Matrix:
  0.148 -0.989  0.000  6.125
  0.989  0.148  0.000 11.028
  0.000  0.000  1.000  0.000
  0.000  0.000  0.000  1.000
At time 1779613419.431956008
- Translation: [6.126, 11.037, 0.000]
- Rotation: in Quaternion (xyzw) [0.000, 0.000, 0.653, 0.758]
- Rotation: in RPY (radian) [0.000, -0.000, 1.422]
- Rotation: in RPY (degree) [0.000, -0.000, 81.483]
- Matrix:
  0.148 -0.989  0.000  6.126
  0.989  0.148  0.000 11.037
  0.000  0.000  1.000  0.000
  0.000  0.000  0.000  1.000
At time 1779613420.459225969
- Translation: [6.125, 11.034, 0.000]
- Rotation: in Quaternion (xyzw) [0.000, 0.000, 0.653, 0.758]
- Rotation: in RPY (radian) [0.000, -0.000, 1.422]
- Rotation: in RPY (degree) [0.000, -0.000, 81.474]
- Matrix:
  0.148 -0.989  0.000  6.125
  0.989  0.148  0.000 11.034
  0.000  0.000  1.000  0.000
  0.000  0.000  0.000  1.000
[INFO] [1779613421.090091223] [rclcpp]: signal_handler(SIGINT/SIGTERM)
